Time,inertial-6253.76535:estCompensatedAccelX,inertial-6253.76535:estCompensatedAccelX:valid,inertial-6253.76535:estCompensatedAccelY,inertial-6253.76535:estCompensatedAccelY:valid,inertial-6253.76535:estCompensatedAccelZ,inertial-6253.76535:estCompensatedAccelZ:valid,inertial-6253.76535:estAngularRateX,inertial-6253.76535:estAngularRateX:valid,inertial-6253.76535:estAngularRateY,inertial-6253.76535:estAngularRateY:valid,inertial-6253.76535:estAngularRateZ,inertial-6253.76535:estAngularRateZ:valid,inertial-6253.76535:estRoll,inertial-6253.76535:estRoll:valid,inertial-6253.76535:estPitch,inertial-6253.76535:estPitch:valid,inertial-6253.76535:estYaw,inertial-6253.76535:estYaw:valid
0,-5.163020611,1,-0.639904022,1,-8.35697937,1,-0.004923024,1,0.000676242,1,0.004903052,1,0.07503096,1,-0.551190078,1,0.245590732,1
0.004001792,-5.161633492,1,-0.651655614,1,-8.33769989,1,-0.004556213,1,-0.002794138,1,0.006298022,1,0.075003415,1,-0.551204324,1,0.24560912,1
0.007999744,-5.167662144,1,-0.630171537,1,-8.351759911,1,-0.003191891,1,0.000536655,1,0.000739249,1,0.07497941,1,-0.551212728,1,0.245632723,1
0.011999232,-5.133232594,1,-0.629237354,1,-8.330541611,1,-0.004474191,1,0.000982862,1,0.007324406,1,0.074955784,1,-0.551220059,1,0.245654523,1
0.016001023,-5.147695065,1,-0.659185886,1,-8.331104279,1,-0.004792404,1,-0.006255801,1,0.000327981,1,0.074927159,1,-0.551230252,1,0.245669574,1
0.01999872,-5.155147076,1,-0.65405196,1,-8.320311546,1,-0.004332552,1,-0.00233588,1,0.004860707,1,0.07490246,1,-0.551244617,1,0.245692298,1
0.023998208,-5.166935444,1,-0.654589236,1,-8.359530449,1,-0.006403774,1,-4.84E-05,1,0.001787409,1,0.074878454,1,-0.551251948,1,0.245709866,1
0.028000001,-5.154197216,1,-0.645986736,1,-8.329112053,1,-0.005283439,1,-0.002963015,1,0.005939881,1,0.074854165,1,-0.55126369,1,0.245724857,1
0.031997953,-5.156777382,1,-0.659922361,1,-8.330429077,1,-0.0042731,1,0.00096618,1,0.00705886,1,0.074826173,1,-0.551268101,1,0.245744154,1
0.035997439,-5.149774075,1,-0.695579767,1,-8.350253105,1,-0.006455195,1,-0.004019119,1,0.003642958,1,0.074797623,1,-0.551277637,1,0.245771319,1
0.039999232,-5.171747208,1,-0.672745943,1,-8.314605713,1,-0.006098781,1,-0.001872308,1,0.006676085,1,0.074765407,1,-0.551285684,1,0.245798871,1
0.043996926,-5.14879179,1,-0.690556765,1,-8.322433472,1,-0.004973014,1,-0.003248611,1,0.006493049,1,0.074725807,1,-0.551288068,1,0.245832816,1
0.047996674,-5.161437988,1,-0.616951466,1,-8.322612762,1,-0.005383681,1,-0.002661677,1,0.007360872,1,0.074691333,1,-0.551301003,1,0.245864317,1
0.051998463,-5.132476807,1,-0.647102654,1,-8.391616821,1,-0.00871385,1,0.00063893,1,0.005399,1,0.074650764,1,-0.55129987,1,0.245900527,1
0.055996161,-5.139501572,1,-0.692930877,1,-8.311850548,1,-0.007187119,1,-0.000591448,1,0.004419248,1,0.074605152,1,-0.551298618,1,0.245927975,1
0.059995905,-5.147738457,1,-0.671848953,1,-8.360563278,1,-0.004086034,1,-0.000572604,1,0.004541864,1,0.07456439,1,-0.551306307,1,0.245964155,1
0.06399744,-5.115402222,1,-0.598255038,1,-8.349647522,1,-0.008431432,1,-0.004831563,1,0.006291368,1,0.07452292,1,-0.551312864,1,0.245992243,1
0.068001024,-5.151145935,1,-0.548962235,1,-8.364571571,1,-0.005418434,1,-0.001908809,1,0.004016744,1,0.074480057,1,-0.551326692,1,0.246024027,1
0.072000764,-5.171602249,1,-0.611818671,1,-8.351311684,1,-0.002447229,1,0.000452445,1,0.002537346,1,0.074448369,1,-0.551336825,1,0.246043369,1
0.076002307,-5.152079105,1,-0.609514117,1,-8.326265335,1,-0.002829489,1,-0.002734423,1,0.00231293,1,0.07443855,1,-0.551338553,1,0.246054932,1
0.080000259,-5.182709217,1,-0.629896104,1,-8.351387024,1,-0.000458795,1,-0.002666249,1,0.002459778,1,0.074429572,1,-0.551351547,1,0.246066168,1
0.083999999,-5.154511929,1,-0.642119765,1,-8.332137108,1,0.000446986,1,7.42E-06,1,0.001108269,1,0.074419208,1,-0.551361144,1,0.246078327,1
0.088001534,-5.137397289,1,-0.656426013,1,-8.348279953,1,-0.004553779,1,-0.002139633,1,0.000564423,1,0.074412465,1,-0.551361799,1,0.246085972,1
0.091999486,-5.162985802,1,-0.682693958,1,-8.351196289,1,0.000398573,1,-0.002925628,1,0.004213331,1,0.074403949,1,-0.551368713,1,0.246092796,1
0.095998973,-5.171248436,1,-0.635881245,1,-8.346225739,1,-0.002095366,1,-0.001797428,1,0.003990618,1,0.074390277,1,-0.551374674,1,0.246105999,1
0.100000769,-5.121333122,1,-0.663329661,1,-8.314077377,1,-0.006107128,1,-0.003909733,1,0.004892364,1,0.074367866,1,-0.55138284,1,0.246122092,1
0.103998721,-5.145297527,1,-0.679405212,1,-8.332010269,1,-0.004772767,1,-0.003628224,1,0.003302602,1,0.074347556,1,-0.551391602,1,0.246140197,1
0.107998461,-5.168544769,1,-0.666017413,1,-8.35963726,1,-0.001651346,1,0.001139094,1,0.005522354,1,0.074318729,1,-0.551399052,1,0.246159762,1
0.112000257,-5.146233082,1,-0.619972289,1,-8.334519386,1,-0.00205489,1,0.001622996,1,0.001265986,1,0.074298069,1,-0.551400244,1,0.246172339,1
0.115998209,-5.13532114,1,-0.594168603,1,-8.344089508,1,-0.003541868,1,0.001272757,1,0.002522257,1,0.074278831,1,-0.551397443,1,0.246183708,1
0.119997695,-5.15147543,1,-0.638456821,1,-8.340528488,1,-0.00183632,1,-0.000537873,1,0.002493299,1,0.074268147,1,-0.551389813,1,0.24619922,1
0.123999491,-5.170495033,1,-0.612186551,1,-8.307437897,1,0.001143692,1,0.003048849,1,0.000755742,1,0.074255466,1,-0.551382363,1,0.24621661,1
0.12799719,-5.119747162,1,-0.624361455,1,-8.313239098,1,-0.004826288,1,0.00424041,1,0.004003255,1,0.074247845,1,-0.551372647,1,0.246224523,1
0.131996676,-5.166187763,1,-0.613638937,1,-8.3259058,1,0.001502478,1,0.002790168,1,0.000577878,1,0.074243784,1,-0.551361799,1,0.246237099,1
0.135998458,-5.12024498,1,-0.613025367,1,-8.327476501,1,0.002948631,1,0.001589102,1,-0.001865278,1,0.074238434,1,-0.551358044,1,0.246242106,1
0.139996156,-5.165839195,1,-0.659222245,1,-8.343460083,1,-0.000680916,1,0.005567596,1,0.004737593,1,0.07423988,1,-0.551343799,1,0.246242106,1
0.143995911,-5.132017136,1,-0.625121534,1,-8.346024513,1,0.000754645,1,0.00640475,1,-0.000219086,1,0.07424821,1,-0.551325262,1,0.246247977,1
0.147997692,-5.140942097,1,-0.660381317,1,-8.317755699,1,-0.000878405,1,0.002032735,1,9.03E-06,1,0.074246526,1,-0.55131191,1,0.246247977,1
0.151995391,-5.140138149,1,-0.68973732,1,-8.33300209,1,0.001231581,1,0.003815105,1,-0.000745822,1,0.074246995,1,-0.551296473,1,0.246254519,1
0.155995131,-5.136396885,1,-0.644727349,1,-8.318412781,1,-0.002321179,1,0.002764906,1,-0.001054915,1,0.074240252,1,-0.55128628,1,0.24626556,1
0.159996927,-5.188310146,1,-0.645451307,1,-8.331017494,1,0.000787583,1,0.006686435,1,0.001202762,1,0.074229762,1,-0.551268816,1,0.246272013,1
0.163994879,-5.172252178,1,-0.638242304,1,-8.330954552,1,-0.001359703,1,0.005450328,1,-0.000521746,1,0.074225612,1,-0.551248431,1,0.246275559,1
0.167994618,-5.140232563,1,-0.639624953,1,-8.3446064,1,0.002442831,1,0.004418473,1,-0.000626798,1,0.074218981,1,-0.551226497,1,0.246277139,1
0.171996161,-5.13515377,1,-0.679658115,1,-8.326435089,1,0.001216425,1,0.007377717,1,0.002362381,1,0.074214563,1,-0.55119437,1,0.246282265,1
0.17599386,-5.187093735,1,-0.674671233,1,-8.334580421,1,0.000174244,1,0.007807955,1,-0.002605745,1,0.07421533,1,-0.55117017,1,0.246282265,1
0.1799936,-5.154983997,1,-0.655494332,1,-8.331816673,1,-0.000850742,1,0.012326513,1,0.000728312,1,0.074205525,1,-0.551136494,1,0.246290147,1
0.183995396,-5.18878746,1,-0.645797968,1,-8.297810555,1,-0.002964301,1,0.009616675,1,0.00019027,1,0.074187517,1,-0.551098585,1,0.246297449,1
0.187999234,-5.249491215,1,-0.629681766,1,-8.309037209,1,-0.000975484,1,0.01278287,1,-0.001708354,1,0.07418523,1,-0.551050305,1,0.24629961,1
0.191998973,-5.286012173,1,-0.621445119,1,-8.247501373,1,-0.000159795,1,0.018197415,1,0.003280059,1,0.074176185,1,-0.550978363,1,0.246305689,1
0.196000516,-5.159939766,1,-0.686344981,1,-8.228386879,1,0.000183737,1,0.027943337,1,-0.003788539,1,0.074171484,1,-0.550886095,1,0.24630776,1
0.199998215,-5.052050114,1,-0.654528022,1,-8.365801811,1,-0.00163897,1,0.020963771,1,0.000389687,1,0.074164197,1,-0.550786495,1,0.246314704,1
0.203997701,-5.175789833,1,-0.580607474,1,-8.354845047,1,-0.002730242,1,0.023815647,1,-0.000680781,1,0.074196339,1,-0.550715327,1,0.246272504,1
0.207999483,-5.250422955,1,-0.661827743,1,-8.379476547,1,-0.000413735,1,0.025657488,1,-0.003033343,1,0.074208654,1,-0.550589621,1,0.246086225,1
0.211997181,-5.163205147,1,-0.608918488,1,-8.357037544,1,-0.000923869,1,0.028865477,1,-0.001879949,1,0.074204423,1,-0.550484419,1,0.246086881,1
0.215996668,-5.158379555,1,-0.564317226,1,-8.377864838,1,0.002843149,1,0.027571311,1,-0.003074025,1,0.07421127,1,-0.550380051,1,0.246084079,1
0.219998464,-5.184720039,1,-0.564649403,1,-8.370586395,1,0.002616271,1,0.030511193,1,-0.004538923,1,0.074212842,1,-0.550275385,1,0.246091694,1
0.223996162,-5.203246593,1,-0.503320396,1,-8.356620789,1,0.007182176,1,0.033445951,1,-0.007184194,1,0.074237898,1,-0.550154209,1,0.246075585,1
0.227995649,-5.254518509,1,-0.495823771,1,-8.329516411,1,0.009071012,1,0.035788525,1,-0.009267012,1,0.074287921,1,-0.550025523,1,0.246041834,1
0.231997445,-5.253156662,1,-0.500971854,1,-8.292284012,1,0.013856462,1,0.038297534,1,-0.01053966,1,0.074352473,1,-0.549874246,1,0.246002555,1
0.235995129,-5.26232481,1,-0.531611264,1,-8.271845818,1,0.01666148,1,0.045733366,1,-0.01712819,1,0.07443694,1,-0.549703956,1,0.245953172,1
0.239995137,-5.197684765,1,-0.596203208,1,-8.274115562,1,0.019936446,1,0.052663285,1,-0.015335934,1,0.074545264,1,-0.549511373,1,0.245884091,1
0.243996933,-5.069223881,1,-0.55913955,1,-8.323051453,1,0.02192924,1,0.048990764,1,-0.019147862,1,0.074667186,1,-0.54930985,1,0.24581176,1
0.247994617,-5.035996437,1,-0.560252607,1,-8.394052505,1,0.022038497,1,0.049599923,1,-0.020229442,1,0.07480403,1,-0.549107492,1,0.245739669,1
0.251994371,-5.017893791,1,-0.681208014,1,-8.324206352,1,0.023520868,1,0.049246244,1,-0.019117888,1,0.074927926,1,-0.54890722,1,0.245676279,1
0.255995899,-5.088798523,1,-0.728539526,1,-8.243727684,1,0.022292212,1,0.046912026,1,-0.016123405,1,0.075062916,1,-0.54871279,1,0.245601162,1
0.259993613,-5.152123928,1,-0.68843776,1,-8.276799202,1,0.021005599,1,0.047424335,1,-0.01701168,1,0.075162895,1,-0.548517406,1,0.245538846,1
0.263993353,-5.046584129,1,-0.608196735,1,-8.309113503,1,0.020597009,1,0.049634349,1,-0.015998837,1,0.075277701,1,-0.548318863,1,0.245478466,1
0.267994881,-4.962980747,1,-0.641306162,1,-8.314971924,1,0.020671692,1,0.046739776,1,-0.015243189,1,0.075396806,1,-0.548121095,1,0.245424584,1
0.271992832,-4.915792465,1,-0.699133217,1,-8.321673393,1,0.017177226,1,0.039806284,1,-0.013377702,1,0.075509861,1,-0.547944069,1,0.245367989,1
0.275992334,-4.956190109,1,-0.818122327,1,-8.382668495,1,0.017007003,1,0.034718703,1,-0.003546682,1,0.075604439,1,-0.547796369,1,0.245327652,1
0.279993862,-4.965125561,1,-0.83248049,1,-8.330935478,1,0.011522164,1,0.029122852,1,-0.009262927,1,0.075679891,1,-0.547661841,1,0.245304346,1
0.283991545,-5.101983547,1,-0.839867651,1,-8.329059601,1,0.008627325,1,0.027648227,1,0.000562408,1,0.075726464,1,-0.547545373,1,0.245297089,1
0.287991285,-5.082952499,1,-0.713539422,1,-8.308582306,1,0.004401693,1,0.026148241,1,-0.00139353,1,0.07576488,1,-0.547440529,1,0.245292157,1
0.291992843,-5.204698563,1,-0.67011416,1,-8.356337547,1,0.005395498,1,0.024882698,1,-0.001997566,1,0.075783968,1,-0.547335982,1,0.24528949,1
0.295990795,-5.186886311,1,-0.645366311,1,-8.389975548,1,0.006823895,1,0.027062971,1,-0.004615553,1,0.07581342,1,-0.547226906,1,0.24528423,1
0.299990267,-5.143928051,1,-0.685251653,1,-8.389793396,1,0.005502903,1,0.031094607,1,-0.002772341,1,0.075840689,1,-0.547109842,1,0.245286748,1
0.303992063,-5.128112316,1,-0.761570513,1,-8.42340374,1,0.005890608,1,0.028344724,1,0.001090438,1,0.075866044,1,-0.546996534,1,0.245284617,1
0.307989746,-5.11415863,1,-0.67293644,1,-8.428966522,1,0.004031491,1,0.023647778,1,-0.001058205,1,0.075884856,1,-0.54688853,1,0.24528785,1
0.311995387,-5.083528996,1,-0.73006165,1,-8.410733223,1,-0.000290215,1,0.021888664,1,0.00297154,1,0.075893179,1,-0.546787441,1,0.245296106,1
0.315997183,-5.128697395,1,-0.612662673,1,-8.43789959,1,0.002436361,1,0.022510914,1,0.001367232,1,0.075895138,1,-0.546694994,1,0.245310068,1
0.319995135,-5.137206078,1,-0.632917225,1,-8.431689262,1,0.007145901,1,0.02471566,1,0.002376736,1,0.075893357,1,-0.546610534,1,0.245332524,1
0.323994637,-5.091025352,1,-0.653191924,1,-8.418876648,1,0.002279334,1,0.021269372,1,-0.00367651,1,0.075909823,1,-0.546524763,1,0.245333597,1
0.327996403,-5.155546665,1,-0.588241339,1,-8.451827049,1,0.006713168,1,0.015804939,1,-0.004232906,1,0.075934835,1,-0.546449482,1,0.245326057,1
0.331994116,-5.079393864,1,-0.66903764,1,-8.429869652,1,0.007262026,1,0.016552968,1,-0.000943203,1,0.075965732,1,-0.546375513,1,0.245325699,1
0.335993856,-5.111970901,1,-0.615850925,1,-8.421780586,1,0.004581403,1,0.013076461,1,-0.005480202,1,0.075995289,1,-0.546308756,1,0.245314389,1
0.339995652,-5.109684944,1,-0.586250842,1,-8.419979095,1,0.006714717,1,0.013149309,1,-0.002789083,1,0.076029837,1,-0.546254039,1,0.245305568,1
0.343993336,-5.082309723,1,-0.683968246,1,-8.421338081,1,0.004344734,1,0.014697585,1,0.001715973,1,0.076061741,1,-0.54619801,1,0.245305195,1
0.347993076,-5.073921204,1,-0.642719865,1,-8.423009872,1,0.007512731,1,0.007493486,1,-0.00260578,1,0.076090232,1,-0.546157897,1,0.245302111,1
0.351994872,-5.073499203,1,-0.634515285,1,-8.42195034,1,0.009550411,1,0.01145256,1,-0.00307927,1,0.076123051,1,-0.54610914,1,0.245296329,1
0.355992585,-5.051126957,1,-0.586032152,1,-8.386352539,1,0.008074865,1,0.006006144,1,-0.004876981,1,0.076164246,1,-0.546076179,1,0.245285973,1
0.359992325,-5.079787254,1,-0.569196403,1,-8.371360779,1,0.011424955,1,0.009435577,1,-0.005149468,1,0.076210946,1,-0.546038747,1,0.245270297,1
0.363993853,-5.104528427,1,-0.602943182,1,-8.369674683,1,0.013058051,1,0.008540768,1,-0.005993296,1,0.07626123,1,-0.546002746,1,0.245252818,1
0.367991805,-5.107023716,1,-0.643604875,1,-8.334704399,1,0.013129472,1,0.008119354,1,-0.005973781,1,0.076317802,1,-0.545968115,1,0.245228291,1
0.371991545,-5.141475677,1,-0.61047554,1,-8.325744629,1,0.006978319,1,0.013401911,1,-0.006977159,1,0.076368049,1,-0.545916319,1,0.245207742,1
0.375993103,-5.191893578,1,-0.586177766,1,-8.256467819,1,0.013529507,1,0.015332491,1,-0.005764416,1,0.076422758,1,-0.545862854,1,0.245193303,1
0.379990786,-5.073709011,1,-0.574585378,1,-8.286159515,1,0.018973935,1,0.01762614,1,-0.009763818,1,0.076505795,1,-0.545793116,1,0.245158777,1
0.383990258,-5.219232559,1,-0.515142262,1,-8.309804916,1,0.022821613,1,0.017766181,1,-0.008640046,1,0.076603517,1,-0.545729339,1,0.245119676,1
0.387991816,-5.167957306,1,-0.513169646,1,-8.238427162,1,0.034343593,1,0.020149255,1,-0.013925714,1,0.076737531,1,-0.545654356,1,0.245069787,1
0.391989768,-5.077829361,1,-0.558198333,1,-8.314709663,1,0.046406254,1,0.012712486,1,-0.011519458,1,0.07692948,1,-0.54557991,1,0.245016843,1
0.395989239,-5.120705605,1,-0.520955443,1,-8.281289101,1,0.057224628,1,0.011865421,1,-0.010732712,1,0.077164531,1,-0.545533001,1,0.244973555,1
0.399991035,-5.170224667,1,-0.479014844,1,-8.186138153,1,0.069354385,1,0.01082502,1,-0.010385547,1,0.077445179,1,-0.545492232,1,0.244926617,1
0.403988749,-5.213409901,1,-0.535869122,1,-8.172958374,1,0.06962958,1,0.019688608,1,-0.015242742,1,0.077756993,1,-0.545429409,1,0.24487564,1
0.40798822,-5.24518919,1,-0.624595582,1,-8.175695419,1,0.079587601,1,0.028349034,1,-0.011794278,1,0.078092337,1,-0.545328259,1,0.244814754,1
0.411990017,-5.114192009,1,-0.716233075,1,-8.202951431,1,0.090292566,1,0.03398009,1,-0.012534456,1,0.078455947,1,-0.545198858,1,0.244777173,1
0.4159877,-5.145885468,1,-0.717032254,1,-8.172598839,1,0.09396334,1,0.034587037,1,-0.004444215,1,0.078841567,1,-0.5450629,1,0.244752213,1
0.41998747,-5.310136318,1,-0.725536585,1,-8.198485374,1,0.097223617,1,0.045464583,1,-0.004618628,1,0.079235576,1,-0.544903517,1,0.244736388,1
0.423989236,-5.343750954,1,-0.689911127,1,-8.23358345,1,0.097348042,1,0.058313567,1,-0.006896812,1,0.079632774,1,-0.544695199,1,0.244725168,1
0.42798695,-5.371356964,1,-0.651756704,1,-8.201756477,1,0.099878021,1,0.075232491,1,-0.008227163,1,0.080034144,1,-0.544432104,1,0.244709596,1
0.431992829,-5.376228333,1,-0.739078879,1,-8.237123489,1,0.096606985,1,0.086698852,1,-0.010505925,1,0.080439016,1,-0.544114232,1,0.244693428,1
0.435994625,-5.311045647,1,-0.69220978,1,-8.295539856,1,0.094260745,1,0.104142502,1,-0.00869996,1,0.08082816,1,-0.543726385,1,0.244682565,1
0.439992309,-5.343468189,1,-0.706214547,1,-8.300901413,1,0.09660583,1,0.119296975,1,-0.01694105,1,0.081226826,1,-0.543279469,1,0.244667277,1
0.443992078,-5.364155293,1,-0.674830616,1,-8.216474533,1,0.094644733,1,0.13070035,1,-0.011475831,1,0.081614055,1,-0.542783856,1,0.244650826,1
0.447993606,-5.373511791,1,-0.652457535,1,-8.294383049,1,0.086236179,1,0.140487701,1,-0.018730724,1,0.081988305,1,-0.542232931,1,0.244626299,1
0.45199129,-5.392523766,1,-0.663552344,1,-8.278404236,1,0.084892876,1,0.161224291,1,-0.021089364,1,0.082354262,1,-0.541621268,1,0.244585589,1
0.45599103,-5.303977966,1,-0.586947441,1,-8.297688484,1,0.082955144,1,0.171394914,1,-0.025502438,1,0.082727715,1,-0.541011333,1,0.244322345,1
0.459992588,-5.229727745,1,-0.536293149,1,-8.314090729,1,0.081855193,1,0.176176652,1,-0.033278145,1,0.083091602,1,-0.540297449,1,0.244257286,1
0.463990271,-5.224949837,1,-0.574460268,1,-8.327717781,1,0.08408615,1,0.188846707,1,-0.035461187,1,0.083470434,1,-0.539552689,1,0.244165108,1
0.467990011,-5.151799202,1,-0.610852063,1,-8.359506607,1,0.080051713,1,0.187791705,1,-0.036792431,1,0.083852969,1,-0.538784862,1,0.244057819,1
0.471991539,-4.878982067,1,-0.592945397,1,-8.257985115,1,0.082417861,1,0.194998294,1,-0.043628059,1,0.084240228,1,-0.538012266,1,0.243934199,1
0.475989491,-4.474103451,1,-0.636070073,1,-8.35282135,1,0.087584451,1,0.179734841,1,-0.04327758,1,0.084639974,1,-0.537253439,1,0.243807778,1
0.479988992,-4.243021965,1,-0.795037448,1,-8.717017174,1,0.081891842,1,0.154920399,1,-0.037891816,1,0.085033223,1,-0.53656882,1,0.243690476,1
0.483990788,-4.366930008,1,-0.957340717,1,-8.731703758,1,0.071167566,1,0.132835746,1,-0.038004506,1,0.085405074,1,-0.535984814,1,0.243574739,1
0.48798874,-4.653663635,1,-0.973624468,1,-8.682242393,1,0.0574852,1,0.109076522,1,-0.03239616,1,0.085717462,1,-0.535493374,1,0.243456796,1
0.491988212,-4.91084671,1,-0.942456543,1,-8.586820602,1,0.048838116,1,0.09954612,1,-0.030678574,1,0.08599136,1,-0.53506434,1,0.243353561,1
0.495990276,-4.88587141,1,-0.791381121,1,-8.552841187,1,0.049386594,1,0.088363022,1,-0.029450383,1,0.086226612,1,-0.534674466,1,0.243259922,1
0.499988228,-4.708856106,1,-0.666797936,1,-8.639271736,1,0.047206637,1,0.08115124,1,-0.032372419,1,0.086467691,1,-0.534317911,1,0.243157208,1
0.50398773,-4.635900974,1,-0.658384264,1,-8.691352844,1,0.04445539,1,0.065464996,1,-0.029658819,1,0.086715378,1,-0.534017324,1,0.24303934,1
0.507989526,-4.681089878,1,-0.770741642,1,-8.698026657,1,0.045662846,1,0.045580231,1,-0.03268357,1,0.086958289,1,-0.533784509,1,0.242911696,1
0.511987209,-4.854741096,1,-0.876943111,1,-8.581859589,1,0.039260302,1,0.037814781,1,-0.031965319,1,0.087193534,1,-0.533610404,1,0.242781237,1
0.515986681,-4.969824314,1,-0.978341758,1,-8.593073845,1,0.028898278,1,0.030894119,1,-0.026376614,1,0.087394543,1,-0.533471406,1,0.24265328,1
0.519988477,-4.943353653,1,-0.987698376,1,-8.532567978,1,0.0233206,1,0.02898154,1,-0.02720882,1,0.08755596,1,-0.533347785,1,0.242548347,1
0.523986161,-4.840415955,1,-0.954637408,1,-8.56578064,1,0.018583152,1,0.019520519,1,-0.023480967,1,0.087692991,1,-0.53325063,1,0.242455199,1
0.52798593,-4.771738052,1,-0.892014325,1,-8.605340958,1,0.012437668,1,0.009657023,1,-0.020648547,1,0.087792143,1,-0.533180118,1,0.242356792,1
0.531987727,-4.70440197,1,-0.855817676,1,-8.589511871,1,0.008117035,1,-0.006396153,1,-0.017810268,1,0.08787737,1,-0.533164144,1,0.242267102,1
0.53598541,-4.827149391,1,-0.966199458,1,-8.594842911,1,0.000847417,1,-0.014229431,1,-0.01250454,1,0.087940611,1,-0.533202112,1,0.242187589,1
0.53998518,-4.869844437,1,-1.100176334,1,-8.59636879,1,-0.007315156,1,-0.027129048,1,-0.011032491,1,0.087970831,1,-0.533275127,1,0.242120445,1
0.543986678,-4.844118595,1,-1.201740026,1,-8.592132568,1,-0.015689878,1,-0.032958038,1,-0.002411457,1,0.087947808,1,-0.53338182,1,0.242069572,1
0.547984362,-4.809338093,1,-1.182770252,1,-8.627979279,1,-0.030648239,1,-0.045073628,1,0.004342459,1,0.08786089,1,-0.533537626,1,0.242060423,1
0.551990032,-4.822295189,1,-1.150069356,1,-8.624960899,1,-0.039508253,1,-0.058518451,1,0.00902446,1,0.087707423,1,-0.533729017,1,0.242076993,1
0.555991828,-4.799859524,1,-1.08771646,1,-8.573987961,1,-0.048420604,1,-0.065039001,1,0.016151989,1,0.087511986,1,-0.533978343,1,0.242106289,1
0.55998975,-4.832546234,1,-1.17896533,1,-8.608556747,1,-0.066207409,1,-0.076530777,1,0.024120266,1,0.08724317,1,-0.534272909,1,0.24218002,1
0.563989222,-4.712861061,1,-1.055531859,1,-8.734436989,1,-0.065384589,1,-0.092025466,1,0.037161212,1,0.086928032,1,-0.534606278,1,0.242281437,1
0.567991018,-4.626792431,1,-0.941860974,1,-8.712290764,1,-0.077250019,1,-0.105163164,1,0.0357133,1,0.086563379,1,-0.535009086,1,0.242410228,1
0.571989,-4.66712141,1,-1.102706909,1,-8.688768387,1,-0.09204518,1,-0.116234191,1,0.050814036,1,0.086145326,1,-0.535461605,1,0.242560968,1
0.57598871,-4.758376122,1,-1.147910833,1,-8.722491264,1,-0.101750329,1,-0.135912165,1,0.053450767,1,0.085661113,1,-0.535981774,1,0.242747024,1
0.579990268,-4.74805212,1,-1.151663303,1,-8.663391113,1,-0.116230465,1,-0.148411259,1,0.062843271,1,0.085114032,1,-0.536578298,1,0.242967024,1
0.583987951,-4.630930901,1,-1.078449011,1,-8.631971359,1,-0.13131696,1,-0.170947507,1,0.071227819,1,0.084492147,1,-0.53724432,1,0.243216723,1
0.587987483,-4.605515957,1,-0.887884438,1,-8.74612236,1,-0.135875523,1,-0.1916399,1,0.083035164,1,0.083813146,1,-0.537989438,1,0.243503362,1
0.591989219,-4.682409286,1,-0.839615524,1,-8.838719368,1,-0.144486904,1,-0.215518653,1,0.085378818,1,0.083106764,1,-0.538819969,1,0.243805081,1
0.595986962,-4.62410593,1,-0.867254257,1,-8.813298225,1,-0.14966321,1,-0.238514602,1,0.089626893,1,0.082350947,1,-0.539747715,1,0.244128272,1
0.599986672,-4.642539978,1,-0.932118475,1,-8.861412048,1,-0.151657283,1,-0.255735606,1,0.098962873,1,0.081571706,1,-0.540760517,1,0.24446784,1
0.603988469,-4.7858181,1,-1.035846472,1,-8.885313988,1,-0.163950771,1,-0.281344295,1,0.113921627,1,0.080744229,1,-0.541869342,1,0.244855449,1
0.607986152,-4.603770256,1,-1.054086685,1,-8.915079117,1,-0.167938516,1,-0.305179745,1,0.121450774,1,0.079840057,1,-0.543066621,1,0.245286912,1
0.611985683,-4.680803299,1,-1.197225332,1,-8.853321075,1,-0.189378753,1,-0.330274463,1,0.126400366,1,0.078888454,1,-0.544371486,1,0.245749533,1
0.61598748,-4.900635242,1,-1.084605217,1,-8.918782234,1,-0.20080246,1,-0.359392822,1,0.139872789,1,0.077845842,1,-0.545785785,1,0.246250272,1
0.619985163,-4.765196323,1,-1.229633689,1,-8.929551125,1,-0.222296476,1,-0.383666962,1,0.148820058,1,0.076731913,1,-0.54729718,1,0.246781528,1
0.623984873,-4.790243149,1,-0.971699715,1,-8.992917061,1,-0.234435573,1,-0.413636088,1,0.153257892,1,0.075521685,1,-0.548931479,1,0.24735029,1
0.62798667,-4.558682919,1,-1.156066179,1,-9.158756256,1,-0.253501028,1,-0.432106644,1,0.163365811,1,0.074218072,1,-0.550658345,1,0.247957662,1
0.631984413,-4.508716106,1,-1.198113203,1,-9.393209457,1,-0.266581178,1,-0.492340893,1,0.175073534,1,0.07285361,1,-0.55255264,1,0.248588219,1
0.635984123,-4.211354256,1,-0.869361162,1,-9.467794418,1,-0.251714438,1,-0.559072554,1,0.187633917,1,0.071451858,1,-0.554691076,1,0.249269962,1
0.639985681,-3.53294301,1,-0.061330631,1,-10.27460575,1,-0.190098479,1,-0.646250546,1,0.18865867,1,0.070195086,1,-0.557142079,1,0.249960452,1
0.643983364,-4.073720932,1,0.405691624,1,-10.14858627,1,-0.137306556,1,-0.767498434,1,0.188246623,1,0.069213778,1,-0.560023248,1,0.250597388,1
0.647983134,-3.529348612,1,1.226600409,1,-11.6115551,1,0.016474029,1,-0.873208642,1,0.190514863,1,0.068573378,1,-0.563353956,1,0.2512151,1
0.651984632,-1.338007808,1,0.09424071,1,-11.784235,1,0.068964012,1,-1.053838968,1,0.17741926,1,0.068506576,1,-0.567227483,1,0.251778603,1
0.655982614,-2.151700974,1,0.445708334,1,-12.21183395,1,0.159646139,1,-1.322276235,1,0.170943797,1,0.068699285,1,-0.572025299,1,0.25219053,1
0.659982085,-1.728411078,1,-1.475051284,1,-12.74345589,1,0.112523884,1,-1.499531865,1,0.174078792,1,0.069068685,1,-0.577718973,1,0.252575487,1
0.663983643,-1.974459171,1,-0.483877867,1,-13.49584484,1,0.194099903,1,-1.768625259,1,0.148650631,1,0.069532841,1,-0.584246278,1,0.252776384,1
0.667981327,-1.746269822,1,-1.374030352,1,-14.33383274,1,0.196427733,1,-2.020445108,1,0.173591048,1,0.070291467,1,-0.591853321,1,0.252934039,1
0.671986938,-2.757469654,1,-1.656527519,1,-13.56381702,1,0.098904625,1,-2.291970968,1,0.159932062,1,0.070825398,1,-0.600514889,1,0.253041595,1
0.675988734,-1.194655061,1,-1.247031212,1,-12.7410841,1,0.151511803,1,-2.551724195,1,0.187562197,1,0.071314916,1,-0.610206306,1,0.253000468,1
0.679986715,-3.184051037,1,-1.427094936,1,-12.7772274,1,0.136312321,1,-2.810953617,1,0.268921852,1,0.07176549,1,-0.620991766,1,0.253171623,1
0.683986187,-5.7024827,1,-2.965065956,1,-13.64200783,1,0.037946738,1,-3.016559839,1,0.392995447,1,0.071775906,1,-0.632729292,1,0.253780276,1
0.687987983,-2.540998697,1,-2.246330738,1,-13.40699768,1,0.143474951,1,-3.141262054,1,0.372388005,1,0.07156609,1,-0.645091057,1,0.254601091,1
0.691985667,-4.662200928,1,-4.162212372,1,-13.50278759,1,0.149449989,1,-3.424654961,1,0.54120928,1,0.071569569,1,-0.658339202,1,0.255658925,1
0.695985138,-8.808107376,1,-6.827556133,1,-14.33668613,1,-0.024910474,1,-3.465041876,1,0.8035478,1,0.070463181,1,-0.672379494,1,0.257858604,1
0.699986935,-5.662219524,1,-6.740143299,1,-12.48428059,1,-0.08182805,1,-3.407195807,1,0.864636958,1,0.068256252,1,-0.686278582,1,0.260940641,1
0.703984618,-6.792677879,1,-6.722079277,1,-12.54295731,1,-0.102549091,1,-3.562166691,1,0.968783319,1,0.065685332,1,-0.700407088,1,0.264442772,1
0.707984149,-10.52762604,1,-6.316139698,1,-12.87935734,1,-0.196332723,1,-3.508093357,1,1.110130668,1,0.06236688,1,-0.714825153,1,0.268475413,1
0.711985946,-11.80237579,1,-5.589745522,1,-13.54398823,1,-0.232248142,1,-3.244469643,1,1.255945683,1,0.058036249,1,-0.728614688,1,0.273681045,1
0.715983629,-9.222594261,1,-5.077662945,1,-12.60126495,1,-0.179278836,1,-3.040416956,1,1.456418157,1,0.052957773,1,-0.741421938,1,0.280013293,1
0.719983339,-9.035409927,1,-5.77642107,1,-10.92165089,1,-0.218509495,1,-2.944690228,1,1.654199481,1,0.046960674,1,-0.753685832,1,0.287708104,1
0.723985136,-9.171812057,1,-6.346092224,1,-11.10402966,1,-0.236884952,1,-2.871886969,1,1.743627548,1,0.040038787,1,-0.765601933,1,0.296411574,1
0.727982819,-11.5384779,1,-5.336925983,1,-12.54908657,1,-0.145327955,1,-2.686908007,1,1.844503284,1,0.032694712,1,-0.777035356,1,0.305803269,1
0.731982589,-11.6766386,1,-5.620026588,1,-11.41487217,1,-0.090327822,1,-2.440776587,1,2.043663979,1,0.024840819,1,-0.787487447,1,0.316337168,1
0.735984147,-8.081087112,1,-6.291709423,1,-10.48301029,1,-0.068181023,1,-2.33647275,1,2.146510601,1,0.01614205,1,-0.79720211,1,0.328058273,1
0.73998183,-7.987951279,1,-5.861400127,1,-11.41342735,1,0.040840171,1,-2.175122023,1,2.226600647,1,0.007189289,1,-0.806337237,1,0.340446472,1
0.743981302,-10.20210934,1,-5.394951344,1,-12.39103508,1,0.005347051,1,-1.803893805,1,2.349287271,1,-0.002314033,1,-0.814384401,1,0.353698134,1
0.74798286,-9.085151672,1,-5.501602173,1,-13.52494907,1,0.088844165,1,-1.359566808,1,2.48687911,1,-0.012521237,1,-0.820620358,1,0.367905587,1
0.751980782,-7.465148449,1,-5.454521179,1,-13.37427044,1,0.154469043,1,-1.004979134,1,2.577744007,1,-0.023039663,1,-0.825141549,1,0.382934153,1
0.755980551,-3.837991476,1,-4.980578423,1,-13.36783028,1,0.281698734,1,-0.71604079,1,2.660746813,1,-0.033680364,1,-0.828241706,1,0.398482203,1
0.759982109,-2.316815376,1,-6.235004902,1,-12.38067436,1,0.42118454,1,-0.605953872,1,2.850679636,1,-0.044374637,1,-0.830437362,1,0.414956868,1
0.763979793,-1.680882692,1,-5.376793861,1,-11.06716919,1,0.372130424,1,-0.516110659,1,2.965575695,1,-0.055669166,1,-0.832072675,1,0.432442307,1
0.767979264,-4.092603683,1,-2.31959343,1,-11.83357143,1,0.62284863,1,-0.417715222,1,2.884600878,1,-0.066847824,1,-0.833247185,1,0.449995339,1
0.771980822,-6.587044716,1,-4.409150124,1,-12.40010452,1,1.120069265,1,-0.165011972,1,2.830354929,1,-0.075943701,1,-0.833643615,1,0.467073739,1
0.775978506,-4.416007042,1,-5.767316818,1,-13.12986755,1,1.301455379,1,0.23255682,1,2.766337156,1,-0.083354458,1,-0.832627773,1,0.483681709,1
0.779978216,-1.389311552,1,-6.133621216,1,-12.79919529,1,1.49941957,1,0.586834013,1,2.63685298,1,-0.089424528,1,-0.830025136,1,0.499444485,1
0.783980012,1.120915174,1,-7.057427883,1,-11.78034401,1,1.665863752,1,0.760963738,1,2.544608355,1,-0.094012551,1,-0.826348603,1,0.514313936,1
0.787977755,3.09194541,1,-7.741097927,1,-10.46105385,1,1.706414938,1,0.801115513,1,2.477560759,1,-0.097742319,1,-0.822250724,1,0.528598905,1
0.791983366,4.177611351,1,-8.081606865,1,-9.684089661,1,1.777356505,1,0.7817927,1,2.375656128,1,-0.100804031,1,-0.818121552,1,0.542306304,1
0.795985162,3.876415014,1,-8.941338539,1,-9.375104904,1,1.84683907,1,0.746210635,1,2.272054911,1,-0.103061527,1,-0.814142346,1,0.555357039,1
0.799982846,3.322312355,1,-9.517613411,1,-9.456003189,1,1.836240888,1,0.764817655,1,2.151865005,1,-0.104643628,1,-0.810221255,1,0.567702889,1
0.803982317,2.81084156,1,-9.619628906,1,-9.582024574,1,1.775897264,1,0.816066027,1,1.997799873,1,-0.105720967,1,-0.806207061,1,0.57918638,1
0.807984114,2.371756315,1,-9.44274807,1,-9.74720192,1,1.720057845,1,0.896601677,1,1.814846992,1,-0.106227577,1,-0.801999331,1,0.589602947,1
0.811981797,1.973031044,1,-8.937990189,1,-9.9053936,1,1.679890156,1,0.978136182,1,1.600730062,1,-0.106023394,1,-0.797543645,1,0.59879601,1
0.815981567,1.726027608,1,-8.479224205,1,-9.899492264,1,1.684702158,1,1.064673901,1,1.375258565,1,-0.104913533,1,-0.79284966,1,0.60663712,1
0.819983363,1.413912177,1,-8.06791687,1,-9.949313164,1,1.710594773,1,1.155476332,1,1.122726917,1,-0.102680013,1,-0.787908435,1,0.613040686,1
0.823981047,1.332127929,1,-7.88295126,1,-9.935565948,1,1.751987696,1,1.253034472,1,0.86528933,1,-0.099223822,1,-0.782708704,1,0.617944419,1
0.827980816,1.456126094,1,-7.703341484,1,-9.824379921,1,1.780557156,1,1.333868742,1,0.615200043,1,-0.094589703,1,-0.777276754,1,0.621384501,1
0.831982315,1.597759485,1,-7.486442566,1,-9.689573288,1,1.795454621,1,1.398523092,1,0.364233285,1,-0.088859677,1,-0.771656573,1,0.62340945,1
0.835980058,1.773430824,1,-7.408176899,1,-9.47395134,1,1.793230295,1,1.436521769,1,0.126336828,1,-0.082149312,1,-0.765918732,1,0.624093413,1
0.839979768,1.828326225,1,-7.28717947,1,-9.360595703,1,1.787032127,1,1.460988879,1,-0.10107246,1,-0.074595161,1,-0.760127723,1,0.623528361,1
0.843981326,1.754763126,1,-7.124948978,1,-9.230914116,1,1.763543367,1,1.474114895,1,-0.318091691,1,-0.066296279,1,-0.754338086,1,0.621797025,1
0.847979248,1.552341461,1,-6.824623585,1,-9.1624403,1,1.729646802,1,1.480858922,1,-0.526459336,1,-0.057399731,1,-0.748541474,1,0.618988752,1
0.851978779,1.236706972,1,-6.519585609,1,-9.162157059,1,1.692507863,1,1.483965516,1,-0.721513033,1,-0.047964834,1,-0.742749035,1,0.615167856,1
0.855980515,0.9166857,1,-6.087551594,1,-9.148558617,1,1.648872256,1,1.487357616,1,-0.916211426,1,-0.038057923,1,-0.736949205,1,0.610372722,1
0.859978497,0.562162459,1,-5.624356747,1,-9.151175499,1,1.605813026,1,1.494360566,1,-1.098816633,1,-0.027737848,1,-0.731122315,1,0.604675949,1
0.863977969,0.225070566,1,-5.257619858,1,-9.17441082,1,1.556642771,1,1.50141561,1,-1.270177007,1,-0.017073942,1,-0.725242198,1,0.598147154,1
0.867979527,-0.079119682,1,-4.852127075,1,-9.174034119,1,1.506215215,1,1.510406256,1,-1.434697509,1,-0.0061142,1,-0.719278455,1,0.590842962,1
0.87197721,-0.427987546,1,-4.398155212,1,-9.211239815,1,1.468191385,1,1.518856883,1,-1.577086926,1,0.00509587,1,-0.713224351,1,0.582840025,1
0.875976682,-0.680596292,1,-3.973746538,1,-9.207824707,1,1.428520083,1,1.524944782,1,-1.713025808,1,0.016487928,1,-0.707067788,1,0.57424432,1
0.879978478,-0.934975684,1,-3.52411437,1,-9.20348835,1,1.396610379,1,1.526539087,1,-1.836371541,1,0.028057616,1,-0.700805902,1,0.565106571,1
0.883976221,-1.233046055,1,-3.219511032,1,-9.203766823,1,1.36250484,1,1.529163122,1,-1.953574538,1,0.039762888,1,-0.694435656,1,0.555487096,1
0.887975693,-1.48841083,1,-2.810682297,1,-9.216170311,1,1.337005496,1,1.527741313,1,-2.051791668,1,0.05154901,1,-0.687958717,1,0.545472026,1
0.891977489,-1.685548186,1,-2.334818602,1,-9.223372459,1,1.309035182,1,1.519745469,1,-2.145343542,1,0.063404568,1,-0.681379199,1,0.535091817,1
0.895975173,-1.893477082,1,-1.980296254,1,-9.178048134,1,1.293738127,1,1.50859201,1,-2.23592186,1,0.075320207,1,-0.674734116,1,0.524397314,1
0.899974644,-2.153730631,1,-1.64259088,1,-9.177019119,1,1.284226894,1,1.490809202,1,-2.31685853,1,0.087308347,1,-0.668013334,1,0.513414264,1
0.90397644,-2.409050941,1,-1.332257986,1,-9.209482193,1,1.284217358,1,1.464666009,1,-2.39116931,1,0.099360824,1,-0.661249697,1,0.502206564,1
0.907974124,-2.779192448,1,-1.164848447,1,-9.23687458,1,1.288999677,1,1.442630529,1,-2.451172113,1,0.111482851,1,-0.654439211,1,0.490806937,1
0.911980033,-3.192191362,1,-1.039718509,1,-9.307170868,1,1.294379592,1,1.4186939,1,-2.510919333,1,0.123656601,1,-0.64759618,1,0.479258895,1
0.915981829,-3.633644104,1,-0.928694904,1,-9.363238335,1,1.29318738,1,1.404122949,1,-2.560243368,1,0.13583535,1,-0.640680611,1,0.467588872,1
0.919979513,-4.054875851,1,-0.975282669,1,-9.474634171,1,1.284530401,1,1.391562462,1,-2.61057663,1,0.147991121,1,-0.633677721,1,0.455834985,1
0.923979282,-4.533624649,1,-0.983388841,1,-9.606554031,1,1.278180003,1,1.388341069,1,-2.649101496,1,0.160078853,1,-0.626578271,1,0.44402647,1
0.927981079,-5.085095406,1,-0.994736373,1,-9.727829933,1,1.262037277,1,1.396488667,1,-2.688598633,1,0.17205742,1,-0.619318426,1,0.432200789,1
0.931978762,-5.446763039,1,-1.047316194,1,-9.824531555,1,1.244335771,1,1.404508114,1,-2.730563641,1,0.183915436,1,-0.611882687,1,0.420353293,1
0.935978234,-6.388936043,1,-1.076966405,1,-9.760320663,1,1.21600771,1,1.444626331,1,-2.754410505,1,0.195598245,1,-0.604243934,1,0.408522069,1
0.939979792,-6.660681248,1,-1.227685332,1,-9.862565994,1,1.181080103,1,1.491933942,1,-2.779760838,1,0.207004935,1,-0.5962767,1,0.396808922,1
0.943977714,-7.170592785,1,-1.226869106,1,-9.956620216,1,1.144172668,1,1.550196052,1,-2.802730799,1,0.218134329,1,-0.587975264,1,0.38519913,1
0.947977483,-7.66390419,1,-1.263049126,1,-10.00134277,1,1.09886682,1,1.631196022,1,-2.818953753,1,0.228921771,1,-0.57927531,1,0.373758733,1
0.95197928,-8.00104332,1,-1.256374836,1,-9.922663689,1,1.059253097,1,1.70911634,1,-2.835734844,1,0.239371642,1,-0.570165992,1,0.362493336,1
0.955977201,-8.236759186,1,-1.194051385,1,-9.884740829,1,1.016425848,1,1.783565998,1,-2.841154814,1,0.249463648,1,-0.560602605,1,0.351436764,1
0.959976733,-8.573870659,1,-1.248953104,1,-9.796141624,1,0.971801043,1,1.867248178,1,-2.845801115,1,0.259143293,1,-0.550679803,1,0.340640247,1
0.963978231,-8.732254028,1,-1.376505733,1,-9.664996147,1,0.916476667,1,1.951763153,1,-2.836775064,1,0.26837492,1,-0.540346861,1,0.330136955,1
0.967975914,-8.760429382,1,-1.338397026,1,-9.580424309,1,0.865558267,1,2.019392967,1,-2.822890759,1,0.277133852,1,-0.529641092,1,0.319960713,1
0.971975446,-8.886774063,1,-1.357028484,1,-9.428898811,1,0.804169118,1,2.08127141,1,-2.805847645,1,0.285414517,1,-0.518637359,1,0.310109735,1
0.975977242,-8.994616508,1,-1.433500648,1,-9.301186562,1,0.738556564,1,2.134552956,1,-2.771428823,1,0.293170571,1,-0.507374525,1,0.300600588,1
0.979974926,-9.016467094,1,-1.444639087,1,-9.154607773,1,0.669332445,1,2.179588795,1,-2.735665798,1,0.300376415,1,-0.495891005,1,0.291469187,1
0.983974397,-9.23134613,1,-1.434878707,1,-9.045432091,1,0.594583571,1,2.227713585,1,-2.684572458,1,0.307034731,1,-0.484239638,1,0.282722831,1
0.987976193,-9.382987976,1,-1.429729819,1,-8.812590599,1,0.526197135,1,2.261072874,1,-2.63445425,1,0.313111961,1,-0.472449362,1,0.274394333,1
0.991973877,-9.482156754,1,-1.385489702,1,-8.685922623,1,0.450603187,1,2.292920589,1,-2.571819067,1,0.318622559,1,-0.460553229,1,0.266479164,1
0.995973647,-9.635761261,1,-1.342740893,1,-8.488555908,1,0.373883903,1,2.324138403,1,-2.504625559,1,0.323547721,1,-0.448584378,1,0.259000957,1
0.999975443,-9.677124977,1,-1.298068523,1,-8.328858376,1,0.297826111,1,2.356738329,1,-2.427659988,1,0.327898413,1,-0.436559498,1,0.25198102,1
1.003973126,-9.538396835,1,-1.14588058,1,-8.167286873,1,0.234443724,1,2.385686159,1,-2.34710598,1,0.331691444,1,-0.424492002,1,0.245420486,1
1.007972836,-9.450407028,1,-0.854134977,1,-7.984111786,1,0.181933954,1,2.389778376,1,-2.263767481,1,0.335004181,1,-0.41245237,1,0.239304557,1
1.011974692,-9.349459648,1,-0.573919058,1,-7.836445808,1,0.148526579,1,2.395267248,1,-2.184075832,1,0.337922633,1,-0.400466949,1,0.233599052,1
1.015972376,-9.197965622,1,-0.240377694,1,-7.650553703,1,0.132692531,1,2.391025543,1,-2.112264633,1,0.340534925,1,-0.388574719,1,0.228280187,1
1.019972086,-9.051579475,1,0.0809514,1,-7.505063534,1,0.144131437,1,2.370290279,1,-2.0442698,1,0.342951089,1,-0.376810968,1,0.223276779,1
1.023973942,-8.894948006,1,0.330135286,1,-7.298009872,1,0.163192362,1,2.337379694,1,-1.977687955,1,0.345270336,1,-0.365229666,1,0.218556076,1
1.027971864,-8.751010895,1,0.549674928,1,-7.161159515,1,0.202069134,1,2.30269289,1,-1.925086737,1,0.347573996,1,-0.353846878,1,0.214079291,1
1.031977773,-8.601484299,1,0.645156443,1,-7.01160717,1,0.24491404,1,2.245467186,1,-1.86795485,1,0.349938393,1,-0.342709929,1,0.209802642,1
1.035979509,-8.542966843,1,0.717561841,1,-6.889622688,1,0.300586879,1,2.19724679,1,-1.822155714,1,0.352395296,1,-0.331827641,1,0.205702215,1
1.039977431,-8.422608376,1,0.736092329,1,-6.771292686,1,0.35033223,1,2.133988142,1,-1.777774692,1,0.354958355,1,-0.321212411,1,0.201744109,1
1.043976903,-8.361597061,1,0.876929224,1,-6.738275051,1,0.398238987,1,2.066751957,1,-1.732741117,1,0.357651412,1,-0.310886443,1,0.197902486,1
1.04797852,-8.327999115,1,1.080644011,1,-6.60968256,1,0.448493034,1,1.996508121,1,-1.701361537,1,0.360474169,1,-0.300863147,1,0.194157884,1
1.051976442,-8.443319321,1,1.349504232,1,-6.534133911,1,0.510477364,1,1.927374601,1,-1.673834562,1,0.363461733,1,-0.291139454,1,0.190468535,1
1.055975914,-8.597630501,1,1.531857729,1,-6.401432991,1,0.57241261,1,1.863594174,1,-1.648973227,1,0.36665076,1,-0.281689823,1,0.186821759,1
1.059977531,-8.806765556,1,1.568652153,1,-6.196417809,1,0.626683056,1,1.809850812,1,-1.621981382,1,0.370034277,1,-0.272483975,1,0.183230311,1
1.063975453,-9.018688202,1,1.489249825,1,-5.983010769,1,0.684984982,1,1.763577104,1,-1.595185876,1,0.373594314,1,-0.263490319,1,0.17971313,1
1.067974925,-9.17105484,1,1.498158336,1,-5.820025921,1,0.714222789,1,1.721781492,1,-1.562807202,1,0.377272278,1,-0.254683346,1,0.176274613,1
1.071976662,-9.184538841,1,1.422579646,1,-5.585722923,1,0.735889196,1,1.684043169,1,-1.5284307,1,0.381000787,1,-0.246068388,1,0.172945887,1
1.075974345,-9.169518471,1,1.243355393,1,-5.31253624,1,0.742276013,1,1.643896222,1,-1.486320257,1,0.384727001,1,-0.237641186,1,0.16974099,1
1.079973936,-9.226500511,1,1.326228738,1,-5.067895889,1,0.743080318,1,1.601712584,1,-1.431554198,1,0.388403416,1,-0.229430988,1,0.166700602,1
1.083975673,-9.196446419,1,1.403340697,1,-4.827908516,1,0.738822341,1,1.546064973,1,-1.37422812,1,0.392019421,1,-0.221467108,1,0.163834319,1
1.087973356,-9.141911507,1,1.462882519,1,-4.56797123,1,0.733775616,1,1.495555758,1,-1.297238827,1,0.395550311,1,-0.2137952,1,0.161166623,1
1.091973066,-8.985610962,1,1.656643748,1,-4.32178688,1,0.724843383,1,1.43392992,1,-1.227044106,1,0.398964852,1,-0.206427574,1,0.158726543,1
1.095974922,-8.857449532,1,1.823905468,1,-4.103298664,1,0.716678023,1,1.366657376,1,-1.146796465,1,0.402297288,1,-0.199417725,1,0.156492159,1
1.099972606,-8.82753849,1,2.029527903,1,-3.931073189,1,0.715916812,1,1.292564154,1,-1.064509392,1,0.405554891,1,-0.192804709,1,0.154478967,1
1.103972316,-8.891426086,1,2.153991699,1,-3.779903173,1,0.719593585,1,1.209115148,1,-0.975222945,1,0.408762574,1,-0.186598361,1,0.152690172,1
1.107973933,-8.823848724,1,2.244153976,1,-3.621874332,1,0.711008072,1,1.136471391,1,-0.879358888,1,0.411914229,1,-0.180801749,1,0.151139647,1
1.111971617,-8.82331562,1,2.163360596,1,-3.465704441,1,0.698227048,1,1.065980434,1,-0.778703153,1,0.414964855,1,-0.175426453,1,0.14984709,1
1.115971327,-8.833376884,1,2.075552225,1,-3.313541889,1,0.668301523,1,0.993848681,1,-0.671313405,1,0.417867661,1,-0.170491621,1,0.148834914,1
1.119973063,-8.784380913,1,1.939701796,1,-3.265688181,1,0.62550348,1,0.913003087,1,-0.557181537,1,0.420571208,1,-0.166000351,1,0.148131475,1
1.123971105,-8.75493145,1,1.796714783,1,-3.189562559,1,0.563703597,1,0.834419429,1,-0.429461986,1,0.423020005,1,-0.16199623,1,0.147767127,1
1.127970576,-8.812125206,1,1.71946764,1,-3.177292347,1,0.494599938,1,0.758749366,1,-0.297424048,1,0.425129205,1,-0.158481389,1,0.147750273,1
1.131972075,-8.891989708,1,1.668383002,1,-3.106217623,1,0.409875423,1,0.676311374,1,-0.162563816,1,0.42688185,1,-0.155484915,1,0.148112729,1
1.135969758,-8.975293159,1,1.527203321,1,-3.050377369,1,0.323950529,1,0.599719763,1,-0.027665479,1,0.42824626,1,-0.153001219,1,0.148830563,1
1.139969587,-8.896390915,1,1.40255928,1,-3.051366329,1,0.236658573,1,0.520044506,1,0.108603112,1,0.429209113,1,-0.151034474,1,0.149930179,1
1.143971324,-8.82083416,1,1.220837355,1,-3.100213528,1,0.1418937,1,0.434152901,1,0.235483482,1,0.42975077,1,-0.149581522,1,0.151368454,1
1.147969246,-8.769162178,1,1.149599195,1,-3.142958641,1,0.050607409,1,0.350744724,1,0.357005656,1,0.429874212,1,-0.148653045,1,0.1531194,1
1.151974916,-8.687342644,1,1.077768445,1,-3.162544489,1,-0.026492797,1,0.268006355,1,0.467716902,1,0.429620504,1,-0.148227379,1,0.155149743,1
1.155976415,-8.562839508,1,1.001677036,1,-3.322451591,1,-0.08528395,1,0.171618223,1,0.558633924,1,0.429060698,1,-0.148282453,1,0.157420963,1
1.159974098,-8.366929054,1,0.829713583,1,-3.418287277,1,-0.136272684,1,0.081885181,1,0.638494313,1,0.428264618,1,-0.148815185,1,0.159832433,1
1.163973927,-8.130828857,1,0.520034432,1,-3.5525527,1,-0.173955768,1,-0.014528247,1,0.698460937,1,0.427265197,1,-0.149801061,1,0.162348211,1
1.167975903,-7.882254601,1,0.173809871,1,-3.685034275,1,-0.212228164,1,-0.110333502,1,0.743570924,1,0.426108241,1,-0.1512281,1,0.164907694,1
1.171973944,-7.655086994,1,-0.15472509,1,-3.823953152,1,-0.247793421,1,-0.21350193,1,0.775839508,1,0.424812049,1,-0.153071299,1,0.167440653,1
1.175973415,-7.304592609,1,-0.685961008,1,-4.01499939,1,-0.280362487,1,-0.318734646,1,0.791404128,1,0.423387855,1,-0.155333281,1,0.169894904,1
1.179975152,-7.046404839,1,-1.135501623,1,-4.245332241,1,-0.318330199,1,-0.431746095,1,0.794561803,1,0.421821296,1,-0.158002794,1,0.172208086,1
1.183972836,-6.757405281,1,-1.581027985,1,-4.415431976,1,-0.364542902,1,-0.530181646,1,0.778368652,1,0.420115173,1,-0.161037877,1,0.174323604,1
1.187972665,-6.60350275,1,-1.911476493,1,-4.625835896,1,-0.416669458,1,-0.635376513,1,0.748575747,1,0.418246925,1,-0.164408356,1,0.176196873,1
1.191974401,-6.487587452,1,-2.270895958,1,-4.904567242,1,-0.452651173,1,-0.73626864,1,0.694433212,1,0.416256815,1,-0.168089509,1,0.177747563,1
1.195972085,-6.335587978,1,-2.499763966,1,-5.179260731,1,-0.490818918,1,-0.823484957,1,0.625346184,1,0.414160371,1,-0.172011718,1,0.1789307,1
1.199971795,-6.376196861,1,-2.629121304,1,-5.473209858,1,-0.522685409,1,-0.90814513,1,0.540998876,1,0.41199106,1,-0.176120594,1,0.179700151,1
1.203973651,-6.290066719,1,-2.803900242,1,-5.664590359,1,-0.541661739,1,-0.977161705,1,0.447653294,1,0.409805477,1,-0.180369511,1,0.180010185,1
1.207971334,-6.326038361,1,-2.876901627,1,-5.839205265,1,-0.559725583,1,-1.042795539,1,0.338435709,1,0.407636106,1,-0.184654295,1,0.180016384,1
1.211971045,-6.599596977,1,-2.914951324,1,-6.045729637,1,-0.565346956,1,-1.096717358,1,0.225244462,1,0.405509919,1,-0.189038947,1,0.179346472,1
1.2159729,-6.725229263,1,-3.044061422,1,-6.12788868,1,-0.567945063,1,-1.143339038,1,0.11449194,1,0.403471768,1,-0.193419367,1,0.178179681,1
1.219970822,-6.840801239,1,-3.11073184,1,-6.251445293,1,-0.580973327,1,-1.184138775,1,-0.009807182,1,0.401495725,1,-0.197789893,1,0.176515788,1
1.223970532,-6.97477293,1,-3.226802826,1,-6.297624111,1,-0.604752004,1,-1.222181559,1,-0.107378267,1,0.399547964,1,-0.20213294,1,0.174380273,1
1.22797215,-7.09016943,1,-3.338847399,1,-6.27830267,1,-0.644970596,1,-1.254449129,1,-0.197337866,1,0.39757815,1,-0.206457838,1,0.171833947,1
1.231969833,-7.210274696,1,-3.456054211,1,-6.255851746,1,-0.697812378,1,-1.288537025,1,-0.264401942,1,0.395499885,1,-0.210791051,1,0.168948412,1
1.235969305,-7.33878088,1,-3.434780121,1,-6.25874424,1,-0.787166417,1,-1.323487759,1,-0.309649557,1,0.393200696,1,-0.215176105,1,0.165801689,1
1.239970803,5.848227978,1,-15.85852051,1,-18.32509422,1,-1.44384253,1,-1.310477734,1,-0.365667492,1,0.389945209,1,-0.219594941,1,0.162471682,1
1.243968725,19.81369591,1,-16.03688812,1,-16.50027275,1,-2.11257863,1,-2.005391836,1,0.053590611,1,0.383052409,1,-0.224932194,1,0.159410119,1
1.247968554,-7.834213257,1,-12.81880569,1,-11.15360928,1,-2.329033136,1,-2.478355169,1,0.18315205,1,0.374989271,1,-0.234113887,1,0.15636459,1
1.251970291,13.47607231,1,-17.43617249,1,-16.19456863,1,-2.834678888,1,-1.270133495,1,0.260288715,1,0.365048379,1,-0.241259009,1,0.154339761,1
1.255967975,26.82655716,1,-17.40810013,1,-21.8839016,1,-2.92459774,1,-1.438034058,1,0.652936101,1,0.353565514,1,-0.246720597,1,0.154255673,1
1.259967446,9.503252029,1,-20.47547913,1,-18.70096207,1,-3.425979614,1,-2.188453913,1,0.835338891,1,0.340756714,1,-0.254565895,1,0.154605299,1
1.263969302,4.030379772,1,-14.28972244,1,-14.17653465,1,-3.642551422,1,-2.00509119,1,1.046182394,1,0.326400906,1,-0.263976872,1,0.155350506,1
1.267966986,6.795582771,1,-6.481357574,1,-12.02830601,1,-3.736097097,1,-2.032877922,1,1.151725769,1,0.31110841,1,-0.272777945,1,0.157158643,1
1.271972656,-2.092890263,1,-0.640493691,1,-9.574156761,1,-3.788622618,1,-2.437516928,1,1.126090765,1,0.295547366,1,-0.282722354,1,0.158898652,1
1.275974393,-5.632843494,1,5.568134308,1,-7.329247952,1,-3.491608858,1,-2.566430569,1,1.148159027,1,0.280439496,1,-0.293616593,1,0.160517156,1
1.279972076,-11.12651825,1,8.015885353,1,-7.800681114,1,-3.275003433,1,-2.835297585,1,1.041719556,1,0.266444921,1,-0.305214345,1,0.16188252,1
1.283971786,-13.38882065,1,11.02666378,1,-8.898733139,1,-2.785786152,1,-2.934663296,1,0.915403962,1,0.254011571,1,-0.317365944,1,0.162723213,1
1.287973404,-16.22395897,1,10.20030499,1,-11.67077637,1,-2.314126492,1,-2.961362123,1,0.826092422,1,0.24373804,1,-0.329723179,1,0.163242131,1
1.291971087,-13.20650578,1,10.57839584,1,-15.67147636,1,-1.771945715,1,-2.702261209,1,0.753458858,1,0.235359251,1,-0.341462314,1,0.163600758,1
1.295970798,-12.1355505,1,10.58567333,1,-17.38005447,1,-1.329145551,1,-2.573251009,1,0.72554642,1,0.229058206,1,-0.352439135,1,0.164052755,1
1.299972653,-10.45341873,1,10.56411076,1,-17.0032444,1,-1.082376599,1,-2.309144974,1,0.799511909,1,0.224023983,1,-0.362639129,1,0.164873302,1
1.303970337,-8.964753151,1,8.696761131,1,-15.52060795,1,-0.98589915,1,-2.146567822,1,0.979214728,1,0.219277859,1,-0.372093439,1,0.166500807,1
1.307970047,-9.931242943,1,5.840183735,1,-13.5511446,1,-0.904248893,1,-2.0459764,1,1.181797504,1,0.214559734,1,-0.381212354,1,0.169093624,1
1.311971545,-9.7216959,1,4.114461899,1,-12.48663998,1,-0.845025599,1,-1.877983809,1,1.272066236,1,0.209768027,1,-0.389911652,1,0.17252551,1
1.315969229,-11.9683857,1,1.566361785,1,-11.70980644,1,-0.829476118,1,-1.766539574,1,1.320673347,1,0.204820812,1,-0.398140132,1,0.176447496,1
1.31996882,-13.18358421,1,-0.220692962,1,-11.70585918,1,-0.70148176,1,-1.654664159,1,1.131048679,1,0.200362206,1,-0.40581879,1,0.180177018,1
1.323970318,-12.27190018,1,-0.936405122,1,-10.48318386,1,-0.598692656,1,-1.488135338,1,0.904993176,1,0.196529865,1,-0.412784278,1,0.183220461,1
1.32796824,-9.880553246,1,-2.980037689,1,-9.889665604,1,-0.508134127,1,-1.39321959,1,0.672927916,1,0.193485871,1,-0.419026405,1,0.185339928,1
1.331967711,-9.009720802,1,-4.073786736,1,-8.985775948,1,-0.494459659,1,-1.358041286,1,0.563189745,1,0.190856501,1,-0.424901068,1,0.186837688,1
1.335969329,-6.193914413,1,-4.134334564,1,-8.500189781,1,-0.500980794,1,-1.30785346,1,0.515141487,1,0.188398659,1,-0.430521369,1,0.188030705,1
1.339967012,-5.816599369,1,-2.38044405,1,-8.838981628,1,-0.527443826,1,-1.310611248,1,0.550621212,1,0.185824648,1,-0.436071157,1,0.189258605,1
1.343966484,-5.628045082,1,-1.00227356,1,-8.567519188,1,-0.535766006,1,-1.248996496,1,0.595731914,1,0.183074653,1,-0.441531062,1,0.190700427,1
1.347968221,-5.911408901,1,-0.266136944,1,-8.527459145,1,-0.553128839,1,-1.180403113,1,0.674238026,1,0.180129662,1,-0.446752876,1,0.192505717,1
1.351966262,-7.176789284,1,-0.205868542,1,-8.299365997,1,-0.57407552,1,-1.074324369,1,0.734533012,1,0.176921383,1,-0.451715142,1,0.194698155,1
1.355965734,-7.50258255,1,-1.629213691,1,-7.841609001,1,-0.604389548,1,-0.933204353,1,0.786068618,1,0.173443154,1,-0.456197202,1,0.197255611,1
1.35996747,-7.526505947,1,-2.954954386,1,-7.83686018,1,-0.659523427,1,-0.82115078,1,0.817586303,1,0.169643626,1,-0.460186541,1,0.200130612,1
1.363965392,-6.933661461,1,-5.004389763,1,-7.867101192,1,-0.739477813,1,-0.7247473,1,0.843464494,1,0.165482104,1,-0.463786691,1,0.20320107,1
1.367964983,-6.284020424,1,-5.815287113,1,-8.003410339,1,-0.864838123,1,-0.647355795,1,0.847992539,1,0.160799727,1,-0.467040837,1,0.206454903,1
1.37196672,-5.244056225,1,-6.229054451,1,-8.30032444,1,-0.991544843,1,-0.613433838,1,0.857474864,1,0.155615866,1,-0.470058292,1,0.209763229,1
1.375964642,-4.583329201,1,-4.808700085,1,-8.411298752,1,-1.102386713,1,-0.584564149,1,0.885873318,1,0.149810553,1,-0.472967237,1,0.213237494,1
1.379964471,-4.603831768,1,-3.364590883,1,-9.533564568,1,-1.199271917,1,-0.535509109,1,0.934939206,1,0.143542051,1,-0.47571972,1,0.216915682,1
1.383966208,-5.695469856,1,-0.772460938,1,-9.81069088,1,-1.272895813,1,-0.481324404,1,0.969222844,1,0.136794716,1,-0.478297323,1,0.2208336,1
1.387963891,-5.10452652,1,1.020886183,1,-9.702051163,1,-1.250657082,1,-0.454795033,1,0.965377748,1,0.129855067,1,-0.480638176,1,0.224874094,1
1.391963601,-5.942501545,1,1.633704543,1,-9.624844551,1,-1.231144905,1,-0.46643728,1,0.963898599,1,0.123020649,1,-0.482959747,1,0.228944063,1
1.395971298,-7.276283741,1,2.112038612,1,-10.08084393,1,-1.171327353,1,-0.373051614,1,0.922262371,1,0.116332777,1,-0.48510021,1,0.232960463,1
1.399974942,-6.976273537,1,1.513595104,1,-9.914021492,1,-1.08644402,1,-0.270933181,1,0.860601485,1,0.110040024,1,-0.486785173,1,0.236792549,1
1.403974652,-5.946043968,1,0.744079232,1,-9.851919174,1,-1.010015011,1,-0.2348952,1,0.784520745,1,0.104171991,1,-0.48812592,1,0.240373105,1
1.407976389,-4.717029095,1,0.294404566,1,-9.637955666,1,-0.948514462,1,-0.221096769,1,0.731508255,1,0.098718032,1,-0.489312589,1,0.243683547,1
1.411974192,-4.178256512,1,0.25657326,1,-9.825118065,1,-0.887887955,1,-0.264502436,1,0.663944602,1,0.09359283,1,-0.490542382,1,0.246733487,1
1.415973663,-4.457835674,1,0.729718506,1,-9.924283981,1,-0.837486744,1,-0.282700747,1,0.611897588,1,0.088827454,1,-0.491858482,1,0.249505907,1
1.419975162,-5.218444824,1,1.452978373,1,-9.974220276,1,-0.751338363,1,-0.279515505,1,0.555923402,1,0.084454194,1,-0.493192077,1,0.2520459,1
1.423973083,-5.361087799,1,1.547048926,1,-9.603303909,1,-0.661179066,1,-0.269248635,1,0.508576453,1,0.080547526,1,-0.494476914,1,0.254343688,1
1.427972913,-4.540188789,1,0.86549592,1,-9.365880013,1,-0.580771208,1,-0.283179045,1,0.434248984,1,0.077071153,1,-0.495699257,1,0.256402254,1
1.431974411,-4.040779591,1,0.82701093,1,-9.620416641,1,-0.509762943,1,-0.33342132,1,0.363190532,1,0.074074484,1,-0.497044086,1,0.258107185,1
1.435972333,-4.086738586,1,0.658156812,1,-9.597222328,1,-0.45825386,1,-0.36819151,1,0.326949,1,0.071442738,1,-0.498559415,1,0.259569228,1
1.439972043,-4.464073181,1,0.195284218,1,-9.427461624,1,-0.412523925,1,-0.403444201,1,0.303214073,1,0.069077022,1,-0.500189185,1,0.26086399,1
1.443973899,-5.009795189,1,-0.140036389,1,-9.163535118,1,-0.380260348,1,-0.410116702,1,0.28090471,1,0.066907354,1,-0.5018875,1,0.26207304,1
1.447971821,-5.541460514,1,0.073376849,1,-9.152675629,1,-0.338475764,1,-0.408377677,1,0.257471502,1,0.06493964,1,-0.503590822,1,0.263167143,1
1.451971292,-5.844409943,1,0.980151892,1,-8.935976982,1,-0.277642816,1,-0.390389651,1,0.212026983,1,0.063240886,1,-0.505245626,1,0.264120728,1
1.455973148,-4.846973896,1,0.582860768,1,-9.017019272,1,-0.218363121,1,-0.393752575,1,0.157195285,1,0.061898533,1,-0.506771088,1,0.265108556,1
1.459970832,-4.857251167,1,0.454118907,1,-9.178103447,1,-0.182738066,1,-0.40726772,1,0.126619607,1,0.060847614,1,-0.508400261,1,0.265643805,1
1.463970304,-4.791799545,1,0.294460863,1,-8.996293068,1,-0.144262403,1,-0.407476366,1,0.108815998,1,0.059987456,1,-0.510050952,1,0.266064227,1
1.46797204,-4.583148956,1,-0.160110131,1,-8.854347229,1,-0.120287806,1,-0.424729347,1,0.097909182,1,0.059270289,1,-0.511731505,1,0.26642859,1
1.471969843,-4.76722908,1,-0.442578316,1,-8.748347282,1,-0.098363146,1,-0.439422339,1,0.075480796,1,0.058701489,1,-0.513483644,1,0.266702056,1
1.475969553,-4.917215347,1,-0.230850413,1,-8.85093689,1,-0.077404849,1,-0.450976342,1,0.056708898,1,0.058267117,1,-0.515293956,1,0.266894639,1
1.47997129,-4.889266014,1,0.417179257,1,-8.817836761,1,-0.044634927,1,-0.46608299,1,0.037111934,1,0.057981383,1,-0.517136753,1,0.266968548,1
1.483968973,-4.844412327,1,0.730001092,1,-8.739419937,1,-0.013226122,1,-0.455970854,1,0.016763533,1,0.057858404,1,-0.518981695,1,0.266974449,1
1.487968802,-5.468102455,1,0.826215804,1,-8.807983398,1,0.00528763,1,-0.441856176,1,0.007863374,1,0.057881698,1,-0.520792007,1,0.266906261,1
1.491970539,-4.302959919,1,0.59597981,1,-8.90069294,1,0.068008088,1,-0.479631156,1,-0.037607472,1,0.058134999,1,-0.52260536,1,0.26670444,1
1.495968223,-4.874320984,1,0.429487169,1,-8.805287361,1,0.084343553,1,-0.494334906,1,-0.059058297,1,0.058604974,1,-0.524539471,1,0.266344011,1
1.49996829,-4.974681854,1,0.398731232,1,-8.937484741,1,0.111686818,1,-0.49710536,1,-0.077608898,1,0.059229016,1,-0.52650243,1,0.265889287,1
1.503970027,-4.802453518,1,0.510818958,1,-8.681253433,1,0.147742704,1,-0.496828347,1,-0.09960904,1,0.06002022,1,-0.528461456,1,0.265344709,1
1.507967949,-5.043907642,1,0.557283461,1,-8.721199989,1,0.170737684,1,-0.502128065,1,-0.119546972,1,0.060973663,1,-0.530431986,1,0.264693975,1
1.51196754,-5.091166973,1,0.58019501,1,-8.644237518,1,0.201189607,1,-0.494584233,1,-0.137611225,1,0.062090166,1,-0.532393813,1,0.263956785,1
1.515975118,-5.030035973,1,0.460505903,1,-8.668593407,1,0.223779216,1,-0.493956,1,-0.157218903,1,0.063360199,1,-0.534320712,1,0.263130963,1
1.519979,-4.918674469,1,0.098895885,1,-8.440741539,1,0.248019814,1,-0.487812281,1,-0.170880467,1,0.064759634,1,-0.536236584,1,0.262230724,1
1.52397871,-4.982829571,1,0.032920215,1,-8.584109306,1,0.263889223,1,-0.486813724,1,-0.190132797,1,0.066291034,1,-0.538130701,1,0.261246234,1
1.527980566,-5.25019455,1,0.007189087,1,-8.449485779,1,0.285037398,1,-0.486778408,1,-0.212321877,1,0.067944534,1,-0.540023327,1,0.260169923,1
1.531978488,-5.264811993,1,0.117388867,1,-8.390113831,1,0.311995447,1,-0.480087459,1,-0.23770225,1,0.06975057,1,-0.541894495,1,0.258971661,1
1.53597796,-5.496739388,1,0.222194389,1,-8.368619919,1,0.331400275,1,-0.469750553,1,-0.255408704,1,0.071715787,1,-0.543724537,1,0.257659972,1
1.539979577,-5.368196964,1,0.004232463,1,-8.145386696,1,0.359072596,1,-0.453134626,1,-0.275345981,1,0.073819607,1,-0.545487881,1,0.256266594,1
1.543977261,-5.263156891,1,-0.022523193,1,-8.176876068,1,0.364870459,1,-0.440520018,1,-0.293418348,1,0.076042876,1,-0.547177494,1,0.254772872,1
1.547976732,-5.358776093,1,-0.441889733,1,-8.152518272,1,0.375077426,1,-0.424686342,1,-0.302535743,1,0.078341439,1,-0.548806667,1,0.253217518,1
1.551978469,-5.37477541,1,-1.065494657,1,-8.025492668,1,0.361193061,1,-0.405365348,1,-0.29368332,1,0.080622189,1,-0.550369382,1,0.251668215,1
1.555976152,-5.487988472,1,-1.335783839,1,-8.040211678,1,0.334994704,1,-0.389879614,1,-0.28140077,1,0.082794048,1,-0.551845729,1,0.250174731,1
1.559975624,-5.738394737,1,-1.613319993,1,-7.840502739,1,0.301993132,1,-0.350341201,1,-0.256878674,1,0.084809989,1,-0.553240478,1,0.248774007,1
1.56397748,-5.514927387,1,-1.670732975,1,-7.977796555,1,0.281194001,1,-0.33596459,1,-0.240991011,1,0.086663038,1,-0.554516613,1,0.247469723,1
1.567975163,-5.477855682,1,-1.558864355,1,-7.86293745,1,0.25239554,1,-0.320902199,1,-0.222466111,1,0.088366561,1,-0.555734634,1,0.246243805,1
1.571974635,-5.639273643,1,-1.482233524,1,-7.832967281,1,0.230376482,1,-0.293384701,1,-0.206642106,1,0.089929312,1,-0.556884706,1,0.245109171,1
1.575976491,-5.796887398,1,-1.329114795,1,-7.77897501,1,0.205839634,1,-0.267329007,1,-0.189262822,1,0.091354571,1,-0.55793339,1,0.244053215,1
1.579974174,-5.445828915,1,-1.310862541,1,-7.725669384,1,0.195387334,1,-0.224593222,1,-0.182666153,1,0.092668451,1,-0.558833241,1,0.243084505,1
1.583973885,-5.505442142,1,-1.425560951,1,-7.871053696,1,0.168514222,1,-0.220771268,1,-0.163329676,1,0.093884483,1,-0.559668601,1,0.242181957,1
1.587975621,-5.495765686,1,-1.794515729,1,-7.834681988,1,0.142354727,1,-0.191231266,1,-0.116367795,1,0.094912179,1,-0.560439944,1,0.241419464,1
1.591973424,-5.364577293,1,-2.097280741,1,-7.941989899,1,0.098032594,1,-0.164000958,1,-0.077362269,1,0.095672548,1,-0.561116219,1,0.240882754,1
1.595973134,-6.011277676,1,-2.486378193,1,-7.871199131,1,0.044497404,1,-0.133585379,1,-0.030094014,1,0.096129641,1,-0.561711967,1,0.240562409,1
1.599974871,-5.011404991,1,-2.500075579,1,-8.021386147,1,0.01372481,1,-0.133563206,1,-0.002439147,1,0.09634047,1,-0.562201142,1,0.24042277,1
1.603972554,-5.421716213,1,-2.175466299,1,-7.893492222,1,-0.032244448,1,-0.113891423,1,0.034022331,1,0.096287318,1,-0.56271112,1,0.24043937,1
1.607972383,-6.023803234,1,-1.963722467,1,-8.044858932,1,-0.075998142,1,-0.078552373,1,0.072757326,1,0.095970482,1,-0.56313324,1,0.24063243,1
1.611973882,-4.894872665,1,-1.119179845,1,-7.921061039,1,-0.078063816,1,-0.080376312,1,0.065595224,1,0.095509917,1,-0.563432097,1,0.24091877,1
1.615971565,-5.372034073,1,-0.845403373,1,-8.186696053,1,-0.088195182,1,-0.074996769,1,0.083229072,1,0.095019139,1,-0.563786924,1,0.241229519,1
1.619971037,-5.491413116,1,-0.927933753,1,-8.185787201,1,-0.097195365,1,-0.05085405,1,0.079736575,1,0.094458006,1,-0.564074636,1,0.241575152,1
1.623972654,-4.995372772,1,-0.995987415,1,-8.204405785,1,-0.096986972,1,-0.064707577,1,0.080079056,1,0.093886994,1,-0.564322293,1,0.241932094,1
1.627970338,-5.522348404,1,-1.039960742,1,-8.109732628,1,-0.105754979,1,-0.05856641,1,0.097834736,1,0.093278497,1,-0.564603925,1,0.242319599,1
1.631970048,-5.310188293,1,-0.735755265,1,-8.024202347,1,-0.106589027,1,-0.027327456,1,0.092738688,1,0.092608184,1,-0.564814746,1,0.24275066,1
1.635977983,-5.248637676,1,-0.805224001,1,-8.204079628,1,-0.1118422,1,-0.037099138,1,0.09828078,1,0.091955274,1,-0.564984918,1,0.243179038,1
1.639981866,-5.429602623,1,-0.772215128,1,-8.149053574,1,-0.112770699,1,-0.020572571,1,0.10228043,1,0.091252692,1,-0.565138638,1,0.243643999,1
1.643981814,-5.160672188,1,-0.907594919,1,-8.235412598,1,-0.107736759,1,-0.024736568,1,0.094372399,1,0.090563305,1,-0.565253973,1,0.244093686,1
1.64798367,-5.295149326,1,-0.543806493,1,-8.18136692,1,-0.115276791,1,-0.021727342,1,0.093058728,1,0.089879327,1,-0.565386891,1,0.24452132,1
1.651981354,-5.287924767,1,-0.531092107,1,-8.168110847,1,-0.11193683,1,-0.018328333,1,0.082716316,1,0.089204453,1,-0.565503836,1,0.244930565,1
1.655980825,-5.3775177,1,-0.719893277,1,-8.219902039,1,-0.111287743,1,-0.014505604,1,0.089311726,1,0.088540673,1,-0.56559813,1,0.24532257,1
1.659982562,-5.430653095,1,-0.644747376,1,-8.194469452,1,-0.110015184,1,-0.010166466,1,0.08209604,1,0.087887816,1,-0.565678656,1,0.245725527,1
1.663980246,-5.516824722,1,-0.533600748,1,-8.203721046,1,-0.105097748,1,0.000990193,1,0.078204013,1,0.087255873,1,-0.56571728,1,0.24610512,1
1.667979717,-5.447537422,1,-0.616952002,1,-8.283121109,1,-0.099869117,1,0.008034814,1,0.074947812,1,0.086649239,1,-0.565720737,1,0.246475756,1
1.671981573,-5.483623028,1,-0.467862755,1,-8.351251602,1,-0.095156439,1,0.013215601,1,0.072962597,1,0.086069867,1,-0.565711677,1,0.246828288,1
1.675979257,-5.423379898,1,-0.563506067,1,-8.329594612,1,-0.090357684,1,0.020805249,1,0.066138618,1,0.085522756,1,-0.565665305,1,0.247165188,1
1.679978967,-5.547221661,1,-0.677421987,1,-8.35468483,1,-0.084688991,1,0.028913647,1,0.065154105,1,0.084996082,1,-0.565590978,1,0.24748446,1
1.683980823,-5.480264187,1,-0.696139514,1,-8.201481819,1,-0.08654473,1,0.046662454,1,0.069824204,1,0.084460467,1,-0.565472782,1,0.247824416,1
1.687978506,-5.370351791,1,-0.875676692,1,-8.129063606,1,-0.093353242,1,0.048739675,1,0.07456091,1,0.08391197,1,-0.565303922,1,0.24818036,1
1.691978216,-5.046666145,1,-1.061396837,1,-8.23506546,1,-0.103635788,1,0.054413982,1,0.090732656,1,0.083289228,1,-0.565119624,1,0.248601481,1
1.695980072,-4.846748352,1,-1.189596176,1,-8.295178413,1,-0.118593588,1,0.054500036,1,0.09892939,1,0.082597412,1,-0.564928949,1,0.249062747,1
1.699977756,-4.779094219,1,-1.473100305,1,-8.309060097,1,-0.164174721,1,0.038896915,1,0.121803604,1,0.081746899,1,-0.564767659,1,0.249597773,1
1.703977227,-5.252844334,1,-1.371471763,1,-8.174612045,1,-0.176770315,1,0.03807351,1,0.137232348,1,0.080625296,1,-0.564886451,1,0.250197291,1
1.707978725,-4.970993042,1,-1.327800393,1,-8.154141426,1,-0.193749279,1,0.035857312,1,0.155562729,1,0.079507567,1,-0.564739466,1,0.251058638,1
1.711976647,-4.510166168,1,-1.089692354,1,-8.124080658,1,-0.198017225,1,0.023527039,1,0.164793447,1,0.078308046,1,-0.564660788,1,0.251821756,1
1.715976477,-4.300494194,1,-1.039746046,1,-8.53071785,1,-0.211187303,1,0.002299786,1,0.180491447,1,0.077056304,1,-0.564666688,1,0.252644986,1
1.719977975,-4.378379822,1,-1.216979504,1,-8.451443672,1,-0.220767334,1,-0.021959249,1,0.198575571,1,0.075698838,1,-0.56476897,1,0.253549367,1
1.723975658,-4.579456329,1,-1.364025235,1,-8.365269661,1,-0.237685323,1,-0.044912748,1,0.218571246,1,0.074258283,1,-0.564970374,1,0.254521012,1
1.72797513,-4.933260441,1,-1.284544706,1,-8.39915657,1,-0.246938527,1,-0.057422575,1,0.244416043,1,0.072712801,1,-0.565247774,1,0.255598813,1
1.731976748,-4.886912346,1,-1.079079866,1,-8.48696804,1,-0.261906922,1,-0.068873607,1,0.255521685,1,0.071074061,1,-0.565559506,1,0.256756425,1
1.735974431,-5.059279442,1,-0.603018105,1,-8.471884727,1,-0.258711308,1,-0.071777873,1,0.268973947,1,0.069383934,1,-0.565918326,1,0.257985204,1
1.739973903,-5.028969288,1,-0.308669418,1,-8.437047958,1,-0.24973245,1,-0.085563287,1,0.269836813,1,0.067685984,1,-0.566315055,1,0.259233028,1
1.743975639,-5.014473915,1,-0.344103307,1,-8.468238831,1,-0.235265061,1,-0.10520374,1,0.264444709,1,0.066065192,1,-0.566767156,1,0.260459721,1
1.747973323,-5.105713367,1,-0.157067299,1,-8.521432877,1,-0.22650139,1,-0.12027026,1,0.262946099,1,0.064500339,1,-0.567281187,1,0.261677355,1
1.751972914,-5.207054615,1,-0.126697317,1,-8.530928612,1,-0.211717442,1,-0.132601157,1,0.24858208,1,0.062991954,1,-0.567840695,1,0.262852818,1
1.755980849,-5.317619324,1,-0.146038666,1,-8.484272003,1,-0.19725053,1,-0.148818389,1,0.239755481,1,0.061572522,1,-0.568475068,1,0.263970882,1
1.759984612,-5.253554344,1,0.118465707,1,-8.5433321,1,-0.184109122,1,-0.155447811,1,0.22964105,1,0.060254674,1,-0.569132209,1,0.265029997,1
1.763984442,-5.23759222,1,0.045809805,1,-8.504250526,1,-0.16591695,1,-0.171809256,1,0.220760062,1,0.059009466,1,-0.569840133,1,0.266034782,1
1.76798594,-5.203062057,1,0.14998816,1,-8.458110809,1,-0.133919597,1,-0.196901277,1,0.198247463,1,0.057901949,1,-0.570613444,1,0.266973257,1
1.771983624,-5.130623817,1,0.15930596,1,-8.460072517,1,-0.121239074,1,-0.205917403,1,0.176382214,1,0.056919824,1,-0.571458161,1,0.267812043,1
1.775983334,-5.111353397,1,0.204869658,1,-8.492165565,1,-0.101472929,1,-0.230122358,1,0.16028583,1,0.05607247,1,-0.572372139,1,0.26855737,1
1.779984951,-5.132300377,1,-0.0522344,1,-8.490434647,1,-0.08665289,1,-0.241674438,1,0.149697781,1,0.055338819,1,-0.573358715,1,0.269229829,1
1.783982277,-4.816379547,1,-0.087445579,1,-8.621089935,1,-0.078485399,1,-0.263883293,1,0.139140606,1,0.054659627,1,-0.574396312,1,0.269863218,1
1.787982106,-5.294228554,1,-0.250010937,1,-8.533624649,1,-0.072030306,1,-0.289108932,1,0.132303476,1,0.054044545,1,-0.575540125,1,0.270437986,1
1.791983843,-5.28930521,1,-0.164702207,1,-8.516382217,1,-0.05435843,1,-0.295701176,1,0.128260776,1,0.053491704,1,-0.576727867,1,0.270981461,1
1.795981526,-5.353602409,1,-0.446748972,1,-8.462652206,1,-0.055206291,1,-0.304549813,1,0.128436372,1,0.052982159,1,-0.577951729,1,0.271522284,1
1.799980998,-5.135909081,1,-0.557400942,1,-8.489605904,1,-0.052568503,1,-0.323807389,1,0.125931472,1,0.05246703,1,-0.579232097,1,0.272054076,1
1.803982615,-5.094569683,1,-0.374101758,1,-8.493067741,1,-0.049813613,1,-0.343511671,1,0.139324859,1,0.051948275,1,-0.580593944,1,0.272605032,1
1.807980537,-5.181898117,1,-0.535215735,1,-8.501803398,1,-0.044407189,1,-0.35868296,1,0.139987081,1,0.051449303,1,-0.582023263,1,0.273178071,1
1.811980009,-5.190815926,1,-0.563606799,1,-8.551800728,1,-0.048870951,1,-0.372406542,1,0.139581546,1,0.050948996,1,-0.5835253,1,0.273752391,1
1.815981627,-4.990418434,1,-0.559146166,1,-8.6270895,1,-0.035224028,1,-0.405711859,1,0.147991151,1,0.05045731,1,-0.585107327,1,0.274345517,1
1.81997931,-5.48765707,1,-0.367679715,1,-8.686114311,1,-0.035703178,1,-0.424918473,1,0.15609926,1,0.049947735,1,-0.586803496,1,0.274980158,1
1.823978782,-5.058578968,1,-0.67765981,1,-8.648402214,1,-0.03078372,1,-0.440572053,1,0.15380618,1,0.049459774,1,-0.588552237,1,0.27561301,1
1.82798028,-5.291759014,1,-0.683086753,1,-8.750518799,1,-0.032946553,1,-0.473659068,1,0.163934097,1,0.048965227,1,-0.590410471,1,0.27626887,1
1.831977963,-4.984571934,1,-0.439093828,1,-8.847351074,1,-0.010323206,1,-0.500420511,1,0.161668807,1,0.048483107,1,-0.592391849,1,0.276945442,1
1.835977435,-4.058053493,1,-0.378137559,1,-8.975034714,1,-0.000618892,1,-0.57729578,1,0.159962878,1,0.048115645,1,-0.594573379,1,0.277577579,1
1.839979291,-5.107126713,1,-0.09677875,1,-8.868356705,1,0.03384763,1,-0.63407588,1,0.156699523,1,0.04782778,1,-0.597028017,1,0.278204948,1
1.843976974,-5.205862522,1,-0.249853671,1,-8.831504822,1,0.053696346,1,-0.674992859,1,0.153875634,1,0.047668334,1,-0.599675179,1,0.278810412,1
1.847976446,-5.090743065,1,0.500124812,1,-8.965919495,1,0.130096689,1,-0.728126824,1,0.14387165,1,0.04770197,1,-0.602518022,1,0.279357076,1
1.851978183,-5.296387672,1,1.0303514,1,-9.028508186,1,0.188849613,1,-0.764396846,1,0.123503245,1,0.048052363,1,-0.605532408,1,0.279838622,1
1.855975986,-4.929559708,1,0.504770458,1,-8.929438591,1,0.244096696,1,-0.81915915,1,0.103850447,1,0.048708703,1,-0.608709276,1,0.28021431,1
1.859975457,-4.990304947,1,0.74895668,1,-8.689752579,1,0.286452234,1,-0.86139971,1,0.072734646,1,0.049580034,1,-0.612107098,1,0.280473769,1
1.863977194,-4.692224503,1,0.551285803,1,-8.791010857,1,0.321078777,1,-0.9433285,1,0.042493407,1,0.050776165,1,-0.615709603,1,0.28053391,1
1.867974877,-5.338335037,1,0.832179785,1,-9.111683846,1,0.362778187,1,-0.994757831,1,0.009510788,1,0.052206971,1,-0.619596064,1,0.280414402,1
1.871974707,-4.797729969,1,0.589524448,1,-9.2075243,1,0.388989925,1,-1.06681931,1,-0.01893504,1,0.053890731,1,-0.62369436,1,0.280127287,1
1.875982285,-4.993208408,1,0.549038827,1,-9.235044479,1,0.442129254,1,-1.14107728,1,-0.043905322,1,0.055828266,1,-0.628096223,1,0.279660702,1
1.879985929,-5.052714348,1,-1.182309866,1,-9.769656181,1,0.421985209,1,-1.211286783,1,-0.055276006,1,0.057945393,1,-0.632770717,1,0.279094756,1
1.883985639,-4.380857944,1,-0.686780155,1,-9.0564785,1,0.345998317,1,-1.307768822,1,-0.100457974,1,0.059878491,1,-0.637761891,1,0.278343707,1
1.887987256,-5.463687897,1,0.455356389,1,-9.619522095,1,0.39664048,1,-1.380820155,1,-0.097172409,1,0.061898995,1,-0.643124998,1,0.277436972,1
1.891984582,-4.932929516,1,0.458425254,1,-9.590373993,1,0.466521621,1,-1.446888328,1,-0.097914159,1,0.064183369,1,-0.648730397,1,0.276514649,1
1.895984411,-4.893158436,1,-0.018355614,1,-9.564406395,1,0.511412621,1,-1.532469511,1,-0.121202342,1,0.066765964,1,-0.654640079,1,0.275477171,1
1.899985909,-4.938011169,1,-0.025536155,1,-10.03108692,1,0.532248437,1,-1.632398725,1,-0.130688295,1,0.069574334,1,-0.660928309,1,0.274291694,1
1.903983593,-4.866249561,1,-0.650570631,1,-10.47247314,1,0.50845772,1,-1.746844649,1,-0.139890403,1,0.072465472,1,-0.667630732,1,0.273001701,1
1.907983065,-4.340209961,1,-0.052522078,1,-10.92727757,1,0.521164536,1,-1.891913891,1,-0.17217876,1,0.075431719,1,-0.67483294,1,0.271509498,1
1.911984682,-4.598754883,1,-0.009844738,1,-11.85259056,1,0.56693244,1,-2.0519557,1,-0.188778803,1,0.078673638,1,-0.68263495,1,0.269796282,1
1.915982366,-4.475285053,1,-0.667653441,1,-12.22619343,1,0.57836026,1,-2.233993769,1,-0.201920509,1,0.08217261,1,-0.691099584,1,0.267915875,1
1.919981837,-3.276669502,1,-1.56313014,1,-11.74735832,1,0.60612756,1,-2.448462963,1,-0.18698515,1,0.085863389,1,-0.700349331,1,0.265874088,1
1.923983335,-3.86399579,1,-2.942213774,1,-12.33765793,1,0.570028782,1,-2.686421156,1,-0.147173777,1,0.089586355,1,-0.710527837,1,0.263795853,1
1.927981019,-3.600790977,1,-3.352756739,1,-11.81550407,1,0.520959675,1,-2.883270264,1,-0.097919635,1,0.093065821,1,-0.721579671,1,0.261809975,1
1.931980491,-2.776710272,1,-3.193787575,1,-11.8634634,1,0.470774233,1,-3.150005817,1,-0.032466993,1,0.096320756,1,-0.733554959,1,0.259924501,1
1.935982347,-4.397602558,1,-2.315198183,1,-12.64116192,1,0.426581353,1,-3.40683651,1,0.030049842,1,0.099273279,1,-0.746613145,1,0.258189559,1
1.93998003,-3.670431614,1,-2.46617341,1,-12.90450573,1,0.437321454,1,-3.646856546,1,0.082836717,1,0.102139316,1,-0.760656059,1,0.256551832,1
1.943979502,-2.929376602,1,-3.188058138,1,-12.24587631,1,0.367095172,1,-3.928896904,1,0.100601286,1,0.104883239,1,-0.775767684,1,0.254921645,1
1.947981358,-2.799474716,1,-2.635255575,1,-12.5493927,1,0.301264852,1,-4.268471718,1,0.087843478,1,0.107590504,1,-0.792110085,1,0.252979279,1
1.951979041,-4.243558884,1,-1.87558341,1,-13.3182106,1,0.307005107,1,-4.607805729,1,0.101616845,1,0.110368505,1,-0.809817433,1,0.250739127,1
1.955978513,-3.507366419,1,-1.863591909,1,-13.54267788,1,0.392188758,1,-4.923511982,1,0.133715823,1,0.113550864,1,-0.828727603,1,0.248520151,1
1.959980011,-5.737785816,1,-3.589082956,1,-14.83166504,1,0.321410507,1,-5.261687756,1,0.266971231,1,0.116739139,1,-0.849092007,1,0.246198893,1
1.963977695,-6.192119598,1,-4.080488682,1,-15.36802769,1,0.23196201,1,-5.481707096,1,0.373710901,1,0.119249642,1,-0.870590389,1,0.244302884,1
1.967977524,-1.396177173,1,-3.612803936,1,-12.99610233,1,0.248443857,1,-5.810317993,1,0.413746446,1,0.121592194,1,-0.893106222,1,0.24248606,1
1.971979022,-2.417481184,1,-4.548356533,1,-13.92243767,1,0.228662044,1,-6.376275539,1,0.547738791,1,0.124004424,1,-0.917525172,1,0.240679607,1
1.975976706,-6.199794292,1,-5.213460922,1,-14.80960941,1,0.214551747,1,-6.656555653,1,0.684222102,1,0.125940293,1,-0.943804264,1,0.239381,1
1.979976416,-6.220901012,1,-5.952352524,1,-16.19072723,1,0.125173077,1,-6.836375237,1,0.834690273,1,0.127233982,1,-0.970907629,1,0.238615602,1
1.983978033,-7.865874767,1,-5.821202755,1,-17.29617882,1,-0.06770514,1,-6.945431232,1,1.062753201,1,0.126992375,1,-0.998829246,1,0.239175513,1
1.987975478,-11.81064129,1,-6.000799179,1,-19.15332794,1,-0.337230444,1,-7.004496574,1,1.215818048,1,0.124530293,1,-1.027084947,1,0.24103491,1
1.99197495,-10.08719063,1,-7.127337933,1,-16.14359474,1,-0.476133406,1,-6.92804575,1,1.405225039,1,0.119818971,1,-1.055363774,1,0.244644538,1
1.995982647,-8.689588547,1,-7.813802719,1,-14.38523769,1,-0.680787504,1,-7.094586849,1,1.534381747,1,0.112797797,1,-1.083855152,1,0.249994293,1
1.99998641,-15.25385094,1,-7.63413763,1,-16.59554291,1,-0.898148119,1,-7.160693169,1,1.706055999,1,0.103056356,1,-1.112991691,1,0.257425696,1
2.00398612,-18.42174721,1,-6.658786774,1,-16.74659157,1,-1.045704365,1,-6.818740368,1,1.92111218,1,0.089680903,1,-1.141572952,1,0.26789248,1
2.007987976,-13.73187447,1,-7.823234081,1,-14.97861099,1,-1.182291627,1,-6.690152168,1,2.166534901,1,0.071656726,1,-1.169072866,1,0.282747269,1
2.011986017,-13.22190952,1,-7.281754971,1,-14.94865227,1,-1.316110134,1,-6.683819771,1,2.338940382,1,0.048486754,1,-1.196327448,1,0.302353561,1
2.015985489,-15.57977581,1,-5.79624033,1,-15.70740414,1,-1.310577035,1,-6.541429996,1,2.389080286,1,0.020527583,1,-1.223130345,1,0.32657212,1
2.019986868,-17.19485474,1,-5.890971661,1,-16.44276428,1,-1.207113385,1,-6.274343014,1,2.540875912,1,-0.012398907,1,-1.248788476,1,0.356109321,1
2.023984671,-17.22241592,1,-7.126476765,1,-12.92006493,1,-1.14889729,1,-6.064306736,1,2.606656075,1,-0.051961619,1,-1.273094654,1,0.39271149,1
2.027984381,-9.039765358,1,-7.971861839,1,-9.14702034,1,-1.172429562,1,-6.172522545,1,2.641285896,1,-0.098391704,1,-1.296596169,1,0.43636319,1
2.031986237,-14.71916008,1,-6.685189724,1,-10.90388298,1,-1.286094427,1,-6.242220879,1,2.595610857,1,-0.153583691,1,-1.32003212,1,0.488378197,1
2.035983801,-20.75234413,1,-5.784640789,1,-9.971837044,1,-1.378674746,1,-5.804694176,1,2.595829248,1,-0.219081476,1,-1.341882944,1,0.550353169,1
2.039983273,-18.08023834,1,-4.978055,1,-8.91108799,1,-1.516571045,1,-5.299096107,1,2.498317957,1,-0.294403881,1,-1.360753775,1,0.621583581,1
2.04398489,-15.45382404,1,-4.828797817,1,-9.775948524,1,-1.494818091,1,-4.794186592,1,2.413631678,1,-0.378224313,1,-1.376568556,1,0.700984716,1
2.047982693,-17.25722313,1,-3.424893618,1,-12.19235325,1,-1.493860483,1,-4.12677002,1,2.216228247,1,-0.467727602,1,-1.389090776,1,0.785975516,1
2.051982164,-16.47830582,1,-2.983673811,1,-14.89187717,1,-1.154232025,1,-3.264457703,1,1.951968551,1,-0.553795993,1,-1.397941589,1,0.867939949,1
2.055983782,-12.46636581,1,-2.896049976,1,-15.19843197,1,-0.742497504,1,-2.527004242,1,1.852069497,1,-0.631712437,1,-1.403250694,1,0.94316107,1
2.059981585,-8.753905296,1,-3.713151217,1,-14.96517754,1,-0.395816863,1,-2.003384113,1,1.728075266,1,-0.700832129,1,-1.405920267,1,1.010954618,1
2.063981295,-4.947386742,1,-4.697419643,1,-14.51669216,1,-0.02207162,1,-1.610636353,1,1.572927237,1,-0.760279655,1,-1.406863451,1,1.070345163,1
2.067982912,-1.607282639,1,-6.126198769,1,-13.95903492,1,0.379378021,1,-1.305341244,1,1.432290435,1,-0.810019016,1,-1.406736374,1,1.121500492,1
2.071980476,1.842692375,1,-7.330933094,1,-12.88191795,1,0.584709346,1,-1.030580759,1,1.391976357,1,-0.851477087,1,-1.405737281,1,1.165555477,1
2.075979948,4.294453144,1,-7.6142869,1,-10.23516846,1,0.547777772,1,-0.937676549,1,1.407644749,1,-0.888688803,1,-1.403951287,1,1.205610275,1
2.079981804,2.144556046,1,-6.05140686,1,-8.501395226,1,0.486113638,1,-1.095389366,1,1.390229583,1,-0.925529957,1,-1.402046442,1,1.245071054,1
2.083979607,-10.88272572,1,-7.238852024,1,-9.887125969,1,0.547977269,1,-0.846192896,1,1.494713306,1,-0.962617815,1,-1.399788022,1,1.284761906,1
2.087979317,-9.202345848,1,-8.213666916,1,-12.03190231,1,0.650384068,1,-0.129832193,1,1.49234283,1,-0.988732576,1,-1.395890594,1,1.313720703,1
2.091980696,-4.645728111,1,-8.859830856,1,-12.83345318,1,0.72134614,1,0.495835125,1,1.35111022,1,-0.999718606,1,-1.390699744,1,1.327684879,1
2.095978498,-1.386746168,1,-8.72890377,1,-11.54173851,1,0.682454824,1,0.972495854,1,1.277513981,1,-0.998558879,1,-1.384677649,1,1.329400659,1
2.09997797,0.991016448,1,-7.613125801,1,-9.896633148,1,0.573023915,1,1.241711974,1,1.255650878,1,-0.990898073,1,-1.377989888,1,1.324143529,1
2.103979588,3.292705774,1,-7.133188725,1,-8.610303879,1,0.563628137,1,1.357288837,1,1.254487991,1,-0.980648339,1,-1.370933294,1,1.316002846,1
2.107977152,4.989311218,1,-5.828534126,1,-7.844037056,1,0.62259084,1,1.365346074,1,1.273031116,1,-0.970081031,1,-1.363673449,1,1.307602525,1
2.111976862,5.10283041,1,-4.79180336,1,-7.456522465,1,0.811446548,1,1.311738372,1,1.298711419,1,-0.960270584,1,-1.356397867,1,1.300478458,1
2.11598444,4.581198215,1,-4.332201481,1,-7.429902077,1,1.042963386,1,1.297126651,1,1.329694033,1,-0.951033771,1,-1.349106789,1,1.294817209,1
2.119988203,4.373687744,1,-4.313562393,1,-7.345333099,1,1.234808803,1,1.303559899,1,1.332943678,1,-0.941697001,1,-1.341743112,1,1.28991127,1
2.123987913,4.245565891,1,-4.136647224,1,-7.090112209,1,1.408443451,1,1.325720549,1,1.29778564,1,-0.931660354,1,-1.334380269,1,1.285030603,1
2.127989769,4.113724709,1,-4.03881073,1,-6.798143864,1,1.586833596,1,1.336791873,1,1.240052581,1,-0.92074585,1,-1.327126265,1,1.279958367,1
2.131987572,3.510156393,1,-4.229282856,1,-6.620374203,1,1.764820576,1,1.352333546,1,1.17323637,1,-0.908855736,1,-1.320013165,1,1.274615765,1
2.135987043,2.677380323,1,-4.464170456,1,-6.58293581,1,1.928695083,1,1.391623974,1,1.098804832,1,-0.89577353,1,-1.313049197,1,1.268734455,1
2.139988661,1.74281311,1,-4.898826122,1,-6.693732262,1,2.05482316,1,1.457573295,1,1.013210654,1,-0.881214678,1,-1.306178212,1,1.261926174,1
2.143986464,1.062674761,1,-5.365228176,1,-6.855512142,1,2.129170656,1,1.555067301,1,0.898985684,1,-0.864981055,1,-1.299371123,1,1.253782749,1
2.147985935,0.584065974,1,-5.729888916,1,-6.979720592,1,2.15984726,1,1.669291615,1,0.776806533,1,-0.846917868,1,-1.292606711,1,1.24394381,1
2.151987791,0.262304664,1,-6.010782242,1,-7.067462921,1,2.157209158,1,1.781663418,1,0.628965855,1,-0.827075839,1,-1.285900116,1,1.232283592,1
2.155985355,0.12127839,1,-6.207849026,1,-7.033261299,1,2.13550663,1,1.893448353,1,0.468078375,1,-0.805508971,1,-1.27926147,1,1.21875608,1
2.159985065,-0.023353932,1,-6.255701542,1,-7.113828659,1,2.096348763,1,1.989246964,1,0.305033624,1,-0.782383084,1,-1.27270937,1,1.203433037,1
2.163986683,-0.248523772,1,-6.089268208,1,-7.200386524,1,2.042472601,1,2.072690964,1,0.133752778,1,-0.757959723,1,-1.266267657,1,1.186533451,1
2.167984486,-0.443994492,1,-5.908335209,1,-7.306396484,1,1.993873119,1,2.149159908,1,-0.043020535,1,-0.732258439,1,-1.259929419,1,1.168038011,1
2.171983957,-0.482098728,1,-5.557665348,1,-7.414114952,1,1.951057076,1,2.212850332,1,-0.224122182,1,-0.70543766,1,-1.253712893,1,1.148124695,1
2.175985336,-0.622923911,1,-5.165688515,1,-7.619247913,1,1.916755557,1,2.255797386,1,-0.417810649,1,-0.677526355,1,-1.247640252,1,1.126860499,1
2.179982901,-0.810969532,1,-4.726766586,1,-7.860416889,1,1.905905843,1,2.297357321,1,-0.61432898,1,-0.648519039,1,-1.241731405,1,1.104308009,1
2.183982611,-1.085345984,1,-4.206058502,1,-8.126103401,1,1.920631409,1,2.331945181,1,-0.820941746,1,-0.618257642,1,-1.235960722,1,1.08038795,1
2.187984467,-1.651440024,1,-3.637527704,1,-8.477694511,1,1.954613328,1,2.373222589,1,-1.034375787,1,-0.586624324,1,-1.230302215,1,1.055067778,1
2.191982508,-2.338585615,1,-3.346875429,1,-8.731271744,1,1.994073868,1,2.436480999,1,-1.248559475,1,-0.55346334,1,-1.224659443,1,1.028235197,1
2.195981979,-2.973675489,1,-3.233782053,1,-8.967178345,1,2.042649031,1,2.513483763,1,-1.453337789,1,-0.518732727,1,-1.218917489,1,0.999869704,1
2.199983597,-3.5388484,1,-3.244515419,1,-9.168564796,1,2.068709612,1,2.600058079,1,-1.66289556,1,-0.482483387,1,-1.212936878,1,0.969989598,1
2.2039814,-4.161969185,1,-3.34589529,1,-9.391366005,1,2.081080675,1,2.704347372,1,-1.858732581,1,-0.444915622,1,-1.206602931,1,0.938711345,1
2.207980871,-4.662818909,1,-3.38903594,1,-9.531839371,1,2.07141614,1,2.820022106,1,-2.037134886,1,-0.40616703,1,-1.199734449,1,0.906299174,1
2.21198225,-5.01559639,1,-3.417203665,1,-9.711837769,1,2.040596485,1,2.936533689,1,-2.201989889,1,-0.366933823,1,-1.192266941,1,0.872986495,1
2.215980053,-5.301885605,1,-3.355416059,1,-9.887990952,1,1.994056106,1,3.062266588,1,-2.348826647,1,-0.327439606,1,-1.184077501,1,0.839116812,1
2.219979525,-5.525180817,1,-3.170781612,1,-10.0293932,1,1.934185624,1,3.181123257,1,-2.477977276,1,-0.288107336,1,-1.175102711,1,0.805065155,1
2.22398138,-5.719809055,1,-2.986252546,1,-10.16657829,1,1.875558615,1,3.298586369,1,-2.592539549,1,-0.249266461,1,-1.165297985,1,0.77116555,1
2.227978945,-5.866143703,1,-2.690276384,1,-10.22999954,1,1.825459123,1,3.405835629,1,-2.680247068,1,-0.211268961,1,-1.154653668,1,0.737783551,1
2.231978416,-6.054314613,1,-2.395912647,1,-10.28395462,1,1.763915658,1,3.507051706,1,-2.765088558,1,-0.174359918,1,-1.14316678,1,0.705188811,1
2.235986233,-6.294958115,1,-2.166212082,1,-10.36719131,1,1.717220187,1,3.606430531,1,-2.81813097,1,-0.138788298,1,-1.130854845,1,0.673658669,1
2.239989996,-6.538865566,1,-1.874902487,1,-10.4638052,1,1.669126511,1,3.710077047,1,-2.868021011,1,-0.104699746,1,-1.117709994,1,0.643369853,1
2.243989706,-6.789879322,1,-1.627347708,1,-10.59538651,1,1.626126647,1,3.810172796,1,-2.893364906,1,-0.0722581,1,-1.103756428,1,0.614528716,1
2.247991562,-6.996813297,1,-1.454965591,1,-10.74166775,1,1.591559887,1,3.905633926,1,-2.899155617,1,-0.041562583,1,-1.089010715,1,0.587259293,1
2.251989365,-7.221628666,1,-1.242667317,1,-10.79052353,1,1.55103004,1,3.999122381,1,-2.892717123,1,-0.012739806,1,-1.073526502,1,0.561719418,1
2.255989075,-7.425563812,1,-1.003087997,1,-10.84581184,1,1.513299942,1,4.090888977,1,-2.867296696,1,0.014203042,1,-1.057338357,1,0.537934184,1
2.259990692,-7.554204464,1,-0.718299925,1,-10.93885708,1,1.478767872,1,4.186038494,1,-2.834676266,1,0.039256226,1,-1.040473938,1,0.515936196,1
2.263988495,-7.714332581,1,-0.352006882,1,-11.0322876,1,1.443750739,1,4.275142193,1,-2.78535676,1,0.06243569,1,-1.023003578,1,0.495740473,1
2.267988205,-7.860958099,1,0.147507712,1,-11.22887135,1,1.430019259,1,4.354394436,1,-2.725746155,1,0.083820984,1,-1.004966617,1,0.477316737,1
2.271990061,-8.023964882,1,0.615051866,1,-11.31877613,1,1.434931874,1,4.431656837,1,-2.655035496,1,0.103539385,1,-0.986456335,1,0.460636318,1
2.275987625,-8.221768379,1,0.968614936,1,-11.48286724,1,1.458741188,1,4.503769398,1,-2.568438292,1,0.121734694,1,-0.967524707,1,0.445661306,1
2.279987097,-8.482069969,1,1.351263404,1,-11.68951225,1,1.487667203,1,4.569549561,1,-2.468316078,1,0.138488933,1,-0.948218822,1,0.432377458,1
2.283988714,-8.61250782,1,1.533139586,1,-11.75698566,1,1.524952292,1,4.632919788,1,-2.359977007,1,0.153897762,1,-0.928598046,1,0.420737565,1
2.287986517,-8.761074066,1,1.594121814,1,-11.90243435,1,1.570623517,1,4.686096668,1,-2.247424126,1,0.168094367,1,-0.908732653,1,0.410659075,1
2.291985989,-9.072793961,1,1.779636025,1,-12.24353504,1,1.609218717,1,4.74931097,1,-2.126680613,1,0.181180492,1,-0.888639927,1,0.402065903,1
2.295987368,-9.298365593,1,2.000405788,1,-12.46853638,1,1.666863799,1,4.807315826,1,-1.99461937,1,0.193234071,1,-0.868335307,1,0.394947618,1
2.29998517,-9.611766815,1,1.934875131,1,-12.6926136,1,1.729611993,1,4.858141422,1,-1.86430335,1,0.204369888,1,-0.847861886,1,0.389219522,1
2.303984642,-9.969876289,1,1.944684625,1,-12.90065384,1,1.786301136,1,4.918125153,1,-1.739507198,1,0.214707419,1,-0.827235639,1,0.384761333,1
2.307986259,-10.30217552,1,1.869190454,1,-13.14605045,1,1.835669518,1,4.978560448,1,-1.622360826,1,0.224354044,1,-0.80644381,1,0.381475717,1
2.311983824,-10.63998985,1,1.683346987,1,-13.44585609,1,1.878643394,1,5.04460907,1,-1.506905437,1,0.233362153,1,-0.78549993,1,0.379269361,1
2.315983295,-10.93102455,1,1.563646793,1,-13.70761299,1,1.912787199,1,5.106461048,1,-1.408434868,1,0.241801694,1,-0.764395952,1,0.378033936,1
2.31998539,-11.1021204,1,1.485542178,1,-13.91977024,1,1.948687792,1,5.164732933,1,-1.315572262,1,0.249793023,1,-0.743146181,1,0.377646029,1
2.323983431,-11.29096222,1,1.615376592,1,-14.21456814,1,1.994200706,1,5.216907024,1,-1.240906119,1,0.257449895,1,-0.721776009,1,0.377990544,1
2.327982903,-11.56315422,1,1.763425469,1,-14.54341507,1,2.048448801,1,5.247981071,1,-1.181957603,1,0.264901966,1,-0.70030725,1,0.378948748,1
2.331984758,-11.83827686,1,1.864621043,1,-14.82268143,1,2.122787952,1,5.272993088,1,-1.140899658,1,0.272312284,1,-0.678772807,1,0.38039279,1
2.335982323,-12.22019577,1,1.747646689,1,-15.06958103,1,2.188404799,1,5.289700031,1,-1.098911285,1,0.279784709,1,-0.657222033,1,0.382242352,1
2.339981794,-12.69617939,1,1.616268277,1,-15.27396584,1,2.25651741,1,5.296757221,1,-1.070843458,1,0.287356794,1,-0.635676086,1,0.384442896,1
2.34398365,-13.17500114,1,1.609409451,1,-15.42599201,1,2.299716711,1,5.295490265,1,-1.050822973,1,0.295023769,1,-0.614159882,1,0.386927366,1
2.347981215,-13.70700264,1,1.662814021,1,-15.55790806,1,2.35095644,1,5.285300732,1,-1.035499215,1,0.302782953,1,-0.592706323,1,0.389654756,1
2.351981163,-14.25372982,1,1.78996408,1,-15.5976305,1,2.393844128,1,5.260708809,1,-1.029005647,1,0.31067735,1,-0.571355879,1,0.392557174,1
2.355982542,-14.91116047,1,2.282994986,1,-15.6397028,1,2.442301035,1,5.234809875,1,-1.03742826,1,0.318730652,1,-0.550108731,1,0.395598292,1
2.359986067,-15.65582085,1,2.76568222,1,-15.49466991,1,2.501402617,1,5.185677052,1,-1.028794408,1,0.327001452,1,-0.529039323,1,0.398741305,1
2.363986015,-16.28738976,1,3.345196247,1,-15.2160902,1,2.573351145,1,5.134879112,1,-1.032014012,1,0.33553046,1,-0.508168817,1,0.401986629,1
2.367987394,-16.8541832,1,4.014913082,1,-14.82501316,1,2.638708591,1,5.075844288,1,-1.019168615,1,0.344352424,1,-0.487549305,1,0.405342072,1
2.371985197,-17.50147247,1,4.525546074,1,-14.35398102,1,2.706612349,1,5.000763893,1,-0.999515951,1,0.35343492,1,-0.467231065,1,0.408831269,1
2.375984907,-18.00057793,1,5.238681316,1,-13.65815067,1,2.776121378,1,4.907357693,1,-0.981876016,1,0.362808943,1,-0.447277278,1,0.412434518,1
2.379986525,-18.48178673,1,5.917531013,1,-12.67727184,1,2.842834949,1,4.790677547,1,-0.957233191,1,0.372469127,1,-0.427773774,1,0.416140139,1
2.383984089,-19.15379143,1,6.076512814,1,-11.36087894,1,2.889420509,1,4.659515858,1,-0.927508354,1,0.382399976,1,-0.408810526,1,0.419928432,1
2.387983561,-20.02781487,1,5.316428661,1,-9.724375725,1,2.892492533,1,4.52671814,1,-0.894180894,1,0.392473876,1,-0.390417933,1,0.423790783,1
2.391985178,-21.16714668,1,3.228334904,1,-7.992004395,1,2.801981926,1,4.405887127,1,-0.835795105,1,0.40239501,1,-0.372591525,1,0.427805245,1
2.395982742,-22.87187386,1,1.394202232,1,-6.198338509,1,2.584564447,1,4.308722019,1,-0.745330691,1,0.411695093,1,-0.355353534,1,0.432070732,1
2.399982452,-24.19600677,1,1.023582816,1,-4.42703104,1,2.266772985,1,4.212942123,1,-0.673773825,1,0.419858992,1,-0.33861804,1,0.436620325,1
2.403983831,-25.39694405,1,1.382225752,1,-2.896260738,1,1.946012974,1,4.107962132,1,-0.602677703,1,0.426735342,1,-0.322387457,1,0.441393673,1
2.407981634,-26.84151459,1,2.514777184,1,-1.385789752,1,1.671648264,1,3.985876083,1,-0.579224408,1,0.432459891,1,-0.306691766,1,0.446231484,1
2.411981106,-28.32447052,1,4.523561954,1,0.432796359,1,1.471338034,1,3.875136614,1,-0.601553023,1,0.437338054,1,-0.291426182,1,0.450928926,1
2.415982962,-29.50414467,1,7.33632803,1,2.529323339,1,1.379982829,1,3.739976406,1,-0.632779956,1,0.441772521,1,-0.276597381,1,0.455360055,1
2.419980526,-29.84423447,1,10.05694294,1,4.896410465,1,1.405653954,1,3.561058283,1,-0.676461756,1,0.446232945,1,-0.262264907,1,0.459418565,1
2.423979998,-29.96834183,1,13.12152386,1,7.313047886,1,1.539543748,1,3.299006462,1,-0.705278873,1,0.451193959,1,-0.248690113,1,0.463008642,1
2.427981853,-29.25074387,1,15.12606621,1,9.342154503,1,1.745131493,1,2.934875488,1,-0.716574848,1,0.457040966,1,-0.236206904,1,0.466005087,1
2.431979418,-28.68088341,1,17.29480743,1,10.92901993,1,1.921011925,1,2.467743397,1,-0.714203358,1,0.463843048,1,-0.225253999,1,0.468313247,1
2.435978889,-26.9312706,1,17.95875359,1,12.03626347,1,1.998723984,1,1.954514384,1,-0.692982793,1,0.471388161,1,-0.216058701,1,0.46982789,1
2.439980507,-25.86037254,1,18.30265617,1,12.25831223,1,1.910052657,1,1.367067099,1,-0.657474399,1,0.47909978,1,-0.208918288,1,0.470496714,1
2.44397831,-24.72835159,1,16.80440712,1,12.1239996,1,1.648051262,1,0.776941657,1,-0.616003692,1,0.486321002,1,-0.203939557,1,0.470218837,1
2.44797802,-23.74250793,1,14.3867836,1,11.64578342,1,1.162102461,1,0.169619203,1,-0.551321626,1,0.492240816,1,-0.201177433,1,0.469019085,1
2.451980114,-23.65971184,1,11.51733685,1,10.78692436,1,0.448032498,1,-0.382921427,1,-0.445348203,1,0.495909482,1,-0.200621486,1,0.466999382,1
2.455977917,-24.10143471,1,9.158227921,1,9.611495018,1,-0.402191669,1,-0.828660429,1,-0.302072138,1,0.496476293,1,-0.201982588,1,0.464232057,1
2.459977388,-24.75451469,1,7.967602253,1,8.273748398,1,-1.27444911,1,-1.164520025,1,-0.162746191,1,0.493665874,1,-0.205063075,1,0.461440384,1
2.463979006,-25.53733253,1,7.958228111,1,6.521100998,1,-2.04341197,1,-1.379820704,1,-0.028326781,1,0.487567306,1,-0.209397852,1,0.458643973,1
2.467976809,-23.47765732,1,6.094282627,1,1.096987009,1,-2.728661299,1,-1.502132535,1,0.127103254,1,0.47862035,1,-0.214568138,1,0.456059337,1
2.47197628,-5.745184898,1,2.4383955,1,-1.846559405,1,-3.656826258,1,-2.544383764,1,0.933176517,1,0.465767652,1,-0.222024575,1,0.454258382,1
2.475977659,-19.91256332,1,12.49834728,1,-1.849737287,1,-2.711815834,1,-3.39098525,1,1.658616066,1,0.453400671,1,-0.236059934,1,0.453549713,1
2.479981422,-4.168380737,1,-1.644417644,1,-1.976889491,1,-3.370163441,1,-1.971233368,1,1.168934941,1,0.441288352,1,-0.24793537,1,0.454125077,1
2.483981133,-1.380714893,1,-11.35138416,1,-11.31295872,1,-3.755037785,1,-1.821118593,1,1.406115294,1,0.426712424,1,-0.256722152,1,0.455521643,1
2.487982512,-4.343376637,1,-18.72680092,1,-14.03156948,1,-4.496001244,1,-1.840301156,1,1.966834545,1,0.40923208,1,-0.266237736,1,0.458815038,1
2.491980314,2.869654179,1,-19.63439178,1,-18.8690033,1,-4.654305458,1,-1.475278974,1,2.124144077,1,0.389321178,1,-0.275697917,1,0.463977545,1
2.495979786,5.832001209,1,-21.44539261,1,-21.57596207,1,-5.089621067,1,-1.462323666,1,1.96493721,1,0.368448168,1,-0.283942759,1,0.469796926,1
2.499981403,2.192978382,1,-16.16781235,1,-19.01544952,1,-4.992506504,1,-1.442824006,1,1.716244102,1,0.346533656,1,-0.292199671,1,0.474795669,1
2.503978968,0.055477791,1,-12.84681511,1,-13.89603806,1,-5.125975609,1,-1.513380051,1,1.329664111,1,0.325119913,1,-0.29963389,1,0.478773326,1
2.507978678,-0.47892797,1,-4.050088882,1,-9.942343712,1,-4.969552994,1,-1.962818861,1,1.087600708,1,0.304192185,1,-0.30755794,1,0.481421381,1
2.511980534,-5.561785698,1,6.741060257,1,-8.419898033,1,-4.378292561,1,-2.633849382,1,0.848918259,1,0.28520292,1,-0.31747818,1,0.482578337,1
2.515978336,-14.52443218,1,12.3748827,1,-11.13820362,1,-3.799465418,1,-3.220497131,1,0.621145785,1,0.269145101,1,-0.329631746,1,0.482108802,1
2.519977808,-19.51940727,1,14.73742294,1,-13.2939043,1,-3.066540241,1,-3.358735561,1,0.51208204,1,0.255798638,1,-0.343072385,1,0.480779499,1
2.523979187,-26.78500175,1,12.26514435,1,-15.92456436,1,-2.849170685,1,-3.078603745,1,0.677786291,1,0.244359568,1,-0.356206954,1,0.479671299,1
2.52797699,-25.23687553,1,15.14218712,1,-18.83304024,1,-2.54639554,1,-2.430947065,1,1.013145208,1,0.23338148,1,-0.367704749,1,0.480409145,1
2.5319767,-21.73376846,1,19.35286903,1,-19.44366837,1,-2.138450861,1,-1.931422353,1,1.3636235,1,0.222905114,1,-0.377281785,1,0.483294219,1
2.535978556,-16.7199707,1,20.62314415,1,-18.73265076,1,-1.717058539,1,-1.573930025,1,1.497768402,1,0.213519052,1,-0.385328114,1,0.48773393,1
2.53997612,-10.20719814,1,16.95505333,1,-16.23198891,1,-1.303145766,1,-1.50078547,1,1.364901304,1,0.205720782,1,-0.39249301,1,0.492488563,1
2.543975592,-5.527932644,1,7.90708828,1,-13.45710468,1,-1.022194505,1,-1.576019168,1,1.110034943,1,0.199600607,1,-0.399470359,1,0.496416807,1
2.547977209,-5.18530941,1,1.349033713,1,-11.40762329,1,-0.885118902,1,-1.677105546,1,0.832383156,1,0.194737002,1,-0.406637937,1,0.499189943,1
2.551974773,-4.890595436,1,-2.969207525,1,-9.916308403,1,-0.778986275,1,-1.710664749,1,0.574325502,1,0.190793961,1,-0.413835645,1,0.500765979,1
2.555974483,-4.596869946,1,-1.695577145,1,-9.723845482,1,-0.719548345,1,-1.725902319,1,0.379354417,1,0.187534273,1,-0.420944273,1,0.501392722,1
2.559975863,-5.058738708,1,1.854534507,1,-10.11765575,1,-0.610951006,1,-1.738291264,1,0.267304808,1,0.184865013,1,-0.427997112,1,0.501347542,1
2.563973665,-7.160345554,1,5.479507923,1,-10.59524727,1,-0.517897129,1,-1.602324367,1,0.280836016,1,0.182666317,1,-0.434778571,1,0.501157165,1
2.567973375,-7.007870197,1,8.819132805,1,-10.66930008,1,-0.334222645,1,-1.468043327,1,0.3033171,1,0.180904314,1,-0.441005111,1,0.501222432,1
2.571974993,-6.562473297,1,9.754419327,1,-10.34134865,1,-0.113254793,1,-1.362393737,1,0.314785004,1,0.179903448,1,-0.446802944,1,0.501452088,1
2.575972557,-5.699059963,1,7.416632652,1,-9.913463593,1,0.082189828,1,-1.325406075,1,0.274579495,1,0.179748476,1,-0.452307224,1,0.501674712,1
2.579972506,-5.259540081,1,2.981287479,1,-9.376329422,1,0.1983428,1,-1.298289299,1,0.222103715,1,0.180310607,1,-0.457655817,1,0.501717806,1
2.5839746,-5.65528059,1,-2.490604639,1,-8.84779644,1,0.232563794,1,-1.294167757,1,0.178830177,1,0.181280017,1,-0.462892354,1,0.501558423,1
2.587972879,-5.95054388,1,-6.155620098,1,-7.986927032,1,0.17309542,1,-1.240271449,1,0.130130485,1,0.182235658,1,-0.467983067,1,0.501224935,1
2.591972351,-5.717579842,1,-6.32446146,1,-8.041145325,1,0.100526646,1,-1.201536179,1,0.08311297,1,0.183028877,1,-0.472861886,1,0.500708401,1
2.595974207,-5.395510197,1,-5.215511799,1,-8.553202629,1,0.058847811,1,-1.214198589,1,0.054282457,1,0.183663324,1,-0.477651775,1,0.499981374,1
2.599977732,-6.521854401,1,-3.262502193,1,-9.327602386,1,0.015618992,1,-1.136929035,1,0.063498817,1,0.184123158,1,-0.482337296,1,0.499281734,1
2.603977203,-5.113564968,1,-0.651982427,1,-10.12026024,1,0.005074285,1,-1.075570107,1,0.038097039,1,0.184480995,1,-0.486705333,1,0.498577982,1
2.607979059,-5.580940247,1,0.188329741,1,-9.834797859,1,0.021542415,1,-1.014442682,1,0.056925192,1,0.184845358,1,-0.490858287,1,0.497914255,1
2.611976624,-6.139774323,1,-0.002547655,1,-9.883876801,1,0.053597413,1,-0.955318272,1,0.07798969,1,0.185257047,1,-0.494785875,1,0.497386664,1
2.615976095,-6.318714142,1,-1.030822992,1,-9.565042496,1,0.074280798,1,-0.882403493,1,0.062389135,1,0.185710505,1,-0.498443216,1,0.496958435,1
2.619977713,-6.848464489,1,-2.870927095,1,-8.874101639,1,0.08545392,1,-0.827382386,1,0.037905402,1,0.186291978,1,-0.50184983,1,0.496449292,1
2.623975515,-6.426967144,1,-3.171759367,1,-8.827970505,1,0.082005285,1,-0.771763444,1,-0.003836995,1,0.186918318,1,-0.504999459,1,0.495862335,1
2.627974749,-6.300777435,1,-2.766433001,1,-8.973579407,1,0.083265103,1,-0.751359403,1,-0.023775443,1,0.187591508,1,-0.507979095,1,0.495131403,1
2.631976366,-6.416547298,1,-1.998622775,1,-9.238334656,1,0.082784213,1,-0.715944529,1,-0.04571734,1,0.188316673,1,-0.510831177,1,0.494334966,1
2.635974169,-6.211648464,1,-1.103885055,1,-9.543210983,1,0.115327924,1,-0.669628203,1,-0.061270926,1,0.189111948,1,-0.513498187,1,0.493495196,1
2.639973879,-5.926858425,1,-0.559264779,1,-9.317277908,1,0.124375097,1,-0.624810159,1,-0.067650646,1,0.190011844,1,-0.515998125,1,0.492634147,1
2.643975496,-5.230028629,1,-1.043394089,1,-9.125819206,1,0.150556013,1,-0.617976367,1,-0.101105988,1,0.191035166,1,-0.518370926,1,0.491708219,1
2.647973061,-5.525388241,1,-1.448846936,1,-8.914952278,1,0.163833886,1,-0.609649062,1,-0.116409391,1,0.192170471,1,-0.520705342,1,0.490684301,1
2.651972532,-5.298806667,1,-1.225034595,1,-8.808116913,1,0.175073519,1,-0.596479177,1,-0.134080842,1,0.193393856,1,-0.522973478,1,0.489584088,1
2.655974388,-5.512648582,1,-0.795418024,1,-8.800711632,1,0.2030738,1,-0.586589992,1,-0.158701539,1,0.194752365,1,-0.525191784,1,0.488382638,1
2.659972191,-5.887141228,1,-0.664725006,1,-8.862782478,1,0.226435319,1,-0.548695028,1,-0.170291826,1,0.196226522,1,-0.527290225,1,0.487135112,1
2.663971901,-5.191274166,1,-0.743428826,1,-8.950331688,1,0.254215747,1,-0.536541939,1,-0.175890803,1,0.197839692,1,-0.529275,1,0.485861659,1
2.66797328,-5.499935627,1,-1.162234068,1,-8.854471207,1,0.259331226,1,-0.522145391,1,-0.166606873,1,0.199512586,1,-0.531234264,1,0.484586537,1
2.671971083,-4.986935139,1,-1.778954864,1,-8.899578094,1,0.26605776,1,-0.521499574,1,-0.154313624,1,0.201181203,1,-0.533137381,1,0.483370215,1
2.675970554,-5.09115696,1,-1.902617335,1,-8.775899887,1,0.246857017,1,-0.527523458,1,-0.150768533,1,0.20281665,1,-0.535077333,1,0.482189119,1
2.679972172,-5.429666519,1,-1.955929875,1,-8.77809906,1,0.248132691,1,-0.53115356,1,-0.149237737,1,0.204427764,1,-0.537052333,1,0.48099786,1
2.683969736,-5.066679955,1,-1.573246717,1,-8.708537102,1,0.260205925,1,-0.528985679,1,-0.157561302,1,0.206047937,1,-0.538977504,1,0.479814112,1
2.687969208,-5.289320469,1,-1.339449167,1,-8.659250259,1,0.28343761,1,-0.536116123,1,-0.160212889,1,0.207781002,1,-0.540940762,1,0.478581876,1
2.691971064,-5.311066151,1,-1.616840124,1,-8.529621124,1,0.284752399,1,-0.522958398,1,-0.154123276,1,0.209550589,1,-0.542885542,1,0.477348387,1
2.695968866,-5.280910969,1,-1.932343364,1,-8.458042145,1,0.289470017,1,-0.51786691,1,-0.144776344,1,0.211312443,1,-0.544801652,1,0.476152301,1
2.699968338,-5.044555187,1,-2.335166693,1,-8.247204781,1,0.286534965,1,-0.517335832,1,-0.131898314,1,0.213068962,1,-0.546701908,1,0.475015461,1
2.703969955,-4.69335413,1,-2.350295544,1,-8.366577148,1,0.288801819,1,-0.529104769,1,-0.115609057,1,0.206278667,1,-0.558142781,1,0.460425436,1
2.707967758,-5.850852013,1,-2.318637371,1,-8.303059578,1,0.264505535,1,-0.531005979,1,-0.097194433,1,0.207986757,1,-0.560091376,1,0.459115982,1
2.71196723,-4.602864265,1,-2.220812082,1,-8.134542465,1,0.277668208,1,-0.530568004,1,-0.102533095,1,0.209577814,1,-0.562019646,1,0.458141416,1
2.715969086,-5.409879208,1,-2.265224218,1,-7.911329746,1,0.255097091,1,-0.531695545,1,-0.08501368,1,0.211154222,1,-0.564031601,1,0.457181901,1
2.71997261,-5.240544796,1,-2.371243238,1,-7.873309612,1,0.237784356,1,-0.517600477,1,-0.061908428,1,0.212599501,1,-0.566015959,1,0.456327945,1
2.723972321,-5.110846043,1,-2.550755501,1,-7.862211704,1,0.217630997,1,-0.511003792,1,-0.021657879,1,0.213883698,1,-0.568002701,1,0.455625862,1
2.727973938,-4.72800684,1,-2.712667704,1,-7.790527344,1,0.18439953,1,-0.517809629,1,0.008644393,1,0.214987844,1,-0.569999576,1,0.455065906,1
2.731971502,-4.753025532,1,-2.939709663,1,-7.68040514,1,0.175612494,1,-0.532495439,1,0.047005214,1,0.215935737,1,-0.572078764,1,0.454661131,1
2.735971212,-5.184136391,1,-3.104315281,1,-7.475541115,1,0.11803288,1,-0.523627222,1,0.083033621,1,0.21665439,1,-0.574194729,1,0.454419553,1
2.739973068,-4.881870747,1,-3.388597727,1,-7.409265995,1,0.075860471,1,-0.516430199,1,0.121190041,1,0.217097685,1,-0.576306283,1,0.454355627,1
2.743970871,-5.190610409,1,-3.519026279,1,-7.126440048,1,0.02536149,1,-0.523427308,1,0.153290913,1,0.217256695,1,-0.578453124,1,0.454454422,1
2.747970581,-5.247024059,1,-3.766026974,1,-7.094943523,1,-0.05059259,1,-0.511439323,1,0.187701613,1,0.21706596,1,-0.580624282,1,0.454719484,1
2.751972198,-5.081727505,1,-3.76011157,1,-7.089797974,1,-0.118728012,1,-0.506086707,1,0.217034861,1,0.216490358,1,-0.582787156,1,0.45514217,1
2.755969763,-5.301971436,1,-3.590103865,1,-7.006390095,1,-0.179396927,1,-0.499793828,1,0.260396123,1,0.215566441,1,-0.584953308,1,0.45574224,1
2.759969234,-5.183537006,1,-3.463078022,1,-7.082956314,1,-0.258124888,1,-0.486877024,1,0.289702058,1,0.21424751,1,-0.58711797,1,0.456533462,1
2.76397109,-5.226194382,1,-3.466058493,1,-6.988560677,1,-0.326813847,1,-0.47316435,1,0.328919768,1,0.212548152,1,-0.589260995,1,0.457503915,1
2.76796937,-5.482394218,1,-3.668390989,1,-7.011343956,1,-0.395530254,1,-0.459029406,1,0.364103556,1,0.210463911,1,-0.591376543,1,0.458665848,1
2.77196908,-5.432870388,1,-3.654974699,1,-7.136389256,1,-0.469653636,1,-0.437034428,1,0.386441022,1,0.207992762,1,-0.593445599,1,0.45998311,1
2.775970459,-5.600252628,1,-3.409454584,1,-7.141010284,1,-0.531806231,1,-0.415640712,1,0.420859486,1,0.205149382,1,-0.5954476,1,0.461460382,1
2.779968262,-5.995509148,1,-3.561807156,1,-7.171296597,1,-0.582849085,1,-0.392157525,1,0.449234188,1,0.201995239,1,-0.597398281,1,0.463118613,1
2.783967733,-6.518163681,1,-3.265176535,1,-7.187641144,1,-0.633851111,1,-0.346272439,1,0.465487272,1,0.198542103,1,-0.599219799,1,0.464925587,1
2.787969589,-6.42087698,1,-3.077161074,1,-7.053406715,1,-0.671273112,1,-0.283203632,1,0.497219235,1,0.194816396,1,-0.600832283,1,0.466918021,1
2.791967154,-6.346539021,1,-3.144956112,1,-7.033616066,1,-0.732684255,1,-0.217185587,1,0.521167994,1,0.190752476,1,-0.602201045,1,0.469130278,1
2.795966625,-6.459012985,1,-2.969046593,1,-7.063822746,1,-0.771000803,1,-0.165841654,1,0.527549088,1,0.186426893,1,-0.603361726,1,0.471463025,1
2.799968481,-6.600896835,1,-2.763069868,1,-7.169157028,1,-0.824714184,1,-0.10624519,1,0.543715775,1,0.181857109,1,-0.604299128,1,0.47390309,1
2.803966284,-6.702366829,1,-2.321011543,1,-7.000889778,1,-0.835652471,1,-0.036639184,1,0.55188328,1,0.17709893,1,-0.604967117,1,0.47644189,1
2.807965755,-6.74337244,1,-2.293010712,1,-6.751503468,1,-0.879758596,1,0.058944728,1,0.567706883,1,0.17210035,1,-0.605312109,1,0.479159325,1
2.811967373,-6.19370985,1,-2.093941689,1,-6.893527985,1,-0.902154803,1,0.122299284,1,0.561992824,1,0.16692394,1,-0.605321467,1,0.481961489,1
2.815965414,-6.632423878,1,-1.566946149,1,-6.99702692,1,-0.914728999,1,0.175195679,1,0.569453835,1,0.161712945,1,-0.605128169,1,0.48475787,1
2.819965124,-5.916435242,1,-1.772300005,1,-6.901202202,1,-0.932789028,1,0.260559469,1,0.56924051,1,0.156321809,1,-0.604606271,1,0.487690449,1
2.82396698,-5.901695251,1,-1.513606787,1,-7.196894646,1,-0.944837332,1,0.275311917,1,0.544354975,1,0.150930911,1,-0.603888094,1,0.49055931,1
2.827964783,-5.621142387,1,-0.669371963,1,-7.215997219,1,-0.934340477,1,0.334081471,1,0.542029917,1,0.145542622,1,-0.603006303,1,0.493405282,1
2.831964254,-5.302906036,1,-0.292633772,1,-7.676079273,1,-0.916119874,1,0.33488524,1,0.518771887,1,0.140297711,1,-0.601976693,1,0.496167213,1
2.835965633,-5.310526371,1,0.143536523,1,-7.907723427,1,-0.883499384,1,0.34893328,1,0.499144226,1,0.13518545,1,-0.6008991,1,0.498826474,1
2.839969635,-5.161476612,1,0.265101582,1,-8.306145668,1,-0.828754544,1,0.338496447,1,0.466376305,1,0.130343258,1,-0.599788785,1,0.501359463,1
2.843969584,-5.103519917,1,0.31839022,1,-8.42280674,1,-0.78317821,1,0.334559053,1,0.430584699,1,0.125781775,1,-0.598680258,1,0.50372684,1
2.847970963,-4.675494194,1,0.525523841,1,-8.730531693,1,-0.733360648,1,0.303028017,1,0.400971413,1,0.121509433,1,-0.59760493,1,0.505918145,1
2.851969004,-4.970740795,1,0.877047241,1,-8.961201668,1,-0.675893843,1,0.264822245,1,0.368718356,1,0.117555231,1,-0.59665972,1,0.507929504,1
2.855968475,-5.063029766,1,1.428226113,1,-9.210301399,1,-0.591642201,1,0.236544162,1,0.327364922,1,0.113992378,1,-0.595832944,1,0.509745657,1
2.859970093,-4.669802189,1,1.535105467,1,-9.260396004,1,-0.501954675,1,0.184636369,1,0.288009644,1,0.110902123,1,-0.595128655,1,0.51134634,1
2.863967657,-4.89593792,1,1.445348024,1,-9.190759659,1,-0.428879708,1,0.131040156,1,0.231194556,1,0.108299553,1,-0.594602108,1,0.512666285,1
2.867967129,-5.027778625,1,1.4015944,1,-9.218400002,1,-0.354593962,1,0.09533263,1,0.185049295,1,0.106143214,1,-0.594243705,1,0.51372242,1
2.871968746,-5.459815025,1,1.272528291,1,-9.135748863,1,-0.282388628,1,0.066377066,1,0.15214166,1,0.104401357,1,-0.593998075,1,0.514558673,1
2.875966787,-4.71761179,1,1.093701482,1,-9.135435104,1,-0.20600453,1,0.020085152,1,0.094061621,1,0.10308747,1,-0.593848765,1,0.515165448,1
2.879966259,-4.883450985,1,0.829383314,1,-9.041762352,1,-0.155465782,1,-0.024224715,1,0.057768736,1,0.102158643,1,-0.593898892,1,0.51553452,1
2.883968115,-5.017234325,1,0.595979512,1,-8.964179039,1,-0.102681108,1,-0.063371897,1,0.028974477,1,0.101530455,1,-0.594104826,1,0.515722454,1
2.887965679,-5.051203728,1,0.278637201,1,-8.780183792,1,-0.060076784,1,-0.096823342,1,0.005662319,1,0.101196334,1,-0.594434261,1,0.515767217,1
2.891965151,-5.158470154,1,0.020397224,1,-8.679216385,1,-0.036454342,1,-0.129007936,1,-0.005289477,1,0.101057015,1,-0.594887733,1,0.515711129,1
2.895967007,-5.042023182,1,-0.419441402,1,-8.558405876,1,-0.004170652,1,-0.155089572,1,-0.01731813,1,0.101055823,1,-0.595455229,1,0.515578747,1
2.899964571,-5.730919838,1,-0.8450284,1,-8.778058052,1,-0.013725973,1,-0.184141725,1,0.006762969,1,0.101111025,1,-0.596129775,1,0.515448749,1
2.903964043,-4.15157032,1,-1.077046037,1,-8.546550751,1,0.003062523,1,-0.185816899,1,-0.008446652,1,0.10110642,1,-0.596791804,1,0.515380681,1
2.90796566,-5.072219849,1,-1.444053769,1,-8.3860569,1,-0.022384252,1,-0.237896785,1,0.006270654,1,0.101142943,1,-0.597655118,1,0.515261412,1
2.911963463,-5.409780979,1,-1.492048264,1,-8.263000488,1,-0.029851191,1,-0.248682961,1,0.01767488,1,0.101069674,1,-0.598631024,1,0.515194356,1
2.915963173,-5.554376602,1,-1.631219029,1,-8.224104881,1,-0.058237359,1,-0.25894922,1,0.044597361,1,0.100877516,1,-0.599656701,1,0.515223205,1
2.91996479,-4.647243023,1,-1.519541621,1,-7.957215786,1,-0.058888938,1,-0.246617511,1,0.055708569,1,0.100510158,1,-0.600657463,1,0.515387714,1
2.923962116,-5.555753708,1,-1.657922029,1,-7.910058498,1,-0.086066224,1,-0.277077705,1,0.064035341,1,0.100151666,1,-0.601751804,1,0.51553756,1
2.927961826,-6.288485527,1,-1.435079336,1,-7.892487049,1,-0.101084657,1,-0.244173601,1,0.1003282,1,0.099634118,1,-0.602831542,1,0.515801132,1
2.931963444,-5.277793407,1,-1.643807173,1,-7.980983257,1,-0.102844805,1,-0.235554084,1,0.099476114,1,0.099017829,1,-0.603806198,1,0.516178012,1
2.935961008,-5.630181313,1,-1.793730617,1,-7.905993938,1,-0.137208089,1,-0.24130404,1,0.127785116,1,0.098290525,1,-0.604803324,1,0.516605854,1
2.939960718,-5.326401234,1,-1.68533349,1,-7.892313957,1,-0.145796433,1,-0.228580177,1,0.138781309,1,0.097414024,1,-0.605773091,1,0.517134368,1
2.943962336,-5.475088596,1,-1.747034311,1,-7.950881958,1,-0.167282537,1,-0.225437045,1,0.175253481,1,0.096404456,1,-0.606746137,1,0.517799795,1
2.947960138,-5.311758518,1,-1.750846863,1,-8.02833271,1,-0.171564505,1,-0.23087506,1,0.196178213,1,0.095252328,1,-0.607716978,1,0.518602073,1
2.95195961,-5.4336133,1,-1.728231788,1,-7.996500969,1,-0.197114825,1,-0.235542774,1,0.219049498,1,0.094014406,1,-0.608732462,1,0.519488871,1
2.955960989,-5.475535393,1,-1.396740556,1,-8.12853241,1,-0.20874992,1,-0.23286818,1,0.237809762,1,0.093754441,1,-0.60974586,1,0.519630551,1
2.959964752,-5.385793209,1,-1.233880997,1,-8.247573853,1,-0.208863378,1,-0.248030886,1,0.259188384,1,0.092290953,1,-0.610798001,1,0.520732522,1
2.963964224,-5.342066765,1,-1.141704679,1,-8.295981407,1,-0.208133936,1,-0.264385998,1,0.266921818,1,0.090795137,1,-0.611920416,1,0.521893501,1
2.967965603,-5.104498386,1,-0.998201489,1,-8.426549911,1,-0.202963993,1,-0.285679072,1,0.267759562,1,0.089290462,1,-0.613109887,1,0.523077726,1
2.971963406,-5.02406311,1,-0.816966057,1,-8.62815094,1,-0.175997749,1,-0.315144718,1,0.279218048,1,0.087832667,1,-0.614409804,1,0.524285078,1
2.975962877,-5.082356453,1,-0.856688142,1,-8.630590439,1,-0.174505606,1,-0.361232579,1,0.281634599,1,0.086421959,1,-0.615866721,1,0.525508642,1
2.979964733,-5.160564899,1,-0.881747186,1,-8.771105766,1,-0.161263674,1,-0.405987352,1,0.283926249,1,0.085056536,1,-0.617481291,1,0.526723862,1
2.983962297,-4.627287388,1,-0.88236022,1,-8.733485222,1,-0.208519146,1,-0.453747988,1,0.262380153,1,0.083625406,1,-0.61927861,1,0.527901053,1
2.987961769,-5.049647331,1,0.104046077,1,-8.913166046,1,-0.170090467,1,-0.527124524,1,0.247409508,1,0.08225318,1,-0.621323109,1,0.528937101,1
2.991963625,-5.505223751,1,0.291438758,1,-9.067445755,1,-0.128718153,1,-0.560350835,1,0.238244355,1,0.081093498,1,-0.623569906,1,0.529916465,1
2.995961428,-4.79645443,1,-0.238303795,1,-9.137327194,1,-0.082509153,1,-0.612421751,1,0.224478811,1,0.080147728,1,-0.625966191,1,0.530821502,1
2.999960899,-4.777026653,1,-0.242199332,1,-9.337975502,1,-0.039616831,1,-0.696274817,1,0.210356995,1,0.079429016,1,-0.628649533,1,0.531620502,1
3.003962278,-4.820903301,1,-0.404462069,1,-9.620469093,1,-0.008725232,1,-0.780287147,1,0.211226761,1,0.078881659,1,-0.631650507,1,0.532369614,1
3.007960081,-4.633524418,1,-0.710376203,1,-9.665007591,1,0.023328181,1,-0.860802174,1,0.222882062,1,0.078479938,1,-0.634976804,1,0.53310734,1
3.011959791,-4.454267502,1,-1.29229188,1,-9.884886742,1,0.021360502,1,-0.972408712,1,0.227686465,1,0.078139327,1,-0.638697267,1,0.533856213,1
3.015961409,-4.451561451,1,-0.652699947,1,-10.1140728,1,0.058625069,1,-1.098258376,1,0.232620791,1,0.077838972,1,-0.642888367,1,0.534595311,1
3.019958735,-4.562560558,1,-1.406653166,1,-10.63380241,1,0.055334859,1,-1.216825247,1,0.251340121,1,0.07764028,1,-0.647591233,1,0.535361588,1
3.023958445,-3.799968958,1,-0.810599983,1,-10.391469,1,0.045112882,1,-1.363462448,1,0.246124566,1,0.077375285,1,-0.652799368,1,0.536114633,1
3.027960062,-4.199672222,1,-0.08423318,1,-11.14996529,1,0.089760102,1,-1.504344463,1,0.242635056,1,0.077240989,1,-0.658596754,1,0.536784053,1
3.031957865,-3.928063631,1,0.243752524,1,-11.36860275,1,0.134815156,1,-1.667107105,1,0.221000195,1,0.07732705,1,-0.664983988,1,0.537339747,1
3.035957575,-3.810587406,1,0.024919853,1,-12.20415974,1,0.1803727,1,-1.872526407,1,0.200670555,1,0.077725783,1,-0.672102273,1,0.537703037,1
3.039958954,-3.616969109,1,-1.193602443,1,-12.79978085,1,0.183471099,1,-2.085065603,1,0.201180905,1,0.078306384,1,-0.680061698,1,0.537938416,1
3.043956757,-2.787382126,1,-1.874693751,1,-12.82844448,1,0.166695431,1,-2.358732939,1,0.190059468,1,0.07895989,1,-0.68896842,1,0.53803128,1
3.047956228,-3.258416176,1,-2.325298548,1,-13.45241261,1,0.185403004,1,-2.621595383,1,0.237122849,1,0.079626001,1,-0.698974192,1,0.538086414,1
3.051957846,-3.474550724,1,-3.127333641,1,-13.67331791,1,0.180566326,1,-2.88947916,1,0.294682324,1,0.080200642,1,-0.710035026,1,0.538339317,1
3.05595541,-2.861702442,1,-4.164356232,1,-14.03817844,1,0.166187063,1,-3.187164307,1,0.382815897,1,0.080579892,1,-0.722257733,1,0.538821816,1
3.059954882,-2.217190742,1,-3.841835737,1,-13.4414959,1,0.106335595,1,-3.495082617,1,0.439240128,1,0.080609664,1,-0.735689282,1,0.539583266,1
3.063956499,-2.742066383,1,-3.285062313,1,-14.33333492,1,0.1068758,1,-3.83338809,1,0.505844891,1,0.080371201,1,-0.750441372,1,0.540528417,1
3.06795454,-4.957983971,1,-3.992022276,1,-16.1559639,1,0.026696559,1,-4.256239414,1,0.65200597,1,0.079718731,1,-0.766730547,1,0.541905046,1
3.071954012,-1.625788927,1,-2.584690332,1,-14.0091753,1,0.103102155,1,-4.608178139,1,0.634768724,1,0.078757308,1,-0.784546793,1,0.543571591,1
3.075955629,-1.797267675,1,-1.615409732,1,-14.95516396,1,0.234813392,1,-5.20063591,1,0.681369424,1,0.078332193,1,-0.804326355,1,0.545095205,1
3.079959393,-4.672625065,1,-2.862459898,1,-16.56714058,1,0.324930459,1,-5.649537086,1,0.819689155,1,0.078101613,1,-0.826229334,1,0.546995044,1
3.083958864,-4.953155994,1,-3.870363951,1,-16.93199539,1,0.41299808,1,-6.134491444,1,0.929396927,1,0.07779409,1,-0.849914014,1,0.549394131,1
3.087960482,-7.154592991,1,-4.588955879,1,-19.58602905,1,0.494976819,1,-6.651366711,1,1.166895509,1,0.077004224,1,-0.875820339,1,0.552751243,1
3.091958284,-0.718271792,1,-3.344865561,1,-15.45070648,1,0.72213465,1,-7.001340389,1,1.386532307,1,0.075684793,1,-0.903371632,1,0.557583094,1
3.095957756,1.886331081,1,-1.509498,1,-16.92788315,1,0.987249255,1,-7.748653889,1,1.567128539,1,0.074286118,1,-0.933185458,1,0.56361109,1
3.099959373,-7.160019398,1,-4.904530048,1,-21.1812191,1,1.116153359,1,-8.247398376,1,1.880158901,1,0.072259516,1,-0.965772271,1,0.571415782,1
3.103956938,-14.38953114,1,-10.82621193,1,-24.72937012,1,0.829591215,1,-8.063996315,1,2.091037273,1,0.067834593,1,-0.998993099,1,0.581526816,1
3.107956648,-14.4064188,1,-12.29508972,1,-22.63232422,1,0.321285367,1,-7.75853157,1,2.30414772,1,0.05917595,1,-1.031077504,1,0.59437716,1
3.111958265,-9.242632866,1,-11.88805485,1,-21.20884514,1,-0.07564529,1,-7.75308466,1,2.584472418,1,0.045600068,1,-1.062464237,1,0.610567093,1
3.115956068,-14.95770645,1,-9.74140358,1,-22.59362221,1,-0.419335634,1,-7.776141644,1,2.788192987,1,0.026654905,1,-1.094035268,1,0.630960226,1
3.119955778,-18.18226624,1,-8.074420929,1,-21.93169022,1,-0.69083643,1,-7.353674889,1,3.102769375,1,0.001696081,1,-1.12446785,1,0.656323195,1
3.123957157,-13.5216608,1,-7.633350849,1,-18.83265114,1,-0.949179947,1,-7.217102051,1,3.296323299,1,-0.030453591,1,-1.153357267,1,0.688099027,1
3.12795496,-11.1150732,1,-7.315784454,1,-17.43491364,1,-1.047882557,1,-7.323973179,1,3.416345835,1,-0.069306917,1,-1.181716561,1,0.725951433,1
3.131954432,-15.52885818,1,-5.394035816,1,-19.56796646,1,-1.031212687,1,-7.269133091,1,3.466028452,1,-0.11524681,1,-1.209638119,1,0.770823002,1
3.135956049,-17.3949604,1,-5.604180813,1,-17.97878456,1,-1.013960361,1,-6.924787045,1,3.607954025,1,-0.168901399,1,-1.235697031,1,0.823573887,1
3.139953613,-12.98236752,1,-7.307920456,1,-13.19648647,1,-1.115361333,1,-6.800855637,1,3.640084982,1,-0.231939763,1,-1.259696722,1,0.885604978,1
3.143953085,-10.69353104,1,-6.829311848,1,-13.208395,1,-1.387297869,1,-6.927356243,1,3.636754036,1,-0.306135178,1,-1.282312989,1,0.958066106,1
3.147954702,-15.7942543,1,-4.552454472,1,-12.51357079,1,-1.43665278,1,-6.592112064,1,3.427417517,1,-0.390910685,1,-1.303022623,1,1.040234447,1
3.151952267,-12.0506258,1,-5.491605759,1,-10.40920067,1,-1.416956902,1,-5.996056557,1,3.374218702,1,-0.483175606,1,-1.320153713,1,1.129856825,1
3.155951977,-10.91153049,1,-5.860249996,1,-12.26862431,1,-1.575532556,1,-5.457993507,1,3.25737524,1,-0.581885636,1,-1.333150744,1,1.225371122,1
3.159953356,-12.56300545,1,-5.187369823,1,-14.02829552,1,-1.518069267,1,-4.754615307,1,3.150125742,1,-0.68260175,1,-1.342089057,1,1.322484016,1
3.163951397,-11.47449398,1,-4.199655056,1,-15.91625404,1,-1.325810075,1,-3.982885838,1,3.006317139,1,-0.778773606,1,-1.346871138,1,1.415296555,1
3.167950869,-8.073676109,1,-3.898878813,1,-16.93173409,1,-0.973968029,1,-3.330894947,1,2.868928194,1,-0.865774751,1,-1.348183513,1,1.499757051,1
3.171952724,-5.597362041,1,-4.067159653,1,-16.63391304,1,-0.628699601,1,-2.777188063,1,2.714232922,1,-0.941676974,1,-1.346946597,1,1.574304819,1
3.175950289,-2.823523998,1,-4.211928368,1,-15.91342258,1,-0.312032819,1,-2.259045839,1,2.519407511,1,-1.005572915,1,-1.343941212,1,1.637935996,1
3.17994976,1.082415223,1,-4.424374104,1,-15.31443787,1,0.061377428,1,-1.840628743,1,2.325015306,1,-1.057439923,1,-1.33983326,1,1.690657496,1
3.183951616,4.014110565,1,-4.650540352,1,-12.95583248,1,0.397941589,1,-1.640182257,1,2.239234686,1,-1.100145459,1,-1.335051298,1,1.735545754,1
3.187949419,5.082773209,1,-3.131335735,1,-10.19608784,1,0.61970365,1,-1.648804903,1,2.055606127,1,-1.137752891,1,-1.330155492,1,1.77635324,1
3.191948891,-5.260278225,1,-3.291469812,1,-10.68993282,1,0.951472461,1,-1.541850686,1,1.900611162,1,-1.171566963,1,-1.325558543,1,1.814362884,1
3.195950508,-9.510800362,1,-5.961353302,1,-12.05315018,1,1.272807956,1,-0.895814061,1,1.811250329,1,-1.196285725,1,-1.32052815,1,1.84449029,1
3.199954271,-4.922700405,1,-8.060845375,1,-12.91084003,1,1.467159629,1,-0.212613091,1,1.561193943,1,-1.208110094,1,-1.315001726,1,1.862391949,1
3.203953981,-0.893464327,1,-9.122974396,1,-12.11328793,1,1.510618091,1,0.329427004,1,1.31376791,1,-1.208862782,1,-1.309543252,1,1.86939013,1
3.20795536,1.931091666,1,-9.081028938,1,-10.52678299,1,1.322590113,1,0.70736438,1,1.128651261,1,-1.202248693,1,-1.304490447,1,1.867639542,1
3.211953163,3.306877851,1,-8.604656219,1,-9.252752304,1,1.19193697,1,0.926218033,1,0.953777432,1,-1.191652298,1,-1.299419761,1,1.861810207,1
3.215952873,4.759430885,1,-7.486746788,1,-8.055906296,1,1.214548826,1,1.047455668,1,0.824938715,1,-1.178561687,1,-1.294638753,1,1.853173852,1
3.219954491,5.522078991,1,-7.078099251,1,-7.092769146,1,1.330107808,1,1.062676191,1,0.709320188,1,-1.163962126,1,-1.290164709,1,1.843281984,1
3.223952055,5.09041214,1,-6.652632236,1,-6.817646027,1,1.420322895,1,1.090996146,1,0.576102972,1,-1.148516536,1,-1.286079526,1,1.832932591,1
3.227951527,4.958730221,1,-5.831537247,1,-6.944854736,1,1.509584188,1,1.150301337,1,0.41616258,1,-1.131657124,1,-1.282397628,1,1.8214643,1
3.231953144,5.00532341,1,-5.184617996,1,-6.974503994,1,1.610725641,1,1.218437314,1,0.252379894,1,-1.113036275,1,-1.279126525,1,1.808536768,1
3.235950947,4.999384403,1,-4.656075478,1,-6.742250443,1,1.736799598,1,1.273557425,1,0.079367034,1,-1.092568636,1,-1.276279688,1,1.794152021,1
3.239950418,4.654901028,1,-4.355377197,1,-6.412676334,1,1.896450877,1,1.299701214,1,-0.104628325,1,-1.070280671,1,-1.273906112,1,1.778437734,1
3.243951797,3.894276619,1,-4.260137558,1,-6.336991787,1,2.058684826,1,1.330841422,1,-0.281742305,1,-1.046200871,1,-1.271998286,1,1.761530876,1
3.2479496,2.897459507,1,-4.225651264,1,-6.581365108,1,2.198544741,1,1.393237472,1,-0.467312038,1,-1.020105124,1,-1.270492792,1,1.743138075,1
3.251949072,2.158297539,1,-4.284920216,1,-6.900984764,1,2.311871052,1,1.488043189,1,-0.656643927,1,-0.991552055,1,-1.269309282,1,1.722688913,1
3.255950689,1.566231132,1,-4.333657265,1,-7.208222389,1,2.39343071,1,1.60357213,1,-0.843920648,1,-0.960279047,1,-1.268331528,1,1.699802399,1
3.259948254,1.085579038,1,-4.48582983,1,-7.37839222,1,2.442248583,1,1.732021093,1,-1.036476612,1,-0.926249802,1,-1.267455697,1,1.674290419,1
3.263947725,0.567103088,1,-4.523452759,1,-7.538584709,1,2.464545012,1,1.857653618,1,-1.21848321,1,-0.889509916,1,-1.266597033,1,1.646084309,1
3.267949581,-0.055118259,1,-4.279434681,1,-7.792489052,1,2.477607965,1,1.987178087,1,-1.414267778,1,-0.850136042,1,-1.265671015,1,1.615165114,1
3.271947145,-0.723973393,1,-4.002969742,1,-8.008641243,1,2.487959146,1,2.130476952,1,-1.598050237,1,-0.808067322,1,-1.264556408,1,1.581464052,1
3.275946856,-1.231144786,1,-3.63005805,1,-8.291073799,1,2.491471052,1,2.290322542,1,-1.786925912,1,-0.763274372,1,-1.263100386,1,1.544918418,1
3.279948473,-1.631084919,1,-3.209649563,1,-8.508724213,1,2.493670225,1,2.447546005,1,-1.969439507,1,-0.715885103,1,-1.261166692,1,1.505637646,1
3.283946276,-1.868653417,1,-2.735717535,1,-8.765907288,1,2.503990889,1,2.60693121,1,-2.150666475,1,-0.666056156,1,-1.258625746,1,1.463795781,1
3.287945747,-2.111752272,1,-2.195276499,1,-9.023996353,1,2.521229744,1,2.7452631,1,-2.331558228,1,-0.614149451,1,-1.255393863,1,1.419786334,1
3.291947365,-2.429695606,1,-1.578115225,1,-9.330423355,1,2.555660009,1,2.888883352,1,-2.51525259,1,-0.560395539,1,-1.251374483,1,1.373887897,1
3.295944929,-2.781558752,1,-0.927070498,1,-9.705780983,1,2.588759184,1,3.018808365,1,-2.697012424,1,-0.505192399,1,-1.24649024,1,1.326532006,1
3.299944639,-3.152445316,1,-0.212154388,1,-10.00274944,1,2.616812229,1,3.1510427,1,-2.876932859,1,-0.448897064,1,-1.240638375,1,1.278068662,1
3.303946495,-3.476995468,1,0.162872598,1,-10.21157074,1,2.648206949,1,3.277282,1,-3.050450802,1,-0.3919487,1,-1.233743906,1,1.228949785,1
3.307944298,-3.763034344,1,0.389338136,1,-10.42750549,1,2.66124773,1,3.394593716,1,-3.203877211,1,-0.335000515,1,-1.22571063,1,1.179796696,1
3.311944008,-4.023331165,1,0.678189039,1,-10.63527966,1,2.634948015,1,3.508694172,1,-3.343271971,1,-0.278717101,1,-1.216503263,1,1.131169915,1
3.315945625,-4.378979683,1,1.030941963,1,-10.95714188,1,2.577637196,1,3.616015673,1,-3.452978134,1,-0.223801136,1,-1.206089377,1,1.083655357,1
3.319949389,-4.681059361,1,1.494855046,1,-11.26799679,1,2.512204885,1,3.717612028,1,-3.544706345,1,-0.170849741,1,-1.194448471,1,1.03777945,1
3.323949099,-4.995290279,1,1.998028159,1,-11.55911446,1,2.428180933,1,3.820986032,1,-3.599206448,1,-0.120424777,1,-1.181603074,1,0.994077861,1
3.327950478,-5.418063164,1,2.559552431,1,-11.89847374,1,2.338873386,1,3.920353174,1,-3.626832485,1,-0.072921522,1,-1.167592645,1,0.952919841,1
3.331948519,-5.829153538,1,3.157156229,1,-12.24557495,1,2.248517513,1,4.022811413,1,-3.620132446,1,-0.028664125,1,-1.152455807,1,0.914646208,1
3.33594799,-6.41457653,1,3.762525558,1,-12.53524876,1,2.157539368,1,4.132042885,1,-3.5868783,1,0.012183004,1,-1.136265993,1,0.879471958,1
3.339949608,-6.934073925,1,4.338377953,1,-12.9314642,1,2.056320906,1,4.257884502,1,-3.521005154,1,0.049470384,1,-1.119052768,1,0.847532988,1
3.343947172,-7.47819376,1,4.850625992,1,-13.11723995,1,1.952017784,1,4.392487049,1,-3.416602135,1,0.083100453,1,-1.100873232,1,0.818941832,1
3.347947121,-7.852626801,1,5.512822151,1,-13.214674,1,1.853596926,1,4.536537647,1,-3.28687048,1,0.113026351,1,-1.081781745,1,0.793793976,1
3.3519485,-8.092701912,1,6.100143909,1,-13.28690052,1,1.769742727,1,4.678119659,1,-3.113237619,1,0.139328733,1,-1.061885476,1,0.772088587,1
3.355946302,-8.151647568,1,6.649991035,1,-13.36023998,1,1.700355053,1,4.819209099,1,-2.917931795,1,0.162152767,1,-1.041294813,1,0.753795445,1
3.359945774,-8.226631165,1,7.28607893,1,-13.59634018,1,1.647224069,1,4.943093777,1,-2.700828552,1,0.181731552,1,-1.020133257,1,0.73876822,1
3.36394763,-8.170236588,1,8.082987785,1,-13.79837227,1,1.624972343,1,5.048256874,1,-2.473881721,1,0.198439822,1,-0.998552382,1,0.726766706,1
3.367945194,-8.170147896,1,8.824968338,1,-14.13792515,1,1.624924302,1,5.138152599,1,-2.238585234,1,0.212621838,1,-0.976672471,1,0.717559874,1
3.371944666,-8.088418007,1,9.413125992,1,-14.49330711,1,1.662046432,1,5.207276821,1,-2.000708818,1,0.224667341,1,-0.954627931,1,0.710906982,1
3.375946522,-8.110806465,1,9.556460381,1,-14.72753334,1,1.705338717,1,5.25590086,1,-1.768549919,1,0.234943852,1,-0.932524621,1,0.706534743,1
3.379944086,-8.568728447,1,9.962359428,1,-15.06542015,1,1.753392458,1,5.309521198,1,-1.525823236,1,0.243707106,1,-0.910433114,1,0.704221606,1
3.383943796,-8.919914246,1,9.932431221,1,-15.35894585,1,1.792618632,1,5.373311996,1,-1.2884835,1,0.251081705,1,-0.888352156,1,0.703868866,1
3.387945414,-9.312850952,1,9.6642313,1,-15.6182766,1,1.825252295,1,5.430429459,1,-1.070669889,1,0.257276028,1,-0.866254807,1,0.705230296,1
3.391943216,-9.779348373,1,9.282166481,1,-15.86881924,1,1.834572554,1,5.496283531,1,-0.858706713,1,0.262428373,1,-0.844149292,1,0.708106637,1
3.395942926,-10.27121544,1,8.79898262,1,-16.13010979,1,1.802917361,1,5.577727795,1,-0.663007796,1,0.26657927,1,-0.821976066,1,0.712337852,1
3.399945021,-10.76278591,1,8.291103363,1,-16.30257034,1,1.743611217,1,5.668504715,1,-0.480118483,1,0.269719303,1,-0.79968214,1,0.717795372,1
3.403942823,-11.03689384,1,7.882155895,1,-16.41975212,1,1.677932262,1,5.753819466,1,-0.302641243,1,0.271910548,1,-0.777256608,1,0.724340975,1
3.407942772,-11.16462421,1,7.703971386,1,-16.50985336,1,1.608522415,1,5.834551811,1,-0.141953081,1,0.2732988,1,-0.754700303,1,0.731816113,1
3.411944151,-11.4886961,1,7.379977226,1,-16.73853493,1,1.559627056,1,5.901150227,1,0.00594899,1,0.274037719,1,-0.732031584,1,0.740074456,1
3.415941954,-11.79148674,1,7.305597782,1,-16.79567909,1,1.519292116,1,5.961275101,1,0.146296039,1,0.274285078,1,-0.709272265,1,0.749022722,1
3.419941425,-12.0539341,1,7.338337421,1,-16.87042999,1,1.501622915,1,6.021704197,1,0.269805491,1,0.274208575,1,-0.686424494,1,0.758541822,1
3.423942804,-12.08447742,1,7.368835449,1,-16.87916565,1,1.515863061,1,6.055462837,1,0.374090105,1,0.274002284,1,-0.663516283,1,0.768520534,1
3.427940607,-12.32524395,1,7.237627506,1,-16.76264572,1,1.551564813,1,6.082801819,1,0.465725869,1,0.273887157,1,-0.640612602,1,0.778825402,1
3.431940317,-12.59201813,1,6.826367378,1,-16.75952721,1,1.597375274,1,6.089215755,1,0.566025853,1,0.273936868,1,-0.617739677,1,0.789447308,1
3.435942173,-12.55933475,1,6.3796978,1,-16.70800018,1,1.644105911,1,6.087868214,1,0.657710135,1,0.274217635,1,-0.594947517,1,0.800324738,1
3.439940214,-12.7350626,1,5.894095898,1,-16.64301491,1,1.694036007,1,6.05774498,1,0.74913156,1,0.274755388,1,-0.572318971,1,0.811469913,1
3.443945646,-12.92163849,1,5.503538132,1,-16.58675194,1,1.746433735,1,6.009034634,1,0.847940981,1,0.275579691,1,-0.549951911,1,0.822849274,1
3.447947264,-13.28825474,1,4.875901699,1,-16.37440491,1,1.792574048,1,5.939365387,1,0.945112467,1,0.276696265,1,-0.527938187,1,0.834471464,1
3.451945066,-13.6347847,1,4.637276173,1,-16.25189209,1,1.832704425,1,5.850989819,1,1.036357164,1,0.278093934,1,-0.506343246,1,0.846292853,1
3.455944538,-14.04271507,1,4.365725517,1,-16.12133217,1,1.883103132,1,5.736258507,1,1.126377106,1,0.279624701,1,-0.485152602,1,0.857831597,1
3.459946156,-14.76205158,1,4.176789761,1,-16.26078415,1,1.947941899,1,5.616605282,1,1.20401895,1,0.281742454,1,-0.464631855,1,0.869940042,1
3.463944197,-15.49707603,1,4.266804695,1,-16.35751152,1,2.021928072,1,5.481440544,1,1.255254388,1,0.284344256,1,-0.444687635,1,0.882101774,1
3.467943668,-16.69591141,1,4.908563137,1,-16.16635323,1,2.137004375,1,5.337836742,1,1.290581703,1,0.287539124,1,-0.425376892,1,0.894223452,1
3.471945524,-17.43071365,1,5.630172729,1,-15.93107796,1,2.304929733,1,5.184710503,1,1.289659262,1,0.291570783,1,-0.406676859,1,0.906196058,1
3.475943089,-18.24053574,1,6.538548946,1,-15.58738518,1,2.534357548,1,5.012595654,1,1.24091506,1,0.29671222,1,-0.388626575,1,0.917880535,1
3.47994256,-19.04121017,1,7.413703442,1,-15.00786877,1,2.821604013,1,4.847364426,1,1.155816436,1,0.30325532,1,-0.371210456,1,0.929098308,1
3.483944416,-20.24099731,1,8.095744133,1,-13.93161106,1,3.168500423,1,4.676538467,1,1.029579163,1,0.311455309,1,-0.354397118,1,0.939729512,1
3.487942219,-21.93131065,1,8.102023125,1,-10.63639832,1,3.554000854,1,4.595975876,1,0.874986589,1,0.321503371,1,-0.337990522,1,0.94969517,1
3.491941929,-24.54504395,1,2.15240097,1,-6.654378414,1,3.921292067,1,4.603271961,1,0.804067492,1,0.333395839,1,-0.321661234,1,0.959275186,1
3.495943308,-27.21640587,1,-3.068833351,1,-3.566269636,1,3.929071426,1,4.692299843,1,0.795918226,1,0.346199751,1,-0.305186868,1,0.968941987,1
3.499941111,-29.71235847,1,-3.844667673,1,-0.991558254,1,3.717624664,1,4.749666691,1,0.882938683,1,0.358547866,1,-0.288609087,1,0.979047954,1
3.503940821,-31.38356972,1,-0.343738765,1,1.57717526,1,3.587128639,1,4.753735065,1,0.960742176,1,0.37016204,1,-0.272164851,1,0.989710093,1
3.507942677,-33.19528198,1,5.111017227,1,3.708026171,1,3.743341923,1,4.667300224,1,0.915304661,1,0.381927013,1,-0.256028086,1,1.000536799,1
3.511940241,-35.07040787,1,11.82727146,1,6.274607182,1,4.177496433,1,4.535030365,1,0.714811087,1,0.395162344,1,-0.240233988,1,1.01087153,1
3.515940189,-35.62380981,1,17.96416283,1,9.251666069,1,4.827922821,1,4.36554718,1,0.418876588,1,0.41097486,1,-0.224753618,1,1.020214677,1
3.519941568,-34.06364059,1,22.34329605,1,12.46963406,1,5.571660995,1,4.112304211,1,0.021510165,1,0.430048794,1,-0.209595025,1,1.028163433,1
3.523939371,-31.9548645,1,24.69741631,1,15.43606472,1,6.297141075,1,3.695009947,1,-0.464395255,1,0.452615649,1,-0.195034966,1,1.034165978,1
3.527939081,-30.69151497,1,23.90403175,1,17.25728798,1,6.802610874,1,3.129063606,1,-0.952851951,1,0.478220999,1,-0.181546748,1,1.037815452,1
3.531940699,-29.99559975,1,19.60327911,1,17.64796638,1,6.889139652,1,2.470617771,1,-1.366706252,1,0.505535305,1,-0.169492051,1,1.039002895,1
3.535938263,-27.94386482,1,11.50640297,1,16.9971981,1,6.406890869,1,1.741629243,1,-1.627710819,1,0.532455027,1,-0.159161553,1,1.037923574,1
3.539937735,-26.24390411,1,1.779147863,1,16.23464012,1,5.325588226,1,1.036613703,1,-1.657367826,1,0.556497574,1,-0.150973558,1,1.035099387,1
3.54393959,-23.72494888,1,-6.813117504,1,15.11499214,1,3.712961912,1,0.344479889,1,-1.489400864,1,0.575260699,1,-0.145228788,1,1.031199813,1
3.547937393,-21.43634033,1,-12.89975357,1,14.32500362,1,1.743820429,1,-0.303296596,1,-1.177557826,1,0.586889982,1,-0.142237395,1,1.026704431,1
3.551936865,-19.1309433,1,-15.72166157,1,13.20325947,1,-0.410250545,1,-0.857333422,1,-0.802672088,1,0.590240419,1,-0.141972139,1,1.022056103,1
3.555938482,-17.75107193,1,-14.69829941,1,11.71482658,1,-2.498491526,1,-1.350610852,1,-0.403481126,1,0.584994078,1,-0.144329071,1,1.017547965,1
3.559936285,-18.80958557,1,-9.838374138,1,9.228916168,1,-4.133542538,1,-1.727781653,1,-0.067456149,1,0.57219857,1,-0.149005115,1,1.013358951,1
3.563941956,-20.74804497,1,-2.758718491,1,6.067564964,1,-5.182435989,1,-1.991301894,1,0.089228906,1,0.554009557,1,-0.15536797,1,1.009413004,1
3.567943573,-23.65510368,1,3.115989208,1,3.547040462,1,-5.62636137,1,-2.095424175,1,0.106863163,1,0.532868564,1,-0.162626922,1,1.00546813,1
3.571941614,-25.02900505,1,9.075051308,1,0.932997823,1,-5.518211842,1,-2.041309595,1,0.033190086,1,0.511106491,1,-0.169962168,1,1.001526952,1
3.575941324,-20.43022537,1,11.76208115,1,-6.890303135,1,-4.928040981,1,-1.972909927,1,-0.006232814,1,0.490785003,1,-0.17696327,1,0.997624397,1
3.579942942,8.399441719,1,15.362854,1,-17.85865784,1,-2.499348879,1,-2.534359217,1,0.696080744,1,0.476240754,1,-0.185217097,1,0.99478519,1
3.583940506,-10.26783562,1,5.467241764,1,-18.41764069,1,-1.956664443,1,-2.831119299,1,0.309549868,1,0.468448877,1,-0.196211889,1,0.991727114,1
3.587940454,-17.15030861,1,-13.41128635,1,-11.9588623,1,-2.115481853,1,-1.514808893,1,-0.046456188,1,0.460978299,1,-0.204602987,1,0.987650275,1
3.591942072,19.09967613,1,-30.65984344,1,-19.81844139,1,-2.812147617,1,-0.155294791,1,0.518823981,1,0.451676071,1,-0.207276061,1,0.987404585,1
3.595939875,14.31064892,1,-35.83807373,1,-19.96742439,1,-4.404397011,1,-0.998745203,1,0.640803814,1,0.436906427,1,-0.210301995,1,0.988589108,1
3.599939585,15.1194973,1,-25.54401779,1,-15.0546751,1,-4.416408062,1,-1.107629299,1,0.951927781,1,0.418825328,1,-0.215606466,1,0.989698231,1
3.603941441,17.85827637,1,-17.69877434,1,-12.46193409,1,-4.91999197,1,-1.479456663,1,1.142957091,1,0.399915487,1,-0.221861824,1,0.99168092,1
3.607939243,10.18012905,1,-10.47033978,1,-8.606446266,1,-5.322593689,1,-1.870156765,1,1.273512959,1,0.378799975,1,-0.230013594,1,0.993552983,1
3.611938953,6.910796642,1,0.978564441,1,-5.663068295,1,-5.349791527,1,-2.119295359,1,1.513402939,1,0.357012212,1,-0.239406437,1,0.996005893,1
3.615940571,-0.884190261,1,6.228545189,1,-5.391243935,1,-5.439023018,1,-2.749354362,1,1.637036681,1,0.334596217,1,-0.250739366,1,0.998762012,1
3.619938374,-5.781498909,1,11.95893192,1,-4.883831978,1,-4.906892776,1,-3.114691019,1,1.612775803,1,0.313344181,1,-0.263958991,1,1.001327991,1
3.623937845,-11.14775848,1,14.88380051,1,-8.826955795,1,-4.268332958,1,-3.364050627,1,1.540908098,1,0.294188976,1,-0.278267443,1,1.003492236,1
3.627939224,-16.87435722,1,11.81495953,1,-13.16329575,1,-3.730005503,1,-3.427459478,1,1.512877107,1,0.277608693,1,-0.293141216,1,1.005533218,1
3.631937265,-16.55462837,1,12.95331287,1,-18.50863647,1,-2.968681574,1,-3.321825743,1,1.561402082,1,0.263635725,1,-0.30778113,1,1.00803268,1
3.635936975,-20.92747879,1,9.900767326,1,-19.56474686,1,-2.768287182,1,-2.924114466,1,1.706677437,1,0.251214892,1,-0.321561873,1,1.011259913,1
3.639938831,-19.1558857,1,12.51254082,1,-18.75286102,1,-2.499133825,1,-2.365208149,1,1.852057695,1,0.239186093,1,-0.333525479,1,1.0159024,1
3.643936396,-16.24262238,1,8.027610779,1,-16.54390144,1,-2.513221264,1,-1.96264112,1,2.017103672,1,0.227301523,1,-0.343663573,1,1.021710515,1
3.647936106,-10.97465229,1,5.63573885,1,-13.82638168,1,-2.335851431,1,-1.855122685,1,2.12805295,1,0.215203092,1,-0.352855563,1,1.028622746,1
3.651937723,-10.08698273,1,2.247969151,1,-12.52448845,1,-2.302110434,1,-1.88346839,1,2.118378162,1,0.203437522,1,-0.361944288,1,1.035850525,1
3.655935526,-11.11860943,1,0.048069075,1,-11.53584957,1,-2.186987638,1,-1.847540498,1,1.997085094,1,0.191871151,1,-0.37091437,1,1.042986274,1
3.659934998,-11.06315041,1,0.090218209,1,-11.84090805,1,-2.030990124,1,-1.784825444,1,1.737498879,1,0.181078002,1,-0.379419506,1,1.04944241,1
3.663936853,-11.7809782,1,0.988590837,1,-11.24617767,1,-1.8703233,1,-1.701719999,1,1.462180972,1,0.171181709,1,-0.387412965,1,1.054918647,1
3.667934418,-9.953796387,1,2.658500433,1,-10.52856064,1,-1.686513901,1,-1.627486944,1,1.203842998,1,0.162401021,1,-0.394860297,1,1.059384704,1
3.671934128,-7.921080589,1,4.304123878,1,-10.67474842,1,-1.514850259,1,-1.573795676,1,1.095236063,1,0.154540345,1,-0.401881576,1,1.063178301,1
3.675935984,-6.670477867,1,6.21534729,1,-10.94643116,1,-1.364542842,1,-1.517564893,1,1.061483264,1,0.147367224,1,-0.408656478,1,1.066796422,1
3.679933786,-5.379048347,1,7.113266945,1,-10.98795605,1,-1.239774108,1,-1.412670374,1,1.089163542,1,0.14069128,1,-0.41506511,1,1.070504069,1
3.683939219,-4.591706276,1,6.756248474,1,-10.51068974,1,-1.090988994,1,-1.362639308,1,1.124869347,1,0.134390414,1,-0.421160877,1,1.074485779,1
3.687941074,-5.057254791,1,5.610014439,1,-9.642551422,1,-1.02797091,1,-1.320705175,1,1.21746397,1,0.128321469,1,-0.427103162,1,1.078830123,1
3.691938877,-5.799038887,1,2.408143997,1,-9.120743752,1,-0.952546239,1,-1.262628317,1,1.247882128,1,0.122397356,1,-0.432816982,1,1.083538532,1
3.695938349,-6.578896046,1,-0.59390837,1,-8.521541595,1,-0.947568536,1,-1.20111382,1,1.296209455,1,0.116530672,1,-0.438318193,1,1.088473558,1
3.699939728,-7.338618279,1,-3.031142712,1,-8.674445152,1,-0.974532902,1,-1.130565763,1,1.295274496,1,0.110520929,1,-0.443571627,1,1.093584299,1
3.703937769,-7.617096424,1,-4.227528095,1,-9.015569687,1,-1.006617665,1,-1.030773401,1,1.223704457,1,0.104353987,1,-0.44839707,1,1.098648667,1
3.707937479,-7.421765327,1,-4.336654186,1,-9.138021469,1,-1.025003195,1,-0.930741787,1,1.136957884,1,0.098195188,1,-0.452754438,1,1.101020336,1
3.711939096,-5.732200146,1,-3.819581985,1,-9.200637817,1,-1.039854527,1,-0.880206287,1,1.072407246,1,0.092078671,1,-0.456763387,1,1.105521202,1
3.715936661,-5.411743164,1,-2.708807707,1,-9.583306313,1,-1.085172772,1,-0.824995458,1,1.062045574,1,0.08589185,1,-0.460554153,1,1.109918833,1
3.719936371,-4.911538601,1,-1.744099379,1,-10.13730812,1,-1.134671688,1,-0.752061129,1,1.056460381,1,0.079456806,1,-0.46402058,1,1.114340544,1
3.72393775,-4.756474018,1,-0.632925212,1,-9.586625099,1,-1.173479795,1,-0.723662317,1,1.10545218,1,0.072798491,1,-0.467288196,1,1.118898273,1
3.727935553,-5.027038574,1,0.022489047,1,-9.505127907,1,-1.150679111,1,-0.726974964,1,1.144589186,1,0.065973967,1,-0.47050932,1,1.123690963,1
3.731935263,-6.105965137,1,0.213724941,1,-9.709711075,1,-1.163684607,1,-0.659651458,1,1.162733078,1,0.059056275,1,-0.473587662,1,1.128691316,1
3.735937119,-6.933088303,1,-0.382478446,1,-9.552948952,1,-1.102372289,1,-0.579013586,1,1.11930418,1,0.052239057,1,-0.476315737,1,1.133678079,1
3.739934683,-7.188189983,1,-0.816432238,1,-9.5272789,1,-1.051840425,1,-0.519128859,1,1.026513457,1,0.04576806,1,-0.478725284,1,1.138382792,1
3.743934155,-6.604232788,1,-1.216840029,1,-9.623364449,1,-0.993135035,1,-0.482595235,1,0.920876145,1,0.039682925,1,-0.480870396,1,1.142692327,1
3.74793601,-5.513372898,1,-0.786047697,1,-9.569590569,1,-0.933243752,1,-0.471397191,1,0.827651322,1,0.034038231,1,-0.482891828,1,1.146558881,1
3.751933813,-4.92990303,1,0.094883405,1,-9.438913345,1,-0.898092031,1,-0.446713984,1,0.751779735,1,0.02870623,1,-0.484818846,1,1.150087237,1
3.755933285,-4.1247015,1,1.009768724,1,-9.134482384,1,-0.840475559,1,-0.460880607,1,0.724384189,1,0.023697313,1,-0.486708701,1,1.153372049,1
3.759934902,-4.187199116,1,1.155874133,1,-9.163757324,1,-0.783504963,1,-0.467412442,1,0.697284877,1,0.01896573,1,-0.488639057,1,1.156553507,1
3.763932705,-5.140237808,1,1.248476386,1,-9.246385574,1,-0.735988081,1,-0.428142548,1,0.669557154,1,0.01448454,1,-0.490481645,1,1.159620285,1
3.767932415,-5.575335503,1,0.876075983,1,-9.138516426,1,-0.648801208,1,-0.388448834,1,0.611327112,1,0.010357703,1,-0.492147475,1,1.162496328,1
3.771934271,-5.488956928,1,1.044965982,1,-8.952608109,1,-0.583631575,1,-0.356097013,1,0.547730088,1,0.006641528,1,-0.49363777,1,1.165125608,1
3.775931835,-4.909241676,1,1.108494997,1,-8.894465446,1,-0.516751885,1,-0.338656306,1,0.495538235,1,0.003319342,1,-0.495038331,1,1.167499185,1
3.779931545,-4.497653484,1,1.1336658,1,-9.009976387,1,-0.475735009,1,-0.341872215,1,0.453348011,1,0.00032702,1,-0.49641034,1,1.169647217,1
3.783933401,-4.195652008,1,1.375522256,1,-9.015732765,1,-0.425295234,1,-0.351804554,1,0.440772682,1,-0.002436473,1,-0.497781545,1,1.171673179,1
3.787931204,-4.24721384,1,0.899831474,1,-9.115041733,1,-0.394210517,1,-0.355780929,1,0.413466513,1,-0.005049632,1,-0.499178737,1,1.173624873,1
3.791930914,-4.527907848,1,0.688756824,1,-9.169628143,1,-0.366281062,1,-0.377657324,1,0.370337129,1,-0.007409018,1,-0.500639915,1,1.175415277,1
3.795932531,-4.934035778,1,0.653429508,1,-9.170850754,1,-0.328747809,1,-0.374828041,1,0.331860542,1,-0.009573233,1,-0.502143025,1,1.17701745,1
3.799930334,-4.908949375,1,0.60912174,1,-9.19106102,1,-0.293464214,1,-0.368234277,1,0.295598149,1,-0.01151929,1,-0.503607154,1,1.178466439,1
3.803936005,-5.029678822,1,0.650078654,1,-9.000295639,1,-0.262739152,1,-0.363670647,1,0.278599858,1,-0.013273366,1,-0.505067229,1,1.179793954,1
3.80793786,-5.151463032,1,0.387797564,1,-8.883649826,1,-0.24683851,1,-0.357183188,1,0.302013665,1,-0.014947511,1,-0.506504595,1,1.181152225,1
3.811935663,-4.945953369,1,0.035542727,1,-8.881492615,1,-0.227139324,1,-0.345490992,1,0.304499418,1,-0.016592504,1,-0.507871568,1,1.182572365,1
3.815935373,-5.58038044,1,0.114271812,1,-8.719816208,1,-0.212546095,1,-0.327584743,1,0.295125604,1,-0.018165123,1,-0.509198904,1,1.18397212,1
3.819936991,-5.566038609,1,-0.165078342,1,-8.605386734,1,-0.199339181,1,-0.297537684,1,0.273637712,1,-0.019644596,1,-0.510415792,1,1.185294867,1
3.823935032,-5.852833748,1,0.270424545,1,-8.660769463,1,-0.194963753,1,-0.269066781,1,0.262063861,1,-0.021048045,1,-0.511540532,1,1.186549664,1
3.827934504,-4.844653606,1,0.211958751,1,-8.561279297,1,-0.171222553,1,-0.242437124,1,0.246267393,1,-0.02236942,1,-0.512511313,1,1.187745094,1
3.831936359,-5.207776546,1,0.123417869,1,-8.490136147,1,-0.185240746,1,-0.219473332,1,0.255389035,1,-0.023654746,1,-0.513425767,1,1.188908696,1
3.835934162,-5.417508602,1,0.113041513,1,-8.574432373,1,-0.188446045,1,-0.193055779,1,0.244792998,1,-0.025000146,1,-0.514221251,1,1.190092444,1
3.839933634,-5.380899429,1,0.207230136,1,-8.394663811,1,-0.175754592,1,-0.172287077,1,0.248717651,1,-0.026279284,1,-0.514926076,1,1.191247106,1
3.84393549,-5.242950916,1,0.370104522,1,-8.430504799,1,-0.163814351,1,-0.154768839,1,0.239131361,1,-0.027519425,1,-0.515552878,1,1.19239676,1
3.847933292,-5.049102306,1,0.659950018,1,-8.406702995,1,-0.162716374,1,-0.132083476,1,0.231717199,1,-0.028724015,1,-0.516093612,1,1.193507433,1
3.851932764,-4.93709898,1,0.752786279,1,-8.440265656,1,-0.140249759,1,-0.124352902,1,0.202868998,1,-0.029825475,1,-0.516579449,1,1.194514036,1
3.855934381,-4.986305237,1,0.899623752,1,-8.55005455,1,-0.1194802,1,-0.121559925,1,0.183182687,1,-0.030810453,1,-0.517035842,1,1.195430994,1
3.859932184,-4.902714252,1,0.685383439,1,-8.51362133,1,-0.106826916,1,-0.115570217,1,0.17366901,1,-0.031669259,1,-0.517488301,1,1.196264267,1
3.863931894,-5.356705666,1,0.858668983,1,-8.312685013,1,-0.101700358,1,-0.078873515,1,0.1767959,1,-0.032511789,1,-0.517882049,1,1.197105527,1
3.867933989,-4.567208767,1,0.595420718,1,-8.513666153,1,-0.064632624,1,-0.132451609,1,0.148681402,1,-0.033186775,1,-0.518284321,1,1.197859645,1
3.871932268,-5.105865479,1,0.940338552,1,-8.58954525,1,-0.054639012,1,-0.119905099,1,0.153312087,1,-0.03379852,1,-0.518766582,1,1.198578954,1
3.875931978,-4.759727955,1,0.691528022,1,-8.53997612,1,-0.031361137,1,-0.130204469,1,0.141189411,1,-0.034308352,1,-0.51924175,1,1.199274302,1
3.879933596,-4.516935825,1,0.662849426,1,-8.504748344,1,-0.021563862,1,-0.13474673,1,0.15030627,1,-0.034755893,1,-0.519754767,1,1.199958801,1
3.883931398,-4.596759796,1,0.734311998,1,-8.490171432,1,-0.018132556,1,-0.152212739,1,0.144579798,1,-0.035188042,1,-0.52030915,1,1.200655103,1
3.88793087,-4.443843842,1,0.734094083,1,-8.471334457,1,-0.010044618,1,-0.15537177,1,0.139329344,1,-0.035594787,1,-0.520893931,1,1.201350808,1
3.891932726,-4.447646618,1,0.741499305,1,-8.579845428,1,-0.004801811,1,-0.171364754,1,0.13534978,1,-0.035955753,1,-0.521523058,1,1.202008247,1
3.895930529,-4.52271986,1,0.870123506,1,-8.169548988,1,-0.013773949,1,-0.132497624,1,0.147024676,1,-0.036358226,1,-0.522154212,1,1.202709436,1
3.899930477,-3.838549614,1,0.602465332,1,-8.454163551,1,0.009582608,1,-0.214502856,1,0.127877265,1,-0.03663661,1,-0.522861302,1,1.203342795,1
3.903931856,-4.205788136,1,0.770224214,1,-8.562026978,1,0.001575453,1,-0.228208572,1,0.123090051,1,-0.036946267,1,-0.523718715,1,1.203969955,1
3.907929659,-4.182363033,1,0.802268207,1,-8.404920578,1,0.013006058,1,-0.239873558,1,0.108630233,1,-0.037206795,1,-0.524633825,1,1.204548359,1
3.911929131,-4.951873779,1,0.760049164,1,-8.671729088,1,-0.002671135,1,-0.248455301,1,0.10935276,1,-0.03742978,1,-0.525603592,1,1.205084085,1
3.91593051,-3.183532238,1,0.58929801,1,-8.55682373,1,0.031192368,1,-0.283697426,1,0.072068959,1,-0.037600331,1,-0.526598513,1,1.205534697,1
3.919928312,-3.611758471,1,0.708704889,1,-8.454247475,1,0.011685459,1,-0.322272003,1,0.069075584,1,-0.037702717,1,-0.527798951,1,1.205903172,1
3.923933983,-3.965952635,1,0.834136724,1,-8.548679352,1,0.005466521,1,-0.343195498,1,0.065129101,1,-0.037857711,1,-0.529120207,1,1.2062639,1
3.927935839,-3.836113453,1,0.613608241,1,-8.187737465,1,0.007163292,1,-0.337993473,1,0.071539126,1,-0.038056556,1,-0.530480444,1,1.206659794,1
3.931933641,-3.841908216,1,0.273494929,1,-8.298189163,1,-0.000397218,1,-0.399708122,1,0.082057796,1,-0.038221251,1,-0.531958222,1,1.207067132,1
3.935933113,-4.466338634,1,0.485126704,1,-8.452076912,1,-0.015720198,1,-0.411888331,1,0.094731607,1,-0.038508363,1,-0.533572853,1,1.207560062,1
3.939934969,-3.6787045,1,0.782646537,1,-8.408470154,1,0.006749459,1,-0.43592611,1,0.086320415,1,-0.038796246,1,-0.535225034,1,1.208066463,1
3.943932772,-3.790333748,1,1.349763989,1,-8.337306976,1,0.006827935,1,-0.482308507,1,0.084515817,1,-0.039006382,1,-0.537055552,1,1.208542347,1
3.947932243,-4.204847336,1,1.920490384,1,-8.535229683,1,0.022844015,1,-0.516164005,1,0.066183664,1,-0.039174646,1,-0.539041519,1,1.208982468,1
3.951933861,-4.172167778,1,1.669681191,1,-8.449385643,1,0.053969845,1,-0.541691244,1,0.054111235,1,-0.039207526,1,-0.541148305,1,1.209351063,1
3.955931664,-4.621937752,1,0.979747117,1,-8.495635033,1,0.069269806,1,-0.568817496,1,0.057703845,1,-0.040413111,1,-0.543510556,1,1.205972075,1
3.959931374,-4.758119106,1,0.398744643,1,-8.525841713,1,0.082224883,1,-0.561190665,1,0.05842752,1,-0.040315609,1,-0.545751989,1,1.206354856,1
3.963933229,-4.86657238,1,-0.400668085,1,-8.568948746,1,0.08027412,1,-0.572446048,1,0.066942148,1,-0.040185742,1,-0.548015475,1,1.20674026,1
3.967930794,-4.796475887,1,-0.715669453,1,-8.470239639,1,0.065911777,1,-0.566095531,1,0.086164981,1,-0.040142022,1,-0.550281644,1,1.207207799,1
3.971930742,-4.909282207,1,-1.01028955,1,-8.551124573,1,0.054145519,1,-0.579011619,1,0.134618938,1,-0.040214855,1,-0.552565277,1,1.207827449,1
3.97593236,-5.231443405,1,-1.148145318,1,-8.546691895,1,0.016535241,1,-0.553982973,1,0.174586892,1,-0.040523306,1,-0.554811001,1,1.20866251,1
3.979930162,-5.414782047,1,-1.122515082,1,-8.504628181,1,0.002117307,1,-0.547895908,1,0.204408243,1,-0.04100525,1,-0.556978464,1,1.209664702,1
3.983929873,-5.78703022,1,-0.995095074,1,-8.401425362,1,-0.011313891,1,-0.531033993,1,0.220807314,1,-0.041632354,1,-0.559106708,1,1.2107687,1
3.98793149,-5.333469391,1,-0.192059085,1,-8.597255707,1,-0.01441393,1,-0.532962859,1,0.208716214,1,-0.042268954,1,-0.561198354,1,1.211889982,1
3.991929054,-5.370611191,1,1.14871037,1,-8.548019409,1,0.003730705,1,-0.525799572,1,0.189318851,1,-0.042850014,1,-0.563277125,1,1.212940097,1
3.995928764,-5.307084084,1,1.477732778,1,-8.634718895,1,0.024582308,1,-0.524886191,1,0.186960936,1,-0.043323964,1,-0.565344453,1,1.213930845,1
3.999930382,-5.391726971,1,0.443932414,1,-8.382255554,1,0.015867407,1,-0.52356559,1,0.177380681,1,-0.04376176,1,-0.56740582,1,1.214895487,1
4.003928185,-5.505825043,1,-0.448338807,1,-8.26047039,1,0.025655434,1,-0.523282528,1,0.201769441,1,-0.044213764,1,-0.569465756,1,1.2158916,1
4.007927895,-5.012923241,1,-1.343106985,1,-8.52075386,1,-0.015596204,1,-0.526612401,1,0.240472555,1,-0.044801194,1,-0.571526468,1,1.217050433,1
4.011929512,-5.353070259,1,-1.288222432,1,-8.455349922,1,-0.049865145,1,-0.542623162,1,0.278021902,1,-0.045668196,1,-0.573614836,1,1.218400955,1
4.015926838,-5.407786369,1,-0.550400019,1,-8.48390007,1,-0.063231409,1,-0.537673295,1,0.304512709,1,-0.046714704,1,-0.575713933,1,1.219910145,1
4.019926548,-6.032121181,1,-0.266095579,1,-8.490857124,1,-0.073480375,1,-0.535029531,1,0.33323735,1,-0.047895636,1,-0.577801108,1,1.221548319,1
4.023928165,-5.505760193,1,-0.398742616,1,-8.485845566,1,-0.073143452,1,-0.530562878,1,0.338860422,1,-0.049129777,1,-0.57984817,1,1.223269343,1
4.027925968,-5.561077118,1,-0.39141652,1,-8.540324211,1,-0.089534469,1,-0.543291748,1,0.361705542,1,-0.050425172,1,-0.581928015,1,1.225068688,1
4.031925678,-5.656858444,1,-0.150518507,1,-8.629721642,1,-0.10232009,1,-0.544710219,1,0.364931524,1,-0.051847279,1,-0.584026515,1,1.226938486,1
4.035927773,-5.627262115,1,0.383328438,1,-8.654382706,1,-0.095627703,1,-0.555286646,1,0.371709555,1,-0.053311687,1,-0.586143315,1,1.228850126,1
4.039925098,-5.254929066,1,0.092790738,1,-8.606893539,1,-0.090476625,1,-0.578018665,1,0.375086665,1,-0.054753229,1,-0.588320971,1,1.23080349,1
4.043931007,-5.372839451,1,0.041434821,1,-8.815942764,1,-0.086870298,1,-0.606988847,1,0.374776274,1,-0.056208212,1,-0.590609193,1,1.23278141,1
4.047932625,-4.963556767,1,0.629448295,1,-9.006923676,1,-0.070372976,1,-0.657231092,1,0.365041256,1,-0.057627372,1,-0.59304142,1,1.234740257,1
4.051930428,-4.890663624,1,1.387009859,1,-9.140490532,1,-0.014093062,1,-0.710232437,1,0.367428988,1,-0.058901776,1,-0.595679402,1,1.236703515,1
4.055930138,-4.438804626,1,1.365272284,1,-9.744590759,1,0.044883668,1,-0.781276584,1,0.345895678,1,-0.059906837,1,-0.598574281,1,1.238643885,1
4.059931755,-4.564528465,1,1.290631771,1,-9.310408592,1,-0.052950542,1,-0.874291062,1,0.269230843,1,-0.060926385,1,-0.601796269,1,1.240377426,1
4.063929558,-5.126475811,1,3.944570065,1,-9.458562851,1,0.061406814,1,-0.93590188,1,0.20077768,1,-0.061757926,1,-0.605347574,1,1.241787434,1
4.067929268,-5.016166687,1,4.996203899,1,-9.501047134,1,0.237393349,1,-1.009659886,1,0.1045551,1,-0.06175328,1,-0.609182656,1,1.242825627,1
4.071931362,-4.660189629,1,5.429366112,1,-10.1603756,1,0.405714065,1,-1.11876893,1,-0.047510695,1,-0.060731459,1,-0.613423049,1,1.243296146,1
4.075928688,-3.646452904,1,6.102148533,1,-9.585231781,1,0.467907786,1,-1.245761275,1,-0.237597466,1,-0.058779974,1,-0.618141472,1,1.242969513,1
4.079928398,-4.895103455,1,9.334259987,1,-10.50842285,1,0.738020718,1,-1.381007195,1,-0.450440168,1,-0.055672701,1,-0.623457074,1,1.241663814,1
4.083930016,-3.528564692,1,7.475261211,1,-9.875917435,1,1.128540874,1,-1.488050938,1,-0.569800258,1,-0.050548654,1,-0.629293442,1,1.239515305,1
4.087927341,-4.218059063,1,2.481922865,1,-10.68525505,1,1.169743419,1,-1.63895154,1,-0.682494879,1,-0.044304468,1,-0.635680079,1,1.236771941,1
4.091927528,-3.341240883,1,0.97725457,1,-10.7668848,1,1.233890891,1,-1.796631098,1,-0.718574703,1,-0.037599098,1,-0.64264673,1,1.233642578,1
4.095929146,-3.678174973,1,0.754738212,1,-10.79672623,1,1.244323492,1,-1.938889503,1,-0.722332001,1,-0.030670337,1,-0.650218368,1,1.230358958,1
4.099926949,-3.706965446,1,1.521820188,1,-10.63697624,1,1.27188921,1,-2.084996223,1,-0.786600411,1,-0.023500238,1,-0.658334792,1,1.226841211,1
4.103926182,-4.360949039,1,3.714883089,1,-11.00266457,1,1.37025094,1,-2.217226982,1,-0.854409516,1,-0.015803538,1,-0.667020559,1,1.222889662,1
4.107927799,-3.799840689,1,4.151656628,1,-10.74796295,1,1.518068314,1,-2.375305891,1,-0.950579405,1,-0.007238776,1,-0.676234901,1,1.218424559,1
4.111925602,-4.189845085,1,3.84842205,1,-10.91889095,1,1.62135911,1,-2.531178236,1,-1.061463833,1,0.002285337,1,-0.686048031,1,1.213277817,1
4.115925312,-4.33029604,1,3.675358295,1,-11.4218235,1,1.721419811,1,-2.706774235,1,-1.146555066,1,0.012705679,1,-0.696504056,1,1.207430959,1
4.119926929,-3.668183088,1,2.14197135,1,-11.43625259,1,1.873278618,1,-2.876131773,1,-1.152885795,1,0.023984497,1,-0.70753634,1,1.201115847,1
4.123925209,-3.244291306,1,-1.692046046,1,-11.53763103,1,1.880277753,1,-3.084885359,1,-1.10845077,1,0.035738803,1,-0.719313979,1,1.194676518,1
4.127924442,-3.022037029,1,-3.935652018,1,-11.30246258,1,1.828938603,1,-3.305546045,1,-1.034852862,1,0.047427557,1,-0.731903315,1,1.188219905,1
4.131920338,-3.216274261,1,-4.176662445,1,-11.38159847,1,1.735765338,1,-3.515416145,1,-0.934806228,1,0.058792945,1,-0.745328069,1,1.181940436,1
4.13591814,-3.883637905,1,-3.723283529,1,-11.43263721,1,1.629135728,1,-3.748771191,1,-0.87536639,1,0.069779806,1,-0.759569764,1,1.175713062,1
4.139917374,-3.653326035,1,-2.569438696,1,-12.05256367,1,1.633464694,1,-3.975902319,1,-0.828837693,1,0.080664232,1,-0.774722576,1,1.169383287,1
4.143913269,-3.919979811,1,-3.313797474,1,-12.78189659,1,1.594373822,1,-4.245923042,1,-0.759229064,1,0.091706559,1,-0.790816903,1,1.162925243,1
4.147911072,-3.301153183,1,-4.155116558,1,-13.22246838,1,1.544899344,1,-4.469311237,1,-0.684373438,1,0.102663785,1,-0.807866335,1,1.156344295,1
4.151910782,-2.421547413,1,-6.275720119,1,-13.63234997,1,1.46705544,1,-4.845933914,1,-0.535633087,1,0.113451622,1,-0.826120973,1,1.149864554,1
4.1559062,-1.651521921,1,-7.863152504,1,-13.23298359,1,1.339207888,1,-5.215713978,1,-0.426236033,1,0.123815782,1,-0.845865488,1,1.143444657,1
4.159903526,-1.706005454,1,-7.527091026,1,-13.74782467,1,1.193990111,1,-5.619132996,1,-0.240263656,1,0.133589432,1,-0.867165029,1,1.137190461,1
4.163909435,-2.965541601,1,-7.599218845,1,-14.58516884,1,1.107336044,1,-6.024226189,1,-0.03524711,1,0.142703012,1,-0.890181661,1,1.131286025,1
4.16791153,-2.791681767,1,-8.306123734,1,-14.86962891,1,1.095709682,1,-6.456467152,1,0.164983928,1,0.151420727,1,-0.914875984,1,1.125828981,1
4.171909332,-5.933951855,1,-12.00479984,1,-18.03657532,1,0.78243947,1,-6.938360691,1,0.481534153,1,0.159137696,1,-0.941562712,1,1.120969653,1
4.175909042,-3.175093174,1,-12.02469063,1,-16.18637276,1,0.519170761,1,-7.151377678,1,0.637913167,1,0.164900243,1,-0.969734192,1,1.116997004,1
4.179904461,0.747336209,1,-11.95249081,1,-14.65710545,1,0.177006036,1,-7.737686157,1,0.858333647,1,0.169392481,1,-0.999480963,1,1.113369584,1
4.183902264,-3.737534046,1,-11.38460255,1,-16.59538078,1,-0.262834847,1,-8.321393013,1,1.094776034,1,0.171850488,1,-1.031892657,1,1.110259652,1
4.187901974,-12.28747177,1,-10.66222,1,-19.96196747,1,-0.589707315,1,-8.571508408,1,1.35152185,1,0.171850979,1,-1.066101789,1,1.108311415,1
4.191897392,-18.45528221,1,-7.627245903,1,-21.39533615,1,-0.852319419,1,-8.400094986,1,1.529663205,1,0.16902934,1,-1.100604773,1,1.108159661,1
4.195895195,-14.1121664,1,-6.086393833,1,-18.46849632,1,-0.77623111,1,-8.253982544,1,1.69235611,1,0.164097428,1,-1.134428263,1,1.109993696,1
4.199894905,-12.02640724,1,-12.43290329,1,-15.71544361,1,-0.981442511,1,-8.428121567,1,1.955206633,1,0.156505033,1,-1.168507695,1,1.11461699,1
4.2038908,-20.60237122,1,-13.80427933,1,-17.86433792,1,-1.474272728,1,-8.368235588,1,2.138053417,1,0.144015118,1,-1.203121662,1,1.122779489,1
4.207888603,-21.5950985,1,-11.38338375,1,-17.45309448,1,-1.55258894,1,-7.826357365,1,2.338762999,1,0.128074095,1,-1.236172318,1,1.130455256,1
4.211888313,-17.94821167,1,-11.80734539,1,-16.13898659,1,-1.875744104,1,-7.471469879,1,2.683120489,1,0.101616256,1,-1.267654419,1,1.151198983,1
4.215884209,-19.50049782,1,-11.0920639,1,-16.98255348,1,-2.155000925,1,-7.131418228,1,2.79395771,1,0.064770475,1,-1.297762632,1,1.181130886,1
4.219881535,-20.61991882,1,-10.94334316,1,-13.45954704,1,-2.194549322,1,-6.793376923,1,2.916321993,1,0.01733283,1,-1.325998545,1,1.221214533,1
4.223881245,-13.23523998,1,-12.93329144,1,-12.53640652,1,-2.376468658,1,-6.584737301,1,3.024590015,1,-0.043907695,1,-1.352531075,1,1.274766445,1
4.22787714,-16.23761749,1,-12.19864178,1,-14.13703346,1,-2.626109123,1,-6.454841614,1,2.977797747,1,-0.121549636,1,-1.377651811,1,1.343810678,1
4.231874943,-19.09307671,1,-11.66536617,1,-11.22479343,1,-2.751229286,1,-5.907238483,1,2.841784477,1,-0.217670485,1,-1.400104523,1,1.430631757,1
4.235874653,-14.40094948,1,-11.91137123,1,-11.53966904,1,-3.058798313,1,-5.312433243,1,2.613938332,1,-0.331054807,1,-1.41880846,1,1.53371191,1
4.239870548,-11.73370361,1,-8.377178192,1,-10.6798687,1,-3.1314013,1,-4.567210197,1,2.390449524,1,-0.459800392,1,-1.433177829,1,1.651258588,1
4.243868351,-14.78168583,1,-7.371547222,1,-13.46085358,1,-3.093475819,1,-3.674164534,1,1.869068265,1,-0.590282798,1,-1.443226457,1,1.770276546,1
4.247868061,-14.84658623,1,-6.86427021,1,-15.17600822,1,-2.76670599,1,-2.473824739,1,1.487218738,1,-0.703529179,1,-1.449069619,1,1.872547984,1
4.251869678,-9.86041832,1,-5.872033119,1,-14.78266048,1,-2.328352213,1,-1.51759088,1,1.248396635,1,-0.790739417,1,-1.451167941,1,1.950119734,1
4.255867481,-4.180143356,1,-5.705327511,1,-15.47008896,1,-1.868278623,1,-0.91897887,1,1.098809838,1,-0.855063081,1,-1.450994253,1,2.006437778,1
4.259867191,-4.261656284,1,-7.967149258,1,-16.39578819,1,-1.422285676,1,-0.397089899,1,0.943534374,1,-0.899912596,1,-1.449587584,1,2.04501152,1
4.263863087,-2.616686344,1,-11.14225578,1,-15.27443504,1,-1.19147265,1,0.237999633,1,0.975469947,1,-0.92608875,1,-1.446797848,1,2.066197395,1
4.267860889,1.651302814,1,-13.35668087,1,-12.75466633,1,-1.264101028,1,0.75139457,1,1.049489617,1,-0.937211573,1,-1.442342997,1,2.072521925,1
4.2718606,6.074336529,1,-15.58196831,1,-10.87228203,1,-1.619570732,1,1.032815933,1,1.123731852,1,-0.940468192,1,-1.436745763,1,2.070068359,1
4.275856018,6.176959515,1,-15.45942783,1,-8.537470818,1,-2.260098457,1,1.191125274,1,1.25860095,1,-0.942561567,1,-1.430183172,1,2.0643785,1
4.279853821,4.198455334,1,-11.80466557,1,-7.717433453,1,-2.749498367,1,1.250435352,1,1.227966189,1,-0.944962621,1,-1.423310995,1,2.056594372,1
4.283859253,-4.830183029,1,-7.759615421,1,-9.484545708,1,-2.736976624,1,1.472553015,1,1.397974968,1,-0.947999179,1,-1.415969133,1,2.048416138,1
4.287861347,-2.862747669,1,-6.727252007,1,-10.39759064,1,-2.455494881,1,2.027919531,1,1.604090691,1,-0.944815338,1,-1.406978607,1,2.03467679,1
4.29185915,0.120887972,1,-6.477066994,1,-10.9146595,1,-2.193846941,1,2.43545866,1,1.64973259,1,-0.93439436,1,-1.396422625,1,2.014674187,1
4.295858383,1.064235687,1,-6.594203949,1,-10.30874825,1,-1.932366252,1,2.817739248,1,1.656863689,1,-0.918272078,1,-1.384838462,1,1.98993659,1
4.299854279,2.920942545,1,-6.5319314,1,-8.807754517,1,-1.821066737,1,3.08838129,1,1.744855523,1,-0.899061799,1,-1.372182846,1,1.962747216,1
4.303852081,4.679921627,1,-5.488660336,1,-6.966536522,1,-1.62834096,1,3.092503548,1,1.827792764,1,-0.881313801,1,-1.35880363,1,1.937521458,1
4.307851791,4.344283104,1,-4.244708538,1,-6.259362698,1,-1.252162576,1,3.005429029,1,1.921211243,1,-0.866573155,1,-1.345236182,1,1.916504383,1
4.311848164,4.182297707,1,-4.193664074,1,-6.268007755,1,-0.84785533,1,2.938311815,1,2.035689592,1,-0.854513407,1,-1.331476569,1,1.899803519,1
4.31584549,3.680139303,1,-4.721724987,1,-6.611581326,1,-0.489460707,1,2.89657259,1,2.062720776,1,-0.843948424,1,-1.317614794,1,1.886161923,1
4.3198452,3.14541173,1,-5.498282433,1,-6.661501408,1,-0.17331177,1,2.871278286,1,2.037380934,1,-0.833645642,1,-1.303797126,1,1.874158859,1
4.323841095,2.342623949,1,-6.738951206,1,-6.317712307,1,0.042599183,1,2.841182709,1,1.978954554,1,-0.823276281,1,-1.290144801,1,1.863140821,1
4.327838898,1.435247064,1,-8.277810097,1,-5.594326973,1,0.166757479,1,2.785213232,1,1.88875711,1,-0.812931776,1,-1.276807785,1,1.85281229,1
4.331838608,0.222453102,1,-9.813126564,1,-5.236542225,1,0.204310343,1,2.756585121,1,1.79416573,1,-0.802762568,1,-1.263818502,1,1.842959642,1
4.335834026,-0.782781661,1,-11.47021866,1,-5.29321146,1,0.141257212,1,2.759693861,1,1.67726624,1,-0.792686641,1,-1.251146078,1,1.833127737,1
4.339831829,-1.965459585,1,-12.7863245,1,-5.539483547,1,-0.009774411,1,2.805254221,1,1.511392713,1,-0.782387614,1,-1.238783956,1,1.822578073,1
4.343831539,-3.188797712,1,-13.21811199,1,-5.812917233,1,-0.208205283,1,2.89704442,1,1.293628454,1,-0.771511078,1,-1.226718187,1,1.810592532,1
4.347827435,-3.831026077,1,-13.0676899,1,-5.776166916,1,-0.427543402,1,3.003130436,1,1.044269323,1,-0.75961715,1,-1.21496141,1,1.796571016,1
4.35182476,-4.049147606,1,-12.2365799,1,-5.615501404,1,-0.622856677,1,3.107884169,1,0.788751841,1,-0.746678829,1,-1.203534722,1,1.780482411,1
4.355824471,-3.749140263,1,-11.59751797,1,-5.37173605,1,-0.771931052,1,3.163297415,1,0.524278879,1,-0.732800603,1,-1.192490101,1,1.762567401,1
4.359820366,-3.738621473,1,-10.75949192,1,-5.426581383,1,-0.854675591,1,3.195038795,1,0.272025317,1,-0.718118548,1,-1.181908965,1,1.743214011,1
4.363818645,-3.66951251,1,-10.16217518,1,-5.813462257,1,-0.861785352,1,3.199534416,1,-0.008013534,1,-0.702479541,1,-1.171860456,1,1.722534418,1
4.367818356,-3.62263608,1,-9.406606674,1,-6.272859097,1,-0.805069327,1,3.198233604,1,-0.306443989,1,-0.68555361,1,-1.162419558,1,1.70049119,1
4.371814251,-4.102844715,1,-8.524213791,1,-6.431519508,1,-0.699255168,1,3.204161406,1,-0.628285825,1,-0.666950464,1,-1.153605461,1,1.676878572,1
4.375812054,-4.610696793,1,-7.704027653,1,-6.467336178,1,-0.560115635,1,3.22506237,1,-0.946813405,1,-0.646383226,1,-1.145333767,1,1.65157783,1
4.379811764,-5.280260563,1,-7.361303806,1,-6.552675724,1,-0.390756756,1,3.245560646,1,-1.267917752,1,-0.623728037,1,-1.137544632,1,1.624564648,1
4.383813858,-5.950475216,1,-7.466973305,1,-6.683159828,1,-0.222419769,1,3.280891418,1,-1.584433794,1,-0.598906815,1,-1.130139709,1,1.595815182,1
4.387811184,-6.506468296,1,-7.913630009,1,-6.748723984,1,-0.078371003,1,3.336705923,1,-1.888311386,1,-0.571967781,1,-1.122955084,1,1.565328598,1
4.391811371,-6.912719727,1,-8.61174202,1,-6.793221951,1,0.025216945,1,3.406293392,1,-2.173183203,1,-0.543107986,1,-1.115816832,1,1.533147812,1
4.395807743,-7.237961292,1,-9.28348732,1,-6.730563164,1,0.057549056,1,3.485228062,1,-2.434246302,1,-0.512723386,1,-1.10855484,1,1.499456882,1
4.399805546,-7.486433506,1,-9.854641914,1,-6.701515675,1,0.038148429,1,3.550036669,1,-2.673223019,1,-0.481315166,1,-1.101061821,1,1.464535117,1
4.403805256,-7.762376308,1,-10.25571823,1,-6.659440517,1,-0.032195721,1,3.623840094,1,-2.874261379,1,-0.449368268,1,-1.093219757,1,1.428664446,1
4.407806873,-8.092927933,1,-10.41803646,1,-6.604946136,1,-0.129317001,1,3.69366169,1,-3.052497149,1,-0.417350531,1,-1.084921718,1,1.392176032,1
4.411804676,-8.314228058,1,-10.30894947,1,-6.528133392,1,-0.236092076,1,3.764740467,1,-3.21040225,1,-0.385558069,1,-1.076089501,1,1.355296135,1
4.415804386,-8.488348961,1,-9.944365501,1,-6.493353367,1,-0.353532642,1,3.828713179,1,-3.335639238,1,-0.354304403,1,-1.066660047,1,1.318345547,1
4.419800282,-8.821612358,1,-9.386084557,1,-6.496552467,1,-0.434217334,1,3.8954916,1,-3.441785812,1,-0.323767006,1,-1.056602001,1,1.281564593,1
4.423798084,-9.087952614,1,-8.794307709,1,-6.564675331,1,-0.496577114,1,3.954576254,1,-3.5286057,1,-0.294073701,1,-1.045876622,1,1.245198965,1
4.427797794,-9.358437538,1,-8.243909836,1,-6.563830376,1,-0.516112924,1,4.014630795,1,-3.595394135,1,-0.265257895,1,-1.034501195,1,1.209429979,1
4.43179369,-9.627217293,1,-7.712338448,1,-6.62305212,1,-0.512389123,1,4.065560341,1,-3.650295496,1,-0.237344161,1,-1.022451639,1,1.174433231,1
4.435791492,-9.851284981,1,-7.333275318,1,-6.747703075,1,-0.475958943,1,4.111699581,1,-3.686842918,1,-0.21036078,1,-1.009763598,1,1.140358686,1
4.439791203,-10.13422489,1,-7.040394783,1,-6.867399216,1,-0.425816864,1,4.160578728,1,-3.712981939,1,-0.184305757,1,-0.996441185,1,1.107317924,1
4.443787098,-10.49674702,1,-6.914035797,1,-6.947029591,1,-0.365141779,1,4.205543995,1,-3.732370377,1,-0.159190819,1,-0.982504129,1,1.075374126,1
4.447784901,-10.8526125,1,-6.880035877,1,-7.099562168,1,-0.302626818,1,4.258555412,1,-3.736743689,1,-0.135045663,1,-0.967942894,1,1.044599295,1
4.451784611,-11.12975883,1,-6.898344994,1,-7.195514202,1,-0.256437689,1,4.312466621,1,-3.736290693,1,-0.111940376,1,-0.952758312,1,1.015036583,1
4.45578146,-11.40148258,1,-6.859574795,1,-7.402189732,1,-0.216042295,1,4.368878841,1,-3.726906538,1,-0.090150282,1,-0.936848521,1,0.985875368,1
4.459779263,-11.53552341,1,-6.795815468,1,-7.661167145,1,-0.182210118,1,4.410374641,1,-3.708603859,1,-0.069257297,1,-0.920521736,1,0.958793283,1
4.463778973,-11.72005272,1,-6.777678967,1,-8.011457443,1,-0.150993541,1,4.447894573,1,-3.685305834,1,-0.049497638,1,-0.903708756,1,0.93295598,1
4.467774391,-12.04998398,1,-6.815790653,1,-8.324838638,1,-0.119164102,1,4.483323097,1,-3.655766964,1,-0.030839881,1,-0.886457384,1,0.908353448,1
4.471772194,-12.41247463,1,-6.793673038,1,-8.626073837,1,-0.089207076,1,4.507539749,1,-3.628399372,1,-0.013233275,1,-0.868794978,1,0.884927571,1
4.475771904,-12.63049126,1,-6.694834709,1,-8.890864372,1,-0.074773647,1,4.54354763,1,-3.603886604,1,0.003323383,1,-0.850768626,1,0.862629473,1
4.479768276,-12.91456318,1,-6.451434612,1,-9.169239998,1,-0.054582253,1,4.55736208,1,-3.567052603,1,0.018877577,1,-0.832401514,1,0.841415107,1
4.483765602,-13.29723167,1,-6.133890629,1,-9.425077438,1,-0.018813994,1,4.589151382,1,-3.540231705,1,0.033545379,1,-0.813746929,1,0.8212111,1
4.487765789,-13.66574287,1,-5.855134964,1,-9.73223877,1,0.039258759,1,4.610733509,1,-3.503227234,1,0.04742289,1,-0.794796109,1,0.802002966,1
4.491761684,-13.95117188,1,-5.543106079,1,-9.938210487,1,0.10844712,1,4.635690212,1,-3.463474512,1,0.060628269,1,-0.775566459,1,0.783735991,1
4.495759487,-14.16364193,1,-5.25910759,1,-10.17334652,1,0.200115219,1,4.656336784,1,-3.417195082,1,0.073245361,1,-0.756105125,1,0.766414165,1
4.499759197,-14.32187843,1,-4.995145798,1,-10.3643198,1,0.304735184,1,4.678700447,1,-3.356241465,1,0.085367322,1,-0.736417234,1,0.750029981,1
4.503755093,-14.47067928,1,-4.808970928,1,-10.52038383,1,0.426241726,1,4.692646503,1,-3.294000626,1,0.097081207,1,-0.716546059,1,0.734592438,1
4.507753372,-14.60128117,1,-4.602479935,1,-10.65977287,1,0.555274785,1,4.697664738,1,-3.218802214,1,0.108466342,1,-0.696527541,1,0.720077336,1
4.511753082,-14.71915245,1,-4.531334877,1,-10.83332729,1,0.690947235,1,4.700156689,1,-3.133065224,1,0.119551949,1,-0.676399648,1,0.706514955,1
4.515755177,-14.97303391,1,-4.56888485,1,-10.87550545,1,0.824480057,1,4.712543011,1,-3.046572924,1,0.130376145,1,-0.656177819,1,0.693897963,1
4.519752502,-15.16118717,1,-4.646688938,1,-10.97496128,1,0.949385941,1,4.709023952,1,-2.948185444,1,0.1409688,1,-0.635885954,1,0.682210684,1
4.523752213,-15.4305439,1,-4.832136154,1,-11.04213428,1,1.061002135,1,4.714588642,1,-2.8455863,1,0.151301086,1,-0.615557373,1,0.671454966,1
4.527754307,-15.66045475,1,-5.00525713,1,-11.04043865,1,1.163630366,1,4.70844841,1,-2.735701323,1,0.161355078,1,-0.595199585,1,0.661615491,1
4.53175211,-15.97961521,1,-5.120745182,1,-11.07650661,1,1.240451455,1,4.710280418,1,-2.631637573,1,0.171115711,1,-0.574838161,1,0.652647495,1
4.53575182,-16.32147408,1,-5.176688671,1,-11.16811657,1,1.315968513,1,4.700902939,1,-2.532408953,1,0.180576563,1,-0.554493785,1,0.644513428,1
4.539747715,-16.82894516,1,-5.315139771,1,-11.26588249,1,1.370439887,1,4.70200491,1,-2.440099239,1,0.189761892,1,-0.5341748,1,0.637138367,1
4.543745518,-17.46497726,1,-5.230476379,1,-11.2702589,1,1.438709497,1,4.705491543,1,-2.356391907,1,0.198718846,1,-0.51386404,1,0.630474687,1
4.547745705,-18.23922729,1,-5.175561428,1,-11.1490984,1,1.517795444,1,4.71364975,1,-2.295591116,1,0.207554281,1,-0.493540227,1,0.624415696,1
4.5517416,-19.00933266,1,-5.047765732,1,-11.00292301,1,1.594894171,1,4.740997314,1,-2.237070084,1,0.216347441,1,-0.473138869,1,0.61890614,1
4.55573988,-19.69260597,1,-4.864253521,1,-10.75061417,1,1.686368227,1,4.78727293,1,-2.20756793,1,0.225153312,1,-0.452599555,1,0.613878727,1
4.559740067,-20.15104103,1,-4.494793892,1,-10.46070004,1,1.783230662,1,4.833173275,1,-2.190071821,1,0.234061539,1,-0.431850284,1,0.609251797,1
4.563735485,-20.39729691,1,-4.089222908,1,-10.19477749,1,1.902606487,1,4.858314037,1,-2.208573818,1,0.243205816,1,-0.410935372,1,0.604906023,1
4.567733288,-20.68400383,1,-3.61447072,1,-9.832281113,1,2.04365468,1,4.87138176,1,-2.253745556,1,0.25272432,1,-0.389882952,1,0.600705504,1
4.571732998,-21.10551643,1,-3.057667494,1,-9.344356537,1,2.197976351,1,4.857565403,1,-2.3209548,1,0.262751728,1,-0.368738234,1,0.596525908,1
4.57572937,-21.27075386,1,-2.758651257,1,-8.625647545,1,2.356123447,1,4.831196785,1,-2.403453827,1,0.273347169,1,-0.347540587,1,0.592280149,1
4.579726696,-21.41835785,1,-2.564097166,1,-7.809611797,1,2.511031151,1,4.774063587,1,-2.511296034,1,0.284544438,1,-0.326374114,1,0.587881207,1
4.583726883,-21.55496025,1,-2.277828932,1,-6.994674206,1,2.65231061,1,4.672699451,1,-2.626966238,1,0.296321034,1,-0.305325121,1,0.58322835,1
4.587722778,-21.62801743,1,-2.096084595,1,-6.025878429,1,2.763842344,1,4.549993992,1,-2.769865751,1,0.308618426,1,-0.284499377,1,0.57820636,1
4.591720581,-21.77897644,1,-1.914445639,1,-4.939595222,1,2.846679926,1,4.392158508,1,-2.921179533,1,0.321331263,1,-0.263957262,1,0.572729826,1
4.595720768,-22.20495605,1,-1.57808888,1,-3.805369854,1,2.898191929,1,4.203818321,1,-3.09431839,1,0.334355593,1,-0.243804693,1,0.566681325,1
4.599716663,-22.78841972,1,-1.14883399,1,-2.571782351,1,2.92682004,1,3.995988131,1,-3.286602974,1,0.347574681,1,-0.224081516,1,0.559959114,1
4.603714466,-23.20307732,1,-0.498808384,1,-1.239029884,1,2.91319418,1,3.748807669,1,-3.498003721,1,0.360870063,1,-0.204831198,1,0.55243212,1
4.607714176,-23.49878883,1,0.486178577,1,0.127188772,1,2.871331453,1,3.464371443,1,-3.718809366,1,0.374079883,1,-0.18616353,1,0.543989599,1
4.611710548,-23.6988163,1,1.44854176,1,1.402218938,1,2.791102886,1,3.136106491,1,-3.950829268,1,0.387087554,1,-0.168198034,1,0.53451407,1
4.615708828,-24.04449081,1,2.30590415,1,2.613663435,1,2.688588858,1,2.762318373,1,-4.172355175,1,0.399739832,1,-0.15105705,1,0.523892283,1
4.619708538,-24.83963013,1,2.967481136,1,3.845177889,1,2.556241751,1,2.335754871,1,-4.381800652,1,0.411923766,1,-0.134929404,1,0.512073815,1
4.623703957,-26.41394043,1,3.90062952,1,5.369236469,1,2.391089439,1,1.928798437,1,-4.566270351,1,0.423475951,1,-0.119870156,1,0.499059439,1
4.627701759,-27.8008728,1,4.925628662,1,6.926367283,1,2.190518379,1,1.510746479,1,-4.708767891,1,0.434245408,1,-0.10588403,1,0.484944314,1
4.631701469,-28.85797691,1,5.522740364,1,8.216202736,1,1.943418622,1,1.073323488,1,-4.784553051,1,0.444033623,1,-0.093136609,1,0.46988523,1
4.635698318,-29.72521782,1,5.523731232,1,9.299182892,1,1.608593941,1,0.608678818,1,-4.799936771,1,0.452539086,1,-0.081796832,1,0.453979254,1
4.639695644,-29.87596893,1,5.350198269,1,9.749028206,1,1.206037045,1,0.157412753,1,-4.756516933,1,0.459462434,1,-0.071987733,1,0.437433243,1
4.643695831,-29.18362999,1,4.480282307,1,9.661365509,1,0.77371937,1,-0.337124586,1,-4.638720036,1,0.464600205,1,-0.063919172,1,0.420402825,1
4.647703648,-28.42845535,1,3.082519293,1,9.414029121,1,0.265375823,1,-0.817983389,1,-4.475121498,1,0.467740327,1,-0.057802651,1,0.403028935,1
4.651707172,-27.32172012,1,2.358802795,1,8.726442337,1,-0.287387103,1,-1.243200183,1,-4.293711662,1,0.468665898,1,-0.053566039,1,0.385492176,1
4.655707836,-25.97933578,1,2.087680101,1,7.947319031,1,-0.826506317,1,-1.630554557,1,-4.100440502,1,0.467351675,1,-0.051129282,1,0.367894828,1
4.659703732,-24.75946999,1,2.03411293,1,6.982089043,1,-1.331293225,1,-1.982056856,1,-3.907048225,1,0.463924617,1,-0.05040846,1,0.350311905,1
4.663701534,-23.58518028,1,2.38412571,1,5.958012104,1,-1.761969686,1,-2.272955418,1,-3.732234478,1,0.458614558,1,-0.05123461,1,0.332815766,1
4.667701244,-23.43690872,1,2.907471895,1,4.53666687,1,-2.080024958,1,-2.507186413,1,-3.591745615,1,0.451796949,1,-0.053399332,1,0.315425575,1
4.671697617,-23.61816025,1,3.655766726,1,3.310285568,1,-2.251956224,1,-2.661048651,1,-3.481519938,1,0.444062889,1,-0.056604043,1,0.298179984,1
4.675695419,-23.3127079,1,4.265631199,1,2.079124928,1,-2.340100288,1,-2.748855829,1,-3.377336502,1,0.435857117,1,-0.060553811,1,0.281138361,1
4.679695129,-22.76430702,1,3.952611446,1,1.264848709,1,-2.378761768,1,-2.815884829,1,-3.28386879,1,0.427469134,1,-0.065084167,1,0.264336526,1
4.683691025,-22.00497437,1,3.642008066,1,0.631614268,1,-2.420105219,1,-2.885287523,1,-3.189098835,1,0.419002652,1,-0.070160724,1,0.247820541,1
4.687689781,-21.28660202,1,3.12776041,1,-0.104271464,1,-2.487700701,1,-2.954674482,1,-3.083444834,1,0.410383403,1,-0.075787857,1,0.231593549,1
4.691689491,18.41485977,1,-19.28724098,1,-15.52723598,1,-3.759752989,1,-3.506464243,1,-3.213430882,1,0.399613082,1,-0.08235541,1,0.215205386,1
4.69568491,-12.75698948,1,6.684546947,1,-5.838648796,1,-2.990628719,1,-5.374429703,1,-3.085285425,1,0.387470305,1,-0.094418384,1,0.196369857,1
4.699683189,-3.205320358,1,6.453784943,1,-10.65421677,1,-2.982548952,1,-4.027853966,1,-3.198527813,1,0.377717435,1,-0.107505552,1,0.177469373,1
4.703682899,14.49362755,1,2.080374479,1,-18.11490822,1,-2.919553041,1,-3.921585083,1,-2.85243845,1,0.367756188,1,-0.117330663,1,0.160443515,1
4.707679272,9.542991638,1,-0.653347969,1,-14.9195652,1,-3.228054285,1,-4.44301033,1,-2.582786798,1,0.35746941,1,-0.129131615,1,0.14350833,1
4.711677074,13.22411823,1,1.153492093,1,-16.42407608,1,-2.973875999,1,-4.576377869,1,-1.948113203,1,0.347043335,1,-0.14292106,1,0.128522396,1
4.715676785,13.67353821,1,4.390188217,1,-18.97706413,1,-3.204636335,1,-4.914171219,1,-1.337661624,1,0.336575598,1,-0.15844956,1,0.115911432,1
4.719673157,3.708251953,1,14.05208492,1,-17.45174789,1,-2.942647457,1,-5.043856144,1,-0.664941609,1,0.325960279,1,-0.176173359,1,0.105438963,1
4.723670959,-0.442797661,1,21.68099785,1,-14.3695116,1,-2.668067932,1,-4.911946297,1,0.035220254,1,0.316158235,1,-0.194641858,1,0.09785495,1
4.72767067,-4.324886322,1,22.56077957,1,-14.06799316,1,-2.436211109,1,-5.116908073,1,0.472937763,1,0.307034314,1,-0.214002565,1,0.092639886,1
4.731667042,-14.4959383,1,22.91706657,1,-14.27826977,1,-1.910431147,1,-5.185483456,1,0.754842818,1,0.299152464,1,-0.234507084,1,0.088708505,1
4.735664845,-20.25935936,1,22.9830246,1,-15.60463238,1,-1.306413651,1,-5.035111904,1,1.093366385,1,0.29322356,1,-0.255130708,1,0.086188786,1
4.739665031,-18.38810539,1,19.03939247,1,-17.33710289,1,-0.651844203,1,-4.861981392,1,1.273712635,1,0.289617121,1,-0.275473654,1,0.084974848,1
4.74366045,-16.06106186,1,13.7118063,1,-18.12594795,1,-0.141402423,1,-4.844304562,1,1.469196558,1,0.288138211,1,-0.295625031,1,0.08478865,1
4.747658253,-17.8467598,1,8.035970688,1,-20.52876282,1,0.096197903,1,-4.596178532,1,1.553019285,1,0.288060844,1,-0.31546694,1,0.085108265,1
4.75165844,-17.95279121,1,2.983309507,1,-20.6758194,1,0.107332215,1,-4.223817348,1,1.723260999,1,0.288122237,1,-0.334294915,1,0.086492151,1
4.755654812,-19.84053993,1,-0.196161211,1,-17.49377441,1,0.120358735,1,-3.824629545,1,1.854755878,1,0.28785181,1,-0.351815552,1,0.089017808,1
4.759652138,-19.22353172,1,-3.907581091,1,-13.43653297,1,0.183266386,1,-3.471393824,1,1.758992195,1,0.28742376,1,-0.367831171,1,0.092022583,1
4.763652325,-18.57667732,1,-7.420554638,1,-10.84072113,1,0.203540161,1,-3.242014647,1,1.457516551,1,0.28722322,1,-0.382541269,1,0.094672732,1
4.767653942,-17.380476,1,-12.78737545,1,-10.17924404,1,0.108762212,1,-2.986901522,1,1.193913221,1,0.287383229,1,-0.39602828,1,0.096225388,1
4.771651745,-18.89511681,1,-11.10840988,1,-10.58074093,1,-0.045806337,1,-2.810102463,1,1.037049413,1,0.286988735,1,-0.408391595,1,0.09738186,1
4.775651932,-17.20940971,1,-8.670804977,1,-10.78789425,1,-0.092952654,1,-2.450824976,1,0.919198334,1,0.286468506,1,-0.419671088,1,0.098136932,1
4.779654026,-12.3892355,1,-4.507303238,1,-12.93875027,1,-0.116758898,1,-2.117830992,1,0.864946067,1,0.285606563,1,-0.429394573,1,0.099095009,1
4.783651829,-7.517709732,1,-2.272426367,1,-13.04955578,1,-0.095953196,1,-1.855646253,1,0.868855238,1,0.284701914,1,-0.437974542,1,0.100272462,1
4.787651539,-5.002472401,1,-0.899652064,1,-12.16094589,1,-0.110802129,1,-1.75254643,1,0.935248554,1,0.283619583,1,-0.445885539,1,0.101865269,1
4.791648388,-6.413959026,1,-2.117008686,1,-10.75313568,1,-0.174268484,1,-1.640522957,1,1.006830215,1,0.282177866,1,-0.453503072,1,0.103891879,1
4.795645714,-8.617423058,1,-4.760415077,1,-8.229322433,1,-0.223995566,1,-1.546612024,1,0.973321438,1,0.280360222,1,-0.46072489,1,0.106160894,1
4.799645901,-9.564979553,1,-6.878147125,1,-6.868688107,1,-0.295239717,1,-1.352016449,1,0.961917758,1,0.278237402,1,-0.46734634,1,0.108545542,1
4.803642273,-8.833312035,1,-8.331288338,1,-6.264320374,1,-0.373409152,1,-1.197580099,1,0.939635813,1,0.27578038,1,-0.473301947,1,0.111063406,1
4.807640076,-7.177147388,1,-10.08531761,1,-6.251019955,1,-0.525631607,1,-1.10752964,1,0.962255657,1,0.2727606,1,-0.478753567,1,0.113781862,1
4.811639786,-6.098670483,1,-10.86301517,1,-6.667370796,1,-0.729335725,1,-1.056210518,1,0.9787938,1,0.268920839,1,-0.483941078,1,0.116694003,1
4.815636158,-6.025673866,1,-9.292035103,1,-7.502698421,1,-0.952094436,1,-1.037041068,1,1.024878144,1,0.264069259,1,-0.489053041,1,0.119832546,1
4.819633484,-5.316460133,1,-8.125889778,1,-8.425648689,1,-1.174008965,1,-0.961151123,1,1.09589076,1,0.258180201,1,-0.493982792,1,0.123292081,1
4.823634148,-6.213267326,1,-6.17151022,1,-9.054390907,1,-1.30772531,1,-0.961639822,1,1.149830222,1,0.251353413,1,-0.498837203,1,0.127131149,1
4.827629566,-6.838404655,1,-2.605852604,1,-9.748838425,1,-1.326670885,1,-0.943341851,1,1.186644912,1,0.244113907,1,-0.503687084,1,0.13121134,1
4.831627369,-6.661338806,1,0.101731241,1,-10.28030014,1,-1.283181667,1,-0.867507577,1,1.167222381,1,0.236809433,1,-0.508338094,1,0.135478422,1
4.835627556,-5.649637222,1,0.105519995,1,-9.842992783,1,-1.230084062,1,-0.818551302,1,1.119138837,1,0.229740784,1,-0.512678027,1,0.139675319,1
4.839623451,-5.063431263,1,-1.000123501,1,-9.543934822,1,-1.223907828,1,-0.843148053,1,1.041536331,1,0.222877786,1,-0.516869843,1,0.143686697,1
4.843621254,-6.173707962,1,-1.316057682,1,-9.27031517,1,-1.219987392,1,-0.876847148,1,0.953900278,1,0.21618852,1,-0.521104455,1,0.147292271,1
4.847620964,-6.586476803,1,-1.047104955,1,-8.846045494,1,-1.181865335,1,-0.878106833,1,0.897940695,1,0.209734008,1,-0.525324404,1,0.150606215,1
4.851617336,-7.173126698,1,-0.959146023,1,-9.579591751,1,-1.167415023,1,-0.83795321,1,0.833751619,1,0.203456402,1,-0.529390395,1,0.153719246,1
4.855615616,-6.19134903,1,0.081829809,1,-9.384694099,1,-1.085976005,1,-0.803979397,1,0.801627874,1,0.197475553,1,-0.533248842,1,0.156670749,1
4.859615326,-5.1504879,1,-1.130593896,1,-9.611257553,1,-1.070093393,1,-0.807098329,1,0.744821668,1,0.19172731,1,-0.53698653,1,0.159469932,1
4.863611221,-5.413613796,1,-2.120194197,1,-9.365914345,1,-1.080892444,1,-0.807530522,1,0.727079988,1,0.186072588,1,-0.540712118,1,0.162120715,1
4.867609501,-5.893766403,1,-2.830332756,1,-9.159486771,1,-1.08376956,1,-0.806055963,1,0.727258801,1,0.180370837,1,-0.544409692,1,0.164772093,1
4.871609211,-6.25588274,1,-2.18867135,1,-9.037264824,1,-1.085590005,1,-0.761173546,1,0.762665331,1,0.174593687,1,-0.548040926,1,0.167538241,1
4.875605106,-5.820653439,1,-2.695398569,1,-8.732985497,1,-1.123023152,1,-0.703311801,1,0.771714926,1,0.168616325,1,-0.551437855,1,0.170516446,1
4.879603386,-5.981617451,1,-3.358207941,1,-8.659754753,1,-1.172976136,1,-0.671595514,1,0.769150019,1,0.162432879,1,-0.554659128,1,0.173551559,1
4.883603096,-6.255955696,1,-2.336916685,1,-8.234726906,1,-1.204627395,1,-0.638355494,1,0.795449317,1,0.156000093,1,-0.55776608,1,0.176712304,1
4.88760519,-5.962399006,1,-2.270882845,1,-8.508242607,1,-1.236371994,1,-0.570743263,1,0.808094621,1,0.149385691,1,-0.560653687,1,0.180010602,1
4.891602993,-6.040914059,1,-1.991991758,1,-8.440814018,1,-1.274204373,1,-0.526163399,1,0.797752202,1,0.142558724,1,-0.563283026,1,0.183382705,1
4.89560318,-6.41645956,1,-0.954642355,1,-8.390482903,1,-1.278194189,1,-0.462384045,1,0.803949535,1,0.135621563,1,-0.565691769,1,0.186818004,1
4.899599552,-6.373153687,1,-0.52080524,1,-8.365557671,1,-1.260883927,1,-0.40504697,1,0.762584567,1,0.128719822,1,-0.567820549,1,0.190231159,1
4.903596878,-6.297936916,1,-0.394279033,1,-8.307452202,1,-1.223882079,1,-0.353763849,1,0.731359601,1,0.121984877,1,-0.569693387,1,0.193513349,1
4.907597542,-5.565198421,1,0.155133188,1,-8.279767036,1,-1.184003592,1,-0.314127177,1,0.686020911,1,0.115432821,1,-0.571334064,1,0.196691602,1
4.911599636,-5.662221909,1,0.455110759,1,-8.335845947,1,-1.133324146,1,-0.296702117,1,0.662823856,1,0.109161191,1,-0.57286483,1,0.199712813,1
4.915597439,-5.770349503,1,0.476553082,1,-8.428216934,1,-1.08331573,1,-0.26651153,1,0.637100995,1,0.103139706,1,-0.574263692,1,0.202654555,1
4.919597149,-5.476187229,1,0.043756388,1,-8.508382797,1,-1.019851446,1,-0.259755135,1,0.600920677,1,0.097391412,1,-0.575561166,1,0.205471203,1
4.923593521,-5.192144871,1,-0.472332269,1,-8.498785973,1,-0.993654609,1,-0.253724158,1,0.598398983,1,0.09187825,1,-0.576808512,1,0.208205,1
4.927591324,-5.969388485,1,0.10657303,1,-8.313652039,1,-0.948659122,1,-0.230816007,1,0.613610446,1,0.08649873,1,-0.578009367,1,0.21097061,1
4.931591034,-5.282715321,1,-0.303968221,1,-8.566763878,1,-0.905156314,1,-0.218130141,1,0.572546303,1,0.081274785,1,-0.579062998,1,0.213721484,1
4.935587406,-5.040396214,1,0.235076323,1,-8.422183037,1,-0.864592433,1,-0.222728595,1,0.571239233,1,0.076284289,1,-0.580118775,1,0.216360912,1
4.939585686,-4.834499836,1,0.27036041,1,-8.354906082,1,-0.809165835,1,-0.226723969,1,0.557505071,1,0.071506187,1,-0.581185997,1,0.218964562,1
4.943585396,-5.464630127,1,0.192563459,1,-8.306943893,1,-0.76767832,1,-0.225366071,1,0.552541673,1,0.066938974,1,-0.582247257,1,0.221535996,1
4.947581291,-5.268363476,1,0.673481226,1,-8.246038437,1,-0.692085028,1,-0.219860494,1,0.537509859,1,0.062608719,1,-0.583273649,1,0.224082574,1
4.951579571,-5.284312248,1,0.852649987,1,-8.184090614,1,-0.610418618,1,-0.215867877,1,0.521290183,1,0.058628619,1,-0.584270954,1,0.226549372,1
4.955579281,-4.792323589,1,0.993906021,1,-8.33870697,1,-0.5435583,1,-0.217862681,1,0.502975881,1,0.027509335,1,-0.606732607,1,0.157386914,1
4.959575653,-4.6251688,1,0.910296082,1,-8.152252197,1,-0.490881473,1,-0.243501008,1,0.472440034,1,0.024100548,1,-0.607705593,1,0.159727782,1
4.963573933,-4.718384743,1,0.917789638,1,-8.45685482,1,-0.432181895,1,-0.265212327,1,0.441931844,1,0.020991847,1,-0.608781517,1,0.161940277,1
4.967573643,-4.764801025,1,1.486638546,1,-8.52063942,1,-0.345445544,1,-0.309690475,1,0.407233685,1,0.018243805,1,-0.609956145,1,0.163968444,1
4.971569538,-5.446843624,1,1.346979737,1,-8.40388298,1,-0.24682577,1,-0.319045871,1,0.387162864,1,0.01597802,1,-0.611257195,1,0.165880814,1
4.975567818,-4.999498367,1,1.115797162,1,-8.192576408,1,-0.160036936,1,-0.330402374,1,0.355324894,1,0.014133536,1,-0.612569153,1,0.167671248,1
4.979567528,-5.355209827,1,1.317751288,1,-8.714160919,1,-0.075601853,1,-0.379382759,1,0.317834944,1,0.012709976,1,-0.613984704,1,0.169297382,1
4.9835639,-4.280449867,1,0.936058879,1,-8.299668312,1,-0.028915264,1,-0.380458027,1,0.279404938,1,0.011733726,1,-0.615520835,1,0.170745045,1
4.98756218,-4.909855843,1,0.792866111,1,-8.25026989,1,-0.095050909,1,-0.443961412,1,0.22824505,1,0.010741227,1,-0.61719358,1,0.171965435,1
4.99156189,-5.738277435,1,1.974688768,1,-8.414190292,1,0.022318132,1,-0.455749422,1,0.192567736,1,0.01001833,1,-0.619009912,1,0.172962621,1
4.995557785,-5.072900295,1,0.813116729,1,-8.009852409,1,0.054280322,1,-0.443460047,1,0.159483746,1,0.00970132,1,-0.620813727,1,0.173812672,1
4.999556065,-5.215023041,1,0.220065773,1,-8.075659752,1,0.070635393,1,-0.467305779,1,0.138343945,1,0.0095293,1,-0.622648478,1,0.174523517,1
5.003555775,-5.251475334,1,0.082792066,1,-7.948683262,1,0.088384531,1,-0.479085118,1,0.131445676,1,0.009492562,1,-0.624551356,1,0.175154105,1
5.007558346,-5.232894897,1,0.06501931,1,-7.960801601,1,0.093986973,1,-0.485115647,1,0.129049003,1,0.009506685,1,-0.626477003,1,0.175769791,1
5.011556149,-5.303533077,1,-0.29689011,1,-7.944030285,1,0.101743124,1,-0.488754183,1,0.124636918,1,0.0095577,1,-0.628437102,1,0.176380441,1
5.015555859,-5.336164474,1,-0.555454671,1,-7.98956728,1,0.094138466,1,-0.50067246,1,0.131418884,1,0.009591327,1,-0.630417347,1,0.176992849,1
5.019552231,-5.196308136,1,-0.808934033,1,-7.736780643,1,0.043687209,1,-0.496287286,1,0.134129182,1,0.009498524,1,-0.632416785,1,0.177632838,1
5.02355051,-5.602059364,1,-0.37161544,1,-7.649075031,1,0.037461806,1,-0.50222826,1,0.142890319,1,0.009269208,1,-0.634422481,1,0.178286135,1
5.02755022,-5.865928173,1,-0.193470329,1,-7.600452423,1,0.056192379,1,-0.480708957,1,0.142717138,1,0.009048874,1,-0.636399686,1,0.178979933,1
5.03154707,-5.762058258,1,-0.453917265,1,-7.707908154,1,0.059874814,1,-0.460596234,1,0.154521361,1,0.008860993,1,-0.638290226,1,0.179693297,1
5.035544395,-5.660469055,1,-0.735191822,1,-7.651862144,1,0.047977027,1,-0.447431207,1,0.162026733,1,0.008614542,1,-0.640104294,1,0.18046014,1
5.039544106,-5.651535034,1,-0.568755686,1,-7.581991196,1,0.032565933,1,-0.434623271,1,0.168563455,1,0.008286723,1,-0.641872644,1,0.181277692,1
5.043546677,-5.869404793,1,-0.438270658,1,-7.547281742,1,0.024022283,1,-0.429097891,1,0.167020291,1,0.007905513,1,-0.643607616,1,0.182102636,1
5.047544956,-5.791518211,1,-0.234663367,1,-7.668480396,1,0.014483705,1,-0.411095977,1,0.162039265,1,0.007498133,1,-0.645297289,1,0.182912499,1
5.051544666,-5.730440617,1,-0.105306953,1,-7.754283428,1,0.016294258,1,-0.417140484,1,0.156257376,1,0.007083807,1,-0.646956623,1,0.183698714,1
5.055541039,-5.74663496,1,-0.477734834,1,-7.933470249,1,0.006550771,1,-0.408200145,1,0.1558882,1,0.006684313,1,-0.648608685,1,0.18445453,1
5.059538841,-5.522411823,1,-0.833227396,1,-7.90550518,1,-0.027232802,1,-0.403770417,1,0.15322572,1,0.006184438,1,-0.650235653,1,0.185209602,1
5.063538551,-5.542738914,1,-0.709699273,1,-7.994492054,1,-0.04460822,1,-0.420599341,1,0.158650413,1,0.005570964,1,-0.65188849,1,0.185976073,1
5.0675354,-5.546837807,1,-0.599494338,1,-7.942017555,1,-0.067354217,1,-0.42863673,1,0.174454659,1,0.004849685,1,-0.653595865,1,0.186804637,1
5.071533203,-5.580234051,1,-0.39576295,1,-8.052688599,1,-0.07589522,1,-0.424396545,1,0.187296003,1,0.004020733,1,-0.655307531,1,0.187696412,1
5.07553339,-5.751564026,1,0.048091404,1,-8.057294846,1,-0.071189538,1,-0.404547602,1,0.19080779,1,0.003141146,1,-0.656961441,1,0.188650221,1
5.079529285,-5.802767277,1,0.248942256,1,-7.882153034,1,-0.043831132,1,-0.396055639,1,0.189532727,1,0.002320889,1,-0.658552051,1,0.189610064,1
5.083527088,-5.915257454,1,0.121187873,1,-7.775919914,1,-0.030294722,1,-0.39311263,1,0.179356262,1,0.00160839,1,-0.660133243,1,0.19053334,1
5.087527275,-5.856158257,1,0.150631294,1,-7.780771255,1,-0.031536095,1,-0.391738296,1,0.164325625,1,0.000942887,1,-0.661708295,1,0.191400245,1
5.091523647,-5.71792078,1,0.19907546,1,-7.860709667,1,-0.021698263,1,-0.394248992,1,0.145646632,1,0.000356527,1,-0.66327858,1,0.192179888,1
5.09552145,-5.706570625,1,0.34755826,1,-7.792713642,1,-0.009568401,1,-0.40107131,1,0.134507537,1,-0.00013599,1,-0.66486603,1,0.192888379,1
5.099521637,-5.593658447,1,0.304996073,1,-7.882354259,1,0.006349557,1,-0.407003731,1,0.121591896,1,-0.000540726,1,-0.666483402,1,0.193546727,1
5.103517532,-5.541056156,1,0.205469623,1,-8.124513626,1,0.018657777,1,-0.426023155,1,0.112692147,1,-0.000850461,1,-0.668140173,1,0.194141731,1
5.107515335,-5.654949665,1,0.148051724,1,-8.185798645,1,0.021378618,1,-0.440532148,1,0.100863479,1,-0.001110038,1,-0.669866502,1,0.194672212,1
5.111515522,-5.724896908,1,0.022542244,1,-8.220664024,1,0.02541315,1,-0.458810598,1,0.087968737,1,-0.001307823,1,-0.671659231,1,0.195146054,1
5.115511894,-5.661212444,1,-0.0553266,1,-8.324065208,1,0.028978484,1,-0.480212241,1,0.082679622,1,-0.001477686,1,-0.673525274,1,0.195585772,1
5.119509697,-5.685776711,1,-0.08609058,1,-8.346920013,1,0.032819238,1,-0.508261323,1,0.07785219,1,-0.001618145,1,-0.675499558,1,0.19600372,1
5.123509884,-5.736398697,1,-0.422276437,1,-8.328922272,1,0.037659105,1,-0.528815389,1,0.076632135,1,-0.001730211,1,-0.677577913,1,0.19640857,1
5.127511978,-5.742218018,1,-0.731774509,1,-8.207899094,1,0.026376763,1,-0.554206729,1,0.088424772,1,-0.001867298,1,-0.679740429,1,0.196832508,1
5.131509781,-5.662899017,1,-0.805499196,1,-8.18827343,1,0.010275752,1,-0.578541815,1,0.107926212,1,-0.002118426,1,-0.682002187,1,0.197346017,1
5.135509968,-5.728663445,1,-0.591986358,1,-8.203126907,1,0.004744363,1,-0.601255298,1,0.119648822,1,-0.00246979,1,-0.684359372,1,0.197946474,1
5.13950634,-5.677877426,1,-0.467889011,1,-8.259513855,1,0.005994722,1,-0.624680877,1,0.132698938,1,-0.002865327,1,-0.686799228,1,0.198611915,1
5.143503666,-5.833343029,1,-0.243905082,1,-8.202692986,1,0.003650273,1,-0.641949773,1,0.137442559,1,-0.00329971,1,-0.689330757,1,0.199326143,1
5.147504807,-5.920091152,1,-0.369493008,1,-8.290333748,1,0.003302153,1,-0.665432513,1,0.14319019,1,-0.003747653,1,-0.691937447,1,0.200061873,1
5.151500225,-5.828211308,1,-0.707070589,1,-8.281224251,1,-0.014202284,1,-0.684012413,1,0.143433794,1,-0.004256479,1,-0.694624424,1,0.200820759,1
5.155498505,-5.728849888,1,-0.617465198,1,-8.268882751,1,-0.033325065,1,-0.715125382,1,0.151186153,1,-0.004850846,1,-0.697423816,1,0.201609626,1
5.159498692,-5.651375294,1,-0.490133584,1,-8.462967873,1,-0.040640656,1,-0.749773383,1,0.158845574,1,-0.005526006,1,-0.700349748,1,0.202422351,1
5.163495064,-5.640564919,1,-0.752836883,1,-8.512557983,1,-0.044510826,1,-0.792262971,1,0.16960822,1,-0.00626128,1,-0.703435779,1,0.203301743,1
5.167493343,-5.672872543,1,-1.191530585,1,-8.445343971,1,-0.068218626,1,-0.840987325,1,0.187105402,1,-0.007104671,1,-0.706697822,1,0.204266369,1
5.171493053,-5.82139349,1,-1.351759553,1,-8.316644669,1,-0.100633733,1,-0.88544029,1,0.215448484,1,-0.008168053,1,-0.71014905,1,0.205367923,1
5.175494671,-5.957048893,1,-1.366573095,1,-8.482460976,1,-0.118650891,1,-0.916946769,1,0.252521664,1,-0.00944316,1,-0.713742614,1,0.206637308,1
5.179493427,-5.696679115,1,-1.147181034,1,-8.515268326,1,-0.120840989,1,-0.954526365,1,0.281513125,1,-0.010902532,1,-0.717463851,1,0.208107427,1
5.183493137,-5.677364826,1,-1.068054795,1,-8.575376511,1,-0.124923311,1,-1.007325411,1,0.304862082,1,-0.012456855,1,-0.721375525,1,0.209730059,1
5.187488556,-5.848703384,1,-0.650003552,1,-8.618160248,1,-0.120619647,1,-1.056422472,1,0.318334013,1,-0.014102848,1,-0.725488126,1,0.21146442,1
5.191487312,-5.876075268,1,-0.528512061,1,-8.794412613,1,-0.130850315,1,-1.102672696,1,0.329466313,1,-0.015803764,1,-0.72979182,1,0.213289931,1
5.195487022,-5.593706608,1,-0.291586787,1,-8.873515129,1,-0.136409447,1,-1.160888195,1,0.32305339,1,-0.017577436,1,-0.734287143,1,0.215141654,1
5.199483871,-5.749453068,1,-0.600148618,1,-9.087733269,1,-0.166316882,1,-1.240437508,1,0.318500221,1,-0.019411784,1,-0.739072025,1,0.216990158,1
5.203481674,-5.628219604,1,-0.067498952,1,-8.96457386,1,-0.205636695,1,-1.313761353,1,0.303715259,1,-0.021407945,1,-0.744156301,1,0.218820319,1
5.207481384,-5.415986061,1,0.359834373,1,-9.341950417,1,-0.199499249,1,-1.396355271,1,0.290155232,1,-0.02336977,1,-0.749376893,1,0.220077634,1
5.211478233,-5.333364487,1,0.558559895,1,-9.608230591,1,-0.170213401,1,-1.491211414,1,0.272311896,1,-0.025295831,1,-0.75511694,1,0.221791685,1
5.215475559,-5.231993675,1,0.063422844,1,-9.90117836,1,-0.155801788,1,-1.597982526,1,0.253636301,1,-0.027094426,1,-0.761263847,1,0.223464906,1
5.2194767,-5.242637157,1,-0.520548046,1,-10.32017422,1,-0.15287374,1,-1.727355838,1,0.244800448,1,-0.028835941,1,-0.767887712,1,0.225096911,1
5.223472595,-4.979474545,1,-0.968138099,1,-10.68165302,1,-0.169897631,1,-1.876139998,1,0.240096658,1,-0.030636624,1,-0.77505827,1,0.226750091,1
5.227470875,-4.753226757,1,-1.243085027,1,-11.08317947,1,-0.170935839,1,-2.043085337,1,0.248759314,1,-0.032534055,1,-0.782851577,1,0.228467003,1
5.231470585,-4.874660969,1,-1.701821685,1,-11.28162479,1,-0.161013201,1,-2.221091986,1,0.27860269,1,-0.03454563,1,-0.791343331,1,0.230363011,1
5.235467434,-4.942574501,1,-2.728625059,1,-11.58867455,1,-0.175882995,1,-2.401475191,1,0.337633759,1,-0.036796302,1,-0.800532103,1,0.232589588,1
5.23946476,-5.198684216,1,-4.504804134,1,-11.55215073,1,-0.229072794,1,-2.585817814,1,0.44315809,1,-0.039605901,1,-0.810449183,1,0.23538062,1
5.243465424,-4.824724674,1,-5.571484566,1,-11.62106419,1,-0.319683671,1,-2.804875851,1,0.556099474,1,-0.043268573,1,-0.821127415,1,0.23892343,1
5.247467518,-6.134348392,1,-7.065587044,1,-11.87046051,1,-0.462441981,1,-3.003284931,1,0.71050024,1,-0.048175637,1,-0.832630515,1,0.243440852,1
5.251465321,-5.246920586,1,-7.92890358,1,-11.82791328,1,-0.588553011,1,-3.212810516,1,0.904155374,1,-0.054567225,1,-0.844852686,1,0.249219626,1
5.255465508,-7.102361202,1,-8.409459114,1,-12.6618824,1,-0.790537596,1,-3.461247444,1,1.127235055,1,-0.062844053,1,-0.857966542,1,0.256538749,1
5.259461403,-6.979784489,1,-9.065663338,1,-12.71493721,1,-0.905949414,1,-3.638544321,1,1.415419102,1,-0.073264532,1,-0.871781409,1,0.265817523,1
5.263459682,-6.843945503,1,-9.576224327,1,-12.43602562,1,-1.138250709,1,-3.914242983,1,1.681414366,1,-0.086299963,1,-0.886329889,1,0.277414203,1
5.267459869,-6.3705616,1,-8.188049316,1,-12.79410553,1,-1.339268088,1,-4.21896553,1,1.959810972,1,-0.102132626,1,-0.901860714,1,0.291410029,1
5.271456242,-7.16173172,1,-7.213392258,1,-13.94616985,1,-1.572379708,1,-4.453856468,1,2.171086788,1,-0.121103972,1,-0.918208897,1,0.307997972,1
5.275454521,-6.640565395,1,-5.848731041,1,-15.86178398,1,-1.717931867,1,-4.689803123,1,2.390915871,1,-0.142886519,1,-0.935129344,1,0.32702136,1
5.279454708,-9.188735008,1,-7.750311375,1,-16.28542328,1,-1.856514931,1,-4.827748775,1,2.679724693,1,-0.167908281,1,-0.952399135,1,0.349096954,1
5.28345108,-10.42680168,1,-10.13298416,1,-15.40664101,1,-2.114720821,1,-4.873799801,1,2.983643055,1,-0.196788162,1,-0.969430089,1,0.374693573,1
5.287448883,-16.17795753,1,-11.3355999,1,-16.5574894,1,-2.591337442,1,-4.839900494,1,3.31937933,1,-0.23068741,1,-0.985837936,1,0.404210001,1
5.291449547,-18.67568588,1,-10.92541695,1,-15.84784031,1,-2.810142517,1,-4.491224289,1,3.441880941,1,-0.268743247,1,-1.000638723,1,0.436645001,1
5.295444965,-15.26356506,1,-11.27035236,1,-15.17494678,1,-3.012940645,1,-4.24271822,1,3.746298075,1,-0.30991143,1,-1.013223767,1,0.471638918,1
5.299443722,-14.32586384,1,-10.5190773,1,-15.2160511,1,-3.281410456,1,-4.129424572,1,3.974535465,1,-0.355246127,1,-1.023982048,1,0.510030687,1
5.303443432,-17.72743034,1,-10.57513809,1,-16.84486961,1,-3.383750439,1,-3.994663954,1,3.944867611,1,-0.403063536,1,-1.033202887,1,0.55025804,1
5.307440281,-22.23161316,1,-9.297585487,1,-17.54649925,1,-3.30873251,1,-3.63021493,1,3.925478458,1,-0.451401889,1,-1.040665507,1,0.59078455,1
5.311437607,-16.71780396,1,-8.021634102,1,-15.30255127,1,-3.302069187,1,-3.368906736,1,4.079753876,1,-0.499905527,1,-1.045655489,1,0.631671727,1
5.315438747,-14.27339649,1,-8.433671951,1,-14.91954708,1,-3.314708948,1,-3.479920149,1,4.156607151,1,-0.549735546,1,-1.04926908,1,0.673960984,1
5.319434166,-19.90402794,1,-6.820774555,1,-14.19851017,1,-3.306410551,1,-3.252000809,1,4.22336483,1,-0.6004951,1,-1.051534295,1,0.717130661,1
5.323432446,-18.38580132,1,-8.068761826,1,-11.50241375,1,-3.090604305,1,-2.861042976,1,4.17504549,1,-0.649456501,1,-1.051584601,1,0.758827388,1
5.327432632,-21.547575,1,-8.361964226,1,-8.990538597,1,-3.185219765,1,-2.658761263,1,4.256802559,1,-0.697134852,1,-1.049755573,1,0.799366057,1
5.331429005,-17.8223896,1,-7.025094986,1,-10.35791206,1,-3.134909153,1,-1.954051375,1,4.108772278,1,-0.742368817,1,-1.045663357,1,0.836888552,1
5.335427284,-16.84309769,1,-7.661360741,1,-11.71070385,1,-3.055930376,1,-1.327848315,1,3.871768236,1,-0.782231331,1,-1.039383888,1,0.868762851,1
5.339426994,-19.83101654,1,-7.676244736,1,-14.61094856,1,-2.977217436,1,-0.551578403,1,3.541333437,1,-0.816366673,1,-1.031395197,1,0.894348025,1
5.343423367,-16.92606544,1,-11.06604099,1,-15.92277813,1,-2.761549234,1,0.171737075,1,3.221539497,1,-0.843720794,1,-1.021908522,1,0.912898898,1
5.347421169,-13.14345074,1,-12.8306694,1,-15.7225647,1,-2.783550024,1,0.610541046,1,2.912680149,1,-0.86584121,1,-1.011552572,1,0.925943553,1
5.351421833,-5.644879341,1,-14.64366531,1,-13.06111908,1,-2.872519016,1,0.80283916,1,2.478125334,1,-0.884608984,1,-1.001393795,1,0.93475008,1
5.355417728,2.600847483,1,-17.21072769,1,-8.994983673,1,-3.010250807,1,0.630289674,1,1.916616559,1,-0.901294231,1,-0.992684782,1,0.940665126,1
5.359416485,5.839020729,1,-13.93617249,1,-6.112839699,1,-3.098243237,1,0.088739671,1,1.328617215,1,-0.917898893,1,-0.986591756,1,0.945816457,1
5.363416195,-6.89532423,1,-8.789189339,1,-7.698544025,1,-2.551062107,1,-0.342064589,1,0.694849849,1,-0.933705509,1,-0.983839631,1,0.951061845,1
5.367418766,-14.83745384,1,-8.587280273,1,-10.54954815,1,-2.168753147,1,0.126804262,1,0.501322985,1,-0.945815206,1,-0.98231113,1,0.95439738,1
5.371416569,-9.051018715,1,-10.21442127,1,-11.72498131,1,-2.03194499,1,0.657967567,1,0.219636783,1,-0.953560948,1,-0.980125248,1,0.953628421,1
5.375416756,-3.349824905,1,-11.00529671,1,-10.8605423,1,-1.852476358,1,0.958149612,1,-0.248998836,1,-0.95730418,1,-0.978262782,1,0.948743165,1
5.379413128,0.347970575,1,-12.44939518,1,-8.792090416,1,-1.730778813,1,0.984547317,1,-0.594214082,1,-0.958154917,1,-0.977412701,1,0.941174448,1
5.383411407,1.761753321,1,-11.86417866,1,-7.07959795,1,-1.686550617,1,0.846253693,1,-0.74008739,1,-0.958223045,1,-0.977518797,1,0.93301481,1
5.387411594,1.961486578,1,-11.1930151,1,-6.246237755,1,-1.593843222,1,0.705284476,1,-0.828169703,1,-0.958370805,1,-0.978297234,1,0.925259411,1
5.39140749,2.206795692,1,-10.69332314,1,-6.314593792,1,-1.523780107,1,0.606457531,1,-0.923386753,1,-0.958419979,1,-0.979661465,1,0.91783005,1
5.395405769,2.092550993,1,-10.13336086,1,-6.628973484,1,-1.45526123,1,0.536896765,1,-1.031456828,1,-0.958244264,1,-0.981539607,1,0.91044271,1
5.399405956,2.108512163,1,-9.407299042,1,-6.51890564,1,-1.359007835,1,0.480274677,1,-1.146560788,1,-0.957619488,1,-0.983935535,1,0.902910411,1
5.403402328,1.964582324,1,-8.718859673,1,-6.186828136,1,-1.212481618,1,0.413406253,1,-1.259361744,1,-0.956389725,1,-0.986832261,1,0.895247877,1
5.407400131,1.388386488,1,-8.582345009,1,-5.956778526,1,-1.066575646,1,0.344228566,1,-1.367082477,1,-0.954471827,1,-0.990241349,1,0.88750124,1
5.411400795,0.192551896,1,-8.724957466,1,-6.109676361,1,-0.94081974,1,0.352780282,1,-1.488875747,1,-0.951703548,1,-0.994095623,1,0.879411578,1
5.415396214,-0.73476243,1,-9.016552925,1,-6.461147785,1,-0.83889848,1,0.42029655,1,-1.623540401,1,-0.947754264,1,-0.998272538,1,0.870492458,1
5.41939497,-1.25745213,1,-9.27859211,1,-6.600700378,1,-0.771009982,1,0.517136514,1,-1.77829349,1,-0.94240123,1,-1.002687097,1,0.860309601,1
5.42339468,-1.431014538,1,-9.38470459,1,-6.544327259,1,-0.745124519,1,0.639797509,1,-1.929748535,1,-0.935594916,1,-1.007300019,1,0.84865129,1
5.427391529,-1.536244631,1,-9.384260178,1,-6.402680397,1,-0.739509821,1,0.762576878,1,-2.089925528,1,-0.927365482,1,-1.012079597,1,0.835426986,1
5.431389332,-1.564836979,1,-9.199364662,1,-6.371283531,1,-0.744510949,1,0.879071474,1,-2.236059666,1,-0.917715073,1,-1.016995668,1,0.820580125,1
5.435389996,-1.621046543,1,-8.904748917,1,-6.330408096,1,-0.758361638,1,1.001495242,1,-2.385486841,1,-0.906667233,1,-1.022001266,1,0.80408442,1
5.439391613,-1.553273797,1,-8.611024857,1,-6.230844498,1,-0.769405246,1,1.117459774,1,-2.523530483,1,-0.894219995,1,-1.027063251,1,0.78594172,1
5.443390369,-1.467122674,1,-8.297636032,1,-6.140176773,1,-0.772259414,1,1.209431052,1,-2.652271986,1,-0.880401492,1,-1.032153726,1,0.766218781,1
5.447390556,-1.63532877,1,-7.932942867,1,-6.128249168,1,-0.765540063,1,1.296738982,1,-2.77489233,1,-0.865270972,1,-1.037251472,1,0.745039105,1
5.451386929,-2.085881948,1,-7.541670799,1,-6.125342846,1,-0.748860717,1,1.3834548,1,-2.890340805,1,-0.848751307,1,-1.042306423,1,0.722377598,1
5.455385685,-2.759804249,1,-7.292394161,1,-6.161748886,1,-0.722182989,1,1.48796916,1,-3.00502038,1,-0.697996855,1,-1.027868986,1,0.692454219,1
5.459385395,-3.489441156,1,-7.197300911,1,-6.243456841,1,-0.70634973,1,1.609910488,1,-3.107415915,1,-0.6786291,1,-1.030858397,1,0.666516125,1
5.463382244,-4.158751965,1,-7.182133198,1,-6.273433685,1,-0.692629635,1,1.73902905,1,-3.212450504,1,-0.657892168,1,-1.033438683,1,0.639095545,1
5.467380047,-4.692979813,1,-7.122343063,1,-6.300080299,1,-0.682756662,1,1.88506937,1,-3.311451674,1,-0.635776639,1,-1.035513639,1,0.610165834,1
5.471380711,-5.069530964,1,-7.004657745,1,-6.317980289,1,-0.682750404,1,2.034408569,1,-3.412437916,1,-0.612339377,1,-1.037004232,1,0.579748929,1
5.475376606,-5.369572163,1,-6.87039566,1,-6.2960639,1,-0.679431736,1,2.188753366,1,-3.505925655,1,-0.587657571,1,-1.037842393,1,0.547924459,1
5.479374886,-5.640304565,1,-6.680204391,1,-6.329205513,1,-0.673209548,1,2.330305815,1,-3.596102953,1,-0.561839104,1,-1.03798306,1,0.514794767,1
5.483374596,-5.837364197,1,-6.426243305,1,-6.277626038,1,-0.666437626,1,2.468760729,1,-3.683039904,1,-0.534981549,1,-1.037383795,1,0.480493724,1
5.487371445,-5.998219967,1,-6.232691288,1,-6.168716908,1,-0.649023592,1,2.593399763,1,-3.773300409,1,-0.507210493,1,-1.036030769,1,0.445181549,1
5.491374969,-6.142825127,1,-6.147692204,1,-6.098389149,1,-0.625574768,1,2.707319498,1,-3.853815317,1,-0.478685021,1,-1.033905149,1,0.409041464,1
5.49537611,-6.273504734,1,-6.081699848,1,-6.065037727,1,-0.603307724,1,2.813477993,1,-3.915740013,1,-0.449574351,1,-1.030985594,1,0.372281075,1
5.499372005,-6.446418762,1,-6.037477016,1,-6.041639805,1,-0.571895778,1,2.909356594,1,-3.986422777,1,-0.420060366,1,-1.027269363,1,0.335104048,1
5.503370285,-6.655060768,1,-6.107723236,1,-5.987141132,1,-0.547476649,1,2.995774984,1,-4.042630672,1,-0.390324235,1,-1.022738576,1,0.297689438,1
5.507369995,-6.875133514,1,-6.029444695,1,-6.021791458,1,-0.522617221,1,3.081433296,1,-4.10409832,1,-0.36051476,1,-1.017415047,1,0.260198563,1
5.511366844,-7.12810421,1,-6.096495152,1,-6.008969784,1,-0.49384594,1,3.15264535,1,-4.161021233,1,-0.330743879,1,-1.011285543,1,0.222750619,1
5.515364647,-7.421270847,1,-6.201543808,1,-6.008380413,1,-0.483229995,1,3.224341393,1,-4.212905884,1,-0.301203728,1,-1.00436461,1,0.18550995,1
5.519365311,-7.86508131,1,-6.154083729,1,-6.075701237,1,-0.474344701,1,3.298452616,1,-4.265577316,1,-0.272010535,1,-0.996644616,1,0.148558438,1
5.523361206,-8.293260574,1,-6.197917938,1,-6.158381939,1,-0.468309283,1,3.375142813,1,-4.313273907,1,-0.243274823,1,-0.98810792,1,0.111983471,1
5.527359486,-8.749407768,1,-6.260808468,1,-6.276193142,1,-0.463565499,1,3.455719471,1,-4.364427567,1,-0.215087712,1,-0.978745878,1,0.075887531,1
5.531359673,-9.196681976,1,-6.26761055,1,-6.463831902,1,-0.459174842,1,3.549705267,1,-4.416526318,1,-0.187506288,1,-0.968528628,1,0.04030472,1
5.535356045,-9.653749466,1,-6.351887703,1,-6.702535152,1,-0.461183697,1,3.642283678,1,-4.478749275,1,-0.160581112,1,-0.957434595,1,0.005264699,1
5.539354801,-10.15332222,1,-6.354968071,1,-6.954285622,1,-0.457494229,1,3.739802599,1,-4.540361881,1,-0.134349987,1,-0.945471168,1,-0.029200928,1
5.543354511,-10.49491501,1,-6.333092213,1,-7.178944588,1,-0.457766384,1,3.843681812,1,-4.604269028,1,-0.108857229,1,-0.932632804,1,-0.063047349,1
5.547350883,-10.83637047,1,-6.357494354,1,-7.516765594,1,-0.454037905,1,3.936715603,1,-4.667088985,1,-0.084151819,1,-0.918925285,1,-0.096237257,1
5.551349163,-11.18080044,1,-6.415256977,1,-7.754200459,1,-0.465225101,1,4.029973507,1,-4.733643055,1,-0.060295798,1,-0.90438652,1,-0.128737301,1
5.55534935,-11.15732288,1,-6.462490082,1,-7.959617138,1,-0.467863321,1,4.115393162,1,-4.791353226,1,-0.037356175,1,-0.88902235,1,-0.160488024,1
5.559346199,-11.24262619,1,-6.403443336,1,-8.066993713,1,-0.467494279,1,4.185686588,1,-4.841423035,1,-0.015334568,1,-0.872928977,1,-0.191468403,1
5.563344002,-11.44785881,1,-6.353535652,1,-8.289561272,1,-0.465107918,1,4.238628387,1,-4.887822151,1,0.005707195,1,-0.856175184,1,-0.221578538,1
5.567344666,-11.58543873,1,-6.318683147,1,-8.410248756,1,-0.45666942,1,4.281601906,1,-4.900093079,1,0.025730917,1,-0.838823438,1,-0.250748396,1
5.571341038,-11.7380352,1,-6.185428143,1,-8.687226295,1,-0.454047143,1,4.314650059,1,-4.913235664,1,0.0446941,1,-0.820942879,1,-0.278916031,1
5.57533884,-11.91739368,1,-5.87020874,1,-8.994363785,1,-0.440306902,1,4.346386433,1,-4.910182953,1,0.062601432,1,-0.802598834,1,-0.306065142,1
5.579339027,-12.08702755,1,-5.23859024,1,-9.35683918,1,-0.404197097,1,4.380871296,1,-4.887180328,1,0.079500288,1,-0.783804059,1,-0.332162112,1
5.5833354,-12.25095081,1,-4.417442322,1,-9.711510658,1,-0.325539976,1,4.39275074,1,-4.844806194,1,0.09550938,1,-0.764620721,1,-0.357147545,1
5.587333679,-12.40806007,1,-3.573712349,1,-10.09016228,1,-0.211322814,1,4.413972855,1,-4.79445076,1,0.110767856,1,-0.745110869,1,-0.380990982,1
5.591333866,-12.61249447,1,-2.806355,1,-10.44169617,1,-0.057631545,1,4.424931526,1,-4.723845482,1,0.125443995,1,-0.725313604,1,-0.403677046,1
5.595330715,-12.68369579,1,-2.113693476,1,-10.72716618,1,0.121785864,1,4.424429893,1,-4.632737637,1,0.139660373,1,-0.70529592,1,-0.425161839,1
5.599328041,-12.78148651,1,-1.635861993,1,-11.05866909,1,0.31186679,1,4.420684338,1,-4.519480705,1,0.153485015,1,-0.685126662,1,-0.445385277,1
5.603329182,-12.81393719,1,-1.358485579,1,-11.35170174,1,0.514117599,1,4.397181988,1,-4.38090992,1,0.166958556,1,-0.664872527,1,-0.464291483,1
5.607325077,-12.93787098,1,-1.008638382,1,-11.70376587,1,0.708061695,1,4.375610352,1,-4.209905624,1,0.18007794,1,-0.644619107,1,-0.481819689,1
5.611329556,-12.98545361,1,-0.836850286,1,-11.95772839,1,0.897201896,1,4.349205494,1,-4.017110825,1,0.192820728,1,-0.62442708,1,-0.497892797,1
5.615329742,-13.21671486,1,-0.708238065,1,-12.28149033,1,1.08532989,1,4.326930523,1,-3.815084934,1,0.20520629,1,-0.604315937,1,-0.512488246,1
5.619326115,-13.59446907,1,-0.535485029,1,-12.58310699,1,1.262052774,1,4.308101654,1,-3.588811874,1,0.217238903,1,-0.584328234,1,-0.525597572,1
5.623324871,-14.03923893,1,-0.366562128,1,-12.88065434,1,1.433653831,1,4.291411877,1,-3.350920677,1,0.228935957,1,-0.564484358,1,-0.537186325,1
5.627324581,-14.5982151,1,-0.13240625,1,-13.14983845,1,1.605515003,1,4.285424709,1,-3.094321251,1,0.240319818,1,-0.544811904,1,-0.547250211,1
5.631320953,-15.09743309,1,0.084642068,1,-13.40884304,1,1.782246232,1,4.28676939,1,-2.841621399,1,0.25144577,1,-0.525296867,1,-0.555786192,1
5.635319233,-15.8254385,1,0.34397909,1,-13.51537895,1,1.96139729,1,4.295035839,1,-2.5849123,1,0.262406677,1,-0.505945325,1,-0.562839389,1
5.63931942,-16.45902252,1,0.489868015,1,-13.34088802,1,2.148788452,1,4.332531452,1,-2.326518536,1,0.273277462,1,-0.486719638,1,-0.568413615,1
5.643316269,-17.02228355,1,0.802615404,1,-13.18074226,1,2.355733156,1,4.36763525,1,-2.065189123,1,0.284179509,1,-0.467573583,1,-0.572526336,1
5.647314072,-17.51188469,1,1.171200275,1,-12.96554852,1,2.569846869,1,4.39869976,1,-1.817723751,1,0.295224279,1,-0.448564142,1,-0.575236201,1
5.651314735,-17.93890762,1,1.659077883,1,-12.60874844,1,2.832683802,1,4.427864552,1,-1.578439236,1,0.306605011,1,-0.429696232,1,-0.576615274,1
5.655311584,-18.33833694,1,2.267962694,1,-12.32050896,1,3.118237495,1,4.451395035,1,-1.352153063,1,0.318543375,1,-0.410993576,1,-0.57673502,1
5.65930891,-19.00902557,1,2.82964015,1,-11.80728817,1,3.444951296,1,4.484726906,1,-1.1419245,1,0.331240982,1,-0.3924582,1,-0.575674653,1
5.663310051,-20.0301609,1,3.368605375,1,-11.12387276,1,3.794092417,1,4.52767849,1,-0.941276133,1,0.344898164,1,-0.374068171,1,-0.573473334,1
5.667306423,-21.00527382,1,3.84310174,1,-10.17918587,1,4.163323402,1,4.584940434,1,-0.754865348,1,0.359623581,1,-0.355795979,1,-0.570153654,1
5.671304226,-21.8176403,1,4.248034,1,-9.179656982,1,4.526454449,1,4.647360325,1,-0.574157417,1,0.375505745,1,-0.337617695,1,-0.565729916,1
5.67530489,-22.36325455,1,4.842278481,1,-8.07791996,1,4.876342297,1,4.706815243,1,-0.412572652,1,0.392540812,1,-0.319533497,1,-0.560249686,1
5.679300785,-22.41030884,1,5.712509632,1,-7.019899368,1,5.208856583,1,4.753620148,1,-0.275541067,1,0.410753459,1,-0.30156216,1,-0.553802371,1
5.683299541,-22.03967857,1,6.76945591,1,-6.066985607,1,5.501801014,1,4.75249052,1,-0.175003082,1,0.4300825,1,-0.283827066,1,-0.546553969,1
5.687299252,-21.51004601,1,7.51253891,1,-4.998178482,1,5.762320042,1,4.682493687,1,-0.104139514,1,0.450495034,1,-0.266503602,1,-0.538704872,1
5.691295624,-20.8515873,1,7.950381756,1,-3.872905731,1,5.939340115,1,4.551986217,1,-0.068328485,1,0.471832812,1,-0.249794662,1,-0.530506909,1
5.695293903,-20.34021187,1,8.161892891,1,-2.93842864,1,6.014284134,1,4.366956234,1,-0.062450368,1,0.493772328,1,-0.233863071,1,-0.522197425,1
5.69929409,-20.04287338,1,8.537469864,1,-1.96493876,1,5.997745514,1,4.111194134,1,-0.091664791,1,0.516001761,1,-0.218870148,1,-0.514047921,1
5.703290939,-20.32862663,1,8.917590141,1,-0.821832716,1,5.900954723,1,3.826073408,1,-0.165521517,1,0.53819108,1,-0.204881996,1,-0.506331027,1
5.707288742,-20.99604416,1,9.213481903,1,0.34134829,1,5.72486496,1,3.522071362,1,-0.258830905,1,0.559833884,1,-0.191612437,1,-0.500209451,1
5.711289406,-21.64836884,1,9.331111908,1,1.70416379,1,5.436660767,1,3.191468716,1,-0.373831928,1,0.581020296,1,-0.179628044,1,-0.49391216,1
5.715285301,-22.60678864,1,9.384134293,1,3.046578169,1,5.032321453,1,2.846292734,1,-0.478759348,1,0.601042867,1,-0.16864711,1,-0.488506198,1
5.719283581,-23.96819878,1,9.819334984,1,4.653134346,1,4.528612137,1,2.488225222,1,-0.584184885,1,0.619463503,1,-0.158693224,1,-0.484086335,1
5.723283768,-25.62272453,1,10.55029011,1,6.122005463,1,3.973964214,1,2.146472931,1,-0.660270333,1,0.635946035,1,-0.149716571,1,-0.480625689,1
5.72728014,-26.88057137,1,11.50547218,1,7.40759182,1,3.398446321,1,1.798205256,1,-0.674140394,1,0.650314927,1,-0.141791612,1,-0.478018671,1
5.731285095,-27.35964203,1,12.27345371,1,8.304430008,1,2.821409941,1,1.422426105,1,-0.613858104,1,0.662494898,1,-0.135091066,1,-0.476124376,1
5.735285282,-26.83051491,1,12.27474117,1,8.769879341,1,2.279576063,1,1.01242888,1,-0.442190558,1,0.67251128,1,-0.129927099,1,-0.474768102,1
5.739281178,-25.80122948,1,11.60215473,1,8.632990837,1,1.753010392,1,0.557618201,1,-0.185698822,1,0.680443168,1,-0.126682058,1,-0.473784447,1
5.743279934,-24.15784264,1,10.53133869,1,7.913528442,1,1.249372959,1,0.087072931,1,0.15399535,1,0.686356902,1,-0.12563023,1,-0.473022491,1
5.747280598,-22.98541641,1,10.13922501,1,7.023703575,1,0.801263213,1,-0.335747272,1,0.501650929,1,0.690354526,1,-0.126851201,1,-0.472336441,1
5.751276493,-21.97387505,1,9.634616852,1,5.340744495,1,0.383763909,1,-0.687652349,1,0.853596032,1,0.692624927,1,-0.130175814,1,-0.471555352,1
5.755275249,-21.3114624,1,8.795801163,1,4.110446453,1,-0.010884293,1,-0.974898875,1,1.172034383,1,0.693220735,1,-0.135328382,1,-0.470561802,1
5.75927496,-21.7076683,1,8.21368885,1,2.590613604,1,-0.344827414,1,-1.188371658,1,1.447301149,1,0.692323506,1,-0.142023817,1,-0.46928373,1
5.763271809,-22.21243286,1,7.672476768,1,1.234367013,1,-0.622196436,1,-1.307657123,1,1.680727005,1,0.69013375,1,-0.149875715,1,-0.467638314,1
5.767270565,-22.50437355,1,7.065384388,1,-0.247484416,1,-0.864153206,1,-1.364751577,1,1.882623315,1,0.686830521,1,-0.158550948,1,-0.465497077,1
5.771270275,-22.33073997,1,5.275138855,1,-2.600082636,1,-1.141699076,1,-1.374979973,1,2.043946743,1,0.68242687,1,-0.167761385,1,-0.462844253,1
5.775266647,1.803783298,1,-27.68041039,1,-12.94513607,1,-3.688138723,1,-1.471672654,1,2.093248844,1,0.672965825,1,-0.177359492,1,-0.459837615,1
5.77926445,-4.185797215,1,-16.84696579,1,-13.73369026,1,-5.60763073,1,-2.211581945,1,2.05531621,1,0.653171122,1,-0.188252866,1,-0.457894444,1
5.783265114,-11.86254025,1,-8.472067833,1,-15.02710533,1,-5.765262127,1,-1.755734086,1,2.015552998,1,0.630277812,1,-0.199993253,1,-0.456223369,1
5.787261963,1.999044418,1,-12.16587543,1,-18.79940033,1,-6.658899784,1,-0.291308552,1,1.874783278,1,0.604578137,1,-0.207651749,1,-0.452232361,1
5.791260242,9.559677124,1,-19.99911118,1,-19.99933624,1,-7.207067013,1,0.006442539,1,2.020862579,1,0.575286031,1,-0.212167606,1,-0.445687473,1
5.795260429,10.7621336,1,-28.46084213,1,-17.63021851,1,-7.143963814,1,-0.461660653,1,2.10382247,1,0.545302451,1,-0.217305779,1,-0.439041495,1
5.799257278,12.65448189,1,-26.11868286,1,-15.66118813,1,-7.738582134,1,-0.819189966,1,2.147023678,1,0.514146507,1,-0.223894626,1,-0.432950646,1
5.803255081,8.279540062,1,-21.57927704,1,-11.73204231,1,-8.333210945,1,-0.748877048,1,2.293719292,1,0.480418324,1,-0.23087953,1,-0.426395088,1
5.807255745,4.094248295,1,-10.71212482,1,-10.20156097,1,-8.663990021,1,-0.87408042,1,2.507048607,1,0.444710612,1,-0.237965018,1,-0.419179648,1
5.811252117,3.750680208,1,4.11767149,1,-6.96989727,1,-8.424394608,1,-1.465240002,1,2.759878635,1,0.408474147,1,-0.246541023,1,-0.411066264,1
5.815250397,-1.864928365,1,15.90097046,1,-7.548793316,1,-7.802458286,1,-2.268883705,1,2.703080654,1,0.373994052,1,-0.257542431,1,-0.403600514,1
5.819250584,-10.1461401,1,21.97186089,1,-10.46852493,1,-6.802336216,1,-2.913595438,1,2.741811752,1,0.343084127,1,-0.271170706,1,-0.396743119,1
5.823247433,-16.65088463,1,27.49827003,1,-18.48411751,1,-5.542425156,1,-2.962556601,1,2.65720129,1,0.316470146,1,-0.285910606,1,-0.390108705,1
5.827245712,-25.15115166,1,26.48801041,1,-23.52456474,1,-4.850624561,1,-2.481853724,1,2.74981308,1,0.29361394,1,-0.299660981,1,-0.382979572,1
5.831245899,-22.25163269,1,26.13963127,1,-20.80174828,1,-4.202775002,1,-1.975198865,1,2.81332922,1,0.273133069,1,-0.311258763,1,-0.374290287,1
5.835242271,-17.63377571,1,21.8266449,1,-16.85416031,1,-3.638232708,1,-1.728184581,1,2.916526079,1,0.254272819,1,-0.321314961,1,-0.364601433,1
5.839240551,-13.41125011,1,15.21962166,1,-14.39330673,1,-2.990301847,1,-1.767839789,1,2.670698881,1,0.237972751,1,-0.330836415,1,-0.354910344,1
5.843240738,-8.040070534,1,6.216080666,1,-12.72434139,1,-2.560400963,1,-1.886871696,1,2.261649609,1,0.224130183,1,-0.340179324,1,-0.346437931,1
5.847237587,-6.393732071,1,1.719319582,1,-12.05779934,1,-2.224112749,1,-2.107608318,1,1.598064661,1,0.212457567,1,-0.349659503,1,-0.3402192,1
5.851242542,-7.515776634,1,-1.454790235,1,-11.38803387,1,-1.991972566,1,-2.232408047,1,0.853395939,1,0.202951863,1,-0.359225094,1,-0.337058842,1
5.855242729,-6.531712532,1,-3.293061256,1,-10.75752163,1,-1.875419378,1,-2.18546772,1,0.324394166,1,0.195057034,1,-0.368346572,1,-0.336546898,1
5.859239578,-6.433826447,1,-0.202933848,1,-11.03959274,1,-1.796728492,1,-2.162904024,1,0.12540397,1,0.188036993,1,-0.377033591,1,-0.337462902,1
5.863238335,-7.198073864,1,7.131975174,1,-11.47059059,1,-1.628214478,1,-2.067191362,1,0.190697983,1,0.181565911,1,-0.38548404,1,-0.338523239,1
5.867238522,-6.578232288,1,14.492836,1,-12.09716129,1,-1.447315693,1,-1.872347116,1,0.347495943,1,0.175534487,1,-0.393448263,1,-0.338886917,1
5.871234894,-5.867368221,1,17.11787224,1,-11.62861919,1,-1.176009297,1,-1.689800382,1,0.505624235,1,0.170072794,1,-0.400749743,1,-0.33837834,1
5.875232697,-5.035817146,1,14.3218298,1,-10.2250967,1,-0.88806206,1,-1.590381861,1,0.679454327,1,0.165414646,1,-0.407584637,1,-0.337040037,1
5.87923336,-5.793894768,1,10.77349663,1,-9.153737068,1,-0.654668629,1,-1.582800269,1,0.781396389,1,0.161527559,1,-0.414330423,1,-0.334982395,1
5.883229733,-6.773080349,1,5.1883564,1,-8.995616913,1,-0.513600111,1,-1.546018243,1,0.742630899,1,0.158310384,1,-0.420993716,1,-0.332746118,1
5.887228012,-7.783148289,1,-1.388607979,1,-8.644453049,1,-0.496079355,1,-1.423585415,1,0.630106449,1,0.155486658,1,-0.427294433,1,-0.330761313,1
5.891228199,-8.506511688,1,-5.915802479,1,-8.546952248,1,-0.526184618,1,-1.27708447,1,0.527123392,1,0.152811736,1,-0.432996154,1,-0.329166979,1
5.895224094,-8.485366821,1,-6.916729927,1,-8.731479645,1,-0.586558402,1,-1.104065657,1,0.471510947,1,0.150030673,1,-0.438014299,1,-0.327800632,1
5.899222851,-8.226356506,1,-5.069264412,1,-9.21525383,1,-0.653860509,1,-0.969014168,1,0.433272094,1,0.146997571,1,-0.442382962,1,-0.326514244,1
5.903223515,-8.027362823,1,-1.486805558,1,-10.00540543,1,-0.710263193,1,-0.772062719,1,0.42943576,1,0.143687725,1,-0.446087539,1,-0.325182438,1
5.90721941,-7.223782539,1,1.745329499,1,-10.27311134,1,-0.680583358,1,-0.646188319,1,0.414812833,1,0.140295744,1,-0.449121952,1,-0.323785007,1
5.911218166,-6.826307774,1,3.837814808,1,-10.66822433,1,-0.612452626,1,-0.544058025,1,0.401927441,1,0.137076318,1,-0.451716185,1,-0.322373211,1
5.915218353,-6.258524895,1,3.969653368,1,-10.62312603,1,-0.509750307,1,-0.455417544,1,0.376892984,1,0.134200647,1,-0.453889549,1,-0.320947915,1
5.919214725,-6.064267159,1,2.357313395,1,-10.28437042,1,-0.429571956,1,-0.382544488,1,0.340060204,1,0.131746173,1,-0.455740988,1,-0.319615066,1
5.923213482,-5.484165668,1,-0.276980013,1,-9.658346176,1,-0.371428996,1,-0.349042296,1,0.286691844,1,0.129624367,1,-0.457332194,1,-0.318453491,1
5.927213192,-4.461717129,1,-2.144581079,1,-9.336626053,1,-0.324436516,1,-0.358973563,1,0.216086745,1,0.127834797,1,-0.458844244,1,-0.317541838,1
5.931209564,-4.03035593,1,-2.282722712,1,-9.59890461,1,-0.305008203,1,-0.395201206,1,0.166766912,1,0.126314908,1,-0.460435361,1,-0.316909492,1
5.935208321,-4.299384594,1,-1.449422002,1,-9.911139488,1,-0.278012782,1,-0.429104507,1,0.142353058,1,0.1249488,1,-0.46214965,1,-0.316459715,1
5.939208031,-4.799663067,1,0.070174836,1,-9.81563282,1,-0.245738938,1,-0.427532792,1,0.140374735,1,0.123720452,1,-0.463916928,1,-0.316072941,1
5.94320488,-4.817477226,1,0.567583978,1,-9.616913795,1,-0.200448826,1,-0.4497419,1,0.136050746,1,0.122655213,1,-0.46572569,1,-0.315691829,1
5.947203636,-4.904511452,1,0.342812568,1,-9.45851326,1,-0.141673028,1,-0.462231696,1,0.095941521,1,0.121851124,1,-0.467583746,1,-0.315425992,1
5.951203823,-4.665790081,1,-0.19099769,1,-9.309135437,1,-0.084480911,1,-0.473793119,1,0.043569196,1,0.121352151,1,-0.469482034,1,-0.315363586,1
5.955200672,-4.613946438,1,-0.667327821,1,-9.300744057,1,-0.039863311,1,-0.488515764,1,0.008471689,1,0.121068686,1,-0.471134067,1,-0.314753294,1
5.959198952,-4.529000282,1,-0.778237462,1,-9.259700775,1,-0.00995863,1,-0.498131156,1,-0.009609993,1,0.121089973,1,-0.473086625,1,-0.315029263,1
5.963199615,-4.566011429,1,-0.713844597,1,-9.23349762,1,0.017793879,1,-0.512637496,1,-0.020460978,1,0.121274054,1,-0.475076377,1,-0.315377176,1
5.967195511,-5.084488869,1,-0.735028207,1,-9.237020493,1,0.041958462,1,-0.514229894,1,-0.027482646,1,0.121580042,1,-0.477102458,1,-0.315758526,1
5.971199989,-5.309488773,1,-0.325775355,1,-9.038642883,1,0.066368662,1,-0.495236486,1,-0.03956344,1,0.121980168,1,-0.479083598,1,-0.316174388,1
5.975200653,-5.268655777,1,0.110685781,1,-8.961428642,1,0.106168613,1,-0.489029139,1,-0.05831264,1,0.122555964,1,-0.481022179,1,-0.31667161,1
5.979197502,-5.364782333,1,0.103618272,1,-8.893357277,1,0.136513054,1,-0.473968148,1,-0.069181718,1,0.123297282,1,-0.482910603,1,-0.317234874,1
5.983195305,-5.243757725,1,0.283414453,1,-8.817826271,1,0.164210498,1,-0.449677378,1,-0.07409253,1,0.124168746,1,-0.484695047,1,-0.317819357,1
5.987195969,-4.938094616,1,0.085973717,1,-8.775390625,1,0.186593428,1,-0.435264975,1,-0.082177721,1,0.125156686,1,-0.486407399,1,-0.318418652,1
5.991192341,-5.009087086,1,-0.205057532,1,-8.675710678,1,0.203062266,1,-0.432931483,1,-0.080415174,1,0.126213685,1,-0.488083273,1,-0.319019914,1
5.995190144,-5.068320274,1,-0.440900624,1,-8.618035316,1,0.210683882,1,-0.420481175,1,-0.075372718,1,0.127332851,1,-0.489738345,1,-0.319633245,1
5.999190807,-5.07689476,1,-0.655780852,1,-8.545248985,1,0.205668852,1,-0.40810135,1,-0.072705463,1,0.128437638,1,-0.491357416,1,-0.320212811,1
6.003187656,-4.96456337,1,-0.847052693,1,-8.579746246,1,0.201744393,1,-0.404159665,1,-0.064728618,1,0.129518032,1,-0.492934376,1,-0.320757449,1
6.007185459,-4.96389246,1,-1.020718455,1,-8.501776695,1,0.188777804,1,-0.396990687,1,-0.051238976,1,0.13053748,1,-0.494483471,1,-0.321267247,1
6.011186123,-5.079852104,1,-1.281612754,1,-8.441205025,1,0.177219018,1,-0.389237374,1,-0.045191646,1,0.131488398,1,-0.496025026,1,-0.321721613,1
6.015182972,-5.151835442,1,-1.361266017,1,-8.313410759,1,0.161366314,1,-0.383277953,1,-0.044119004,1,0.132369623,1,-0.497527003,1,-0.322153687,1
6.019181252,-5.148180485,1,-1.41524303,1,-8.174561501,1,0.140402392,1,-0.367312223,1,-0.041992541,1,0.133168221,1,-0.498993099,1,-0.322567523,1
6.023181438,-5.138226986,1,-1.448857307,1,-8.102945328,1,0.114258185,1,-0.352893531,1,-0.033265281,1,0.133870855,1,-0.500394106,1,-0.3229554,1
6.027177811,-4.938151836,1,-1.52165091,1,-8.16295433,1,0.087004229,1,-0.34210217,1,-0.024369145,1,0.134437144,1,-0.501744986,1,-0.323301435,1
6.03117609,-5.055279255,1,-1.721400738,1,-8.182785988,1,0.048901219,1,-0.329010487,1,-0.013743541,1,0.134846345,1,-0.503060281,1,-0.323589623,1
6.035176277,-5.065330029,1,-1.778386354,1,-8.166124344,1,0.018844243,1,-0.314753324,1,-0.010265717,1,0.135099471,1,-0.50432992,1,-0.323836923,1
6.039173126,-5.159733295,1,-1.705007076,1,-8.183343887,1,-0.003182164,1,-0.299233586,1,-0.015509772,1,0.135244474,1,-0.505528986,1,-0.324081898,1
6.043171406,-5.181897163,1,-1.518204927,1,-8.277042389,1,-0.019622175,1,-0.285554618,1,-0.013139942,1,0.135312483,1,-0.506686211,1,-0.324321628,1
6.047171593,-5.187941074,1,-1.260934591,1,-8.33409977,1,-0.02747,1,-0.273454756,1,-0.014565638,1,0.135330483,1,-0.507785559,1,-0.324558288,1
6.051168442,-5.198933125,1,-1.018944979,1,-8.388896942,1,-0.032407034,1,-0.257008076,1,-0.014861902,1,0.135316461,1,-0.508831799,1,-0.324787438,1
6.055166245,-5.193775654,1,-0.986817956,1,-8.357648849,1,-0.03309546,1,-0.239963427,1,-0.007398638,1,0.135287136,1,-0.509799898,1,-0.324985862,1
6.059166908,-5.222094536,1,-1.126213551,1,-8.27385807,1,-0.039636526,1,-0.227568895,1,-0.001276248,1,0.135222465,1,-0.510724962,1,-0.325152278,1
6.06316328,-5.088224888,1,-1.249641657,1,-8.246295929,1,-0.044101749,1,-0.213585258,1,0.006661602,1,0.135119215,1,-0.511599183,1,-0.325281411,1
6.06716156,-5.127173424,1,-1.293103576,1,-8.240229607,1,-0.043183703,1,-0.20599398,1,0.012509336,1,0.134985507,1,-0.512434721,1,-0.325371534,1
6.071161747,-5.079679012,1,-1.265479207,1,-8.297792435,1,-0.052278273,1,-0.201583013,1,0.020825138,1,0.134801388,1,-0.513247609,1,-0.325416148,1
6.075158596,-5.098479271,1,-1.247521758,1,-8.283865929,1,-0.055155881,1,-0.192458481,1,0.028688591,1,0.134590983,1,-0.514037848,1,-0.325430512,1
6.079156876,-5.075694561,1,-1.1451689,1,-8.198882103,1,-0.057271224,1,-0.187697664,1,0.028341644,1,0.134357855,1,-0.514799118,1,-0.325421333,1
6.083157063,-5.216942787,1,-1.030120254,1,-8.186535835,1,-0.049527295,1,-0.184529483,1,0.027461983,1,0.134139195,1,-0.515549958,1,-0.325408727,1
6.087153435,-5.276166439,1,-0.939674854,1,-8.160098076,1,-0.046787914,1,-0.17038545,1,0.022253226,1,0.133934855,1,-0.516257524,1,-0.325392067,1
6.09115839,-5.240365028,1,-0.917703331,1,-8.144582748,1,-0.03894813,1,-0.160074368,1,0.028678071,1,0.133758217,1,-0.516925752,1,-0.325381994,1
6.095159531,-5.155915737,1,-1.048415661,1,-8.198868752,1,-0.035153612,1,-0.155394673,1,0.025421107,1,0.13359417,1,-0.517567217,1,-0.325370371,1
6.099155903,-5.165630341,1,-1.09384346,1,-8.200861931,1,-0.033591557,1,-0.156589016,1,0.026061473,1,0.133452341,1,-0.518197179,1,-0.325350702,1
6.103154182,-5.038678169,1,-1.178412557,1,-8.184856415,1,-0.032228496,1,-0.155828834,1,0.026338182,1,0.133300409,1,-0.518821955,1,-0.325322717,1
6.107154369,-4.965598583,1,-1.313212633,1,-8.214767456,1,-0.038464356,1,-0.153992087,1,0.03624225,1,0.133127019,1,-0.519450843,1,-0.325260818,1
6.111151218,-4.968788624,1,-1.274529099,1,-8.149987221,1,-0.042132519,1,-0.156875238,1,0.04073241,1,0.132922322,1,-0.520086586,1,-0.325181246,1
6.115149975,-5.078400612,1,-1.434905648,1,-8.259475708,1,-0.058519568,1,-0.153568074,1,0.056066703,1,0.132655114,1,-0.520734489,1,-0.325038433,1
6.119150162,-4.932081699,1,-1.385855556,1,-8.108214378,1,-0.070187129,1,-0.150994033,1,0.068861939,1,0.132304803,1,-0.52138406,1,-0.324860483,1
6.123146057,-4.853357792,1,-1.656024694,1,-8.283305168,1,-0.087865241,1,-0.160663813,1,0.077376328,1,0.131886601,1,-0.522027969,1,-0.324617982,1
6.127144814,-4.780776501,1,-1.776628256,1,-8.164188385,1,-0.110722519,1,-0.166116878,1,0.095793903,1,0.131335348,1,-0.522714734,1,-0.324326336,1
6.131145,-4.900442123,1,-1.692992091,1,-8.110046387,1,-0.134914264,1,-0.165705025,1,0.114339076,1,0.130660534,1,-0.523417532,1,-0.323953718,1
6.13514185,-4.550401211,1,-1.792580009,1,-8.348065376,1,-0.144466251,1,-0.183377177,1,0.113087751,1,0.129895613,1,-0.524159253,1,-0.323535383,1
6.139140129,-4.780229568,1,-1.74250865,1,-8.187346458,1,-0.166999608,1,-0.19385232,1,0.131890982,1,0.12904948,1,-0.524981797,1,-0.323085666,1
6.143140793,-4.606833935,1,-1.743292689,1,-8.143870354,1,-0.193047866,1,-0.195050299,1,0.149108708,1,0.128067598,1,-0.52582413,1,-0.32255578,1
6.147137642,-4.781338215,1,-1.70130825,1,-8.253163338,1,-0.20609498,1,-0.20786646,1,0.168394893,1,0.12696892,1,-0.526715636,1,-0.321950138,1
6.151135921,-4.771798134,1,-1.385956645,1,-8.159929276,1,-0.215543523,1,-0.218768895,1,0.169744566,1,0.125799462,1,-0.527650058,1,-0.321294814,1
6.155136108,-4.811525822,1,-1.41206491,1,-8.348021507,1,-0.219550252,1,-0.22833091,1,0.181901887,1,0.124581873,1,-0.528615952,1,-0.320604205,1
6.159132481,-4.773524284,1,-1.087552905,1,-8.35197258,1,-0.232148156,1,-0.233992904,1,0.192593277,1,0.123318359,1,-0.529620886,1,-0.319869578,1
6.16313076,-4.800756931,1,-1.140354037,1,-8.440599442,1,-0.236166105,1,-0.245616242,1,0.207219243,1,0.121982731,1,-0.530674994,1,-0.319074512,1
6.167130947,-4.960238934,1,-1.078597069,1,-8.296954155,1,-0.239649221,1,-0.2641325,1,0.21212709,1,0.120619237,1,-0.531787753,1,-0.3182666,1
6.171127796,-4.884158134,1,-0.882127404,1,-8.362458229,1,-0.239058152,1,-0.260528237,1,0.221625447,1,0.119224347,1,-0.53293258,1,-0.317413151,1
6.175126076,-5.010024548,1,-0.919165552,1,-8.400643349,1,-0.242816493,1,-0.274873495,1,0.227295265,1,0.117827311,1,-0.534097672,1,-0.316535294,1
6.179126263,-5.032240868,1,-0.719545126,1,-8.377526283,1,-0.242870882,1,-0.284246683,1,0.217312574,1,0.116410069,1,-0.535310507,1,-0.315664977,1
6.183123112,-5.14207983,1,-0.608044624,1,-8.36375618,1,-0.238138467,1,-0.290277451,1,0.211896241,1,0.11501094,1,-0.536554217,1,-0.314818203,1
6.187121868,-5.24590683,1,-0.36124146,1,-8.360234261,1,-0.22328037,1,-0.294384897,1,0.206441894,1,0.113679357,1,-0.537806809,1,-0.314006388,1
6.191122055,-5.23539257,1,-0.295978606,1,-8.432198524,1,-0.202455699,1,-0.299031973,1,0.188873842,1,0.112436727,1,-0.53908062,1,-0.313239872,1
6.19511795,-5.293131828,1,-0.221129596,1,-8.422130585,1,-0.199758247,1,-0.310138583,1,0.161855906,1,0.111294284,1,-0.540373445,1,-0.312582463,1
6.199116707,-5.416066647,1,-0.310977012,1,-8.486129761,1,-0.196134895,1,-0.322285235,1,0.129688278,1,0.110254169,1,-0.541703761,1,-0.31209904,1
6.203117371,-5.268751621,1,-0.257281452,1,-8.470496178,1,-0.184706852,1,-0.336625397,1,0.093386427,1,0.10890241,1,-0.544850886,1,-0.311344981,1
6.207113743,-5.382998943,1,0.298992455,1,-8.531462669,1,-0.141440898,1,-0.363538235,1,0.072765633,1,0.108048975,1,-0.54602319,1,-0.310539126,1
6.211118221,-5.319514751,1,0.904015601,1,-8.600962639,1,-0.083498821,1,-0.381440014,1,0.034831226,1,0.107575417,1,-0.547523499,1,-0.310478836,1
6.215118885,-5.407062054,1,0.773775637,1,-8.634490013,1,-0.037007406,1,-0.392981589,1,-0.005648835,1,0.107390136,1,-0.549081147,1,-0.310600907,1
6.219115734,-5.102561474,1,0.687498331,1,-8.623064995,1,0.003367661,1,-0.426715612,1,-0.041856047,1,0.107497655,1,-0.550703585,1,-0.310926557,1
6.223113537,-4.959919453,1,0.177020356,1,-8.814074516,1,0.063059911,1,-0.465005428,1,-0.0635221,1,0.10788019,1,-0.552456737,1,-0.311403692,1
6.227114201,-4.558129311,1,-0.622453511,1,-9.001633644,1,0.097303979,1,-0.508876681,1,-0.038725954,1,0.108455963,1,-0.554370522,1,-0.311891854,1
6.231110573,-4.393796921,1,-1.365193963,1,-9.058744431,1,0.102042764,1,-0.583548903,1,-0.016482094,1,0.109084442,1,-0.556532979,1,-0.312300146,1
6.235109329,-4.515861988,1,-1.787281632,1,-9.089111328,1,0.120844871,1,-0.648479581,1,0.01382611,1,0.109713539,1,-0.558985174,1,-0.312630922,1
6.239109993,-4.754573822,1,-1.848346114,1,-9.09800148,1,0.097574353,1,-0.705895782,1,0.047384907,1,0.11025162,1,-0.561690032,1,-0.312832624,1
6.243106365,-4.969968319,1,-1.620646,1,-8.977577209,1,0.108154893,1,-0.749431849,1,0.071587883,1,0.110710151,1,-0.564596176,1,-0.312928051,1
6.247104645,-4.997668266,1,-1.188867688,1,-8.993927002,1,0.123214491,1,-0.791005492,1,0.103029452,1,0.111152321,1,-0.56768924,1,-0.31289947,1
6.251105309,-4.98555088,1,-0.945055127,1,-8.923996925,1,0.174726129,1,-0.845764101,1,0.134062842,1,0.111696005,1,-0.570997,1,-0.312785774,1
6.255102158,-4.736722946,1,-0.682032347,1,-9.167082787,1,0.191185653,1,-0.907103002,1,0.131476283,1,0.1122998,1,-0.574531317,1,-0.312615216,1
6.25909996,-4.50392437,1,-0.660240412,1,-10.09531021,1,0.25000608,1,-1.010515451,1,0.15627718,1,0.113125801,1,-0.578396678,1,-0.312449098,1
6.263100624,-3.931308031,1,-1.347383857,1,-9.069293022,1,0.176509157,1,-1.085448861,1,0.143261731,1,0.113885827,1,-0.582612216,1,-0.312279046,1
6.267096996,-4.699065685,1,0.161475301,1,-9.349399567,1,0.220859215,1,-1.186742544,1,0.123564541,1,0.114661939,1,-0.587206006,1,-0.31227845,1
6.271095753,-5.216999531,1,0.676240146,1,-9.354999542,1,0.31777975,1,-1.240305662,1,0.134211704,1,0.115773074,1,-0.592098117,1,-0.312324584,1
6.27509594,-5.201047421,1,0.166143805,1,-9.414912224,1,0.370719522,1,-1.307232022,1,0.11359565,1,0.117207676,1,-0.597214758,1,-0.312432349,1
6.279092312,-4.778116226,1,0.220236033,1,-9.596329689,1,0.450515389,1,-1.389823318,1,0.098374501,1,0.119024508,1,-0.602624595,1,-0.312708557,1
6.283091068,-4.483952045,1,0.067921564,1,-9.470479012,1,0.46017006,1,-1.469580531,1,0.075977273,1,0.121077776,1,-0.608338952,1,-0.313110113,1
6.287091732,-4.891619205,1,-0.358627439,1,-9.930991173,1,0.471359462,1,-1.556122184,1,0.059035305,1,0.123286843,1,-0.614388824,1,-0.313681662,1
6.291088104,-4.277174473,1,-0.187693343,1,-9.742129326,1,0.435517013,1,-1.657872558,1,0.041747663,1,0.125499144,1,-0.620781541,1,-0.314407527,1
6.295085907,-5.012333393,1,0.266449839,1,-9.873116493,1,0.50455147,1,-1.764323711,1,0.033189759,1,0.127878264,1,-0.627599657,1,-0.315290511,1
6.299087048,-4.767545223,1,0.544887364,1,-9.652181625,1,0.574402511,1,-1.859974265,1,0.017570104,1,0.130637079,1,-0.634782553,1,-0.316330492,1
6.30308342,-4.756756306,1,0.521389186,1,-9.783214569,1,0.646485388,1,-1.964360952,1,-0.013741051,1,0.133818269,1,-0.642369986,1,-0.317568064,1
6.307082176,-5.079444408,1,-0.20633705,1,-10.16670227,1,0.688957512,1,-2.084643841,1,-0.033347737,1,0.137408018,1,-0.650380015,1,-0.319065571,1
6.31108284,-4.537835598,1,0.514986336,1,-10.15816975,1,0.7250067,1,-2.205071449,1,-0.088877521,1,0.141283527,1,-0.658838689,1,-0.320860088,1
6.315079689,-4.558862686,1,1.499901533,1,-10.94926262,1,0.863375723,1,-2.376928329,1,-0.13354902,1,0.14581196,1,-0.667830765,1,-0.323079765,1
6.319077969,-4.275863647,1,1.694456577,1,-12.04569149,1,0.996400595,1,-2.558964252,1,-0.183152333,1,0.15119113,1,-0.677502215,1,-0.325735271,1
6.323078156,-3.788009405,1,0.64571321,1,-13.00012684,1,1.088780284,1,-2.782743454,1,-0.236829609,1,0.157391995,1,-0.687916517,1,-0.328916073,1
6.327075005,-2.436098576,1,-0.804473281,1,-13.73640442,1,1.173778176,1,-3.078697205,1,-0.282056242,1,0.164340153,1,-0.699268222,1,-0.332701445,1
6.331079483,-2.930716276,1,-2.709050179,1,-14.27441025,1,1.121139646,1,-3.409909487,1,-0.286149532,1,0.171727553,1,-0.711892009,1,-0.33701396,1
6.335080624,-1.524157166,1,-2.617927074,1,-14.2876215,1,1.084686399,1,-3.733659267,1,-0.269428939,1,0.179269239,1,-0.725737035,1,-0.341806203,1
6.339076996,-1.344592452,1,-1.994941115,1,-14.96700668,1,1.112663388,1,-4.13229084,1,-0.237191379,1,0.187126756,1,-0.741031051,1,-0.347004622,1
6.343075275,-1.963947058,1,-1.527658224,1,-15.68415356,1,1.175482392,1,-4.56847477,1,-0.171198234,1,0.195555165,1,-0.757935405,1,-0.35264504,1
6.347075462,-2.789409637,1,-2.633410931,1,-16.11273193,1,1.189931512,1,-5.00173521,1,-0.099233195,1,0.204406276,1,-0.776616395,1,-0.3586092,1
6.351072311,-1.216916203,1,-2.122494698,1,-16.08959579,1,1.24636066,1,-5.479521751,1,-0.148352936,1,0.214091897,1,-0.79696697,1,-0.36544621,1
6.355071068,-0.440182954,1,-0.771616697,1,-16.32818222,1,1.401819348,1,-6.069765091,1,-0.130697802,1,0.225243196,1,-0.819354773,1,-0.373566508,1
6.359071732,-1.176563978,1,-0.839960039,1,-17.42723656,1,1.572598457,1,-6.706363201,1,-0.087498583,1,0.238096103,1,-0.844136834,1,-0.382897317,1
6.363068581,-3.428260565,1,-2.025156498,1,-19.19433784,1,1.697067022,1,-7.28456831,1,-0.021311224,1,0.252833188,1,-0.871235847,1,-0.393694967,1
6.367067337,-4.425085545,1,-3.532299519,1,-20.81448364,1,1.803568721,1,-7.876268864,1,0.140508354,1,0.269123614,1,-0.900561333,1,-0.405682564,1
6.371068001,-3.488491535,1,-3.296679258,1,-19.55376244,1,2.000024319,1,-8.368200302,1,0.159724817,1,0.287538767,1,-0.932019234,1,-0.419343889,1
6.375063896,0.95282501,1,-3.457586288,1,-18.60642433,1,2.306624889,1,-8.668708801,1,0.304616302,1,0.309053093,1,-0.965015829,1,-0.435249239,1
6.379062176,-1.998614192,1,-6.854100704,1,-20.7424221,1,2.354842186,1,-8.670521736,1,0.659547687,1,0.332093298,1,-0.998547435,1,-0.451531857,1
6.38306284,-10.49600697,1,-8.627615929,1,-25.53445816,1,2.06679821,1,-8.676939011,1,0.847116649,1,0.355318874,1,-1.032209396,1,-0.468411595,1
6.387059689,-17.11135864,1,-7.172072887,1,-26.89779282,1,1.739917755,1,-8.685006142,1,1.104237676,1,0.378196061,1,-1.066027999,1,-0.486063927,1
6.391058445,-12.9817152,1,-7.965421677,1,-23.80197906,1,1.463365555,1,-8.693442345,1,1.396535277,1,0.40081352,1,-1.100072384,1,-0.504392743,1
6.395059109,-15.55768776,1,-12.59038639,1,-19.97739601,1,1.032676697,1,-8.703391075,1,1.640093803,1,0.422958374,1,-1.13439548,1,-0.523437619,1
6.399055958,-16.40987968,1,-11.33123779,1,-17.70989418,1,0.556184471,1,-8.713947296,1,1.863539457,1,0.444665313,1,-1.168954849,1,-0.543756902,1
6.403054237,-16.80869102,1,-8.684196472,1,-19.25638771,1,0.332935363,1,-8.71967411,1,2.108623266,1,0.466667145,1,-1.203766704,1,-0.565634429,1
6.407054424,-19.59355736,1,-7.613042831,1,-20.40763283,1,0.273671955,1,-8.67937088,1,2.274817705,1,0.490477651,1,-1.238740563,1,-0.589716673,1
6.411050797,-18.68196678,1,-5.864294052,1,-19.00600815,1,0.298797399,1,-8.450861931,1,2.343852282,1,0.51739794,1,-1.27312696,1,-0.616820157,1
6.415049553,-10.92067337,1,-7.869703293,1,-14.17535877,1,0.175134152,1,-8.48357296,1,2.51949358,1,0.548957407,1,-1.307214379,1,-0.648709118,1
6.419050694,-9.497735023,1,-9.85235405,1,-10.40070248,1,0.098296367,1,-8.723834038,1,2.38613081,1,0.590077281,1,-1.341588736,1,-0.690541744,1
6.423047066,-17.56876373,1,-10.99433517,1,-12.43590927,1,-0.063379623,1,-8.708340645,1,2.150879145,1,0.650246561,1,-1.375226974,1,-0.751972973,1
6.427045345,-14.18383694,1,-8.691035271,1,-10.19934082,1,-0.199101478,1,-8.186971664,1,2.070376396,1,0.732134998,1,-1.406672597,1,-0.835789263,1
6.431045532,-10.6165514,1,-7.039087296,1,-10.72853661,1,-0.102974519,1,-7.83696413,1,1.796676397,1,0.846045256,1,-1.434812069,1,-0.951613069,1
6.435042381,-13.31436634,1,-6.713528633,1,-13.38187408,1,-0.030742742,1,-7.292217731,1,1.805466533,1,1.006241441,1,-1.458821297,1,-1.113260865,1
6.439041138,-15.16438961,1,-6.797152996,1,-13.10637951,1,-0.0689786,1,-6.372033119,1,1.857236266,1,1.213091612,1,-1.477694869,1,-1.321373463,1
6.443041801,-13.14711857,1,-6.158108234,1,-13.28943253,1,-0.050134782,1,-5.401676178,1,1.820824265,1,1.456575036,1,-1.49044466,1,-1.56603837,1
6.447038651,-8.790744781,1,-5.730742931,1,-13.75016499,1,0.079567492,1,-4.585130692,1,1.830362916,1,1.717595577,1,-1.497466207,1,-1.827780962,1
6.451037407,-5.837730885,1,-5.824861526,1,-15.22144413,1,0.274908036,1,-3.93170166,1,1.860026121,1,1.973461986,1,-1.499983311,1,-2.083590508,1
6.455043793,-4.885395527,1,-5.750221252,1,-17.10243607,1,0.464957029,1,-3.325501442,1,1.835095882,1,2.20323801,1,-1.499554157,1,-2.312085152,1
6.459045887,-5.837475777,1,-5.699698925,1,-18.44726944,1,0.65585041,1,-2.666229486,1,1.709584594,1,2.394196987,1,-1.496862531,1,-2.501300573,1
6.463044643,-5.062407017,1,-5.633861542,1,-19.00585556,1,0.877830505,1,-1.889430881,1,1.564158678,1,2.540324926,0,-1.493811488,0,-2.644777775,0
6.467045307,-0.640064776,1,-5.309325218,1,-18.50815201,1,1.045440197,1,-1.151099563,1,1.522856593,1,2.651297092,0,-1.491828203,0,-2.752197504,0
6.471042156,2.657613993,1,-4.545705318,1,-15.31399822,1,1.143944502,1,-0.786863565,1,1.48959887,1,2.745403051,0,-1.490988612,0,-2.842227459,0
6.475040913,-4.294663429,1,-2.636632919,1,-13.68986988,1,1.190469027,1,-0.424302369,1,1.416629076,1,2.828456879,0,-1.490722179,0,-2.920873165,0
6.479041576,-14.79415607,1,-4.353959084,1,-15.34148407,1,1.368413806,1,0.499781907,1,1.384183645,1,2.901083708,0,-1.49224174,0,-2.988650084,0
6.483038425,-8.22136879,1,-5.760705471,1,-16.31216431,1,1.624189377,1,1.421170473,1,1.294291139,1,2.965991735,0,-1.497172236,0,-3.047723532,0
6.487036705,-3.133697033,1,-6.751088142,1,-15.60045147,1,1.765488505,1,2.259136915,1,1.115202904,1,3.025379181,0,-1.505163908,0,-3.100414038,0
6.491037369,1.240185142,1,-6.410315514,1,-13.68732071,1,1.706747413,1,2.908399343,1,1.056354403,1,3.089515686,0,-1.515917063,0,3.125525236,0
6.495033741,3.868279219,1,-6.128044128,1,-11.67869377,1,1.575208068,1,3.272562504,1,1.016605377,1,-3.104011536,0,-1.528377295,0,3.042322159,0
6.499032021,5.424611568,1,-6.179042339,1,-10.27554321,1,1.485960007,1,3.464801311,1,1.01360631,1,-2.941114426,0,-1.541350245,0,2.885442734,0
6.503032684,6.380721569,1,-5.229424953,1,-9.342541695,1,1.479240179,1,3.537187099,1,1.014456749,1,-2.544659853,0,-1.552925467,0,2.494786739,0
6.507029533,6.360107899,1,-4.164772987,1,-8.81923008,1,1.585928559,1,3.567614079,1,1.020316958,1,-1.606133103,0,-1.556636095,0,1.562269807,0
6.51102829,6.072576046,1,-3.444386959,1,-8.468090057,1,1.71557188,1,3.606985569,1,1.046315074,1,-0.91784972,0,-1.54784143,0,0.880493641,0
6.515028954,5.967842102,1,-3.067721128,1,-8.045027733,1,1.820016742,1,3.657668114,1,1.060507894,1,-0.662101924,0,-1.534506798,0,0.63172245,0
6.519025803,5.737296104,1,-2.764507532,1,-7.60008955,1,1.90798521,1,3.686124802,1,1.032935023,1,-0.542927504,0,-1.520001411,0,0.519898236,0
6.523024559,5.013705254,1,-2.442018032,1,-7.247466087,1,1.992610335,1,3.709942579,1,0.987621427,1,-0.4723818,0,-1.50510931,0,0.457044989,0
6.527024746,4.077904224,1,-2.108327389,1,-7.052346706,1,2.075412273,1,3.755204201,1,0.924292445,1,-0.423208237,0,-1.489991546,0,0.415890723,0
6.531020641,3.142534494,1,-1.860040069,1,-6.979093552,1,2.172610521,1,3.800580263,1,0.857978046,1,-0.384820849,0,-1.474683285,0,0.385880828,0
6.535019398,2.066588402,1,-1.722791195,1,-7.041440964,1,2.271556854,1,3.877104759,1,0.784694433,1,-0.352336168,0,-1.459188938,0,0.362160623,0
6.539020061,1.104565024,1,-1.695210814,1,-7.104436874,1,2.365667582,1,3.973583937,1,0.701092899,1,-0.323164463,0,-1.443395138,0,0.342127323,0
6.543016911,0.334126532,1,-1.73722899,1,-7.252463341,1,2.443037748,1,4.088926315,1,0.602999747,1,-0.295761019,0,-1.427248478,0,0.324186206,0
6.547015667,-0.372925729,1,-1.801908493,1,-7.378037453,1,2.491225481,1,4.21784544,1,0.483387828,1,-0.269284397,0,-1.410691857,0,0.307394862,0
6.551015854,-1.019040227,1,-1.729594469,1,-7.467553616,1,2.5181427,1,4.355546951,1,0.361124843,1,-0.243352935,0,-1.39367938,0,0.291258216,0
6.555012226,-1.544325113,1,-1.732322097,1,-7.649790287,1,2.534816265,1,4.480221748,1,0.224266708,1,-0.217809737,0,-1.376205087,0,0.275562197,0
6.559010983,-1.972291112,1,-1.69164598,1,-7.829907894,1,2.534754276,1,4.629954815,1,0.082275786,1,-0.192612872,0,-1.358234167,0,0.260184795,0
6.563011646,-2.379613161,1,-1.625849366,1,-7.959823608,1,2.509403467,1,4.770005226,1,-0.064665124,1,-0.167681858,0,-1.339738727,0,0.24497956,0
6.567008018,-2.646410704,1,-1.499259114,1,-8.079166412,1,2.483173132,1,4.909489155,1,-0.212414712,1,-0.14324604,0,-1.320705056,0,0.230115429,0
6.571006298,-2.795401573,1,-1.377449393,1,-8.278045654,1,2.431835651,1,5.038928986,1,-0.34877488,1,-0.119423673,0,-1.301129818,0,0.215635955,0
6.575012684,-3.137381077,1,-1.208417177,1,-8.547780991,1,2.371217728,1,5.157017231,1,-0.485873938,1,-0.096374765,0,-1.281031847,0,0.201652005,0
6.579015732,-3.33852005,1,-0.978945971,1,-8.612391472,1,2.314161539,1,5.263511181,1,-0.620561182,1,-0.074155271,0,-1.260451317,0,0.188206226,0
6.583014488,-3.536037445,1,-0.626998842,1,-8.675181389,1,2.252660036,1,5.357330799,1,-0.745000064,1,-0.052746546,0,-1.239420176,0,0.175281793,0
6.587015152,-3.75275445,1,-0.246050894,1,-8.840849876,1,2.199986696,1,5.450196743,1,-0.861522794,1,-0.032260712,0,-1.217948794,0,0.162978441,0
6.591012001,-3.974350452,1,0.22921738,1,-9.026087761,1,2.147132874,1,5.522406578,1,-0.968213618,1,-0.01266358,0,-1.19608736,0,0.151304618,0
6.595010281,-4.280060291,1,0.798762739,1,-9.291717529,1,2.111235619,1,5.588563442,1,-1.071075082,1,0.006078764,0,-1.173874259,0,0.140263289,0
6.599010944,-4.530520439,1,1.24375546,1,-9.522457123,1,2.096961021,1,5.638964176,1,-1.171735168,1,0.024075814,0,-1.151345015,0,0.129820973,0
6.603007317,-4.944536686,1,1.864473939,1,-9.705818176,1,2.098269463,1,5.699481487,1,-1.246888757,1,0.041370478,0,-1.128532171,0,0.120022461,0
6.607005596,-5.237144947,1,2.40663147,1,-9.847647667,1,2.12079978,1,5.737814903,1,-1.313707113,1,0.057978276,0,-1.105433345,0,0.110928833,0
6.61100626,-5.37462759,1,2.836944818,1,-10.08155632,1,2.144276857,1,5.775813103,1,-1.361736536,1,0.07391715,0,-1.082095027,0,0.102585427,0
6.615003109,-5.61353159,1,3.384663105,1,-10.22399235,1,2.175055981,1,5.808008671,1,-1.384010553,1,0.089127831,0,-1.058559895,0,0.095090285,0
6.619001865,-5.824867725,1,4.11800909,1,-10.36564445,1,2.222764254,1,5.838640213,1,-1.390822649,1,0.103617981,0,-1.034849882,0,0.088511303,0
6.623002529,-6.124661446,1,4.658585072,1,-10.49067879,1,2.295393229,1,5.856477261,1,-1.372799039,1,0.117439032,0,-1.010988712,0,0.08290638,0
6.626999378,-6.430180073,1,5.106423855,1,-10.59476089,1,2.378292561,1,5.874057293,1,-1.323979616,1,0.130593583,0,-0.987035394,0,0.078376845,0
6.630998135,-6.817543983,1,5.224343777,1,-10.61242294,1,2.461064816,1,5.895707607,1,-1.245055914,1,0.143055007,0,-0.963004291,0,0.075016804,0
6.634998322,-7.093131065,1,4.965098858,1,-10.50477314,1,2.539840698,1,5.91704607,1,-1.134809017,1,0.154771581,0,-0.938931882,0,0.072913736,0
6.638994217,-7.250065327,1,4.586865902,1,-10.53220272,1,2.609832764,1,5.920155048,1,-0.992440403,1,0.165649727,0,-0.914875448,0,0.07218872,0
6.642992973,-7.926973343,1,4.516131401,1,-10.92481518,1,2.658887863,1,5.927320004,1,-0.830507576,1,0.175661072,0,-0.890907943,0,0.07286901,0
6.646994114,-8.282697678,1,4.340395451,1,-11.28877354,1,2.69214797,1,5.924818039,1,-0.664958119,1,0.184791282,0,-0.86704123,0,0.074922152,0
6.650990486,-9.028308868,1,4.1517663,1,-11.57146358,1,2.710132837,1,5.92761898,1,-0.51741308,1,0.193135247,0,-0.843314767,0,0.078174427,0
6.654989243,-9.616873741,1,4.002243042,1,-12.25588608,1,2.68692565,1,5.945707321,1,-0.395086884,1,0.200800702,0,-0.819682837,0,0.082432076,0
6.658989429,-10.1935606,1,4.051579952,1,-12.66580582,1,2.654753923,1,5.959258556,1,-0.31637308,1,0.207882613,0,-0.796096742,0,0.087406553,0
6.662986279,-10.74752808,1,4.230900764,1,-13.31065369,1,2.617962837,1,5.989812851,1,-0.282037556,1,0.214581087,1,-0.772480369,1,0.092863187,1
6.666984558,-11.05250645,1,3.994494438,1,-14.01326942,1,2.573142767,1,6.007875443,1,-0.277921081,1,0.221061513,1,-0.748815775,1,0.098520413,1
6.670985222,-11.29432201,1,3.971297026,1,-14.67823124,1,2.520590782,1,6.032616138,1,-0.321130693,1,0.227440909,1,-0.725061774,1,0.104189515,1
6.674982548,-11.58543873,1,3.889160872,1,-15.2845726,1,2.458894968,1,6.055739403,1,-0.390201241,1,0.23381184,1,-0.701197743,1,0.109678671,1
6.678980827,-11.86164188,1,3.912134409,1,-15.83017731,1,2.404735088,1,6.069381714,1,-0.462308615,1,0.24021244,1,-0.677233815,1,0.114909217,1
6.682981491,-12.16273689,1,3.94214201,1,-16.38857079,1,2.338565826,1,6.084609509,1,-0.558597624,1,0.246655419,1,-0.653149724,1,0.119844116,1
6.686977863,-12.33891106,1,4.000413895,1,-16.87238693,1,2.280743599,1,6.093001842,1,-0.654822111,1,0.253144562,1,-0.628957391,1,0.124430314,1
6.69097662,-12.59083462,1,4.103268147,1,-17.31453514,1,2.221037149,1,6.092138767,1,-0.74593091,1,0.259684443,1,-0.604665637,1,0.128689572,1
6.694983482,-12.95569706,1,4.516187668,1,-17.71008492,1,2.174207926,1,6.085765362,1,-0.826387942,1,0.266252309,1,-0.580327988,1,0.132663906,1
6.69898653,-13.37991714,1,5.013383389,1,-18.03007698,1,2.15233326,1,6.068685055,1,-0.900517821,1,0.27289471,1,-0.555965662,1,0.136386573,1
6.702985287,-14.14441872,1,5.289672375,1,-18.34397888,1,2.165974617,1,6.033475876,1,-0.946880639,1,0.279687077,1,-0.531675875,1,0.139950007,1
6.70698595,-14.8975172,1,5.395308971,1,-18.33011055,1,2.17063117,1,5.99711132,1,-0.964479208,1,0.286290586,1,-0.507067561,1,0.141165063,1
6.7109828,-15.76028919,1,5.662234306,1,-18.41254997,1,2.1959517,1,5.95737648,1,-0.952640474,1,0.293326676,1,-0.483060211,1,0.144738153,1
6.714981556,-17.0960865,1,5.832392216,1,-18.50201035,1,2.226783037,1,5.936859608,1,-0.91371274,1,0.300438166,1,-0.459231466,1,0.148530796,1
6.718981743,-18.69098091,1,6.188506603,1,-18.50477791,1,2.262932301,1,5.938301563,1,-0.849852443,1,0.30762738,1,-0.435524732,1,0.152669609,1
6.722978115,-20.15748787,1,6.626087666,1,-18.3336277,1,2.315204144,1,5.940189362,1,-0.774248004,1,0.314894825,1,-0.411919773,1,0.157256782,1
6.726976871,-21.31570244,1,7.179461956,1,-18.17807388,1,2.373025656,1,5.929756165,1,-0.694165826,1,0.322294891,1,-0.388464183,1,0.162309006,1
6.730977058,-22.34189034,1,7.648729324,1,-17.86232948,1,2.4464221,1,5.902824402,1,-0.597559869,1,0.329900801,1,-0.365209073,1,0.167838112,1
6.734973907,-23.39211655,1,8.463547707,1,-17.43651581,1,2.535283804,1,5.866724968,1,-0.517665505,1,0.337792337,1,-0.34223634,1,0.173816681,1
6.738972664,-24.5262146,1,9.406647682,1,-16.64583778,1,2.636148453,1,5.817076206,1,-0.447407156,1,0.346063346,1,-0.319568455,1,0.180178866,1
6.742973328,-25.76836967,1,10.24389744,1,-15.45468044,1,2.739400864,1,5.760919571,1,-0.381800324,1,0.354775995,1,-0.29725793,1,0.186874628,1
6.746970177,-27.18356133,1,10.80816746,1,-12.32556343,1,2.841082096,1,5.734877586,1,-0.31375441,1,0.3639431,1,-0.275263101,1,0.193939328,1
6.750968933,-29.72159195,1,6.568565369,1,-6.29501915,1,2.935774803,1,5.836164951,1,-0.155105278,1,0.373501003,1,-0.253343195,1,0.20160453,1
6.75496912,-32.18183899,1,-3.972108841,1,-1.743981481,1,2.697597027,1,5.969675541,1,0.158271745,1,0.382754505,1,-0.231405258,1,0.210581675,1
6.758965969,-33.20637131,1,-4.950078487,1,2.710359573,1,2.188816786,1,5.988707066,1,0.541923046,1,0.390209854,1,-0.209721237,1,0.221133307,1
6.762963772,-34.71951675,1,1.297491193,1,6.697654724,1,1.929059267,1,5.773161888,1,0.990371287,1,0.395933867,1,-0.189125985,1,0.233239189,1
6.766964912,-36.14673996,1,9.796894073,1,10.4636097,1,2.140402317,1,5.321147919,1,1.338252306,1,0.401609749,1,-0.170456827,1,0.24641037,1
6.770961285,-38.19893646,1,19.22763252,1,14.48861885,1,2.814813614,1,4.701485634,1,1.532312274,1,0.409224659,1,-0.15429607,1,0.259821951,1
6.774960041,-39.04103851,1,27.62052155,1,18.14744568,1,3.85444212,1,3.995228767,1,1.575461268,1,0.420615643,1,-0.140888542,1,0.272702545,1
6.778960705,-37.67058563,1,33.16123962,1,22.02531815,1,5.015418053,1,3.216311693,1,1.485265374,1,0.436783433,1,-0.130296335,1,0.28439784,1
6.782957554,-35.36567688,1,34.26721191,1,25.10113907,1,5.992609978,1,2.293465376,1,1.289783955,1,0.457618266,1,-0.122719802,1,0.294268131,1
6.78695631,-34.23537064,1,30.2139492,1,25.50294685,1,6.468170166,1,1.281037807,1,1.097263336,1,0.481782198,1,-0.118497185,1,0.301818788,1
6.790956974,-33.79205704,1,21.75510597,1,23.06674004,1,6.254943371,1,0.322004497,1,0.966430783,1,0.506850004,1,-0.117641583,1,0.30694598,1
6.794953823,-31.41135597,1,8.684534073,1,19.20223427,1,5.086800098,1,-0.545083284,1,1.007223725,1,0.52944237,1,-0.119999334,1,0.310126781,1
6.798952579,-16.70015717,1,-15.03871536,1,10.93204021,1,1.863443851,1,-1.467640281,1,1.25586462,1,0.543677926,1,-0.125671893,1,0.311942458,1
6.802953243,-19.26145935,1,-26.49074745,1,10.54418468,1,-2.200228214,1,-2.959695339,1,1.539817929,1,0.543011487,1,-0.136228055,1,0.31216076,1
6.806950092,-26.14678001,1,-19.35089493,1,14.84013844,1,-5.394412518,1,-3.970243692,1,1.957303166,1,0.52700156,1,-0.1517528,1,0.310844004,1
6.810948372,-11.91963959,1,8.724316597,1,5.02197361,1,-4.334105968,1,-3.434436798,1,2.949556828,1,0.507399142,1,-0.170161381,1,0.312046707,1
6.814955235,11.10833359,1,0.541692019,1,-6.667088509,1,-5.146537781,1,-2.63920188,1,2.620270014,1,0.487805009,1,-0.185687259,1,0.316488504,1
6.818957329,-16.24522018,1,-6.457611561,1,-15.57052517,1,-5.103983402,1,-3.59136796,1,2.324873447,1,0.466593325,1,-0.201375112,1,0.319449484,1
6.822956085,-30.04520798,1,-15.99287891,1,-20.47522163,1,-5.374316692,1,-2.407372475,1,2.424640894,1,0.445165813,1,-0.216778234,1,0.322410107,1
6.826956749,-5.611694813,1,-23.75699043,1,-25.23083878,1,-5.72587204,1,-0.85945189,1,2.55477643,1,0.42154783,1,-0.226608202,1,0.329162091,1
6.830953598,1.760486126,1,-25.41704178,1,-25.21332359,1,-6.066080093,1,-1.118141055,1,2.099403381,1,0.396013945,1,-0.233740777,1,0.336366594,1
6.834952354,-7.12419796,1,-17.56085587,1,-17.89528275,1,-6.310171127,1,-1.142101884,1,1.79280448,1,0.37020576,1,-0.240853101,1,0.342080176,1
6.838953018,-5.056521416,1,-3.365459681,1,-9.708566666,1,-6.059677124,1,-0.893268168,1,1.573236346,1,0.343948722,1,-0.247014746,1,0.34709242,1
6.842949867,1.761175513,1,10.33177376,1,-7.846945286,1,-5.396838665,1,-1.761556983,1,1.269621253,1,0.319992691,1,-0.253631085,1,0.350938082,1
6.84694767,-7.289074898,1,18.02057838,1,-7.684829235,1,-4.788854599,1,-2.648682594,1,1.071089029,1,0.299113899,1,-0.26358062,1,0.352677494,1
6.850948811,-9.634309769,1,22.77204704,1,-11.85054207,1,-3.824199915,1,-3.075289726,1,0.961948633,1,0.281783462,1,-0.275741696,1,0.353391051,1
6.854945183,-15.10904789,1,20.67942047,1,-17.20088005,1,-3.461178541,1,-3.008568764,1,0.94572854,1,0.267237008,1,-0.28863734,1,0.353629172,1
6.858943462,-17.0104332,1,20.72711182,1,-20.39687538,1,-2.919090986,1,-2.717893124,1,1.228268027,1,0.25406298,1,-0.300826788,1,0.354947865,1
6.862944126,-16.77316475,1,23.46477318,1,-20.73131943,1,-2.424852133,1,-2.363745451,1,1.540322542,1,0.242477447,1,-0.312034011,1,0.357937872,1
6.866940975,-18.66410446,1,19.59740829,1,-19.07115746,1,-2.064005613,1,-2.061750412,1,1.780687213,1,0.232009977,1,-0.322206318,1,0.362567246,1
6.870939732,-15.55412579,1,14.23513031,1,-16.77336121,1,-1.598009109,1,-1.78568697,1,1.746438861,1,0.222954512,1,-0.331268847,1,0.36807701,1
6.874940395,-9.488982201,1,7.567221642,1,-13.77931976,1,-1.285226583,1,-1.726040721,1,1.47520113,1,0.21555838,1,-0.339461774,1,0.373203486,1
6.878937244,-6.987952232,1,0.058892161,1,-10.7711153,1,-1.061633348,1,-1.860594988,1,1.067019463,1,0.20963411,1,-0.34751755,1,0.376901299,1
6.882936001,-6.001125813,1,-4.494357109,1,-9.122409821,1,-0.950113356,1,-1.978773832,1,0.678503156,1,0.20498541,1,-0.355758071,1,0.378818274,1
6.886936665,-7.06788826,1,-5.203754425,1,-8.70429039,1,-0.904664516,1,-2.029287815,1,0.400182873,1,0.201110587,1,-0.364082962,1,0.379315108,1
6.890933037,-7.755308628,1,-2.732360601,1,-9.18297863,1,-0.885243416,1,-1.953224897,1,0.291272819,1,0.19765456,1,-0.37217775,1,0.379026264,1
6.894931793,-8.433652878,1,2.791040659,1,-9.416419029,1,-0.830680311,1,-1.792271495,1,0.29589361,1,0.194330722,1,-0.37978369,1,0.378670156,1
6.898932457,-7.412368774,1,8.265595436,1,-9.650766373,1,-0.674350739,1,-1.607021451,1,0.348256409,1,0.191321343,1,-0.386677384,1,0.378610611,1
6.902928829,-6.675211906,1,11.89183044,1,-10.02073383,1,-0.450958669,1,-1.488635659,1,0.423036695,1,0.188903987,1,-0.393030167,1,0.378988147,1
6.906927586,-7.348302841,1,11.73708057,1,-10.48206043,1,-0.223755091,1,-1.3926512,1,0.47404331,1,0.187254861,1,-0.399041355,1,0.37974757,1
6.910927773,-7.086209774,1,8.677312851,1,-10.60688782,1,-0.031400491,1,-1.275442362,1,0.434371263,1,0.186404064,1,-0.404625595,1,0.380640924,1
6.914924622,-5.415451527,1,3.558672905,1,-10.31571293,1,0.144721255,1,-1.25122714,1,0.341971219,1,0.186395392,1,-0.409853369,1,0.381299824,1
6.918923378,-4.788411617,1,-2.164409161,1,-9.475405693,1,0.188029513,1,-1.271071672,1,0.245730281,1,0.186946318,1,-0.415022999,1,0.381533504,1
6.922924042,-4.288145065,1,-5.000588417,1,-9.129379272,1,0.169813499,1,-1.28914547,1,0.15681684,1,0.187765419,1,-0.42019245,1,0.381341577,1
6.926920891,-5.714603901,1,-5.096999645,1,-9.554010391,1,0.082967632,1,-1.251206994,1,0.092752762,1,0.188508779,1,-0.425293118,1,0.380810648,1
6.930919647,-6.029491425,1,-3.382666111,1,-9.558096886,1,0.093434788,1,-1.234200239,1,0.078014255,1,0.189138934,1,-0.430245221,1,0.380145133,1
6.93492651,-5.736681461,1,-0.995972633,1,-9.386622429,1,0.072762527,1,-1.179746866,1,0.064146519,1,0.189730674,1,-0.435022205,1,0.379463434,1
6.938929081,-5.299719334,1,0.69083792,1,-9.754433632,1,0.111146152,1,-1.13582027,1,0.063432366,1,0.19041045,1,-0.439631402,1,0.378757566,1
6.942927837,-4.810452461,1,1.580246925,1,-10.02175426,1,0.153460458,1,-1.088769078,1,0.078592114,1,0.191187158,1,-0.44404763,1,0.378146201,1
6.946928501,-3.799316645,1,0.97617197,1,-9.978959084,1,0.207224607,1,-1.073990464,1,0.096437752,1,0.192135513,1,-0.448350251,1,0.377612472,1
6.95092535,-4.325403214,1,-0.687142015,1,-9.991755486,1,0.226182953,1,-1.071484208,1,0.096457846,1,0.193213791,1,-0.452633619,1,0.377119482,1
6.95492363,-5.43140316,1,-1.694672823,1,-9.808718681,1,0.237778232,1,-1.008109927,1,0.094260164,1,0.194367364,1,-0.456661642,1,0.37694937,1
6.958924294,-6.103524685,1,-2.462768793,1,-9.734092712,1,0.237137809,1,-0.937067211,1,0.075861894,1,0.195536032,1,-0.460550725,1,0.376473486,1
6.962921143,-5.960733414,1,-2.775746107,1,-9.389972687,1,0.253747582,1,-0.888194203,1,0.019262269,1,0.19675979,1,-0.464148402,1,0.375899792,1
6.966918945,-5.573185921,1,-2.304506779,1,-9.271907806,1,0.264465272,1,-0.869930089,1,-0.019399222,1,0.198159188,1,-0.467595965,1,0.375126779,1
6.970920086,-5.664901733,1,-1.607542992,1,-9.321134567,1,0.270974606,1,-0.841313541,1,-0.040699504,1,0.199625418,1,-0.47093153,1,0.374240041,1
6.974916458,-6.305871487,1,-1.123303056,1,-9.411388397,1,0.287393451,1,-0.810824633,1,-0.038841512,1,0.20116277,1,-0.474156976,1,0.373322606,1
6.978915215,-7.163356781,1,-1.656086445,1,-8.993441582,1,0.293802291,1,-0.728959739,1,-0.060992502,1,0.202711195,1,-0.477143228,1,0.372415483,1
6.982915878,-6.410507679,1,-1.595451951,1,-8.969325066,1,0.312313646,1,-0.674906313,1,-0.084148794,1,0.204369843,1,-0.479812711,1,0.371456385,1
6.986912727,-5.949737072,1,-1.76207912,1,-8.884904861,1,0.317478955,1,-0.637802541,1,-0.10097868,1,0.206094161,1,-0.482313782,1,0.370450318,1
6.990911484,-5.159400463,1,-1.557032824,1,-8.84197998,1,0.315134346,1,-0.608060002,1,-0.114297785,1,0.207857594,1,-0.484660059,1,0.36940363,1
6.994912148,-4.987872124,1,-1.800684929,1,-8.789607048,1,0.304270297,1,-0.596724689,1,-0.113477416,1,0.209600434,1,-0.486910015,1,0.368330657,1
6.998909473,-5.714454651,1,-1.876832843,1,-8.781419754,1,0.285163105,1,-0.567560136,1,-0.095035419,1,0.211255148,1,-0.489116877,1,0.36731571,1
7.00290823,-5.875431538,1,-1.912301779,1,-8.846048355,1,0.275053412,1,-0.530928195,1,-0.093117326,1,0.21281141,1,-0.491187304,1,0.366385818,1
7.006908894,-5.729320526,1,-1.998116374,1,-8.699954987,1,0.271398365,1,-0.505366504,1,-0.084559664,1,0.214332908,1,-0.493133664,1,0.365490735,1
7.010906219,-5.296374798,1,-2.101492405,1,-8.638923645,1,0.257909805,1,-0.487321883,1,-0.080395319,1,0.21579051,1,-0.494997144,1,0.364647269,1
7.014904976,-4.964019775,1,-2.277008772,1,-8.523735046,1,0.230697975,1,-0.478135318,1,-0.055565476,1,0.217135504,1,-0.496831805,1,0.363879532,1
7.01890564,-4.845046997,1,-2.348285198,1,-8.44315815,1,0.198476434,1,-0.469890267,1,-0.028187614,1,0.218309358,1,-0.498641282,1,0.363229454,1
7.022902489,-5.27474308,1,-2.494832039,1,-8.261942863,1,0.165083319,1,-0.464300513,1,-0.003583106,1,0.21928598,1,-0.500461817,1,0.362701178,1
7.026900768,-5.362449169,1,-2.304419756,1,-8.264137268,1,0.141616032,1,-0.452647179,1,0.015934501,1,0.220113784,1,-0.502255857,1,0.36227417,1
7.030901909,-5.206699848,1,-2.213721514,1,-8.1602211,1,0.116056412,1,-0.439783722,1,0.026515171,1,0.220793933,1,-0.504013896,1,0.361920595,1
7.034898281,-4.833055019,1,-2.222287178,1,-8.227525711,1,0.096907318,1,-0.436823189,1,0.049310528,1,0.22135067,1,-0.50576359,1,0.36164993,1
7.038896561,-4.861406803,1,-2.329157591,1,-8.154225349,1,0.079683132,1,-0.453478932,1,0.075096302,1,0.221772864,1,-0.507552505,1,0.361486852,1
7.042897224,-4.72332716,1,-2.418417931,1,-8.32469368,1,0.061096422,1,-0.45914346,1,0.102997482,1,0.222078085,1,-0.509408951,1,0.361419916,1
7.046894073,-4.869853973,1,-2.776657104,1,-8.099612236,1,0.017591214,1,-0.465955645,1,0.132042527,1,0.222223446,1,-0.511317074,1,0.361474752,1
7.050892353,-4.689321995,1,-3.170552969,1,-7.920294762,1,-0.035731539,1,-0.474757731,1,0.17374517,1,0.222082704,1,-0.513287008,1,0.36168465,1
7.054899216,-4.676760197,1,-3.423216105,1,-7.710138321,1,-0.108053781,1,-0.486630976,1,0.224293768,1,0.221588716,1,-0.515340865,1,0.362091333,1
7.058901787,-4.472349167,1,-3.634727478,1,-7.689921379,1,-0.192522854,1,-0.513331354,1,0.279901057,1,0.220683202,1,-0.517507911,1,0.362718225,1
7.06290102,-4.561288357,1,-3.79421711,1,-7.679553986,1,-0.270248324,1,-0.53332752,1,0.327399254,1,0.219343528,1,-0.519814551,1,0.363554299,1
7.066902161,-4.565577984,1,-3.577624321,1,-7.782900333,1,-0.344179958,1,-0.555467308,1,0.374673307,1,0.217578769,1,-0.522234559,1,0.364593953,1
7.070898533,-4.521798134,1,-3.356220961,1,-7.723517418,1,-0.408597946,1,-0.569294155,1,0.418494016,1,0.215452805,1,-0.524774969,1,0.365841091,1
7.074897289,-4.568052292,1,-3.15083909,1,-7.609527111,1,-0.463997245,1,-0.587431073,1,0.459389627,1,0.212994769,1,-0.527403951,1,0.367243707,1
7.078897953,-4.998435497,1,-3.093693018,1,-7.640336037,1,-0.526143789,1,-0.596648395,1,0.48699981,1,0.210224047,1,-0.530123532,1,0.36880517,1
7.082894802,-5.220916748,1,-3.033482313,1,-7.854269505,1,-0.567152381,1,-0.593349159,1,0.507434368,1,0.207186937,1,-0.532859623,1,0.370492458,1
7.086893559,-5.395456314,1,-2.702589989,1,-8.088997841,1,-0.600244403,1,-0.577133477,1,0.522625804,1,0.203932196,1,-0.5355829,1,0.372281373,1
7.090893745,-5.186608791,1,-2.299674749,1,-8.187565804,1,-0.618328035,1,-0.567929089,1,0.527440727,1,0.200540498,1,-0.538247764,1,0.374142826,1
7.094891071,-5.630066872,1,-1.682786226,1,-8.148529053,1,-0.590869963,1,-0.57138288,1,0.553928554,1,0.197140381,1,-0.540936291,1,0.376067281,1
7.098889828,-5.541702271,1,-1.837129235,1,-7.973997593,1,-0.602421403,1,-0.538724244,1,0.5568102,1,0.193683624,1,-0.543541193,1,0.378133208,1
7.102890015,-5.345137596,1,-1.505599737,1,-8.122044563,1,-0.596089184,1,-0.539926469,1,0.568268418,1,0.190193519,1,-0.546081364,1,0.380229771,1
7.106887341,-5.505450726,1,-1.106136441,1,-8.282732964,1,-0.567371011,1,-0.543029189,1,0.550407767,1,0.186769858,1,-0.548625171,1,0.382330626,1
7.110886097,-5.992679596,1,-0.3730371,1,-8.382971764,1,-0.527279437,1,-0.523688078,1,0.534527481,1,0.183513388,1,-0.551121533,1,0.384356439,1
7.114886761,-5.933380127,1,0.112919882,1,-8.279845238,1,-0.470168173,1,-0.500670969,1,0.498133034,1,0.18048209,1,-0.55350256,1,0.386315405,1
7.118883133,-6.279953957,1,0.562734425,1,-8.249829292,1,-0.394052833,1,-0.468888015,1,0.47169596,1,0.177787542,1,-0.555774152,1,0.388152242,1
7.122881889,-6.268137932,1,0.59175843,1,-8.051632881,1,-0.320590734,1,-0.446584851,1,0.433004469,1,0.175441146,1,-0.557901621,1,0.389876485,1
7.12688303,-5.980966091,1,0.543299258,1,-7.985290527,1,-0.260345042,1,-0.42214179,1,0.399603665,1,0.173445418,1,-0.559895515,1,0.391455472,1
7.130879402,-5.860122204,1,0.370246321,1,-8.039907455,1,-0.219640389,1,-0.405849457,1,0.359573007,1,0.171738833,1,-0.561787069,1,0.392885149,1
7.134877682,-5.30501318,1,0.440619498,1,-8.039421082,1,-0.168368801,1,-0.370273978,1,0.334205806,1,0.170232922,1,-0.563530266,1,0.394205719,1
7.138878345,-5.529273033,1,0.180637717,1,-7.974330902,1,-0.13170284,1,-0.38829425,1,0.305530131,1,0.169011682,1,-0.565256298,1,0.3953861,1
7.142875195,-5.341647148,1,-0.513639629,1,-8.073714256,1,-0.135841236,1,-0.374839485,1,0.283480257,1,0.167904019,1,-0.566948116,1,0.396464825,1
7.146873951,-5.376538754,1,-0.488037646,1,-7.970001221,1,-0.125861198,1,-0.379091561,1,0.258778781,1,0.166848212,1,-0.568610668,1,0.397427499,1
7.150874615,-5.619529247,1,-0.513572693,1,-8.055249214,1,-0.095562778,1,-0.376575202,1,0.255469799,1,0.165919349,1,-0.570273042,1,0.398333669,1
7.154871941,-5.567136765,1,-0.683080673,1,-7.882327557,1,-0.083262347,1,-0.37236923,1,0.245587364,1,0.165072486,1,-0.571912944,1,0.399220109,1
7.158870697,-5.623386383,1,-1.10778749,1,-7.483242512,1,-0.089588612,1,-0.366051048,1,0.238003358,1,0.164269492,1,-0.573533833,1,0.400075793,1
7.162871361,-5.771785259,1,-1.006888986,1,-7.58400774,1,-0.109357551,1,-0.339910626,1,0.246373892,1,0.163417816,1,-0.575091779,1,0.400931776,1
7.166867733,-5.200487614,1,-0.643721402,1,-7.695637226,1,-0.103368372,1,-0.331963003,1,0.236008987,1,0.162494972,1,-0.576549768,1,0.401817471,1
7.170866489,-5.384052753,1,-0.592995286,1,-7.747443676,1,-0.10540133,1,-0.339447647,1,0.227030724,1,0.161620125,1,-0.578028977,1,0.40264076,1
7.174872875,-5.470713139,1,-0.895366728,1,-7.784514427,1,-0.116020083,1,-0.335444659,1,0.223495588,1,0.160730869,1,-0.579518795,1,0.403449178,1
7.1788764,-5.637483597,1,-1.026014924,1,-7.71569109,1,-0.129848957,1,-0.33321923,1,0.231268153,1,0.159790978,1,-0.580988467,1,0.404261678,1
7.182875633,-5.674192905,1,-1.394583583,1,-7.727061749,1,-0.145676777,1,-0.30817154,1,0.246497422,1,0.158757508,1,-0.582405329,1,0.405141294,1
7.18687582,-5.78346777,1,-1.656788588,1,-7.67607069,1,-0.188517466,1,-0.28664887,1,0.274245203,1,0.157545701,1,-0.583762646,1,0.406146884,1
7.190873146,-5.245517731,1,-1.943780303,1,-7.646976948,1,-0.215102404,1,-0.274850577,1,0.288252264,1,0.156125501,1,-0.585025489,1,0.407261074,1
7.194871902,-5.558173656,1,-1.965922952,1,-7.554037571,1,-0.255871654,1,-0.272269338,1,0.302960455,1,0.154521257,1,-0.586292684,1,0.408460021,1
7.198872089,-5.834932327,1,-1.570238829,1,-7.560373783,1,-0.297447681,1,-0.258231521,1,0.314467311,1,0.152696133,1,-0.587536573,1,0.40973869,1
7.202869415,-6.091413498,1,-1.202326059,1,-7.566373348,1,-0.321478248,1,-0.225185484,1,0.317284018,1,0.151099682,1,-0.594694018,1,0.409845829,1
7.206868172,-5.963465691,1,-1.029486775,1,-7.640945435,1,-0.33889541,1,-0.207542256,1,0.311585605,1,0.149062097,1,-0.595635116,1,0.411676377,1
7.210868835,-5.851170063,1,-0.872748077,1,-7.774597168,1,-0.349381804,1,-0.190277949,1,0.311364293,1,0.146928743,1,-0.596597612,1,0.413019836,1
7.214865208,-5.609535694,1,-0.845687807,1,-7.809123516,1,-0.350514144,1,-0.183276892,1,0.300611168,1,0.144772872,1,-0.59751159,1,0.414363742,1
7.218863964,-5.554693222,1,-0.772444665,1,-7.861103535,1,-0.341200471,1,-0.186671674,1,0.294409931,1,0.142653555,1,-0.598425508,1,0.415658355,1
7.222865105,-5.415374279,1,-0.821642637,1,-7.939136982,1,-0.363682389,1,-0.197199479,1,0.288041919,1,0.140517637,1,-0.599338889,1,0.416944623,1
7.226861477,-5.612961769,1,-0.457785517,1,-8.058880806,1,-0.359945208,1,-0.20511502,1,0.274380296,1,0.138386756,1,-0.600286126,1,0.418159068,1
7.230859756,-5.726145744,1,-0.046065476,1,-8.177380562,1,-0.331837475,1,-0.203225017,1,0.267886877,1,0.136347234,1,-0.601238728,1,0.419329554,1
7.234860897,-5.717382908,1,0.17147772,1,-8.288596153,1,-0.299283653,1,-0.209779516,1,0.256889433,1,0.13444604,1,-0.602199554,1,0.420440137,1
7.238857746,-5.628858566,1,0.116327412,1,-8.284234047,1,-0.270476878,1,-0.219678104,1,0.237715393,1,0.132710919,1,-0.603172243,1,0.421497554,1
7.242856503,-5.464101315,1,0.114320531,1,-8.338915825,1,-0.2369975,1,-0.245483741,1,0.209303588,1,0.131184116,1,-0.60420537,1,0.42242384,1
7.246857166,-5.595498562,1,0.374372214,1,-8.694812775,1,-0.204707175,1,-0.26914838,1,0.19092828,1,0.12984772,1,-0.605338097,1,0.423236251,1
7.250854015,-5.159487247,1,0.405527562,1,-8.84235096,1,-0.168677986,1,-0.307955623,1,0.166244835,1,0.128716499,1,-0.606576204,1,0.423916698,1
7.254852772,-5.209173203,1,0.20177491,1,-8.871930122,1,-0.120826423,1,-0.367530525,1,0.148348853,1,0.127827108,1,-0.607999682,1,0.424468338,1
7.258853436,-5.321408749,1,0.031009348,1,-8.923941612,1,-0.078607962,1,-0.415477931,1,0.134133324,1,0.127179459,1,-0.609632075,1,0.424899459,1
7.262850285,-5.164026737,1,-0.212049648,1,-8.988484383,1,-0.034374464,1,-0.468179971,1,0.118537396,1,0.126754239,1,-0.611446977,1,0.425242126,1
7.266848564,-4.973299026,1,-0.247216508,1,-9.039161682,1,-0.012410319,1,-0.543866992,1,0.113070436,1,0.126505747,1,-0.613515258,1,0.425493896,1
7.270849705,-4.807510376,1,-0.083269313,1,-9.159954071,1,0.02540878,1,-0.622288227,1,0.095177546,1,0.126440138,1,-0.615878642,1,0.425643653,1
7.274846554,-4.983247757,1,0.140652463,1,-9.19641304,1,0.067692176,1,-0.688359976,1,0.088457905,1,0.12660265,1,-0.618530273,1,0.425685465,1
7.27884531,-4.887648582,1,0.321559608,1,-9.218048096,1,0.119024463,1,-0.7776438,1,0.074415296,1,0.127002165,1,-0.62148118,1,0.425628483,1
7.282845497,-4.863925934,1,0.18102774,1,-9.252495766,1,0.156996042,1,-0.853206098,1,0.058827829,1,0.127676249,1,-0.624757349,1,0.425447136,1
7.286842823,-4.758782864,1,0.037690263,1,-9.478866577,1,0.179793611,1,-0.954450488,1,0.034058552,1,0.128558606,1,-0.62836349,1,0.425103873,1
7.290841579,-4.502290249,1,0.410684973,1,-9.386507988,1,0.194919735,1,-1.058290958,1,-0.000115374,1,0.129617572,1,-0.632365465,1,0.424548,1
7.294848442,-4.831611156,1,0.566542506,1,-9.708901405,1,0.233898893,1,-1.156374693,1,-0.021188065,1,0.130944312,1,-0.636752725,1,0.423763096,1
7.29885149,-4.614440918,1,0.43411237,1,-9.695710182,1,0.272309273,1,-1.251760006,1,-0.053131208,1,0.132538825,1,-0.641502082,1,0.422789216,1
7.302850246,-4.623292923,1,-0.062906891,1,-9.917953491,1,0.303750336,1,-1.368401885,1,-0.068977773,1,0.134399503,1,-0.646668732,1,0.421610773,1
7.30685091,-4.508346081,1,-0.57910651,1,-10.1719799,1,0.334803969,1,-1.494226813,1,-0.075178519,1,0.13649036,1,-0.652302921,1,0.420266002,1
7.310847282,-4.4442029,1,-1.088357806,1,-10.28294754,1,0.363362521,1,-1.630167723,1,-0.056713074,1,0.138743877,1,-0.658453643,1,0.418853909,1
7.314846039,-4.624936104,1,-2.317305326,1,-10.9121542,1,0.348761588,1,-1.78147316,1,-0.017295374,1,0.141061053,1,-0.665180624,1,0.417443037,1
7.318847656,-3.904927492,1,-2.519260645,1,-10.57304382,1,0.296087503,1,-1.939840913,1,0.003195911,1,0.143197238,1,-0.672533274,1,0.416065663,1
7.322844028,-3.946685553,1,-1.962049723,1,-10.72223186,1,0.30353725,1,-2.147227287,1,0.043041956,1,0.145254418,1,-0.68063575,1,0.414666653,1
7.326842785,-4.728464127,1,-1.65466094,1,-11.01646996,1,0.343106508,1,-2.324371099,1,0.095223323,1,0.147376329,1,-0.689530611,1,0.413336456,1
7.330843449,-4.333471298,1,-2.178231001,1,-11.11884785,1,0.38647449,1,-2.502055883,1,0.146767944,1,0.149635166,1,-0.699140549,1,0.412105888,1
7.334840298,-3.999108315,1,-2.594073057,1,-11.29177952,1,0.371573508,1,-2.701239109,1,0.180153817,1,0.151947245,1,-0.709520102,1,0.410899818,1
7.338839054,-4.103270531,1,-3.077935457,1,-12.20913982,1,0.316610992,1,-2.930878401,1,0.239921272,1,0.154086754,1,-0.720775127,1,0.409729838,1
7.342839718,-3.166958094,1,-2.335993767,1,-12.31295013,1,0.295259863,1,-3.190146685,1,0.267970592,1,0.156083837,1,-0.732990444,1,0.408541322,1
7.346836567,-3.784916162,1,-2.174878359,1,-13.42449284,1,0.316259742,1,-3.507861137,1,0.312594771,1,0.158199787,1,-0.746414602,1,0.407250941,1
7.350835323,-3.207763433,1,-3.13996768,1,-14.3078661,1,0.342245042,1,-3.827608824,1,0.36121574,1,0.160467416,1,-0.761106491,1,0.405870616,1
7.354835987,-3.257438183,1,-5.708196163,1,-15.28156471,1,0.21834363,1,-4.200345039,1,0.4798356,1,0.162552252,1,-0.777232766,1,0.404559702,1
7.358833313,-1.249652743,1,-6.345685005,1,-14.21430492,1,0.123404056,1,-4.594727516,1,0.551079392,1,0.164007261,1,-0.794900179,1,0.403422505,1
7.362832069,-0.477116942,1,-5.030581951,1,-14.32972622,1,0.11926917,1,-5.129292011,1,0.673981309,1,0.165279031,1,-0.814474761,1,0.40229398,1
7.366832256,-1.523176432,1,-3.4419806,1,-14.99774361,1,0.247756869,1,-5.66203928,1,0.846793771,1,0.166590899,1,-0.836262167,1,0.401464015,1
7.370829105,-2.505877256,1,-3.659607887,1,-15.67408752,1,0.412922442,1,-6.234743118,1,1.082898378,1,0.168152347,1,-0.86033082,1,0.401163787,1
7.374827862,-3.059461117,1,-5.939575672,1,-16.47648621,1,0.418358684,1,-6.845640182,1,1.409964204,1,0.169201478,1,-0.886979997,1,0.402013391,1
7.378829002,-3.530185223,1,-6.736745834,1,-17.88143349,1,0.389594287,1,-7.47265625,1,1.627547741,1,0.169310436,1,-0.916241765,1,0.403920114,1
7.382825851,-2.974986076,1,-6.375156879,1,-17.83884811,1,0.473661363,1,-8.029584885,1,1.909848332,1,0.168704718,1,-0.948005319,1,0.406821758,1
7.386824608,-2.227892876,1,-6.657814503,1,-17.44554901,1,0.661529183,1,-8.688392639,1,2.184337854,1,0.167293236,1,-0.982397199,1,0.411251098,1
7.390825272,-3.725610733,1,-5.919919968,1,-17.19862175,1,0.77610743,1,-8.711760521,1,2.354739666,1,0.165368527,1,-1.018239021,1,0.417132229,1
7.394822121,-13.01230431,1,-7.541813374,1,-21.79898834,1,0.861877263,1,-8.711241722,1,2.514943123,1,0.161889911,1,-1.054215074,1,0.424975663,1
7.398820877,-19.860569,1,-8.430404663,1,-26.75112152,1,0.784864724,1,-8.714579582,1,2.703700542,1,0.156509787,1,-1.090270638,1,0.434844106,1
7.402821541,-19.16169167,1,-8.956383705,1,-25.3024025,1,0.443193316,1,-8.722382545,1,3.011715889,1,0.146903291,1,-1.126468897,1,0.448327005,1
7.40681839,-16.00794792,1,-12.62435818,1,-21.37191772,1,0.081806399,1,-8.731989861,1,3.225375891,1,0.131350368,1,-1.162776113,1,0.4666228,1
7.410817146,-21.93662262,1,-13.70727921,1,-22.85895157,1,-0.325918794,1,-8.741277695,1,3.407847643,1,0.109071217,1,-1.199059725,1,0.490181327,1
7.414824009,-26.82739258,1,-12.94736958,1,-23.74206161,1,-0.804453909,1,-8.132882118,1,3.841873646,1,0.076441616,1,-1.234176278,1,0.522559822,1
7.41882658,-24.25873947,1,-12.31834984,1,-22.86516953,1,-1.255840898,1,-7.404043674,1,4.114019871,1,0.029083947,1,-1.265959263,1,0.568056226,1
7.422825336,-23.31494331,1,-9.987905502,1,-23.45061111,1,-1.472566962,1,-6.936365128,1,4.346961498,1,-0.032990087,1,-1.294631124,1,0.627153873,1
7.426826477,-24.03660583,1,-9.251109123,1,-20.40735626,1,-1.75691843,1,-6.574504852,1,4.552565575,1,-0.112952791,1,-1.320275307,1,0.703243732,1
7.430822849,-13.43628311,1,-12.19914722,1,-14.52357388,1,-1.935852528,1,-6.670861721,1,4.629995346,1,-0.212277457,1,-1.343290687,1,0.797863424,1
7.434821606,-15.0948,1,-11.94555664,1,-16.18144798,1,-2.150024176,1,-6.914090633,1,4.466307163,1,-0.333899707,1,-1.364699841,1,0.913964152,1
7.438822269,-18.59871674,1,-12.36122894,1,-14.42114925,1,-2.221541882,1,-6.766996384,1,4.299718857,1,-0.477572322,1,-1.383087397,1,1.051546812,1
7.442819118,-16.54868889,1,-9.978122711,1,-15.00912666,1,-2.35092783,1,-6.33770895,1,4.17553854,1,-0.64158541,1,-1.396371126,1,1.208984852,1
7.446817875,-14.68434143,1,-9.823839188,1,-16.1907177,1,-2.258602381,1,-5.708100319,1,3.976392746,1,-0.814916372,1,-1.403595924,1,1.375454426,1
7.450818539,-14.8537674,1,-9.945515633,1,-16.69821358,1,-2.0834589,1,-4.758304119,1,3.792778254,1,-0.978945374,1,-1.404550552,1,1.532963276,1
7.454815865,-15.21783066,1,-10.25459576,1,-17.12860107,1,-1.887921214,1,-3.663865805,1,3.573426723,1,-1.116212726,0,-1.400189519,0,1.664134979,0
7.458814621,-12.91408157,1,-11.50191593,1,-17.53956413,1,-1.726837158,1,-2.509856701,1,3.278540611,1,-1.217726707,0,-1.392391443,0,1.760908127,0
7.462815285,-9.285841942,1,-12.9712162,1,-18.37405586,1,-1.605468988,1,-1.55239749,1,2.908709764,1,-1.286796093,0,-1.383142591,0,1.824367285,0
7.466812611,-3.78613472,1,-13.19183636,1,-19.99581528,1,-1.469179153,1,-0.771383107,1,2.453316927,1,-1.330123425,0,-1.373962998,0,1.862238288,0
7.470811367,0.326407552,1,-13.06999683,1,-20.06692505,1,-1.332621574,1,-0.343755245,1,2.063374519,1,-1.356028914,0,-1.365660071,0,1.88300395,0
7.474812031,3.628353834,1,-13.19974518,1,-15.19591522,1,-1.372881532,1,-0.190422103,1,1.683434844,1,-1.37319541,0,-1.358591318,0,1.895090818,0
7.478808403,-5.818115711,1,-9.902500153,1,-13.1675415,1,-1.295573473,1,-0.15705958,1,1.118978381,1,-1.386958122,0,-1.353146076,0,1.903553724,0
7.482807159,-18.09638214,1,-10.1552515,1,-15.12548733,1,-0.950554311,1,0.738738418,1,1.000928879,1,-1.390366673,0,-1.348982692,0,1.902475953,0
7.4868083,-8.863649368,1,-11.71829796,1,-15.77025604,1,-0.678182185,1,1.748062253,1,0.92732197,1,-1.375150442,0,-1.344161749,0,1.883537769,0
7.490804672,-0.186383784,1,-12.63516903,1,-15.47598457,1,-0.448817641,1,2.403537989,1,0.70500946,1,-1.34516561,0,-1.33923769,0,1.850459218,0
7.494803429,5.19516468,1,-13.02278042,1,-13.23686886,1,-0.443628132,1,2.809041023,1,0.607650042,1,-1.3068223,0,-1.334167719,0,1.809300542,0
7.498804092,8.276638031,1,-13.13793278,1,-10.73290539,1,-0.642853379,1,2.921024561,1,0.5200243,1,-1.266267419,0,-1.328774333,0,1.765339732,0
7.502800941,9.434864998,1,-12.24372005,1,-9.473438263,1,-0.762093544,1,2.889653921,1,0.475464314,1,-1.227481365,0,-1.323203921,0,1.722429395,0
7.506800175,9.800901413,1,-10.4572258,1,-9.062465668,1,-0.766580164,1,2.86010313,1,0.538452208,1,-1.191334605,0,-1.31725049,0,1.681923747,0
7.510800838,10.27054024,1,-8.851761818,1,-8.095850945,1,-0.606748104,1,2.803656578,1,0.573626578,1,-1.157533646,0,-1.310814381,0,1.64409399,0
7.514798164,9.965649605,1,-7.95543623,1,-7.492898941,1,-0.359372646,1,2.695665598,1,0.628639698,1,-1.126066446,0,-1.304048181,0,1.60950017,0
7.518796921,8.781292915,1,-7.429257393,1,-7.463813305,1,-0.139815435,1,2.625500202,1,0.650411904,1,-1.096809626,0,-1.297036529,0,1.578127265,0
7.522797585,6.533915997,1,-6.703415394,1,-7.819034576,1,0.064832553,1,2.666559458,1,0.635087609,1,-1.068462968,0,-1.28980279,0,1.548509479,0
7.526794434,5.587106228,1,-6.590044975,1,-8.136965752,1,0.306420684,1,2.746224165,1,0.539029479,1,-1.039522052,0,-1.282417297,0,1.519133091,0
7.53079319,4.126379967,1,-6.533671379,1,-8.078131676,1,0.529934049,1,2.869817972,1,0.431214035,1,-1.00932157,0,-1.274937272,0,1.489348412,0
7.534793854,2.979547977,1,-6.680699825,1,-8.138587952,1,0.762652695,1,3.035919428,1,0.317352951,1,-0.977353275,0,-1.267228246,0,1.458596945,0
7.538796425,2.007469654,1,-6.964326382,1,-8.121076584,1,0.964143515,1,3.218443632,1,0.193634078,1,-0.94351089,0,-1.259221315,0,1.426722646,0
7.542795181,1.35864687,1,-7.372663498,1,-8.09995079,1,1.13541472,1,3.407976151,1,0.042266317,1,-0.907763958,0,-1.250868797,0,1.393532038,0
7.546795845,0.775234342,1,-7.701329708,1,-8.124375343,1,1.271178365,1,3.595239401,1,-0.109643184,1,-0.870331585,0,-1.242139459,0,1.359131813,0
7.550793171,0.357238352,1,-7.953809261,1,-8.093949318,1,1.3687464,1,3.778083086,1,-0.272792757,1,-0.831549644,0,-1.23298943,0,1.323686242,0
7.554791927,0.054322034,1,-7.996539116,1,-8.015879631,1,1.431969881,1,3.952396393,1,-0.449100763,1,-0.791686833,0,-1.223387599,0,1.287323713,0
7.558792591,-0.019922752,1,-7.933743954,1,-7.90990591,1,1.478213191,1,4.101423264,1,-0.625307262,1,-0.751132548,0,-1.213323474,0,1.250313401,0
7.562789917,-0.247073114,1,-7.507259846,1,-7.836862087,1,1.513583183,1,4.229429722,1,-0.812972009,1,-0.710181952,0,-1.202826023,0,1.21291399,0
7.566788673,-0.496154279,1,-7.151794434,1,-7.719203472,1,1.571245313,1,4.322721958,1,-1.002121329,1,-0.669072628,0,-1.191928864,0,1.175394177,0
7.570789337,-0.796259224,1,-6.706459045,1,-7.581240654,1,1.627362251,1,4.412070751,1,-1.191659808,1,-0.62797159,0,-1.18065083,0,1.137946606,0
7.574786186,-1.134021163,1,-6.170558453,1,-7.57861948,1,1.699434042,1,4.481313705,1,-1.381798148,1,-0.586895168,0,-1.168980479,0,1.100636959,0
7.578784943,-1.697048068,1,-5.796663761,1,-7.582187176,1,1.77388072,1,4.542222023,1,-1.583142519,1,-0.545949936,0,-1.156938672,0,1.063603878,0
7.582785606,-2.239855528,1,-5.476416588,1,-7.650017262,1,1.851636767,1,4.599892616,1,-1.77072835,1,-0.505159676,0,-1.144478083,0,1.026873708,0
7.586782932,-2.684180737,1,-5.135444641,1,-7.727038383,1,1.923539519,1,4.659883976,1,-1.950244308,1,-0.464689434,0,-1.131560802,0,0.990604877,0
7.590781212,-3.050167084,1,-4.896657944,1,-7.661786079,1,2.00083518,1,4.693388939,1,-2.12224102,1,-0.424616337,0,-1.118166208,0,0.954889178,0
7.594782352,-3.530600309,1,-4.667993069,1,-7.719585419,1,2.069898129,1,4.726791382,1,-2.283041954,1,-0.385109782,0,-1.104328513,0,0.919899821,0
7.598778725,-4.062137127,1,-4.455149174,1,-7.786400318,1,2.123138189,1,4.764380455,1,-2.428857565,1,-0.346307397,0,-1.089967489,0,0.885722339,0
7.602777958,-4.522565365,1,-4.25414896,1,-7.906469345,1,2.175499916,1,4.792743683,1,-2.563409805,1,-0.308307469,0,-1.075080633,0,0.852443695,0
7.606779099,-4.952245712,1,-3.97867918,1,-8.078615189,1,2.225834608,1,4.817158222,1,-2.68396306,1,-0.271253228,0,-1.059666514,0,0.820196867,0
7.610775471,-5.42843914,1,-3.670140743,1,-8.263541222,1,2.273731947,1,4.84214592,1,-2.793564558,1,-0.235218406,0,-1.043716311,0,0.789058685,0
7.614774227,-5.871674538,1,-3.498440742,1,-8.425420761,1,2.320421934,1,4.872632027,1,-2.881194353,1,-0.200262785,0,-1.027194977,0,0.759101152,0
7.618774891,-6.292584419,1,-3.346197605,1,-8.522406578,1,2.3514359,1,4.897169113,1,-2.965708017,1,-0.166470632,0,-1.010120392,0,0.730391681,0
7.62277174,-6.680746555,1,-3.220710754,1,-8.723993301,1,2.377995491,1,4.92238903,1,-3.027168512,1,-0.133899748,0,-0.992485583,0,0.702957809,0
7.626770496,-7.154588223,1,-3.006420612,1,-9.019290924,1,2.400567293,1,4.956350327,1,-3.083721876,1,-0.102600478,0,-0.974312067,0,0.676842928,0
7.63077116,-7.532466888,1,-2.875603914,1,-9.304445267,1,2.419852257,1,4.983949184,1,-3.128958464,1,-0.072568968,0,-0.955591559,0,0.652040124,0
7.634768486,-7.92420435,1,-2.746703386,1,-9.61918354,1,2.450278521,1,5.014069557,1,-3.167018175,1,-0.043773431,0,-0.936362684,0,0.628546476,0
7.638767719,-8.328294754,1,-2.710495472,1,-10.00183868,1,2.464155674,1,5.032215118,1,-3.204270124,1,-0.016188094,0,-0.916664779,0,0.606339097,0
7.642767906,-8.857433319,1,-2.782478809,1,-10.44500256,1,2.468063593,1,5.067567825,1,-3.23799324,1,0.010224845,0,-0.896508038,0,0.585332274,0
7.646765232,-9.432555199,1,-2.746527672,1,-10.96786308,1,2.471118212,1,5.096705437,1,-3.272672892,1,0.035490032,0,-0.875899792,0,0.56548506,0
7.650763988,-10.12098503,1,-2.824492216,1,-11.4956007,1,2.45999527,1,5.142204762,1,-3.311369181,1,0.059664961,0,-0.854817092,0,0.546693981,0
7.654764652,-10.773839,1,-2.788268089,1,-12.07437325,1,2.450687885,1,5.190811634,1,-3.361078978,1,0.082792319,0,-0.833253145,0,0.528884768,0
7.658767223,-11.31974125,1,-2.620226145,1,-12.68091202,1,2.437505007,1,5.246520042,1,-3.422149181,1,0.104988761,0,-0.811189294,0,0.511923552,0
7.66276598,-11.88068008,1,-2.506519079,1,-13.34071255,1,2.42383337,1,5.310776234,1,-3.493447542,1,0.126352414,0,-0.788622022,0,0.495704681,0
7.666766644,-12.54417896,1,-2.381374598,1,-14.0006361,1,2.422507763,1,5.367507458,1,-3.573186398,1,0.146959871,0,-0.765541136,0,0.480147094,0
7.670763493,-13.06013489,1,-2.324594021,1,-14.65705585,1,2.421228409,1,5.4374156,1,-3.658486366,1,0.166891247,0,-0.741923511,0,0.465182573,0
7.674762249,-13.60175991,1,-2.188687325,1,-15.26434898,1,2.418933868,1,5.516107082,1,-3.746758461,1,0.186178401,0,-0.717744946,0,0.450778186,0
7.678762913,-13.96150684,1,-2.099912405,1,-15.80874157,1,2.406688929,1,5.593130112,1,-3.839894533,1,0.204827085,0,-0.692998528,0,0.436905265,0
7.682760239,-14.2250061,1,-1.995044947,1,-16.38592529,1,2.38301301,1,5.654398441,1,-3.926888704,1,0.222820953,0,-0.667710841,0,0.423529208,0
7.686759472,-14.49397278,1,-1.896340251,1,-16.82573128,1,2.360043764,1,5.71031189,1,-4.00079155,1,0.240153015,0,-0.641936779,0,0.410641611,0
7.690760136,-14.86607742,1,-1.855034351,1,-17.21696663,1,2.338155746,1,5.750107765,1,-4.068019867,1,0.256818444,0,-0.615738034,0,0.398271471,0
7.694756985,-15.19389343,1,-1.941752315,1,-17.71334267,1,2.294917822,1,5.779030323,1,-4.120545864,1,0.272807747,0,-0.589190364,0,0.386406779,0
7.698755741,-15.53618336,1,-2.122432709,1,-18.25150108,1,2.234793901,1,5.785690784,1,-4.149011612,1,0.288032413,0,-0.562385857,0,0.375088453,0
7.702756405,-16.0505352,1,-1.928972483,1,-18.87712669,1,2.166416168,1,5.774778843,1,-4.165176868,1,0.302453935,0,-0.53541398,0,0.364325434,0
7.706753254,-16.59275246,1,-1.19700098,1,-19.58396149,1,2.106814146,1,5.742488384,1,-4.171665192,1,0.316069484,0,-0.507831454,0,0.352920651,0
7.710751534,-17.49880981,1,0.194356367,1,-20.28116798,1,2.072930813,1,5.673130512,1,-4.168820381,1,0.329045385,0,-0.480882943,0,0.343176603,0
7.714753151,-18.33858681,1,1.445354342,1,-20.53346825,1,2.08995533,1,5.598502636,1,-4.168626308,1,0.341564775,0,-0.454111874,0,0.333846062,0
7.71875,-19.3400116,1,2.659356594,1,-20.96111488,1,2.16027832,1,5.512246609,1,-4.165976048,1,0.353870928,0,-0.427538335,0,0.324884802,0
7.722748756,-20.84119606,1,3.627433062,1,-21.13714027,1,2.254304171,1,5.437909603,1,-4.14287138,1,0.366146863,0,-0.4011935,0,0.316314101,0
7.726749897,-22.42155647,1,4.205325603,1,-21.06283569,1,2.362778187,1,5.382336617,1,-4.105296612,1,0.378448188,0,-0.37502715,0,0.308218896,0
7.730746269,-23.94268608,1,4.608314991,1,-20.88780975,1,2.449419498,1,5.334997177,1,-4.042916298,1,0.390756488,0,-0.349052131,0,0.300658464,0
7.734745026,-25.24066925,1,5.332921982,1,-20.32023048,1,2.505132914,1,5.304384708,1,-3.957706451,1,0.402960926,0,-0.32324037,0,0.293729454,0
7.738746166,-26.45936775,1,5.983841419,1,-19.4522171,1,2.552830696,1,5.280014515,1,-3.842808962,1,0.414977938,0,-0.297610998,0,0.287527949,0
7.742743492,-28.1742897,1,6.158123493,1,-18.0790062,1,2.576751232,1,5.279167175,1,-3.697014809,1,0.426759154,0,-0.27217564,0,0.282153279,0
7.746742249,-29.6619091,1,5.823811054,1,-16.23407555,1,2.534579754,1,5.315981865,1,-3.50504899,1,0.438121051,0,-0.246902406,0,0.277798414,0
7.750742912,-30.91768646,1,5.544908047,1,-13.38429165,1,2.409182787,1,5.387354851,1,-3.26985836,1,0.448773116,0,-0.221754968,0,0.274631679,0
7.754739761,-33.1480751,1,5.240925789,1,-4.245372295,1,2.259455681,1,5.61968708,1,-2.933444262,1,0.458447188,0,-0.196564823,0,0.27301541,0
7.758738518,-36.0975914,1,-7.893997669,1,-0.747645855,1,1.882962942,1,5.869203091,1,-2.338825464,1,0.466722965,0,-0.17127268,0,0.27386266,0
7.762739658,-37.35124207,1,-8.940587997,1,6.387615204,1,1.010353565,1,6.08831501,1,-1.682486892,1,0.471968561,0,-0.146224886,0,0.277517885,0
7.766736984,-36.27355576,1,3.78968358,1,10.48140812,1,0.654866993,1,5.922956944,1,-0.802203476,1,0.474201888,0,-0.122498944,0,0.284122288,0
7.770735741,-38.63957596,1,21.21707344,1,14.91645432,1,1.266629457,1,5.511853695,1,-0.152586117,1,0.476822048,0,-0.101288833,0,0.293057352,0
7.774736404,-43.30265427,1,37.75951004,1,17.56580734,1,2.68383193,1,4.90657568,1,0.182220444,1,0.483677268,0,-0.082838602,0,0.302837223,0
7.778738976,-44.8870697,1,48.87706757,1,19.45398903,1,4.491608143,1,4.189000607,1,0.334209591,1,0.497266412,0,-0.067265719,0,0.312384546,0
7.782737732,-42.12574768,1,48.55018616,1,20.94219017,1,6.048296928,1,3.282905579,1,0.368224025,1,0.5179649,0,-0.054839991,0,0.320942223,0
7.786738873,-38.54346466,1,38.61642075,1,21.74870682,1,6.901379585,1,2.247185946,1,0.364566922,1,0.543730199,0,-0.04601961,0,0.327794582,0
7.790735245,-34.14746857,1,22.43131828,1,20.43899918,1,6.684370041,1,1.103274822,1,0.515447617,1,0.570978343,0,-0.041244235,0,0.332814604,0
7.794734001,-34.85718155,1,8.515868187,1,17.27961349,1,5.368124962,1,0.283156633,1,0.777200997,1,0.595180154,0,-0.0403907,0,0.336405873,0
7.798735142,-30.10658455,1,-5.306459427,1,14.37935066,1,3.244353294,1,-0.397348553,1,1.098620176,1,0.612436891,0,-0.042703819,0,0.339368403,0
7.802732468,-25.87576675,1,-14.29288292,1,11.99957657,1,0.618312478,1,-0.909940064,1,1.395950675,1,0.620083749,0,-0.047769941,0,0.341928065,0
7.806731224,-24.40515709,1,-13.59185505,1,8.657370567,1,-1.871603012,1,-1.334513545,1,1.587720275,1,0.61735636,0,-0.0549432,0,0.344191134,0
7.810731888,-25.18840408,1,-7.404270172,1,4.191019058,1,-3.771859407,1,-1.503763437,1,1.572881937,1,0.605773926,0,-0.063302256,0,0.346128047,0
7.814728737,-26.63449669,1,0.102653503,1,0.635154903,1,-4.962494373,1,-1.552552223,1,1.366047978,1,0.588034809,0,-0.071714833,0,0.347547472,0
7.818727493,-2.076633692,1,-2.16590333,1,-15.23414707,1,-5.732028484,1,-2.038827658,1,1.531304359,1,0.566367745,0,-0.080493525,0,0.348471284,0
7.822728157,-25.91006088,1,17.85515213,1,-7.450416565,1,-4.279904366,1,-3.940845728,1,2.232093811,1,0.545983911,0,-0.095143147,0,0.348483562,0
7.826725483,-23.20865059,1,10.88956642,1,0.677042842,1,-3.945059061,1,-2.331321001,1,1.204052925,1,0.529914677,0,-0.109954745,0,0.347854257,0
7.830724239,1.462216139,1,-10.44528103,1,-4.47873497,1,-4.493996143,1,-1.262762189,1,1.326828003,1,0.513256729,0,-0.117925376,0,0.348624408,0
7.83472538,-7.206155777,1,-25.66170311,1,-10.69595909,1,-6.260762691,1,-2.074830532,1,1.844083786,1,0.491518378,0,-0.126914605,0,0.351124167,0
7.838722229,2.111222267,1,-19.13518333,1,-13.11215401,1,-6.202107906,1,-1.722091317,1,2.197782278,1,0.465699434,0,-0.137489468,0,0.354720533,0
7.842720985,9.269758224,1,-15.68626499,1,-20.35727119,1,-6.517978191,1,-2.127007961,1,2.238426208,1,0.439857155,0,-0.148114607,0,0.359705985,0
7.846721649,5.339622021,1,-7.161602974,1,-18.69803238,1,-6.192520142,1,-2.450123787,1,1.961656332,1,0.413684547,0,-0.160157338,0,0.363470912,0
7.850718021,6.523815155,1,-3.930829287,1,-16.41274452,1,-6.218540668,1,-2.771707296,1,1.679761052,1,0.388318062,0,-0.172505453,0,0.366134286,0
7.854717255,1.653678298,1,5.799224854,1,-11.93683815,1,-5.772369385,1,-3.574302912,1,1.371365905,1,0.363989174,0,-0.186428681,0,0.367289871,0
7.858718872,-8.94975853,1,11.00005341,1,-10.0569706,1,-5.313683987,1,-4.245991707,1,1.130174994,1,0.342219412,0,-0.202863693,0,0.366501331,0
7.862715244,-8.621243477,1,16.04656792,1,-15.17444515,1,-4.232006073,1,-4.800465107,1,1.214705825,1,0.323196352,0,-0.221467346,0,0.365018845,0
7.866714001,-16.8078289,1,10.66272926,1,-17.86817551,1,-4.09484005,1,-5.151580811,1,1.274285555,1,0.307267636,0,-0.242061466,0,0.363313586,0
7.870714664,-21.11585617,1,14.16672421,1,-20.34396553,1,-3.783548117,1,-4.806209087,1,1.719760776,1,0.291584134,0,-0.262990922,0,0.36317569,0
7.874711514,-25.268013,1,16.43181038,1,-21.67211723,1,-3.542568207,1,-4.253315449,1,2.081526518,1,0.27610153,0,-0.282440156,0,0.365499079,0
7.87871027,-27.7440815,1,16.84871864,1,-19.8969059,1,-3.15853858,1,-3.639529467,1,2.175326824,1,0.261599272,0,-0.299968332,0,0.369743705,0
7.882710934,-23.241642,1,14.2048111,1,-16.44275093,1,-2.6552279,1,-3.179746866,1,2.081423759,1,0.248296872,0,-0.315261781,0,0.374892831,0
7.886708736,-16.73854828,1,9.8254776,1,-13.10216713,1,-2.166783094,1,-3.065713167,1,1.640093446,1,0.237279877,0,-0.329159856,0,0.379381597,0
7.890707493,-12.00842381,1,0.975865066,1,-10.83693695,1,-1.944785237,1,-3.02549696,1,1.283183694,1,0.228089333,0,-0.342356861,0,0.382393777,0
7.894708157,-8.091693878,1,-1.930904865,1,-9.723261833,1,-1.875335932,1,-2.877748251,1,0.978432238,1,0.219860017,0,-0.354884744,0,0.384262741,0
7.898711205,-5.828814983,1,-0.213719532,1,-9.870118141,1,-1.842046022,1,-2.793488264,1,0.879575551,1,0.211983398,0,-0.366729826,0,0.38549304,0
7.902709961,-8.755093575,1,6.008390427,1,-10.85070324,1,-1.737279058,1,-2.674389601,1,0.99061209,1,0.204269797,0,-0.37821731,0,0.386954963,0
7.906710625,-10.80917168,1,14.45219612,1,-12.13375473,1,-1.514973879,1,-2.394465685,1,1.08012557,1,0.196915194,0,-0.389010668,0,0.389159471,0
7.910707474,-11.03407288,1,18.16253471,1,-12.84497166,1,-1.191117048,1,-2.140963554,1,1.073742986,1,0.190435573,0,-0.39873147,0,0.391869545,0
7.91470623,-10.71387005,1,15.4109087,1,-12.54974079,1,-0.874635279,1,-1.943270802,1,1.02293551,1,0.18521224,0,-0.407518357,0,0.394715518,0
7.918707848,-10.46781731,1,9.735897064,1,-11.53784752,1,-0.617282689,1,-1.776055336,1,0.912053406,1,0.181175485,0,-0.415537149,0,0.397415578,0
7.92270422,-10.28617191,1,2.026444674,1,-10.96069908,1,-0.51212883,1,-1.605982304,1,0.795226276,1,0.177983686,0,-0.422824085,0,0.399746358,0
7.926702976,-8.960834503,1,-4.948999882,1,-9.765918732,1,-0.455174029,1,-1.475798011,1,0.634913862,1,0.175245509,0,-0.429352731,0,0.40165779,0
7.93070364,-6.901724815,1,-6.944363594,1,-9.493723869,1,-0.455444545,1,-1.385213733,1,0.550677598,1,0.172845602,0,-0.435400784,0,0.403125167,0
7.934700966,-5.684253216,1,-5.413260937,1,-9.616426468,1,-0.44975701,1,-1.357254028,1,0.487079144,1,0.170465767,0,-0.441132069,0,0.404341221,0
7.938699722,-4.730434418,1,-1.895142078,1,-10.57960033,1,-0.518550694,1,-1.271498322,1,0.456631452,1,0.168048292,0,-0.446620464,0,0.405406624,0
7.942700386,-3.301218987,1,0.489086807,1,-10.64877605,1,-0.430259019,1,-1.260975361,1,0.450196773,1,0.165705293,0,-0.451957852,0,0.406458735,0
7.946697712,-4.192243576,1,1.427012801,1,-9.9777174,1,-0.476165682,1,-1.178136945,1,0.479030192,1,0.163271219,0,-0.456977099,0,0.407625496,0
7.950696468,-4.934432983,1,0.188148439,1,-9.903028488,1,-0.411438286,1,-1.213046789,1,0.444986433,1,0.160994947,0,-0.462016732,0,0.408793628,0
7.954697132,-5.82340765,1,-1.33014071,1,-9.176082611,1,-0.36753282,1,-1.176447272,1,0.435638189,1,0.158709571,0,-0.466433734,0,0.412341684,0
7.958693981,-7.268300056,1,-2.750564337,1,-9.155635834,1,-0.360016286,1,-1.11188817,1,0.394820482,1,0.156769589,0,-0.471216381,0,0.413392335,0
7.962693214,-8.474219322,1,-3.162437439,1,-8.601197243,1,-0.350581169,1,-0.990340531,1,0.352123231,1,0.154923379,0,-0.475633562,0,0.414336205,0
7.966694355,-7.041898727,1,-1.855213165,1,-9.075498581,1,-0.326270998,1,-0.918517053,1,0.315659732,1,0.15319176,0,-0.479585439,0,0.415157795,0
7.970691204,-5.425757408,1,-0.635361791,1,-9.342254639,1,-0.311472952,1,-0.850516021,1,0.316854507,1,0.15155606,0,-0.483270586,0,0.415962428,0
7.974690437,-4.595048904,1,-0.782544315,1,-9.230639458,1,-0.30195564,1,-0.863382578,1,0.310763359,1,0.149928883,0,-0.486836046,0,0.416804522,0
7.978691101,-5.461798191,1,-1.176423907,1,-9.126940727,1,-0.282214344,1,-0.871877789,1,0.300925434,1,0.148393616,0,-0.490460634,0,0.417587191,0
7.982688427,-6.521208286,1,-1.162624598,1,-8.915570259,1,-0.265252382,1,-0.848268449,1,0.275500923,1,0.1469374,0,-0.494026214,0,0.41830346,0
7.986687183,-6.779351711,1,-0.689938486,1,-8.610613823,1,-0.245054752,1,-0.774597287,1,0.265669793,1,0.145579249,0,-0.497376859,0,0.419001341,0
7.990687847,-6.189820766,1,-0.756930351,1,-8.555450439,1,-0.205121383,1,-0.739047825,1,0.231278181,1,0.14438656,0,-0.500496209,0,0.419615626,0
7.994684219,-6.064960957,1,-0.521033525,1,-8.46588707,1,-0.206081316,1,-0.696994781,1,0.213352621,1,0.143311277,0,-0.503482997,0,0.420147717,0
7.998682976,-5.970169067,1,-0.764107525,1,-8.443946838,1,-0.182485357,1,-0.667613685,1,0.201966971,1,0.142309695,0,-0.506291807,0,0.420640767,0
8.002684593,-6.077562809,1,-0.78419286,1,-8.363024712,1,-0.170374468,1,-0.629117191,1,0.192180261,1,0.141373605,0,-0.508971751,0,0.42111361,0
8.006681442,-5.826292515,1,-0.978396118,1,-8.319718361,1,-0.170713186,1,-0.59758836,1,0.181011558,1,0.140474707,0,-0.511508107,0,0.421565711,0
8.010680199,-5.838421345,1,-1.02092731,1,-8.40788269,1,-0.173875794,1,-0.571107686,1,0.18261385,1,0.139585733,0,-0.513929069,0,0.422012091,0
8.014680862,-5.723344803,1,-1.188872218,1,-8.48891449,1,-0.177367225,1,-0.548414946,1,0.191860989,1,0.138641253,0,-0.516245902,0,0.422501028,0
8.018683434,-5.738489151,1,-1.423299193,1,-8.438266754,1,-0.191645131,1,-0.534747422,1,0.200004235,1,0.137636274,0,-0.518493056,0,0.423054904,0
8.02268219,-5.844639778,1,-1.368691325,1,-8.357122421,1,-0.203375444,1,-0.524671495,1,0.203828245,1,0.136548281,0,-0.520697892,0,0.423645049,0
8.026683807,-5.669082165,1,-1.255383015,1,-8.441013336,1,-0.217397779,1,-0.497658551,1,0.209010348,1,0.135396704,0,-0.522829711,0,0.424269676,0
8.030680656,-5.52474165,1,-1.06423986,1,-8.439174652,1,-0.235235363,1,-0.483382851,1,0.218387425,1,0.1341528,0,-0.524892509,0,0.424933016,0
8.034680367,-5.567655087,1,-0.997896612,1,-8.458127022,1,-0.250285655,1,-0.470086992,1,0.222733304,1,0.132836744,0,-0.526903212,0,0.425652355,0
8.038681984,-5.618771553,1,-0.959339797,1,-8.333636284,1,-0.251956046,1,-0.459821165,1,0.222114801,1,0.131471083,0,-0.528871059,0,0.426391393,0
8.042677879,-6.032653332,1,-0.840601206,1,-8.263876915,1,-0.260434002,1,-0.448416024,1,0.211855635,1,0.130073249,0,-0.530783653,0,0.427116513,0
8.046676636,-5.811367989,1,-0.810575902,1,-8.263436317,1,-0.265739292,1,-0.404055297,1,0.213736892,1,0.128659964,0,-0.532578766,0,0.4278543,0
8.050677299,-5.826529026,1,-0.81926614,1,-8.354089737,1,-0.279640019,1,-0.391343445,1,0.211694658,1,0.127212584,0,-0.534275472,0,0.428588361,0
8.054675102,-4.965301037,1,-0.705377936,1,-8.438882828,1,-0.26239717,1,-0.385389179,1,0.20184356,1,0.125750586,0,-0.535883009,0,0.429311037,0
8.058673859,-5.495674133,1,-0.716907322,1,-8.253299713,1,-0.263111025,1,-0.377346009,1,0.189258844,1,0.124354847,0,-0.537500381,0,0.429986954,0
8.062674522,-5.214967251,1,-0.704301119,1,-8.369494438,1,-0.266980648,1,-0.369830251,1,0.179541394,1,0.122972891,0,-0.539069414,0,0.430622727,0
8.066672325,-5.654852867,1,-0.651051879,1,-8.169214249,1,-0.263422996,1,-0.357427895,1,0.178403378,1,0.121592239,0,-0.540617168,0,0.431248516,0
8.070671082,-5.626851559,1,-0.532539725,1,-8.199778557,1,-0.253292471,1,-0.338931829,1,0.181570321,1,0.120229907,0,-0.542080343,0,0.431890905,0
8.074671745,-5.755764008,1,-0.50454551,1,-8.130567551,1,-0.237045124,1,-0.317398131,1,0.177706733,1,0.118914448,0,-0.543472528,0,0.432542205,0
8.078668594,-5.740007401,1,-0.363862216,1,-8.03677845,1,-0.217323318,1,-0.299222827,1,0.182062149,1,0.117661417,0,-0.544790745,0,0.433204412,0
8.082667351,-5.68757391,1,-0.39442879,1,-8.074255943,1,-0.205502272,1,-0.276540905,1,0.182892263,1,0.116457522,0,-0.546021521,0,0.433897078,0
8.086668968,-5.348347187,1,-0.483744889,1,-7.969974041,1,-0.202882573,1,-0.263826013,1,0.174346119,1,0.115289859,0,-0.5471766,0,0.434586585,0
8.090665817,-5.624228001,1,-0.302084416,1,-7.92995882,1,-0.184669018,1,-0.252998292,1,0.178772032,1,0.114164501,0,-0.548287272,0,0.435267121,0
8.094664574,-5.514065742,1,-0.478745192,1,-8.062433243,1,-0.17754595,1,-0.236402407,1,0.172865212,1,0.113088571,0,-0.549337387,0,0.435950726,0
8.098665237,-5.512336731,1,-0.413173318,1,-8.032870293,1,-0.166095525,1,-0.228578061,1,0.168728277,1,0.112032346,0,-0.550337553,0,0.436621606,0
8.10266304,-5.721991062,1,-0.528372586,1,-7.804531097,1,-0.153606549,1,-0.212139592,1,0.174527392,1,0.111058764,0,-0.551297367,0,0.437312663,0
8.106661797,-5.714952469,1,-0.708545566,1,-7.891160965,1,-0.146568403,1,-0.188544258,1,0.180958211,1,0.110072233,0,-0.552167594,0,0.438037813,0
8.11066246,-5.57878828,1,-0.77485466,1,-7.863857269,1,-0.146423683,1,-0.170496807,1,0.179738745,1,0.109083906,0,-0.552961051,0,0.438794196,0
8.114659309,-5.542815685,1,-0.867032588,1,-7.870500565,1,-0.149235979,1,-0.159953177,1,0.184706986,1,0.108089142,0,-0.553693175,0,0.439565003,0
8.118658066,-5.496846676,1,-0.852490723,1,-7.746189594,1,-0.161899567,1,-0.141186595,1,0.186218172,1,0.107035443,0,-0.554360986,0,0.440357089,0
8.122659683,-5.59551239,1,-0.652755737,1,-7.813911438,1,-0.152783453,1,-0.123156704,1,0.189466804,1,0.105974056,0,-0.554961503,0,0.441164672,0
8.126656532,-5.472324371,1,-0.617410123,1,-7.980480194,1,-0.142377988,1,-0.112481691,1,0.199895874,1,0.104934551,0,-0.555508494,0,0.442021936,0
8.130655289,-5.29694128,1,-0.939379096,1,-7.854586124,1,-0.176881462,1,-0.100672334,1,0.195377156,1,0.103833646,0,-0.556012988,0,0.442898005,0
8.134656906,-5.365440369,1,-0.787902653,1,-8.083581924,1,-0.184367031,1,-0.105644457,1,0.197509453,1,0.102640063,0,-0.556499481,0,0.443765521,0
8.138659477,-5.216094971,1,-0.811580062,1,-8.027889252,1,-0.212986454,1,-0.10887111,1,0.191194296,1,0.101403899,0,-0.557011843,0,0.444632739,0
8.142658234,-5.389256477,1,-0.343986273,1,-8.001791,1,-0.199549094,1,-0.114814177,1,0.194215506,1,0.100139908,0,-0.557538152,0,0.445479214,0
8.146658897,-5.430035114,1,-0.2247722,1,-8.17320919,1,-0.181317434,1,-0.113172233,1,0.191144466,1,0.098928586,0,-0.558067799,0,0.446334779,0
8.1506567,-5.242168427,1,-0.319852948,1,-8.158424377,1,-0.166995466,1,-0.118916951,1,0.185986504,1,0.097786784,0,-0.558601916,0,0.447176903,0
8.154655457,-5.324019432,1,-0.30129531,1,-8.187242508,1,-0.16175957,1,-0.128232226,1,0.184961304,1,0.096685335,0,-0.559168696,0,0.448002607,0
8.15865612,-5.290426731,1,-0.180201605,1,-8.324000359,1,-0.152352333,1,-0.138014495,1,0.179756388,1,0.095621765,0,-0.559759855,0,0.448801368,0
8.162652969,-5.191567898,1,-0.030004146,1,-8.235853195,1,-0.123651922,1,-0.153522521,1,0.179967865,1,0.094659209,0,-0.560404181,0,0.449572474,0
8.166651726,-5.359186172,1,-0.191374138,1,-8.013220787,1,-0.119046479,1,-0.159527779,1,0.173530832,1,0.093766332,0,-0.561096668,0,0.450336277,0
8.170653343,-5.389807701,1,0.076050125,1,-8.141019821,1,-0.096381448,1,-0.162245438,1,0.163480192,1,0.092944384,0,-0.561796963,0,0.451061308,0
8.174650192,-5.236955166,1,0.220282465,1,-8.121396065,1,-0.085932441,1,-0.171486109,1,0.153048709,1,0.09222392,0,-0.562518477,0,0.451737612,0
8.178649902,-5.214936733,1,0.472333252,1,-8.145890236,1,-0.077931315,1,-0.184499457,1,0.128608659,1,0.091583215,0,-0.563293755,0,0.452325344,0
8.182650566,-5.197355747,1,0.541112363,1,-8.117288589,1,-0.068992056,1,-0.204260424,1,0.101394325,1,0.091041401,0,-0.564105928,0,0.452802062,0
8.186647415,-5.302111626,1,0.842451513,1,-8.010828018,1,-0.041008964,1,-0.221627086,1,0.07096263,1,0.090645783,0,-0.564975381,0,0.453117996,0
8.190646172,-5.408719063,1,1.053195596,1,-7.936288357,1,-0.005948224,1,-0.237776145,1,0.036085427,1,0.090460427,0,-0.565914989,0,0.45328033,0
8.194646835,-5.346526623,1,0.993398905,1,-8.021695137,1,0.02727823,1,-0.247633755,1,0.002865829,1,0.090509832,0,-0.566883326,0,0.453270853,0
8.198644638,-5.209424496,1,1.104648471,1,-8.129487991,1,0.06338653,1,-0.263909876,1,-0.036954366,1,0.090789586,0,-0.567889094,0,0.453071624,0
8.202643394,-5.26507473,1,1.123686433,1,-8.114661217,1,0.092497304,1,-0.282471448,1,-0.064441532,1,0.082232766,0,-0.580272973,0,0.477711976,0
8.206644058,-5.260949612,1,0.755589128,1,-8.094665527,1,0.127282172,1,-0.296205312,1,-0.094465196,1,0.083103858,0,-0.58107692,0,0.478698552,0
8.210640907,-5.265542984,1,0.324272692,1,-8.072720528,1,0.151013076,1,-0.312855095,1,-0.110624731,1,0.084005401,0,-0.582257688,0,0.478083909,0
8.214639664,-5.185517788,1,-0.129465058,1,-8.055752754,1,0.16955018,1,-0.332011521,1,-0.115799561,1,0.085023314,0,-0.583506465,0,0.477414072,0
8.218641281,-5.191653252,1,-0.409003913,1,-8.007238388,1,0.173577979,1,-0.353251755,1,-0.112924576,1,0.086090967,0,-0.584825158,0,0.476733238,0
8.22263813,-5.275249958,1,-0.552697837,1,-7.985637188,1,0.179715663,1,-0.365912139,1,-0.101618156,1,0.087157018,0,-0.586221695,0,0.476076484,0
8.226636887,-5.306668758,1,-0.583407044,1,-7.974363327,1,0.16924946,1,-0.379538953,1,-0.09053459,1,0.088187255,0,-0.587669551,0,0.475465566,0
8.230638504,-5.37957716,1,-0.566253781,1,-7.994811535,1,0.175557643,1,-0.388958305,1,-0.089028224,1,0.089215286,0,-0.589175224,0,0.474869102,0
8.234635353,-5.423379421,1,-0.500079274,1,-7.978554249,1,0.170278251,1,-0.399682969,1,-0.076573618,1,0.090206563,0,-0.590710223,0,0.474304348,0
8.238634109,-5.461910725,1,-0.57613349,1,-7.948307991,1,0.164462328,1,-0.408147216,1,-0.072309598,1,0.091179155,0,-0.592304409,0,0.473769546,0
8.242634773,-5.448549747,1,-0.584804654,1,-8.023249626,1,0.159659952,1,-0.420851529,1,-0.065678596,1,0.092120871,0,-0.593934417,0,0.473251402,0
8.246631622,-5.463106155,1,-0.728928149,1,-8.121657372,1,0.155015424,1,-0.431254327,1,-0.056678854,1,0.093022332,0,-0.595609665,0,0.472769529,0
8.250631332,-5.404824257,1,-0.932612002,1,-8.200252533,1,0.144818932,1,-0.447505623,1,-0.040689848,1,0.093862511,0,-0.597336471,0,0.472333461,0
8.254631996,-5.336740494,1,-1.151276827,1,-8.309391975,1,0.124574631,1,-0.469022572,1,-0.027237309,1,0.094616517,0,-0.599150598,0,0.471954882,0
8.258634567,-5.400156498,1,-1.283182859,1,-8.412444115,1,0.111843079,1,-0.494051427,1,-0.006487573,1,0.095249206,0,-0.601060748,0,0.471664041,0
8.262633324,-5.340923786,1,-1.222043753,1,-8.453151703,1,0.095877297,1,-0.52360487,1,0.011978257,1,0.095787279,0,-0.603084028,0,0.471454054,0
8.266633987,-5.170376778,1,-1.213710666,1,-8.638134003,1,0.08779037,1,-0.562030673,1,0.039189186,1,0.096232444,0,-0.605257928,0,0.471331954,0
8.27063179,-5.22996664,1,-1.393362522,1,-8.868400574,1,0.079019248,1,-0.610215485,1,0.063088506,1,0.09659002,0,-0.60760808,0,0.471303076,0
8.274630547,-5.106611252,1,-1.686921358,1,-8.896060944,1,0.064681858,1,-0.663972497,1,0.095974751,1,0.09683764,0,-0.610168934,0,0.471391231,0
8.27863121,-4.979336739,1,-1.907384157,1,-8.989890099,1,0.043991651,1,-0.71576345,1,0.127477348,1,0.096943766,0,-0.612959504,0,0.471606106,0
8.282628059,-5.028038979,1,-1.745509744,1,-9.04725647,1,0.025461771,1,-0.779542625,1,0.163047731,1,0.096869953,0,-0.61599046,0,0.471954882,0
8.286626816,-5.058449745,1,-1.432065845,1,-9.128705978,1,0.015670924,1,-0.839433193,1,0.188365012,1,0.096662484,0,-0.619279504,0,0.472432971,0
8.290628433,-4.886957169,1,-1.05594933,1,-9.270805359,1,0.010066343,1,-0.910625756,1,0.206405818,1,0.096387796,0,-0.622840881,0,0.472990692,0
8.294625282,-4.889231682,1,-0.584230006,1,-9.388041496,1,0.023940343,1,-0.998870969,1,0.212639257,1,0.096120812,0,-0.626727462,0,0.473557025,0
8.298624039,-5.031608105,1,-0.659377396,1,-9.597761154,1,0.014112056,1,-1.088779092,1,0.213717103,1,0.095880724,0,-0.63097012,0,0.474108726,0
8.302624702,-4.731204033,1,-0.226231739,1,-9.568070412,1,0.000994583,1,-1.179252505,1,0.193332866,1,0.095636413,0,-0.635561228,0,0.474567831,0
8.306621552,-4.782119274,1,0.628543735,1,-9.729394913,1,0.039366718,1,-1.286567092,1,0.170352086,1,0.095518418,0,-0.640538096,0,0.474884957,0
8.310621262,-4.845682621,1,0.701627851,1,-9.94726944,1,0.090924777,1,-1.39053905,1,0.151145443,1,0.095686562,0,-0.645924807,0,0.475044399,0
8.314621925,-4.826823711,1,0.198010802,1,-10.08662224,1,0.128754586,1,-1.503975272,1,0.127050772,1,0.096131802,0,-0.651726246,0,0.47504735,0
8.318618774,-4.713813782,1,-0.284490705,1,-10.23118019,1,0.141242489,1,-1.619627714,1,0.10666199,1,0.096786857,0,-0.657981455,0,0.474872112,0
8.322617531,-4.538193703,1,-0.603215575,1,-10.42955208,1,0.161574647,1,-1.760988593,1,0.109977968,1,0.097573861,0,-0.664759815,0,0.474582821,0
8.326619148,-4.530020237,1,-0.828199923,1,-10.61525726,1,0.191385254,1,-1.916721344,1,0.120984331,1,0.098488845,0,-0.67212218,0,0.474245727,0
8.330615997,-4.773907661,1,-1.759977221,1,-10.85379124,1,0.172932953,1,-2.061099768,1,0.148863405,1,0.099419147,0,-0.680089951,0,0.473933905,0
8.334614754,-4.195328712,1,-2.114821434,1,-10.4849062,1,0.164278358,1,-2.214813471,1,0.180016235,1,0.100252435,0,-0.688651323,0,0.473668277,0
8.338615417,-4.379953384,1,-1.869213223,1,-10.9010458,1,0.156442717,1,-2.404602289,1,0.229559451,1,0.100981824,0,-0.697936296,0,0.473517239,0
8.34261322,-4.390385151,1,-1.62355423,1,-11.0445385,1,0.189670891,1,-2.590076923,1,0.28030321,1,0.101674184,0,-0.707972288,0,0.473506719,0
8.346611977,-4.340359688,1,-1.629913092,1,-11.51349735,1,0.200520635,1,-2.781000614,1,0.335225761,1,0.10233254,0,-0.718780398,0,0.473682731,0
8.35061264,-4.115377426,1,-2.086901188,1,-12.40136814,1,0.185282111,1,-3.012572765,1,0.383519858,1,0.102924466,0,-0.730428576,0,0.473986983,0
8.354610443,-4.453686237,1,-2.812066078,1,-13.31838799,1,0.08748915,1,-3.250523329,1,0.442294508,1,0.103116751,0,-0.743070781,0,0.474495262,0
8.3586092,-2.358852386,1,-2.524584293,1,-13.24549294,1,0.0746518,1,-3.564124107,1,0.446846485,1,0.103090726,0,-0.756761551,0,0.474991322,0
8.362609863,-3.091716051,1,-2.773322821,1,-13.71100426,1,0.074704386,1,-3.960766315,1,0.5074718,1,0.103055358,0,-0.771952331,0,0.47547099,0
8.366607666,-3.323230982,1,-4.236121178,1,-13.74198151,1,0.06918975,1,-4.357141972,1,0.616671205,1,0.102830738,0,-0.788714647,0,0.476194888,0
8.370606422,-3.270771027,1,-5.641884327,1,-13.99792576,1,0.104372531,1,-4.778861046,1,0.77701807,1,0.102279827,0,-0.807168484,0,0.477447033,0
8.374607086,-3.399240732,1,-6.219646454,1,-13.62505722,1,0.128297731,1,-5.219308853,1,1.012109756,1,0.101072669,0,-0.827424169,0,0.479690135,0
8.378609657,-2.56292057,1,-5.424614429,1,-13.7793951,1,0.21683459,1,-5.747006893,1,1.289610624,1,0.099160723,0,-0.849676251,0,0.483204782,0
8.382608414,-4.122149467,1,-4.479694366,1,-15.093606,1,0.347176671,1,-6.288983345,1,1.662737846,1,0.096091911,0,-0.874246955,0,0.488689214,0
8.386609077,-7.463579178,1,-6.06330061,1,-17.23686409,1,0.426436692,1,-6.817127228,1,2.062252045,1,0.091695197,0,-0.901014447,0,0.496414244,0
8.390605927,-4.295015335,1,-6.380131245,1,-15.55584717,1,0.570001304,1,-7.24975872,1,2.447413683,1,0.085137859,0,-0.929843426,0,0.507162392,0
8.394605637,1.175857186,1,-6.933207989,1,-13.7235775,1,0.667750537,1,-8.070500374,1,2.809383154,1,0.076570839,0,-0.961094439,0,0.520810723,0
8.3986063,-4.322625637,1,-9.611329079,1,-15.73143101,1,0.679328561,1,-8.719470978,1,3.308994055,1,0.064810582,0,-0.995813608,0,0.538280666,0
8.402604103,-13.34261322,1,-13.29908943,1,-18.58746338,1,0.705904782,1,-8.723510742,1,3.938168049,1,0.047368601,0,-1.031464696,0,0.562066853,0
8.406602859,-15.03823566,1,-16.59088707,1,-19.42220116,1,0.399302125,1,-8.731294632,1,4.264727116,1,0.023209382,0,-1.066932797,0,0.592591226,0
8.410603523,-20.98724747,1,-13.77898026,1,-22.53528595,1,-0.013430666,1,-8.740799904,1,4.498421669,1,-0.00873658,0,-1.102010846,0,0.629531026,0
8.414600372,-19.64470482,1,-10.57661915,1,-23.51146126,1,-0.391839355,1,-8.223677635,1,4.893920898,1,-0.050324347,0,-1.135414004,0,0.674787045,0
8.418600082,-17.07437515,1,-10.95535088,1,-21.34076881,1,-0.679682672,1,-7.979113579,1,5.025314331,1,-0.10227032,0,-1.166225195,0,0.729385316,0
8.422600746,-23.93049812,1,-14.66034222,1,-23.35431099,1,-0.978500009,1,-7.663252354,1,5.016477108,1,-0.164314985,0,-1.194682002,0,0.792844653,0
8.426597595,-25.99555588,1,-11.73445702,1,-24.09226227,1,-1.237272263,1,-6.817193508,1,5.216723442,1,-0.236361757,0,-1.219049096,0,0.865222931,0
8.430596352,-24.12167549,1,-12.1030407,1,-21.63821983,1,-1.480441093,1,-6.201122761,1,5.437663555,1,-0.319432974,0,-1.238172412,0,0.947616458,0
8.434597015,-24.10795212,1,-9.573046684,1,-22.73791695,1,-1.704501629,1,-5.649662971,1,5.578874588,1,-0.411869645,0,-1.252460122,0,1.038440943,0
8.438594818,-16.87630653,1,-12.02488804,1,-14.54641056,1,-1.828441381,1,-5.468151569,1,5.61220932,1,-0.511336327,0,-1.262215257,0,1.135479331,0
8.442593575,-11.72816277,1,-12.82714558,1,-13.85155296,1,-2.09305191,1,-6.051451683,1,5.788950443,1,-0.619233131,0,-1.269410849,0,1.240577579,0
8.446594238,-17.39598656,1,-11.76232433,1,-17.55211258,1,-2.46101284,1,-5.958580971,1,5.537045002,1,-0.735358834,0,-1.274066687,0,1.352357626,0
8.450592041,-16.80722427,1,-13.09143257,1,-14.67787361,1,-2.343963623,1,-5.663151741,1,5.348133564,1,-0.848982453,0,-1.274888039,0,1.461123705,0
8.454590797,-9.359034538,1,-13.60491276,1,-16.81352997,1,-2.434120178,1,-5.408680439,1,5.177306175,1,-0.956521809,0,-1.27200067,0,1.56426537,0
8.458591461,-9.997085571,1,-10.91846371,1,-17.54051971,1,-2.40302515,1,-4.732449532,1,4.841607571,1,-1.056231141,0,-1.26597631,0,1.658462286,0
8.462589264,-12.00923443,1,-8.477257729,1,-16.08118057,1,-2.019591331,1,-3.575211287,1,4.455102444,1,-1.138193011,0,-1.257023573,0,1.735150814,0
8.46658802,-11.4088726,1,-8.434386253,1,-17.01571655,1,-1.595427275,1,-2.247313023,1,3.962950945,1,-1.197838902,0,-1.24607718,0,1.790377617,0
8.470588684,-11.50918674,1,-10.21099949,1,-19.71621895,1,-1.198787451,1,-1.079207182,1,3.380384207,1,-1.236353993,0,-1.234576821,0,1.825190544,0
8.474585533,-9.234015465,1,-12.08668995,1,-22.69023895,1,-0.914930582,1,-0.092429765,1,2.806986809,1,-1.257683516,0,-1.223551512,0,1.843350053,0
8.478585243,-5.395753384,1,-14.08844852,1,-22.63333511,1,-0.678609848,1,0.597337842,1,2.100562811,1,-1.266262174,0,-1.21384573,0,1.849101186,0
8.482585907,0.500807583,1,-16.1942997,1,-18.94816589,1,-0.577462137,1,1.00454998,1,1.401956558,1,-1.265867591,0,-1.206235886,0,1.846057177,0
8.486581802,5.287274837,1,-14.42676258,1,-13.40004063,1,-0.623133421,1,1.030396819,1,0.969893992,1,-1.261858821,0,-1.200451016,0,1.83917284,0
8.490581512,-1.448884964,1,-14.22795391,1,-11.34975052,1,-0.337645233,1,0.979695439,1,0.368017197,1,-1.256287575,0,-1.196732163,0,1.830991745,0
8.49458313,-6.27973938,1,-14.04278374,1,-13.29910088,1,0.012973596,1,1.42333734,1,0.205817595,1,-1.246375799,0,-1.194246888,0,1.819739819,0
8.498579025,-1.399095058,1,-14.74658203,1,-14.35719776,1,0.108657554,1,2.072269917,1,0.04974797,1,-1.229862094,0,-1.191450596,0,1.802254677,0
8.502584457,4.480834961,1,-14.93082333,1,-13.0666914,1,0.147088215,1,2.449484825,1,-0.149800926,1,-1.207732916,0,-1.188498616,0,1.778986931,0
8.506586075,7.201990128,1,-14.06284237,1,-11.00683403,1,0.03685369,1,2.53573823,1,-0.324520111,1,-1.183387756,0,-1.185712457,0,1.753160357,0
8.510582924,6.923623562,1,-12.59423733,1,-9.576862335,1,-0.099092059,1,2.504465342,1,-0.490980119,1,-1.159125686,0,-1.183306575,0,1.726804972,0
8.51458168,7.530785561,1,-11.12138367,1,-8.752285957,1,-0.115969472,1,2.477203846,1,-0.605264246,1,-1.135149002,0,-1.18122077,0,1.700401902,0
8.518583298,7.72242403,1,-9.022034645,1,-8.515078545,1,0.016983852,1,2.394357443,1,-0.68506223,1,-1.111278892,0,-1.179319501,0,1.674338937,0
8.522580147,6.628023624,1,-7.420304775,1,-8.240310669,1,0.276978403,1,2.294742584,1,-0.755139291,1,-1.08737874,0,-1.177636147,0,1.649069786,0
8.526579857,4.872083664,1,-6.508328438,1,-8.667426109,1,0.607373059,1,2.236873388,1,-0.829484403,1,-1.062832355,0,-1.176122308,0,1.62440455,0
8.530580521,3.188820839,1,-6.163401127,1,-9.027569771,1,0.874500811,1,2.255806684,1,-0.916219354,1,-1.037043929,0,-1.174684525,0,1.599689245,0
8.53457737,1.496313572,1,-6.144856453,1,-9.372515678,1,1.102468848,1,2.360074282,1,-1.038398266,1,-1.009479523,0,-1.173216224,0,1.574101686,0
8.538576126,0.015846651,1,-6.481776714,1,-9.567094803,1,1.286980152,1,2.516619921,1,-1.176409006,1,-0.979534268,0,-1.171611071,0,1.546800375,0
8.542577744,-1.431467414,1,-6.635093689,1,-9.743084908,1,1.444776297,1,2.734651089,1,-1.316148043,1,-0.946983159,0,-1.169717789,0,1.517397642,0
8.546574593,-2.344487667,1,-7.02606678,1,-9.776902199,1,1.564223051,1,2.976667643,1,-1.456715584,1,-0.911663473,0,-1.167329907,0,1.485557675,0
8.550573349,-3.036725998,1,-7.161191463,1,-9.766776085,1,1.639305592,1,3.227125406,1,-1.58194375,1,-0.87379384,0,-1.16428566,0,1.451349258,0
8.554574013,-3.653576374,1,-7.651106834,1,-9.805175781,1,1.672433853,1,3.465296507,1,-1.694730639,1,-0.833882809,0,-1.160426378,0,1.415090561,0
8.558571815,-3.929775476,1,-7.470978737,1,-9.729611397,1,1.657882929,1,3.710886955,1,-1.807947516,1,-0.792408466,0,-1.155652642,0,1.377090096,0
8.562570572,-3.732753038,1,-7.297987938,1,-9.641555786,1,1.641429663,1,3.918303251,1,-1.911452293,1,-0.749847651,0,-1.149883032,0,1.337744117,0
8.566571236,-3.485972881,1,-6.75270319,1,-9.495090485,1,1.616840124,1,4.109845161,1,-2.003127337,1,-0.706733465,0,-1.1431005,0,1.29756856,0
8.570568085,-3.140083313,1,-5.8422966,1,-9.251004219,1,1.610838652,1,4.260740757,1,-2.095078707,1,-0.663474083,0,-1.135322094,0,1.25704062,0
8.574567795,-2.695431948,1,-5.013520241,1,-9.028535843,1,1.636386991,1,4.353067875,1,-2.184199333,1,-0.62046808,0,-1.126641273,0,1.216684103,0
8.578568459,-2.528978109,1,-4.195224762,1,-8.851819992,1,1.700965643,1,4.40226078,1,-2.269946814,1,-0.578015089,0,-1.117194295,0,1.176966071,0
8.582565308,-2.591379642,1,-3.425537348,1,-8.748082161,1,1.799161434,1,4.431949615,1,-2.35054636,1,-0.536232471,0,-1.107080102,0,1.138169885,0
8.586564064,-2.655742168,1,-2.864343882,1,-8.748106956,1,1.915685415,1,4.438838482,1,-2.430382967,1,-0.495131582,0,-1.096360445,0,1.100419998,0
8.590565681,-2.871429443,1,-2.569596052,1,-8.823189735,1,2.041930199,1,4.431788445,1,-2.503120899,1,-0.45478794,0,-1.085092664,0,1.063860774,0
8.594561577,-3.235940456,1,-2.435956955,1,-8.867197037,1,2.164942503,1,4.410442352,1,-2.572980404,1,-0.415247262,0,-1.073327065,0,1.028560638,0
8.598560333,-3.791793346,1,-2.414915562,1,-8.963983536,1,2.271106482,1,4.393373966,1,-2.642802477,1,-0.376570821,0,-1.061102509,0,0.994538307,0
8.602562904,-4.443459511,1,-2.395246506,1,-9.105584145,1,2.357306004,1,4.39568758,1,-2.709334373,1,-0.338782489,0,-1.048394322,0,0.961748362,0
8.6065588,-5.060237408,1,-2.392877102,1,-9.131878853,1,2.424948692,1,4.405367374,1,-2.770226717,1,-0.301945448,0,-1.03515017,0,0.93016535,0
8.61055851,-5.564759731,1,-2.356497526,1,-9.277810097,1,2.476174355,1,4.42053318,1,-2.83125186,1,-0.266095459,0,-1.021346211,0,0.899742186,0
8.614560127,-6.119189739,1,-2.229957819,1,-9.426761627,1,2.518289328,1,4.451696873,1,-2.898689508,1,-0.231235996,0,-1.006961584,0,0.870447457,0
8.618556023,-6.632788181,1,-2.031421661,1,-9.59346962,1,2.555570602,1,4.483644009,1,-2.954228163,1,-0.197370023,0,-0.991982877,0,0.842255414,0
8.622561455,-6.90034771,1,-1.907123566,1,-9.715305328,1,2.59565568,1,4.51546526,1,-3.01623559,1,-0.164511591,0,-0.976418197,0,0.815171003,0
8.626563072,-7.139525414,1,-1.731396198,1,-9.858184814,1,2.633085966,1,4.54507494,1,-3.078312635,1,-0.132631868,0,-0.960287869,0,0.789170623,0
8.630560875,-7.3502388,1,-1.556631088,1,-10.06063366,1,2.670948744,1,4.566754341,1,-3.137078285,1,-0.101702116,0,-0.943632901,0,0.76422137,0
8.634559631,-7.612618923,1,-1.430990696,1,-10.26249313,1,2.716218233,1,4.584142208,1,-3.19968152,1,-0.071663499,0,-0.926494718,0,0.740292788,0
8.638560295,-7.747207165,1,-1.382040262,1,-10.42071152,1,2.758326292,1,4.588908195,1,-3.260327816,1,-0.042482499,0,-0.908918798,0,0.717344344,0
8.642557144,-7.986272335,1,-1.419938922,1,-10.63982964,1,2.791173697,1,4.589563847,1,-3.32030654,1,-0.014134065,0,-0.8909356,0,0.695336998,0
8.646555901,-8.188616753,1,-1.5031178,1,-10.84011173,1,2.808771372,1,4.582781315,1,-3.383098364,1,0.013349522,0,-0.872590184,0,0.67424953,0
8.650557518,-8.509296417,1,-1.754262805,1,-11.20629692,1,2.822227955,1,4.582345009,1,-3.44342041,1,0.039996359,0,-0.853900611,0,0.654007018,0
8.654554367,-8.823292732,1,-1.820285439,1,-11.6075592,1,2.840738773,1,4.566254139,1,-3.519786358,1,0.065875866,0,-0.834896088,0,0.634540737,0
8.658553123,-9.333210945,1,-1.970411897,1,-12.02469921,1,2.847239494,1,4.56020546,1,-3.580329418,1,0.091029547,0,-0.815587878,0,0.615798116,0
8.662554741,-9.885526657,1,-1.999575377,1,-12.41802216,1,2.848414421,1,4.553032875,1,-3.661458731,1,0.115476482,0,-0.795969784,0,0.597708941,0
8.66655159,-10.33160305,1,-2.27279067,1,-12.75282288,1,2.829920053,1,4.549684048,1,-3.73990345,1,0.139221609,0,-0.776038468,0,0.580206811,0
8.670550346,-10.75608253,1,-2.132381916,1,-13.09352398,1,2.805026531,1,4.542495251,1,-3.830840826,1,0.162273943,0,-0.755786777,0,0.563228726,0
8.674551964,-11.08795071,1,-2.203868628,1,-13.46005249,1,2.769793034,1,4.535610199,1,-3.919486761,1,0.184640065,0,-0.735224724,0,0.546702325,0
8.678548813,-11.4843502,1,-2.225785255,1,-13.8777113,1,2.748440981,1,4.541294575,1,-4.005195141,1,0.206341118,0,-0.714339256,0,0.530628145,0
8.682547569,-11.79965401,1,-2.156573772,1,-14.39745617,1,2.716984749,1,4.542831898,1,-4.090506077,1,0.22737211,0,-0.693107307,0,0.515016139,0
8.686549187,-12.12772083,1,-2.088595152,1,-14.88615131,1,2.693953991,1,4.542409897,1,-4.176288605,1,0.247777715,0,-0.671553135,0,0.499812812,0
8.690546036,-12.52833652,1,-1.914223194,1,-15.39642334,1,2.6704669,1,4.535412312,1,-4.257308006,1,0.26759389,0,-0.649696767,0,0.485007763,0
8.694544792,-12.98056984,1,-1.707363844,1,-15.99196243,1,2.662848234,1,4.52981472,1,-4.346310616,1,0.286869287,0,-0.627555549,0,0.470577359,0
8.69854641,-13.52791595,1,-1.29011023,1,-16.65227509,1,2.667505503,1,4.519817352,1,-4.434437752,1,0.305676222,0,-0.605113387,0,0.456482798,0
8.702543259,-14.2346096,1,-0.320524693,1,-17.23067284,1,2.693610907,1,4.505908012,1,-4.538107872,1,0.324136019,0,-0.582387388,0,0.442647845,0
8.706542015,-15.23192024,1,0.923198164,1,-17.72368431,1,2.766479492,1,4.50379467,1,-4.6708951,1,0.341716588,0,-0.557779789,0,0.423056126,0
8.710543633,-16.3209362,1,1.956362367,1,-17.90615845,1,2.89213562,1,4.495065212,1,-4.805660725,1,0.360085845,0,-0.534370303,0,0.409460574,0
8.714540482,-17.59353447,1,2.715522528,1,-17.91634941,1,3.042607069,1,4.500368595,1,-4.938744068,1,0.378675163,0,-0.510565341,0,0.395978034,0
8.718538284,-18.84873199,1,2.903549433,1,-17.88957024,1,3.195963621,1,4.503646374,1,-5.060763836,1,0.397516429,0,-0.486328304,0,0.382666767,0
8.722540855,-20.1670723,1,2.839854002,1,-17.74162674,1,3.308848143,1,4.531759262,1,-5.160961151,1,0.41650331,0,-0.461637527,0,0.369610429,0
8.726538658,-21.29365921,1,2.544591665,1,-17.54237556,1,3.387636185,1,4.555119514,1,-5.250807762,1,0.435441613,0,-0.436485708,0,0.356885314,0
8.730537415,-22.85228729,1,1.815219045,1,-17.30295372,1,3.403826952,1,4.591808796,1,-5.308688164,1,0.454090446,0,-0.41089341,0,0.344600409,0
8.734538078,-24.29930687,1,0.780708492,1,-16.86842728,1,3.331598759,1,4.661307335,1,-5.334910393,1,0.472119629,0,-0.384827942,0,0.332906246,0
8.738533974,-25.76416588,1,-0.422792047,1,-16.25704575,1,3.15682292,1,4.733199596,1,-5.324179173,1,0.489120871,0,-0.358314544,0,0.321924359,0
8.742539406,-27.37417412,1,-1.824932098,1,-14.90573311,1,2.875577927,1,4.840538025,1,-5.268776417,1,0.50463599,0,-0.331386328,0,0.311824322,0
8.746541023,-29.04403305,1,-3.737100363,1,-12.53764343,1,2.470537424,1,4.994642735,1,-5.127224445,1,0.518172324,0,-0.304060698,0,0.302841187,0
8.750537872,-30.65645981,1,-7.709840298,1,-9.854805946,1,1.921130061,1,5.200902939,1,-4.87039423,1,0.529146314,0,-0.276384175,0,0.295373052,0
8.754537582,-31.62337685,1,-10.81900883,1,-6.75221014,1,1.160687923,1,5.428454876,1,-4.480966568,1,0.536800146,0,-0.248556882,0,0.289852321,0
8.758538246,-31.13263702,1,-10.77992058,1,-4.17970562,1,0.339536846,1,5.593095779,1,-3.977838755,1,0.540552974,0,-0.220921189,0,0.286564887,0
8.762535095,-29.83797073,1,-7.138525486,1,-2.060467958,1,-0.312107772,1,5.638727188,1,-3.476523638,1,0.540798604,0,-0.193965107,0,0.285341024,0
8.766533852,-29.45654488,1,-1.683111906,1,0.240055323,1,-0.58317101,1,5.57469511,1,-2.979840279,1,0.538837731,0,-0.168087378,0,0.285802096,0
8.770535469,-29.81492233,1,5.005188465,1,1.918489695,1,-0.468340397,1,5.442015648,1,-2.514736176,1,0.536325395,0,-0.143513694,0,0.287683696,0
8.774532318,-30.56015968,1,12.39643002,1,3.418978691,1,0.113558896,1,5.215185642,1,-2.107977152,1,0.535134315,0,-0.120456032,0,0.290668547,0
8.778531075,-32.03919601,1,19.62416267,1,5.31189394,1,1.119317532,1,4.904901981,1,-1.768800139,1,0.537102699,0,-0.099074289,0,0.29438585,0
8.782532692,-34.67490768,1,26.30474854,1,7.638043404,1,2.411903858,1,4.502912045,1,-1.530104756,1,0.543745458,0,-0.07954517,0,0.298438549,0
8.786529541,-37.85354233,1,29.96990776,1,10.66285515,1,3.735206842,1,4.060902119,1,-1.341662169,1,0.555779636,0,-0.061944105,0,0.302524596,0
8.790528297,-39.53552246,1,30.69855118,1,13.13306999,1,4.773473263,1,3.539436579,1,-1.226917267,1,0.572706938,0,-0.046321433,0,0.30634433,0
8.794529915,-39.97792435,1,27.0466671,1,15.09230328,1,5.224393368,1,2.889401436,1,-1.121727705,1,0.592778444,0,-0.032964248,0,0.309497118,0
8.798526764,-38.07999039,1,19.11807632,1,16.54333305,1,4.894564629,1,2.108059168,1,-0.952876925,1,0.613174319,0,-0.022337388,0,0.311761022,0
8.80252552,-36.37091064,1,10.01708317,1,16.48547554,1,3.714802265,1,1.213881731,1,-0.705786705,1,0.630576015,0,-0.015006218,0,0.312920749,0
8.806527138,-35.04550171,1,3.533966541,1,14.87317085,1,1.857892275,1,0.423373312,1,-0.471863687,1,0.641851485,0,-0.010967773,0,0.312955588,0
8.810523987,-31.76896858,1,-1.731179953,1,13.48937321,1,-0.336169839,1,-0.296353221,1,-0.171923921,1,0.644944191,0,-0.00999793,0,0.312058985,0
8.814522743,-28.32000542,1,-2.362362146,1,12.2764616,1,-2.420294046,1,-0.902893007,1,0.175906181,1,0.639351249,0,-0.011933863,0,0.31059438,0
8.818524361,-27.37401009,1,3.116285324,1,9.064404488,1,-3.995311022,1,-1.405094028,1,0.515618622,1,0.626397431,0,-0.016516555,0,0.308993936,0
8.82252121,-28.57722092,1,8.863485336,1,5.386908054,1,-4.93337059,1,-1.749380589,1,0.688894808,1,0.608412981,0,-0.023108453,0,0.307335705,0
8.826519966,-30.09388351,1,13.69503403,1,2.540431023,1,-5.174459457,1,-1.921567202,1,0.754138708,1,0.588074684,0,-0.030839592,0,0.305560917,0
8.830521584,-30.26828384,1,17.34604454,1,-0.04640818,1,-4.868257523,1,-1.947360039,1,0.794762194,1,0.567951977,0,-0.039040651,0,0.303921521,0
8.834518433,-27.54533005,1,17.46775246,1,-4.316643238,1,-4.266011715,1,-1.950974464,1,0.797657728,1,0.549752057,0,-0.047320727,0,0.302495658,0
8.838517189,13.63455582,1,3.41189599,1,-23.11950684,1,-3.768480539,1,-2.412979841,1,0.983111858,1,0.53345716,0,-0.05631901,0,0.301151216,0
8.842518806,-7.85431242,1,6.110886097,1,-18.31628609,1,-3.180734634,1,-3.021106958,1,1.049741387,1,0.520147681,0,-0.068262525,0,0.299147367,0
8.846516609,-11.41364288,1,-2.30975318,1,-15.36437988,1,-3.334703445,1,-1.7999928,1,0.729328334,1,0.507534266,0,-0.078811184,0,0.297098786,0
8.850515366,18.94221306,1,-20.86027908,1,-19.30569458,1,-4.366019249,1,-1.025772452,1,1.111727118,1,0.492198646,0,-0.084843032,0,0.297909051,0
8.854516029,25.48112679,1,-25.40851784,1,-16.49075699,1,-4.838102341,1,-1.972170711,1,1.358407617,1,0.473250538,0,-0.092507578,0,0.299521089,0
8.858511925,27.36646652,1,-17.0757122,1,-17.0925045,1,-4.942969322,1,-2.775564194,1,1.644415259,1,0.45383054,0,-0.10360188,0,0.300758183,0
8.862517357,15.83418941,1,-15.62007523,1,-14.69489384,1,-5.776337147,1,-3.404540777,1,1.821739674,1,0.432217002,0,-0.117910095,0,0.301674545,0
8.866518974,8.614212036,1,-9.128373146,1,-10.57492447,1,-5.960401535,1,-3.64128089,1,1.874550581,1,0.408741921,0,-0.133747667,0,0.302751541,0
8.870516777,2.37479353,1,1.220200777,1,-5.134392262,1,-6.051235199,1,-4.197529316,1,1.997423887,1,0.384426534,0,-0.151293337,0,0.303822339,0
8.874515533,-1.692442298,1,12.25136566,1,-6.486321449,1,-5.665293217,1,-5.126614571,1,1.788433194,1,0.360607028,0,-0.171296999,0,0.304180115,0
8.878516197,-16.85335732,1,16.74727821,1,-7.814849377,1,-4.73637867,1,-5.792001724,1,1.304393768,1,0.34023273,0,-0.194203556,0,0.302497685,0
8.882514,-25.85618782,1,15.62364388,1,-16.36061096,1,-3.849253178,1,-5.544653416,1,1.016260743,1,0.323558748,0,-0.217211455,0,0.299311638,0
8.886512756,-29.28023148,1,14.34026051,1,-21.32234573,1,-3.005581856,1,-5.245708942,1,0.827202976,1,0.310825765,0,-0.238893315,0,0.295942366,0
8.89051342,-31.03239059,1,13.81498814,1,-22.15738297,1,-2.616566181,1,-4.707352161,1,1.041985393,1,0.300146222,0,-0.258990049,0,0.293393493,0
8.894511223,-28.11205864,1,10.92898178,1,-23.24507713,1,-2.485157013,1,-3.953119993,1,1.328621387,1,0.290312529,0,-0.276949972,0,0.292798847,0
8.898509979,-21.80303574,1,8.900216103,1,-19.63459396,1,-2.250247717,1,-3.450383902,1,1.718143821,1,0.280177355,0,-0.292838633,0,0.294665873,0
8.902510643,-17.19051552,1,6.057264805,1,-16.09317017,1,-2.133769035,1,-3.186747074,1,1.855798483,1,0.270413786,0,-0.307537317,0,0.298143268,0
8.906508446,-13.36833,1,3.296749353,1,-13.76846218,1,-1.880271912,1,-3.012315989,1,1.621822953,1,0.261178017,0,-0.321294188,0,0.301875949,0
8.910507202,-11.99374485,1,0.051577419,1,-12.60201073,1,-1.688040733,1,-3.028975248,1,1.181269646,1,0.253298104,0,-0.33442539,0,0.304408252,0
8.914507866,-14.52820206,1,-4.681029797,1,-10.49352932,1,-1.582392812,1,-2.834385395,1,0.85770154,1,0.246428236,0,-0.346835077,0,0.305458158,0
8.918505669,-12.54617691,1,-1.95182085,1,-10.31886864,1,-1.514925122,1,-2.639995337,1,0.683066726,1,0.240071043,0,-0.358151495,0,0.305817366,0
8.922504425,-11.02958679,1,5.291553974,1,-10.37575054,1,-1.293969035,1,-2.461048126,1,0.644046187,1,0.234380528,0,-0.368694007,0,0.30597192,0
8.926506042,-8.566011429,1,11.28359413,1,-11.64312935,1,-1.094349265,1,-2.238411188,1,0.736002326,1,0.22940132,0,-0.378460944,0,0.306515336,0
8.930502892,-7.806283951,1,14.43391132,1,-12.28194332,1,-0.852744222,1,-2.043805122,1,0.814335942,1,0.225041479,0,-0.38752234,0,0.307724744,0
8.934502602,-7.362775326,1,12.76298714,1,-11.64285374,1,-0.597177565,1,-1.843927264,1,0.835779428,1,0.221538857,0,-0.395835817,0,0.309341252,0
8.938503265,-7.291415215,1,8.413204193,1,-10.83576488,1,-0.386703372,1,-1.707730412,1,0.808089435,1,0.218868673,0,-0.403477043,0,0.311169326,0
8.942500114,-7.336801052,1,2.269105196,1,-9.567643166,1,-0.289402604,1,-1.600278974,1,0.745443404,1,0.216847017,0,-0.41059044,0,0.312927157,0
8.946498871,-8.048142433,1,-4.000865459,1,-8.450418472,1,-0.294238895,1,-1.550846815,1,0.627068758,1,0.215102255,0,-0.41733855,0,0.314384341,0
8.950499535,-8.558098793,1,-8.368103027,1,-8.591058731,1,-0.394967377,1,-1.419595122,1,0.52662164,1,0.213331893,0,-0.423673987,0,0.315424532,0
8.954497337,-8.401618004,1,-7.490207672,1,-8.489850998,1,-0.451811224,1,-1.336200476,1,0.460164219,1,0.211587295,0,-0.42881313,0,0.315822065,0
8.958497047,-7.741252422,1,-4.25742054,1,-9.522465706,1,-0.500142872,1,-1.216483116,1,0.434234828,1,0.209352106,0,-0.43415302,0,0.316572607,0
8.962497711,-5.729411602,1,-0.305704892,1,-10.19674873,1,-0.500344455,1,-1.130514503,1,0.428455949,1,0.207030103,0,-0.439090461,0,0.317359507,0
8.96649456,-4.322484493,1,1.881379962,1,-10.42010117,1,-0.478020549,1,-1.068040609,1,0.447161674,1,0.204670548,0,-0.443733007,0,0.318255603,0
8.97049427,-4.339732647,1,1.971063375,1,-10.14348888,1,-0.428125679,1,-1.043520689,1,0.466550529,1,0.202430472,0,-0.448236465,0,0.319295079,0
8.974494934,-5.983561993,1,0.797668517,1,-9.862215042,1,-0.410433888,1,-0.983147085,1,0.474043697,1,0.20025377,0,-0.452600777,0,0.320447773,0
8.978491783,-7.054682255,1,-0.766280711,1,-9.451011658,1,-0.38739711,1,-0.902081311,1,0.415575594,1,0.198129311,0,-0.456647873,0,0.3215819,0
8.982497215,-7.041950703,1,-1.863774419,1,-9.047586441,1,-0.33363691,1,-0.835415423,1,0.36141324,1,0.196301192,0,-0.460364223,0,0.322501659,0
8.986497879,-6.972920895,1,-2.604047298,1,-8.996091843,1,-0.292499334,1,-0.759347379,1,0.297783315,1,0.194713712,0,-0.46374464,0,0.323251843,0
8.990494728,-6.021613121,1,-2.230008125,1,-9.248118401,1,-0.253867358,1,-0.719332099,1,0.236541331,1,0.193384871,0,-0.466835946,0,0.323784322,0
8.994494438,-5.371722221,1,-1.676655889,1,-9.590524673,1,-0.220752269,1,-0.721557498,1,0.198588103,1,0.192280531,0,-0.469817966,0,0.324102521,0
8.998495102,-4.903771877,1,-0.524276793,1,-9.693279266,1,-0.197343633,1,-0.685123801,1,0.193684444,1,0.191307172,0,-0.472720057,0,0.324374735,0
9.002491951,-4.826843262,1,-0.518135786,1,-9.71391964,1,-0.176679328,1,-0.688661873,1,0.202781796,1,0.190424204,0,-0.475567967,0,0.324662209,0
9.006491661,-5.400538445,1,-0.764647841,1,-9.423336983,1,-0.146783039,1,-0.67703706,1,0.188382,1,0.189643264,0,-0.478407055,0,0.324957371,0
9.010492325,-5.983114719,1,-0.877471745,1,-9.235801697,1,-0.099038407,1,-0.662409604,1,0.165154263,1,0.189041987,0,-0.481159568,0,0.325184345,0
9.014490128,-6.778186798,1,-1.148697972,1,-8.895700455,1,-0.0599433,1,-0.618249536,1,0.123305276,1,0.188674375,0,-0.483794093,0,0.325278789,0
9.018488884,-6.170877934,1,-1.249989033,1,-8.789950371,1,-0.03149315,1,-0.591097057,1,0.088078283,1,0.18852438,0,-0.486250848,0,0.325244576,0
9.022490501,-5.333751202,1,-1.267698526,1,-8.785428047,1,-0.003230886,1,-0.567746162,1,0.067194603,1,0.188527867,0,-0.488581508,0,0.325093985,0
9.02648735,-4.893887043,1,-0.996703684,1,-8.947720528,1,0.004780146,1,-0.564141691,1,0.061106611,1,0.188620612,0,-0.490861177,0,0.324906468,0
9.030486107,-4.99934721,1,-1.162520409,1,-8.999613762,1,0.012089526,1,-0.559356391,1,0.0712374,1,0.188740835,0,-0.493117243,0,0.324725509,0
9.034487724,-5.261960983,1,-1.294299603,1,-8.947424889,1,0.017611191,1,-0.552528918,1,0.075720862,1,0.188876212,0,-0.495351911,0,0.324574322,0
9.038484573,-5.551949978,1,-1.428715348,1,-8.803441048,1,0.02715187,1,-0.543692768,1,0.074223489,1,0.189036906,0,-0.497562051,0,0.32444042,0
9.042484283,-5.69981575,1,-1.612815857,1,-8.717130661,1,0.031731084,1,-0.52025789,1,0.072682261,1,0.189218462,0,-0.499715984,0,0.32431215,0
9.046484947,-5.464008331,1,-1.701728821,1,-8.665615082,1,0.022896592,1,-0.502024114,1,0.076199785,1,0.189380586,0,-0.501779974,0,0.324205399,0
9.05048275,-5.167541027,1,-1.776327491,1,-8.532660484,1,0.000976722,1,-0.491732955,1,0.083048411,1,0.189468265,0,-0.503785729,0,0.324132204,0
9.054481506,-5.028282166,1,-1.826307774,1,-8.404183388,1,-0.016521713,1,-0.490995765,1,0.092637882,1,0.189465463,0,-0.505789578,0,0.324093819,0
9.05848217,-5.059296608,1,-1.767408609,1,-8.394634247,1,-0.031259589,1,-0.486877054,1,0.100510284,1,0.189351082,0,-0.50778687,0,0.324107319,0
9.062479973,-4.788353443,1,-1.891637802,1,-8.374219894,1,-0.046980154,1,-0.491974473,1,0.117670029,1,0.189160243,0,-0.50979495,0,0.324174404,0
9.066478729,-4.971234798,1,-2.048199177,1,-8.228869438,1,-0.083752021,1,-0.503978252,1,0.134259522,1,0.188821718,0,-0.511855006,0,0.324321151,0
9.070479393,-5.017574787,1,-2.389341831,1,-8.256129265,1,-0.112882905,1,-0.499954581,1,0.15279083,1,0.188332498,0,-0.513929486,0,0.324543536,0
9.074477196,-5.111231327,1,-2.492591619,1,-8.053085327,1,-0.149496317,1,-0.496778965,1,0.17193149,1,0.187653586,0,-0.516011536,0,0.324850589,0
9.078475952,-5.163064957,1,-2.535128355,1,-8.076762199,1,-0.191136107,1,-0.496207386,1,0.192258522,1,0.186772838,0,-0.518098712,0,0.325252712,0
9.082476616,-5.334984303,1,-2.419786453,1,-7.983523846,1,-0.224240616,1,-0.480006009,1,0.213748068,1,0.185696185,0,-0.520173073,0,0.325759172,0
9.086474419,-5.40709734,1,-2.286199808,1,-8.061903954,1,-0.257595062,1,-0.466295242,1,0.241804853,1,0.184415713,0,-0.522207797,0,0.32638067,0
9.090473175,-5.403057098,1,-2.119131565,1,-7.959891796,1,-0.282224238,1,-0.452242196,1,0.253794611,1,0.182977557,0,-0.524205267,0,0.32710731,0
9.094473839,-5.428600788,1,-1.987070918,1,-7.90960598,1,-0.305690497,1,-0.43842563,1,0.268471241,1,0.181399673,0,-0.526141286,0,0.327921361,0
9.098471642,-5.242681503,1,-1.856669068,1,-7.941527843,1,-0.307415545,1,-0.434814304,1,0.276142806,1,0.179722399,0,-0.528061211,0,0.328802049,0
9.10247612,-5.241794586,1,-1.820466161,1,-7.879929066,1,-0.321971476,1,-0.431185097,1,0.292195588,1,0.177980572,0,-0.529963434,0,0.329749525,0
9.106477737,-4.560480595,1,-1.714146733,1,-8.054628372,1,-0.327866435,1,-0.432841212,1,0.292096347,1,0.176177442,0,-0.53186816,0,0.330736607,0
9.110474586,-5.245168209,1,-1.683399439,1,-7.852478504,1,-0.346908122,1,-0.450861961,1,0.312740713,1,0.174367413,0,-0.533852935,0,0.331736773,0
9.114474297,-5.27273941,1,-1.894747257,1,-7.907131195,1,-0.368527949,1,-0.429003179,1,0.316682428,1,0.172375426,0,-0.535794497,0,0.332826734,0
9.11847496,-5.20631361,1,-1.922649264,1,-8.031564713,1,-0.403631717,1,-0.409068376,1,0.339012563,1,0.170235455,0,-0.537676513,0,0.334000945,0
9.122471809,-5.429326057,1,-1.73258388,1,-7.826715469,1,-0.420266598,1,-0.376781553,1,0.372390002,1,0.167902768,0,-0.539471388,0,0.335335314,0
9.126471519,-5.60756588,1,-1.670980215,1,-7.922461033,1,-0.430065572,1,-0.360563278,1,0.382498413,1,0.165451676,0,-0.541179121,0,0.336783826,0
9.130472183,-5.534618855,1,-1.602443218,1,-7.758429527,1,-0.445032418,1,-0.335053533,1,0.405430168,1,0.162904695,0,-0.542816758,0,0.338335842,0
9.134469032,-5.690608025,1,-1.587723136,1,-7.690482616,1,-0.461773008,1,-0.295399129,1,0.429812014,1,0.160237461,0,-0.544352591,0,0.340008765,0
9.138468742,-5.524093628,1,-1.550141335,1,-7.635011196,1,-0.463460892,1,-0.276621938,1,0.438083559,1,0.1574516,0,-0.545746148,0,0.341800958,0
9.142469406,-5.572108746,1,-1.403605223,1,-7.760288715,1,-0.47531721,1,-0.245005757,1,0.466239125,1,0.154590622,0,-0.547065616,0,0.34369725,0
9.146466255,-5.361122131,1,-1.467190027,1,-7.756279469,1,-0.48100248,1,-0.219590649,1,0.469776243,1,0.151633769,0,-0.548254907,0,0.345713317,0
9.150465965,-5.406208515,1,-1.238601446,1,-7.902005196,1,-0.483931094,1,-0.210361049,1,0.478527099,1,0.148653358,0,-0.549384117,0,0.347748905,0
9.154466629,-5.243621826,1,-1.265595555,1,-7.802060127,1,-0.512417614,1,-0.18310596,1,0.47829172,1,0.145558238,0,-0.550450683,0,0.349832416,0
9.158463478,-5.674463272,1,-0.975589097,1,-7.779109955,1,-0.515671194,1,-0.175310656,1,0.468689948,1,0.142412513,0,-0.551433146,0,0.351915568,0
9.162463188,-5.813619137,1,-0.797245383,1,-7.77685976,1,-0.534374058,1,-0.145085767,1,0.455670327,1,0.139246568,0,-0.552336872,0,0.353954315,0
9.166463852,-5.7330966,1,-0.309140414,1,-7.781136513,1,-0.520529687,1,-0.113008186,1,0.446796775,1,0.136070147,0,-0.553096294,0,0.355985641,0
9.170461655,-5.533271313,1,-0.191937432,1,-7.7388587,1,-0.488827914,1,-0.09399277,1,0.426381916,1,0.133006409,0,-0.553739548,0,0.357964396,0
9.174460411,-5.779390812,1,-0.178707793,1,-7.858360767,1,-0.470941424,1,-0.075931802,1,0.405998528,1,0.130081505,0,-0.554306269,0,0.35987246,0
9.178462029,-5.806630135,1,-0.051961292,1,-7.853823185,1,-0.454581112,1,-0.06339068,1,0.373216033,1,0.127300084,0,-0.554779589,0,0.361658663,0
9.182458878,-5.915062904,1,0.374905616,1,-7.785180569,1,-0.417867869,1,-0.046444058,1,0.340406358,1,0.124678478,0,-0.555174232,0,0.363304675,0
9.186457634,-5.641736031,1,0.444144905,1,-7.750597,1,-0.390569746,1,-0.029068477,1,0.318476558,1,0.122255079,0,-0.555481076,0,0.364830673,0
9.190459251,-5.683329582,1,0.286633521,1,-7.907227039,1,-0.36589849,1,-0.024024634,1,0.285314471,1,0.120017119,0,-0.555731177,0,0.36622414,0
9.194457054,-5.532479763,1,0.427090496,1,-7.897518158,1,-0.321424842,1,-0.019698068,1,0.254813254,1,0.117974646,0,-0.555943966,0,0.367475897,0
9.198455811,-5.498214245,1,0.392184317,1,-7.975327492,1,-0.296865463,1,-0.024111412,1,0.214461684,1,0.11615523,0,-0.55613631,0,0.368568718,0
9.202456474,-5.510792732,1,0.516528487,1,-7.998182297,1,-0.268580168,1,-0.020971635,1,0.185024112,1,0.108814046,0,-0.571276844,0,0.383800566,0
9.206453323,-5.38303566,1,0.707542598,1,-8.037631989,1,-0.22973235,1,-0.027584784,1,0.153531507,1,0.107774019,0,-0.570835531,0,0.382181197,0
9.210453033,-5.328389645,1,0.572132707,1,-8.168644905,1,-0.188522741,1,-0.045257341,1,0.115848459,1,0.106599607,0,-0.57103616,0,0.382803351,0
9.214453697,-5.338315964,1,0.37003842,1,-8.292867661,1,-0.158578947,1,-0.054537628,1,0.093911231,1,0.105647966,0,-0.571272016,0,0.38327688,0
9.218450546,-5.186134338,1,0.195636213,1,-8.043909073,1,-0.123936355,1,-0.076368392,1,0.066974387,1,0.104901537,0,-0.57156378,0,0.383622766,0
9.222455025,-5.407216549,1,0.061001733,1,-8.023368835,1,-0.101662084,1,-0.084327288,1,0.042800914,1,0.104334876,0,-0.571907103,0,0.383828938,0
9.226456642,-5.228635788,1,0.335259318,1,-8.126072884,1,-0.071262732,1,-0.092798829,1,0.024840169,1,0.103923447,0,-0.572274864,0,0.383951008,0
9.230454445,-5.163601875,1,0.263170421,1,-8.199832916,1,-0.043290675,1,-0.108990029,1,0.013955402,1,0.103663377,0,-0.572692335,0,0.384001851,0
9.234453201,-5.106011391,1,-0.027048688,1,-8.119891167,1,-0.017529761,1,-0.13157028,1,-0.003904347,1,0.103563458,0,-0.573177099,0,0.383958906,0
9.238453865,-5.206082344,1,-0.348152399,1,-8.185630798,1,-0.006288862,1,-0.151177883,1,-0.014963714,1,0.103575222,0,-0.573729873,0,0.383837014,0
9.242451668,-5.167873859,1,-0.694011211,1,-8.12377739,1,0.007340412,1,-0.164981723,1,-0.01355195,1,0.103664756,0,-0.574346483,0,0.383687675,0
9.246450424,-5.286270142,1,-0.938084543,1,-8.182513237,1,0.000890124,1,-0.17534554,1,0.001518525,1,0.103741258,0,-0.575012088,0,0.383577585,0
9.250451088,-4.308232784,1,-0.783384919,1,-8.13401413,1,-0.001234219,1,-0.175003737,1,0.000160145,1,0.103720859,0,-0.575664699,0,0.383541703,0
9.254448891,-4.988817215,1,-0.730950415,1,-8.276478767,1,0.003844205,1,-0.218432128,1,0.00542649,1,0.103781432,0,-0.57648176,0,0.38344717,0
9.258447647,-5.083959103,1,-0.661433458,1,-8.446103096,1,-0.0007838,1,-0.245473593,1,0.007428918,1,0.10382238,0,-0.577404559,0,0.383367002,0
9.262448311,-5.116101265,1,-0.527900219,1,-8.540632248,1,0.009763253,1,-0.268393338,1,0.004991496,1,0.103888586,0,-0.578430593,0,0.383261383,0
9.266446114,-4.857690811,1,-0.67986393,1,-8.546308517,1,0.01620641,1,-0.298879981,1,0.007852352,1,0.103990428,0,-0.579567313,0,0.383161664,0
9.27044487,-4.76148653,1,-1.29152441,1,-8.881030083,1,-0.013659056,1,-0.351558268,1,0.025542323,1,0.104041614,0,-0.580858111,0,0.383068919,0
9.274446487,-4.953617573,1,-1.700550318,1,-9.077758789,1,-0.028458837,1,-0.395974934,1,0.041574039,1,0.103972971,0,-0.582364202,0,0.383051217,0
9.278443336,-4.58594656,1,-1.780972958,1,-9.218399048,1,-0.041491475,1,-0.440589756,1,0.0750871,1,0.103792585,0,-0.584034085,0,0.38312,0
9.282443047,-4.510734081,1,-1.745135307,1,-9.335721016,1,-0.038564887,1,-0.519775331,1,0.094320618,1,0.103544004,0,-0.585975409,0,0.383283615,0
9.28644371,-4.7167449,1,-1.260797024,1,-9.514296532,1,-0.021418383,1,-0.59160018,1,0.126390442,1,0.103259832,0,-0.588238478,0,0.383529603,0
9.290440559,-4.77807188,1,-1.229936957,1,-9.164946556,1,-0.028793924,1,-0.653398514,1,0.147864565,1,0.102988675,0,-0.590780258,0,0.383879364,0
9.294440269,-4.585288048,1,-1.413092256,1,-9.641108513,1,-0.035679061,1,-0.726300955,1,0.164780155,1,0.102628119,0,-0.593582988,0,0.384304196,0
9.298441887,-4.335238457,1,-0.762241483,1,-9.63650322,1,-0.037803013,1,-0.814771354,1,0.171686381,1,0.102229446,0,-0.596712351,0,0.384722859,0
9.302438736,-4.540560722,1,0.297491759,1,-9.716130257,1,0.020283993,1,-0.902595878,1,0.17934607,1,0.101958342,0,-0.600207925,0,0.385149121,0
9.306437492,-4.672041893,1,0.66828382,1,-9.571418762,1,0.083772056,1,-0.989737332,1,0.154119581,1,0.101973817,0,-0.604042113,0,0.385498881,0
9.31043911,-4.65884304,1,1.248196602,1,-9.629063606,1,0.13951768,1,-1.081433177,1,0.104368776,1,0.10234493,0,-0.608215213,0,0.385617197,0
9.314435959,-4.441245556,1,1.798289895,1,-9.869820595,1,0.22684443,1,-1.183109522,1,0.066835091,1,0.103156351,0,-0.612757981,0,0.385468572,0
