Time,inertial-6253.76535:estCompensatedAccelX,inertial-6253.76535:estCompensatedAccelX:valid,inertial-6253.76535:estCompensatedAccelY,inertial-6253.76535:estCompensatedAccelY:valid,inertial-6253.76535:estCompensatedAccelZ,inertial-6253.76535:estCompensatedAccelZ:valid,inertial-6253.76535:estAngularRateX,inertial-6253.76535:estAngularRateX:valid,inertial-6253.76535:estAngularRateY,inertial-6253.76535:estAngularRateY:valid,inertial-6253.76535:estAngularRateZ,inertial-6253.76535:estAngularRateZ:valid,inertial-6253.76535:estRoll,inertial-6253.76535:estRoll:valid,inertial-6253.76535:estPitch,inertial-6253.76535:estPitch:valid,inertial-6253.76535:estYaw,inertial-6253.76535:estYaw:valid
0,-5.159840107,1,-2.40263176,1,-8.028057098,1,0.005485541,1,-0.0192685,1,-0.001140913,1,0.290687382,1,-0.549881816,1,0.373591721,1
0.003999744,-5.175646782,1,-2.424878836,1,-7.998407364,1,0.004181375,1,-0.016457409,1,0.004264927,1,0.290711582,1,-0.549946487,1,0.373571932,1
0.008001536,-5.202508926,1,-2.402689457,1,-7.985375404,1,0.004304618,1,-0.017948227,1,-0.002798447,1,0.290739715,1,-0.550008118,1,0.373551428,1
0.011999232,-5.198636532,1,-2.455319881,1,-7.969103336,1,0.008145312,1,-0.013449215,1,0.002083775,1,0.290780604,1,-0.550071955,1,0.373520881,1
0.015998719,-5.173902988,1,-2.412620068,1,-8.006970406,1,0.008037182,1,-0.01966146,1,0.002990859,1,0.290809184,1,-0.550132573,1,0.373506427,1
0.020000257,-5.184874535,1,-2.422929764,1,-7.99993372,1,0.002630359,1,-0.01367529,1,0.002172594,1,0.290837824,1,-0.550190032,1,0.373490274,1
0.023997951,-5.184453011,1,-2.408433914,1,-7.995822906,1,0.006248588,1,-0.015641244,1,0.001217364,1,0.290859818,1,-0.550252676,1,0.373480141,1
0.02799744,-5.171424389,1,-2.40450263,1,-7.987771034,1,0.004169108,1,-0.015050133,1,-0.000626561,1,0.29089281,1,-0.550307631,1,0.3734577,1
0.031998977,-5.171290874,1,-2.376048088,1,-7.984593868,1,0.007015126,1,-0.017930847,1,0.003843302,1,0.290916741,1,-0.550375998,1,0.373436689,1
0.035996415,-5.178839207,1,-2.376414776,1,-7.982890606,1,0.007184425,1,-0.01408546,1,0.000944197,1,0.290947735,1,-0.550434172,1,0.373427719,1
0.039996158,-5.159805298,1,-2.354953289,1,-7.968821049,1,0.005296688,1,-0.017370708,1,0.000824325,1,0.290982187,1,-0.550499797,1,0.373407543,1
0.043997698,-5.183794022,1,-2.408663511,1,-7.947506905,1,0.007167398,1,-0.012639358,1,0.000888223,1,0.291015685,1,-0.550557971,1,0.373387456,1
0.047995392,-5.169029236,1,-2.41185689,1,-7.969460964,1,0.007882852,1,-0.010861784,1,-0.000116562,1,0.291058093,1,-0.550614297,1,0.373367608,1
0.051994879,-5.164644241,1,-2.416719198,1,-7.954530239,1,0.00563061,1,-0.011487583,1,0.003863278,1,0.291087896,1,-0.550666451,1,0.373352468,1
0.055996671,-5.199662209,1,-2.410787821,1,-7.97209549,1,0.009908745,1,-0.013286714,1,0.003377433,1,0.291127443,1,-0.550707877,1,0.37333855,1
0.059994623,-5.229323864,1,-2.372666359,1,-7.972099304,1,0.004281478,1,-0.011626083,1,0.003768218,1,0.29115811,1,-0.550752282,1,0.373325408,1
0.06399437,-5.185583115,1,-2.423094273,1,-7.963914871,1,0.004112474,1,-0.012251629,1,0.003518939,1,0.291188836,1,-0.550798476,1,0.373310566,1
0.067995645,-5.190667629,1,-2.429587603,1,-7.961808205,1,0.005456334,1,-0.005161448,1,0.00155765,1,0.291216373,1,-0.550838113,1,0.373302281,1
0.071993344,-5.188164234,1,-2.467411995,1,-7.964995384,1,0.003810223,1,-0.008760041,1,0.002567512,1,0.291233122,1,-0.550862551,1,0.373307467,1
0.07599283,-5.221540928,1,-2.438637733,1,-7.965706825,1,0.000656785,1,-0.006581803,1,0.003016295,1,0.291239679,1,-0.550893605,1,0.37330097,1
0.079994366,-5.202736855,1,-2.446937084,1,-7.962068081,1,0.002992464,1,-0.006411014,1,0.001096124,1,0.291237295,1,-0.550917387,1,0.373306215,1
0.083992064,-5.21974659,1,-2.444347382,1,-7.971955299,1,-0.002452909,1,-0.002558965,1,0.003766256,1,0.291231573,1,-0.550944269,1,0.37330848,1
0.087991551,-5.181915283,1,-2.411294937,1,-7.958566189,1,-0.002030438,1,-7.14E-05,1,0.002078405,1,0.291216373,1,-0.550961614,1,0.373318136,1
0.091993347,-5.199609756,1,-2.401809454,1,-7.931184769,1,-0.004083024,1,-0.002649892,1,0.002251639,1,0.291207582,1,-0.550972521,1,0.37332499,1
0.095991038,-5.249434471,1,-2.395622253,1,-7.95217371,1,-0.001457692,1,-0.002269209,1,0.003483482,1,0.29117921,1,-0.550975502,1,0.373342037,1
0.099990524,-5.216980457,1,-2.435625553,1,-7.918928146,1,-0.002422471,1,0.002740844,1,0.002829575,1,0.291169763,1,-0.550975025,1,0.373350501,1
0.103992067,-5.192904472,1,-2.398731232,1,-7.980591297,1,-0.005651849,1,0.000923469,1,0.001717547,1,0.291147172,1,-0.55097419,1,0.373360932,1
0.107989758,-5.178449631,1,-2.376413584,1,-7.983087063,1,-0.004626358,1,0.003698408,1,-0.001363325,1,0.291128695,1,-0.550969124,1,0.373367786,1
0.111989245,-5.215045452,1,-2.406205654,1,-8.000665665,1,-0.005248732,1,0.002445142,1,0.001686002,1,0.291098654,1,-0.550959885,1,0.373382717,1
0.115996927,-5.205355644,1,-2.418933868,1,-7.942024231,1,-0.00347977,1,0.001803725,1,-0.000330822,1,0.291077256,1,-0.550948143,1,0.373393238,1
0.120000511,-5.186545849,1,-2.450235367,1,-7.962464809,1,-0.006136736,1,0.004248699,1,-0.001874711,1,0.291050524,1,-0.550932348,1,0.37340036,1
0.124000259,-5.21245575,1,-2.457159519,1,-7.974940777,1,-0.003282419,1,0.007094732,1,0.00465526,1,0.291012466,1,-0.550925076,1,0.373422474,1
0.128001794,-5.178742409,1,-2.454617739,1,-7.970432281,1,-0.008395171,1,0.002019082,1,-0.001389317,1,0.290982842,1,-0.550910711,1,0.373431832,1
0.131999493,-5.179460049,1,-2.413539648,1,-7.969414234,1,-0.009468605,1,0.00455136,1,0.002994617,1,0.290947735,1,-0.550897479,1,0.37345767,1
0.135999233,-5.182456017,1,-2.446803331,1,-7.963796616,1,-0.006026392,1,0.002606382,1,0.00175091,1,0.290910542,1,-0.550881445,1,0.373467147,1
0.140001029,-5.198824883,1,-2.422715902,1,-7.955038548,1,-0.009748375,1,0.005905601,1,0.002471243,1,0.290864289,1,-0.550861299,1,0.373485327,1
0.143998727,-5.158445358,1,-2.432872057,1,-7.97707653,1,-0.007623043,1,0.006442243,1,0.005699105,1,0.290815473,1,-0.550844491,1,0.373503804,1
0.147998214,-5.204310894,1,-2.398320198,1,-7.97873497,1,-0.013041573,1,0.0060923,1,0.000664134,1,0.290766478,1,-0.550820827,1,0.37352246,1
0.151999742,-5.139913082,1,-2.388189316,1,-7.984828949,1,-0.007088131,1,0.010644757,1,0.004001906,1,0.290720403,1,-0.550797462,1,0.373538792,1
0.15599744,-5.198331833,1,-2.408060551,1,-7.983132839,1,-0.010425603,1,0.00632725,1,0.003913651,1,0.290675968,1,-0.550769627,1,0.373565733,1
0.159996927,-5.179345131,1,-2.399138927,1,-7.984631538,1,-0.005694079,1,0.006439766,1,0.005395473,1,0.290627778,1,-0.550743878,1,0.373582542,1
0.16399847,-5.166445732,1,-2.431856394,1,-7.984024048,1,-0.00901311,1,0.006329075,1,0.00487216,1,0.29058367,1,-0.550718188,1,0.37360248,1
0.167996153,-5.180090427,1,-2.443677902,1,-7.979447365,1,-0.009664566,1,0.001848985,1,0.004193587,1,0.290535003,1,-0.550701976,1,0.37362507,1
0.171995655,-5.179149628,1,-2.402887583,1,-7.999947071,1,-0.011324666,1,0.008569349,1,0.005368371,1,0.290486693,1,-0.550685406,1,0.3736462,1
0.175997183,-5.15107584,1,-2.381663322,1,-8.024399757,1,-0.007056052,1,0.005859715,1,0.004631734,1,0.290422946,1,-0.550672412,1,0.373676836,1
0.179995134,-5.16588974,1,-2.366851091,1,-7.993928909,1,-0.009146437,1,0.004030481,1,0.001927335,1,0.290382326,1,-0.550654411,1,0.373692304,1
0.183994874,-5.159609318,1,-2.375800133,1,-8.045822144,1,-0.006102533,1,-4.06E-05,1,0.005213303,1,0.290335298,1,-0.550650716,1,0.373719096,1
0.187996671,-5.174827576,1,-2.375357151,1,-8.006781578,1,-0.007119014,1,0.002394015,1,0.003630945,1,0.290378034,1,-0.550710618,1,0.374219,1
0.191994369,-5.122459888,1,-2.343029022,1,-8.011713982,1,-0.002843583,1,0.001763657,1,0.001091489,1,0.290352166,1,-0.550713181,1,0.374231011,1
0.195993856,-5.158017159,1,-2.35367012,1,-7.998980999,1,-0.007814766,1,-0.000644248,1,-0.000253156,1,0.290323973,1,-0.550715923,1,0.374241948,1
0.199995652,-5.20445013,1,-2.408344984,1,-8.000330925,1,-0.001325644,1,0.000638197,1,-0.002526737,1,0.290308774,1,-0.550716758,1,0.374239802,1
0.20399335,-5.198987961,1,-2.371350765,1,-7.988377094,1,-0.003568152,1,-0.001395467,1,-0.001351583,1,0.290309548,1,-0.550710678,1,0.374229848,1
0.207992569,-5.174008369,1,-2.381194353,1,-8.026124954,1,0.000634921,1,-0.001786344,1,-0.003202318,1,0.290307283,1,-0.550712287,1,0.374221742,1
0.211994112,-5.177782536,1,-2.368762255,1,-8.026512146,1,0.00207155,1,-0.001264581,1,-0.003703759,1,0.290314347,1,-0.550714135,1,0.374214053,1
0.21599181,-5.186482906,1,-2.346556425,1,-7.98846817,1,0.000471383,1,-0.004793473,1,0.000788642,1,0.290321112,1,-0.550710797,1,0.374210894,1
0.219991297,-5.199769974,1,-2.38476491,1,-7.980006218,1,0.003677184,1,0.000985022,1,-0.00239482,1,0.290335536,1,-0.550713539,1,0.374196291,1
0.223992825,-5.223176479,1,-2.379877567,1,-7.987147808,1,0.005683711,1,-0.001976522,1,-0.00223153,1,0.29035601,1,-0.550705373,1,0.374181926,1
0.227990523,-5.197860718,1,-2.397042513,1,-7.970585823,1,0.001244117,1,0.001096785,1,-0.003445083,1,0.290378004,1,-0.550694644,1,0.374161422,1
0.231990278,-5.179567814,1,-2.386884212,1,-7.990605831,1,0.001748626,1,-2.32E-05,1,-0.00416158,1,0.29039216,1,-0.550687194,1,0.374148339,1
0.235997945,-5.185581207,1,-2.389606237,1,-7.976010799,1,0.001287036,1,0.001614912,1,-0.004350833,1,0.290415227,1,-0.550681055,1,0.374120295,1
0.240001529,-5.192265034,1,-2.395791054,1,-7.997070789,1,0.00375484,1,-0.001453764,1,-0.007180388,1,0.290442348,1,-0.550672293,1,0.374091566,1
0.244001284,-5.173933029,1,-2.407988071,1,-7.975946903,1,0.001364452,1,-0.002447373,1,-0.005511043,1,0.290470481,1,-0.550666392,1,0.374063045,1
0.248002812,-5.163499355,1,-2.400516987,1,-7.987234592,1,0.001307515,1,-0.000615774,1,-0.003213636,1,0.290495276,1,-0.550657213,1,0.374040931,1
0.252000511,-5.223022461,1,-2.382687807,1,-7.999036789,1,0.004523686,1,-0.002727232,1,-0.007231666,1,0.290519536,1,-0.550660849,1,0.374015927,1
0.256000012,-5.215037823,1,-2.389872074,1,-7.980248451,1,0.003242552,1,0.002247222,1,-0.006755816,1,0.290549517,1,-0.550658107,1,0.373985231,1
0.26000154,-5.179112434,1,-2.380569935,1,-7.99257946,1,0.003802265,1,-0.002215148,1,-0.006165894,1,0.290580362,1,-0.550654292,1,0.37396282,1
0.263999224,-5.176365852,1,-2.360163212,1,-7.986593723,1,0.003869297,1,0.003775615,1,-0.007142069,1,0.290613234,1,-0.550649643,1,0.373933733,1
0.267998725,-5.157713413,1,-2.383444548,1,-8.006184578,1,0.003949418,1,0.001180048,1,-0.008025337,1,0.290643275,1,-0.550638855,1,0.37390399,1
0.272000253,-5.1979146,1,-2.407100677,1,-7.984732628,1,0.005231367,1,-0.000734041,1,-0.003333366,1,0.290679842,1,-0.550633252,1,0.37387073,1
0.275997967,-5.197527885,1,-2.465765238,1,-7.983838558,1,-4.58E-05,1,0.001853126,1,-0.004265018,1,0.290695339,1,-0.550628304,1,0.373852253,1
0.279997438,-5.189026833,1,-2.44945693,1,-8.004563332,1,0.005365286,1,0.002015335,1,-0.001383052,1,0.290709972,1,-0.550622344,1,0.373834431,1
0.283999234,-5.186850071,1,-2.446964502,1,-7.966679096,1,-0.001020252,1,0.003702003,1,-0.004343336,1,0.290726244,1,-0.550609767,1,0.373820066,1
0.287996918,-5.163333416,1,-2.417244196,1,-7.965584755,1,0.002571863,1,0.002337278,1,-0.0017235,1,0.29073745,1,-0.550600469,1,0.373814821,1
0.291996419,-5.189851761,1,-2.411593676,1,-7.970552444,1,-0.000331051,1,0.0027509,1,-0.002751414,1,0.290735841,1,-0.550584376,1,0.373804122,1
0.295998216,-5.18424511,1,-2.440776825,1,-7.984322071,1,-0.00091388,1,0.003609617,1,-0.003323713,1,0.290742159,1,-0.550566375,1,0.373799384,1
0.299995899,-5.178463936,1,-2.408261299,1,-7.996342659,1,0.001588356,1,0.004403295,1,-0.004639596,1,0.290745437,1,-0.550545335,1,0.373790324,1
0.303995401,-5.192892551,1,-2.43793869,1,-7.97194767,1,-0.000486056,1,0.004344673,1,-0.002074356,1,0.290753722,1,-0.550523579,1,0.373780251,1
0.307996929,-5.189105511,1,-2.407281876,1,-7.953408718,1,0.000287544,1,0.004561808,1,-0.00222539,1,0.290748894,1,-0.550498843,1,0.373777509,1
0.311994612,-5.153550625,1,-2.417003393,1,-7.98877573,1,-0.001266111,1,0.005738868,1,-0.000156022,1,0.290741682,1,-0.550479412,1,0.373775899,1
0.315994382,-5.193345547,1,-2.371823549,1,-7.97881794,1,-0.003171373,1,0.004124952,1,-0.004787801,1,0.290742338,1,-0.550452948,1,0.373764396,1
0.31999591,-5.206894398,1,-2.416222572,1,-7.954891205,1,-0.003041127,1,0.007298841,1,-0.003189429,1,0.290732205,1,-0.550417006,1,0.373763025,1
0.323993355,-5.208564281,1,-2.423436165,1,-7.962804794,1,-0.00528243,1,0.007157623,1,-0.002155794,1,0.290724307,1,-0.550383806,1,0.373755366,1
0.327993095,-5.146355629,1,-2.425014973,1,-7.955909252,1,-0.005089854,1,0.009360182,1,-0.001651309,1,0.290700734,1,-0.550353348,1,0.373757958,1
0.331994891,-5.186096668,1,-2.39431262,1,-7.996352196,1,-0.002581689,1,0.012299271,1,-0.000932885,1,0.290684134,1,-0.550313652,1,0.373758644,1
0.335992575,-5.201518059,1,-2.385425568,1,-7.966325283,1,-0.007312142,1,0.006449748,1,-0.006249057,1,0.290659368,1,-0.550280154,1,0.373766363,1
0.339992315,-5.228597641,1,-2.409634352,1,-7.999240875,1,-0.00632479,1,0.01102805,1,0.001594527,1,0.290632486,1,-0.550235391,1,0.373763978,1
0.343993843,-5.164054394,1,-2.406062603,1,-7.991479397,1,-0.007897331,1,0.014913898,1,-0.002906743,1,0.290606141,1,-0.550176442,1,0.373770058,1
0.347991556,-5.163064957,1,-2.410253763,1,-7.995111465,1,-0.006390184,1,0.01361709,1,-0.000182719,1,0.290571004,1,-0.550119638,1,0.373775959,1
0.351991028,-5.147157192,1,-2.430933237,1,-7.997014046,1,-0.004102881,1,0.010812098,1,-0.002967845,1,0.290541828,1,-0.55006659,1,0.373782635,1
0.355992585,-5.187635899,1,-2.400283575,1,-7.985737801,1,-0.006675526,1,0.017284375,1,-0.004636752,1,0.29051435,1,-0.550011516,1,0.373791635,1
0.35999617,-5.21538353,1,-2.400369167,1,-7.988137722,1,-0.007647343,1,0.017829213,1,-0.002307925,1,0.290487349,1,-0.549942791,1,0.373797119,1
0.36399591,-5.169789314,1,-2.434438467,1,-7.967357159,1,-0.007155648,1,0.013972325,1,-0.002756067,1,0.290446758,1,-0.549883783,1,0.37381351,1
0.367997438,-5.162214756,1,-2.387923241,1,-7.990749359,1,-0.005705274,1,0.013337177,1,0.000726899,1,0.290415108,1,-0.549827337,1,0.373818904,1
0.371995121,-5.170947075,1,-2.381875515,1,-7.97091198,1,-0.005150259,1,0.01353066,1,-0.003816153,1,0.290381789,1,-0.549774349,1,0.373829097,1
0.375994623,-5.168890953,1,-2.401796341,1,-8.00219059,1,-0.008600482,1,0.0122479,1,-0.002108578,1,0.290347219,1,-0.549723029,1,0.373849154,1
0.379996419,-5.173442841,1,-2.411411524,1,-7.984996319,1,-0.006274928,1,0.012859636,1,-0.003337547,1,0.290324301,1,-0.549667656,1,0.373847038,1
0.383994102,-5.17454958,1,-2.418702602,1,-7.978407383,1,-0.002895617,1,0.00675065,1,-0.000221029,1,0.290291727,1,-0.549621284,1,0.373865902,1
0.387993604,-5.15430212,1,-2.387759447,1,-7.990839481,1,-0.006102542,1,0.011484209,1,0.000511708,1,0.290261626,1,-0.549581528,1,0.373879313,1
0.391995132,-5.155855179,1,-2.389600277,1,-8.004558563,1,-0.003938875,1,0.008662622,1,3.30E-05,1,0.290226638,1,-0.549535155,1,0.373887599,1
0.395992845,-5.180378437,1,-2.397849798,1,-7.979584694,1,-0.007763494,1,0.009220593,1,0.001309881,1,0.290202677,1,-0.549495399,1,0.373894811,1
0.399992317,-5.156260014,1,-2.438923597,1,-7.997990131,1,-0.008417681,1,0.009916825,1,-0.002125047,1,0.290164053,1,-0.549458504,1,0.373908192,1
0.403993845,-5.146224976,1,-2.453255892,1,-8.004570007,1,-0.006734262,1,0.008599046,1,0.000887975,1,0.290125042,1,-0.549428165,1,0.373920441,1
0.40799129,-5.161604404,1,-2.410284996,1,-7.989453793,1,-0.010894366,1,0.007526888,1,0.002128748,1,0.290075094,1,-0.549400747,1,0.373936772,1
0.41199103,-5.194274426,1,-2.370732784,1,-8.007609367,1,-0.007445816,1,0.009438269,1,-0.00055046,1,0.290034801,1,-0.549370766,1,0.373949826,1
0.415992588,-5.15944767,1,-2.414540052,1,-8.020646095,1,-0.009701887,1,0.007278541,1,-0.000552148,1,0.289996982,1,-0.54933852,1,0.37395978,1
0.419990003,-5.185422897,1,-2.409853697,1,-7.982942104,1,-0.01094257,1,0.007904864,1,0.002042976,1,0.289955288,1,-0.549310923,1,0.373967975,1
0.423989505,-5.181269169,1,-2.380981445,1,-7.990776062,1,-0.007243162,1,0.01066075,1,0.000257723,1,0.289906561,1,-0.549266219,1,0.37398535,1
0.427991033,-5.15836525,1,-2.41717577,1,-7.989447117,1,-0.007156025,1,0.010099771,1,-0.002274044,1,0.289867461,1,-0.549227655,1,0.373997271,1
0.431988746,-5.168003082,1,-2.394514799,1,-8.006971359,1,-0.004412661,1,0.015735954,1,-0.001757439,1,0.289843112,1,-0.549180269,1,0.374005556,1
0.435988218,-5.185373783,1,-2.422170877,1,-8.005348206,1,-0.008380848,1,0.015716311,1,-0.001283671,1,0.289830983,1,-0.549239457,1,0.374066323,1
0.439989746,-5.135395527,1,-2.402377129,1,-8.024072647,1,-0.003405513,1,0.017543808,1,0.00065569,1,0.289804548,1,-0.549141169,1,0.374565631,1
0.443987459,-5.137803078,1,-2.40182519,1,-8.017659187,1,-0.006340649,1,0.01002175,1,-0.00129513,1,0.28977704,1,-0.549081087,1,0.374576747,1
0.447986931,-5.129274368,1,-2.413598776,1,-8.038942337,1,-0.007216756,1,0.012759787,1,-0.001034383,1,0.289747745,1,-0.549041033,1,0.374588192,1
0.451988488,-5.120094776,1,-2.424650908,1,-8.051756859,1,-0.004872268,1,0.010530269,1,0.000577015,1,0.289717197,1,-0.548994243,1,0.374602914,1
0.455986172,-5.146821499,1,-2.395166159,1,-8.004666328,1,-0.005248774,1,0.00658319,1,0.001056609,1,0.28969717,1,-0.548955798,1,0.374606848,1
0.459985673,-5.141510487,1,-2.421719074,1,-8.009970665,1,-0.007400803,1,0.007638835,1,-0.000695277,1,0.289667726,1,-0.54892838,1,0.374613374,1
0.46398747,-5.15937376,1,-2.399770975,1,-8.032644272,1,-0.005480321,1,0.00879825,1,-0.001988226,1,0.289655805,1,-0.548901498,1,0.374616683,1
0.467985153,-5.18905592,1,-2.370556831,1,-8.008338928,1,-0.003037064,1,0.005364921,1,0.000434466,1,0.289630681,1,-0.548873365,1,0.374630481,1
0.471984655,-5.183053017,1,-2.378572941,1,-8.013532639,1,-0.003280571,1,-6.52E-05,1,0.000172236,1,0.289622724,1,-0.548852801,1,0.374626279,1
0.475986689,-5.18873024,1,-2.384689331,1,-7.969765663,1,-0.00210449,1,0.002708415,1,-0.002242712,1,0.289602041,1,-0.548843205,1,0.374630392,1
0.479996175,-5.14930582,1,-2.395790577,1,-7.992828846,1,-0.002547998,1,0.00632299,1,-0.001907419,1,0.289597631,1,-0.548828125,1,0.374628603,1
0.484001786,-5.15072298,1,-2.381253958,1,-7.995384216,1,-0.001847498,1,0.00173684,1,-0.002470889,1,0.289586037,1,-0.548811376,1,0.374625742,1
0.488003582,-5.167264462,1,-2.385438919,1,-7.987185001,1,-0.002169689,1,0.002145518,1,-0.001249,1,0.289582968,1,-0.548799455,1,0.374618053,1
0.492001265,-5.137223244,1,-2.380408287,1,-7.981302738,1,-0.002175002,1,0.000429899,1,-0.004566219,1,0.289579451,1,-0.548784316,1,0.374610484,1
0.496000499,-5.151825428,1,-2.377610922,1,-7.99759531,1,0.002088759,1,0.003770229,1,-0.001510145,1,0.289578378,1,-0.54877311,1,0.374609172,1
0.500002027,-5.198668003,1,-2.382145166,1,-7.975125313,1,-0.002638652,1,0.000555238,1,-0.001040933,1,0.289581537,1,-0.548770607,1,0.374595702,1
0.503999472,-5.183868408,1,-2.413988829,1,-8.039502144,1,0.000405138,1,0.000289942,1,-0.001963401,1,0.289581716,1,-0.548765182,1,0.37459293,1
0.507999241,-5.156656742,1,-2.378103495,1,-8.010947227,1,0.002875397,1,-0.001110599,1,-0.000900122,1,0.289586991,1,-0.548754334,1,0.374583602,1
0.51200074,-5.143761158,1,-2.391565323,1,-8.001180649,1,0.000203784,1,0.002444379,1,0.001666634,1,0.289590955,1,-0.548748374,1,0.374586821,1
0.515998483,-5.16726017,1,-2.418932915,1,-8.015948296,1,-0.002127693,1,4.42E-06,1,-0.000111584,1,0.289583653,1,-0.548739791,1,0.374593914,1
0.519998193,-5.134706497,1,-2.407871962,1,-7.993897915,1,0.000422137,1,0.002221697,1,-0.001239051,1,0.28958863,1,-0.548731983,1,0.374583125,1
0.523999751,-5.160647392,1,-2.424910069,1,-8.008843422,1,-0.002759414,1,-0.001281271,1,0.000696981,1,0.289581239,1,-0.548734486,1,0.374583542,1
0.527997196,-5.14439249,1,-2.433654308,1,-7.988940716,1,-0.004075519,1,0.000324679,1,0.002877965,1,0.289570689,1,-0.548739791,1,0.374584317,1
0.531996667,-5.159258842,1,-2.376280785,1,-7.989841938,1,-0.002451547,1,0.000613501,1,0.001022879,1,0.289560199,1,-0.548736095,1,0.374590993,1
0.535998225,-5.185349941,1,-2.387839317,1,-7.991676807,1,-0.007081161,1,4.44E-05,1,0.002021843,1,0.289544642,1,-0.548744857,1,0.374591768,1
0.539995909,-5.157584667,1,-2.393785,1,-7.966362476,1,-0.004326072,1,-0.002028066,1,0.001063219,1,0.289526701,1,-0.548744023,1,0.374595284,1
0.54399538,-5.133134365,1,-2.423311234,1,-8.0028162,1,-0.006198752,1,0.00201841,1,-0.001530685,1,0.289497674,1,-0.548742652,1,0.374609947,1
0.547996938,-5.127247334,1,-2.410455704,1,-8.017759323,1,-0.008161245,1,-0.001729347,1,0.00482189,1,0.289476573,1,-0.548736095,1,0.374612868,1
0.551994622,-5.157588959,1,-2.381139517,1,-7.973941803,1,-0.007056111,1,-0.000222222,1,0.002108869,1,0.289444983,1,-0.548744857,1,0.374628305,1
0.555994093,-5.161914825,1,-2.392913818,1,-7.986749172,1,-0.006473078,1,0.000990799,1,0.002142245,1,0.289399028,1,-0.548749924,1,0.374650776,1
0.559995651,-5.182496548,1,-2.379543304,1,-8.012123108,1,-0.004098392,1,0.000999518,1,0.001507356,1,0.289364576,1,-0.548758388,1,0.374662697,1
0.563993335,-5.113481522,1,-2.371395111,1,-8.00487709,1,-0.009460128,1,0.000526275,1,0.002460707,1,0.289341122,1,-0.548761487,1,0.37467438,1
0.567992806,-5.135163784,1,-2.369443655,1,-8.039385796,1,-0.002528211,1,-0.003450732,1,0.003610114,1,0.289311349,1,-0.548770368,1,0.374680221,1
0.571994603,-5.139679909,1,-2.378731728,1,-8.010918617,1,-0.006550087,1,-0.000576215,1,0.003505418,1,0.289284289,1,-0.548781872,1,0.374696434,1
0.575992346,-5.14909029,1,-2.429595709,1,-8.036486626,1,-0.003728212,1,-0.001589573,1,0.004239863,1,0.289252222,1,-0.548799217,1,0.374712825,1
0.579991817,-5.158498764,1,-2.439334393,1,-7.990172863,1,-0.006571477,1,-0.003816776,1,0.002372722,1,0.289227605,1,-0.548800051,1,0.374723017,1
0.583993316,-5.168239594,1,-2.450962305,1,-8.029021263,1,-0.006152208,1,-0.002303533,1,0.007442318,1,0.289202154,1,-0.548816442,1,0.37473613,1
0.587991059,-5.159089565,1,-2.452934265,1,-8.022459984,1,-0.008836471,1,-0.005805681,1,0.003525253,1,0.289172351,1,-0.548830748,1,0.374747306,1
0.591990292,-5.186572075,1,-2.415630579,1,-8.013179779,1,-0.009568051,1,-0.005145552,1,0.002152487,1,0.289135456,1,-0.548846364,1,0.374758691,1
0.59599179,-5.187485218,1,-2.424126625,1,-7.993513107,1,-0.007164815,1,-0.003892881,1,0.005696959,1,0.2890971,1,-0.548867047,1,0.374781191,1
0.599995673,-5.17692852,1,-2.405560732,1,-8.00836277,1,-0.007295865,1,-0.003938993,1,0.005451564,1,0.289054036,1,-0.548883379,1,0.374795377,1
0.603995621,-5.171807289,1,-2.41202426,1,-8.018592834,1,-0.007708671,1,-0.004029745,1,0.008089386,1,0.289008915,1,-0.548904657,1,0.374821603,1
0.607997179,-5.164318085,1,-2.416958809,1,-7.991339684,1,-0.003898243,1,0.000620348,1,0.006163283,1,0.288956046,1,-0.548920989,1,0.374851227,1
0.611994624,-5.192879677,1,-2.375869274,1,-8.01305294,1,-0.008349143,1,-0.004807348,1,0.009522857,1,0.288918048,1,-0.548938811,1,0.374875665,1
0.615994096,-5.149335384,1,-2.385758877,1,-7.97304678,1,-0.006850837,1,-0.004941297,1,0.007264979,1,0.288860679,1,-0.548958957,1,0.374900997,1
0.619995654,-5.233178616,1,-2.379796267,1,-8.002964973,1,-0.008994405,1,-0.005746184,1,0.008027414,1,0.288813293,1,-0.548982739,1,0.374928355,1
0.623993099,-5.156300068,1,-2.39654541,1,-7.989909172,1,-0.009276461,1,-0.000454227,1,0.00349644,1,0.288760394,1,-0.548995912,1,0.374958217,1
0.62799257,-5.181406975,1,-2.374859095,1,-7.991954327,1,-0.009959862,1,-0.000397839,1,0.006665892,1,0.288714051,1,-0.549006224,1,0.37498492,1
0.631994128,-5.16713047,1,-2.39296031,1,-8.013390541,1,-0.004708163,1,-0.003169785,1,0.008616535,1,0.288664401,1,-0.54902637,1,0.375018507,1
0.63599205,-5.16765213,1,-2.371775389,1,-8.008049011,1,-0.009354581,1,-0.000828774,1,0.006332225,1,0.288619906,1,-0.549044013,1,0.375048041,1
0.639991581,-5.177894115,1,-2.394246817,1,-8.016768456,1,-0.008522003,1,0.001565733,1,0.006951944,1,0.28856799,1,-0.549056947,1,0.375079423,1
0.64399308,-5.176170349,1,-2.39279151,1,-8.001841545,1,-0.007161092,1,-0.002876262,1,0.006769067,1,0.288523823,1,-0.549069107,1,0.375108361,1
0.647990763,-5.17117548,1,-2.39198947,1,-8.013641357,1,-0.00756798,1,-0.000462115,1,0.007029135,1,0.288474441,1,-0.549077809,1,0.375146329,1
0.651990294,-5.180627823,1,-2.397106886,1,-7.975356102,1,-0.0058188,1,0.001036803,1,0.008000381,1,0.288434803,1,-0.549082756,1,0.375175089,1
0.655991793,-5.16222477,1,-2.368416071,1,-7.99487114,1,-0.003404685,1,0.002144357,1,0.009791462,1,0.288390696,1,-0.549087405,1,0.375207722,1
0.659989476,-5.206109047,1,-2.36696744,1,-7.987825871,1,-0.007970409,1,-0.00214016,1,0.007370394,1,0.288341105,1,-0.54909873,1,0.375249147,1
0.663989007,-5.165589809,1,-2.380634546,1,-7.994380474,1,-0.004592979,1,-0.001698732,1,0.00467961,1,0.288305432,1,-0.549111247,1,0.375278294,1
0.667991042,-5.175361633,1,-2.369266748,1,-8.007538795,1,-0.007314566,1,0.002817883,1,0.006211498,1,0.288266242,1,-0.54911536,1,0.375308603,1
0.671988964,-5.1708951,1,-2.331649542,1,-7.965807438,1,-0.003874456,1,-0.000414409,1,0.008151673,1,0.288225621,1,-0.549119115,1,0.375335693,1
0.675988495,-5.172697544,1,-2.405323744,1,-7.980522156,1,-0.004007566,1,0.001498111,1,0.004017476,1,0.288196206,1,-0.54911077,1,0.375363052,1
0.679989994,-5.169286728,1,-2.393599749,1,-7.99772501,1,-0.006585113,1,0.001706348,1,0.004897288,1,0.288165241,1,-0.54911679,1,0.375384808,1
0.683987737,-5.178859234,1,-2.444197893,1,-7.998333931,1,-0.002070347,1,0.002066253,1,0.005027012,1,0.288134158,1,-0.549118519,1,0.375404418,1
0.687987208,-5.186125278,1,-2.4198699,1,-7.965292454,1,-0.009435175,1,0.002983074,1,0.004719002,1,0.288146555,1,-0.549166977,1,0.375918597,1
0.691988707,-5.144581795,1,-2.443312883,1,-8.007110596,1,-0.009287108,1,0.001492522,1,0.005218545,1,0.288094699,1,-0.549170494,1,0.37594533,1
0.695986152,-5.173439026,1,-2.383701563,1,-7.986455917,1,-0.006981706,1,0.004805732,1,0.005917409,1,0.288047969,1,-0.549160838,1,0.375973731,1
0.699985683,-5.19814682,1,-2.410826921,1,-8.010902405,1,-0.006646764,1,0.006527212,1,0.005664594,1,0.288000047,1,-0.5491575,1,0.375997573,1
0.703987181,-5.154150009,1,-2.367498636,1,-7.992538452,1,-0.007644505,1,0.000809574,1,0.006151284,1,0.28794983,1,-0.549148083,1,0.376031637,1
0.707984626,-5.189971447,1,-2.372251272,1,-8.012588501,1,-0.00447949,1,0.001142771,1,0.00605499,1,0.287910223,1,-0.549145103,1,0.376058221,1
0.711984158,-5.163849831,1,-2.367421389,1,-8.002135277,1,-0.006571989,1,0.001831528,1,0.006363073,1,0.287868917,1,-0.549146533,1,0.376089036,1
0.715985656,-5.197608471,1,-2.409696102,1,-8.007865906,1,-0.007709794,1,0.001665443,1,0.004072534,1,0.287837565,1,-0.549140632,1,0.376111805,1
0.719989479,-5.154552937,1,-2.369730234,1,-8.005641937,1,-0.007073608,1,0.003787933,1,0.00473373,1,0.287794173,1,-0.549131453,1,0.376139551,1
0.723989248,-5.17882967,1,-2.371672153,1,-8.022294044,1,-0.00506402,1,0.003126496,1,0.003294905,1,0.287754536,1,-0.549125016,1,0.376158804,1
0.727990806,-5.181865215,1,-2.363445759,1,-7.981832504,1,-0.004804299,1,0.008280858,1,0.005174716,1,0.287717551,1,-0.549110651,1,0.376192391,1
0.73198849,-5.155802727,1,-2.345919847,1,-7.988622189,1,-0.007099798,1,0.005607366,1,0.005434745,1,0.28768456,1,-0.549094677,1,0.376216888,1
0.735987961,-5.192768574,1,-2.373295069,1,-7.992506504,1,-0.000388524,1,0.005205949,1,0.00279429,1,0.287652284,1,-0.549081504,1,0.376235783,1
0.739989519,-5.170616627,1,-2.36587739,1,-8.00041008,1,-0.005449765,1,0.003357451,1,0.000411677,1,0.287629902,1,-0.549067378,1,0.3762514,1
0.743987203,-5.158908367,1,-2.365618229,1,-7.982732296,1,-0.006489214,1,0.005385282,1,0.003683481,1,0.287600517,1,-0.549045086,1,0.376273483,1
0.747986674,-5.172494411,1,-2.388925076,1,-7.973789692,1,-0.004474219,1,0.008556484,1,0.001029909,1,0.287568331,1,-0.54902029,1,0.376287013,1
0.751988471,-5.205696106,1,-2.366895676,1,-8.003118515,1,-0.005990475,1,0.005474513,1,0.005437787,1,0.287535071,1,-0.549000621,1,0.376301885,1
0.755986154,-5.16059351,1,-2.378176928,1,-7.991883755,1,-0.004489023,1,0.009238827,1,0.002233092,1,0.287510574,1,-0.548968136,1,0.376327664,1
0.759985685,-5.179827213,1,-2.400086403,1,-7.992268085,1,-0.001277236,1,0.002551818,1,0.000908999,1,0.28748703,1,-0.5489344,1,0.376343489,1
0.763987482,-5.169437885,1,-2.389898539,1,-8.012601852,1,-0.006666057,1,0.009502162,1,0.002692387,1,0.287459791,1,-0.548907697,1,0.376351714,1
0.767985165,-5.174126625,1,-2.360793829,1,-7.982112885,1,0.000483407,1,0.009263225,1,0.000476562,1,0.287436604,1,-0.548876107,1,0.376369417,1
0.771984637,-5.165510178,1,-2.365041971,1,-8.01985836,1,-0.003173552,1,0.008781487,1,-0.002334341,1,0.287410259,1,-0.548840761,1,0.376383722,1
0.775986195,-5.196501732,1,-2.385884047,1,-7.993632317,1,-0.004668345,1,0.003897591,1,0.002193195,1,0.287391096,1,-0.548816085,1,0.376392603,1
0.779983878,-5.187429905,1,-2.404025555,1,-8.002058029,1,-0.004390323,1,0.006550667,1,-0.001822826,1,0.287375331,1,-0.548790336,1,0.376395226,1
0.783983588,-5.169734478,1,-2.406520367,1,-8.012695313,1,-0.001962624,1,0.005848474,1,0.001440696,1,0.287352949,1,-0.548767686,1,0.376412511,1
0.787985146,-5.166257858,1,-2.365348101,1,-7.994709015,1,9.45E-05,1,0.007959688,1,-0.002461618,1,0.287344486,1,-0.548746705,1,0.376412988,1
0.791982591,-5.176675797,1,-2.370268822,1,-8.037353516,1,-0.003781333,1,0.005109386,1,0.003424847,1,0.287330806,1,-0.548725963,1,0.376426965,1
0.795982063,-5.160017967,1,-2.373163462,1,-8.002718925,1,-0.000376961,1,0.004971833,1,0.0010626,1,0.287319839,1,-0.548712671,1,0.376439631,1
0.799983621,-5.173686981,1,-2.359503508,1,-8.012294769,1,-0.002110157,1,0.006302225,1,0.003195863,1,0.287322104,1,-0.548693776,1,0.376437545,1
0.803981066,-5.173410416,1,-2.37238431,1,-8.037118912,1,0.004063126,1,0.004061936,1,-0.002475878,1,0.287317097,1,-0.548681736,1,0.376444876,1
0.807980776,-5.135643482,1,-2.380274534,1,-8.010668755,1,-0.003690688,1,0.002525078,1,0.000700444,1,0.28731972,1,-0.548668027,1,0.376443863,1
0.811982334,-5.132097721,1,-2.358530045,1,-8.005871773,1,-0.000293202,1,0.001590253,1,0.001371272,1,0.287309825,1,-0.548663735,1,0.376447916,1
0.815980017,-5.179124355,1,-2.383525848,1,-7.979891777,1,-0.000703329,1,0.001953635,1,-0.001333288,1,0.287305593,1,-0.548658431,1,0.376449227,1
0.819979548,-5.158590317,1,-2.367865801,1,-7.992202759,1,-0.001981555,1,0.003398199,1,-0.001859616,1,0.287311614,1,-0.548650384,1,0.376442015,1
0.823981047,-5.192362785,1,-2.371063471,1,-7.979605198,1,0.000957119,1,-0.000354846,1,-0.000102867,1,0.287314057,1,-0.548641443,1,0.376434505,1
0.827979028,-5.167780399,1,-2.347221136,1,-8.028650284,1,-0.001840195,1,0.002060576,1,-0.00453049,1,0.287321568,1,-0.548632443,1,0.376427531,1
0.8319785,-5.156854153,1,-2.356177092,1,-7.960309982,1,0.001793568,1,-0.00149022,1,-0.000706511,1,0.287329704,1,-0.548615575,1,0.376415342,1
0.835980058,-5.207648754,1,-2.375348806,1,-7.991918087,1,0.001032322,1,0.004295009,1,-0.003794092,1,0.287335396,1,-0.548603237,1,0.376402974,1
0.839983642,-5.208454609,1,-2.339323521,1,-7.973416328,1,0.003866044,1,0.002348649,1,-0.003132738,1,0.287342727,1,-0.548586965,1,0.376399606,1
0.843983114,-5.178581715,1,-2.372098207,1,-8.012633324,1,0.000636759,1,0.00534682,1,0.001335703,1,0.287349522,1,-0.548576176,1,0.376396358,1
0.847984612,-5.147688389,1,-2.358462334,1,-8.008504868,1,0.002168486,1,0.001129517,1,-0.006119224,1,0.287369847,1,-0.548554957,1,0.376372159,1
0.851982355,-5.165239811,1,-2.354530573,1,-8.020402908,1,0.000393644,1,0.004286698,1,-0.004550227,1,0.287373692,1,-0.548540413,1,0.376365453,1
0.855981827,-5.16387701,1,-2.376264095,1,-7.990711212,1,0.001267177,1,0.003659789,1,-0.000781303,1,0.287378639,1,-0.548525155,1,0.376360059,1
0.859983385,-5.173765659,1,-2.371731758,1,-7.971702576,1,0.003036489,1,0.007228003,1,9.40E-05,1,0.287389398,1,-0.548503041,1,0.376350105,1
0.863981068,-5.235192299,1,-2.410070181,1,-8.023892403,1,0.003202982,1,0.007603997,1,-0.002808018,1,0.287392259,1,-0.548478067,1,0.37635535,1
0.86798054,-5.157876968,1,-2.386763334,1,-7.996921062,1,0.002381007,1,0.004815019,1,-0.000391901,1,0.287394673,1,-0.5484429,1,0.376345754,1
0.871982336,-5.164987087,1,-2.407450438,1,-7.980830669,1,0.003082749,1,0.007253718,1,-0.000393792,1,0.287392259,1,-0.54841733,1,0.37634322,1
0.87598002,-5.170110703,1,-2.413697481,1,-8.030050278,1,-0.001082402,1,0.011917947,1,-0.002614062,1,0.287387937,1,-0.548384309,1,0.376348495,1
0.879979491,-5.148863792,1,-2.408674002,1,-8.016239166,1,-0.002164605,1,0.00604368,1,0.001574477,1,0.287377954,1,-0.548350573,1,0.37635982,1
0.883981049,-5.14533186,1,-2.419216156,1,-8.011419296,1,-0.005008159,1,0.004581306,1,-0.001906073,1,0.287365913,1,-0.548327744,1,0.376366019,1
0.887978494,-5.171815395,1,-2.369891167,1,-7.999241829,1,-0.003752443,1,0.012007259,1,-0.000804693,1,0.287354112,1,-0.548294485,1,0.376367122,1
0.891978264,-5.205877304,1,-2.391739368,1,-8.042102814,1,-0.000872871,1,0.001440232,1,0.002233075,1,0.287341416,1,-0.548274279,1,0.376378059,1
0.895979762,-5.140779495,1,-2.39161253,1,-7.993692875,1,-0.001149515,1,0.005746435,1,-0.001040882,1,0.287330389,1,-0.548257589,1,0.376383126,1
0.899977446,-5.179172993,1,-2.372861624,1,-8.05270195,1,-0.002847509,1,0.003445926,1,-0.001640953,1,0.287325144,1,-0.548242271,1,0.376380295,1
0.903976977,-5.1914258,1,-2.39211154,1,-8.014125824,1,-0.001108217,1,0.002503145,1,-0.00157452,1,0.287316471,1,-0.548224807,1,0.3763794,1
0.907978475,-5.170877457,1,-2.400217056,1,-8.010868073,1,-0.003367028,1,0.005225046,1,0.000366407,1,0.287318826,1,-0.548211813,1,0.376381308,1
0.911976457,-5.176129818,1,-2.393985271,1,-7.99158287,1,-0.005503154,1,0.002267102,1,0.000314581,1,0.287308395,1,-0.548198462,1,0.376379132,1
0.915976167,-5.184169769,1,-2.337505102,1,-8.011512756,1,0.00210603,1,0.000817011,1,-0.006121747,1,0.287310541,1,-0.54819119,1,0.376367748,1
0.919977725,-5.172214031,1,-2.349811554,1,-8.003160477,1,-0.002984073,1,0.001750463,1,-0.001254671,1,0.287303925,1,-0.548170567,1,0.376367986,1
0.923975706,-5.161145687,1,-2.362215757,1,-7.973084927,1,0.000908344,1,0.002229213,1,-0.000926191,1,0.287306547,1,-0.548158169,1,0.376362741,1
0.927975178,-5.14918232,1,-2.355264187,1,-7.997035503,1,-0.000866815,1,0.002370676,1,-0.000798504,1,0.28731209,1,-0.548150599,1,0.376355499,1
0.931976676,-5.175158501,1,-2.355410099,1,-8.028998375,1,0.000640487,1,-0.001402191,1,-0.00077658,1,0.287313014,1,-0.548148572,1,0.376353323,1
0.935974658,-5.141631603,1,-2.351214409,1,-8.010793686,1,0.002768467,1,0.00244602,1,-0.001073112,1,0.287350297,1,-0.548258364,1,0.37639606,1
0.939974129,-5.141819477,1,-2.412032366,1,-8.038101196,1,0.00313209,1,-0.000372164,1,-0.000714999,1,0.287370026,1,-0.548205435,1,0.376868755,1
0.943975925,-5.141486168,1,-2.376208782,1,-8.018378258,1,0.003627884,1,0.001852919,1,-0.00298101,1,0.28738302,1,-0.548201978,1,0.376866579,1
0.947973609,-5.149300098,1,-2.412887096,1,-8.014457703,1,0.002104514,1,0.00194015,1,-0.004227776,1,0.287390292,1,-0.548193157,1,0.376857072,1
0.95197314,-5.173035145,1,-2.399652719,1,-8.008076668,1,0.003915194,1,0.002306805,1,0.00412094,1,0.287400454,1,-0.54819262,1,0.376857698,1
0.955974638,-5.154589176,1,-2.369673252,1,-8.016712189,1,0.001640138,1,-6.27E-06,1,-0.000163051,1,0.287405729,1,-0.54818368,1,0.376853228,1
0.959978223,-5.160823822,1,-2.392428637,1,-8.009072304,1,0.003562636,1,0.001333497,1,0.001983004,1,0.287412465,1,-0.548180103,1,0.376857042,1
0.963977754,-5.163627148,1,-2.39232707,1,-7.988378048,1,0.003344033,1,0.001626206,1,0.00063123,1,0.287417471,1,-0.548176527,1,0.376866102,1
0.967979491,-5.16566515,1,-2.403282642,1,-8.053079605,1,0.000710231,1,-0.002682425,1,0.001566283,1,0.287428796,1,-0.548168957,1,0.37686044,1
0.971977234,-5.150352478,1,-2.404266834,1,-8.01804924,1,7.69E-05,1,-0.002842984,1,0.000121306,1,0.287421584,1,-0.548174441,1,0.376862407,1
0.975976944,-5.102159023,1,-2.377364635,1,-8.003342628,1,-0.000860826,1,-0.000617687,1,-0.003436491,1,0.287423581,1,-0.548171818,1,0.376858652,1
0.979978502,-5.158656597,1,-2.396548033,1,-8.027583122,1,0.001972125,1,-0.003758814,1,-3.40E-05,1,0.287430555,1,-0.548171818,1,0.376851499,1
0.983976185,-5.137147903,1,-2.390236378,1,-8.004302025,1,-0.000828051,1,2.31E-05,1,0.001336267,1,0.287431955,1,-0.548176229,1,0.376851618,1
0.987975657,-5.15753603,1,-2.375532627,1,-7.988604546,1,0.001717836,1,-0.002266828,1,-0.001288187,1,0.287435085,1,-0.548175991,1,0.376849592,1
0.991977215,-5.142399788,1,-2.357248783,1,-7.986681938,1,0.002424435,1,-0.001399548,1,0.001249224,1,0.287441164,1,-0.548174679,1,0.376846373,1
0.995974898,-5.147050858,1,-2.375669956,1,-7.966317654,1,-0.001974039,1,0.002392154,1,-0.000979341,1,0.28744328,1,-0.548172712,1,0.376845956,1
0.999974668,-5.145884514,1,-2.412598133,1,-7.996696472,1,0.003091617,1,-0.003250846,1,-0.003131697,1,0.287448227,1,-0.548180163,1,0.376839995,1
1.003976226,-5.155937672,1,-2.388866425,1,-7.998316288,1,-0.002208107,1,0.002059517,1,-0.001980717,1,0.287443727,1,-0.548178434,1,0.376843631,1
1.007974148,-5.16435051,1,-2.352204561,1,-7.987365723,1,0.001240638,1,0.00023227,1,-0.000517273,1,0.2874479,1,-0.548172116,1,0.376839519,1
1.011973619,-5.18108654,1,-2.383084536,1,-7.990986824,1,-6.41E-05,1,0.001492216,1,-0.003795503,1,0.287454844,1,-0.548167229,1,0.376832426,1
1.015975118,-5.189085007,1,-2.369361401,1,-7.978545189,1,0.00409092,1,0.002649125,1,-0.004392633,1,0.287465543,1,-0.548161328,1,0.376819462,1
1.01997292,-5.162055492,1,-2.391174793,1,-8.030219078,1,-0.001873726,1,0.004253772,1,-0.003160564,1,0.28748858,1,-0.548144817,1,0.376804411,1
1.023972392,-5.16249752,1,-2.401490927,1,-7.990225792,1,0.000774441,1,0.005175096,1,-0.003055829,1,0.287495077,1,-0.548137188,1,0.376790464,1
1.02797389,-5.155850887,1,-2.403771162,1,-7.997590542,1,0.003758187,1,0.00160568,1,-0.001961919,1,0.28751111,1,-0.548121452,1,0.376783073,1
1.031971574,-5.184928417,1,-2.385796309,1,-8.020442963,1,0.002934213,1,0.000819259,1,-0.003589971,1,0.287528992,1,-0.548108339,1,0.376764476,1
1.035971045,-5.164404869,1,-2.387687206,1,-7.999234676,1,0.002362154,1,0.004075511,1,-0.00336798,1,0.28753829,1,-0.548098743,1,0.376757324,1
1.039972663,-5.198657036,1,-2.413982153,1,-7.990192413,1,0.000689882,1,0.002386401,1,-0.001811867,1,0.28754428,1,-0.548084676,1,0.376754075,1
1.043970346,-5.212104797,1,-2.389768362,1,-8.010375977,1,-0.001193289,1,0.001580553,1,-9.51E-05,1,0.287539482,1,-0.548083067,1,0.37675494,1
1.047969818,-5.137294292,1,-2.369307756,1,-8.025127411,1,0.002956851,1,0.004736528,1,-0.000101077,1,0.287554294,1,-0.548077047,1,0.376743704,1
1.051971555,-5.152789116,1,-2.394002914,1,-8.00474453,1,0.000472903,1,0.002159642,1,0.001822452,1,0.28755635,1,-0.548071861,1,0.376743823,1
1.055969238,-5.213693142,1,-2.37820816,1,-7.98859787,1,-0.00222821,1,0.003141849,1,-0.000686245,1,0.287551582,1,-0.548064291,1,0.376746178,1
1.05996871,-5.161201954,1,-2.420385361,1,-8.035597801,1,-0.002267565,1,-0.003675045,1,-0.002843368,1,0.287552416,1,-0.548056066,1,0.376743019,1
1.063970327,-5.153754234,1,-2.384976387,1,-8.014367104,1,-0.001591177,1,0.000244933,1,-0.001370611,1,0.287546337,1,-0.548056304,1,0.376742721,1
1.067968011,-5.149779797,1,-2.386221409,1,-8.036460876,1,8.04E-05,1,0.001190308,1,-0.00113564,1,0.28754732,1,-0.548055649,1,0.376742244,1
1.071967721,-5.186950684,1,-2.411752939,1,-7.984983444,1,-0.000417921,1,-0.001442008,1,-0.001578372,1,0.287538707,1,-0.548050106,1,0.376740575,1
1.075969338,-5.147966862,1,-2.394653797,1,-7.991595745,1,-0.001222076,1,0.001325336,1,0.001632917,1,0.287541062,1,-0.548055708,1,0.376742542,1
1.079972863,-5.158828259,1,-2.394381285,1,-8.001204491,1,0.0009589,1,-0.002557341,1,-0.003687955,1,0.287534475,1,-0.548051834,1,0.376743108,1
1.083972573,-5.141884804,1,-2.384218454,1,-7.980584621,1,-0.002341789,1,0.004351539,1,0.001273695,1,0.287524015,1,-0.548045516,1,0.376742303,1
1.087974191,-5.210021973,1,-2.376252413,1,-8.001617432,1,-0.002431007,1,0.004305691,1,-0.002607538,1,0.287507653,1,-0.548030853,1,0.376750737,1
1.091971874,-5.181843758,1,-2.351234436,1,-7.977941513,1,-0.004482234,1,0.003011278,1,-0.001515669,1,0.287499398,1,-0.548012912,1,0.376751333,1
1.095971346,-5.138883591,1,-2.357369423,1,-8.003143311,1,-0.002061297,1,0.00684861,1,0.001204687,1,0.287498385,1,-0.547997057,1,0.376745164,1
1.099972844,-5.161471367,1,-2.391369581,1,-7.989955902,1,-0.001764034,1,0.007292875,1,-0.001497237,1,0.287488759,1,-0.547974169,1,0.376754999,1
1.103970528,-5.142883778,1,-2.394015551,1,-8.009437561,1,-0.00189479,1,0.005581351,1,-0.00213097,1,0.287481248,1,-0.547946453,1,0.376758218,1
1.107969999,-5.164427757,1,-2.367733717,1,-8.015833855,1,-0.000346815,1,0.007635113,1,0.00205933,1,0.287476331,1,-0.547921717,1,0.37676242,1
1.111971617,-5.162017345,1,-2.424529552,1,-8.00725174,1,0.000433528,1,0.004776186,1,-0.000731132,1,0.287473142,1,-0.547900558,1,0.376768649,1
1.1159693,-5.152245522,1,-2.380988121,1,-8.010099411,1,-0.001748971,1,0.007306711,1,0.003848646,1,0.287462771,1,-0.547878981,1,0.376778781,1
1.119968772,-5.129453659,1,-2.353090286,1,-8.026738167,1,0.001104459,1,0.00698093,1,-0.002597427,1,0.287453055,1,-0.547853947,1,0.376786053,1
1.123970032,-5.15851593,1,-2.373179436,1,-7.999878883,1,-0.00117357,1,0.009097748,1,4.86E-05,1,0.287450314,1,-0.547827542,1,0.376783252,1
1.127967715,-5.168102264,1,-2.383237362,1,-8.008520126,1,-0.000521346,1,0.005408293,1,-0.005631478,1,0.287446678,1,-0.547798634,1,0.376779169,1
1.131967187,-5.163192272,1,-2.379343748,1,-7.986086845,1,-0.001460512,1,0.003283819,1,0.000492927,1,0.287446678,1,-0.547769189,1,0.376778513,1
1.135968804,-5.144530773,1,-2.367221594,1,-7.976904869,1,-0.001555235,1,0.009444834,1,0.00022751,1,0.28744036,1,-0.547743678,1,0.376775175,1
1.139966488,-5.1308918,1,-2.402877331,1,-8.002070427,1,0.000571332,1,0.008117323,1,-0.004830979,1,0.287433952,1,-0.547710955,1,0.376783282,1
1.14396596,-5.145931721,1,-2.408989668,1,-8.032305717,1,-0.001928963,1,0.00662661,1,-0.002255971,1,0.287433326,1,-0.547688246,1,0.376781285,1
1.147967696,-5.141396523,1,-2.410241842,1,-8.012925148,1,-0.000279716,1,0.007188655,1,-0.001137578,1,0.287433982,1,-0.547657907,1,0.376776159,1
1.151965499,-5.125469685,1,-2.460275173,1,-8.02907753,1,-0.005388728,1,0.00555937,1,0.000716867,1,0.28741622,1,-0.547633052,1,0.376780033,1
1.155964613,-5.155487537,1,-2.423734665,1,-8.018427849,1,-0.006269454,1,0.004825764,1,0.00126347,1,0.287392944,1,-0.547604024,1,0.376782507,1
1.15996623,-5.170193672,1,-2.403932333,1,-7.992962837,1,-0.006301528,1,0.002879332,1,-0.000747115,1,0.287381589,1,-0.547591746,1,0.376783848,1
1.163963914,-5.158297062,1,-2.426684141,1,-8.03901577,1,-0.006057155,1,0.005540824,1,0.001424405,1,0.287351608,1,-0.54757607,1,0.376795977,1
1.167963624,-5.154126644,1,-2.403528214,1,-8.050704002,1,-0.002565933,1,0.001191312,1,0.004531905,1,0.287316382,1,-0.547563016,1,0.376806259,1
1.171965241,-5.145058632,1,-2.395675182,1,-8.020142555,1,-0.003071713,1,0.005732954,1,0.001991295,1,0.287299812,1,-0.547551274,1,0.376813322,1
1.175962925,-5.147455215,1,-2.394168377,1,-8.01392746,1,-0.006822058,1,0.000582727,1,0.002206026,1,0.287269771,1,-0.547537804,1,0.376821578,1
1.179962397,-5.176437855,1,-2.361613512,1,-8.009726524,1,-0.005735632,1,0.005154414,1,0.000180843,1,0.287235022,1,-0.547532976,1,0.376831651,1
1.183963895,-5.19482708,1,-2.396843672,1,-8.021043777,1,-0.006447198,1,0.004282487,1,-0.001491615,1,0.287206531,1,-0.54751581,1,0.376833946,1
1.18796134,-5.171626568,1,-2.383367777,1,-7.978174686,1,-0.004602802,1,0.006508328,1,0.000882742,1,0.287229031,1,-0.547554731,1,0.377325773,1
1.191960812,-5.138786316,1,-2.351874828,1,-8.034711838,1,-0.006563435,1,0.002539291,1,-0.000638691,1,0.287199259,1,-0.54753828,1,0.37732771,1
1.19596231,-5.1808424,1,-2.372199774,1,-7.989717484,1,-0.002254024,1,0.007347025,1,-0.001098235,1,0.287176251,1,-0.547513366,1,0.377332032,1
1.199965954,-5.155014038,1,-2.359518051,1,-8.022904396,1,-0.001959676,1,0.004161683,1,0.000764351,1,0.287161708,1,-0.547494471,1,0.37733227,1
1.203965664,-5.133588791,1,-2.383163929,1,-8.00723362,1,-0.004276878,1,0.00421393,1,-0.001062043,1,0.287153482,1,-0.547478855,1,0.377330542,1
1.207967281,-5.117445946,1,-2.376314163,1,-8.013011932,1,-0.001489904,1,0.003840846,1,-0.003494797,1,0.28714776,1,-0.547469139,1,0.377329946,1
1.211964965,-5.146902084,1,-2.403842926,1,-7.98921442,1,0.001312029,1,0.003324361,1,-0.004087292,1,0.287140816,1,-0.547457099,1,0.37732023,1
1.215964437,-5.154891014,1,-2.391574383,1,-7.991875172,1,-0.004280257,1,0.002678912,1,-0.001162226,1,0.287137985,1,-0.547437072,1,0.37731427,1
1.219965935,-5.156894207,1,-2.410464287,1,-7.995025635,1,-0.00228149,1,0.00376128,1,-0.000282026,1,0.287136734,1,-0.547422528,1,0.377309203,1
1.223963857,-5.149624348,1,-2.389154911,1,-8.021780968,1,-0.000155065,1,0.003693236,1,-0.004000485,1,0.287138343,1,-0.54740411,1,0.377298832,1
1.227963448,-5.161365032,1,-2.373347759,1,-8.003138542,1,-0.001453738,1,0.004486175,1,-0.003356326,1,0.287137926,1,-0.547385991,1,0.377289355,1
1.231964946,-5.170821667,1,-2.394800663,1,-7.985272884,1,-0.00064057,1,0.006026427,1,-0.001501326,1,0.287135005,1,-0.547379255,1,0.377287507,1
1.235962629,-5.20230341,1,-2.406525373,1,-8.028849602,1,-0.002431599,1,0.001062238,1,-0.003362673,1,0.287130475,1,-0.547363281,1,0.377279878,1
1.239962101,-5.125450611,1,-2.405615568,1,-8.03320694,1,0.000642277,1,0.00033361,1,-0.004732376,1,0.287126541,1,-0.547352374,1,0.377271354,1
1.243963957,-5.150161743,1,-2.4216187,1,-8.025588036,1,-0.002251671,1,0.00012202,1,0.002130931,1,0.287116528,1,-0.547351658,1,0.377268493,1
1.24796164,-5.132906437,1,-2.394445896,1,-8.005678177,1,-0.000982304,1,0.005378653,1,-0.00230579,1,0.287113547,1,-0.54735446,1,0.377261102,1
1.251961112,-5.107051849,1,-2.403617144,1,-8.023882866,1,-0.004676108,1,-0.002955934,1,0.002543473,1,0.287100494,1,-0.547347903,1,0.377259582,1
1.255962849,-5.167983055,1,-2.387834549,1,-8.005524635,1,-0.001332299,1,0.000446829,1,-0.004450189,1,0.287100971,1,-0.54735297,1,0.377254009,1
1.259960532,-5.158347607,1,-2.396388054,1,-8.021942139,1,-0.002917765,1,-7.38E-05,1,-0.001066271,1,0.287093103,1,-0.54735446,1,0.377243936,1
1.263960361,-5.165852547,1,-2.378303051,1,-8.002019882,1,-0.004131984,1,-0.003382167,1,0.001233365,1,0.28708598,1,-0.547356367,1,0.377241731,1
1.267962098,-5.129411221,1,-2.372650862,1,-8.011345863,1,-0.000591271,1,-0.001330281,1,0.001505591,1,0.287078053,1,-0.547360599,1,0.377234399,1
1.271959782,-5.131124496,1,-2.366026402,1,-7.996638775,1,-0.001966002,1,-0.005187107,1,-0.001832323,1,0.287079304,1,-0.547363281,1,0.377222061,1
1.275959611,-5.136553288,1,-2.38470602,1,-8.04331398,1,0.001266441,1,-0.001856423,1,-0.004524237,1,0.287080169,1,-0.547367871,1,0.377215356,1
1.279961109,-5.105445862,1,-2.381295681,1,-8.018104553,1,6.65E-05,1,-0.000851115,1,0.00177713,1,0.287081718,1,-0.547375917,1,0.37721163,1
1.283958793,-5.148530483,1,-2.405768156,1,-8.065134048,1,-0.001580073,1,-0.002940772,1,-0.000461807,1,0.287084281,1,-0.547380626,1,0.377200335,1
1.287958503,-5.124939442,1,-2.417016029,1,-8.04695034,1,-0.001109653,1,-0.005222927,1,0.003581747,1,0.287081271,1,-0.547401726,1,0.377197236,1
1.29196012,-5.141290188,1,-2.397238255,1,-8.01466465,1,0.000597165,1,-0.005725823,1,0.000523699,1,0.287095279,1,-0.54741919,1,0.377186537,1
1.295958042,-5.132193089,1,-2.405212402,1,-8.033501625,1,0.001688305,1,-0.004212159,1,0.000339161,1,0.287088305,1,-0.547442973,1,0.377191126,1
1.299957514,-5.144127369,1,-2.359525204,1,-8.028590202,1,-0.000997683,1,-0.004409121,1,0.00165824,1,0.28709805,1,-0.547463298,1,0.3771815,1
1.303959012,-5.154765606,1,-2.411170006,1,-8.009291649,1,-0.001867632,1,-0.00609933,1,0.002330674,1,0.287093997,1,-0.547488689,1,0.377181113,1
1.307956696,-5.17579031,1,-2.380975008,1,-8.036594391,1,-0.001754653,1,-0.007692552,1,0.001409923,1,0.287092149,1,-0.547516823,1,0.37718147,1
1.311956167,-5.127532482,1,-2.405597925,1,-7.995593071,1,-0.001747266,1,-0.008338696,1,0.001474862,1,0.287092626,1,-0.547547162,1,0.377175808,1
1.315958023,-5.174813271,1,-2.430552006,1,-8.01893425,1,0.003591718,1,-0.005525862,1,-0.000392404,1,0.28709048,1,-0.547580898,1,0.377170086,1
1.319961548,-5.15753746,1,-2.417736769,1,-7.993663311,1,-0.002661597,1,-0.008860795,1,0.00379658,1,0.287086844,1,-0.547617853,1,0.377166778,1
1.323961377,-5.169154644,1,-2.409323692,1,-8.027395248,1,-0.001869416,1,-0.007229237,1,0.005208497,1,0.287067533,1,-0.547663748,1,0.377175212,1
1.327963114,-5.169231892,1,-2.4123981,1,-8.023586273,1,-0.004137715,1,-0.010076421,1,0.004869019,1,0.287040383,1,-0.547698021,1,0.377188832,1
1.331960797,-5.146249294,1,-2.350693941,1,-7.997770309,1,-0.001617341,1,-0.006921181,1,0.002993795,1,0.287021637,1,-0.547739446,1,0.377196848,1
1.335960269,-5.155359268,1,-2.376289845,1,-8.033261299,1,-0.002530737,1,-0.010796105,1,0.004381689,1,0.287002265,1,-0.54777956,1,0.377209038,1
1.339961886,-5.180094719,1,-2.362043619,1,-8.037555695,1,-0.005649233,1,-0.007727035,1,0.004703278,1,0.28698799,1,-0.547820449,1,0.377213418,1
1.343959332,-5.189618587,1,-2.363435268,1,-8.019780159,1,0.00034159,1,-0.011035659,1,0.002238729,1,0.286975652,1,-0.547860146,1,0.377221882,1
1.347958803,-5.162926674,1,-2.381172657,1,-8.005414009,1,0.003604432,1,-0.010692035,1,0.004537236,1,0.286975741,1,-0.547908902,1,0.377225697,1
1.351960301,-5.154185295,1,-2.359568834,1,-8.01362896,1,-0.000699722,1,-0.00955115,1,0.007125303,1,0.286977232,1,-0.547951341,1,0.377227157,1
1.355957985,-5.182073593,1,-2.356017351,1,-8.018022537,1,0.003560692,1,-0.010512461,1,0.004073138,1,0.286983192,1,-0.547997296,1,0.37723285,1
1.359957814,-5.140368938,1,-2.356592655,1,-8.047437668,1,0.001528928,1,-0.009691267,1,0.001032856,1,0.286992908,1,-0.548043013,1,0.377228618,1
1.363959312,-5.134243488,1,-2.37321806,1,-8.010810852,1,0.003988012,1,-0.012230142,1,0.0026424,1,0.287002414,1,-0.548097968,1,0.377226233,1
1.367956758,-5.160680294,1,-2.395498276,1,-8.007071495,1,-0.00108145,1,-0.013008144,1,0.003572212,1,0.287007034,1,-0.548148572,1,0.377230108,1
1.371956468,-5.144144535,1,-2.395762205,1,-8.043479919,1,0.003854821,1,-0.010050844,1,0.006051675,1,0.28702274,1,-0.548200011,1,0.377225339,1
1.375957966,-5.143125057,1,-2.400262833,1,-8.022354126,1,0.002050466,1,-0.011740166,1,0.003348554,1,0.287034303,1,-0.548263729,1,0.377229273,1
1.379955411,-5.126527786,1,-2.387285471,1,-7.990245342,1,0.00254836,1,-0.015028952,1,0.004546507,1,0.287048459,1,-0.548315525,1,0.377222151,1
1.383955002,-5.172371387,1,-2.340332508,1,-8.028671265,1,0.002705995,1,-0.016915115,1,0.004311508,1,0.28705889,1,-0.54837054,1,0.37722221,1
1.3879565,-5.168398857,1,-2.354161263,1,-8.015410423,1,0.002338297,1,-0.013941213,1,0.004110052,1,0.287084341,1,-0.548439145,1,0.377212942,1
1.391954184,-5.175788879,1,-2.383584738,1,-8.011039734,1,0.004172468,1,-0.01714842,1,3.43E-05,1,0.287098169,1,-0.548494339,1,0.377208114,1
1.395953655,-5.156005859,1,-2.369506121,1,-7.971639156,1,0.00492628,1,-0.017245565,1,0.004161431,1,0.287124753,1,-0.548554599,1,0.377202958,1
1.399955153,-5.166433334,1,-2.366552114,1,-7.983041763,1,0.003536061,1,-0.015175184,1,0.002663823,1,0.287147403,1,-0.548623323,1,0.377199411,1
1.403952837,-5.171443462,1,-2.403460503,1,-8.013302803,1,0.008997668,1,-0.013585359,1,0.001231441,1,0.287178069,1,-0.548679352,1,0.377189815,1
1.407952428,-5.151476383,1,-2.400695562,1,-8.005360603,1,0.003289643,1,-0.014687035,1,0.002022963,1,0.287204683,1,-0.548743904,1,0.37718308,1
1.411954165,-5.159823895,1,-2.423628807,1,-7.998356342,1,0.001595061,1,-0.012707748,1,0.003606468,1,0.287219822,1,-0.548803329,1,0.377186477,1
1.415951848,-5.182749271,1,-2.429201603,1,-8.016619682,1,0.003734802,1,-0.013844788,1,0.007908552,1,0.287215114,1,-0.548863292,1,0.377198219,1
1.41995132,-5.180219173,1,-2.426146984,1,-7.976311684,1,-0.002061994,1,-0.011864259,1,0.006038745,1,0.28721866,1,-0.548927426,1,0.377212286,1
1.423952937,-5.189049721,1,-2.443203688,1,-8.000480652,1,-0.004872203,1,-0.0134944,1,0.004885951,1,0.287192404,1,-0.54899174,1,0.377232999,1
1.427950621,-5.168227673,1,-2.434501648,1,-7.955454826,1,-0.004009995,1,-0.017960174,1,0.010910521,1,0.287170291,1,-0.549055815,1,0.377250731,1
1.431950092,-5.185987949,1,-2.424789906,1,-7.976988792,1,-0.005078632,1,-0.012450227,1,0.011901037,1,0.287137628,1,-0.549128115,1,0.377283335,1
1.435951591,-5.168814659,1,-2.420906067,1,-8.002491951,1,-0.00434443,1,-0.010451773,1,0.011075677,1,0.287139207,1,-0.549283087,1,0.377314031,1
1.439949274,-5.174031734,1,-2.454255581,1,-8.016836166,1,-0.00861861,1,-0.012792334,1,0.019848067,1,0.287085354,1,-0.54930526,1,0.377841353,1
1.443955183,-5.146421432,1,-2.478047371,1,-7.974914074,1,-0.010306757,1,-0.011727663,1,0.014283373,1,0.28701973,1,-0.549375057,1,0.377894044,1
1.447957039,-5.157681942,1,-2.439200163,1,-8.020350456,1,-0.006402426,1,-0.013802936,1,0.017963745,1,0.286941826,1,-0.549439907,1,0.37795797,1
1.451954722,-5.180219173,1,-2.427675247,1,-7.97712183,1,-0.015632169,1,-0.014977666,1,0.018742498,1,0.286856771,1,-0.549512386,1,0.378026873,1
1.455954432,-5.171368122,1,-2.386211157,1,-7.943562031,1,-0.016977355,1,-0.008045305,1,0.022624947,1,0.286749065,1,-0.549580216,1,0.378105283,1
1.459955931,-5.182782173,1,-2.365274906,1,-7.999365807,1,-0.016130429,1,-0.008516017,1,0.018765815,1,0.286646783,1,-0.549645543,1,0.37819013,1
1.463953614,-5.165554047,1,-2.356224537,1,-7.985991955,1,-0.016193114,1,-0.009572508,1,0.020377111,1,0.286546499,1,-0.549705744,1,0.378267169,1
1.467953444,-5.20450449,1,-2.319991589,1,-7.984926701,1,-0.012101767,1,-0.009540256,1,0.021722436,1,0.286437273,1,-0.549767017,1,0.378349274,1
1.47195518,-5.201702118,1,-2.380085468,1,-7.964684963,1,-0.015476834,1,-0.009528663,1,0.022996362,1,0.286340475,1,-0.549828112,1,0.378435791,1
1.475953102,-5.148756504,1,-2.393456697,1,-7.962812424,1,-0.016382378,1,-0.006572089,1,0.020109963,1,0.286229074,1,-0.549888313,1,0.378523648,1
1.479952931,-5.168678284,1,-2.398931026,1,-8.002370834,1,-0.015522765,1,-0.006176905,1,0.024041262,1,0.286119163,1,-0.549939394,1,0.378614306,1
1.48395443,-5.17263937,1,-2.316591263,1,-7.998958588,1,-0.013991858,1,-0.005196824,1,0.02154788,1,0.286006242,1,-0.549992323,1,0.378707498,1
1.487952352,-5.164822102,1,-2.302662134,1,-8.040439606,1,-0.013237001,1,-0.006597861,1,0.024268419,1,0.28590712,1,-0.550040305,1,0.378798127,1
1.491952181,-5.213637352,1,-2.274670124,1,-7.987022877,1,-0.008983456,1,-0.003377449,1,0.017321419,1,0.285809964,1,-0.55008918,1,0.378894299,1
1.495953679,-5.174442768,1,-2.29264617,1,-7.970270157,1,-0.011470587,1,-0.008637708,1,0.021797892,1,0.285720885,1,-0.550132573,1,0.37897405,1
1.499951601,-5.20245409,1,-2.282397747,1,-7.976643562,1,-0.003443022,1,-0.007873926,1,0.014824157,1,0.285649836,1,-0.550189614,1,0.379051328,1
1.503951073,-5.195510864,1,-2.271236897,1,-7.998426914,1,-0.006425255,1,-0.008130124,1,0.013813906,1,0.28558892,1,-0.550244272,1,0.379116863,1
1.507952929,-5.202578068,1,-2.297627449,1,-7.988201141,1,-0.001736796,1,-0.006554962,1,0.015971713,1,0.285540402,1,-0.550290346,1,0.379180461,1
1.511950612,-5.191017628,1,-2.287694216,1,-7.996238232,1,0.001854804,1,-0.005036286,1,0.012313885,1,0.28550601,1,-0.5503304,1,0.379234135,1
1.515950084,-5.227511406,1,-2.305692673,1,-8.002079964,1,-0.00223256,1,-0.004748926,1,0.009550735,1,0.285480589,1,-0.550361991,1,0.379284978,1
1.51995182,-5.230711937,1,-2.32186389,1,-8.014891624,1,0.003986969,1,-0.008474331,1,0.0107883,1,0.285460621,1,-0.550400257,1,0.379336387,1
1.523949862,-5.166862488,1,-2.347115278,1,-8.011925697,1,0.002220189,1,-0.007222992,1,0.011079085,1,0.28545326,1,-0.550437212,1,0.379368663,1
1.527949333,-5.193041325,1,-2.332966328,1,-7.996312141,1,0.005099383,1,-0.007411778,1,0.011775873,1,0.285447061,1,-0.550477743,1,0.379406631,1
1.531950831,-5.170778275,1,-2.335240602,1,-7.975683212,1,0.001626556,1,-0.002974687,1,0.008957588,1,0.285435021,1,-0.550503194,1,0.379449278,1
1.535948515,-5.169104099,1,-2.367488861,1,-7.985499382,1,0.003594928,1,-0.007394596,1,0.007246417,1,0.285428464,1,-0.550537765,1,0.37948516,1
1.539948344,-5.19525528,1,-2.328601837,1,-8.028523445,1,0.004228455,1,-0.005276371,1,0.012409088,1,0.285425246,1,-0.550567925,1,0.379523009,1
1.543950081,-5.180923462,1,-2.347700596,1,-8.000248909,1,0.003099851,1,-0.004035652,1,0.005384119,1,0.285420984,1,-0.550596416,1,0.379558563,1
1.547947764,-5.172482491,1,-2.348442554,1,-8.010803223,1,0.004801738,1,-0.007246241,1,0.009070262,1,0.285422087,1,-0.550623596,1,0.379588962,1
1.551947236,-5.169184208,1,-2.310249567,1,-8.008538246,1,0.000891585,1,-0.004097563,1,0.008213968,1,0.285421252,1,-0.55065465,1,0.379617423,1
1.555948853,-5.165778637,1,-2.331000566,1,-7.986059189,1,0.003131338,1,-0.002899629,1,0.005303686,1,0.285425365,1,-0.550679266,1,0.379650235,1
1.559946299,-5.22150135,1,-2.330298424,1,-8.015011787,1,0.006682815,1,-0.00380962,1,0.006107815,1,0.285425663,1,-0.550701141,1,0.379671454,1
1.563958049,-5.202264309,1,-2.341440678,1,-7.975752831,1,0.007279119,1,-0.005373517,1,0.005721604,1,0.285432041,1,-0.550727248,1,0.379695535,1
1.567965746,-5.144291401,1,-2.383612633,1,-7.987453938,1,0.008028311,1,-0.00365241,1,0.006823421,1,0.285442889,1,-0.550750315,1,0.379724085,1
1.571969271,-5.173775196,1,-2.382550716,1,-7.98927021,1,0.006898439,1,-0.000230171,1,0.003296334,1,0.285453409,1,-0.550773978,1,0.379749119,1
1.575968981,-5.176175117,1,-2.372778893,1,-7.992471218,1,0.000384937,1,-0.002932881,1,0.005071523,1,0.285464466,1,-0.550793946,1,0.379770994,1
1.579970598,-5.152013302,1,-2.399855614,1,-7.981007576,1,0.005900777,1,-0.003246561,1,0.005999173,1,0.285467952,1,-0.550810754,1,0.379788846,1
1.58396852,-5.151436329,1,-2.365096092,1,-7.978797436,1,0.003137022,1,-0.005595358,1,0.006037663,1,0.285472482,1,-0.550839007,1,0.37981534,1
1.587967992,-5.168331623,1,-2.353827238,1,-8.006547928,1,0.008262035,1,-0.001585512,1,0.004111617,1,0.285491347,1,-0.550858974,1,0.379825622,1
1.59196949,-5.17869997,1,-2.317613602,1,-8.020987511,1,0.003784349,1,-0.006296169,1,0.002663984,1,0.285504103,1,-0.550875962,1,0.379842341,1
1.595967174,-5.196040154,1,-2.334135532,1,-7.989515305,1,0.004478356,1,-0.004653268,1,0.001791208,1,0.285518795,1,-0.550884962,1,0.379851758,1
1.599966764,-5.214160442,1,-2.310809851,1,-7.979981422,1,0.00326379,1,-0.001162735,1,0.00161284,1,0.285533458,1,-0.550899684,1,0.379854292,1
1.603968263,-5.202614784,1,-2.362845659,1,-7.974263668,1,0.005991552,1,-0.003398535,1,0.001917154,1,0.285549045,1,-0.55091095,1,0.379865527,1
1.607965946,-5.209730148,1,-2.385884762,1,-7.985962391,1,0.010745365,1,-0.000156421,1,0.000649251,1,0.285576671,1,-0.550919414,1,0.379873276,1
1.611965418,-5.226123333,1,-2.3337152,1,-8.016907692,1,0.007981976,1,0.000174456,1,-0.00111017,1,0.285606891,1,-0.550928056,1,0.379869282,1
1.615967751,-5.19841671,1,-2.352260113,1,-7.993071079,1,0.005385859,1,-0.000963836,1,-0.002037135,1,0.285636187,1,-0.550932467,1,0.379865229,1
1.619965911,-5.198551178,1,-2.373975039,1,-8.006878853,1,0.003662498,1,0.001211715,1,-0.003624849,1,0.285663247,1,-0.550929964,1,0.379855305,1
1.623965383,-5.196140766,1,-2.362638712,1,-7.981621265,1,0.005287976,1,-0.002123914,1,-0.001824564,1,0.285688341,1,-0.550923288,1,0.379841864,1
1.627967238,-5.181277275,1,-2.393067122,1,-7.982182026,1,0.008499323,1,-0.001606791,1,-0.002718325,1,0.285715878,1,-0.550920427,1,0.379839242,1
1.631964922,-5.176662922,1,-2.33067441,1,-8.007343292,1,0.004016889,1,-0.000446868,1,-0.004012114,1,0.285751194,1,-0.550915003,1,0.379824638,1
1.635964394,-5.174914837,1,-2.39181447,1,-8.00845623,1,0.003021428,1,0.002662345,1,-0.002972438,1,0.285776615,1,-0.550899446,1,0.379812896,1
1.639966011,-5.194179535,1,-2.375091791,1,-7.975824833,1,0.005477843,1,0.002147729,1,-0.001370903,1,0.285800964,1,-0.550893009,1,0.379805833,1
1.643963695,-5.194245815,1,-2.354140043,1,-8.002283096,1,0.004200157,1,0.003278424,1,-0.005226484,1,0.285833716,1,-0.550887644,1,0.379790634,1
1.647963405,-5.162560463,1,-2.365987062,1,-7.983790398,1,0.003659094,1,-0.000412837,1,-0.003525553,1,0.285862148,1,-0.5508762,1,0.379781157,1
1.651964903,-5.195035934,1,-2.324018717,1,-7.987636566,1,0.006032051,1,0.001553037,1,-0.004145549,1,0.285898,1,-0.550867438,1,0.379765123,1
1.655962586,-5.191351414,1,-2.383956194,1,-8.002202988,1,0.0057773,1,-0.000872232,1,-0.004852036,1,0.285935521,1,-0.550857365,1,0.379749954,1
1.659962416,-5.190005302,1,-2.391335011,1,-8.01872921,1,0.009296903,1,0.002417441,1,-0.003440151,1,0.285973966,1,-0.550843835,1,0.379729599,1
1.663964152,-5.174124718,1,-2.356350183,1,-8.034219742,1,0.00910609,1,0.002039314,1,-0.004086654,1,0.286012799,1,-0.550831914,1,0.37971279,1
1.667961836,-5.180339813,1,-2.361427546,1,-8.006556511,1,0.00424255,1,0.003344988,1,-0.004959165,1,0.286049426,1,-0.550820172,1,0.379690707,1
1.671961308,-5.173698425,1,-2.373118162,1,-8.044370651,1,0.008342492,1,0.00018965,1,-0.006254087,1,0.286088049,1,-0.550819159,1,0.379665732,1
1.675962925,-5.175621033,1,-2.376538038,1,-8.005970001,1,0.006796419,1,0.004394431,1,-0.004277332,1,0.28613472,1,-0.550811529,1,0.379644036,1
1.679960847,-5.200264454,1,-2.36716342,1,-7.991969109,1,0.005898592,1,0.000469858,1,-0.005750927,1,0.286166549,1,-0.550800741,1,0.379617989,1
1.683966517,-5.205518246,1,-2.366970062,1,-8.029278755,1,0.00963228,1,0.000537882,1,-0.007910335,1,0.286205828,1,-0.55079484,1,0.379593939,1
1.687968016,-5.166167259,1,-2.358079433,1,-7.997885704,1,0.007946325,1,-0.003665648,1,-0.00643787,1,0.286266923,1,-0.550866127,1,0.380115211,1
1.691965938,-5.150565147,1,-2.340849638,1,-8.015490532,1,0.006757317,1,-0.00388477,1,-0.007331666,1,0.286321014,1,-0.550876141,1,0.38007915,1
1.695965409,-5.13322258,1,-2.35832572,1,-8.048957825,1,0.01005549,1,-0.008457253,1,-0.004802486,1,0.286376446,1,-0.550885797,1,0.380045712,1
1.699967027,-5.185350418,1,-2.332304001,1,-8.021160126,1,0.010621344,1,-0.00611383,1,-0.007977083,1,0.286429107,1,-0.550903559,1,0.380010664,1
1.70396471,-5.176707268,1,-2.344163418,1,-7.983063698,1,0.012230327,1,-0.004400429,1,-0.006250482,1,0.286497831,1,-0.550928295,1,0.379964471,1
1.707964182,-5.170453072,1,-2.37135911,1,-7.973864079,1,0.013082158,1,-0.007299517,1,-0.005714034,1,0.286569953,1,-0.550945938,1,0.379922867,1
1.711965919,-5.166326523,1,-2.35863781,1,-8.000707626,1,0.012248567,1,-0.011179738,1,-0.006877249,1,0.286633968,1,-0.550966024,1,0.379878581,1
1.715963602,-5.211170673,1,-2.391756058,1,-7.995877266,1,0.011543208,1,-0.00758898,1,-0.007319197,1,0.286700845,1,-0.550988674,1,0.379836977,1
1.719963193,-5.172593117,1,-2.375298977,1,-7.987804413,1,0.010955686,1,-0.005002381,1,-0.006792356,1,0.286760658,1,-0.551011205,1,0.379791617,1
1.72396493,-5.206306934,1,-2.399006367,1,-7.961227894,1,0.014262247,1,-0.005444794,1,-0.006760755,1,0.286825538,1,-0.551028311,1,0.37975055,1
1.727962613,-5.183214664,1,-2.426044941,1,-7.996278286,1,0.008642509,1,-0.006635468,1,-0.005681055,1,0.286888361,1,-0.551042676,1,0.379712999,1
1.731962085,-5.196412563,1,-2.399270773,1,-7.951834679,1,0.005761305,1,-0.005009226,1,-0.00499232,1,0.286937594,1,-0.551059365,1,0.379674971,1
1.735963941,-5.202529907,1,-2.359065533,1,-7.96498394,1,0.00230006,1,-0.003306855,1,-0.007875361,1,0.286976218,1,-0.551070631,1,0.379645586,1
1.739961624,-5.190749645,1,-2.348231792,1,-7.9609375,1,0.006123113,1,-0.004993405,1,-0.006410567,1,0.287016153,1,-0.551081538,1,0.37961036,1
1.743961096,-5.197685242,1,-2.350242853,1,-7.975939274,1,0.008469961,1,-0.000759204,1,-0.003265453,1,0.287054062,1,-0.551083744,1,0.379582375,1
1.747962594,-5.20781517,1,-2.374833822,1,-7.980041027,1,0.003139488,1,-0.002032183,1,-0.006155292,1,0.28709358,1,-0.551089823,1,0.379551142,1
1.751960039,-5.206427097,1,-2.37476635,1,-7.955662727,1,0.008133834,1,-2.66E-05,1,-0.008140987,1,0.28712672,1,-0.551083446,1,0.379522383,1
1.755959749,-5.188638687,1,-2.347420454,1,-7.973181725,1,0.004969382,1,-0.0003359,1,-0.008198907,1,0.287163377,1,-0.551075041,1,0.379486442,1
1.759961367,-5.206819534,1,-2.379406929,1,-7.984276295,1,0.006666531,1,-0.000738014,1,-0.00571142,1,0.287206948,1,-0.551077724,1,0.379452765,1
1.76395905,-5.166579723,1,-2.369269371,1,-7.974000454,1,0.007732578,1,0.000974913,1,-0.00582857,1,0.287248075,1,-0.551070035,1,0.379427105,1
1.767958522,-5.204510212,1,-2.366829395,1,-7.978338242,1,0.003699056,1,-0.002667753,1,-0.005758702,1,0.287278533,1,-0.551061511,1,0.379400849,1
1.77196002,-5.175947666,1,-2.388466597,1,-7.988526344,1,0.003627224,1,0.002189311,1,-0.007342563,1,0.287312686,1,-0.551050365,1,0.379372001,1
1.775957704,-5.184819221,1,-2.395363808,1,-7.978420258,1,0.006053814,1,0.002025827,1,-0.005050296,1,0.287344635,1,-0.551037729,1,0.379339397,1
1.779957294,-5.176557541,1,-2.3666749,1,-7.990226746,1,0.006037057,1,0.001806005,1,-0.005584284,1,0.287389636,1,-0.551025391,1,0.379309744,1
1.783958793,-5.189209461,1,-2.401180029,1,-7.997637272,1,0.005560153,1,0.003024451,1,-0.010190081,1,0.287431657,1,-0.551008105,1,0.37927708,1
1.787956476,-5.175598621,1,-2.332235336,1,-8.001300812,1,0.006802405,1,0.003702739,1,-0.003837558,1,0.287474215,1,-0.550991595,1,0.379245758,1
1.791955948,-5.173941135,1,-2.330678701,1,-8.00871563,1,0.006752365,1,0.003113235,1,-0.013556245,1,0.287524223,1,-0.550966263,1,0.379214525,1
1.795957804,-5.193827152,1,-2.353176355,1,-8.004283905,1,0.005802052,1,0.00021245,1,-0.007726091,1,0.287574083,1,-0.550947845,1,0.379174948,1
1.799955726,-5.177824974,1,-2.354254723,1,-7.990379333,1,0.00842024,1,0.006237743,1,-0.009468368,1,0.287617028,1,-0.5509215,1,0.37914145,1
1.803961396,-5.190883636,1,-2.364167929,1,-7.985582352,1,0.007849998,1,0.003890267,1,-0.009355122,1,0.287671685,1,-0.5508973,1,0.379109174,1
1.807963133,-5.177538872,1,-2.358670712,1,-7.985367775,1,0.00658454,1,0.005301248,1,-0.007929668,1,0.28771925,1,-0.550866902,1,0.379072845,1
1.811960816,-5.171417713,1,-2.369891405,1,-7.959979057,1,0.008228055,1,0.001986261,1,-0.00954501,1,0.287765443,1,-0.550839007,1,0.379044741,1
1.815960288,-5.171797276,1,-2.402745485,1,-8.042289734,1,0.005979107,1,0.002782679,1,-0.009258794,1,0.287816107,1,-0.550817728,1,0.379005075,1
1.819961905,-5.216229439,1,-2.399632215,1,-8.023365974,1,0.011095079,1,0.005252322,1,-0.010197848,1,0.287867844,1,-0.550792277,1,0.378966212,1
1.823959589,-5.208255291,1,-2.383176088,1,-7.993576527,1,0.008956099,1,0.001051878,1,-0.006932384,1,0.287922323,1,-0.550765991,1,0.378931046,1
1.827959061,-5.204359531,1,-2.356933117,1,-8.011294365,1,0.009648659,1,0.003415334,1,-0.013166651,1,0.287980497,1,-0.550744236,1,0.378891945,1
1.831960559,-5.221539497,1,-2.379947186,1,-8.021118164,1,0.01280463,1,0.001170686,1,-0.006007858,1,0.288041174,1,-0.550716937,1,0.378848195,1
1.835958242,-5.195913792,1,-2.36269331,1,-8.010807037,1,0.011236714,1,0.00461146,1,-0.010379823,1,0.288111925,1,-0.550701797,1,0.378806114,1
1.839958072,-5.187112331,1,-2.368719339,1,-8.035474777,1,0.014161657,1,0.003456389,1,-0.007871068,1,0.28818053,1,-0.550680697,1,0.378764987,1
1.84395957,-5.233582497,1,-2.379364729,1,-7.974584103,1,0.011749465,1,0.000504924,1,-0.010053094,1,0.288243294,1,-0.550664723,1,0.37872678,1
1.847957015,-5.183665752,1,-2.372806787,1,-7.98150301,1,0.009948093,1,0.002755083,1,-0.005652034,1,0.288303643,1,-0.550643206,1,0.378699005,1
1.851956725,-5.182947159,1,-2.361069679,1,-7.999545574,1,0.015726989,1,0.004585118,1,-0.008922249,1,0.28837496,1,-0.550620198,1,0.378660649,1
1.855958223,-5.217292309,1,-2.306939602,1,-8.029117584,1,0.011707396,1,0.004063705,1,-0.010160174,1,0.288440585,1,-0.550596356,1,0.378623307,1
1.859956026,-5.204721451,1,-2.342750549,1,-7.979620934,1,0.013997623,1,0.004886701,1,-0.013450423,1,0.288519144,1,-0.550571144,1,0.378578663,1
1.863955498,-5.23481369,1,-2.331656694,1,-7.961660385,1,0.013049469,1,0.004082507,1,-0.012484042,1,0.288595617,1,-0.55054009,1,0.37853092,1
1.867956996,-5.198477268,1,-2.317073345,1,-7.959668159,1,0.015384563,1,0.010625664,1,-0.016286243,1,0.288679302,1,-0.550496995,1,0.378485352,1
1.871954918,-5.232644558,1,-2.345435143,1,-7.957679749,1,0.017049909,1,0.005777624,1,-0.010416742,1,0.288771391,1,-0.550451338,1,0.378436327,1
1.875954747,-5.247851372,1,-2.405242682,1,-7.945940495,1,0.017395508,1,0.01282396,1,-0.016085025,1,0.288862824,1,-0.550404608,1,0.378382564,1
1.879956245,-5.179647923,1,-2.377472639,1,-7.967585087,1,0.012174437,1,0.011843687,1,-0.015335543,1,0.288944453,1,-0.550345361,1,0.378337234,1
1.883953929,-5.160104275,1,-2.338558674,1,-7.967905521,1,0.015227252,1,0.011183036,1,-0.017037001,1,0.289037883,1,-0.550284922,1,0.378283858,1
1.887953401,-5.174821854,1,-2.309357643,1,-7.99170208,1,0.020955784,1,0.012149081,1,-0.017297149,1,0.289142609,1,-0.550219178,1,0.378226876,1
1.891955256,-5.211736679,1,-2.266739368,1,-7.968231678,1,0.018747874,1,0.007789633,1,-0.02135187,1,0.289253563,1,-0.550148606,1,0.378156185,1
1.895953178,-5.237635136,1,-2.25656271,1,-7.960287571,1,0.020520799,1,0.011969896,1,-0.022511903,1,0.289381623,1,-0.550082564,1,0.378081858,1
1.899952888,-5.18494606,1,-2.2830441,1,-7.973383904,1,0.027515346,1,0.015690207,1,-0.025253348,1,0.289530963,1,-0.550006986,1,0.377993822,1
1.903954744,-5.147134781,1,-2.308207512,1,-7.97118187,1,0.026458969,1,0.012456305,1,-0.027543787,1,0.2896927,1,-0.549921691,1,0.377896667,1
1.907952428,-5.174906254,1,-2.351519346,1,-7.963955879,1,0.031520963,1,0.013856836,1,-0.028424345,1,0.289877713,1,-0.549838066,1,0.377787769,1
1.9119519,-5.176321983,1,-2.403906822,1,-7.955604553,1,0.031869993,1,0.015818208,1,-0.031756934,1,0.290065199,1,-0.549747288,1,0.377673268,1
1.915953398,-5.175230503,1,-2.379780293,1,-7.967334747,1,0.033080518,1,0.014980039,1,-0.032469321,1,0.290258884,1,-0.549650013,1,0.377546251,1
1.919951081,-5.170196056,1,-2.356975555,1,-7.944998741,1,0.032697741,1,0.020775322,1,-0.035931818,1,0.290458918,1,-0.549548149,1,0.37741828,1
1.92395699,-5.185265541,1,-2.330687761,1,-7.958752632,1,0.03765649,1,0.019096542,1,-0.035505127,1,0.290666133,1,-0.549438357,1,0.377281189,1
1.927958727,-5.192447186,1,-2.310401678,1,-7.960352898,1,0.040589053,1,0.017207703,1,-0.03683864,1,0.290894866,1,-0.549321294,1,0.377138466,1
1.93195653,-5.201441765,1,-2.378413439,1,-7.955209732,1,0.041513339,1,0.022893872,1,-0.036083952,1,0.291126937,1,-0.549200475,1,0.377003431,1
1.935956001,-5.226564407,1,-2.392898083,1,-7.985631466,1,0.042033773,1,0.022825236,1,-0.037856247,1,0.29135251,1,-0.549201727,1,0.376994997,1
1.9399575,-5.21620512,1,-2.38926506,1,-7.952859402,1,0.044047695,1,0.025140373,1,-0.038452543,1,0.291612953,1,-0.549017727,1,0.377316535,1
1.943954945,-5.180400372,1,-2.366723061,1,-7.937342644,1,0.047702845,1,0.029089708,1,-0.042912066,1,0.291879803,1,-0.548866749,1,0.377169669,1
1.947954655,-5.171803474,1,-2.352098465,1,-7.965323925,1,0.050219662,1,0.028142849,1,-0.043131873,1,0.292154849,1,-0.548714757,1,0.377017379,1
1.951956272,-5.201111794,1,-2.354280233,1,-7.967556477,1,0.048704192,1,0.032696228,1,-0.047472607,1,0.292442203,1,-0.548541546,1,0.376853645,1
1.955954194,-5.208586216,1,-2.357862949,1,-7.932052612,1,0.051473144,1,0.033700045,1,-0.049628623,1,0.292735398,1,-0.548363566,1,0.376682252,1
1.959953904,-5.22087574,1,-2.396382093,1,-7.939678192,1,0.05262183,1,0.036737673,1,-0.051509954,1,0.293036044,1,-0.548161805,1,0.376501083,1
1.963955402,-5.241547585,1,-2.419646263,1,-7.975115776,1,0.053833928,1,0.0347098,1,-0.054070786,1,0.293342412,1,-0.547963381,1,0.376321405,1
1.967953205,-5.194269657,1,-2.381794214,1,-7.972441196,1,0.056486171,1,0.043808952,1,-0.056522269,1,0.293659508,1,-0.547744751,1,0.376132965,1
1.971952677,-5.191203594,1,-2.34278965,1,-8.021100044,1,0.057038143,1,0.040304847,1,-0.052554194,1,0.293973833,1,-0.547518909,1,0.375941038,1
1.975954175,-5.164320946,1,-2.295257807,1,-7.991078854,1,0.058726169,1,0.044172265,1,-0.053650837,1,0.29428941,1,-0.547293961,1,0.375756353,1
1.979951859,-5.182731152,1,-2.299097538,1,-8.014101028,1,0.060388457,1,0.040336307,1,-0.057443354,1,0.294632614,1,-0.547070324,1,0.375541627,1
1.983951569,-5.159586906,1,-2.333687544,1,-8.029063225,1,0.062724173,1,0.040484782,1,-0.055460006,1,0.294979513,1,-0.546842873,1,0.375347704,1
1.987953424,-5.161551476,1,-2.479741812,1,-8.010359764,1,0.064301215,1,0.035254776,1,-0.056867678,1,0.295337319,1,-0.546633124,1,0.375149846,1
1.991951108,-5.108166218,1,-2.587720633,1,-7.960083485,1,0.060688417,1,0.036031395,1,-0.05425819,1,0.295692444,1,-0.546427906,1,0.374947757,1
1.99595058,-5.121241093,1,-2.694753408,1,-7.983594894,1,0.059330009,1,0.041172072,1,-0.048126113,1,0.296027541,1,-0.546225607,1,0.374763608,1
1.999952435,-5.103587627,1,-2.74631834,1,-7.999931812,1,0.050186012,1,0.032925684,1,-0.043473724,1,0.296331465,1,-0.546036124,1,0.374608785,1
2.003950119,-5.110936165,1,-2.71807909,1,-8.027050972,1,0.044014581,1,0.027738666,1,-0.034042027,1,0.296589941,1,-0.545864284,1,0.374472648,1
2.007949591,-5.104179859,1,-2.717915773,1,-8.026759148,1,0.04004813,1,0.030018764,1,-0.034993511,1,0.296813726,1,-0.545714438,1,0.374356151,1
2.011951447,-5.082623959,1,-2.772974014,1,-8.034404755,1,0.035050407,1,0.027488183,1,-0.023142617,1,0.297006071,1,-0.545568407,1,0.374269962,1
2.015949011,-5.087875366,1,-2.749139547,1,-8.061320305,1,0.024744472,1,0.022382405,1,-0.019536514,1,0.297143281,1,-0.545438528,1,0.37421298,1
2.019948721,-5.07370615,1,-2.780363083,1,-8.054048538,1,0.010956062,1,0.024333173,1,-0.010389742,1,0.29722929,1,-0.545326531,1,0.374172121,1
2.023950338,-5.107161045,1,-2.742779016,1,-8.058739662,1,0.005398215,1,0.022821741,1,-0.003723408,1,0.297275841,1,-0.54522717,1,0.374163389,1
2.027947664,-5.140011787,1,-2.718986511,1,-8.057859421,1,-0.000311839,1,0.017823245,1,-0.002050814,1,0.297273338,1,-0.545147061,1,0.374180883,1
2.031947374,-5.105888844,1,-2.635592222,1,-8.100207329,1,-0.008694834,1,0.014959424,1,0.001468534,1,0.297254562,1,-0.545078456,1,0.374192536,1
2.035948753,-5.070347309,1,-2.573926687,1,-8.075824738,1,-0.009366903,1,0.0179087,1,0.004392869,1,0.297201276,1,-0.545019329,1,0.374233305,1
2.039946556,-5.070935249,1,-2.502492428,1,-8.070612907,1,-0.013875447,1,0.007470576,1,0.000928449,1,0.297138363,1,-0.544966877,1,0.374266177,1
2.043952465,-5.108474255,1,-2.460014105,1,-8.05741787,1,-0.012291702,1,0.009741826,1,0.006119078,1,0.297073185,1,-0.544923902,1,0.374297559,1
2.047954082,-5.075706959,1,-2.39708972,1,-8.054204941,1,-0.007197451,1,0.005166823,1,0.000315025,1,0.297021091,1,-0.544898748,1,0.374330401,1
2.051952124,-5.109902382,1,-2.365087748,1,-8.090738297,1,-0.006032897,1,0.003424349,1,0.001903377,1,0.296982318,1,-0.544877052,1,0.374346733,1
2.055951595,-5.092894554,1,-2.328592539,1,-8.0629282,1,-0.001979829,1,0.004298069,1,-0.003753169,1,0.296969444,1,-0.54486537,1,0.374337733,1
2.059953213,-5.09472847,1,-2.344755411,1,-8.036473274,1,-0.002911672,1,-0.000652588,1,-0.004879375,1,0.29697603,1,-0.544855177,1,0.37432012,1
2.063950777,-5.111261845,1,-2.380843163,1,-8.029651642,1,-1.59E-05,1,-0.005777034,1,-0.004507825,1,0.296988666,1,-0.544850886,1,0.374297142,1
2.067950249,-5.095737457,1,-2.434060335,1,-8.019057274,1,0.002466048,1,-0.001850739,1,-0.00910484,1,0.297017038,1,-0.544848144,1,0.374263644,1
2.071951866,-5.137611389,1,-2.42915988,1,-8.015993118,1,0.006176192,1,-0.002575324,1,-0.005215626,1,0.29705584,1,-0.544855177,1,0.374225497,1
2.075949669,-5.097003937,1,-2.433329821,1,-8.051478386,1,0.007474393,1,-0.005256734,1,-0.009821298,1,0.297105759,1,-0.544856548,1,0.374180824,1
2.079949141,-5.083383083,1,-2.438039541,1,-8.034808159,1,0.008972663,1,-0.009556765,1,-0.006964458,1,0.297171503,1,-0.544869781,1,0.374126971,1
2.083950758,-5.096930981,1,-2.456187487,1,-8.026439667,1,0.009579527,1,-0.010345273,1,-0.006901512,1,0.297229826,1,-0.544893146,1,0.374084055,1
2.087948561,-5.087373734,1,-2.462542057,1,-7.982461452,1,0.010527896,1,-0.01336783,1,-0.011555655,1,0.297301114,1,-0.544924557,1,0.374023438,1
2.091948032,-5.129661083,1,-2.452752352,1,-7.961862564,1,0.010173256,1,-0.011216887,1,-0.004178182,1,0.297364235,1,-0.544965148,1,0.37396884,1
2.095949888,-5.13532877,1,-2.496164322,1,-8.030212402,1,0.011505728,1,-0.009495907,1,-0.008463396,1,0.297425985,1,-0.544994175,1,0.373928368,1
2.099947453,-5.133066654,1,-2.559934139,1,-7.960278988,1,0.008782438,1,-0.009666533,1,-0.000379112,1,0.297483176,1,-0.545030296,1,0.373893589,1
2.103946924,-5.144917965,1,-2.59163475,1,-7.954981804,1,0.001782324,1,-0.009226997,1,-0.001532403,1,0.297515631,1,-0.545064867,1,0.373870105,1
2.107948542,-5.144910336,1,-2.53011322,1,-7.995907784,1,0.000825494,1,-0.01008425,1,0.000985795,1,0.297526628,1,-0.545096338,1,0.37386179,1
2.111946344,-5.14008522,1,-2.546141863,1,-7.962517262,1,-0.000149318,1,-0.003307304,1,0.002362834,1,0.297531068,1,-0.545127213,1,0.373862028,1
2.115946054,-5.145334244,1,-2.56698513,1,-7.955456734,1,-0.005098016,1,-0.005490137,1,0.004414189,1,0.297512352,1,-0.545152009,1,0.373874128,1
2.119947433,-5.115124226,1,-2.549823761,1,-7.969432831,1,-0.006390414,1,-0.006291135,1,0.007530695,1,0.297482669,1,-0.545175552,1,0.37389648,1
2.123945236,-5.13038969,1,-2.565416574,1,-7.974562645,1,-0.007818094,1,-0.004620644,1,0.00955632,1,0.297439754,1,-0.54520911,1,0.373925865,1
2.127944946,-5.141178608,1,-2.524826288,1,-7.984755993,1,-0.01239857,1,-0.004868663,1,0.009138673,1,0.297379434,1,-0.545229852,1,0.373961449,1
2.131946564,-5.180201054,1,-2.561704874,1,-7.956917763,1,-0.012563406,1,-0.003509237,1,0.011875642,1,0.29730314,1,-0.54525584,1,0.37401256,1
2.13594389,-5.156903744,1,-2.545777559,1,-7.987103939,1,-0.016621858,1,-0.002563682,1,0.014595463,1,0.297226459,1,-0.545283973,1,0.374060333,1
2.1399436,-5.164173126,1,-2.54573679,1,-7.950971603,1,-0.016659757,1,-0.002964612,1,0.018296216,1,0.297121227,1,-0.545302689,1,0.374130249,1
2.143945217,-5.160796642,1,-2.550100327,1,-7.959605694,1,-0.022673272,1,0.002056693,1,0.017002892,1,0.297001719,1,-0.545323253,1,0.374215126,1
2.147943258,-5.140004158,1,-2.579925776,1,-7.969744205,1,-0.022543918,1,0.002390554,1,0.024945784,1,0.296869457,1,-0.545348942,1,0.374309063,1
2.151942968,-5.158033371,1,-2.55816412,1,-7.953973293,1,-0.023635454,1,0.003307542,1,0.024061207,1,0.296714664,1,-0.54536593,1,0.374419659,1
2.155944347,-5.138195038,1,-2.557093143,1,-7.991735458,1,-0.026964303,1,-0.000573581,1,0.025417954,1,0.296558142,1,-0.545385003,1,0.374531329,1
2.15994215,-5.106730938,1,-2.526620865,1,-8.033401489,1,-0.031169143,1,0.000334677,1,0.022548743,1,0.296396852,1,-0.545405686,1,0.374638319,1
2.163947821,-5.087478638,1,-2.488758802,1,-8.013604164,1,-0.029443495,1,0.000705214,1,0.026194479,1,0.29621464,1,-0.545431018,1,0.374751627,1
2.1679492,-5.11952734,1,-2.47582221,1,-8.019618034,1,-0.031147929,1,0.002471971,1,0.02611291,1,0.296032786,1,-0.545458019,1,0.374872625,1
2.171947002,-5.120273113,1,-2.480195761,1,-8.064134598,1,-0.029750407,1,-0.002966724,1,0.021642264,1,0.29585582,1,-0.545491219,1,0.3749865,1
2.175946474,-5.106599331,1,-2.450762987,1,-8.035803795,1,-0.029140549,1,-0.002808891,1,0.027212031,1,0.295672774,1,-0.545527518,1,0.375097096,1
2.17994833,-5.103471279,1,-2.471094131,1,-8.020576477,1,-0.030258168,1,0.002088909,1,0.026357118,1,0.295505881,1,-0.545567632,1,0.37520653,1
2.183946133,-5.111787319,1,-2.45264554,1,-8.03810215,1,-0.026646132,1,-0.006276597,1,0.024379119,1,0.29533872,1,-0.545616686,1,0.375315189,1
2.187945843,-5.117477417,1,-2.449159384,1,-8.043395042,1,-0.027011544,1,-0.003799781,1,0.02920904,1,0.295304418,1,-0.545687914,1,0.375734389,1
2.19194746,-5.093278408,1,-2.474892855,1,-8.033536911,1,-0.022931648,1,-0.006343422,1,0.026166175,1,0.295134634,1,-0.545750618,1,0.375843555,1
2.195945501,-5.102490902,1,-2.473822117,1,-8.050165176,1,-0.02920462,1,-0.010283152,1,0.027179126,1,0.294977903,1,-0.545806587,1,0.375943959,1
2.199944973,-5.115106583,1,-2.457474947,1,-8.06454277,1,-0.02694984,1,-0.012310088,1,0.020496674,1,0.294823945,1,-0.545878649,1,0.376040429,1
2.203946829,-5.120741367,1,-2.457407713,1,-8.034629822,1,-0.025660692,1,-0.011109825,1,0.025212076,1,0.294664979,1,-0.545956612,1,0.376141667,1
2.207944393,-5.11835146,1,-2.426118374,1,-8.02597332,1,-0.027139122,1,-0.020207433,1,0.027734887,1,0.294524759,1,-0.546049178,1,0.376227498,1
2.211944103,-5.105359077,1,-2.406056643,1,-8.035344124,1,-0.025761763,1,-0.017179647,1,0.024524074,1,0.294374108,1,-0.546145141,1,0.376313657,1
2.215945959,-5.107859135,1,-2.440556288,1,-8.051066399,1,-0.023306068,1,-0.020868586,1,0.025148898,1,0.294234335,1,-0.546248555,1,0.376391292,1
2.219943762,-5.099236488,1,-2.446518421,1,-8.008910179,1,-0.025136391,1,-0.020515515,1,0.022904884,1,0.294100791,1,-0.546372175,1,0.376475513,1
2.223943472,-5.141945362,1,-2.448809624,1,-8.018774986,1,-0.026664741,1,-0.022957556,1,0.028115641,1,0.293965459,1,-0.546482205,1,0.376551926,1
2.227945328,-5.121564865,1,-2.448713303,1,-8.013660431,1,-0.021081559,1,-0.02434683,1,0.02306921,1,0.293837816,1,-0.54660511,1,0.376633227,1
2.231942892,-5.130371571,1,-2.418536901,1,-7.964704037,1,-0.022597626,1,-0.027247207,1,0.023086604,1,0.29371503,1,-0.546726227,1,0.376696289,1
2.235942602,-5.188771725,1,-2.358968496,1,-7.955533028,1,-0.021152405,1,-0.024376288,1,0.024021607,1,0.293584913,1,-0.54685086,1,0.376766741,1
2.239944458,-5.162792683,1,-2.285985947,1,-7.972489834,1,-0.019237557,1,-0.021400001,1,0.023851305,1,0.293467343,1,-0.546971083,1,0.376841307,1
2.243942499,-5.177043438,1,-2.286949396,1,-7.96121788,1,-0.01498599,1,-0.022054695,1,0.021644287,1,0.293350697,1,-0.547076225,1,0.376914501,1
2.247941971,-5.177001476,1,-2.252234697,1,-7.948749542,1,-0.012026804,1,-0.019275971,1,0.013425109,1,0.293267846,1,-0.547178209,1,0.376959413,1
2.25194335,-5.179511547,1,-2.289916039,1,-7.938322067,1,-0.011007052,1,-0.019456426,1,0.013671282,1,0.293196201,1,-0.547270894,1,0.377003521,1
2.255941153,-5.219637394,1,-2.364328146,1,-7.931231976,1,-0.009445194,1,-0.019344579,1,0.011504847,1,0.293141127,1,-0.547352433,1,0.37703684,1
2.259940624,-5.164056301,1,-2.396220207,1,-7.933049202,1,-0.00573488,1,-0.011039129,1,0.011690033,1,0.293092072,1,-0.547420025,1,0.377071857,1
2.263942242,-5.175209999,1,-2.390513182,1,-7.959945679,1,-0.010160795,1,-0.010428669,1,0.009438508,1,0.293047786,1,-0.547475517,1,0.377101004,1
2.267940044,-5.188558578,1,-2.421687603,1,-7.944396496,1,-0.00785475,1,-0.014679449,1,0.014227756,1,0.29299432,1,-0.547537684,1,0.377139598,1
2.271939516,-5.192941189,1,-2.451586962,1,-7.920871258,1,-0.009818226,1,-0.005999739,1,0.013885696,1,0.292948961,1,-0.547586799,1,0.377178133,1
2.275941372,-5.174499512,1,-2.467057705,1,-7.935593605,1,-0.004399374,1,-0.006277807,1,0.012306352,1,0.292900801,1,-0.547637463,1,0.377222776,1
2.279939413,-5.147153378,1,-2.421213388,1,-7.952672958,1,-0.005031921,1,-0.011053458,1,0.012801287,1,0.292856336,1,-0.547685742,1,0.377269089,1
2.283944845,-5.188945293,1,-2.3750422,1,-7.950588703,1,0.005057093,1,-0.007524335,1,0.011843328,1,0.292821944,1,-0.547727704,1,0.377312362,1
2.287946701,-5.156782627,1,-2.319810629,1,-7.935551643,1,-0.002580097,1,-0.006731197,1,0.008760693,1,0.292803407,1,-0.547766209,1,0.377352595,1
2.291944742,-5.205232143,1,-2.294487,1,-7.963260174,1,0.004322446,1,-0.007925522,1,0.00937629,1,0.292788059,1,-0.547796786,1,0.377389967,1
2.295944214,-5.245371342,1,-2.316666126,1,-7.972194672,1,0.004008769,1,-0.002936201,1,0.003134799,1,0.292792082,1,-0.547823668,1,0.377410352,1
2.29994607,-5.190213203,1,-2.357592583,1,-7.921527863,1,0.005123165,1,-0.004796802,1,0.002016355,1,0.292810053,1,-0.547839701,1,0.377420366,1
2.303943634,-5.185307026,1,-2.375375748,1,-7.921758652,1,0.005476662,1,0.002481277,1,0.00242564,1,0.29282856,1,-0.547848105,1,0.377430111,1
2.307943344,-5.212460995,1,-2.396056652,1,-7.934325695,1,0.007960806,1,0.00352655,1,0.00370656,1,0.292841226,1,-0.547849834,1,0.377451748,1
2.311944962,-5.161740303,1,-2.43154335,1,-7.935036659,1,0.005710397,1,0.009161122,1,0.001836692,1,0.292867124,1,-0.547830284,1,0.377470732,1
2.315942764,-5.220199585,1,-2.408025265,1,-7.937937737,1,0.005399571,1,0.009581989,1,0.001062544,1,0.292891383,1,-0.547800899,1,0.377484292,1
2.319942236,-5.204452038,1,-2.42234087,1,-7.952689648,1,0.005289325,1,0.011830056,1,0.00411736,1,0.29289189,1,-0.547764957,1,0.377512544,1
2.323943615,-5.1804142,1,-2.410685778,1,-7.968998909,1,0.002921788,1,0.015092991,1,0.004442843,1,0.292905301,1,-0.547717094,1,0.377531648,1
2.327941418,-5.195146561,1,-2.427817106,1,-7.971913338,1,0.002302223,1,0.015286535,1,-0.004185176,1,0.292912543,1,-0.547653973,1,0.377553761,1
2.331940889,-5.186664581,1,-2.411771774,1,-8.018205643,1,0.003631071,1,0.013511546,1,-0.000201588,1,0.292915285,1,-0.54759562,1,0.377567381,1
2.335942745,-5.151719093,1,-2.456874371,1,-8.04010582,1,0.003311728,1,0.016332276,1,-0.000691979,1,0.292915404,1,-0.54753387,1,0.377585083,1
2.339940548,-5.128469944,1,-2.391777754,1,-8.004403114,1,0.003534335,1,0.018544294,1,-0.001606465,1,0.292916834,1,-0.547471523,1,0.377604544,1
2.34394002,-5.155956745,1,-2.410144567,1,-8.019782066,1,0.000521649,1,0.020957215,1,0.00101721,1,0.292918026,1,-0.547403276,1,0.377625793,1
2.347941637,-5.156860828,1,-2.416546345,1,-7.999700069,1,0.006431045,1,0.014121151,1,-0.007039964,1,0.292921603,1,-0.547335565,1,0.377633542,1
2.35193944,-5.166546345,1,-2.417665958,1,-7.997627735,1,0.003469695,1,0.022214282,1,-0.001911908,1,0.292934179,1,-0.547253966,1,0.377639055,1
2.355938911,-5.157849789,1,-2.435996532,1,-7.96620512,1,0.004226476,1,0.017484214,1,-0.004273308,1,0.292940587,1,-0.547179461,1,0.377649099,1
2.35994029,-5.148396015,1,-2.466532946,1,-8.020384789,1,0.003394929,1,0.019751035,1,-0.003061962,1,0.292949557,1,-0.547106504,1,0.37766391,1
2.363938093,-5.126327515,1,-2.513927698,1,-8.03321743,1,0.003298584,1,0.016971834,1,-0.003659228,1,0.292958856,1,-0.547029316,1,0.377674431,1
2.367937565,-5.1317029,1,-2.501447201,1,-8.042887688,1,0.000249273,1,0.018108679,1,0.000329896,1,0.292952955,1,-0.546967387,1,0.37768665,1
2.371939421,-5.141591549,1,-2.524181128,1,-8.03630352,1,-0.002493897,1,0.011145517,1,-0.001483048,1,0.292934,1,-0.546903908,1,0.377703905,1
2.375936985,-5.122358799,1,-2.503735781,1,-8.049614906,1,-0.003019208,1,0.012919635,1,-0.002469476,1,0.292916089,1,-0.546861708,1,0.377728224,1
2.379936457,-5.143522739,1,-2.480956793,1,-8.043745995,1,-0.010393279,1,0.012878252,1,0.004976667,1,0.292876422,1,-0.546811581,1,0.377756566,1
2.383938313,-5.140164852,1,-2.425461054,1,-8.024675369,1,-0.00665514,1,0.005883066,1,0.001257853,1,0.292834967,1,-0.546774626,1,0.377789438,1
2.387936115,-5.13691473,1,-2.397072077,1,-8.009984016,1,-0.007667579,1,0.008208256,1,0.006993624,1,0.292793751,1,-0.546742797,1,0.377826005,1
2.391935587,-5.136223793,1,-2.397230864,1,-8.01782608,1,-0.003631425,1,0.008296922,1,0.00616546,1,0.29274556,1,-0.546715319,1,0.377863884,1
2.395937204,-5.139116764,1,-2.370970488,1,-8.033222198,1,-0.008594487,1,0.00564975,1,0.003865968,1,0.292706072,1,-0.546688735,1,0.377902716,1
2.399935007,-5.183946609,1,-2.383112669,1,-8.020225525,1,-0.002968442,1,0.007611703,1,0.003923114,1,0.292671859,1,-0.546668112,1,0.377927601,1
2.403934717,-5.162639141,1,-2.391100168,1,-8.002461433,1,-0.002678816,1,0.008587474,1,0.005506177,1,0.29264313,1,-0.546649337,1,0.377961874,1
2.407942295,-5.164894581,1,-2.379126549,1,-7.987934589,1,0.001379434,1,0.00572883,1,-0.00088761,1,0.292632103,1,-0.546634078,1,0.377988935,1
2.411946297,-5.167089939,1,-2.387210608,1,-7.973112583,1,0.001502392,1,0.003625345,1,0.005507216,1,0.292627782,1,-0.546616733,1,0.378000647,1
2.415946245,-5.184710026,1,-2.384947538,1,-7.994682312,1,0.003186421,1,0.008838559,1,0.006217011,1,0.29263109,1,-0.546596825,1,0.378025323,1
2.419947863,-5.185866356,1,-2.368232727,1,-7.973673344,1,0.004890209,1,0.011552336,1,0.000809017,1,0.292631447,1,-0.546566546,1,0.378054976,1
2.423945189,-5.155573845,1,-2.315575123,1,-7.977796555,1,0.004705297,1,0.007937463,1,0.005949478,1,0.292650998,1,-0.546528935,1,0.378073514,1
2.427944899,-5.149768353,1,-2.321125746,1,-8.02182579,1,0.00731772,1,0.008646227,1,-0.003262424,1,0.29266423,1,-0.546489656,1,0.378091455,1
2.431946516,-5.171294689,1,-2.35095644,1,-8.000349045,1,0.007690443,1,0.007614737,1,-0.004288568,1,0.292708576,1,-0.546450555,1,0.378087074,1
2.435944557,-5.174622536,1,-2.421572685,1,-7.974209785,1,0.011733212,1,0.008609181,1,-0.0042661,1,0.292739272,1,-0.546528578,1,0.378204018,1
2.439944029,-5.159500122,1,-2.418295383,1,-7.991292953,1,0.012689319,1,0.00966955,1,-0.003278522,1,0.292802274,1,-0.546440899,1,0.378662884,1
2.443945408,-5.148856163,1,-2.378976583,1,-7.989722729,1,0.013311598,1,0.01346761,1,-0.007794845,1,0.292870045,1,-0.546384692,1,0.378646255,1
2.447943211,-5.174118519,1,-2.41823101,1,-7.994514465,1,0.015728734,1,0.010795845,1,-0.006341867,1,0.292935967,1,-0.546328306,1,0.378637701,1
2.451942682,-5.14766264,1,-2.389646292,1,-7.997009754,1,0.01511341,1,0.010946478,1,-0.007629581,1,0.293008506,1,-0.546272814,1,0.378617555,1
2.4559443,-5.202124119,1,-2.433655977,1,-7.985528946,1,0.01416784,1,0.017349215,1,-0.006786973,1,0.293075442,1,-0.546213269,1,0.378606915,1
2.459942102,-5.202672958,1,-2.492557764,1,-7.97317791,1,0.017680626,1,0.013856903,1,-0.009461461,1,0.293153048,1,-0.546150625,1,0.378585279,1
2.463941574,-5.146112442,1,-2.49946928,1,-7.965379715,1,0.010192792,1,0.01802225,1,-0.006641516,1,0.293212652,1,-0.546072483,1,0.378571153,1
2.46794343,-5.138516903,1,-2.519872904,1,-7.979474545,1,0.014196321,1,0.01415939,1,-0.005014278,1,0.293263674,1,-0.545997977,1,0.378564864,1
2.471941233,-5.108267307,1,-2.552781582,1,-7.991308689,1,0.006277559,1,0.015536132,1,-0.002371289,1,0.293300569,1,-0.545931637,1,0.37857455,1
2.475940704,-5.142374516,1,-2.579725742,1,-7.965563297,1,0.004409075,1,0.019652948,1,0.002043251,1,0.293318987,1,-0.54586035,1,0.378592551,1
2.479942322,-5.127651215,1,-2.59265399,1,-7.948721409,1,-0.001269658,1,0.017230045,1,0.004399764,1,0.293308914,1,-0.545788884,1,0.378629088,1
2.483940125,-5.123250008,1,-2.556902885,1,-7.957120895,1,-0.004472377,1,0.020751331,1,0.007054279,1,0.293268561,1,-0.5457322,1,0.378675163,1
2.487939596,-5.128495216,1,-2.575015306,1,-7.962526321,1,-0.008956102,1,0.023080271,1,0.007409411,1,0.293200731,1,-0.545665681,1,0.378744036,1
2.491941214,-5.141880035,1,-2.494275331,1,-7.975759506,1,-0.011311625,1,0.01973575,1,0.011923051,1,0.293123364,1,-0.545593858,1,0.37880832,1
2.495938778,-5.174152851,1,-2.479569674,1,-8.032892227,1,-0.015214731,1,0.025096983,1,0.013034768,1,0.29302448,1,-0.545518339,1,0.378899574,1
2.499938488,-5.149637699,1,-2.487722158,1,-7.983281136,1,-0.012551662,1,0.026800938,1,0.01254748,1,0.29291594,1,-0.545443416,1,0.378991932,1
2.503940105,-5.16084671,1,-2.490484953,1,-7.956278324,1,-0.01893276,1,0.022682127,1,0.013402782,1,0.292808533,1,-0.545372367,1,0.379085541,1
2.507937431,-5.110874653,1,-2.461924791,1,-8.01138401,1,-0.018740056,1,0.030063633,1,0.01458887,1,0.292675376,1,-0.545286894,1,0.379177511,1
2.51193738,-5.152357101,1,-2.450219393,1,-8.032834053,1,-0.022099789,1,0.024776731,1,0.016689466,1,0.292536616,1,-0.545210361,1,0.379289925,1
2.515938759,-5.139905453,1,-2.478063345,1,-8.012077332,1,-0.022842299,1,0.027835965,1,0.011984982,1,0.292395085,1,-0.545129657,1,0.379389167,1
2.519936323,-5.168700218,1,-2.417861462,1,-8.035902977,1,-0.022534378,1,0.029998451,1,0.019831231,1,0.292246968,1,-0.545038521,1,0.37949869,1
2.523936033,-5.17054081,1,-2.404101133,1,-7.99539566,1,-0.026677521,1,0.030454859,1,0.010793142,1,0.292087615,1,-0.544948578,1,0.379600406,1
2.527943611,-5.150337696,1,-2.38994813,1,-8.012546539,1,-0.023313049,1,0.03173722,1,0.012588438,1,0.291931063,1,-0.54484731,1,0.3797068,1
2.531947613,-5.177248478,1,-2.354489565,1,-8.017157555,1,-0.021450674,1,0.032676242,1,0.018368622,1,0.291783333,1,-0.54474169,1,0.379814625,1
2.535947323,-5.162967682,1,-2.37748003,1,-8.014066696,1,-0.024100276,1,0.032834753,1,0.012349844,1,0.291634381,1,-0.544633448,1,0.379928917,1
2.539948702,-5.112303257,1,-2.401566267,1,-8.006043434,1,-0.024457544,1,0.031428572,1,0.011917165,1,0.291496813,1,-0.544524014,1,0.380028486,1
2.543946505,-5.098419189,1,-2.42449522,1,-8.015837669,1,-0.022894023,1,0.031946477,1,0.012524959,1,0.29135704,1,-0.544408321,1,0.380126238,1
2.547945976,-5.093500137,1,-2.446658373,1,-8.05936718,1,-0.024201956,1,0.029777959,1,0.017383995,1,0.291215897,1,-0.544304073,1,0.380232066,1
2.551947594,-5.067374229,1,-2.443604946,1,-8.117562294,1,-0.018573824,1,0.029470045,1,0.013986275,1,0.291081488,1,-0.544207811,1,0.380336344,1
2.555945158,-5.070961475,1,-2.454308987,1,-8.114449501,1,-0.019834846,1,0.027891673,1,0.016964355,1,0.29094696,1,-0.544119716,1,0.380437911,1
2.55994463,-5.08063221,1,-2.506146193,1,-8.095339775,1,-0.019997843,1,0.019774426,1,0.020097479,1,0.290805012,1,-0.544051051,1,0.380550086,1
2.563946724,-5.124242783,1,-2.505431414,1,-8.053874016,1,-0.023689849,1,0.013694732,1,0.019663081,1,0.290665805,1,-0.544001341,1,0.380660892,1
2.567944765,-5.083818913,1,-2.544171333,1,-8.091567039,1,-0.029866675,1,0.01609035,1,0.021676309,1,0.290509164,1,-0.54396683,1,0.380780935,1
2.571944237,-5.090049267,1,-2.528788567,1,-8.067214966,1,-0.028407717,1,0.016161362,1,0.026117353,1,0.290334374,1,-0.54393822,1,0.380912602,1
2.575946093,-5.077970982,1,-2.522054672,1,-8.086129189,1,-0.030341277,1,0.012578914,1,0.0310074,1,0.290136874,1,-0.543913722,1,0.381058514,1
2.579943657,-5.115792274,1,-2.46040988,1,-8.085115433,1,-0.031913273,1,0.010856726,1,0.034559801,1,0.28993243,1,-0.543905437,1,0.381216377,1
2.583943129,-5.145140648,1,-2.470999002,1,-8.047739029,1,-0.035359036,1,0.01108778,1,0.036124118,1,0.289706588,1,-0.543901742,1,0.3813833,1
2.587944746,-5.157232285,1,-2.509581566,1,-8.042078972,1,-0.035213362,1,0.010293465,1,0.035541788,1,0.289474905,1,-0.543904126,1,0.381563962,1
2.59194231,-5.246191502,1,-2.400165558,1,-8.08680439,1,-0.046066787,1,0.00921413,1,0.033232227,1,0.289225876,1,-0.543899536,1,0.381734282,1
2.595942259,-5.258942127,1,-2.492223501,1,-8.004754066,1,-0.042786021,1,0.01529459,1,0.035817251,1,0.288964599,1,-0.543894351,1,0.38189739,1
2.599943638,-5.21529007,1,-2.360601664,1,-8.071265221,1,-0.045654844,1,0.02256177,1,0.038011335,1,0.288685322,1,-0.543864369,1,0.382100105,1
2.603941441,-5.133520603,1,-2.354842663,1,-8.093845367,1,-0.043500323,1,0.019213978,1,0.036286905,1,0.288416386,1,-0.543819904,1,0.382289499,1
2.607940912,-5.230595589,1,-2.318374634,1,-8.061585426,1,-0.044231974,1,0.015011588,1,0.033437409,1,0.288143575,1,-0.543793678,1,0.382471591,1
2.611942291,-5.242469788,1,-2.35980773,1,-7.978041172,1,-0.040304877,1,0.018387545,1,0.029129045,1,0.287888318,1,-0.543765008,1,0.382632107,1
2.615940094,-5.166538715,1,-2.43825841,1,-7.926280975,1,-0.043542597,1,0.022143684,1,0.029565992,1,0.28763181,1,-0.543718338,1,0.382799864,1
2.619939804,-5.081790924,1,-2.554187775,1,-7.954516888,1,-0.052255996,1,0.024363492,1,0.029817412,1,0.287364662,1,-0.54366219,1,0.382967472,1
2.623941422,-5.060563087,1,-2.630773544,1,-8.016029358,1,-0.053620324,1,0.023891207,1,0.037171967,1,0.287067235,1,-0.543603182,1,0.383149892,1
2.627938986,-5.028148174,1,-2.547115803,1,-8.033038139,1,-0.061422963,1,0.03245768,1,0.039291181,1,0.286738962,1,-0.543533802,1,0.383354902,1
2.631938934,-5.105706692,1,-2.53853488,1,-8.056012154,1,-0.066091955,1,0.030811485,1,0.041768283,1,0.286371738,1,-0.543463171,1,0.383573413,1
2.635940313,-5.133907318,1,-2.490979195,1,-8.032594681,1,-0.068134695,1,0.033488255,1,0.040783003,1,0.285978258,1,-0.543385029,1,0.383807153,1
2.639938116,-5.228638649,1,-2.422726154,1,-8.015427589,1,-0.073946297,1,0.033516958,1,0.041892804,1,0.285577774,1,-0.54330045,1,0.384037495,1
2.643937826,-5.223990917,1,-2.350921154,1,-8.052010536,1,-0.068862244,1,0.036471717,1,0.037674926,1,0.285180837,1,-0.543216944,1,0.384262174,1
2.647945166,-5.202510834,1,-2.28207469,1,-8.080121994,1,-0.071298882,1,0.03788409,1,0.038452603,1,0.284792483,1,-0.543121397,1,0.384471387,1
2.651949167,-5.144887924,1,-2.274662495,1,-8.032175064,1,-0.06984888,1,0.031554125,1,0.038367175,1,0.28440243,1,-0.543034017,1,0.38468951,1
2.655948877,-4.965219021,1,-2.19376874,1,-7.972872257,1,-0.058726773,1,0.028591238,1,0.036899462,1,0.284043193,1,-0.542965412,1,0.384887338,1
2.659950495,-4.897618294,1,-2.262028694,1,-8.130112648,1,-0.055731442,1,0.02379334,1,0.042575069,1,0.283704817,1,-0.54291451,1,0.385095596,1
2.663948298,-4.815289021,1,-2.236199856,1,-8.277172089,1,-0.04851687,1,0.009755763,1,0.038439728,1,0.283394516,1,-0.542893946,1,0.385289848,1
2.667947769,-4.854961872,1,-2.318660975,1,-8.305346489,1,-0.045587756,1,-0.004385124,1,0.044223711,1,0.283109874,1,-0.542921185,1,0.385486394,1
2.671949625,-4.94054985,1,-2.407453775,1,-8.295749664,1,-0.042892031,1,-0.014173864,1,0.042830765,1,0.282854408,1,-0.542997777,1,0.385662735,1
2.675947189,-4.980696678,1,-2.514611006,1,-8.233890533,1,-0.042276572,1,-0.024949819,1,0.046945252,1,0.28258127,1,-0.543130279,1,0.385839164,1
2.679946661,-5.065496922,1,-2.491355658,1,-8.243397713,1,-0.040375903,1,-0.036330529,1,0.052501462,1,0.282320619,1,-0.543306589,1,0.386023581,1
2.683948278,-5.055213451,1,-2.442369461,1,-8.266137123,1,-0.042934418,1,-0.0484397,1,0.052691728,1,0.282066494,1,-0.543525636,1,0.386207461,1
2.687946081,-4.893447399,1,-2.294350386,1,-8.368954659,1,-0.034720972,1,-0.064212486,1,0.055976741,1,0.281830072,1,-0.543802977,1,0.386368334,1
2.691945791,-4.840223312,1,-2.227421522,1,-8.459032059,1,-0.023008712,1,-0.084507935,1,0.057688482,1,0.281739891,1,-0.54414773,1,0.386856675,1
2.69594717,-4.846382618,1,-2.256886482,1,-8.567371368,1,-0.019652793,1,-0.104304112,1,0.05467217,1,0.281588554,1,-0.544577122,1,0.386985362,1
2.699944973,-4.807304382,1,-2.43493247,1,-8.478824615,1,-0.01140165,1,-0.129314065,1,0.059242085,1,0.281477928,1,-0.545083761,1,0.387089133,1
2.703944683,-4.860206127,1,-2.731630564,1,-8.526665688,1,-0.011287354,1,-0.157425731,1,0.059413329,1,0.281390548,1,-0.545702338,1,0.387169302,1
2.707946539,-4.758817673,1,-2.922526598,1,-8.632369041,1,-0.014487971,1,-0.184926167,1,0.068802066,1,0.281303465,1,-0.546412706,1,0.387233704,1
2.711944103,-4.609525681,1,-2.931866646,1,-8.863632202,1,-0.018765068,1,-0.21822463,1,0.077124968,1,0.281195253,1,-0.547261298,1,0.387292624,1
2.715944052,-4.271856308,1,-2.989978075,1,-9.054697037,1,-0.030192189,1,-0.26247409,1,0.091816984,1,0.281060249,1,-0.548275769,1,0.387368798,1
2.719945431,-4.050427437,1,-2.990978241,1,-9.524236679,1,-0.036217682,1,-0.339913696,1,0.115356512,1,0.280890882,1,-0.549541533,1,0.38743639,1
2.723943472,-3.643619537,1,-3.467861652,1,-9.893342018,1,-0.033698332,1,-0.449492007,1,0.157896265,1,0.28069672,1,-0.551201046,1,0.387531519,1
2.727943182,-3.226541281,1,-4.185770988,1,-10.17001057,1,0.038144417,1,-0.560138166,1,0.264019847,1,0.280543655,1,-0.553373814,1,0.387803376,1
2.731944799,-3.077817917,1,-3.642053604,1,-10.02168655,1,0.08061526,1,-0.646585226,1,0.364380658,1,0.280451208,1,-0.556049943,1,0.38844943,1
2.735942364,-2.850735426,1,-3.850998402,1,-10.84209728,1,0.110025719,1,-0.743418038,1,0.448894978,1,0.280334771,1,-0.559153199,1,0.389380872,1
2.739941835,-1.818125129,1,-4.746250629,1,-11.54393768,1,0.144059077,1,-0.898183763,1,0.556486726,1,0.280197948,1,-0.562826514,1,0.390587687,1
2.743943453,-1.734122515,1,-5.056519032,1,-11.6485281,1,0.206856787,1,-1.13257432,1,0.667610943,1,0.280126214,1,-0.567403734,1,0.3920618,1
2.747941017,-2.545386314,1,-5.270393372,1,-10.66225052,1,0.245268777,1,-1.325224757,1,0.754115403,1,0.280168504,1,-0.572963297,1,0.393684834,1
2.751940489,-3.911617041,1,-5.507405281,1,-11.65901184,1,0.294087082,1,-1.450815558,1,0.801074326,1,0.28029716,1,-0.579156041,1,0.395422041,1
2.755942345,-3.993198156,1,-6.40998888,1,-12.31958389,1,0.292261392,1,-1.544634461,1,0.829852283,1,0.280493259,1,-0.585832238,1,0.397197247,1
2.759940147,-4.661891937,1,-6.005217552,1,-13.01801872,1,0.371237129,1,-1.691509247,1,0.858402371,1,0.28084743,1,-0.592977405,1,0.398943901,1
2.763939619,-5.869935989,1,-7.29074049,1,-12.82156944,1,0.305450052,1,-1.786510944,1,0.888376474,1,0.281272918,1,-0.600667357,1,0.400658429,1
2.767947197,-6.661330223,1,-7.687949181,1,-13.36159515,1,0.222383261,1,-1.941141129,1,0.959968567,1,0.281331003,1,-0.608821452,1,0.402469903,1
2.771951199,-9.468863487,1,-8.579641342,1,-14.45370865,1,0.068214089,1,-2.076963425,1,1.058256388,1,0.280780673,1,-0.617687643,1,0.404452026,1
2.775950909,-7.930445194,1,-9.342535019,1,-13.38285828,1,-0.158170372,1,-2.120422125,1,1.007349849,1,0.279343128,1,-0.626899004,1,0.406553954,1
2.779952526,-7.439317226,1,-8.949502945,1,-13.05477905,1,-0.323911607,1,-2.212888718,1,1.052067518,1,0.277249634,1,-0.636327207,1,0.408465981,1
2.783950329,-8.341771126,1,-9.283827782,1,-13.48369217,1,-0.503794849,1,-2.335044861,1,1.175200939,1,0.27427274,1,-0.64629966,1,0.410688877,1
2.787950039,-11.01063156,1,-11.27535534,1,-14.14701653,1,-0.789596081,1,-2.331900835,1,1.417028427,1,0.269832104,1,-0.656716406,1,0.413809806,1
2.791951895,-9.526408195,1,-12.22777843,1,-13.85532284,1,-1.157475114,1,-2.23639369,1,1.558020949,1,0.26334843,1,-0.667120278,1,0.418066621,1
2.795949459,-10.63450432,1,-12.6091795,1,-14.38245106,1,-1.568937659,1,-2.112959623,1,1.641714454,1,0.254726142,1,-0.67718643,1,0.42313388,1
2.799949408,-9.757128716,1,-11.84152317,1,-15.22055149,1,-1.893495798,1,-1.926491618,1,1.679834366,1,0.244166553,1,-0.686664581,1,0.428878188,1
2.803950787,-12.65992737,1,-8.565275192,1,-17.18602943,1,-2.009882212,1,-1.61244607,1,1.582764149,1,0.232391119,1,-0.695176721,1,0.43496573,1
2.807948589,-13.59303761,1,-6.859046936,1,-19.42101097,1,-1.750098825,1,-1.126103997,1,1.385823488,1,0.220969051,1,-0.701838851,1,0.44091171,1
2.811948299,-9.596517563,1,-6.972764969,1,-19.79019165,1,-1.462841511,1,-0.680224955,1,1.228728533,1,0.210932747,1,-0.706454396,1,0.446560025,1
2.815949917,-4.281099319,1,-7.46300745,1,-19.19704819,1,-1.315569758,1,-0.365811944,1,1.129247665,1,0.20179522,1,-0.70941323,1,0.452086657,1
2.819947481,-0.180514753,1,-8.620105743,1,-16.94633675,1,-1.178553104,1,-0.274364591,1,1.035566092,1,0.193388268,1,-0.711458266,1,0.457343102,1
2.82394743,2.567129135,1,-9.274126053,1,-15.20252895,1,-1.125188708,1,-0.324655026,1,1.046813369,1,0.185503006,1,-0.713383079,1,0.462419331,1
2.827949047,4.280153751,1,-9.084469795,1,-14.29945469,1,-1.158438444,1,-0.427395165,1,1.12030077,1,0.177472949,1,-0.715637207,1,0.467705518,1
2.831947088,5.036023617,1,-8.541283607,1,-13.78677845,1,-1.175734043,1,-0.53258729,1,1.186730623,1,0.169115707,1,-0.718328953,1,0.473300219,1
2.835946798,5.342979431,1,-7.853792667,1,-13.61571217,1,-1.138269067,1,-0.593990922,1,1.224117637,1,0.160626084,1,-0.721350253,1,0.479144901,1
2.839948177,5.580936909,1,-7.217064857,1,-13.72808456,1,-1.050877571,1,-0.622410238,1,1.244584441,1,0.152264506,1,-0.724532604,1,0.485155493,1
2.84394598,5.562621593,1,-6.948061943,1,-13.87742519,1,-0.939131379,1,-0.599677145,1,1.245377421,1,0.144221917,1,-0.727698505,1,0.491259336,1
2.847945452,5.550360203,1,-7.018657207,1,-14.00759888,1,-0.832740664,1,-0.515580058,1,1.207944751,1,0.136616692,1,-0.730605364,1,0.497356921,1
2.851947308,5.929276943,1,-7.21983242,1,-13.94846058,1,-0.741718233,1,-0.393565536,1,1.146917105,1,0.129492149,1,-0.733035505,1,0.503317654,1
2.855944872,6.746474743,1,-7.390768528,1,-13.56300926,1,-0.68692255,1,-0.267831922,1,1.08203721,1,0.122798286,1,-0.734906554,1,0.509050012,1
2.859944344,7.947663307,1,-7.408200741,1,-12.93970013,1,-0.656353295,1,-0.157410532,1,1.024166465,1,0.116426833,1,-0.736240506,1,0.514551401,1
2.863946199,9.568782806,1,-7.231957912,1,-12.40127659,1,-0.642481863,1,-0.09136904,1,0.980901062,1,0.110274337,1,-0.737176538,1,0.51984936,1
2.867944002,10.85281754,1,-6.781095505,1,-12.00715542,1,-0.612131357,1,-0.068597846,1,0.956361234,1,0.104305707,1,-0.737901449,1,0.525007129,1
2.871943474,11.58490181,1,-6.253092766,1,-11.86203289,1,-0.539108515,1,-0.062445603,1,0.935868382,1,0.098582603,1,-0.738544226,1,0.530068159,1
2.87594533,11.75857258,1,-5.781855106,1,-11.76365089,1,-0.430026174,1,-0.060386769,1,0.910418987,1,0.093315259,1,-0.73914355,1,0.535001636,1
2.879943132,11.57789707,1,-5.325871944,1,-11.82285213,1,-0.275384605,1,-0.037568793,1,0.862843454,1,0.088690579,1,-0.739670753,1,0.539761364,1
2.883942842,11.09794235,1,-5.230273247,1,-12.02526093,1,-0.10583283,1,0.014586389,1,0.795798838,1,0.084891535,1,-0.740023434,1,0.544250429,1
2.887950659,10.24248219,1,-5.212309837,1,-12.39254761,1,0.071258895,1,0.108946323,1,0.692209482,1,0.082081035,1,-0.740039825,1,0.54831928,1
2.891954184,9.356019974,1,-5.335057259,1,-12.79887104,1,0.237063989,1,0.253341734,1,0.55752188,1,0.080368094,1,-0.739540219,1,0.551782131,1
2.895953894,8.681362152,1,-5.518507957,1,-13.04175377,1,0.384854913,1,0.443202496,1,0.38848263,1,0.079779722,1,-0.738316655,1,0.554497957,1
2.899955511,8.096487999,1,-5.630494595,1,-13.35182858,1,0.494419605,1,0.664452791,1,0.196559623,1,0.080314122,1,-0.736222625,1,0.556317508,1
2.903952837,8.02879715,1,-5.730210781,1,-13.50671959,1,0.604006112,1,0.892956138,1,-0.007108844,1,0.081951261,1,-0.733141065,1,0.55716455,1
2.907952309,8.247434616,1,-5.600623608,1,-13.58791351,1,0.676818848,1,1.105726123,1,-0.217990443,1,0.084618069,1,-0.729109704,1,0.55701679,1
2.911953926,8.401564598,1,-5.277525425,1,-13.57837677,1,0.748565257,1,1.296051383,1,-0.439686477,1,0.088272229,1,-0.724202573,1,0.555810928,1
2.915951729,8.644020081,1,-4.834616184,1,-13.43209457,1,0.818462908,1,1.46374464,1,-0.650710523,1,0.092876852,1,-0.718506336,1,0.553588212,1
2.9199512,8.832539558,1,-4.435866356,1,-13.2036705,1,0.893548429,1,1.592417598,1,-0.841599405,1,0.098380953,1,-0.712128699,1,0.55042094,1
2.923952579,8.819418907,1,-4.057482719,1,-12.96850491,1,0.95825696,1,1.708388925,1,-1.019554734,1,0.104706451,1,-0.705179513,1,0.546414435,1
2.927950382,8.716616631,1,-3.73293376,1,-12.80029774,1,1.019884586,1,1.802968621,1,-1.178894281,1,0.111743785,1,-0.697712719,1,0.54166925,1
2.931950092,8.511398315,1,-3.498478651,1,-12.61910439,1,1.058910847,1,1.882390022,1,-1.32509768,1,0.119338341,1,-0.689810812,1,0.536301076,1
2.93595171,8.116018295,1,-3.221679211,1,-12.45120907,1,1.089616656,1,1.960289836,1,-1.449830651,1,0.127374724,1,-0.681495428,1,0.530406594,1
2.939949274,7.557424545,1,-2.99053812,1,-12.41062069,1,1.116928101,1,2.04248023,1,-1.571017027,1,0.135796279,1,-0.672724783,1,0.524392664,1
2.943948746,7.080722332,1,-2.684208632,1,-12.4111681,1,1.135776281,1,2.134230852,1,-1.672403216,1,0.144468039,1,-0.663543463,1,0.517679989,1
2.947950602,6.51086235,1,-2.464501858,1,-12.4112711,1,1.140571952,1,2.224892855,1,-1.766862869,1,0.153291866,1,-0.653897524,1,0.510695517,1
2.951948404,6.017951012,1,-2.257068157,1,-12.37413597,1,1.143038988,1,2.317506552,1,-1.849362135,1,0.162202492,1,-0.643782198,1,0.503527761,1
2.955947876,5.563792229,1,-2.013105392,1,-12.25131226,1,1.147053838,1,2.407686949,1,-1.917481065,1,0.17113401,1,-0.633209646,1,0.496226221,1
2.959949493,4.945789337,1,-1.849199295,1,-12.29626369,1,1.151475549,1,2.4988482,1,-1.977097631,1,0.180055574,1,-0.622194767,1,0.488853157,1
2.963947296,4.329442024,1,-1.720024586,1,-12.22906494,1,1.146219492,1,2.59483099,1,-2.028240442,1,0.188902304,1,-0.61071521,1,0.481490612,1
2.967947006,3.684796572,1,-1.648823977,1,-12.16519928,1,1.141760588,1,2.70235014,1,-2.060112,1,0.197630689,1,-0.598745525,1,0.474206775,1
2.971948862,3.193907022,1,-1.433059454,1,-12.03580093,1,1.138002515,1,2.804218054,1,-2.081865549,1,0.206171647,1,-0.586297035,1,0.467076421,1
2.975946426,2.675113678,1,-1.300988913,1,-11.88208199,1,1.138473153,1,2.899369717,1,-2.088683605,1,0.21451965,1,-0.573398292,1,0.460154295,1
2.979946136,2.251717806,1,-1.10108912,1,-11.6771574,1,1.135463953,1,2.981546164,1,-2.083412409,1,0.222630054,1,-0.560097098,1,0.453522682,1
2.983947754,1.859076142,1,-0.960740149,1,-11.46426964,1,1.13865602,1,3.060038567,1,-2.061378479,1,0.23049058,1,-0.546452641,1,0.44721806,1
2.987945318,1.464554429,1,-0.790953398,1,-11.21441746,1,1.147099614,1,3.12024045,1,-2.023359776,1,0.238096759,1,-0.532532811,1,0.441294432,1
2.991945028,1.096005559,1,-0.65285784,1,-10.98651314,1,1.15166378,1,3.16262269,1,-1.97891891,1,0.24545294,1,-0.518421412,1,0.43578124,1
2.995946407,0.707955539,1,-0.531792462,1,-10.69899464,1,1.161996841,1,3.190225601,1,-1.919863582,1,0.252567261,1,-0.504174352,1,0.430699557,1
2.99994421,0.259953469,1,-0.442669153,1,-10.4825201,1,1.17727828,1,3.20544529,1,-1.859240651,1,0.259444445,1,-0.489884496,1,0.426067203,1
3.003943682,-0.178969741,1,-0.33539772,1,-10.23201752,1,1.186419249,1,3.202158689,1,-1.785978675,1,0.266116917,1,-0.4756037,1,0.421868533,1
3.00795126,-0.664448142,1,-0.311810642,1,-9.987437248,1,1.20099628,1,3.195349932,1,-1.714650512,1,0.27259016,1,-0.46139586,1,0.418120861,1
3.011955261,-1.225295067,1,-0.495141238,1,-9.812468529,1,1.21152842,1,3.177093267,1,-1.639918327,1,0.278875977,1,-0.447307348,1,0.414801657,1
3.015954971,-1.883847713,1,-0.822887063,1,-9.736465454,1,1.228510022,1,3.155686617,1,-1.562857985,1,0.284990191,1,-0.433358163,1,0.411901563,1
3.019956589,-2.834695101,1,-1.078536391,1,-9.870239258,1,1.252546072,1,3.139511585,1,-1.499216318,1,0.290985942,1,-0.419551194,1,0.409392715,1
3.023954153,-4.155355453,1,-1.10797143,1,-10.1063509,1,1.267302632,1,3.126260757,1,-1.466568708,1,0.296921402,1,-0.405848533,1,0.407166421,1
3.027953625,-5.81091547,1,-1.083618999,1,-10.37444782,1,1.282096624,1,3.146247864,1,-1.481005669,1,0.302831948,1,-0.392130941,1,0.405085653,1
3.031955242,-7.342628479,1,-1.262052774,1,-10.43382168,1,1.273688436,1,3.212530136,1,-1.518713355,1,0.308717966,1,-0.378218174,1,0.403038412,1
3.035952806,-8.457273483,1,-1.606681705,1,-10.38966656,1,1.24434042,1,3.31363368,1,-1.587692022,1,0.314498991,1,-0.363902926,1,0.40098846,1
3.039952278,-9.077828407,1,-1.786309123,1,-10.272295,1,1.194356918,1,3.429942369,1,-1.656278133,1,0.320110291,1,-0.349061787,1,0.398900509,1
3.043954134,-9.284418106,1,-1.73746717,1,-9.954686165,1,1.134216547,1,3.537001848,1,-1.731202841,1,0.325480282,1,-0.333697349,1,0.396776408,1
3.047951937,-9.164484024,1,-1.468487382,1,-9.628289223,1,1.070502877,1,3.610362053,1,-1.79179585,1,0.330583781,1,-0.317888856,1,0.394603193,1
3.051951408,-8.934216499,1,-0.928768039,1,-9.098377228,1,1.019418001,1,3.633533716,1,-1.835882306,1,0.335433841,1,-0.301807702,1,0.392372072,1
3.055953264,-8.787919998,1,-0.164930299,1,-8.507212639,1,0.996635854,1,3.59150219,1,-1.86439836,1,0.340117395,1,-0.285703063,1,0.390080392,1
3.059950829,-8.820388794,1,0.510170221,1,-7.894283772,1,0.991586924,1,3.50808382,1,-1.872439265,1,0.34473145,1,-0.269812465,1,0.387717128,1
3.0639503,-9.026281357,1,0.932852685,1,-7.313301086,1,1.025137186,1,3.372028351,1,-1.858838558,1,0.349385023,1,-0.25433284,1,0.385294974,1
3.067952156,-9.671227455,1,1.093581915,1,-6.703632832,1,1.061172128,1,3.223036051,1,-1.833810687,1,0.354151994,1,-0.239399403,1,0.382834375,1
3.07194972,-10.52687931,1,0.997602761,1,-6.084833622,1,1.087074995,1,3.051149845,1,-1.790000677,1,0.359024704,1,-0.225106999,1,0.380354583,1
3.075949669,-11.37078857,1,0.763461411,1,-5.510297298,1,1.077652693,1,2.862457514,1,-1.736041307,1,0.36390081,1,-0.21154961,1,0.377874732,1
3.079951048,-12.23982048,1,0.618306279,1,-4.948713779,1,1.04702425,1,2.651345968,1,-1.677578688,1,0.368659824,1,-0.198800206,1,0.375390023,1
3.083948612,-13.01854229,1,0.626463652,1,-4.467547894,1,0.992902875,1,2.425954103,1,-1.614848495,1,0.3732135,1,-0.186936125,1,0.372887492,1
3.087948322,-13.92004108,1,0.784230828,1,-4.144298553,1,0.925320566,1,2.193309069,1,-1.54612112,1,0.377512366,1,-0.176021889,1,0.370351255,1
3.09194994,-14.83600998,1,0.953283072,1,-3.735447884,1,0.853552699,1,1.959119081,1,-1.486757159,1,0.381517261,1,-0.16606088,1,0.367761135,1
3.095947266,-15.80282211,1,1.005669355,1,-3.425166368,1,0.769349337,1,1.717367291,1,-1.42975533,1,0.385202169,1,-0.157069325,1,0.365068555,1
3.099946976,-16.63959503,1,1.024768472,1,-3.156725407,1,0.677803695,1,1.483669758,1,-1.376580954,1,0.388537288,1,-0.14902319,1,0.362246037,1
3.103948593,-17.34452248,1,0.94594568,1,-2.924024343,1,0.578866839,1,1.260387778,1,-1.327924967,1,0.39148587,1,-0.141888991,1,0.359304965,1
3.107946157,-17.83593941,1,0.897556722,1,-2.727231741,1,0.475652248,1,1.037659764,1,-1.263956308,1,0.394015223,1,-0.135651991,1,0.356240511,1
3.111945629,-18.34990883,1,0.951624155,1,-2.729074955,1,0.372655481,1,0.826732099,1,-1.208704591,1,0.396124303,1,-0.130308062,1,0.353073478,1
3.115947247,-18.86662483,1,1.186752439,1,-2.836245298,1,0.295213133,1,0.626504004,1,-1.158205152,1,0.397864521,1,-0.125796184,1,0.349801838,1
3.119945049,-19.42434502,1,1.524685264,1,-2.957932949,1,0.240424275,1,0.468184561,1,-1.112039924,1,0.399340481,1,-0.122017734,1,0.346440732,1
3.123944998,-19.95482635,1,1.852678776,1,-2.978849888,1,0.206265703,1,0.329823762,1,-1.077628732,1,0.400642812,1,-0.118852675,1,0.343002558,1
3.127952576,-20.21160316,1,2.053604364,1,-2.903842449,1,0.200033307,1,0.205538899,1,-1.031148195,1,0.401876211,1,-0.116228446,1,0.339518249,1
3.131956577,-20.31878853,1,2.048966885,1,-2.736084223,1,0.206339285,1,0.094567291,1,-0.969022393,1,0.403087467,1,-0.114110895,1,0.336041987,1
3.135956287,-20.19502068,1,1.908140302,1,-2.495793343,1,0.205444306,1,-0.023965543,1,-0.898461223,1,0.404291868,1,-0.112509653,1,0.332629919,1
3.139957905,-19.96306801,1,1.683810949,1,-2.126828671,1,0.200147003,1,-0.140317261,1,-0.801862955,1,0.405466855,1,-0.111462563,1,0.329348087,1
3.143955708,-19.71484184,1,1.431166649,1,-1.680899143,1,0.188987345,1,-0.271087021,1,-0.679421902,1,0.406595677,1,-0.111043163,1,0.326272607,1
3.147955179,-2.200134993,1,-2.760805845,1,-8.05372715,1,-0.030658957,1,-0.793276429,1,-0.380642503,1,0.407331288,1,-0.111868836,1,0.323507547,1
3.151957035,-29.29754639,1,0.973821223,1,2.304633856,1,-0.147858247,1,-1.90768683,1,0.171644941,1,0.407310605,1,-0.116811439,1,0.320849389,1
3.155954599,-20.57857132,1,0.154155433,1,6.910422325,1,-0.516877651,1,-2.296710491,1,0.553898931,1,0.406187505,1,-0.125116333,1,0.318912446,1
3.159954071,-12.33458519,1,-0.067601539,1,6.476205349,1,-0.521815062,1,-3.111491442,1,0.902165294,1,0.404247105,1,-0.136128306,1,0.317289412,1
3.163955927,-23.27136803,1,0.923068345,1,6.780522346,1,-0.642678916,1,-3.914606094,1,1.389817834,1,0.402196884,1,-0.150871679,1,0.315975964,1
3.16795373,-31.67770195,1,1.155446887,1,5.105146885,1,-0.769480884,1,-4.535657406,1,1.835840583,1,0.399419218,1,-0.169032738,1,0.315301478,1
3.17195344,-35.79463577,1,0.727036536,1,3.775667667,1,-0.855563998,1,-4.904642105,1,2.134227037,1,0.396184444,1,-0.189548165,1,0.315319091,1
3.175955057,-32.11969757,1,0.856854498,1,0.363190502,1,-0.837349772,1,-5.16202116,1,2.407417059,1,0.392533928,1,-0.211690113,1,0.315961182,1
3.179952621,-18.57014084,1,-1.052229285,1,-9.014550209,1,-0.628814876,1,-5.191501617,1,2.387524366,1,0.389366329,1,-0.234471887,1,0.317079455,1
3.183952332,-31.52080536,1,-6.209251881,1,-17.53918648,1,-0.67626828,1,-5.008687019,1,2.119174004,1,0.38665697,1,-0.256977409,1,0.317686021,1
3.187953949,-34.29593658,1,-8.758537292,1,-22.95596313,1,-0.737387955,1,-4.144337177,1,1.733468771,1,0.38369292,1,-0.276878834,1,0.31905669,1
3.191951513,-28.06498146,1,-7.641145706,1,-24.85733032,1,-0.679244161,1,-3.266383886,1,1.42647934,1,0.38071537,1,-0.292947054,1,0.319407731,1
3.195950985,-24.27060318,1,-6.92518568,1,-23.9940567,1,-0.496305704,1,-2.54820323,1,1.168884754,1,0.378190547,1,-0.305629224,1,0.319954008,1
3.199952602,-18.0325985,1,-8.362692833,1,-21.07565308,1,-0.41469878,1,-2.036613703,1,0.975776553,1,0.376161695,1,-0.315652251,1,0.320570111,1
3.203950644,-9.609587669,1,-7.536707401,1,-16.88741684,1,-0.395008445,1,-1.886281729,1,0.972224236,1,0.374354661,1,-0.32426545,1,0.321379453,1
3.207950115,-5.772363663,1,-5.437652588,1,-12.2574482,1,-0.419714957,1,-1.968214512,1,1.074197054,1,0.372392982,1,-0.332885683,1,0.322418809,1
3.211951971,-3.005574226,1,-4.490010738,1,-8.713798523,1,-0.451569676,1,-2.106799364,1,1.181713581,1,0.370208204,1,-0.342112899,1,0.323731601,1
3.215949774,-2.195444822,1,-5.139574051,1,-6.476275921,1,-0.505309165,1,-2.196964025,1,1.298418283,1,0.367760271,1,-0.351973891,1,0.325319529,1
3.219949245,-1.602424979,1,-5.489531517,1,-5.491014481,1,-0.555127978,1,-2.197798491,1,1.355294824,1,0.364973366,1,-0.362093806,1,0.32727468,1
3.223950863,-0.489503533,1,-5.652017117,1,-4.6807127,1,-0.654661357,1,-2.149899483,1,1.360562682,1,0.361797214,1,-0.372160375,1,0.329402864,1
3.227948904,0.686993718,1,-5.547425747,1,-3.828216314,1,-0.76958847,1,-2.089644432,1,1.362474322,1,0.358102739,1,-0.381991982,1,0.331679374,1
3.231948376,1.873162866,1,-5.364380836,1,-3.210251331,1,-0.899426639,1,-2.121301889,1,1.351571679,1,0.3538872,1,-0.39174515,1,0.334015012,1
3.235949993,2.408119202,1,-4.498864174,1,-2.542128325,1,-0.979791641,1,-2.26479888,1,1.358945251,1,0.349249125,1,-0.401846111,1,0.336265683,1
3.239948034,2.474522352,1,-2.894735575,1,-3.367720127,1,-0.984171927,1,-2.473926783,1,1.34666419,1,0.344492018,1,-0.412588894,1,0.338303447,1
3.243947506,-0.822135031,1,-3.467155457,1,-5.399209976,1,-1.042887211,1,-2.708697796,1,1.353858948,1,0.339767873,1,-0.424158424,1,0.340033174,1
3.247955084,-6.236655712,1,-1.555858374,1,-7.182256699,1,-1.07962656,1,-2.777829885,1,1.463791013,1,0.334776103,1,-0.436457902,1,0.341904551,1
3.251958847,-13.24086952,1,-2.060925007,1,-9.770593643,1,-1.192337155,1,-2.696229696,1,1.601197124,1,0.329162061,1,-0.44880271,1,0.344280899,1
3.255958557,-19.79680061,1,-1.36685884,1,-12.20148468,1,-1.323976994,1,-2.323312283,1,1.767654777,1,0.322575092,1,-0.46051994,1,0.347807944,1
3.259960413,-23.59589195,1,-0.125623837,1,-14.01959324,1,-1.375464916,1,-1.776434302,1,1.760307074,1,0.315054893,1,-0.470588982,1,0.352507591,1
3.263957977,-22.80842018,1,0.5542835,1,-14.77393341,1,-1.242042661,1,-1.222676754,1,1.642512798,1,0.307397962,1,-0.478348643,1,0.357711673,1
3.267957449,-17.65386581,1,0.454020679,1,-13.17024326,1,-1.119400859,1,-0.782905221,1,1.438606143,1,0.300192505,1,-0.48396793,1,0.363056123,1
3.271959543,-10.50936794,1,0.14167662,1,-11.37225723,1,-0.953743875,1,-0.604022443,1,1.232784867,1,0.293786943,1,-0.488134325,1,0.367930949,1
3.275957584,-2.901165724,1,-0.723784745,1,-9.138720512,1,-0.852113545,1,-0.606918395,1,1.054868579,1,0.288224995,1,-0.491703033,1,0.3720783,1
3.279957294,1.215716362,1,-1.327975631,1,-7.520907879,1,-0.830409884,1,-0.852070451,1,1.015800595,1,0.283177197,1,-0.495612442,1,0.375660032,1
3.283958673,-2.426921606,1,-3.170222282,1,-9.004740715,1,-0.888508856,1,-1.055169702,1,0.979229093,1,0.278250962,1,-0.500458241,1,0.378830492,1
3.287956476,-10.44568443,1,-4.045538425,1,-13.22012711,1,-0.879107594,1,-0.809923291,1,0.880901992,1,0.273298651,1,-0.505195081,1,0.381716371,1
3.291956425,-10.53891563,1,-1.539162517,1,-12.09091568,1,-0.714067221,1,-0.374932468,1,0.768044472,1,0.268648356,1,-0.508298457,1,0.384623617,1
3.295958042,-7.159069061,1,1.107678056,1,-10.56477356,1,-0.559113979,1,-0.309936792,1,0.750169694,1,0.264708072,1,-0.510334849,1,0.387579948,1
3.299955606,-6.973864555,1,0.287713498,1,-9.832149506,1,-0.517365515,1,-0.374184847,1,0.687927365,1,0.261193216,1,-0.512428284,1,0.390373051,1
3.303955555,-6.494534969,1,-0.620936573,1,-9.529677391,1,-0.439414442,1,-0.394146115,1,0.525655389,1,0.258143008,1,-0.514522672,1,0.392639637,1
3.307957172,-4.295195103,1,-0.45347777,1,-9.479417801,1,-0.333201587,1,-0.445976704,1,0.413992971,1,0.255841941,1,-0.516623199,1,0.394203812,1
3.311955214,-4.893618584,1,-1.418465137,1,-9.639945984,1,-0.280612618,1,-0.434756309,1,0.419725299,1,0.253975511,1,-0.51876092,1,0.395534217,1
3.315954924,-4.23408556,1,-1.751470208,1,-9.095919609,1,-0.264231384,1,-0.428007573,1,0.40785861,1,0.252172321,1,-0.52082938,1,0.396889269,1
3.319956541,-4.749343395,1,-1.943848133,1,-9.384772301,1,-0.22568661,1,-0.396387368,1,0.412531316,1,0.25056839,1,-0.522863865,1,0.398223639,1
3.323954105,-6.908504963,1,-0.974334776,1,-9.45970726,1,-0.201414853,1,-0.313348353,1,0.443325907,1,0.248921037,1,-0.524669051,1,0.399750203,1
3.327953577,-5.835634708,1,-1.334781885,1,-8.284031868,1,-0.166568965,1,-0.29152739,1,0.433454961,1,0.24737975,1,-0.526239276,1,0.40140295,1
3.331955433,-5.470510483,1,-3.09902668,1,-8.22555542,1,-0.182230353,1,-0.327919871,1,0.375224143,1,0.245937467,1,-0.527838349,1,0.40286541,1
3.335953474,-5.426523209,1,-2.89871788,1,-8.635498047,1,-0.199567139,1,-0.331992894,1,0.325563073,1,0.244595662,1,-0.529465795,1,0.404049069,1
3.339952946,-5.553938866,1,-2.080327034,1,-8.401738167,1,-0.206056416,1,-0.319340169,1,0.329647779,1,0.243196711,1,-0.531041265,1,0.405166686,1
3.343954802,-5.173918247,1,-1.180024028,1,-8.956566811,1,-0.187556207,1,-0.307755798,1,0.304650068,1,0.241869926,1,-0.532567739,1,0.406245887,1
3.347952366,-5.086194038,1,-0.116505183,1,-8.993643761,1,-0.164592668,1,-0.320022792,1,0.289406955,1,0.240650043,1,-0.534059465,1,0.407243848,1
3.351951838,-6.191299438,1,0.237020552,1,-9.07735157,1,-0.10092707,1,-0.325600266,1,0.263670444,1,0.239654914,1,-0.535576642,1,0.408157676,1
3.355953932,-4.962287903,1,-0.699243605,1,-8.716086388,1,-0.077247284,1,-0.348354489,1,0.237751603,1,0.238904595,1,-0.537097931,1,0.408914506,1
3.359951973,-6.536343575,1,-1.536424756,1,-8.508688927,1,-0.049467321,1,-0.360827982,1,0.225496352,1,0.238316506,1,-0.538711429,1,0.409559786,1
3.363951683,-5.575300694,1,-2.319508553,1,-7.985250473,1,-0.054361545,1,-0.362270176,1,0.196037173,1,0.237838998,1,-0.540302873,1,0.410111725,1
3.367959261,-5.8414855,1,-2.376452446,1,-8.000358582,1,-0.059664991,1,-0.34355548,1,0.224986851,1,0.237309396,1,-0.541878998,1,0.41067338,1
3.371963024,-5.398058891,1,-2.787492514,1,-7.811012745,1,-0.06913729,1,-0.3387447,1,0.220641345,1,0.236716807,1,-0.543412149,1,0.411315352,1
3.375963211,-5.329084873,1,-2.931838512,1,-8.003684044,1,-0.08924406,1,-0.324167758,1,0.235113174,1,0.236041427,1,-0.54490459,1,0.411989212,1
3.37996459,-5.420642376,1,-2.759842634,1,-8.148748398,1,-0.091269851,1,-0.302820057,1,0.262785912,1,0.235264048,1,-0.546359837,1,0.412774682,1
3.383962393,-5.60007,1,-2.861380339,1,-8.126235962,1,-0.101920053,1,-0.29257372,1,0.279411554,1,0.234397858,1,-0.547764361,1,0.413689792,1
3.387962103,-6.731564522,1,-1.889065027,1,-8.181606293,1,-0.089980341,1,-0.284561902,1,0.2866548,1,0.2334999,1,-0.549160779,1,0.414666057,1
3.391963959,-5.789021015,1,-1.872702003,1,-8.060277939,1,-0.083506227,1,-0.289822906,1,0.281272829,1,0.232642472,1,-0.550524235,1,0.415651917,1
3.395961523,-5.543305397,1,-1.878172636,1,-8.326807976,1,-0.067226313,1,-0.302992165,1,0.278662205,1,0.231861636,1,-0.551950514,1,0.416610956,1
3.399961233,-5.476051807,1,-1.872909665,1,-8.440185547,1,-0.069031574,1,-0.31675607,1,0.294478327,1,0.231066838,1,-0.553435147,1,0.417597234,1
3.403963089,-5.10304451,1,-2.013231277,1,-7.995933056,1,-0.051778618,1,-0.341544896,1,0.289368719,1,0.230325818,1,-0.554988563,1,0.418560207,1
3.40796113,-5.267614841,1,-2.140496254,1,-8.361846924,1,-0.043472838,1,-0.320266277,1,0.319872499,1,0.22959362,1,-0.556556702,1,0.419594973,1
3.411961317,-5.316536903,1,-2.814175129,1,-8.127057076,1,-0.039305538,1,-0.31779623,1,0.334454387,1,0.228809848,1,-0.558093667,1,0.420770109,1
3.415963173,-5.289147377,1,-2.678768158,1,-8.094139099,1,-0.033921339,1,-0.324146658,1,0.344163328,1,0.228012472,1,-0.55966419,1,0.421995312,1
3.419961452,-5.216651917,1,-2.6532197,1,-8.21456337,1,-0.033478372,1,-0.341051459,1,0.364976645,1,0.227190927,1,-0.56127274,1,0.423286259,1
3.423961163,-5.215177059,1,-2.404120207,1,-8.530814171,1,-0.013963167,1,-0.351408094,1,0.368387401,1,0.226373136,1,-0.562948585,1,0.424620211,1
3.427962542,-5.004445076,1,-2.284675598,1,-8.846076965,1,0.012374222,1,-0.397642374,1,0.369694859,1,0.225693211,1,-0.564745128,1,0.425934732,1
3.431960583,-4.943511486,1,-2.119267702,1,-9.040578842,1,0.026684478,1,-0.447926551,1,0.36299029,1,0.225103453,1,-0.566719532,1,0.427170604,1
3.435960531,-4.662339687,1,-1.95021522,1,-9.713475227,1,0.019272557,1,-0.519569874,1,0.360196501,1,0.224586815,1,-0.568912387,1,0.428339839,1
3.439962626,-4.645627022,1,-1.839526772,1,-9.376293182,1,0.026372505,1,-0.61044085,1,0.342967302,1,0.224090859,1,-0.571351051,1,0.430557549,1
3.443960667,-4.811926842,1,-1.765512824,1,-9.640078545,1,0.030369688,1,-0.691999793,1,0.345909208,1,0.223682255,1,-0.574185312,1,0.431468934,1
3.447960377,-4.668105125,1,-2.107554913,1,-9.690463066,1,0.045523759,1,-0.779186666,1,0.346764237,1,0.223390281,1,-0.577341855,1,0.432307482,1
3.451961994,-4.854816437,1,-2.703806639,1,-9.891340256,1,0.018674241,1,-0.890011728,1,0.34980014,1,0.223108068,1,-0.580895782,1,0.433043122,1
3.455960035,-5.086349964,1,-2.802321911,1,-9.664041519,1,-0.007881366,1,-0.99024415,1,0.356752008,1,0.2227678,1,-0.584877789,1,0.433700979,1
3.459959507,-5.285194874,1,-2.102116346,1,-10.04503155,1,0.026545018,1,-1.08732152,1,0.368008047,1,0.222463205,1,-0.589249849,1,0.434301853,1
3.463961601,-5.021051407,1,-2.158467531,1,-10.47564507,1,0.055051547,1,-1.187633395,1,0.378729284,1,0.222313672,1,-0.594000876,1,0.434851468,1
3.467959881,-4.583712101,1,-3.051484108,1,-10.17164803,1,0.013505707,1,-1.300442338,1,0.387327999,1,0.222208887,1,-0.599185288,1,0.435344577,1
3.471959591,-4.795247555,1,-2.450522661,1,-10.85292625,1,0.018230107,1,-1.432418108,1,0.396002978,1,0.222039342,1,-0.604876697,1,0.435720682,1
3.475961447,-4.525339127,1,-2.945187569,1,-11.23786736,1,0.010412257,1,-1.570719242,1,0.4148283,1,0.221931994,1,-0.611079931,1,0.436033934,1
3.479959011,-4.518400669,1,-2.945178747,1,-11.77528381,1,-0.029607391,1,-1.744613886,1,0.41200906,1,0.221777126,1,-0.617904246,1,0.43621394,1
3.483958721,-4.058723927,1,-2.504814148,1,-12.04922771,1,-0.041020032,1,-1.919390082,1,0.410529196,1,0.221651927,1,-0.625395238,1,0.436193794,1
3.487960339,-4.129282951,1,-2.664381027,1,-12.43655682,1,-0.066325083,1,-2.118729353,1,0.41056779,1,0.221563965,1,-0.633651078,1,0.435999066,1
3.491963863,-4.339040756,1,-2.280330658,1,-12.58176613,1,-0.055078026,1,-2.34645772,1,0.412842005,1,0.221574157,1,-0.642718375,1,0.43555814,1
3.495963812,-5.869233608,1,-2.788379192,1,-13.55798626,1,-0.058804721,1,-2.568879366,1,0.450777531,1,0.221755818,1,-0.652681649,1,0.434938431,1
3.499965668,-2.909942627,1,-2.931328297,1,-12.47604275,1,-0.137243941,1,-2.831937551,1,0.421615571,1,0.221848369,1,-0.663565516,1,0.434106082,1
3.503963947,-3.834547997,1,-2.9968822,1,-13.645895,1,-0.157877445,1,-3.101348162,1,0.429008961,1,0.22203593,1,-0.675523877,1,0.432874233,1
3.507963657,-4.012732029,1,-3.420094728,1,-13.35328197,1,-0.194101587,1,-3.347529411,1,0.497174174,1,0.222174659,1,-0.688518167,1,0.431532472,1
3.511965513,-3.749407768,1,-4.438715458,1,-13.11641502,1,-0.249005795,1,-3.595587254,1,0.530744791,1,0.222179681,1,-0.702522695,1,0.430168986,1
3.515963316,-4.040064812,1,-4.711949825,1,-13.07126522,1,-0.320554942,1,-3.85229373,1,0.618910134,1,0.221933857,1,-0.717558801,1,0.428792804,1
3.519963026,-3.617453337,1,-4.315114975,1,-13.08916569,1,-0.337015063,1,-4.089170933,1,0.680010557,1,0.221453562,1,-0.733621359,1,0.427515894,1
3.523964643,-3.560466766,1,-4.57270813,1,-12.79285622,1,-0.353927881,1,-4.342410088,1,0.757061005,1,0.220917568,1,-0.750701845,1,0.426284939,1
3.527962685,-3.511988878,1,-5.630464554,1,-12.65707684,1,-0.405390084,1,-4.608045101,1,0.894973576,1,0.220062003,1,-0.768912554,1,0.42533803,1
3.531962156,-2.881087065,1,-5.612882137,1,-12.08770847,1,-0.48622486,1,-4.869213581,1,0.990478694,1,0.21870859,1,-0.788223326,1,0.424714208,1
3.535964251,-3.186490536,1,-5.546142101,1,-12.09662819,1,-0.531173825,1,-5.096973896,1,1.125636458,1,0.216869831,1,-0.808601797,1,0.424438894,1
3.539962053,-3.158324957,1,-5.355589867,1,-11.47445011,1,-0.577441394,1,-5.296244621,1,1.271400452,1,0.214377552,1,-0.829937935,1,0.424816668,1
3.543961525,-2.928991795,1,-5.424937248,1,-10.99970913,1,-0.58857888,1,-5.505131721,1,1.414099813,1,0.211267695,1,-0.852182567,1,0.4258385,1
3.547963381,-2.901248932,1,-5.306715012,1,-10.88732338,1,-0.55818975,1,-5.74703598,1,1.607445002,1,0.207543761,1,-0.875456214,1,0.427707553,1
3.551961184,-2.580925703,1,-4.889519691,1,-10.12148571,1,-0.495634586,1,-5.934159756,1,1.789111853,1,0.203100666,1,-0.899719954,1,0.430723965,1
3.555960655,-4.270398617,1,-4.147212982,1,-10.86670113,1,-0.515663207,1,-6.097919464,1,1.967704177,1,0.197801933,1,-0.924811125,1,0.434909999,1
3.559962034,-5.94581604,1,-2.643404722,1,-10.01735401,1,-0.546691656,1,-6.181983471,1,2.050441504,1,0.191329107,1,-0.950481594,1,0.440254241,1
3.563959837,-6.034418106,1,-2.410841227,1,-9.593046188,1,-0.519119382,1,-6.278607368,1,2.043337107,1,0.184298456,1,-0.976473331,1,0.446214318,1
3.567959547,-3.945227146,1,-1.5243572,1,-9.193153381,1,-0.502644002,1,-6.45027113,1,2.072336674,1,0.176908582,1,-1.002972603,1,0.452630997,1
3.571961164,-4.697053909,1,-0.916340947,1,-9.349836349,1,-0.482050657,1,-6.643733501,1,2.101508856,1,0.168930754,1,-1.030221224,1,0.459689379,1
3.575958729,-6.954163551,1,0.048961367,1,-10.32925797,1,-0.443417877,1,-6.728856564,1,2.102974653,1,0.160351351,1,-1.058033466,1,0.467475504,1
3.579958439,-6.230018139,1,0.501030982,1,-8.566541672,1,-0.370709121,1,-6.869539738,1,2.119330168,1,0.151262388,1,-1.086103082,1,0.475978523,1
3.583960056,-6.906711102,1,0.732895315,1,-9.578240395,1,-0.313762844,1,-7.007047176,1,2.175439358,1,0.140981749,1,-1.11490345,1,0.485944062,1
3.587957621,-8.571385384,1,1.549616933,1,-9.612121582,1,-0.183372006,1,-7.05362463,1,2.065509319,1,0.130236223,1,-1.143912792,1,0.496716291,1
3.591957092,-10.90598583,1,0.688099504,1,-5.382913589,1,-0.180848941,1,-7.029497147,1,2.035336733,1,0.119237654,1,-1.173084736,1,0.508110225,1
3.595958471,-8.023306847,1,1.976723194,1,-9.337227821,1,-0.021881618,1,-7.062811852,1,2.075772285,1,0.106303073,1,-1.201967239,1,0.521719873,1
3.599956274,-8.691177368,1,0.357703358,1,-7.913614273,1,0.057384409,1,-7.058283806,1,1.937404275,1,0.092437014,1,-1.230885267,1,0.536534429,1
3.603955746,-8.503835678,1,1.5942204,1,-8.077242851,1,0.202616036,1,-7.064534664,1,1.886379719,1,0.077504888,1,-1.259665132,1,0.552842677,1
3.607957363,-9.037412643,1,1.132695675,1,-8.094568253,1,0.323770791,1,-6.997947693,1,1.827039719,1,0.060592163,1,-1.288265347,1,0.571615875,1
3.611960888,-10.10397911,1,1.403605103,1,-8.035359383,1,0.488735855,1,-6.878464699,1,1.640623331,1,0.042143404,1,-1.316334486,1,0.592432678,1
3.615960598,-9.899565697,1,0.976697028,1,-7.048783779,1,0.652092755,1,-6.749260426,1,1.481747389,1,0.022754097,1,-1.343782544,1,0.614740014,1
3.619962215,-8.825681686,1,-0.186299846,1,-5.659134865,1,0.711657703,1,-6.741879463,1,1.415374279,1,0.000296284,1,-1.37080729,1,0.640562832,1
3.62395978,-8.870896339,1,-0.003665462,1,-5.512515545,1,0.692941487,1,-6.707694054,1,1.371716499,1,-0.028539618,1,-1.397651434,1,0.672737002,1
3.627959251,-12.94020176,1,-0.015906813,1,-5.90030241,1,0.714146972,1,-6.526644707,1,1.263496995,1,-0.066184811,1,-1.423882365,1,0.713716865,1
3.631961107,-15.27973461,1,0.380858719,1,-6.107982635,1,0.710706651,1,-6.222472668,1,1.224047184,1,-0.117173396,1,-1.448823452,1,0.768056512,1
3.635958672,-15.41054535,1,-0.659640908,1,-4.930790901,1,0.671437323,1,-5.866809845,1,1.167164326,1,-0.190412462,1,-1.472009897,1,0.844521523,1
3.639958382,-14.38080883,1,-2.084268808,1,-4.175559998,1,0.566834927,1,-5.559520245,1,1.174553394,1,-0.302547455,1,-1.493060231,1,0.959588826,1
3.643959999,-13.78662109,1,-2.45923543,1,-3.406055212,1,0.436473161,1,-5.347746372,1,1.169031978,1,-0.485067606,1,-1.51149714,1,1.144531488,1
3.647957802,-15.51143265,1,-2.227848291,1,-2.443049669,1,0.284713775,1,-5.045508385,1,1.16595459,1,-0.794056416,1,-1.525559902,1,1.455367327,1
3.651957273,-17.27539063,1,-0.918557286,1,-1.923296452,1,0.2461586,1,-4.768689632,1,1.047767997,1,-1.251540661,1,-1.532185793,1,1.914267182,1
3.655958891,-18.17271423,1,-1.833916068,1,-1.001846433,1,0.220950514,1,-4.401711941,1,1.022958636,1,-1.721134305,1,-1.529528618,1,2.385176659,1
3.659956455,-18.31494331,1,-1.747118235,1,1.383847952,1,0.199519813,1,-4.037862778,1,0.964674354,1,-2.045156479,1,-1.520443559,1,2.710376024,1
3.663956165,-19.44826508,1,-1.172450781,1,1.899156928,1,0.18840085,1,-3.61234498,1,0.796221435,1,-2.239938498,1,-1.509105444,1,2.906208038,1
3.667957783,-17.26414299,1,0.278322697,1,3.175041914,1,0.234978601,1,-3.142920732,1,0.751846373,1,-2.358730793,1,-1.497836471,1,3.026129961,1
3.671955109,-15.52772713,1,0.036879733,1,4.156735897,1,0.227545485,1,-2.755205631,1,0.814921558,1,-2.430527925,1,-1.48706758,1,3.099089622,1
3.675955057,-14.81896782,1,0.071550921,1,4.125138283,1,0.143722519,1,-2.382494211,1,0.909455121,1,-2.473348141,1,-1.476951599,1,-3.140332937,1
3.679956436,-12.98691463,1,-0.419917643,1,4.270256042,1,-0.005190443,1,-2.03888607,1,1.02603364,1,-2.496672153,1,-1.467578053,1,-3.116610289,1
3.683954477,-11.24167919,1,-1.759401441,1,2.735823154,1,-0.123496845,1,-1.592202783,1,1.105379462,1,-2.505815029,1,-1.459184647,1,-3.107688665,1
3.687954187,-13.41849232,1,-3.242961645,1,0.0429205,1,-0.240765974,1,-1.02239871,1,1.231143117,1,-2.500219345,1,-1.452230453,1,-3.112149954,1
3.691955805,-14.83926392,1,-3.912543774,1,-3.734941244,1,-0.428788781,1,-0.335026145,1,1.36012888,1,-2.481381655,1,-1.446911097,1,-3.132479191,1
3.695953369,-16.5992012,1,-1.523656845,1,-3.554554462,1,-0.572133243,1,0.195489153,1,1.513012886,1,-2.448750973,1,-1.443173885,1,3.115796566,1
3.699952841,-18.04656601,1,0.494654953,1,-3.192022324,1,-0.739224672,1,0.438379824,1,1.506166697,1,-2.408922672,1,-1.440205932,1,3.072929144,1
3.703954458,-20.77667236,1,0.27047506,1,-5.105845928,1,-0.74840939,1,0.819356143,1,1.525936842,1,-2.366413593,1,-1.437842846,1,3.027061701,1
3.707952023,-15.01166058,1,-3.502235174,1,-5.360480309,1,-0.846646965,1,1.194107413,1,1.543244362,1,-2.315652132,1,-1.436270356,1,2.972636223,1
3.711951733,-7.490153313,1,-3.637713671,1,-4.871358871,1,-0.973959029,1,1.237121344,1,1.536386132,1,-2.262043715,1,-1.434898734,1,2.914860487,1
3.715953112,-4.522542,1,-2.424944401,1,-3.877990484,1,-1.026308656,1,0.937038302,1,1.550050259,1,-2.213350058,1,-1.432762265,1,2.861635923,1
3.719950914,-5.425925255,1,-2.335179567,1,-4.055864334,1,-1.041955948,1,0.583951712,1,1.652079582,1,-2.173488379,1,-1.429355025,1,2.817215443,1
3.723950386,-7.102440357,1,-3.452127457,1,-4.579444885,1,-1.073844314,1,0.244426414,1,1.784399509,1,-2.141917229,1,-1.424549937,1,2.781049252,1
3.727951765,-8.953734398,1,-4.481864452,1,-5.350385189,1,-1.153414369,1,-0.076294154,1,1.928017497,1,-2.118335247,1,-1.418429375,1,2.752709389,1
3.731955528,-9.948719978,1,-4.948581696,1,-6.067466259,1,-1.243573904,1,-0.401379466,1,2.069416523,1,-2.102186441,1,-1.41108489,1,2.731513739,1
3.735955,-10.48972607,1,-4.811533928,1,-6.990110874,1,-1.315070629,1,-0.764247239,1,2.22331214,1,-2.093394995,1,-1.402508497,1,2.717405081,1
3.739956379,-10.54004765,1,-5.527895451,1,-8.102149963,1,-1.400447249,1,-1.139834404,1,2.422150612,1,-2.091309786,1,-1.39257586,1,2.709781885,1
3.743953943,-10.95121861,1,-7.291075706,1,-8.93432045,1,-1.534594417,1,-1.488148808,1,2.674680233,1,-2.09440279,1,-1.381125093,1,2.706981421,1
3.747953653,-11.72033882,1,-8.462648392,1,-10.09718323,1,-1.723126888,1,-1.818073869,1,2.970597506,1,-2.101119995,1,-1.368047953,1,2.707207203,1
3.751955271,-12.4423542,1,-8.901420593,1,-11.34110641,1,-1.928338051,1,-2.137334585,1,3.278309822,1,-2.110496998,1,-1.353270888,1,2.709329844,1
3.755952597,-13.11001587,1,-8.649461746,1,-13.05495358,1,-2.114564896,1,-2.478332758,1,3.582676172,1,-2.121906519,1,-1.336756945,1,2.712723255,1
3.759952068,-14.19229317,1,-8.170575142,1,-15.15299129,1,-2.239999533,1,-2.828562498,1,3.863550425,1,-2.135115862,1,-1.318487287,1,2.717353821,1
3.763953686,-15.5578537,1,-7.536184311,1,-17.36785889,1,-2.282416821,1,-3.167064428,1,4.115316391,1,-2.149574995,1,-1.298565745,1,2.722942114,1
3.767951012,-17.29539871,1,-6.884484768,1,-19.11075592,1,-2.246556044,1,-3.464914799,1,4.315171242,1,-2.164556503,1,-1.277165771,1,2.729084492,1
3.771950483,-19.40364647,1,-6.646315098,1,-20.24512863,1,-2.137809753,1,-3.695214987,1,4.433654308,1,-2.179441929,1,-1.254603028,1,2.735491037,1
3.775952101,-21.45778465,1,-6.964087486,1,-21.10357475,1,-2.002637386,1,-3.848562479,1,4.482627392,1,-2.193662405,1,-1.231296539,1,2.741762877,1
3.779949903,-23.39862442,1,-8.361321449,1,-21.62148666,1,-1.90675509,1,-3.881445169,1,4.466245174,1,-2.206871986,1,-1.207704782,1,2.747518301,1
3.783949375,-24.87948227,1,-10.04792118,1,-21.9240818,1,-1.864260554,1,-3.798752069,1,4.433686733,1,-2.21863842,1,-1.184222221,1,2.752070189,1
3.787950516,-26.55278778,1,-11.63497829,1,-22.09580803,1,-1.878358126,1,-3.586448908,1,4.373044014,1,-2.228630543,1,-1.161240578,1,2.754796267,1
3.791948318,-28.48339462,1,-12.9297905,1,-22.11678696,1,-1.931274295,1,-3.229631662,1,4.279212952,1,-2.23658824,1,-1.139182925,1,2.755171061,1
3.79594779,-30.19420815,1,-13.24987221,1,-22.1967907,1,-1.986798286,1,-2.749150515,1,4.149404049,1,-2.242222548,1,-1.118510962,1,2.752726555,1
3.799949408,-30.94974518,1,-12.86603546,1,-22.71205902,1,-1.999848008,1,-2.178096056,1,3.968257427,1,-2.245358944,1,-1.099661469,1,2.747300625,1
3.803946972,-30.79771233,1,-11.69256878,1,-23.49075508,1,-1.938711643,1,-1.588217497,1,3.749440432,1,-2.246015787,1,-1.082911611,1,2.739128828,1
3.807946444,-28.68101311,1,-10.23590755,1,-24.10841942,1,-1.786717415,1,-1.06032598,1,3.514751196,1,-2.244330406,1,-1.06826973,1,2.728717566,1
3.811948061,-25.41170502,1,-9.122745514,1,-24.3151722,1,-1.578405976,1,-0.628486812,1,3.265323162,1,-2.24064064,1,-1.055570006,1,2.716770172,1
3.815945625,-22.06132317,1,-8.796806335,1,-23.95729446,1,-1.344281077,1,-0.284395993,1,3.021062851,1,-2.235396147,1,-1.044587374,1,2.703984261,1
3.819945097,-18.26408577,1,-8.848748207,1,-23.02838516,1,-1.124260664,1,-0.055342227,1,2.780831337,1,-2.229052305,1,-1.035039544,1,2.690901279,1
3.823946953,-15.18960762,1,-8.855457306,1,-22.4010582,1,-0.953564823,1,0.107212476,1,2.604423285,1,-2.222063065,1,-1.026578784,1,2.677920341,1
3.827944756,-12.55254269,1,-9.289420128,1,-21.54159546,1,-0.763302088,1,0.169052288,1,2.449634552,1,-2.214778185,1,-1.018865466,1,2.665370464,1
3.831944227,-10.79617882,1,-9.340116501,1,-20.83302307,1,-0.605254829,1,0.202448577,1,2.324105501,1,-2.207354069,1,-1.011665106,1,2.65342164,1
3.835945845,-9.972928047,1,-9.176177979,1,-20.17091751,1,-0.457174867,1,0.229220495,1,2.212152004,1,-2.199871063,1,-1.004856706,1,2.6420784,1
3.839943409,-9.516721725,1,-8.784445763,1,-19.49416351,1,-0.309877038,1,0.291315377,1,2.092915535,1,-2.192200661,1,-0.998473108,1,2.631155968,1
3.843943119,-8.825681686,1,-8.021574974,1,-18.84211159,1,-0.147183731,1,0.369145095,1,1.931799889,1,-2.184261799,1,-0.992658436,1,2.620609283,1
3.847944736,-8.370734215,1,-7.225579739,1,-18.24710464,1,0.034400705,1,0.459330976,1,1.725490212,1,-2.176040888,1,-0.987597883,1,2.610501528,1
3.851948261,-7.66814661,1,-6.43402338,1,-17.44517899,1,0.222573578,1,0.595220506,1,1.474386454,1,-2.167427778,1,-0.983505249,1,2.600777626,1
3.855947971,-6.656943798,1,-5.724341393,1,-16.35096931,1,0.393206418,1,0.764414012,1,1.193391204,1,-2.158353567,1,-0.980582535,1,2.591362476,1
3.859949589,-5.421010494,1,-5.366243362,1,-15.00733662,1,0.532480359,1,0.935557842,1,0.889851928,1,-2.148848295,1,-0.978969634,1,2.582160473,1
3.863946915,-4.157226563,1,-5.090555191,1,-13.78736782,1,0.634893715,1,1.119340062,1,0.561056137,1,-2.139012337,1,-0.978752732,1,2.573139906,1
3.867946386,-2.329801321,1,-5.138803482,1,-13.23159027,1,0.707212746,1,1.26706636,1,0.243817583,1,-2.129046202,1,-0.979945183,1,2.564366579,1
3.871948004,-0.712375343,1,-4.728805542,1,-12.62770557,1,0.756816387,1,1.399362087,1,-0.067363821,1,-2.11906004,1,-0.982458115,1,2.555870295,1
3.875945807,0.483332843,1,-3.888497353,1,-12.06077385,1,0.824975908,1,1.545674086,1,-0.366730332,1,-2.109013319,1,-0.986246228,1,2.547596693,1
3.879945278,1.458389044,1,-2.977129698,1,-11.53558445,1,0.912088811,1,1.701150298,1,-0.65970701,1,-2.098619938,1,-0.991319537,1,2.539308071,1
3.883946657,2.10152483,1,-1.925701737,1,-11.02169132,1,1.035365105,1,1.898606658,1,-0.951911747,1,-2.087613821,1,-0.997704208,1,2.530825138,1
3.88794446,2.228463411,1,-0.849142075,1,-10.69118214,1,1.195988417,1,2.134416103,1,-1.25368011,1,-2.075532198,1,-1.005494714,1,2.521768093,1
3.891943932,2.111000776,1,0.231678501,1,-10.48363686,1,1.388682842,1,2.42509675,1,-1.563888431,1,-2.061908722,1,-1.01480782,1,2.511772394,1
3.895945787,1.961707711,1,1.155559421,1,-10.47987556,1,1.616186023,1,2.754416943,1,-1.869561791,1,-2.046188831,1,-1.025711775,1,2.500368118,1
3.89994359,1.730377913,1,1.987846494,1,-10.48623466,1,1.860556602,1,3.125047922,1,-2.169944048,1,-2.027766943,1,-1.03821218,1,2.48700428,1
3.903943062,1.873064876,1,2.932114601,1,-10.31647873,1,2.1285429,1,3.5123806,1,-2.462181091,1,-2.006028891,1,-1.052289128,1,2.471099854,1
3.907944918,2.269551039,1,3.958528757,1,-10.16026688,1,2.402565002,1,3.875626802,1,-2.75617218,1,-1.980533123,1,-1.067869782,1,2.452271461,1
3.91194272,2.681269407,1,4.966840267,1,-10.06451511,1,2.688427448,1,4.2286129,1,-3.041325569,1,-1.950874686,1,-1.084813118,1,2.430137157,1
3.915942192,2.843346357,1,5.867311954,1,-10.08691502,1,2.9630301,1,4.547390938,1,-3.327675581,1,-1.916552544,1,-1.102953196,1,2.404241562,1
3.919944048,2.862165689,1,6.396502018,1,-10.09023762,1,3.213092327,1,4.812534809,1,-3.604087114,1,-1.877213478,1,-1.122088313,1,2.374164343,1
3.923941612,2.921370745,1,6.530463696,1,-10.09777164,1,3.386771202,1,5.059617519,1,-3.846722841,1,-1.832477331,1,-1.141934991,1,2.339359045,1
3.927941084,2.45812726,1,6.462952614,1,-9.911735535,1,3.527549028,1,5.269322395,1,-4.060530186,1,-1.781808615,1,-1.162159801,1,2.299060106,1
3.931942701,1.938930273,1,6.579055786,1,-9.88485527,1,3.618653536,1,5.473036289,1,-4.269966125,1,-1.72448647,1,-1.182445407,1,2.252387285,1
3.935940266,1.250098109,1,6.191218853,1,-9.810452461,1,3.671208858,1,5.659111023,1,-4.445119858,1,-1.659579515,1,-1.20245111,1,2.198251247,1
3.939940214,1.058104515,1,6.057684898,1,-10.08338737,1,3.653579712,1,5.801735878,1,-4.600306511,1,-1.586093307,1,-1.221761823,1,2.135308266,1
3.943941832,0.952195048,1,6.171713829,1,-10.31566238,1,3.581210375,1,5.905311584,1,-4.72380352,1,-1.504088402,1,-1.239820957,1,2.063678265,1
3.947939634,0.768938601,1,6.39030838,1,-10.5982399,1,3.488144636,1,5.977122784,1,-4.843530178,1,-1.412893176,1,-1.256179929,1,1.982422113,1
3.951939344,0.274778754,1,6.671378136,1,-10.85922432,1,3.392023325,1,6.032126904,1,-4.945737362,1,-1.312360764,1,-1.27038908,1,1.89138186,1
3.955940962,-0.190665707,1,6.712060452,1,-11.17163086,1,3.290420771,1,6.080136299,1,-5.023308277,1,-1.202748895,1,-1.281904936,1,1.790814161,1
3.959938288,-0.835294724,1,6.6082201,1,-11.58093262,1,3.168740034,1,6.122740269,1,-5.088125706,1,-1.085287333,1,-1.290229082,1,1.68189621,1
3.963937998,-1.017965555,1,6.482460022,1,-12.22111034,1,3.028483629,1,6.147166729,1,-5.119702339,1,-0.962244749,1,-1.294920325,1,1.566831827,1
3.967939615,-1.62420702,1,6.550326824,1,-12.51588154,1,2.88900423,1,6.194744587,1,-5.12937355,1,-0.836926341,1,-1.295630813,1,1.448901653,1
3.97194314,-2.702266455,1,6.66010952,1,-13.06632519,1,2.784995556,1,6.263528824,1,-5.132660866,1,-0.71261549,1,-1.292184472,1,1.331473708,1
3.97594285,-3.629204988,1,6.626630783,1,-13.54219723,1,2.695026398,1,6.363993645,1,-5.114618301,1,-0.592619538,1,-1.284550667,1,1.217949033,1
3.979944468,-4.600003242,1,6.595143795,1,-13.92044449,1,2.610210419,1,6.504314423,1,-5.085306168,1,-0.479903609,1,-1.272839546,1,1.111332178,1
3.983942032,-5.092308044,1,6.684544563,1,-14.27291012,1,2.535055161,1,6.664910793,1,-5.039755821,1,-0.376584589,1,-1.257283688,1,1.013774395,1
3.987941742,-5.404481411,1,7.019331455,1,-14.59247208,1,2.491983652,1,6.833252907,1,-4.991526604,1,-0.28366679,1,-1.238245487,1,0.926395953,1
3.991943121,-5.370774746,1,7.35598135,1,-14.70655537,1,2.486721754,1,7.004410267,1,-4.907017231,1,-0.201403677,1,-1.216125131,1,0.849607646,1
3.995940924,-5.341691971,1,7.703579903,1,-14.7789402,1,2.531477928,1,7.165222645,1,-4.792948246,1,-0.129438847,1,-1.191362143,1,0.783266187,1
3.999940395,-5.394202709,1,7.903765678,1,-14.85041809,1,2.604231119,1,7.317961693,1,-4.632398129,1,-0.067027368,1,-1.164370179,1,0.726828218,1
4.003942013,-5.502322674,1,7.951782703,1,-14.91613007,1,2.703653097,1,7.475374699,1,-4.431128502,1,-0.013262114,1,-1.135527492,1,0.679554284,1
4.007939816,-5.455174923,1,7.986163139,1,-14.86495209,1,2.81529665,1,7.626091003,1,-4.185904503,1,0.032842655,1,-1.105143785,1,0.640610337,1
4.011939526,-5.685376644,1,8.133173943,1,-14.75497437,1,2.945991755,1,7.767184258,1,-3.912007809,1,0.072232038,1,-1.073554635,1,0.60918057,1
4.015941143,-5.911328793,1,8.734175682,1,-14.66022301,1,3.094650507,1,7.903330326,1,-3.614664316,1,0.105949238,1,-1.040994883,1,0.584342003,1
4.019938946,-6.311047077,1,9.194415092,1,-14.69064236,1,3.267275572,1,8.022594452,1,-3.319286346,1,0.135005757,1,-1.007710934,1,0.565223038,1
4.023938179,-6.973163605,1,9.110399246,1,-14.92199421,1,3.442331314,1,8.145060539,1,-3.022319317,1,0.160301372,1,-0.973870277,1,0.551032841,1
4.027940273,-7.670517445,1,8.489287376,1,-15.12147141,1,3.567631483,1,8.277634621,1,-2.736205816,1,0.182480887,1,-0.939531088,1,0.541067183,1
4.031937599,-8.177101135,1,7.583299637,1,-15.17580318,1,3.632794619,1,8.41292572,1,-2.451086283,1,0.20192562,1,-0.90477252,1,0.53475678,1
4.035937309,-8.457767487,1,6.680066109,1,-15.16167641,1,3.655688524,1,8.535173416,1,-2.192368031,1,0.218971178,1,-0.869681239,1,0.531590939,1
4.039938927,-8.609051704,1,5.890210629,1,-15.21439266,1,3.638426781,1,8.634513855,1,-1.958692431,1,0.233995304,1,-0.834351063,1,0.531033814,1
4.043936729,-8.744775772,1,5.429876804,1,-15.34452152,1,3.570712328,1,8.712193489,1,-1.770846009,1,0.24731876,1,-0.798872948,1,0.532557428,1
4.04793644,-8.728506088,1,5.043409824,1,-15.56560707,1,3.457556009,1,8.762273788,1,-1.623360038,1,0.259194642,1,-0.763329566,1,0.535650074,1
4.051938057,-8.778577805,1,4.747562408,1,-15.83740997,1,3.329992533,1,8.780292511,1,-1.517722249,1,0.26989466,1,-0.727821827,1,0.539891005,1
4.055935383,-9.138925552,1,4.736905575,1,-15.9225235,1,3.24366188,1,8.779230118,1,-1.455664277,1,0.279751867,1,-0.692411959,1,0.544930398,1
4.059935093,-9.987348557,1,5.009804249,1,-15.86893082,1,3.182951927,1,8.778190613,1,-1.455076575,1,0.289173663,1,-0.657082915,1,0.550408959,1
4.06393671,-11.65442276,1,4.487477303,1,-15.03102684,1,3.128552914,1,8.776581764,1,-1.516916275,1,0.298467427,1,-0.621760428,1,0.555997014,1
4.067934036,-12.97312641,1,2.821022511,1,-14.53669357,1,3.034718513,1,8.774936676,1,-1.598361969,1,0.307674229,1,-0.586401522,1,0.561511993,1
4.071933746,-13.99829197,1,1.596565366,1,-14.62940311,1,2.915722847,1,8.711330414,1,-1.675269246,1,0.316686958,1,-0.551071525,1,0.566891074,1
4.075935364,-14.97799778,1,1.016604066,1,-14.69370842,1,2.763517618,1,8.563346863,1,-1.78296268,1,0.325467885,1,-0.516092241,1,0.571951687,1
4.07993269,-15.87637997,1,0.376000851,1,-14.55170536,1,2.57916379,1,8.374458313,1,-1.905660629,1,0.333970994,1,-0.481660008,1,0.576504529,1
4.0839324,-17.01089478,1,-0.382010877,1,-14.30098152,1,2.394654512,1,8.161373138,1,-2.0442729,1,0.342133522,1,-0.447834611,1,0.580450118,1
4.087934017,-18.70557213,1,-0.971561909,1,-13.84380245,1,2.203611612,1,7.92674017,1,-2.187869072,1,0.349966049,1,-0.414691716,1,0.583707511,1
4.091937542,-20.94785881,1,-1.778734803,1,-13.20767879,1,2.005732536,1,7.668609619,1,-2.334816217,1,0.357405484,1,-0.382292628,1,0.586229622,1
4.095937252,-23.6386528,1,-2.606592178,1,-12.16306496,1,1.794120908,1,7.403879642,1,-2.463408709,1,0.364370584,1,-0.350702345,1,0.588009477,1
4.099938869,-26.31488419,1,-3.461951733,1,-10.84644604,1,1.564178824,1,7.100087643,1,-2.591159821,1,0.370739818,1,-0.319982708,1,0.589058638,1
4.103936672,-29.07538033,1,-3.892875671,1,-9.368876457,1,1.332351685,1,6.749600887,1,-2.697214127,1,0.376442194,1,-0.290321529,1,0.589341521,1
4.107936382,-31.93050766,1,-3.751368523,1,-7.747969627,1,1.140380979,1,6.332561016,1,-2.786547184,1,0.381510198,1,-0.26194185,1,0.58882004,1
4.111938,-34.85843658,1,-2.744599581,1,-6.104064941,1,1.02731812,1,5.847533703,1,-2.874231815,1,0.386179864,1,-0.235093534,1,0.587399542,1
4.115935802,-37.57650375,1,-1.170318842,1,-4.261754513,1,1.014584184,1,5.294622421,1,-2.943801403,1,0.390764534,1,-0.210050821,1,0.585020065,1
4.119935036,-40.12241364,1,0.347889185,1,-2.273999214,1,1.096829176,1,4.673034668,1,-2.999779224,1,0.395630062,1,-0.187056512,1,0.581622124,1
4.123936653,-43.20436478,1,1.929426193,1,-0.237791076,1,1.272040009,1,3.990123272,1,-3.029052973,1,0.401140422,1,-0.166402206,1,0.577160954,1
4.127934456,-46.77138901,1,3.040122509,1,2.104230642,1,1.499816537,1,3.287323236,1,-3.04925251,1,0.407546997,1,-0.148217082,1,0.571636915,1
4.131934166,-50.47318649,1,3.343499422,1,4.229607582,1,1.69376862,1,2.585983992,1,-3.05786705,1,0.414872587,1,-0.132563457,1,0.56506753,1
4.135935783,-53.3370018,1,3.466718674,1,5.982028961,1,1.810313344,1,1.862787366,1,-3.101966143,1,0.422892779,1,-0.119417667,1,0.557366967,1
4.139933586,-55.04859161,1,4.356741905,1,7.455396652,1,1.799198866,1,1.124930382,1,-3.138828516,1,0.431160629,1,-0.108808801,1,0.548416376,1
4.143933296,-56.10057831,1,6.071645737,1,8.486519814,1,1.688514113,1,0.371564716,1,-3.174414873,1,0.439229965,1,-0.100781143,1,0.53816241,1
4.147934914,-56.27980042,1,7.732766628,1,9.696069717,1,1.519646406,1,-0.322787583,1,-3.156706095,1,0.446785867,1,-0.095274486,1,0.526676178,1
4.15193224,-55.07891846,1,9.308607101,1,11.20857048,1,1.34322989,1,-0.927079022,1,-3.038472891,1,0.453659832,1,-0.092149116,1,0.514338553,1
4.15593195,-53.05855942,1,10.03292751,1,12.36047649,1,1.14644444,1,-1.433378458,1,-2.790540457,1,0.459792018,1,-0.091260739,1,0.501696944,1
4.159933567,-51.379776,1,10.26009941,1,13.27420425,1,0.956583381,1,-1.795263767,1,-2.408320665,1,0.465123653,1,-0.092424855,1,0.489429921,1
4.163931847,-49.90041351,1,10.28636837,1,13.85014439,1,0.757213533,1,-2.014526129,1,-1.921471834,1,0.469606996,1,-0.09536694,1,0.478180856,1
4.167931557,-48.23186493,1,9.91918087,1,14.13491821,1,0.551088154,1,-2.066547155,1,-1.372807503,1,0.473156482,1,-0.099672437,1,0.468531847,1
4.171932697,-46.07239151,1,9.583095551,1,14.27617836,1,0.369739205,1,-1.961527228,1,-0.788833678,1,0.475758195,1,-0.104885086,1,0.460951507,1
4.175930977,-42.77768707,1,9.368466377,1,14.42733383,1,0.226973712,1,-1.741840243,1,-0.222462788,1,0.47749725,1,-0.110567957,1,0.455722868,1
4.17993021,-19.18745232,1,-1.343132615,1,-0.023121566,1,-0.295803219,1,-1.699824572,1,0.478578359,1,0.478027552,1,-0.116677031,1,0.452959657,1
4.183931828,-28.0593071,1,-0.326916963,1,17.83462906,1,-1.964454412,1,-3.325979233,1,1.287774205,1,0.473549694,1,-0.126834854,1,0.451686144,1
4.18792963,-50.50682831,1,-5.009414673,1,36.60456467,1,-3.448373318,1,-3.906672478,1,2.435963869,1,0.462358534,1,-0.143430233,1,0.451029092,1
4.19192934,-1.455991983,1,1.077430964,1,22.19963455,1,-3.792524099,1,-4.96937418,1,2.984391689,1,0.447470844,1,-0.163787931,1,0.453161985,1
4.195930958,-26.63446236,1,12.26273537,1,15.137784,1,-4.177660465,1,-6.723040104,1,3.682188988,1,0.431214511,1,-0.190751776,1,0.455399513,1
4.199928761,-35.58276749,1,13.69050312,1,-12.45889854,1,-3.695664644,1,-7.406006336,1,3.159215689,1,0.414451778,1,-0.22240518,1,0.45634073,1
4.203928471,-50.43052292,1,10.75757313,1,-39.77734375,1,-2.345455885,1,-7.456318378,1,2.263087749,1,0.403476596,1,-0.254178494,1,0.454674602,1
4.207930088,-61.50941849,1,-5.746939182,1,-61.66662598,1,-1.929965734,1,-7.014382362,1,1.807956219,1,0.395998657,1,-0.283960223,1,0.450491816,1
4.211933613,-71.44885254,1,-10.76792717,1,-67.9437561,1,-1.8751086,1,-6.307096958,1,2.123489618,1,0.389340132,1,-0.311659664,1,0.447202414,1
4.215933323,-65.032547,1,-3.150269508,1,-58.93678284,1,-1.777640581,1,-5.102585793,1,2.959574699,1,0.381791949,1,-0.336701393,1,0.448024035,1
4.219935417,-40.96866608,1,1.973100901,1,-35.45386505,1,-1.662899971,1,-3.563048601,1,3.596667767,1,0.372598529,1,-0.357685953,1,0.454263031,1
4.22393322,-0.559613883,1,4.522771358,1,-15.9206419,1,-1.2231915,1,-3.119436502,1,4.135800362,1,0.363088787,1,-0.375235826,1,0.464738935,1
4.22793293,16.70681572,1,5.505639076,1,-6.574472427,1,-1.024177432,1,-3.982445955,1,4.729051113,1,0.353855431,1,-0.394711703,1,0.477353424,1
4.231934547,17.41403008,1,5.274424553,1,-1.124950171,1,-0.927324057,1,-4.387106419,1,4.771549225,1,0.344828308,1,-0.417068779,1,0.490540206,1
4.23593235,0.862746537,1,-0.475568056,1,0.924286544,1,-1.012177467,1,-4.504682541,1,4.58900404,1,0.335648566,1,-0.440182328,1,0.503513217,1
4.23993206,-19.78391075,1,-10.98907089,1,1.967478037,1,-1.5552665,1,-4.121544838,1,4.27182579,1,0.325108826,1,-0.462441742,1,0.515872955,1
4.243933678,-43.79388046,1,-17.52999306,1,-5.660542965,1,-2.229951143,1,-3.16134882,1,3.821817875,1,0.312016785,1,-0.481554121,1,0.528101146,1
4.24793148,-56.26074982,1,-13.79414177,1,-14.98382664,1,-2.241917849,1,-1.4136976,1,2.666441917,1,0.29766506,1,-0.494310677,1,0.539019048,1
4.251930714,-29.26331711,1,0.089798875,1,-10.33786297,1,-1.852563739,1,-0.384986401,1,1.962959409,1,0.285439909,1,-0.49995333,1,0.547836602,1
4.255932331,2.994195938,1,9.371797562,1,-8.603860855,1,-1.734168053,1,-0.537043989,1,1.981675506,1,0.274399042,1,-0.503816068,1,0.555873752,1
4.259930134,-4.390701294,1,3.150850296,1,-14.83917332,1,-1.594282269,1,-0.330528855,1,1.985036492,1,0.263595492,1,-0.507706285,1,0.564071834,1
4.263929844,-16.1406498,1,-1.319533825,1,-10.69340324,1,-1.354365945,1,-0.001202034,1,1.856126428,1,0.253821373,1,-0.510252416,1,0.57238245,1
4.267931461,-7.465365887,1,-4.939831734,1,-7.863255978,1,-1.33476615,1,-0.304611206,1,1.608628988,1,0.244699925,1,-0.512493789,1,0.580002606,1
4.271929264,-10.32848358,1,-2.976515055,1,-13.48771286,1,-1.244526982,1,-0.397358418,1,1.330219507,1,0.236527488,1,-0.515337527,1,0.586073995,1
4.275928497,-0.045874886,1,2.393362761,1,-13.17763233,1,-1.106943488,1,-0.590058267,1,1.386752367,1,0.22911723,1,-0.518381715,1,0.591595292,1
4.279930115,-6.484701157,1,2.981467485,1,-12.26152802,1,-0.979835272,1,-0.692019761,1,1.298497558,1,0.222237766,1,-0.522217155,1,0.597022772,1
4.283927917,-7.863971233,1,1.828503609,1,-9.664629936,1,-0.836473227,1,-0.698279679,1,1.117533445,1,0.21623759,1,-0.525974631,1,0.601755917,1
4.287927628,-9.80012989,1,0.830016255,1,-9.785282135,1,-0.701872587,1,-0.673471332,1,1.03909421,1,0.211031049,1,-0.529582024,1,0.605944872,1
4.291929245,-6.969898701,1,-2.339571238,1,-8.036107063,1,-0.648674607,1,-0.624592125,1,0.989168465,1,0.206371352,1,-0.532919645,1,0.609889507,1
4.295926571,-8.557501793,1,-4.021020889,1,-7.445892811,1,-0.673252642,1,-0.582906067,1,0.915663898,1,0.201829433,1,-0.536091864,1,0.613668442,1
4.299926758,-6.513194084,1,-3.530552626,1,-8.314893723,1,-0.715113044,1,-0.554209352,1,0.84632951,1,0.197236076,1,-0.538995564,1,0.61716032,1
4.303928375,-4.989743233,1,-1.536687732,1,-9.704735756,1,-0.716021359,1,-0.554833233,1,0.767413735,1,0.192719609,1,-0.541779459,1,0.620343685,1
4.307926178,-5.455457211,1,-0.168045282,1,-10.08281517,1,-0.655687392,1,-0.608666956,1,0.683205247,1,0.188523307,1,-0.544624329,1,0.623153865,1
4.311926365,-6.37128973,1,-0.726848602,1,-9.856613159,1,-0.594238281,1,-0.636929393,1,0.622412205,1,0.18475996,1,-0.547556639,1,0.625609338,1
4.315927982,-6.430492401,1,-0.313517332,1,-9.623931885,1,-0.553220034,1,-0.692396283,1,0.585116208,1,0.181302875,1,-0.550607979,1,0.627820373,1
4.319925785,-7.378965855,1,-0.355202734,1,-8.664917946,1,-0.48188737,1,-0.74179697,1,0.549970746,1,0.178165838,1,-0.553849757,1,0.629852295,1
4.323925495,-6.374983311,1,-1.222670317,1,-8.792103767,1,-0.4597179,1,-0.760149002,1,0.515095949,1,0.175323263,1,-0.557179153,1,0.631679893,1
4.327932835,-6.329645634,1,-1.676818252,1,-8.508172989,1,-0.464760423,1,-0.768311203,1,0.462854266,1,0.172589242,1,-0.560549796,1,0.633351743,1
4.331936836,-6.048837185,1,-0.363212287,1,-9.12170887,1,-0.493867517,1,-0.795933187,1,0.328879774,1,0.170004472,1,-0.563891768,1,0.634590209,1
4.335936546,-6.46446991,1,1.89225781,1,-10.20599556,1,-0.483596951,1,-0.860184431,1,0.14075388,1,0.167789578,1,-0.567307711,1,0.635036826,1
4.339938164,-6.165736675,1,1.627105832,1,-10.30288792,1,-0.420721918,1,-0.931041062,1,0.006174379,1,0.166163474,1,-0.570873439,1,0.634668529,1
4.343935966,-5.593668938,1,-0.197658896,1,-11.11742115,1,-0.386031568,1,-1.070257068,1,-0.043936651,1,0.165041387,1,-0.574793994,1,0.633779645,1
4.347935677,-5.168905735,1,-1.350242734,1,-11.03101349,1,-0.341546506,1,-1.188841939,1,-0.042517558,1,0.16418688,1,-0.579212487,1,0.632670939,1
4.351936817,-4.30976963,1,-2.935493946,1,-11.71042347,1,-0.294802427,1,-1.325747728,1,0.015039975,1,0.163529068,1,-0.584146738,1,0.631596327,1
4.355935097,-3.235272646,1,-5.252217293,1,-12.07243919,1,-0.403226584,1,-1.487858772,1,0.112232074,1,0.162627876,1,-0.58973223,1,0.630775034,1
4.35993433,-2.95941925,1,-3.061221838,1,-12.70278835,1,-0.47271505,1,-1.702313185,1,0.18586114,1,0.1611007,1,-0.596115053,1,0.630230606,1
4.363935947,-2.911382914,1,-3.08236289,1,-13.47033882,1,-0.502912223,1,-1.943490863,1,0.256164998,1,0.159382656,1,-0.603456259,1,0.62989074,1
4.367933273,-3.607082129,1,-0.913801849,1,-15.10696888,1,-0.395579517,1,-2.230089664,1,0.283734173,1,0.157699943,1,-0.611869216,1,0.629594922,1
4.371932983,-2.867502928,1,-0.473238617,1,-15.08795929,1,-0.275383413,1,-2.543078661,1,0.290294588,1,0.156611606,1,-0.621474206,1,0.629179657,1
4.375935078,-4.273734093,1,-2.477288961,1,-15.5025568,1,-0.232203841,1,-2.856959105,1,0.293725401,1,0.156039834,1,-0.632330298,1,0.628509402,1
4.37993288,-3.513432264,1,-3.201643229,1,-15.66447067,1,-0.278316766,1,-3.22589922,1,0.301783174,1,0.155506819,1,-0.644528151,1,0.627666235,1
4.383932114,-4.654776096,1,-2.872271061,1,-17.20354462,1,-0.25423339,1,-3.630074263,1,0.339687973,1,0.155100465,1,-0.658314049,1,0.626561642,1
4.387933254,-2.395288467,1,-4.422258854,1,-17.5482235,1,-0.359548181,1,-4.066679955,1,0.469553262,1,0.154530704,1,-0.673743963,1,0.62556839,1
4.391931057,-0.723788679,1,-3.713797331,1,-17.80772591,1,-0.417744368,1,-4.496811867,1,0.515763462,1,0.153490171,1,-0.690966487,1,0.624695778,1
4.395930767,-1.37847662,1,-4.275923729,1,-17.95280457,1,-0.42108795,1,-4.988080025,1,0.641658127,1,0.152355343,1,-0.710065424,1,0.6238814,1
4.399932384,-0.671678185,1,-5.511234283,1,-17.2023468,1,-0.485660911,1,-5.42768383,1,0.74827975,1,0.15088506,1,-0.731076539,1,0.62336874,1
4.403930187,-0.785972178,1,-6.169381142,1,-17.26781273,1,-0.513527155,1,-5.879050255,1,0.863256097,1,0.149063796,1,-0.753930688,1,0.623079062,1
4.407929897,0.416214198,1,-7.200654984,1,-16.58692169,1,-0.541931868,1,-6.322699547,1,1.094157577,1,0.146709949,1,-0.778624296,1,0.62341845,1
4.411931515,1.625097513,1,-7.472660542,1,-15.99734402,1,-0.566392958,1,-6.774300098,1,1.313993216,1,0.143490151,1,-0.80523777,1,0.624825358,1
4.415929317,1.416501284,1,-7.54818821,1,-15.64311886,1,-0.589828193,1,-7.229767323,1,1.582711101,1,0.139259383,1,-0.833777726,1,0.627433598,1
4.419929028,1.846635699,1,-6.497887135,1,-15.06456566,1,-0.572527349,1,-7.639506817,1,1.855393052,1,0.133798286,1,-0.864169002,1,0.631610155,1
4.423930645,1.535205841,1,-6.080240726,1,-14.40984821,1,-0.559045553,1,-8.068152428,1,2.133481979,1,0.126930639,1,-0.896376431,1,0.637595654,1
4.427928448,0.169213533,1,-5.202867508,1,-13.9307251,1,-0.617872953,1,-8.43239212,1,2.413571358,1,0.118095003,1,-0.9302665,1,0.645809233,1
4.431928158,-1.933359861,1,-5.35397768,1,-13.87549973,1,-0.768781006,1,-8.730409622,1,2.554414272,1,0.106944174,1,-0.965503752,1,0.656171918,1
4.435929775,-1.421860576,1,-2.995013237,1,-12.56298447,1,-0.881704807,1,-8.748192787,1,2.624531031,1,0.093414776,1,-1.001335144,1,0.668402612,1
4.439926624,-2.668302298,1,-1.916710258,1,-12.5632534,1,-0.997520685,1,-8.750879288,1,2.759814024,1,0.077554658,1,-1.037048578,1,0.681971788,1
4.443926334,-3.988424063,1,-0.499126643,1,-12.71480274,1,-1.030558944,1,-8.751144409,1,2.870837688,1,0.057831842,1,-1.072735429,1,0.699979901,1
4.447928429,-5.160525799,1,1.028185129,1,-12.75518036,1,-1.037647009,1,-8.752036095,1,2.960884333,1,0.034389254,1,-1.10824585,1,0.721715689,1
4.451926231,-5.259414673,1,3.28006196,1,-11.93950081,1,-0.897641122,1,-8.749848366,1,2.959619045,1,0.007131422,1,-1.143491387,1,0.747565031,1
4.45593214,-9.214247704,1,5.02910614,1,-12.32633877,1,-0.58042568,1,-8.743556023,1,2.88608408,1,-0.023531096,1,-1.178382754,1,0.777722597,1
4.459933758,-16.57148552,1,6.901727676,1,-11.92789364,1,-0.105328627,1,-8.732082367,1,2.703903675,1,-0.05690477,1,-1.212859869,1,0.812075377,1
4.463931561,-16.58130264,1,5.468855858,1,-11.25339413,1,0.412492603,1,-8.720419884,1,2.586636305,1,-0.093346052,1,-1.246878624,1,0.851385236,1
4.467931271,-16.8217411,1,4.622241497,1,-9.784995079,1,0.859006047,1,-8.710431099,1,2.539227724,1,-0.135514587,1,-1.280345559,1,0.898309588,1
4.471932411,-21.95957756,1,2.780718088,1,-10.14519978,1,1.262981296,1,-8.701357841,1,2.418511152,1,-0.18600525,1,-1.313142538,1,0.955155253,1
4.475930214,-26.60996628,1,2.078006268,1,-11.36179733,1,1.594593406,1,-8.694168091,1,2.281955719,1,-0.247801587,1,-1.345118165,1,1.024703622,1
4.479929447,-35.21972275,1,0.805200815,1,-11.96406555,1,1.980049133,1,-8.685081482,1,2.0423491,1,-0.325764239,1,-1.376034141,1,1.111670852,1
4.483931065,-40.6598587,1,0.188229159,1,-11.00629425,1,2.432017326,1,-7.681200504,1,1.804950953,1,-0.421866596,1,-1.403964162,1,1.218337893,1
4.487929344,-38.60359192,1,-3.884825945,1,-7.461006641,1,2.713132858,1,-6.476848125,1,1.920584917,1,-0.536260128,1,-1.425718665,1,1.344617963,1
4.491928577,-41.08616257,1,-5.817886353,1,-7.351252079,1,2.768474579,1,-5.311592579,1,1.711146355,1,-0.666240931,1,-1.441030979,1,1.486912251,1
4.495930195,-33.49941254,1,-5.905546188,1,-3.346982241,1,2.663032532,1,-4.152378559,1,1.569371939,1,-0.793946326,1,-1.450861216,1,1.626640081,1
4.499927998,-24.87112236,1,-4.818934917,1,-2.400616884,1,2.24080348,1,-3.112772465,1,1.548248053,1,-0.911883056,1,-1.455656767,1,1.755256176,1
4.503927708,-12.29430199,1,-6.231228828,1,0.60322386,1,1.754456997,1,-2.132371426,1,1.619719028,1,-1.009578228,1,-1.456438661,1,1.861689925,1
4.507929325,-10.03820705,1,-14.39273739,1,1.105702043,1,1.062456846,1,-1.407904387,1,1.677522182,1,-1.08453083,1,-1.454269528,1,1.942845941,1
4.511926174,-11.61323738,1,-16.01512146,1,-2.439173222,1,0.19722712,1,-0.917001903,1,1.939132571,1,-1.143314362,1,-1.449849606,1,2.004626036,1
4.515925884,-16.76503944,1,-12.02699852,1,-1.316139936,1,-0.802925348,1,-0.798950553,1,2.176164865,1,-1.194728136,1,-1.443587661,1,2.055212736,1
4.519927979,-28.86376953,1,-6.535614491,1,-2.023208141,1,-1.717339039,1,-0.714776993,1,2.478498459,1,-1.247022748,1,-1.435768127,1,2.102855921,1
4.523925304,-30.02401924,1,-3.705668688,1,-8.756623268,1,-2.13491559,1,-0.053875003,1,2.367354155,1,-1.286331296,1,-1.426935911,1,2.13466382,1
4.527925014,-13.43740177,1,-9.03153801,1,-3.049062252,1,-2.444877386,1,0.366478264,1,2.138046503,1,-1.307002783,1,-1.417998314,1,2.146262884,1
4.531927109,-3.840913773,1,-2.660642147,1,-0.708462059,1,-2.53014946,1,0.08045166,1,1.899497509,1,-1.323399782,1,-1.409951806,1,2.152762413,1
4.535924911,-2.123156309,1,2.715641737,1,-0.767992496,1,-2.350146294,1,-0.467449039,1,1.77215004,1,-1.3480165,1,-1.40303421,1,2.167751074,1
4.539924622,-4.391924381,1,1.956977844,1,-1.113110185,1,-2.076996326,1,-0.873739898,1,1.709779859,1,-1.380637407,1,-1.39674449,1,2.191846132,1
4.543925762,-6.675222397,1,0.217458174,1,-1.885719657,1,-1.695804596,1,-1.243263483,1,1.555285215,1,-1.417857051,1,-1.391018867,1,2.221984625,1
4.547923565,-9.297165871,1,-1.451277256,1,-2.70143652,1,-1.3685323,1,-1.55834794,1,1.400502801,1,-1.458365679,1,-1.385918021,1,2.256964922,1
4.551922798,-10.89546871,1,-3.915706396,1,-2.991059303,1,-1.138240814,1,-1.83325839,1,1.307252765,1,-1.501692414,1,-1.381141663,1,2.295973539,1
4.555924416,-11.32335091,1,-5.489962578,1,-3.101827383,1,-1.02282238,1,-2.082625151,1,1.317364931,1,-1.547468305,1,-1.376266122,1,2.338231802,1
4.559922218,-11.89274788,1,-6.645534992,1,-3.66357398,1,-0.999604166,1,-2.312632799,1,1.363459468,1,-1.595496416,1,-1.370893717,1,2.383112431,1
4.563921928,-12.29341316,1,-7.475211143,1,-4.533165455,1,-1.046257615,1,-2.512268066,1,1.414093614,1,-1.645114183,1,-1.364864588,1,2.429611444,1
4.567923546,-12.90314293,1,-7.688833237,1,-5.232712269,1,-1.147018671,1,-2.664619207,1,1.478185892,1,-1.695343971,1,-1.358080745,1,2.476490021,1
4.571921349,-13.95111465,1,-7.635737896,1,-6.231722355,1,-1.276864767,1,-2.788182974,1,1.559419036,1,-1.745108962,1,-1.350456238,1,2.522488594,1
4.575926781,-14.69091797,1,-8.205853462,1,-7.567358017,1,-1.425089002,1,-2.883037329,1,1.659870267,1,-1.7936517,1,-1.34191215,1,2.566739559,1
4.579928398,-15.12266445,1,-8.787799835,1,-9.131072998,1,-1.578759789,1,-2.972434282,1,1.808134317,1,-1.840341091,1,-1.332326174,1,2.608553886,1
4.583926201,-15.70960045,1,-8.948684692,1,-10.52739906,1,-1.726462722,1,-3.084387302,1,2.008643389,1,-1.884726524,1,-1.321543097,1,2.64747715,1
4.587925434,-16.38381767,1,-9.101233482,1,-12.05714607,1,-1.859827518,1,-3.205477476,1,2.236414194,1,-1.926748157,1,-1.309391499,1,2.683486223,1
4.591927528,-16.98787308,1,-9.127723694,1,-13.41895676,1,-1.979572773,1,-3.327377558,1,2.495053768,1,-1.966082573,1,-1.295792103,1,2.716311932,1
4.595924854,-17.59503555,1,-8.932733536,1,-14.26369762,1,-2.083617926,1,-3.437595844,1,2.762798071,1,-2.002336264,1,-1.280722141,1,2.745597124,1
4.599924564,-18.13055801,1,-8.948439598,1,-15.45822334,1,-2.169478655,1,-3.527201176,1,3.034995794,1,-2.035326242,1,-1.264226675,1,2.771211386,1
4.603926659,-18.39400673,1,-8.927279472,1,-16.63206291,1,-2.239192247,1,-3.601041079,1,3.281641483,1,-2.065074444,1,-1.246434808,1,2.793213844,1
4.607924461,-18.69487381,1,-8.808507919,1,-17.34052658,1,-2.287663698,1,-3.655438423,1,3.523205042,1,-2.091675043,1,-1.227480531,1,2.811769962,1
4.611924171,-19.48555946,1,-8.41274929,1,-18.14510727,1,-2.268170595,1,-3.678809881,1,3.748059988,1,-2.1150527,1,-1.207501769,1,2.826956749,1
4.615925789,-20.14345169,1,-7.874987602,1,-18.81043053,1,-2.175508022,1,-3.649427891,1,3.959970236,1,-2.135091543,1,-1.186668634,1,2.838900805,1
4.619923592,-21.25954247,1,-6.883235931,1,-19.47635651,1,-2.008315563,1,-3.58927083,1,4.140176773,1,-2.151596785,1,-1.165202618,1,2.847699404,1
4.623923302,-23.03988266,1,-6.197049618,1,-20.32639694,1,-1.740519643,1,-3.462325573,1,4.279431343,1,-2.164566517,1,-1.143362284,1,2.853664875,1
4.627924442,-24.01849937,1,-5.607556343,1,-21.26530457,1,-1.406098962,1,-3.261731625,1,4.367946625,1,-2.173786879,1,-1.121487021,1,2.856884956,1
4.631922245,-24.59216309,1,-5.374231339,1,-22.1341629,1,-1.031257391,1,-3.030753613,1,4.424808025,1,-2.179377556,1,-1.09983623,1,2.857655525,1
4.635921955,-24.80201149,1,-5.433422089,1,-22.90545464,1,-0.639359713,1,-2.794340134,1,4.467597008,1,-2.181488037,1,-1.078582168,1,2.856273651,1
4.639923573,-24.67621613,1,-6.402353287,1,-24.31615257,1,-0.270660013,1,-2.568896532,1,4.470276356,1,-2.180656195,1,-1.057768822,1,2.853251457,1
4.643921852,-24.2674675,1,-7.13988924,1,-25.92092133,1,0.051305529,1,-2.381129026,1,4.447514057,1,-2.177470446,1,-1.037463188,1,2.84908843,1
4.647921562,-24.27814865,1,-8.44687748,1,-26.95279884,1,0.306216687,1,-2.194067955,1,4.394807816,1,-2.172563076,1,-1.01768136,1,2.844206333,1
4.651923656,-25.02645302,1,-10.10966396,1,-26.99084282,1,0.452235758,1,-1.972607493,1,4.305628777,1,-2.166394711,1,-0.99860692,1,2.838745356,1
4.655920982,-25.3864727,1,-12.70131493,1,-26.67505836,1,0.457811356,1,-1.700207472,1,4.19542551,1,-2.159398794,1,-0.980391204,1,2.832602978,1
4.659920692,-24.57414627,1,-15.3365097,1,-26.06052399,1,0.278631866,1,-1.370624661,1,4.045251369,1,-2.152050257,1,-0.963258386,1,2.825522184,1
4.663922787,-23.23476028,1,-18.28650475,1,-24.77521324,1,-0.087510176,1,-1.041191816,1,3.895418882,1,-2.145087242,1,-0.947317421,1,2.817512751,1
4.667920589,-22.36340714,1,-20.31341743,1,-22.6769352,1,-0.604033172,1,-0.686187804,1,3.723232031,1,-2.139127731,1,-0.932628214,1,2.808458567,1
4.671919823,-21.17298508,1,-21.13798141,1,-21.23672676,1,-1.187714219,1,-0.345597535,1,3.538678408,1,-2.134654999,1,-0.919270217,1,2.798388004,1
4.67592144,-18.41269493,1,-20.93812943,1,-19.90691185,1,-1.784393191,1,-0.066394448,1,3.362389803,1,-2.131964445,1,-0.907175362,1,2.787456036,1
4.679919243,-15.68426323,1,-19.52637863,1,-19.1307354,1,-2.303019524,1,0.134350792,1,3.184631824,1,-2.13119483,1,-0.896177292,1,2.776012897,1
4.683918476,-12.15766716,1,-17.13208199,1,-18.24208069,1,-2.702131748,1,0.23906152,1,2.978391171,1,-2.132327795,1,-0.886134326,1,2.764543056,1
4.687920094,-8.652322769,1,-14.4399519,1,-17.35025978,1,-2.9458251,1,0.296278358,1,2.740270615,1,-2.135088205,1,-0.877221465,1,2.752218246,1
4.691917896,-5.371078491,1,-11.66989708,1,-16.57648468,1,-3.024135351,1,0.307170153,1,2.464794159,1,-2.139184237,1,-0.869078517,1,2.741925955,1
4.695923805,-2.522442579,1,-8.694537163,1,-15.67860794,1,-2.927345753,1,0.314081609,1,2.126049519,1,-2.14406395,1,-0.862016022,1,2.732647657,1
4.699925423,-0.431304216,1,-5.573205948,1,-14.57592869,1,-2.650467157,1,0.336662173,1,1.725018144,1,-2.149135828,1,-0.856233835,1,2.724555254,1
4.703923225,1.418677092,1,-2.902240038,1,-13.94298077,1,-2.203477383,1,0.344992876,1,1.280545831,1,-2.153780937,1,-0.851949871,1,2.717781305,1
4.707922935,2.0965271,1,-1.168126225,1,-13.67686462,1,-1.62717557,1,0.366249382,1,0.826587379,1,-2.157480478,1,-0.849222481,1,2.71247077,1
4.711924553,2.325380564,1,-0.071763612,1,-13.00224495,1,-0.96404016,1,0.444857091,1,0.404479206,1,-2.159608603,1,-0.848067522,1,2.70838666,1
4.715922356,2.537259102,1,-0.103161626,1,-11.8833046,1,-0.285956979,1,0.610273898,1,0.012205762,1,-2.159616947,1,-0.848540187,1,2.705064058,1
4.719922066,2.718766928,1,-0.756153047,1,-10.72591496,1,0.349306375,1,0.845479906,1,-0.364448041,1,-2.157176495,1,-0.850733399,1,2.702009439,1
4.723923683,3.302865028,1,-2.061923742,1,-9.505098343,1,0.888073146,1,1.155912638,1,-0.731117189,1,-2.152255535,1,-0.854764402,1,2.698782921,1
4.727921009,4.599161148,1,-3.361241341,1,-8.370534897,1,1.304688573,1,1.511427641,1,-1.078777552,1,-2.144965887,1,-0.860713124,1,2.694982052,1
4.731920242,5.702656269,1,-4.276079178,1,-7.355903149,1,1.604742289,1,1.912380576,1,-1.417765856,1,-2.135524988,1,-0.86860311,1,2.690254927,1
4.735922337,7.210845947,1,-4.723003864,1,-6.710937023,1,1.787795424,1,2.326850653,1,-1.771850824,1,-2.124177694,1,-0.878511608,1,2.684331179,1
4.739919662,8.256055832,1,-4.918814182,1,-6.34876585,1,1.895011187,1,2.711520433,1,-2.114409208,1,-2.111222982,1,-0.89039427,1,2.677128792,1
4.743919849,8.536026001,1,-4.593743801,1,-5.989177227,1,1.963379741,1,3.081790924,1,-2.456819296,1,-2.096824408,1,-0.904158235,1,2.668573618,1
4.74792099,8.365750313,1,-3.680582523,1,-5.762111664,1,2.013714075,1,3.447678566,1,-2.80959177,1,-2.080949068,1,-0.919777274,1,2.658565044,1
4.751918793,8.366549492,1,-2.530841827,1,-5.591229916,1,2.063203335,1,3.804051399,1,-3.173795938,1,-2.063468456,1,-0.937250674,1,2.646921158,1
4.755918026,8.528903961,1,-1.437668324,1,-5.329213619,1,2.141226768,1,4.133503914,1,-3.53889823,1,-2.044205189,1,-0.956523418,1,2.633527994,1
4.759919643,8.510216713,1,-0.374788374,1,-5.385826588,1,2.255592585,1,4.4456954,1,-3.899511814,1,-2.022775888,1,-0.977496922,1,2.618166685,1
4.763917446,8.163018227,1,0.885033131,1,-5.451619625,1,2.417126894,1,4.733557701,1,-4.272002697,1,-1.998762846,1,-1.000101686,1,2.60059762,1
4.767917156,7.275191784,1,2.069950819,1,-5.657594681,1,2.591163158,1,4.998943806,1,-4.643588543,1,-1.971737266,1,-1.024264097,1,2.580528259,1
4.771918774,6.359996319,1,2.843031406,1,-5.752323627,1,2.780309677,1,5.239997387,1,-4.998886108,1,-1.941148043,1,-1.049832463,1,2.557476044,1
4.775916576,5.312866688,1,3.117352724,1,-6.018077374,1,2.947555065,1,5.462112427,1,-5.342711449,1,-1.906420231,1,-1.076652646,1,2.530863047,1
4.779916286,4.390944004,1,3.107604027,1,-6.17671442,1,3.074088335,1,5.654806614,1,-5.660015583,1,-1.866939068,1,-1.104491949,1,2.49994278,1
4.783917904,3.579337597,1,2.626152277,1,-6.180626392,1,3.133674622,1,5.827252865,1,-5.939521313,1,-1.821898818,1,-1.133053541,1,2.463701725,1
4.787915707,2.763067722,1,1.946250319,1,-6.268362522,1,3.143999577,1,5.985059261,1,-6.15395546,1,-1.77019906,1,-1.161925554,1,2.420792103,1
4.791915417,1.960850477,1,1.294396758,1,-6.514118195,1,3.109061718,1,6.117981434,1,-6.314005375,1,-1.710469246,1,-1.190612197,1,2.369654179,1
4.795917034,1.008768797,1,0.941989362,1,-6.910897732,1,3.030843019,1,6.243930817,1,-6.438265324,1,-1.641020536,1,-1.218585014,1,2.308438778,1
4.79991436,0.056085069,1,0.818534315,1,-7.327623844,1,2.919011116,1,6.363162041,1,-6.518517494,1,-1.559754014,1,-1.245261073,1,2.234905481,1
4.80391407,-0.889575481,1,0.689988256,1,-7.877110958,1,2.808076859,1,6.472049236,1,-6.558328629,1,-1.464398742,1,-1.26989603,1,2.146727085,1
4.807916641,-1.801753759,1,0.714392602,1,-8.320448875,1,2.688768625,1,6.577406883,1,-6.575084686,1,-1.352818251,1,-1.291636705,1,2.041774511,1
4.811914444,-2.688504934,1,0.819097221,1,-8.712677956,1,2.57118392,1,6.682894707,1,-6.567085743,1,-1.223802805,1,-1.309524655,1,1.918831587,1
4.815920353,-3.406278849,1,0.943428159,1,-9.166864395,1,2.457431793,1,6.789063454,1,-6.539682865,1,-1.078143001,1,-1.322518468,1,1.778716207,1
4.81992197,-3.463732958,1,1.35116899,1,-9.878097534,1,2.35874033,1,6.882966518,1,-6.46909523,1,-0.919852614,1,-1.329627395,1,1.625511289,1
4.823919773,-3.767586231,1,1.92305553,1,-10.10130978,1,2.308018684,1,6.970030785,1,-6.371349812,1,-0.75661087,1,-1.33020401,1,1.467039108,1
4.827919483,-4.797254086,1,2.427295923,1,-10.46169186,1,2.335719347,1,7.075103283,1,-6.245961666,1,-0.59724319,1,-1.324100971,1,1.312395811,1
4.831921101,-5.982757568,1,2.350286007,1,-10.75886059,1,2.404000998,1,7.203303337,1,-6.096427441,1,-0.449643612,1,-1.311683893,1,1.169758916,1
4.835918903,-7.00180912,1,1.897714257,1,-11.02534008,1,2.452940226,1,7.344339371,1,-5.930803776,1,-0.318968028,1,-1.293704271,1,1.044338107,1
4.839918613,-7.795109749,1,1.390776992,1,-11.26521969,1,2.461983442,1,7.505135536,1,-5.733417988,1,-0.207126483,1,-1.271066189,1,0.937956691,1
4.843919754,-8.428416252,1,1.046044946,1,-11.2988987,1,2.45913744,1,7.67609024,1,-5.539841652,1,-0.113486357,1,-1.244681597,1,0.849901974,1
4.847918034,-8.747114182,1,0.965503812,1,-11.30421066,1,2.454163074,1,7.849036217,1,-5.318452835,1,-0.036033127,1,-1.21531868,1,0.778163135,1
4.851917267,-8.879561424,1,1.074197888,1,-11.28958702,1,2.452425718,1,8.017025948,1,-5.086019993,1,0.027590947,1,-1.183664799,1,0.72042942,1
4.855918884,-8.944490433,1,1.35208559,1,-11.1422205,1,2.471664429,1,8.177236557,1,-4.844900131,1,0.079802856,1,-1.150244832,1,0.674366474,1
4.859917164,-8.762495041,1,1.908752799,1,-10.93781948,1,2.516693592,1,8.31216526,1,-4.597135067,1,0.122786015,1,-1.115505219,1,0.637926877,1
4.863916397,-8.47995472,1,2.669380188,1,-10.7005024,1,2.601664066,1,8.408184052,1,-4.335429192,1,0.158423483,1,-1.0798738,1,0.609390974,1
4.867918491,-7.939319611,1,3.352082014,1,-10.331213,1,2.726452589,1,8.484168053,1,-4.058624744,1,0.188260168,1,-1.043689728,1,0.587413907,1
4.871916771,-7.924678326,1,4.099998951,1,-9.903672218,1,2.895236015,1,8.507959366,1,-3.775167465,1,0.213634342,1,-1.00725913,1,0.57087189,1
4.875916004,-8.47389698,1,4.150007248,1,-9.337785721,1,3.098639011,1,8.552906036,1,-3.475142717,1,0.235561773,1,-0.970754862,1,0.558974981,1
4.879917622,-9.120933533,1,3.136726141,1,-9.138590813,1,3.287638664,1,8.60135746,1,-3.14513278,1,0.254713565,1,-0.93426311,1,0.551158369,1
4.883915901,-9.83188343,1,2.321112633,1,-9.28305912,1,3.453927755,1,8.655164719,1,-2.825231791,1,0.271529704,1,-0.897838116,1,0.546975672,1
4.887915611,-10.50095558,1,1.649932861,1,-9.390352249,1,3.548161507,1,8.701869965,1,-2.554204464,1,0.286499798,1,-0.861513257,1,0.545755148,1
4.891917229,-10.2435503,1,0.534358025,1,-9.501458168,1,3.570196629,1,8.738239288,1,-2.331512451,1,0.299917191,1,-0.825291395,1,0.546865582,1
4.895915031,-10.30492973,1,-0.301164299,1,-10.05080032,1,3.523835897,1,8.757964134,1,-2.174619198,1,0.312048525,1,-0.789220333,1,0.549716353,1
4.899914742,-10.8781414,1,-0.490992725,1,-10.51804733,1,3.453757048,1,8.781929016,1,-2.101014376,1,0.323248327,1,-0.753231049,1,0.553690612,1
4.903916359,-11.10628033,1,-0.514009833,1,-10.87188435,1,3.370251894,1,8.785165787,1,-2.094641447,1,0.333808064,1,-0.717269301,1,0.558287919,1
4.907914162,-11.39751625,1,-0.325493246,1,-11.02140141,1,3.288690805,1,8.784154892,1,-2.13837266,1,0.343997031,1,-0.68132323,1,0.563142538,1
4.911913872,-11.47914505,1,-0.133147627,1,-11.2014513,1,3.234258175,1,8.782951355,1,-2.235230207,1,0.354066372,1,-0.645324826,1,0.567979693,1
4.915915966,-11.83463383,1,0.344720244,1,-11.3595314,1,3.207864046,1,8.782576561,1,-2.371287823,1,0.364229769,1,-0.609203041,1,0.572594225,1
4.919913292,-12.69638634,1,0.729455352,1,-11.26813984,1,3.185534716,1,8.784500122,1,-2.550528526,1,0.374663889,1,-0.57288599,1,0.576824427,1
4.923913002,-13.73961544,1,0.456764847,1,-10.92662334,1,3.182402372,1,8.74549675,1,-2.77128005,1,0.385474443,1,-0.536378801,1,0.580491662,1
4.927915096,-15.35511303,1,-0.536531031,1,-10.35991383,1,3.137080193,1,8.701867104,1,-3.004712105,1,0.396626592,1,-0.499724776,1,0.583512068,1
4.931912899,-16.90857697,1,-1.378849983,1,-9.885968208,1,3.026855946,1,8.633225441,1,-3.272074461,1,0.407910347,1,-0.462900102,1,0.58579886,1
4.935918808,-17.80131721,1,-2.184703588,1,-9.632518768,1,2.817354441,1,8.500212669,1,-3.540732145,1,0.418996811,1,-0.426034898,1,0.587233663,1
4.939920425,-18.39428329,1,-2.892252207,1,-9.881717682,1,2.553419113,1,8.283542633,1,-3.793069601,1,0.430686712,1,-0.389555812,1,0.589853704,1
4.943918705,-19.34419441,1,-2.980272532,1,-10.54622746,1,2.293353558,1,7.976258278,1,-4.024178028,1,0.440531909,1,-0.353455484,1,0.589382648,1
4.947917938,-21.54165077,1,-2.697646141,1,-11.48502827,1,2.111956358,1,7.632742405,1,-4.217063904,1,0.449812233,1,-0.318177581,1,0.587868094,1
4.951919556,-25.18014717,1,-2.540150166,1,-12.47448826,1,2.031984091,1,7.264267921,1,-4.390867233,1,0.458818257,1,-0.283849239,1,0.58535707,1
4.955917835,-29.84947777,1,-2.435069799,1,-13.01751232,1,2.018836737,1,6.918170452,1,-4.54425478,1,0.467807114,1,-0.250489056,1,0.581925333,1
4.959917068,-34.42301178,1,-2.174362183,1,-12.90412331,1,2.039688826,1,6.588923931,1,-4.688891888,1,0.476906598,1,-0.218025953,1,0.577656507,1
4.963918686,-38.23046494,1,-1.879000783,1,-11.82128048,1,2.082764864,1,6.275461197,1,-4.806854248,1,0.486160308,1,-0.186422482,1,0.572636724,1
4.967916489,-40.95282745,1,-1.830393553,1,-9.861652374,1,2.138580084,1,5.938373089,1,-4.897887707,1,0.495569915,1,-0.155731171,1,0.566946268,1
4.971916199,-42.76583481,1,-2.061462402,1,-7.488231182,1,2.131656647,1,5.530107975,1,-4.957926273,1,0.505013466,1,-0.126127884,1,0.56058836,1
4.975918293,-44.30649567,1,-1.705396414,1,-5.160348415,1,2.025489807,1,4.966167927,1,-4.965600491,1,0.514139116,1,-0.098074161,1,0.553468823,1
4.979915619,-46.12350082,1,-1.069641709,1,-2.866658449,1,1.851921797,1,4.252020836,1,-4.922084332,1,0.522597134,1,-0.072230063,1,0.545381606,1
4.983915329,-48.23718643,1,-0.281934142,1,-1.500404,1,1.664512396,1,3.385321856,1,-4.841095924,1,0.530187726,1,-0.049156435,1,0.536198139,1
4.987917423,-50.34170151,1,2.393604755,1,-1.151796341,1,1.524597526,1,2.40405488,1,-4.770239353,1,0.536992729,1,-0.029386915,1,0.525517344,1
4.991915226,-53.22774506,1,5.771345139,1,-0.628691316,1,1.41584301,1,1.384477973,1,-4.697688103,1,0.543093801,1,-0.013171756,1,0.513172984,1
4.995914936,-56.48881149,1,7.94022131,1,0.063253611,1,1.386034369,1,0.476993531,1,-4.624907017,1,0.54879415,1,-0.000346154,1,0.499141037,1
4.999916553,-58.1754303,1,7.614249229,1,1.192515612,1,1.2946558,1,-0.246809721,1,-4.497793198,1,0.554119945,1,0.009580208,1,0.483795047,1
5.003914356,-58.64153671,1,6.223855019,1,3.226792574,1,1.052957058,1,-0.807682216,1,-4.286087036,1,0.558642447,1,0.017058382,1,0.467709094,1
5.007913589,-58.07545471,1,4.749509811,1,5.369262218,1,0.657896161,1,-1.232200623,1,-3.934482098,1,0.56177336,1,0.022335093,1,0.451572299,1
5.01191473,-56.39167786,1,5.613862038,1,7.352907181,1,0.21541518,1,-1.563618302,1,-3.460074425,1,0.563148618,1,0.025499547,1,0.436053991,1
5.01591301,-53.23842621,1,8.258255005,1,9.162996292,1,-0.154585913,1,-1.849850774,1,-2.876329422,1,0.562852204,1,0.026498448,1,0.421665251,1
5.019912243,-49.42343521,1,11.33204937,1,10.39060974,1,-0.351846248,1,-2.121371269,1,-2.149310827,1,0.561467767,1,0.025141692,1,0.408896118,1
5.02391386,-45.59164047,1,13.76334095,1,10.99275112,1,-0.355478644,1,-2.358915567,1,-1.307255983,1,0.559770405,1,0.021247895,1,0.398252279,1
5.027911663,-42.10883713,1,14.4993782,1,11.20279408,1,-0.211846903,1,-2.568647623,1,-0.430333853,1,0.558447182,1,0.014737775,1,0.390064746,1
5.031911373,-39.40521622,1,13.42490959,1,10.64535999,1,-0.044799246,1,-2.722660303,1,0.411278933,1,0.557891369,1,0.005750323,1,0.384426594,1
5.035912991,-36.98630524,1,10.86987877,1,9.994880676,1,-0.001752064,1,-2.83810997,1,1.147417188,1,0.557835937,1,-0.005355346,1,0.381213725,1
5.039910793,-27.84170723,1,2.267141342,1,1.032602549,1,-0.376888573,1,-3.017444849,1,1.772541523,1,0.55736804,1,-0.01827096,1,0.379994154,1
5.043910027,-11.8667469,1,-12.04271889,1,10.37759686,1,-2.894369125,1,-4.865623474,1,2.388236046,1,0.550799489,1,-0.035623081,1,0.379199147,1
5.047912121,-64.06922913,1,5.241775513,1,26.96170616,1,-3.66513586,1,-6.00031662,1,3.649635077,1,0.537168562,1,-0.061204638,1,0.377953023,1
5.051909447,19.72460938,1,-2.781600237,1,0.806293786,1,-3.686156511,1,-6.159066677,1,3.677067518,1,0.522625744,1,-0.089367017,1,0.378697455,1
5.055914879,-25.28133965,1,-9.232544899,1,-11.18053055,1,-4.738192558,1,-7.329516411,1,4.056334019,1,0.505859017,1,-0.120477758,1,0.378782451,1
5.059916973,-26.90755653,1,-10.59254169,1,-34.56300735,1,-4.153634071,1,-7.444280148,1,3.803390503,1,0.48766619,1,-0.15416275,1,0.378542453,1
5.063914299,-34.46191788,1,-19.95545197,1,-55.45674133,1,-3.959871292,1,-7.350196838,1,3.611908197,1,0.471850008,1,-0.187300488,1,0.378063023,1
5.067914009,-61.03829193,1,-34.62549591,1,-63.03079224,1,-4.907934189,1,-7.332089424,1,3.760233164,1,0.454228491,1,-0.220011517,1,0.377846152,1
5.071916103,-75.29277802,1,-16.11083794,1,-60.66517258,1,-5.058433533,1,-6.715492249,1,4.839074612,1,0.433419317,1,-0.253002614,1,0.381300151,1
5.075913906,-67.40943146,1,6.258091927,1,-48.00017548,1,-4.977245808,1,-5.127184391,1,5.22259903,1,0.410672665,1,-0.28314507,1,0.390363455,1
5.079913616,-26.35660362,1,18.0479641,1,-26.04449272,1,-4.104142666,1,-3.869072437,1,5.248316288,1,0.388515443,1,-0.307399511,1,0.403272629,1
5.083915234,9.400111198,1,24.57420158,1,-13.47417164,1,-2.968865633,1,-4.264282703,1,5.807229042,1,0.369637847,1,-0.330382049,1,0.41861999,1
5.087913036,20.87557602,1,18.16262627,1,-0.70368284,1,-2.515327215,1,-4.704553604,1,6.612504482,1,0.352966547,1,-0.356040657,1,0.436648369,1
5.09191227,7.722790718,1,6.535105705,1,6.115479469,1,-2.858565092,1,-4.948990822,1,6.556735516,1,0.335197955,1,-0.383152902,1,0.456476212,1
5.095913887,-27.16483307,1,-13.35710907,1,3.224476337,1,-3.682154655,1,-4.325659275,1,5.80174017,1,0.315120816,1,-0.409008324,1,0.475600958,1
5.09991169,-58.59917068,1,-33.95154572,1,-17.77849007,1,-4.742517948,1,-2.717695475,1,3.652985096,1,0.291834354,1,-0.428525716,1,0.49105376,1
5.103910923,-87.51486969,1,-21.67063522,1,-22.12425041,1,-3.917034149,1,-0.936802447,1,1.619943619,1,0.270410001,1,-0.438186705,1,0.499397546,1
5.10791254,-10.42266941,1,30.1125946,1,-10.11031055,1,-2.821817398,1,-0.744619012,1,1.560983539,1,0.254832208,1,-0.442521244,1,0.505021274,1
5.111910343,9.539640427,1,39.9511261,1,-20.78744125,1,-2.344840765,1,-0.854586422,1,1.97721076,1,0.241455659,1,-0.447644174,1,0.511602461,1
5.115910053,-14.43260193,1,13.96910763,1,-16.81946564,1,-1.420094609,1,-0.312570363,1,1.88985002,1,0.230480462,1,-0.451586038,1,0.519790173,1
5.119912148,-11.29376221,1,-9.777269363,1,-5.181840897,1,-1.168130279,1,-0.755817533,1,1.020424962,1,0.222998828,1,-0.454893708,1,0.525596201,1
5.123909473,-16.27359009,1,-4.358278275,1,-14.34278393,1,-1.094552636,1,-0.78749007,1,0.818977773,1,0.217132449,1,-0.458882421,1,0.528508782,1
5.127909184,1.8590343,1,2.747004509,1,-11.99453259,1,-0.961383164,1,-0.717241704,1,1.072613358,1,0.211504012,1,-0.462477624,1,0.531985641,1
5.131911278,-5.294408321,1,-3.920386791,1,-11.84780216,1,-0.88226223,1,-0.864721298,1,0.960349798,1,0.206102893,1,-0.466461986,1,0.535834014,1
5.135909081,-8.440209389,1,-3.428606749,1,-9.779802322,1,-0.793896198,1,-0.931967378,1,0.782684147,1,0.201420665,1,-0.470691353,1,0.538729787,1
5.139908791,-6.533480644,1,-1.809039354,1,-10.56982422,1,-0.753422081,1,-0.934371531,1,0.877177596,1,0.197055832,1,-0.475032717,1,0.541553617,1
5.143910408,-5.481500149,1,-4.69140625,1,-10.1890316,1,-0.721375287,1,-0.981374502,1,0.874178886,1,0.192699879,1,-0.479447991,1,0.544641674,1
5.147908211,-7.883378983,1,0.950609863,1,-9.760207176,1,-0.617922604,1,-1.047920108,1,0.796998143,1,0.188665003,1,-0.484087557,1,0.547456324,1
5.151907921,-7.906579018,1,3.821937323,1,-9.739481926,1,-0.428102136,1,-1.069373608,1,0.758361876,1,0.185384482,1,-0.488841027,1,0.550014436,1
5.155909538,-5.609102249,1,-0.387237012,1,-10.04677296,1,-0.287420124,1,-1.110539436,1,0.705895424,1,0.182872191,1,-0.493644327,1,0.552389622,1
5.159907341,-5.077010155,1,-1.254275441,1,-10.22350883,1,-0.197683439,1,-1.164796948,1,0.646274149,1,0.180889055,1,-0.498621017,1,0.55445832,1
5.163906574,-4.523528576,1,-2.424710274,1,-10.72494507,1,-0.106847897,1,-1.214137435,1,0.665932059,1,0.179409847,1,-0.503757417,1,0.556399941,1
5.167908192,-6.849077225,1,-6.062275887,1,-9.953117371,1,-0.157365441,1,-1.307765484,1,0.717178285,1,0.177877113,1,-0.509223461,1,0.558507204,1
5.171905994,-6.174674034,1,-4.759346962,1,-9.829646111,1,-0.118549615,1,-1.380695105,1,0.77165401,1,0.176178589,1,-0.515042126,1,0.560773909,1
5.175911903,-4.751167297,1,-0.714542925,1,-11.09343719,1,-0.098701879,1,-1.451704621,1,0.806777835,1,0.174495384,1,-0.521179795,1,0.563248575,1
5.179913521,-3.874757051,1,-0.88684386,1,-12.44040871,1,0.005998023,1,-1.610877275,1,0.781768203,1,0.173166156,1,-0.52772826,1,0.565637112,1
5.183911324,-5.0926404,1,-1.220973849,1,-12.28777695,1,0.025452053,1,-1.792562842,1,0.770724356,1,0.17208606,1,-0.534969389,1,0.567821085,1
5.187911034,-5.582264423,1,-2.756754637,1,-13.05044842,1,-0.0052124,1,-2.001353979,1,0.770669758,1,0.17103447,1,-0.542347729,1,0.572214663,1
5.191913128,-5.130124092,1,-2.320977688,1,-14.98314285,1,-0.056178201,1,-2.31047821,1,0.745020807,1,0.16995509,1,-0.551341355,1,0.574012697,1
5.195910454,-3.76241827,1,-2.921173096,1,-17.11103058,1,-0.080860905,1,-2.691825151,1,0.722123146,1,0.168933079,1,-0.561653435,1,0.57543093,1
5.199909687,-1.604357839,1,-2.188204765,1,-18.42999649,1,-0.153667629,1,-3.137818098,1,0.663916469,1,0.167926013,1,-0.573590636,1,0.576391101,1
5.203911781,-2.10521698,1,-0.88428843,1,-19.60132217,1,-0.071159981,1,-3.593152046,1,0.624768078,1,0.167308271,1,-0.587291956,1,0.576713741,1
5.207909584,-1.782487869,1,-2.430871964,1,-20.94354057,1,-0.083488859,1,-4.169909954,1,0.634273648,1,0.167092845,1,-0.603010535,1,0.576570451,1
5.211909294,-4.207705975,1,-2.481992006,1,-21.46934509,1,-0.093114868,1,-4.756155968,1,0.625456631,1,0.167046085,1,-0.621024311,1,0.576000929,1
5.215910912,0.406761289,1,-6.11874485,1,-21.09336662,1,-0.26509726,1,-5.404159069,1,0.734216511,1,0.166915715,1,-0.641502738,1,0.575117767,1
5.219908714,-0.103153378,1,-6.881068707,1,-22.67906952,1,-0.460413933,1,-6.071344852,1,0.930152833,1,0.165848374,1,-0.664672256,1,0.574417174,1
5.223908424,3.989748001,1,-5.077810764,1,-21.76799011,1,-0.403680354,1,-6.743755817,1,1.08970058,1,0.164239094,1,-0.690610826,1,0.574145436,1
5.227910042,2.415469646,1,-7.246807575,1,-22.25827599,1,-0.301903993,1,-7.418466568,1,1.326007605,1,0.162705973,1,-0.719337583,1,0.574312329,1
5.231907845,4.248897076,1,-8.588281631,1,-20.55554962,1,-0.319719046,1,-8.038631439,1,1.575733542,1,0.160812125,1,-0.750773311,1,0.575358391,1
5.235907555,5.740912437,1,-10.69721794,1,-20.18733025,1,-0.425160795,1,-8.676999092,1,1.836913109,1,0.157929346,1,-0.784897327,1,0.577349126,1
5.239909172,4.406743526,1,-8.904227257,1,-20.26423264,1,-0.469634473,1,-8.736153603,1,2.176150322,1,0.153560966,1,-0.820598423,1,0.58092922,1
5.243906975,4.072979927,1,-5.941383362,1,-18.70634842,1,-0.4573569,1,-8.737384796,1,2.483361244,1,0.147231609,1,-0.856550932,1,0.586916924,1
5.247906208,5.664931297,1,-4.98244524,1,-18.81189919,1,-0.398800224,1,-8.738208771,1,2.786799669,1,0.138960823,1,-0.892649293,1,0.595407724,1
5.251908302,0.860539198,1,-3.969632864,1,-19.64522743,1,-0.359451234,1,-8.739224434,1,3.030073166,1,0.128586322,1,-0.928847313,1,0.606652498,1
5.255905628,0.085136749,1,-2.787517786,1,-17.54143333,1,-0.31339097,1,-8.739689827,1,3.167539597,1,0.115997672,1,-0.965060532,1,0.620449364,1
5.259904861,1.147247553,1,-2.643878937,1,-16.32063293,1,-0.160009921,1,-8.737425804,1,3.321745634,1,0.101422444,1,-1.001209497,1,0.636820078,1
5.263906956,-3.978651762,1,-0.29113102,1,-15.01531124,1,-0.091540776,1,-8.736804008,1,3.575078964,1,0.083868332,1,-1.03728354,1,0.656840622,1
5.267904282,-8.224027634,1,2.917424679,1,-14.11036491,1,0.077320933,1,-8.733686447,1,3.678345919,1,0.062581271,1,-1.073202014,1,0.681196451,1
5.271904469,-16.48680878,1,6.632449627,1,-13.59876633,1,0.583773732,1,-8.721280098,1,3.368053436,1,0.040073242,1,-1.108795285,1,0.707949162,1
5.275906086,-23.84139633,1,8.526889801,1,-14.67847538,1,1.291729808,1,-8.706501007,1,3.256273985,1,0.018114617,1,-1.144022942,1,0.736425459,1
5.279903889,-29.36186409,1,7.328306675,1,-15.32062912,1,1.982002616,1,-8.690562248,1,3.076135874,1,-0.003921631,1,-1.178907275,1,0.767592251,1
5.283903599,-32.71548843,1,4.90753603,1,-14.49697113,1,2.459338903,1,-8.679091454,1,2.816318274,1,-0.026412291,1,-1.213463068,1,0.801365018,1
5.287905216,-35.6818924,1,3.019178867,1,-15.84851837,1,2.930539131,1,-8.667160988,1,2.534896374,1,-0.049680717,1,-1.247724771,1,0.837456703,1
5.291903019,-50.33343506,1,1.795921087,1,-13.74764824,1,3.621720076,1,-8.652039528,1,2.261931181,1,-0.073421314,1,-1.281713486,1,0.876088917,1
5.295908928,-55.2613678,1,-1.63655889,1,-11.1437149,1,4.13015604,1,-8.64182663,1,2.146062374,1,-0.100374095,1,-1.315401793,1,0.920216918,1
5.299910545,-61.2193718,1,-6.146062374,1,-5.763887882,1,4.303693295,1,-7.297140598,1,1.879976034,1,-0.130928054,1,-1.346691728,1,0.969129443,1
5.303908825,-55.61389923,1,-4.605876923,1,-4.762423038,1,3.774240494,1,-5.321561337,1,1.833449244,1,-0.166802943,1,-1.370501518,1,1.022535086,1
5.307908058,-32.16965866,1,-8.628744125,1,3.227257729,1,3.188518524,1,-3.488460541,1,1.73386991,1,-0.204936519,1,-1.386482358,1,1.07552588,1
5.311909676,-8.10750103,1,-20.46150017,1,6.638580799,1,2.160403013,1,-2.091153145,1,1.87792933,1,-0.246238619,1,-1.395594239,1,1.128600001,1
5.315907478,1.875426412,1,-26.59462929,1,3.512542248,1,0.234483317,1,-1.445746422,1,2.221592903,1,-0.297226995,1,-1.399912715,1,1.185414195,1
5.319907188,-16.73876762,1,-10.93482971,1,5.559914112,1,-1.450986743,1,-2.147982121,1,2.570688009,1,-0.364438891,1,-1.40365541,1,1.250950217,1
5.323909283,-52.67383575,1,-9.000113487,1,-8.305356979,1,-2.65530324,1,-1.48617208,1,2.552559614,1,-0.447576761,1,-1.406687856,1,1.326647162,1
5.327906609,-33.62373352,1,-5.79988575,1,-9.249644279,1,-3.556164265,1,-0.599328995,1,2.451003075,1,-0.525232553,1,-1.40544188,1,1.392654896,1
5.331906796,-6.679276943,1,0.5492872,1,-6.22413063,1,-3.602722645,1,-0.81370151,1,1.918544531,1,-0.591799438,1,-1.403025985,1,1.445428252,1
5.335908413,1.077293158,1,4.393431187,1,-1.451602936,1,-3.274470329,1,-1.7975564,1,1.745816827,1,-0.657880068,1,-1.402877569,1,1.498498559,1
5.339906216,-2.009063005,1,4.514873981,1,-0.544695914,1,-2.833959579,1,-2.850734711,1,1.91816783,1,-0.739026666,1,-1.405444145,1,1.568382382,1
5.343905449,-10.22786713,1,2.457248688,1,-3.191074133,1,-2.377239227,1,-3.365595579,1,2.108078957,1,-0.837876618,1,-1.408507466,1,1.657997489,1
5.347907066,-15.01275826,1,1.577618599,1,-5.25496006,1,-1.819468856,1,-3.620893478,1,2.017267942,1,-0.945516765,1,-1.410866976,1,1.758527398,1
5.351904869,-18.45701218,1,-0.325558037,1,-6.545368671,1,-1.259193659,1,-3.759479046,1,1.904014945,1,-1.055518746,1,-1.412242293,1,1.863701582,1
5.355904102,-22.18216896,1,-2.466071367,1,-7.849635124,1,-0.791722417,1,-3.761975288,1,1.856594205,1,-1.164945006,1,-1.412241936,1,1.970404029,1
5.35990572,-22.81561089,1,-5.08769846,1,-9.206619263,1,-0.508925915,1,-3.646919489,1,1.900740623,1,-1.270179391,1,-1.410321832,1,2.074400902,1
5.363903522,-22.58540916,1,-9.210517883,1,-9.671739578,1,-0.392753392,1,-3.488912344,1,1.93460393,1,-1.36801517,1,-1.406435966,1,2.171737671,1
5.367903233,-22.27636909,1,-9.50412178,1,-10.89649773,1,-0.381017566,1,-3.353038311,1,2.016920567,1,-1.457045078,1,-1.400810242,1,2.260478497,1
5.37190485,-21.35206223,1,-9.776108742,1,-11.64189148,1,-0.385128081,1,-3.230015755,1,2.149638414,1,-1.53689611,1,-1.393469453,1,2.339970589,1
5.375902653,-20.97802925,1,-9.583844185,1,-12.40597534,1,-0.332375944,1,-3.171786308,1,2.329125881,1,-1.607839704,1,-1.384494066,1,2.410638571,1
5.379902363,-21.02694702,1,-9.483363152,1,-13.33828068,1,-0.259749264,1,-3.148276567,1,2.56385088,1,-1.670562744,1,-1.373866439,1,2.473317623,1
5.383904457,-21.30594444,1,-9.780723572,1,-13.76930141,1,-0.198088408,1,-3.146172285,1,2.840847969,1,-1.725460172,1,-1.361553788,1,2.528416872,1
5.387901783,-21.29926109,1,-10.50082016,1,-14.96985817,1,-0.164777368,1,-3.23641777,1,3.165719986,1,-1.773398995,1,-1.347465158,1,2.576766968,1
5.391901493,-21.49777794,1,-11.48028278,1,-15.79878426,1,-0.233174816,1,-3.176369905,1,3.492589951,1,-1.814427376,1,-1.331673026,1,2.61809206,1
5.395903587,-21.5513134,1,-12.34117413,1,-16.80597305,1,-0.339607656,1,-3.213924885,1,3.826500416,1,-1.849406481,1,-1.314224482,1,2.652999878,1
5.399902344,-21.84912682,1,-12.87981987,1,-17.67115784,1,-0.489390284,1,-3.262630224,1,4.129700184,1,-1.879698992,1,-1.295230508,1,2.682688713,1
5.403901577,-21.42576408,1,-13.38188934,1,-18.45558739,1,-0.644707441,1,-3.296549559,1,4.449118137,1,-1.90585494,1,-1.274793625,1,2.707589149,1
5.407902718,-21.22915268,1,-13.99805927,1,-19.12125778,1,-0.809724092,1,-3.340995312,1,4.757953644,1,-1.928451777,1,-1.252974987,1,2.728228807,1
5.41190052,-20.62750053,1,-14.12128639,1,-19.91568184,1,-0.973045766,1,-3.388631344,1,5.036344051,1,-1.948172927,1,-1.229855895,1,2.745295048,1
5.415906429,-20.90770149,1,-13.29707527,1,-20.90885544,1,-1.07419157,1,-3.426415443,1,5.266685963,1,-1.965640068,1,-1.205583811,1,2.759526014,1
5.419908047,-21.39588928,1,-12.74650288,1,-21.34654045,1,-1.11102891,1,-3.449680805,1,5.433386326,1,-1.98081243,1,-1.180481076,1,2.771132946,1
5.423905849,-22.36348152,1,-11.97745609,1,-21.86250305,1,-1.071519375,1,-3.399820805,1,5.549049377,1,-1.993765235,1,-1.154830217,1,2.780457497,1
5.42790556,-23.26296997,1,-11.25512123,1,-22.14100647,1,-0.96630311,1,-3.280739784,1,5.607928276,1,-2.004202127,1,-1.128978968,1,2.787433624,1
5.431907177,-23.6204071,1,-10.7067709,1,-22.33967018,1,-0.792496741,1,-3.116855145,1,5.630655289,1,-2.012003899,1,-1.103175402,1,2.792177677,1
5.43590498,-23.67897415,1,-10.40011883,1,-22.40960693,1,-0.59788847,1,-2.900286198,1,5.613614082,1,-2.017096281,1,-1.077702045,1,2.794764519,1
5.43990469,-23.39042091,1,-10.49460697,1,-22.75295067,1,-0.391912282,1,-2.682048798,1,5.567188263,1,-2.022901773,1,-1.053773761,1,2.794224024,1
5.443906784,-22.50626945,1,-10.86064816,1,-22.95491409,1,-0.211896822,1,-2.474216223,1,5.515762329,1,-2.023390293,1,-1.029332995,1,2.793394089,1
5.44790411,-22.03540421,1,-11.6481123,1,-23.14913559,1,-0.09175434,1,-2.271113634,1,5.46237421,1,-2.022250175,1,-1.005452394,1,2.791365385,1
5.45190382,-21.11698532,1,-12.85145092,1,-23.56797791,1,-0.030295501,1,-2.115322828,1,5.414681911,1,-2.020060778,1,-0.98206079,1,2.788471937,1
5.455905914,-20.11495209,1,-13.59011269,1,-24.34162331,1,-0.024364788,1,-2.002948999,1,5.341674805,1,-2.017379284,1,-0.959106743,1,2.785104275,1
5.459903717,-18.94050217,1,-14.6093502,1,-24.94958878,1,-0.050305851,1,-1.924928188,1,5.271958828,1,-2.014634132,0,-0.936571062,0,2.781559467,0
5.463903427,-18.30392075,1,-15.94524574,1,-25.52067566,1,-0.127444282,1,-1.852492809,1,5.176689625,1,-2.012162447,0,-0.914448261,0,2.778032303,0
5.467905045,-16.9375248,1,-17.21799278,1,-26.28171349,1,-0.269393712,1,-1.777210116,1,5.067653656,1,-2.010177612,0,-0.892813921,0,2.774511099,0
5.471902847,-15.71922874,1,-18.84396172,1,-26.68447304,1,-0.489391685,1,-1.658716559,1,4.913919926,1,-2.008946657,0,-0.871802151,0,2.770972013,0
5.475902557,-14.70073605,1,-21.1421833,1,-26.28191376,1,-0.818886161,1,-1.463984013,1,4.6945014,1,-2.008646488,0,-0.851727843,0,2.767165661,0
5.479904175,-13.95924187,1,-22.87853813,1,-25.33449936,1,-1.291824222,1,-1.175302029,1,4.391019821,1,-2.009558916,0,-0.833003998,0,2.762782812,0
5.483901978,-12.00641441,1,-23.59033203,1,-24.76407433,1,-1.860233665,1,-0.841546059,1,4.010704994,1,-2.012070656,0,-0.81606698,0,2.757625341,0
5.487901211,-10.33056641,1,-23.07284164,1,-23.68284798,1,-2.410281897,1,-0.473623931,1,3.600832701,1,-2.016281605,0,-0.801173747,0,2.751623631,0
5.491902351,-10.05517769,1,-22.49722672,1,-22.44233131,1,-2.883571625,1,-0.038910612,1,3.148726702,1,-2.021884441,0,-0.788552105,0,2.744600534,0
5.495900631,-9.102578163,1,-21.94525528,1,-21.39425468,1,-3.29022789,1,0.448653907,1,2.672809124,1,-2.028431177,0,-0.778446078,0,2.736362457,0
5.499899864,-6.805634022,1,-21.05952835,1,-19.79911232,1,-3.635068655,1,0.940219164,1,2.18885088,1,-2.035642385,0,-0.770966887,0,2.726835489,0
5.503901482,-3.840885401,1,-18.8217392,1,-17.95040321,1,-3.8685112,1,1.428470969,1,1.701614261,1,-2.043199062,0,-0.766168952,0,2.716067791,0
5.507899284,0.208164826,1,-15.57698917,1,-16.60124969,1,-3.918475389,1,1.874205828,1,1.21017921,1,-2.05062747,0,-0.764015555,0,2.704220295,0
5.511898994,5.323939323,1,-11.83998203,1,-15.24876404,1,-3.704848051,1,2.281144381,1,0.724268317,1,-2.057162285,0,-0.764446259,0,2.69151926,0
5.515900612,10.52994728,1,-7.817175865,1,-14.43548775,1,-3.176663399,1,2.562474966,1,0.246916413,1,-2.061882734,0,-0.7673105,0,2.678340197,0
5.519897938,12.77719212,1,-4.673726559,1,-14.1470623,1,-2.408050537,1,2.711460352,1,-0.197095647,1,-2.064062119,0,-0.772217035,0,2.665338993,0
5.523897171,13.2164793,1,-2.498200655,1,-13.02958584,1,-1.468134642,1,2.917683125,1,-0.59420675,1,-2.062883615,0,-0.77893436,0,2.6525352,0
5.527899742,13.09680271,1,-1.324884176,1,-11.57169628,1,-0.441381574,1,3.20957303,1,-0.990323901,1,-2.057428598,0,-0.787483692,0,2.639387369,0
5.531898022,13.12211704,1,-1.790024281,1,-9.703098297,1,0.538476408,1,3.581678867,1,-1.413974404,1,-2.047261238,0,-0.79801774,0,2.62543416,0
5.535897255,12.99719334,1,-3.319802999,1,-7.839554787,1,1.364828587,1,4.025032997,1,-1.862911463,1,-2.032423973,0,-0.810735404,0,2.610175133,0
5.539905071,12.72192955,1,-4.706321239,1,-6.180395603,1,2.025377989,1,4.543013096,1,-2.304469585,1,-2.013043642,0,-0.825701416,0,2.592969894,0
5.543909073,12.48430538,1,-5.915721893,1,-5.321955204,1,2.494525194,1,5.06719923,1,-2.733031511,1,-1.989333987,0,-0.842887998,0,2.57324338,0
5.547908783,12.51925373,1,-6.981040955,1,-4.827917576,1,2.767753124,1,5.58564806,1,-3.135247231,1,-1.96164906,0,-0.862078369,0,2.550504923,0
5.5519104,12.40321255,1,-7.03538084,1,-4.678565025,1,2.906931877,1,6.064768791,1,-3.525402069,1,-1.930241108,0,-0.883018374,0,2.524355888,0
5.555908203,11.86052418,1,-6.186334133,1,-4.92519474,1,2.975533247,1,6.49764061,1,-3.888549089,1,-1.895186424,0,-0.90541786,0,2.494500637,0
5.559907913,10.89996624,1,-4.885170937,1,-5.620044708,1,3.036504745,1,6.924708843,1,-4.229974747,1,-1.856101036,0,-0.928966463,0,2.460399389,0
5.563909531,9.995729446,1,-2.803103209,1,-6.335022449,1,3.154105663,1,7.341657639,1,-4.557502747,1,-1.812205791,0,-0.953361154,0,2.421386957,0
5.567907333,8.636096954,1,-0.385577679,1,-6.954681873,1,3.336140394,1,7.730269909,1,-4.891927242,1,-1.762537241,0,-0.97830689,0,2.376750946,0
5.571906567,7.072493076,1,1.664829731,1,-7.536587238,1,3.585652351,1,8.084784508,1,-5.214175701,1,-1.706069827,0,-1.003412962,0,2.325794697,0
5.575908184,5.337127209,1,2.706065178,1,-7.959946632,1,3.866667271,1,8.399264336,1,-5.508217335,1,-1.641806483,0,-1.028164029,0,2.267729759,0
5.579905987,3.651661634,1,2.579721928,1,-8.385421753,1,4.127749443,1,8.673371315,1,-5.760674953,1,-1.568942308,0,-1.051886201,0,2.201819658,0
5.583905697,2.139147997,1,1.461880326,1,-9.018501282,1,4.287659168,1,8.827239037,1,-5.966790676,1,-1.487316608,0,-1.073849559,0,2.127719879,0
5.587907791,0.600581527,1,-0.055048615,1,-9.601287842,1,4.304247379,1,8.82908535,1,-6.12994957,1,-1.398133993,0,-1.093360424,0,2.046288967,0
5.591905594,-0.56433636,1,-1.422651052,1,-10.17619324,1,4.18048048,1,8.826576233,1,-6.260025501,1,-1.302459478,0,-1.109845996,0,1.958072662,0
5.595905304,-1.961680293,1,-2.459353209,1,-10.79478931,1,3.966515541,1,8.82259655,1,-6.330429554,1,-1.201342106,0,-1.122714877,0,1.863704801,0
5.599907398,-3.602819443,1,-3.055038929,1,-11.38445854,1,3.705483198,1,8.817269325,1,-6.361081123,1,-1.096354127,0,-1.131443262,0,1.76447916,0
5.603905678,-5.163327217,1,-3.325365543,1,-11.95196247,1,3.411898375,1,8.809672356,1,-6.333233356,1,-0.989542961,0,-1.135630012,0,1.662305713,0
5.607904911,-6.526496887,1,-3.252521992,1,-12.58206844,1,3.144143581,1,8.804602623,1,-6.269862652,1,-0.883267462,0,-1.135055542,0,1.559571147,0
5.611906052,-7.551494122,1,-2.823699951,1,-13.17370415,1,2.923979998,1,8.799050331,1,-6.161577225,1,-0.77987206,0,-1.129707694,0,1.458775043,0
5.615903854,-8.371086121,1,-2.088972807,1,-13.63869286,1,2.766436577,1,8.795618057,1,-6.043885708,1,-0.681344271,0,-1.119778872,0,1.362176538,0
5.619903564,-8.753951073,1,-1.215292096,1,-13.82212543,1,2.66975975,1,8.792638779,1,-5.906433582,1,-0.589108229,0,-1.105634212,0,1.271455169,0
5.623905182,-8.990101814,1,-0.572465003,1,-13.89241409,1,2.630433321,1,8.790618896,1,-5.740087032,1,-0.504090726,0,-1.08768785,0,1.187805891,0
5.627902985,-9.169186592,1,-0.367994815,1,-13.69595528,1,2.662489653,1,8.790576935,1,-5.567126274,1,-0.426643133,0,-1.066397429,0,1.111879468,0
5.631902695,-9.293874741,1,-0.375865072,1,-13.44052982,1,2.710315943,1,8.790452957,1,-5.383359432,1,-0.356592774,0,-1.042239904,0,1.043720603,0
5.635904312,-9.294205666,1,-0.859210074,1,-13.09135914,1,2.732835293,1,8.790452957,1,-5.18660593,1,-0.293748438,0,-1.015666485,0,0.983086586,0
5.639902115,-9.068230629,1,-1.323566794,1,-12.47402763,1,2.743921518,1,8.788682938,1,-4.966593266,1,-0.237745374,0,-0.987067819,0,0.929617524,0
5.643901825,-8.687317848,1,-1.388760567,1,-11.84487915,1,2.754885197,1,8.787526131,1,-4.745602608,1,-0.188021556,0,-0.956809163,0,0.88274765,0
5.647903919,-8.400665283,1,-1.378443241,1,-11.27540779,1,2.769095421,1,8.787686348,1,-4.514060497,1,-0.143944845,0,-0.925199151,0,0.841879845,0
5.651901245,-8.240312576,1,-1.33855319,1,-10.64950943,1,2.813376665,1,8.786226273,1,-4.275214672,1,-0.104807459,0,-0.892501056,0,0.806414723,0
5.655900955,-8.330918312,1,-1.242017508,1,-10.1413002,1,2.876752615,1,8.786293983,1,-4.035686016,1,-0.069884591,0,-0.858939052,0,0.775774121,0
5.65991497,-9.05705452,1,-1.146264553,1,-9.793152809,1,2.955974817,1,8.787322998,1,-3.827921152,1,-0.038511831,0,-0.824693859,0,0.749355078,0
5.663924217,-9.573365211,1,-1.135779381,1,-9.586762428,1,3.033586979,1,8.787965775,1,-3.635816574,1,-0.01005214,0,-0.789917469,0,0.726550579,0
5.667930603,-10.02999306,1,-1.21147573,1,-9.542012215,1,3.132098913,1,8.7885952,1,-3.473646879,1,0.01603689,0,-0.754723191,0,0.706841946,0
5.671932697,-10.38745308,1,-1.109613419,1,-9.581488609,1,3.220614195,1,8.789479256,1,-3.344287872,1,0.040201165,0,-0.719200134,0,0.689781666,0
5.6759305,-10.34712791,1,-1.069288969,1,-9.658693314,1,3.319371462,1,8.79073143,1,-3.223050356,1,0.062833995,0,-0.683411598,0,0.674988568,0
5.67993021,-10.25214291,1,-0.54013449,1,-10.14634705,1,3.462575197,1,8.792638779,1,-3.132621765,1,0.084307425,0,-0.647406876,0,0.662169576,0
5.683932304,-10.69134235,1,-0.186202452,1,-10.73944473,1,3.647129059,1,8.796813965,1,-3.047208548,1,0.105060942,0,-0.611219704,0,0.651067674,0
5.68792963,-11.46932125,1,-0.164406568,1,-11.4411211,1,3.880413055,1,8.800413132,1,-2.978522062,1,0.125947386,0,-0.574691951,0,0.642455339,0
5.691929817,-12.88340187,1,-0.711684227,1,-11.72585583,1,4.098497868,1,8.806241989,1,-2.934527636,1,0.146222949,0,-0.538203955,0,0.634290576,0
5.695930958,-13.95912838,1,-2.214922428,1,-11.83132267,1,4.241133213,1,8.808255196,1,-2.914770603,1,0.166391894,0,-0.501587451,0,0.627314568,0
5.699929237,-14.47014713,1,-4.138422489,1,-11.97622204,1,4.258409023,1,8.808756828,1,-2.914946795,1,0.186204627,0,-0.464855492,0,0.621338487,0
5.703928471,-14.67594147,1,-5.719457626,1,-12.19501114,1,4.171681881,1,8.807057381,1,-2.964491367,1,0.205320925,0,-0.42801252,0,0.616165519,0
5.707929611,-14.78661537,1,-5.992180347,1,-12.58501339,1,4.015130043,1,8.804094315,1,-3.06941843,1,0.223564163,0,-0.39102906,0,0.611488581,0
5.711927891,-15.01933765,1,-5.15387392,1,-13.36897564,1,3.860105753,1,8.800827026,1,-3.205583811,1,0.240908012,0,-0.353877485,0,0.607090235,0
5.715927124,-16.24611473,1,-4.01236105,1,-14.10081387,1,3.788793564,1,8.801038742,1,-3.369755745,1,0.25759244,0,-0.31652081,0,0.602805257,0
5.719928741,-18.54395866,1,-3.085751057,1,-14.29855061,1,3.821961403,1,8.803897858,1,-3.562535286,1,0.274049163,0,-0.278914511,0,0.598508835,0
5.723926544,-21.25834656,1,-2.773290396,1,-14.30551243,1,3.923796892,1,8.807168961,1,-3.812849283,1,0.290698409,0,-0.240982935,0,0.594020545,0
5.727926254,-23.83172226,1,-3.099412918,1,-14.47682667,1,3.981354475,1,8.790223122,1,-4.120123863,1,0.307599008,0,-0.202660605,0,0.589126587,0
5.731927872,-25.96011353,1,-3.915190458,1,-14.85476589,1,3.944210052,1,8.604401588,1,-4.44055891,1,0.324482858,0,-0.164252549,0,0.583584547,0
5.735925674,-28.02370453,1,-4.495643616,1,-15.44092846,1,3.832268238,1,8.347552299,1,-4.766576767,1,0.340984106,0,-0.126162767,0,0.577184737,0
5.739924908,-30.61209297,1,-5.167434216,1,-16.30107689,1,3.696323633,1,7.99380064,1,-5.065529823,1,0.356828928,0,-0.088706724,0,0.569841087,0
5.743927002,-34.4886322,1,-4.974048615,1,-17.05715752,1,3.598026514,1,7.543142319,1,-5.342380524,1,0.371985614,0,-0.052230485,0,0.56142503,0
5.747924328,-39.56499863,1,-4.344467163,1,-17.09064102,1,3.533315897,1,7.05200386,1,-5.57876873,1,0.386547267,0,-0.016999379,0,0.55194068,0
5.751924038,-44.18548203,1,-2.773964167,1,-16.12445831,1,3.527799845,1,6.454332829,1,-5.751016617,1,0.400643647,0,0.016663417,0,0.541369438,0
5.755926132,-47.65883255,1,-0.962091625,1,-13.87647629,1,3.577017069,1,5.738137245,1,-5.831766129,1,0.414461523,0,0.048287719,0,0.529748142,0
5.759923935,-50.97164154,1,-1.025686026,1,-10.97890472,1,3.621046066,1,4.930533886,1,-5.782204628,1,0.428083003,0,0.077280432,0,0.517208457,0
5.763923168,-54.2028389,1,-1.183250785,1,-9.136481285,1,3.573064566,1,4.064154625,1,-5.632116795,1,0.441305697,0,0.103224106,0,0.504006445,0
5.767924786,-57.51563263,1,-0.621410668,1,-8.043775558,1,3.45612669,1,3.153388739,1,-5.424790382,1,0.453797191,0,0.125810236,0,0.490208417,0
5.771922588,-61.44677734,1,0.774397135,1,-7.692092896,1,3.279404879,1,2.271531105,1,-5.177811623,1,0.465339482,0,0.144931287,0,0.475867569,0
5.775922298,-65.95874023,1,4.216609955,1,-7.835237026,1,3.103602886,1,1.469943404,1,-4.970560074,1,0.475825727,0,0.160770223,0,0.460992575,0
5.779930115,-70.12883759,1,9.217551231,1,-7.386584282,1,2.990493536,1,0.77459085,1,-4.790821552,1,0.485412925,0,0.173750147,0,0.445526838,0
5.78393364,-71.68979645,1,12.85499954,1,-5.447839737,1,2.896131516,1,0.174949393,1,-4.578861713,1,0.494360149,0,0.184226409,0,0.429600269,0
5.78793335,-70.1317215,1,14.19915009,1,-2.500010252,1,2.673280478,1,-0.404343396,1,-4.243449688,1,0.502561033,0,0.192269802,0,0.413561195,0
5.791934967,-67.91268921,1,13.23740673,1,0.745538771,1,2.203412533,1,-0.94388324,1,-3.71786499,1,0.509359837,0,0.197630405,0,0.397981733,0
5.795933247,-65.52993774,1,11.80159664,1,3.656529188,1,1.526957393,1,-1.401498675,1,-2.992981434,1,0.514028668,0,0.200113073,0,0.383640409,0
5.79993248,-62.88734436,1,11.96364021,1,5.906491756,1,0.756795466,1,-1.750203848,1,-2.133767605,1,0.516144693,0,0.199672759,0,0.371337652,0
5.80393362,-59.91078949,1,14.11009884,1,7.01022768,1,0.105336316,1,-2.005493164,1,-1.178065181,1,0.515908301,0,0.196407169,0,0.361665905,0
5.8079319,-57.09494019,1,16.98699951,1,7.04071331,1,-0.243729353,1,-2.186192036,1,-0.219583809,1,0.514265656,0,0.190472707,0,0.354971439,0
5.811931133,-56.02172089,1,18.30355644,1,6.895859718,1,-0.335832298,1,-2.243460178,1,0.717932165,1,0.512399733,0,0.182231531,0,0.351428807,0
5.815932751,-53.88815308,1,17.55998611,1,7.885102749,1,-0.306998879,1,-2.194013119,1,1.575137496,1,0.511040747,0,0.172226995,0,0.351086646,0
5.81993103,-48.72473907,1,14.44112206,1,8.883728981,1,-0.319649369,1,-2.155417919,1,2.333213329,1,0.5102579,0,0.160821304,0,0.353726387,0
5.823930264,-42.37015152,1,10.6730814,1,9.769964218,1,-0.500766218,1,-2.211667538,1,2.942652225,1,0.509441733,0,0.148055702,0,0.35879451,0
5.827932358,-35.17895126,1,7.832453251,1,7.168750763,1,-0.83875674,1,-2.466926575,1,3.384498835,1,0.507767439,0,0.13377209,0,0.365423411,0
5.831930161,19.22816467,1,-18.91338921,1,-3.752837658,1,-4.110336304,1,-4.281299591,1,3.41362834,1,0.499528676,0,0.115736738,0,0.371615827,0
5.835929394,-66.15070343,1,7.040464401,1,24.8939209,1,-4.240774155,1,-5.894179821,1,4.256437302,1,0.482411444,0,0.089901999,0,0.374642879,0
5.839931488,28.15880013,1,-7.987371445,1,-11.17448425,1,-4.022083282,1,-5.600735664,1,3.777070522,1,0.466160297,0,0.062397819,0,0.379068971,0
5.843929291,-13.38280487,1,-19.68914986,1,-24.01447678,1,-4.898779392,1,-7.425426006,1,4.010277748,1,0.449295223,0,0.032314599,0,0.381460011,0
5.847929001,-0.036746658,1,-21.99694824,1,-57.38676071,1,-3.855175257,1,-8.443079948,1,4.205201626,1,0.430945992,0,-0.003402813,0,0.382513911,0
5.851930618,-19.85272217,1,-50.00523376,1,-79.67343903,1,-5.367332935,1,-8.850363731,1,4.301454067,1,0.413420469,0,-0.042225268,0,0.383652359,0
5.855928421,-61.81745529,1,-39.31165314,1,-80.35507965,1,-6.278335571,1,-8.873871803,1,5.000487804,1,0.38941294,0,-0.08213909,0,0.386946142,0
5.859928131,-103.9146881,1,-7.132238388,1,-58.49593735,1,-7.023555279,1,-8.608831406,1,5.448658943,1,0.361556083,0,-0.12260884,0,0.393500924,0
5.863929749,-71.10324097,1,20.13798714,1,-34.23580551,1,-6.194009781,1,-6.283936024,1,5.490156174,1,0.333145499,0,-0.157848939,0,0.404437304,0
5.867927551,-21.04631805,1,35.43843079,1,-19.2123127,1,-4.290083885,1,-6.156626225,1,5.075117111,1,0.309984863,0,-0.187576666,0,0.416997313,0
5.871927261,7.772115231,1,35.08654404,1,-9.890487671,1,-2.76438117,1,-6.51160574,1,5.304845333,1,0.293798089,0,-0.217895538,0,0.429255456,0
5.875928879,21.53432846,1,34.95075226,1,6.365427017,1,-2.155173302,1,-6.992637634,1,5.768834591,1,0.280712128,0,-0.250115752,0,0.443337858,0
5.879926682,3.073706627,1,19.34252548,1,12.40777683,1,-1.957205892,1,-7.212350845,1,6.067567348,1,0.268677652,0,-0.283990383,0,0.458905309,0
5.883926392,-36.77089691,1,-14.02348804,1,-1.814648509,1,-3.143337488,1,-6.506616116,1,5.896611691,1,0.253716677,0,-0.317184597,0,0.476035208,0
5.887928009,-85.53049469,1,-36.01608658,1,-33.7443924,1,-4.227438927,1,-3.475231409,1,3.180868387,1,0.234154239,0,-0.341798365,0,0.489907235,0
5.891925812,-93.89836121,1,-4.008607864,1,-10.24451065,1,-2.926007509,1,-0.722386301,1,1.070697665,1,0.217118278,0,-0.350662977,0,0.495896161,0
5.895925045,-9.568938255,1,17.21292305,1,-4.679653168,1,-1.664782643,1,-1.021232843,1,1.09196341,1,0.207058921,0,-0.354813516,0,0.499831527,0
5.899932861,7.128100395,1,31.23754501,1,-27.52052307,1,-1.549172521,1,-0.93981725,1,1.398707628,1,0.198999271,0,-0.359668851,0,0.503676832,0
5.903936386,-9.51111412,1,13.0575285,1,-18.51624298,1,-0.7706092,1,-0.767206371,1,1.966163158,1,0.19203186,0,-0.364351571,0,0.510575593,0
5.907936096,-6.40158987,1,-23.26983643,1,-6.374575615,1,-0.808107913,1,-1.167153835,1,0.965094924,1,0.187199146,0,-0.369071603,0,0.516030133,0
5.91193819,-14.27060509,1,-9.587859154,1,-13.87765217,1,-0.893318951,1,-1.312741995,1,0.922462523,1,0.182698995,0,-0.374878794,0,0.51868844,0
5.915935516,0.609024942,1,2.918525696,1,-10.37483215,1,-0.876664579,1,-1.197811007,1,1.279061794,1,0.177768186,0,-0.380476505,0,0.522477686,0
5.919935703,-11.69074535,1,0.20735617,1,-11.8929863,1,-0.700409472,1,-1.178210378,1,1.161860704,1,0.172893941,0,-0.386091381,0,0.52690208,0
5.923937321,-4.893380165,1,-6.305305481,1,-9.466993332,1,-0.647499263,1,-1.259388089,1,0.991968811,1,0.168924168,0,-0.39150852,0,0.530456424,0
5.927935123,-7.423566341,1,-4.592020988,1,-11.20618629,1,-0.614565253,1,-1.267522097,1,1.115312099,1,0.165014252,0,-0.397303998,0,0.534056842,0
5.931934834,-7.671952724,1,0.432228535,1,-9.303628922,1,-0.508497655,1,-1.30726552,1,1.062205553,1,0.161240742,0,-0.403058946,0,0.537874579,0
5.935936451,-10.12723255,1,5.464051247,1,-9.293372154,1,-0.287253797,1,-1.326580405,1,0.93713975,1,0.158316135,0,-0.408892512,0,0.541243136,0
5.939934254,-7.029636383,1,1.346733332,1,-9.743371964,1,-0.071896546,1,-1.332898617,1,0.911547303,1,0.156667814,0,-0.413957,0,0.545134246,0
5.943933487,-4.347806931,1,-5.710539818,1,-9.789038658,1,-0.052209031,1,-1.378990412,1,0.845025837,1,0.155331522,0,-0.419845045,0,0.54800868,0
5.947935104,-4.443451405,1,-1.594844937,1,-10.60933018,1,-0.041047007,1,-1.439245582,1,0.855698109,1,0.153947398,0,-0.425961167,0,0.55071789,0
5.951932907,-7.289672852,1,-3.215902328,1,-9.996765137,1,0.113685988,1,-1.489761114,1,0.907492399,1,0.152951166,0,-0.432258338,0,0.553582847,0
5.955932617,-7.529795647,1,-7.807294369,1,-10.04567432,1,0.046035856,1,-1.644221067,1,0.951083601,1,0.152048543,0,-0.438989878,0,0.556569993,0
5.959934235,-5.411477089,1,-3.461397409,1,-11.98385429,1,-0.096966431,1,-1.824772239,1,0.986742735,1,0.150611058,0,-0.446467757,0,0.559663475,0
5.963932037,-4.091124535,1,3.120587587,1,-13.57264996,1,0.085969813,1,-2.002297401,1,0.929716349,1,0.149214089,0,-0.454607397,0,0.562633932,0
5.967931747,-3.443961143,1,-0.469384998,1,-16.4054451,1,0.137373656,1,-2.322205782,1,0.86996001,1,0.148666129,0,-0.463630736,0,0.565184474,0
5.971933842,-4.466309547,1,-2.891676664,1,-16.33076286,1,0.02633024,1,-2.7740376,1,0.826296031,1,0.148058668,0,-0.474215657,0,0.567246377,0
5.975931168,-5.764705181,1,-1.341011405,1,-17.67516518,1,-0.095521927,1,-3.202169657,1,0.791307151,1,0.147146285,0,-0.486560166,0,0.568903804,0
5.979930401,-3.281871557,1,0.365854621,1,-20.36431694,1,0.062141407,1,-3.702518702,1,0.738008916,1,0.146505713,0,-0.500647783,0,0.570015013,0
5.983932495,0.017198162,1,-2.206643343,1,-22.25553322,1,0.078937776,1,-4.285392284,1,0.671649754,1,0.146563336,0,-0.516832709,0,0.570546091,0
5.987930775,-2.672142982,1,-2.021692514,1,-22.94799805,1,0.049222171,1,-4.892192364,1,0.667945027,1,0.146872401,0,-0.535363734,0,0.570486486,0
5.991930008,-2.021192789,1,-3.412416935,1,-23.5446434,1,-0.05803258,1,-5.585035801,1,0.73714906,1,0.147099406,0,-0.556547761,0,0.57012713,0
5.995931625,0.124054357,1,-7.080247402,1,-24.91435432,1,-0.282836795,1,-6.336197376,1,0.902982235,1,0.146581441,0,-0.580614746,0,0.56982559,0
5.999929905,3.293117762,1,-6.161448956,1,-23.61740112,1,-0.255430758,1,-7.086154461,1,1.044276237,1,0.145464495,0,-0.607711494,0,0.569772601,0
6.003929138,3.303785563,1,-8.053606987,1,-24.12947083,1,-0.165058479,1,-7.882380486,1,1.291009426,1,0.144524023,0,-0.638019443,0,0.57003659,0
6.007930756,5.410973072,1,-9.919538498,1,-23.18565941,1,-0.159462973,1,-8.634500504,1,1.632094145,1,0.143045172,0,-0.671560526,0,0.571408331,0
6.011928558,7.90920639,1,-12.0478754,1,-22.81615448,1,-0.277578473,1,-8.73080349,1,1.949846268,1,0.14033702,0,-0.707050502,0,0.574253201,0
6.015928268,7.229645729,1,-11.17594337,1,-23.20924759,1,-0.401200205,1,-8.736224174,1,2.352867842,1,0.135751754,0,-0.742828131,0,0.579163969,0
6.019936085,7.17553997,1,-7.947315216,1,-21.74988365,1,-0.502222419,1,-8.740544319,1,2.721781492,1,0.12867099,0,-0.778819203,0,0.586728156,0
6.023940086,5.336453915,1,-6.695814133,1,-20.60802078,1,-0.454307675,1,-8.740478516,1,3.071336269,1,0.119441718,0,-0.814941883,0,0.59694618,0
6.027939796,-0.780792356,1,-5.424328327,1,-20.55533409,1,-0.463818729,1,-8.744229317,1,3.415047646,1,0.107734062,0,-0.851162076,0,0.6102947,0
6.031941414,-0.419484913,1,-4.065255165,1,-14.57866764,1,-0.40357706,1,-8.743659019,1,3.634732246,1,0.093579955,0,-0.887373149,0,0.626547277,0
6.035939217,2.14554286,1,-2.420630932,1,-11.10574913,1,-0.501374364,1,-8.748610497,1,4.105039597,1,0.075961724,0,-0.923540354,0,0.646676958,0
6.039938927,-8.96212101,1,5.127638817,1,-10.71233749,1,-0.485844612,1,-8.748786926,1,4.334090233,1,0.053694762,0,-0.959567547,0,0.671658993,0
6.043941021,-21.19321251,1,12.99746323,1,-13.0627327,1,0.162845865,1,-8.734445572,1,4.038880348,1,0.03009909,0,-0.995210648,0,0.699147403,0
6.047938347,-32.47632599,1,15.29123497,1,-14.01169586,1,1.109564424,1,-8.711933136,1,3.641331673,1,0.009122252,0,-1.030395269,0,0.726832271,0
6.051938534,-40.46422195,1,12.19129086,1,-16.48439026,1,2.244371414,1,-8.685367584,1,3.267013311,1,-0.008071508,0,-1.065194964,0,0.754419327,0
6.055940151,-50.86802292,1,6.771190166,1,-15.88158989,1,3.227978468,1,-8.663773537,1,2.839257002,1,-0.020914882,0,-1.099709749,0,0.781433344,0
6.059937954,-53.04501343,1,0.033209793,1,-15.52338886,1,3.774251938,1,-8.652766228,1,2.947677851,1,-0.032325163,0,-1.134020925,0,0.809845209,0
6.063937664,-63.39899063,1,-4.527782917,1,-11.90261078,1,3.84911418,1,-8.65134716,1,3.05313921,1,-0.046753205,0,-1.168133974,0,0.842389703,0
6.067939281,-67.16500854,1,-2.742963076,1,-12.33724022,1,3.772297144,1,-8.653846741,1,2.932367563,1,-0.066129722,0,-1.202008247,0,0.879774332,0
6.071937084,-63.72344971,1,-5.024341106,1,-7.734117031,1,3.686364174,1,-7.988345146,1,2.741600037,1,-0.088896737,0,-1.234987497,0,0.919934809,0
6.075936317,-42.16854477,1,-3.955529928,1,0.092052557,1,3.446350813,1,-5.92774868,1,2.648015499,1,-0.115410231,0,-1.261581182,0,0.962857902,0
6.079937935,-24.26927948,1,-15.38299561,1,3.87412858,1,3.013056993,1,-4.106835842,1,2.43983674,1,-0.142912,0,-1.280058026,0,1.005359411,0
6.083936214,-10.57825184,1,-19.12870979,1,2.110867023,1,1.408545732,1,-2.836508274,1,2.239669085,1,-0.173325375,0,-1.292091131,0,1.04649055,0
6.087935448,-29.09359932,1,-1.97280395,1,6.990764618,1,0.351719618,1,-3.493205547,1,2.819594383,1,-0.212417081,0,-1.302579641,0,1.0908705,0
6.091936588,-70.95831299,1,-9.224080086,1,-12.49310207,1,-0.861861467,1,-1.801587224,1,2.659143686,1,-0.262144625,0,-1.310634971,0,1.141298771,0
6.095934868,-41.2612915,1,-15.7135849,1,-10.84630775,1,-2.183408976,1,-0.514658749,1,2.551360607,1,-0.31096372,0,-1.311828613,0,1.185394287,0
6.099934101,-13.88812542,1,-6.888373375,1,-5.296553135,1,-2.851331472,1,-0.861196697,1,2.404184103,1,-0.359266669,0,-1.310872078,0,1.22477591,0
6.103936195,-2.399546385,1,-0.07106939,1,-5.560903549,1,-3.019697189,1,-1.713455558,1,2.348275423,1,-0.41115132,0,-1.312060118,0,1.266237497,0
6.107933521,1.456454158,1,1.514366865,1,-1.393655896,1,-3.03675437,1,-3.032827854,1,2.806841373,1,-0.473861843,0,-1.316172838,0,1.318522692,0
6.111933231,-5.606266022,1,2.341941833,1,-3.153718233,1,-2.78559804,1,-4.19749403,1,3.079591036,1,-0.55387944,0,-1.323030353,0,1.388983965,0
6.115935326,-18.03122902,1,4.389948368,1,-6.164286137,1,-2.193322182,1,-4.799033642,1,3.100055933,1,-0.646132648,0,-1.331006289,0,1.473778486,0
6.119933128,-25.55279922,1,2.567923069,1,-8.23476696,1,-1.540972114,1,-4.950285912,1,3.034547567,1,-0.745013595,0,-1.338152051,0,1.567763805,0
6.123932838,-28.23371696,1,-0.359449238,1,-9.639930725,1,-0.922974527,1,-4.90172863,1,2.918385267,1,-0.845751882,0,-1.343484998,0,1.666186213,0
6.127934456,-29.56295586,1,-4.275876045,1,-10.83757591,1,-0.465003937,1,-4.727431774,1,2.817044258,1,-0.945267439,0,-1.346583128,0,1.765503764,0
6.131932735,-30.07649422,1,-8.139407158,1,-12.2975502,1,-0.247714281,1,-4.47742033,1,2.753954649,1,-1.041173458,0,-1.34732604,0,1.862462759,0
6.135931969,-28.78684616,1,-10.81564331,1,-13.69194984,1,-0.204041362,1,-4.200611115,1,2.722068787,1,-1.131740689,0,-1.345715046,0,1.954442143,0
6.139940739,-27.53732681,1,-12.36295319,1,-14.90898418,1,-0.209419474,1,-3.987469673,1,2.747743845,1,-1.21610713,0,-1.341956019,0,2.040184021,0
6.143945694,-26.55459976,1,-13.32462788,1,-15.98587418,1,-0.236914307,1,-3.857985258,1,2.863343716,1,-1.294893265,0,-1.336162686,0,2.120210648,0
6.147946358,-26.1813736,1,-13.84972191,1,-16.51873589,1,-0.255099773,1,-3.813243628,1,3.058707952,1,-1.368572474,0,-1.328296065,0,2.1950109,0
6.151948452,-26.05785751,1,-14.0926981,1,-17.49205589,1,-0.267668724,1,-3.898397923,1,3.358704567,1,-1.438113928,0,-1.318217278,0,2.265668392,0
6.155945778,-26.024189,1,-14.80109406,1,-18.51096344,1,-0.382199436,1,-3.927538633,1,3.726775885,1,-1.503517389,0,-1.305691838,0,2.332013369,0
6.159945965,-26.03225327,1,-15.54454327,1,-19.49085426,1,-0.512625933,1,-4.066914082,1,4.109177113,1,-1.564578176,0,-1.29061377,0,2.393567324,0
6.163947582,-26.3938427,1,-15.51842499,1,-20.44725037,1,-0.640716791,1,-4.200727463,1,4.46987772,1,-1.621215463,0,-1.273086905,0,2.450233221,0
6.167945385,-27.08514214,1,-15.24123573,1,-21.42643547,1,-0.735899508,1,-4.326332092,1,4.799287319,1,-1.673072934,0,-1.253289104,0,2.501741409,0
6.171945095,-28.24543953,1,-14.69594288,1,-22.49040413,1,-0.783126533,1,-4.410361767,1,5.077123165,1,-1.719781995,0,-1.231487751,0,2.547857046,0
6.175946712,-30.09053612,1,-13.94707584,1,-23.66833687,1,-0.776580811,1,-4.415966511,1,5.260321617,1,-1.760960698,0,-1.208092093,0,2.588366985,0
6.179944992,-31.46651268,1,-13.31568527,1,-24.79013443,1,-0.695900798,1,-4.353884697,1,5.364179611,1,-1.796408415,0,-1.183655024,0,2.62327981,0
6.183944702,-32.69373322,1,-13.32348347,1,-25.62482834,1,-0.588953555,1,-4.150039673,1,5.412597179,1,-1.825875878,0,-1.158661366,0,2.652443171,0
6.18794632,-32.67830276,1,-13.57418728,1,-26.46132278,1,-0.457814515,1,-3.919780016,1,5.422120094,1,-1.856218934,0,-1.136270642,0,2.671942711,0
6.191944599,-32.20474625,1,-14.85856724,1,-26.73884583,1,-0.342686832,1,-3.66132164,1,5.459345818,1,-1.874836564,0,-1.111058474,0,2.690814972,0
6.195944309,-31.10401154,1,-14.42821407,1,-27.22457123,1,-0.262497813,1,-3.369319677,1,5.39375782,1,-1.889216423,0,-1.086106062,0,2.70560503,0
6.199945927,-30.84782791,1,-15.08940315,1,-27.57507133,1,-0.198974311,1,-3.054812431,1,5.352781773,1,-1.899953365,0,-1.061621666,0,2.716773987,0
6.203943729,-29.48110199,1,-15.19958782,1,-28.01010132,1,-0.184676826,1,-2.768881559,1,5.277285576,1,-1.907740831,0,-1.037728906,0,2.724885225,0
6.207942963,-27.62441254,1,-15.58631706,1,-28.22088242,1,-0.225938231,1,-2.485857487,1,5.201190948,1,-1.913405895,0,-1.014472604,0,2.73056221,0
6.211945534,-25.79875374,1,-16.10247612,1,-28.05184746,1,-0.298213542,1,-2.294825792,1,5.137394428,1,-1.917580724,0,-0.991792679,0,2.734291792,0
6.215943336,-23.48651886,1,-16.46570969,1,-27.97187996,1,-0.413984209,1,-2.139460802,1,5.074021339,1,-1.921004772,0,-0.969576001,0,2.736717939,0
6.219943047,-21.45586777,1,-17.0600853,1,-28.01244926,1,-0.569819272,1,-2.084339619,1,5.009567738,1,-1.924336433,0,-0.947737634,0,2.738389969,0
6.223944664,-18.71203613,1,-17.76911926,1,-28.02628517,1,-0.756420135,1,-2.076094151,1,4.948161125,1,-1.928122997,0,-0.926177442,0,2.739811897,0
6.227942467,-17.26275063,1,-18.09850693,1,-28.29478264,1,-1.003227592,1,-2.163421154,1,4.88980341,1,-1.932933688,0,-0.904780865,0,2.741474628,0
6.231942177,-14.66230202,1,-18.52234459,1,-28.21697426,1,-1.265517235,1,-2.26799202,1,4.820753574,1,-1.939122319,0,-0.883483291,0,2.743589401,0
6.235943794,-13.09136581,1,-19.0371685,1,-28.46867371,1,-1.547658205,1,-2.414710999,1,4.745532036,1,-1.946845055,0,-0.862252712,0,2.746327639,0
6.239941597,-10.64769173,1,-18.9003315,1,-28.99379158,1,-1.839801073,1,-2.572330713,1,4.635730743,1,-1.956241965,0,-0.841125727,0,2.74981308,0
6.243941307,-8.743672371,1,-18.94182587,1,-28.98348999,1,-2.142324448,1,-2.713751793,1,4.471938133,1,-1.967322707,0,-0.820232332,0,2.754031181,0
6.247943401,-8.033795357,1,-19.01054382,1,-28.84123802,1,-2.442809582,1,-2.747423887,1,4.249217033,1,-1.979894757,0,-0.799872935,0,2.758719206,0
6.251940727,-8.928934097,1,-18.73379898,1,-28.71385384,1,-2.715289116,1,-2.632352352,1,3.948090553,1,-1.993498921,0,-0.780488014,0,2.763330698,0
6.255940437,-10.88739204,1,-18.2160244,1,-28.14533806,1,-2.934417486,1,-2.298404217,1,3.540135622,1,-2.007517338,0,-0.762726665,0,2.767204285,0
6.25994873,-12.09039116,1,-17.89392281,1,-27.1118412,1,-3.094899416,1,-1.758618593,1,3.071140289,1,-2.021196842,0,-0.747262478,0,2.769545317,0
6.263952255,-11.93400383,1,-17.37917519,1,-26.00759315,1,-3.208899498,1,-1.059998989,1,2.563876629,1,-2.033919811,0,-0.734644949,0,2.769696951,0
6.267951965,-10.06981564,1,-16.81550598,1,-24.36180115,1,-3.278040648,1,-0.271340251,1,2.051693916,1,-2.045328856,0,-0.725195169,0,2.767307281,0
6.271954536,-6.474431992,1,-15.61860847,1,-22.37610054,1,-3.263426065,1,0.553141117,1,1.537886977,1,-2.055077314,0,-0.719096184,0,2.762229681,0
6.275952816,-0.716715693,1,-13.23889256,1,-20.46194649,1,-3.124625444,1,1.349674702,1,1.045549273,1,-2.062825441,0,-0.716338038,0,2.754537106,0
6.279952526,4.972915649,1,-11.06455612,1,-18.68019676,1,-2.836191893,1,2.054382324,1,0.623137116,1,-2.068196058,0,-0.716649532,0,2.744477749,0
6.283954144,10.76614475,1,-8.628731728,1,-16.89900589,1,-2.378344059,1,2.67956996,1,0.236192822,1,-2.070677042,0,-0.71969521,0,2.732336283,0
6.287951946,17.05543709,1,-7.391045094,1,-15.16680717,1,-1.772532225,1,3.140061855,1,-0.081936225,1,-2.069835901,0,-0.725042045,0,2.718449116,0
6.291951656,19.0794239,1,-6.737522125,1,-13.33132458,1,-1.108472347,1,3.479305983,1,-0.320751995,1,-2.065582037,0,-0.732071042,0,2.703398466,0
6.295953274,20.55288506,1,-5.16484499,1,-11.1131382,1,-0.423102379,1,3.914794683,1,-0.531330943,1,-2.057585001,0,-0.740543365,0,2.686923981,0
6.299951077,22.37266541,1,-4.401836395,1,-8.406069756,1,0.275996119,1,4.408879757,1,-0.752491295,1,-2.045332909,0,-0.7505036,0,2.668444157,0
6.303950787,22.49949265,1,-4.355626106,1,-6.124402046,1,0.933760703,1,4.992194653,1,-1.073851824,1,-2.028609276,0,-0.762187958,0,2.647619486,0
6.307952404,20.57709122,1,-3.704495907,1,-4.783845901,1,1.553692698,1,5.67878294,1,-1.484988809,1,-2.007166862,0,-0.77600491,0,2.623940229,0
6.311950207,18.03943634,1,-3.017724752,1,-4.309661865,1,2.137718678,1,6.414332867,1,-1.959985018,1,-1.980594277,0,-0.792212546,0,2.596788168,0
6.315949917,16.54753685,1,-2.66759944,1,-3.977048874,1,2.636458397,1,7.136242867,1,-2.443970203,1,-1.948653936,0,-0.810748577,0,2.565659523,0
6.319952011,15.85812759,1,-2.743805408,1,-3.628792763,1,2.989206553,1,7.802775383,1,-2.940482616,1,-1.911350846,0,-0.831350148,0,2.530127525,0
6.323949337,15.56182957,1,-2.982352257,1,-3.147510529,1,3.209519148,1,8.387885094,1,-3.428051949,1,-1.868898153,0,-0.853621662,0,2.489911556,0
6.327949524,15.31419945,1,-3.05694747,1,-3.008852482,1,3.306883812,1,8.792257309,1,-3.891694784,1,-1.821566105,0,-0.877041101,0,2.444887638,0
6.331951141,14.75706577,1,-2.51203537,1,-3.274290085,1,3.349683285,1,8.798185349,1,-4.334571838,1,-1.770518422,0,-0.900965214,0,2.396305799,0
6.335948944,12.4714613,1,-1.31617713,1,-4.0947752,1,3.370834589,1,8.800601959,1,-4.710455418,1,-1.716216445,0,-0.924859881,0,2.344683409,0
6.339948654,9.341591835,1,-0.113269404,1,-5.072570801,1,3.417393684,1,8.802910805,1,-5.020971775,1,-1.658178329,0,-0.948301077,0,2.289484024,0
6.343950272,5.967904568,1,0.823254824,1,-6.392196178,1,3.546921015,1,8.807652473,1,-5.279081821,1,-1.595724821,0,-0.970871091,0,2.230218172,0
6.347948074,2.813572168,1,1.361651778,1,-7.825639725,1,3.731999874,1,8.812685966,1,-5.494770527,1,-1.528161526,0,-0.992126226,0,2.166465044,0
6.351947784,-0.249314055,1,1.513042569,1,-9.237086296,1,3.931376457,1,8.818192482,1,-5.671607971,1,-1.455081463,0,-1.011637211,0,2.097929716,0
6.355949402,-2.686240673,1,0.516062737,1,-10.1744442,1,4.097120285,1,8.820734024,1,-5.794799328,1,-1.376434803,0,-1.028874516,0,2.024520636,0
6.359947205,-4.138968468,1,-1.080618501,1,-10.87052441,1,4.162456989,1,8.824213982,1,-5.863981724,1,-1.292722106,0,-1.043311,0,1.946463704,0
6.363946915,-5.322346687,1,-3.099052191,1,-11.55940723,1,4.095524788,1,8.821956635,1,-5.869603634,1,-1.205026627,0,-1.054431558,0,1.86439395,0
6.367949009,-6.48910284,1,-5.079174042,1,-12.34435844,1,3.922189474,1,8.818208694,1,-5.790112972,1,-1.114939213,0,-1.061736226,0,1.779442906,0
6.371946335,-8.115321159,1,-6.584941864,1,-13.19900608,1,3.654360294,1,8.81139946,1,-5.648333549,1,-1.024350405,0,-1.064873576,0,1.693167448,0
6.375946045,-10.08250427,1,-7.628898144,1,-14.27208233,1,3.337651253,1,8.804217339,1,-5.475339413,1,-0.935243011,0,-1.063714266,0,1.607292295,0
6.379954338,-12.22267246,1,-7.59206152,1,-15.10269451,1,3.021811724,1,8.797319412,1,-5.300337315,1,-0.849309921,0,-1.058384418,0,1.523410439,0
6.383957863,-13.69404316,1,-6.750645638,1,-15.69999886,1,2.762265921,1,8.789361954,1,-5.129514217,1,-0.767662764,0,-1.049174428,0,1.442789912,0
6.387957573,-14.46510696,1,-5.463358879,1,-15.75468254,1,2.614134312,1,8.787085533,1,-4.95694828,1,-0.690967798,0,-1.036397576,0,1.366428018,0
6.391959667,-14.69094658,1,-3.752305031,1,-15.43369293,1,2.586807489,1,8.784803391,1,-4.794961929,1,-0.619401813,0,-1.020399094,0,1.29500246,0
6.39595747,-14.67779446,1,-2.3621521,1,-14.43637657,1,2.685150146,1,8.785322189,1,-4.632757664,1,-0.552817702,0,-1.001542449,0,1.228826046,0
6.39995718,-13.92225266,1,-0.296898216,1,-13.80838299,1,2.903487921,1,8.789920807,1,-4.469930172,1,-0.490832627,0,-0.980138123,0,1.168057919,0
6.403958321,-12.72975349,1,0.221676782,1,-12.6273632,1,3.149649382,1,8.794122696,1,-4.285044193,1,-0.433138877,0,-0.956461191,0,1.112726688,0
6.4079566,-11.68374729,1,1.139250517,1,-11.01408482,1,3.475658417,1,8.800238609,1,-4.080043316,1,-0.379503667,0,-0.930747211,0,1.062847733,0
6.41195631,-10.14495754,1,1.227912664,1,-9.355977058,1,3.802233934,1,8.804255486,1,-3.847465754,1,-0.32956028,0,-0.903235495,0,1.018282056,0
6.415957928,-8.571103096,1,0.737811089,1,-8.219388008,1,4.077569485,1,8.808996201,1,-3.611243963,1,-0.283172518,0,-0.874148309,0,0.978863358,0
6.41995573,-7.776889801,1,-0.077505082,1,-7.327314854,1,4.279304981,1,8.811137199,1,-3.370653391,1,-0.240215674,0,-0.843719184,0,0.944256842,0
6.423954964,-7.820868492,1,-0.758491993,1,-6.905766487,1,4.417793274,1,8.813085556,1,-3.16518116,1,-0.200545102,0,-0.812174797,0,0.914033771,0
6.427956581,-8.600448608,1,-1.004659772,1,-6.733035088,1,4.486638546,1,8.813788414,1,-3.016517878,1,-0.163795799,0,-0.779742599,0,0.887548804,0
6.431954384,-9.635237694,1,-0.780588865,1,-6.63829565,1,4.51130724,1,8.813932419,1,-2.918707371,1,-0.129620567,0,-0.746600389,0,0.864175558,0
6.435954094,-10.60725403,1,-0.948689222,1,-6.055786133,1,4.523679733,1,8.813446045,1,-2.851868391,1,-0.097726911,0,-0.712882996,0,0.843437731,0
6.439956188,-11.10558033,1,-0.573865235,1,-5.467385769,1,4.555047989,1,8.814944267,1,-2.822119236,1,-0.07463403,0,-0.674984455,0,0.818963289,0
6.443953514,-11.13337803,1,0.147117078,1,-4.864601135,1,4.632372856,1,8.81579113,1,-2.821444988,1,-0.045935176,0,-0.640466928,0,0.802074552,0
6.447953224,-11.38423061,1,1.274270415,1,-4.81255722,1,4.727583408,1,8.819001198,1,-2.882911682,1,-0.018231986,0,-0.60558188,0,0.786661506,0
6.451955318,-11.76610279,1,2.149133682,1,-5.15008688,1,4.859242439,1,8.819773674,1,-2.988137007,1,0.008861876,0,-0.570357382,0,0.772372603,0
6.455953121,-12.29609489,1,2.779138327,1,-5.163127422,1,5.036541939,1,8.826633453,1,-3.132270098,1,0.035720889,0,-0.534800231,0,0.758913338,0
6.459952831,-12.44592381,1,2.772273779,1,-5.230664253,1,5.174926758,1,8.830336571,1,-3.317672253,1,0.06250079,0,-0.498897642,0,0.746079803,0
6.463954449,-12.03560352,1,1.992593646,1,-5.445282936,1,5.243989944,1,8.832418442,1,-3.507460356,1,0.089062437,0,-0.462641418,0,0.733743131,0
6.467952728,-11.56882572,1,2.157249689,1,-6.038598061,1,5.265876293,1,8.834226608,1,-3.695916891,1,0.115196764,0,-0.426024556,0,0.721863031,0
6.471952438,-11.59818268,1,2.272633314,1,-6.880411625,1,5.294142246,1,8.834878922,1,-3.856429577,1,0.140823796,0,-0.389048159,0,0.710462809,0
6.475954056,-12.47738266,1,2.830727816,1,-7.868104458,1,5.329771996,1,8.83741188,1,-4.047784805,1,0.166050673,0,-0.351701736,0,0.699499965,0
6.479951859,-13.54000664,1,2.970677614,1,-8.920433998,1,5.355382442,1,8.735482216,1,-4.264136791,1,0.190915331,0,-0.314117551,0,0.688818514,0
6.483951569,-14.59320927,1,2.831461191,1,-10.35471821,1,5.344358921,1,8.569191933,1,-4.504608154,1,0.21540831,0,-0.276670694,0,0.678169727,0
6.487953186,-16.1370945,1,2.636162281,1,-12.27244854,1,5.292469025,1,8.370560646,1,-4.78664875,1,0.239450589,0,-0.239456594,0,0.667350888,0
6.491950989,-18.77996254,1,2.128338099,1,-14.46468258,1,5.203857899,1,8.161618233,1,-5.079160213,1,0.262899995,0,-0.202530891,0,0.656190574,0
6.495950699,-22.81858444,1,1.274598598,1,-16.8639431,1,5.087659836,1,7.983939648,1,-5.399508953,1,0.285621762,0,-0.165770307,0,0.644574821,0
6.499952793,-27.56023026,1,-0.372253031,1,-19.07366943,1,4.90762043,1,7.848762989,1,-5.719367981,1,0.307410538,0,-0.129002899,0,0.632410288,0
6.503956318,-32.72162628,1,-2.153733492,1,-21.39078331,1,4.658146381,1,7.750451565,1,-6.005233765,1,0.327943325,0,-0.092049137,0,0.619804084,0
6.507956028,-37.85879898,1,-3.116299868,1,-22.70145416,1,4.382924557,1,7.694842815,1,-6.300051212,1,0.34697637,0,-0.054753345,0,0.606777489,0
6.511958122,-42.78474808,1,-2.352502823,1,-22.9678936,1,4.141099453,1,7.631399632,1,-6.594703674,1,0.36449337,0,-0.01703052,0,0.593262851,0
6.515955925,-46.317379,1,-1.219010234,1,-21.98218918,1,3.959688663,1,7.544157028,1,-6.802852631,1,0.38063705,0,0.021015208,0,0.579335928,0
6.519955635,-48.83275604,1,0.142615736,1,-20.05292892,1,3.854041338,1,7.362129211,1,-6.905210018,1,0.395697892,0,0.059027743,0,0.565227151,0
6.523957253,-51.22779083,1,1.419476628,1,-17.88092804,1,3.768862247,1,7.034522533,1,-6.857482433,1,0.4098548,0,0.096341379,0,0.551133513,0
6.527955055,-54.03746414,1,1.053057432,1,-15.08222485,1,3.633035898,1,6.590818882,1,-6.616302013,1,0.423103839,0,0.132208154,0,0.537395,0
6.531954765,-56.26522446,1,0.515217245,1,-11.98866749,1,3.456259727,1,5.966245174,1,-6.148020267,1,0.43538186,0,0.165746242,0,0.524467647,0
6.535956383,-57.1564827,1,0.759582162,1,-9.742454529,1,3.244469404,1,5.090353966,1,-5.478879452,1,0.446667641,0,0.195756033,0,0.51266253,0
6.539954662,-59.61105728,1,2.450689077,1,-8.606656075,1,3.104560614,1,4.065524101,1,-4.661876678,1,0.457109392,0,0.221103042,0,0.502180755,0
6.543954372,-64.71187592,1,5.468633652,1,-8.903030396,1,3.09087801,1,2.958169937,1,-3.868397474,1,0.467334509,0,0.241263479,0,0.49297601,0
6.54795599,-69.92637634,1,9.945549011,1,-9.320049286,1,3.187943459,1,2.02973485,1,-3.136599541,1,0.477862835,0,0.256496042,0,0.484809935,0
6.551953793,-77.36151123,1,12.55151367,1,-8.108119965,1,3.322361708,1,1.322227478,1,-2.594423294,1,0.489014596,0,0.267653316,0,0.477506518,0
6.555953503,-81.64865112,1,10.57452679,1,-5.570852757,1,3.195051908,1,0.865790427,1,-2.103297949,1,0.50043565,0,0.27594313,0,0.471091032,0
6.559955597,-81.80437469,1,6.380286217,1,-1.527869105,1,2.573638916,1,0.423861802,1,-1.634710789,1,0.510547101,0,0.281815171,0,0.465555191,0
6.563953876,-77.66895294,1,3.30476737,1,2.642342567,1,1.653520107,1,-0.033714682,1,-1.022000432,1,0.517826498,0,0.285157204,0,0.461113364,0
6.567953587,-71.51927948,1,4.422058105,1,5.831700802,1,0.665746868,1,-0.558299005,1,-0.285805881,1,0.521582365,0,0.285464287,0,0.458132178,0
6.571955204,-64.08168793,1,10.25149727,1,7.875129223,1,0.067823738,1,-1.088556886,1,0.530833542,1,0.522546411,0,0.28237623,0,0.456852376,0
6.575953007,-59.20694351,1,17.78720093,1,8.222668648,1,0.060949035,1,-1.6289289,1,1.366510272,1,0.522848189,0,0.275756389,0,0.457467377,0
6.579952717,-57.52624893,1,20.24054337,1,8.169951439,1,0.390013456,1,-2.096563339,1,2.172083616,1,0.524391472,0,0.265724748,0,0.459957063,0
6.583954334,-55.84134674,1,16.03402901,1,8.483872414,1,0.638182104,1,-2.42438674,1,2.911174536,1,0.527653098,0,0.252754331,0,0.464363545,0
6.587952137,-52.82775497,1,9.954033852,1,7.987939358,1,0.542762637,1,-2.724164486,1,3.471707821,1,0.531561613,0,0.237399802,0,0.470398128,0
6.591951847,-49.16287613,1,5.831085205,1,6.935357094,1,0.15264827,1,-3.044102669,1,3.812861443,1,0.534595847,0,0.220032975,0,0.47731024,0
6.595953465,-44.48761368,1,3.138408899,1,4.432849407,1,-0.458020568,1,-3.374988317,1,3.941910505,1,0.535523474,0,0.201072484,0,0.484306812,0
6.599951267,18.75288391,1,-30.12215996,1,-12.848382,1,-4.247188091,1,-4.721336842,1,3.477065325,1,0.528243899,0,0.179677173,0,0.489693612,0
6.603950977,-53.73350143,1,10.45361137,1,5.643580437,1,-4.009348392,1,-6.055372238,1,3.787918568,1,0.511259854,0,0.153617814,0,0.490818053,0
6.607953072,20.64313889,1,-15.60168362,1,-14.78063393,1,-3.761776924,1,-5.543996811,1,3.264484406,1,0.495515227,0,0.126419738,0,0.492196083,0
6.611950874,14.02420807,1,-31.36698723,1,-26.52918434,1,-4.778051853,1,-7.125444412,1,3.643216372,1,0.479238331,0,0.098195195,0,0.49258408,0
6.615951061,14.58154297,1,-43.40829086,1,-47.88305283,1,-5.254425526,1,-8.745597839,1,4.326920509,1,0.458523512,0,0.062511213,0,0.492170304,0
6.619952679,-4.885739326,1,-57.65830231,1,-74.68415833,1,-6.805037975,1,-8.885017395,1,5.001694202,1,0.435590208,0,0.022489848,0,0.493894786,0
6.623961926,-67.78910828,1,-45.58181381,1,-75.57279968,1,-8.613536835,1,-8.927783012,1,6.046217918,1,0.403830588,0,-0.018979676,0,0.499355227,0
6.627967834,-108.2521439,1,9.284863472,1,-56.68844986,1,-8.620711327,1,-8.86979866,1,6.91946888,1,0.368913889,0,-0.061850395,0,0.510135055,0
6.631969929,-73.81893921,1,37.83718872,1,-38.63106918,1,-7.50878191,1,-6.699229717,1,6.435389996,1,0.334637105,0,-0.100242741,0,0.524840891,0
6.635968208,-26.41292572,1,46.49802399,1,-19.41484261,1,-4.849965572,1,-6.88053894,1,5.922184467,1,0.308025837,0,-0.133342683,0,0.539913416,0
6.639967918,16.09109879,1,45.79964066,1,-9.733864784,1,-3.145188093,1,-7.094144821,1,6.46154356,1,0.290127456,0,-0.166813225,0,0.555480361,0
6.643969536,25.97253418,1,35.96792984,1,10.57104778,1,-2.850979328,1,-7.660650253,1,6.937942982,1,0.275015354,0,-0.202746198,0,0.573386073,0
6.647967339,-17.55857086,1,7.367603302,1,5.92476511,1,-3.178282976,1,-7.414343834,1,6.743887901,1,0.25931713,0,-0.239517674,0,0.592442691,0
6.651967049,-103.925415,1,-48.73130798,1,-47.16235733,1,-4.842820644,1,-3.250615358,1,3.787961721,1,0.23903732,0,-0.2668854,0,0.608757377,0
6.655968666,-129.7084503,1,0.042271074,1,5.415257454,1,-2.97930336,1,-0.559658647,1,1.359071732,1,0.220475525,0,-0.273783624,0,0.616154373,0
6.659966469,9.478025436,1,27.39695168,1,-4.063719273,1,-1.692990303,1,-1.621544957,1,0.772993803,1,0.211095601,0,-0.279676765,0,0.619736493,0
6.663966179,2.039551497,1,53.27207565,1,-29.07294273,1,-1.20051527,1,-0.917077184,1,1.645456433,1,0.203568831,0,-0.285306901,0,0.62300688,0
6.667967796,-13.65358448,1,3.315876007,1,-14.49100018,1,-0.228159547,1,-0.516570926,1,1.70587945,1,0.199301824,0,-0.289515376,0,0.629989445,0
6.671966076,-5.256887913,1,-30.79454041,1,-6.599195004,1,-0.707274079,1,-1.213598847,1,0.815671802,1,0.196285218,0,-0.293719769,0,0.634190321,0
6.675965786,-7.798382759,1,-16.32840347,1,-14.09308338,1,-0.965222239,1,-1.061325669,1,0.99617511,1,0.192264602,0,-0.298958004,0,0.636725247,0
6.67996788,-4.194488525,1,-3.600389242,1,-13.96325397,1,-1.04322505,1,-1.203241467,1,1.590189338,1,0.18668431,0,-0.304470897,0,0.641285598,0
6.683965206,-6.33664465,1,-0.798065662,1,-10.96887589,1,-0.868560672,1,-1.247276306,1,1.375600934,1,0.181309819,0,-0.310162961,0,0.646490872,0
6.687965393,-10.21672058,1,0.041337609,1,-12.4413147,1,-0.675803185,1,-1.337507963,1,1.405268073,1,0.178206831,0,-0.31496644,0,0.620004714,0
6.69196701,-5.683648109,1,-3.95067811,1,-9.988221169,1,-0.537659466,1,-1.32819283,1,1.447444439,1,0.174213424,0,-0.321200788,0,0.625000715,0
6.695964813,-8.863854408,1,0.515879571,1,-8.509002686,1,-0.431347251,1,-1.351195216,1,1.32381928,1,0.170757294,0,-0.327428013,0,0.629772365,0
6.699964523,-8.453988075,1,3.733175755,1,-8.244418144,1,-0.199284554,1,-1.281054258,1,1.256115079,1,0.168060511,0,-0.333482623,0,0.634175777,0
6.703966141,-6.158134937,1,-4.266474724,1,-8.772400856,1,-0.204805151,1,-1.289781332,1,1.160145164,1,0.165986985,0,-0.339326203,0,0.638356507,0
6.707963943,-6.673327446,1,1.074824929,1,-10.41726112,1,-0.092619881,1,-1.312039733,1,1.046250224,1,0.164034113,0,-0.345202088,0,0.64205271,0
6.711963177,-6.15575552,1,1.532520294,1,-11.60782337,1,0.097740665,1,-1.435810566,1,1.048422098,1,0.162901029,0,-0.351252019,0,0.645513058,0
6.715964794,-8.120732307,1,-4.974193573,1,-11.0762043,1,0.138720751,1,-1.643624544,1,0.96364671,1,0.162349522,0,-0.357971758,0,0.648684144,0
6.719962597,-5.00002718,1,-1.536567926,1,-13.14846802,1,0.085518293,1,-1.850625396,1,0.924013972,1,0.161755323,0,-0.365446806,0,0.65144968,0
6.72396183,-2.681652069,1,1.611622453,1,-16.25854301,1,0.169264629,1,-2.14790082,1,0.848744094,1,0.161421806,0,-0.373864472,0,0.653837323,0
6.727963448,-3.70223093,1,-0.45410338,1,-17.49878502,1,0.04852299,1,-2.607927322,1,0.730152011,1,0.16121009,0,-0.383745939,0,0.6555655,0
6.73196125,-5.444283009,1,-1.805931687,1,-17.95483017,1,0.092970572,1,-3.103761196,1,0.681210458,1,0.161124811,0,-0.395440936,0,0.656547189,0
6.73596096,-3.974103212,1,-1.385386109,1,-18.90213966,1,0.060609456,1,-3.636522055,1,0.645642698,1,0.161180913,0,-0.409165859,0,0.657084405,0
6.739963055,-2.273082972,1,-0.795453787,1,-20.52740669,1,0.183696076,1,-4.177097797,1,0.585474432,1,0.161742195,0,-0.424992919,0,0.656984568,0
6.743966579,-0.952027917,1,-3.883539915,1,-25.19995499,1,0.151218176,1,-4.864160538,1,0.559253454,1,0.162737146,0,-0.443182647,0,0.656249046,0
6.74796629,-1.435627341,1,-4.488898754,1,-25.69207573,1,0.114182487,1,-5.586370468,1,0.590350986,1,0.163877085,0,-0.464131683,0,0.654949367,0
6.751968384,2.478827953,1,-8.724190712,1,-28.46526718,1,-0.136866137,1,-6.521834373,1,0.786348104,1,0.164501116,0,-0.488464534,0,0.653495669,0
6.755966187,1.800108552,1,-8.145418167,1,-26.81895447,1,-0.19380033,1,-7.484138966,1,1.101794004,1,0.164200544,0,-0.516692936,0,0.652544022,0
6.759965897,6.640316963,1,-9.589692116,1,-28.08172035,1,-0.008359613,1,-8.534889221,1,1.397399306,1,0.163967818,0,-0.549104154,0,0.652167261,0
6.763967514,5.828158855,1,-12.00057507,1,-27.05470467,1,0.06173775,1,-8.723924637,1,1.938387275,1,0.163560152,0,-0.584425271,0,0.653221428,0
6.767965794,8.893379211,1,-13.9792881,1,-25.98324203,1,-0.051841319,1,-8.729528427,1,2.514274359,1,0.161457211,0,-0.620310426,0,0.657021403,0
6.771965504,6.602332592,1,-12.85162449,1,-24.51646233,1,-0.274439543,1,-8.738064766,1,3.074313641,1,0.156798273,0,-0.656571984,0,0.663863301,0
6.775967121,3.903316259,1,-10.29760265,1,-16.4661808,1,-0.661914051,1,-8.749493599,1,3.742699146,1,0.148481727,0,-0.69319874,0,0.674188495,0
6.779965401,-4.923199654,1,-5.337946415,1,-13.45557404,1,-1.030073524,1,-8.761136055,1,4.403114319,1,0.135327592,0,-0.730190396,0,0.689076543,0
6.783965111,-8.553516388,1,3.007367373,1,-8.531276703,1,-1.102794647,1,-8.76447773,1,4.71407795,1,0.118245281,0,-0.767268419,0,0.707742333,0
6.787967205,-6.499164581,1,10.10831547,1,-7.166928768,1,-0.663597941,1,-8.756707191,1,5.027021408,1,0.099048197,0,-0.804218411,0,0.729802728,0
6.791964531,-11.15601349,1,15.8274889,1,-8.916693687,1,0.0873973,1,-8.741473198,1,5.235957623,1,0.0790326,0,-0.840907693,0,0.755409241,0
6.795964241,-27.79266357,1,17.07805061,1,-12.21465683,1,1.405046105,1,-8.712224007,1,4.945275784,1,0.060981441,0,-0.877163231,0,0.782957077,0
6.799966335,-52.26762772,1,12.98696709,1,-17.23141861,1,2.969288826,1,-8.678297043,1,4.517309666,1,0.048616018,0,-0.912917972,0,0.810064316,0
6.803964138,-65.94178009,1,7.68414402,1,-18.09734917,1,4.106687069,1,-8.6541605,1,4.381505489,1,0.041188028,0,-0.948337317,0,0.837077975,0
6.807963848,-79.83195496,1,-4.205343246,1,-18.72736359,1,4.614706039,1,-8.644763947,1,4.693163395,1,0.034104366,0,-0.983599901,0,0.866983116,0
6.811965466,-102.8735733,1,-11.83524609,1,-13.7212801,1,4.966368198,1,-8.634081841,1,4.156394482,1,0.027148664,0,-1.018685341,0,0.897969306,0
6.815963745,-117.6320801,1,-13.12522602,1,-11.83222771,1,4.941153526,1,-8.631084442,1,3.345510244,1,0.023399517,0,-1.053574443,0,0.925670624,0
6.819962978,-92.18186188,1,-9.639594078,1,-6.758069992,1,4.568063259,1,-7.035236835,1,2.358826637,1,0.022785984,0,-1.086381078,0,0.948012888,0
6.823964596,-46.24845123,1,-28.16304207,1,4.081673145,1,3.614406824,1,-3.963913202,1,1.729354978,1,0.025139999,0,-1.108470559,0,0.964263797,0
6.827962399,22.8285923,1,-41.57806396,1,15.64751911,1,0.656767368,1,-2.715969563,1,1.441770554,1,0.022085024,0,-1.121029377,0,0.977523685,0
6.831962109,-29.04378319,1,-19.91640472,1,7.907157421,1,-1.494371295,1,-4.82250309,1,2.538261414,1,0.002186539,0,-1.13752532,0,0.997521579,0
6.835963726,-69.25780487,1,-18.22019958,1,-12.68409061,1,-3.051172972,1,-3.232667685,1,2.346462727,1,-0.027972678,0,-1.153680325,0,1.020822287,0
6.839961529,-30.66509247,1,-17.38884544,1,-5.702754974,1,-4.468017578,1,-2.424755573,1,2.765746117,1,-0.067865379,0,-1.163685083,0,1.047695279,0
6.843961239,-13.30605412,1,-1.391706228,1,-8.750843048,1,-4.829927444,1,-3.718943357,1,2.837890625,1,-0.115870498,0,-1.174776673,0,1.079404116,0
6.847963333,-9.241986275,1,6.95208168,1,-8.737266541,1,-4.410162449,1,-5.13508606,1,3.076822281,1,-0.168639079,0,-1.190588117,0,1.116312742,0
6.851960659,-9.564116478,1,4.466468334,1,-5.027998924,1,-3.780857801,1,-6.792508602,1,3.768470526,1,-0.232237279,0,-1.211291552,0,1.166879058,0
6.855960369,-24.85010147,1,6.911281586,1,-8.319109917,1,-2.801720619,1,-7.622041225,1,3.902041674,1,-0.308075339,0,-1.235197425,0,1.233435273,0
6.859962463,-38.58060837,1,6.857395172,1,-10.74011993,1,-1.630455732,1,-7.62575388,1,3.846702099,1,-0.391786009,0,-1.258689165,0,1.312360287,0
6.863965988,-45.62398529,1,0.787136078,1,-13.76340008,1,-0.591120958,1,-7.098361492,1,3.671745777,1,-0.480072916,0,-1.279125094,0,1.400231361,0
6.867966175,-45.02293396,1,-5.020977497,1,-15.84252834,1,0.167300805,1,-6.453467846,1,3.529464722,1,-0.570159853,0,-1.295382857,0,1.493293524,0
6.871967793,-42.97455597,1,-12.01103306,1,-17.65955544,1,0.560278475,1,-5.90240097,1,3.505547762,1,-0.661807895,0,-1.307432652,0,1.589954257,0
6.875965595,-41.08345413,1,-18.75292206,1,-19.83930588,1,0.567752242,1,-5.435151577,1,3.628592968,1,-0.755897224,0,-1.315375805,0,1.689700961,0
6.879965305,-37.63787842,1,-23.37924004,1,-22.15114784,1,0.367911875,1,-5.086220264,1,3.801121235,1,-0.852226079,0,-1.319253325,0,1.791168571,0
6.883966923,-34.04957199,1,-24.70945549,1,-23.98000336,1,0.112058267,1,-4.909814358,1,4.000957489,1,-0.949855626,0,-1.31940794,0,1.892939329,0
6.887964725,-31.77619171,1,-23.56398773,1,-25.23041344,1,-0.112808168,1,-4.865990639,1,4.201467991,1,-1.047803998,0,-1.316166162,0,1.994088531,0
6.891964436,-30.96770287,1,-21.90455055,1,-26.45418739,1,-0.171690479,1,-4.958677769,1,4.331066608,1,-1.144318104,0,-1.309955001,0,2.093277931,0
6.895966053,-32.50237274,1,-20.70929146,1,-27.33641815,1,-0.14217265,1,-5.034480095,1,4.384226322,1,-1.237243295,0,-1.301141977,0,2.188882113,0
6.899963856,-33.65970993,1,-20.20482063,1,-27.85204124,1,-0.009507574,1,-5.052571297,1,4.352492332,1,-1.323881984,0,-1.290162802,0,2.278568745,0
6.903963566,-35.55906677,1,-20.57380676,1,-28.65769005,1,0.128577322,1,-5.034228802,1,4.308241367,1,-1.402742028,0,-1.277331591,0,2.361027479,0
6.90796566,-36.127491,1,-21.06082726,1,-29.4705143,1,0.263168275,1,-4.988688946,1,4.254344463,1,-1.473318338,0,-1.263020158,0,2.435739279,0
6.911962986,-37.53020477,1,-21.8040123,1,-29.99165535,1,0.3701756,1,-4.863449097,1,4.238350391,1,-1.535779476,0,-1.247380614,0,2.50279355,0
6.915962219,-37.5619278,1,-22.3962326,1,-30.2963047,1,0.455453873,1,-4.722677708,1,4.258858204,1,-1.59014976,0,-1.230520606,0,2.562030315,0
6.919964314,-36.7013092,1,-22.64721489,1,-30.9652729,1,0.474613816,1,-4.54223156,1,4.330071449,1,-1.637173176,0,-1.212577701,0,2.614112139,0
6.923961639,-34.12236404,1,-25.46132278,1,-31.13436127,1,0.457741231,1,-4.473666668,1,4.386564732,1,-1.678076029,0,-1.193468809,0,2.659861326,0
6.927961826,-33.66307449,1,-23.44748116,1,-31.6066761,1,0.499524951,1,-4.359690189,1,4.519950867,1,-1.713605165,0,-1.173599482,0,2.70045495,0
6.931963444,-30.36902046,1,-22.83143425,1,-31.95874596,1,0.459856391,1,-4.31066227,1,4.603186131,1,-1.744623661,0,-1.152844906,0,2.73628068,0
6.935961246,-29.28943634,1,-21.98518753,1,-32.13648987,1,0.430769801,1,-4.282659054,1,4.673986912,1,-1.77223599,0,-1.131406188,0,2.768603086,0
6.939960957,-28.28466606,1,-21.09794426,1,-32.3925972,1,0.40969485,1,-4.260061741,1,4.747033119,1,-1.815579295,0,-1.118930578,0,2.77302146,0
6.943962574,-27.63678741,1,-20.94057083,1,-32.35118866,1,0.378530443,1,-4.205208778,1,4.797774315,1,-1.837156057,0,-1.096204996,0,2.798893929,0
6.947960377,-26.67136574,1,-21.5687542,1,-32.49596405,1,0.298270583,1,-4.140586376,1,4.85586071,1,-1.856238842,0,-1.073069572,0,2.822027922,0
6.951960087,-25.45208168,1,-21.57247543,1,-32.5995636,1,0.169931993,1,-4.081567287,1,4.933670998,1,-1.873294115,0,-1.049560189,0,2.842661142,0
6.955961704,-24.77721977,1,-21.60003281,1,-32.57709122,1,-0.027004099,1,-3.995537996,1,4.985478878,1,-1.888786316,0,-1.025746346,0,2.860992193,0
6.959959984,-24.20506477,1,-21.66967392,1,-32.43632126,1,-0.278256655,1,-3.872142553,1,5.001173019,1,-1.903058887,0,-1.001789808,0,2.877118111,0
6.963959694,-23.09176254,1,-22.37163162,1,-32.92116928,1,-0.559113264,1,-3.730226755,1,4.989487171,1,-1.916440368,0,-0.977880359,0,2.891138792,0
6.967961311,-21.45698166,1,-22.82010078,1,-33.19370651,1,-0.906165123,1,-3.572497368,1,4.962147236,1,-1.929280996,0,-0.954160333,0,2.903186798,0
6.971959114,-19.09100723,1,-23.57328987,1,-33.62029266,1,-1.285029173,1,-3.430930138,1,4.924889565,1,-1.94196856,0,-0.930689871,0,2.913451672,0
6.975958347,-16.2906208,1,-23.67154503,1,-34.13274384,1,-1.673350692,1,-3.324569225,1,4.887959957,1,-1.954863071,0,-0.907460868,0,2.922214508,0
6.979959965,-13.79560471,1,-23.53007317,1,-34.86130905,1,-2.041871786,1,-3.230416536,1,4.833825111,1,-1.96822238,0,-0.884489298,0,2.929775,0
6.98396349,-11.64685059,1,-22.19762421,1,-35.6358223,1,-2.357435703,1,-3.132274151,1,4.723004818,1,-1.982025385,0,-0.861881793,0,2.936284304,0
6.9879632,-10.14372635,1,-20.79572868,1,-36.12900543,1,-2.598196268,1,-2.953664303,1,4.551609993,1,-1.996075153,0,-0.83996135,0,2.941756725,0
6.991965771,-9.124101639,1,-18.97218132,1,-35.76893997,1,-2.749004602,1,-2.61127162,1,4.284464359,1,-2.009792805,0,-0.819216073,0,2.945828438,0
6.99596405,-7.062781334,1,-16.94362068,1,-35.17945099,1,-2.792641163,1,-2.09559083,1,3.910779476,1,-2.022449017,0,-0.800324321,0,2.947950602,0
6.999963284,-3.882556915,1,-14.66295242,1,-34.25411224,1,-2.72060585,1,-1.427702188,1,3.44809866,1,-2.033369541,0,-0.783984244,0,2.947755098,0
7.003964901,-0.655096531,1,-12.69614124,1,-32.92029572,1,-2.527215481,1,-0.669525862,1,2.938598871,1,-2.041949511,0,-0.770677447,0,2.944975138,0
7.007963181,2.491676331,1,-10.76601791,1,-31.09578514,1,-2.212396622,1,0.181749955,1,2.389434576,1,-2.04761672,0,-0.760751367,0,2.939454079,0
7.011962414,7.410744667,1,-10.40481377,1,-29.02867889,1,-1.850736022,1,1.095211387,1,1.857753873,1,-2.049913406,0,-0.754401803,0,2.930950165,0
7.015964031,13.08611393,1,-11.20946407,1,-26.24486542,1,-1.528315067,1,2.003320932,1,1.378545284,1,-2.048719883,0,-0.75151825,0,2.919337511,0
7.019961834,20.77389526,1,-12.77070141,1,-23.57520103,1,-1.321788073,1,2.842993975,1,0.959367216,1,-2.044316769,0,-0.751832604,0,2.904589891,0
7.023961544,29.53824806,1,-15.28051949,1,-20.92477417,1,-1.260032177,1,3.575952768,1,0.623712063,1,-2.037383795,0,-0.754858851,0,2.88692379,0
7.027963161,39.74607086,1,-17.05070114,1,-18.12037468,1,-1.199042916,1,4.168673992,1,0.427466989,1,-2.028282404,0,-0.759934485,0,2.866478682,0
7.031960964,42.45609665,1,-17.4323349,1,-16.95809937,1,-1.154959559,1,4.586480141,1,0.317061484,1,-2.017310381,0,-0.766224504,0,2.843824148,0
7.035960674,41.39782715,1,-12.81939125,1,-15.58060837,1,-1.039705276,1,5.313438892,1,0.116406508,1,-2.004084826,0,-0.773804665,0,2.818420649,0
7.039962769,40.73876572,1,-5.074062824,1,-13.78039646,1,-0.539476752,1,6.232480049,1,-0.304474115,1,-1.986735582,0,-0.783599257,0,2.789038658,0
7.043960094,36.01431274,1,-1.437429428,1,-13.03722191,1,0.329230338,1,7.135249138,1,-1.022787571,1,-1.963449717,0,-0.796498299,0,2.755583763,0
7.047960281,31.50009918,1,-1.175829291,1,-13.2915411,1,1.210534215,1,8.06707859,1,-1.902172446,1,-1.933203936,0,-0.81313175,0,2.717941523,0
7.051961422,27.9275074,1,-2.121597528,1,-11.92992973,1,1.863116026,1,8.756976128,1,-2.723759413,1,-1.895896196,0,-0.83331573,0,2.675540686,0
7.055959702,27.17708015,1,-2.045665503,1,-11.28370285,1,2.377801418,1,8.771934509,1,-3.448882341,1,-1.853910446,0,-0.855615973,0,2.630750895,0
7.059959412,25.38711929,1,-1.632108092,1,-11.35813808,1,2.782831669,1,8.78533268,1,-4.150959492,1,-1.808170676,0,-0.879345834,0,2.584332705,0
7.063960552,19.56518555,1,-2.596836329,1,-11.89134789,1,3.104661942,1,8.796066284,1,-4.81180048,1,-1.758476853,0,-0.904327273,0,2.535631895,0
7.067958832,11.81386852,1,-3.606595516,1,-13.39610004,1,3.276863575,1,8.802583694,1,-5.365298748,1,-1.704548717,0,-0.930096924,0,2.483857632,0
7.071958542,4.342661858,1,-4.414776802,1,-14.91458988,1,3.257091522,1,8.804451942,1,-5.764775753,1,-1.646400809,0,-0.955969334,0,2.428196192,0
7.075959682,-1.096818328,1,-4.469367027,1,-15.99714661,1,3.194677114,1,8.805393219,1,-6.045638084,1,-1.58384335,0,-0.98116231,0,2.367935896,0
7.079957962,-5.747753143,1,-3.63239789,1,-16.89459038,1,3.203054428,1,8.805635452,1,-6.224023342,1,-1.516263247,0,-1.005007505,0,2.302517176,0
7.083957195,-10.21701813,1,-2.677325726,1,-17.94161797,1,3.317498207,1,8.807972908,1,-6.278234959,1,-1.442959547,0,-1.026749849,0,2.231598854,0
7.087958813,-14.61307144,1,-2.132846594,1,-18.88274765,1,3.510612011,1,8.813076973,1,-6.254308701,1,-1.363546848,0,-1.045622706,0,2.155179739,0
7.091956615,-18.4115715,1,-2.396793365,1,-20.01264191,1,3.723158598,1,8.816240311,1,-6.170817375,1,-1.278248668,0,-1.061003089,0,2.07368207,0
7.095956326,-21.52701378,1,-3.752519846,1,-20.87921906,1,3.899706125,1,8.818232536,1,-6.058372021,1,-1.187939048,0,-1.072410583,0,1.987989187,0
7.09995842,-23.70720482,1,-6.113939762,1,-21.19543076,1,3.969241142,1,8.819297791,1,-5.923469543,1,-1.09419775,0,-1.079520702,0,1.899405003,0
7.103961945,-25.4188633,1,-9.370984077,1,-21.06278419,1,3.871322155,1,8.817521095,1,-5.702245235,1,-0.999370217,0,-1.082010269,0,1.809765816,0
7.107961178,-26.37343788,1,-12.42629433,1,-20.4920311,1,3.630887032,1,8.809165001,1,-5.404643536,1,-0.906287968,0,-1.079701424,0,1.721316934,0
7.111963272,-27.94287109,1,-14.26935577,1,-19.78123093,1,3.26478219,1,8.801037788,1,-5.088714123,1,-0.81759578,0,-1.072688341,0,1.636215568,0
7.115960598,-28.28088951,1,-14.87391472,1,-18.75254059,1,2.875332594,1,8.790621758,1,-4.755375385,1,-0.735095978,0,-1.061369181,0,1.556041479,0
7.119960785,-27.22209358,1,-14.24761772,1,-17.46558189,1,2.521524429,1,8.780906677,1,-4.435110569,1,-0.659815073,0,-1.046221733,0,1.481873989,0
7.123962402,-25.57058716,1,-13.10334015,1,-16.26730156,1,2.240466356,1,8.773704529,1,-4.101408005,1,-0.592125416,0,-1.02775681,0,1.414263248,0
7.127960205,-24.51009369,1,-11.05582333,1,-15.41209507,1,2.108308077,1,8.769494057,1,-3.791913509,1,-0.53160131,0,-1.006469488,0,1.353308201,0
7.131959915,-23.92687225,1,-9.154309273,1,-13.91265297,1,2.147502661,1,8.76721096,1,-3.489738226,1,-0.477421522,0,-0.982794046,0,1.298800707,0
7.135961533,-23.34601402,1,-7.654164791,1,-12.05502033,1,2.353191376,1,8.769522667,1,-3.202618599,1,-0.428493053,0,-0.957109869,0,1.250360489,0
7.139959335,-22.40591049,1,-6.345720291,1,-10.03107452,1,2.690086842,1,8.776519775,1,-2.90799737,1,-0.383817255,0,-0.929701567,0,1.207606435,0
7.143959045,-21.19836235,1,-5.032217503,1,-7.97698307,1,3.149095535,1,8.783019066,1,-2.623122692,1,-0.342509449,0,-0.900798738,0,1.170196056,0
7.147960186,-20.69642448,1,-4.090810776,1,-5.665370941,1,3.722388744,1,8.794223785,1,-2.352293491,1,-0.303588867,0,-0.870619416,0,1.137658596,0
7.151958466,-20.731493,1,-3.2597332,1,-3.453591108,1,4.347441196,1,8.805533409,1,-2.160929203,1,-0.266142547,0,-0.839371145,0,1.10941565,0
7.155958176,-20.5445919,1,-2.924772978,1,-1.813457727,1,4.926780701,1,8.817676544,1,-2.067572117,1,-0.229415178,0,-0.807269394,0,1.084683061,0
7.159959316,-20.04093933,1,-3.63934207,1,-0.55431509,1,5.390072823,1,8.827274323,1,-2.061607361,1,-0.193115339,0,-0.774494529,0,1.062702656,0
7.163957596,-18.86346054,1,-5.297669411,1,-0.053969491,1,5.707918167,1,8.834159851,1,-2.107880592,1,-0.157288596,0,-0.741162837,0,1.042950034,0
7.167957306,-17.85753822,1,-7.242125988,1,0.409294784,1,5.843923569,1,8.837571144,1,-2.198593855,1,-0.122255206,0,-0.707361341,0,1.025016308,0
7.171958923,-17.33610344,1,-8.039497375,1,0.748182058,1,5.837145805,1,8.838274002,1,-2.384772062,1,-0.088274322,0,-0.673167348,0,1.008403659,0
7.175957203,-16.77433586,1,-8.196922302,1,0.637244523,1,5.735830307,1,8.837879181,1,-2.666440487,1,-0.055437438,0,-0.638630152,0,0.99252075,0
7.179956913,-16.58462334,1,-7.830761909,1,-0.020775305,1,5.656186104,1,8.837853432,1,-3.041545153,1,-0.023522882,0,-0.603753686,0,0.976816654,0
7.18395853,-17.18794632,1,-6.698132038,1,-1.598066092,1,5.629457474,1,8.840058327,1,-3.514866829,1,0.00790777,0,-0.56849885,0,0.960780859,0
7.18795681,-18.5164566,1,-3.483087301,1,-2.252183914,1,5.643500328,1,8.844522476,1,-4.099131107,1,0.024817377,0,-0.523423553,0,0.930297613,0
7.191956043,-16.93371201,1,6.244419098,1,-7.627667904,1,5.874637127,1,8.568951607,1,-4.906262875,1,0.05694066,0,-0.487673342,0,0.911372364,0
7.195957661,-18.72402763,1,7.000093937,1,-7.448154449,1,6.305393696,1,8.187738419,1,-5.712481976,1,0.09076605,0,-0.452759147,0,0.890358508,0
7.199955463,-20.86652946,1,8.792031288,1,-9.717643738,1,6.907366276,1,7.848795891,1,-6.448049068,1,0.126832068,0,-0.418221772,0,0.867543161,0
7.203955173,-22.51495934,1,8.513836861,1,-10.44205284,1,7.421353817,1,7.55479908,1,-7.163808346,1,0.165042177,0,-0.383777618,0,0.84312427,0
7.207956791,-23.58950424,1,5.285180092,1,-11.44772243,1,7.701053619,1,7.218845367,1,-7.761051178,1,0.204553619,0,-0.349241078,0,0.817492306,0
7.211954594,-25.57657242,1,1.91780293,1,-13.31343174,1,7.635882854,1,6.938266277,1,-8.295383453,1,0.243925199,0,-0.314498305,0,0.791016936,0
7.215954304,-28.73293304,1,-0.983619809,1,-15.30387688,1,7.313079834,1,6.674917221,1,-8.60304451,1,0.281749368,0,-0.279390454,0,0.764137447,0
7.219956398,-33.10024261,1,-3.41438055,1,-17.50550461,1,6.75633049,1,6.474578381,1,-8.606627464,1,0.316669464,0,-0.244130969,0,0.738114059,0
7.223959446,-38.62096024,1,-5.231066704,1,-20.06530762,1,6.004892826,1,6.376248837,1,-8.610563278,1,0.347792327,0,-0.208634585,0,0.7133075,0
7.227959156,-44.52576447,1,-5.63775444,1,-22.25950432,1,5.179122925,1,6.398832798,1,-8.613944054,1,0.374661773,0,-0.17258516,0,0.689682305,0
7.23196125,-50.21892548,1,-4.161752701,1,-23.19764137,1,4.402919292,1,6.53070116,1,-8.614110947,1,0.397234976,0,-0.135685131,0,0.667228043,0
7.235958576,-54.41841507,1,-0.236848295,1,-23.28788948,1,3.816455126,1,6.69735384,1,-8.615755081,1,0.416090161,0,-0.09776032,0,0.645902455,0
7.239958763,-56.6426239,1,4.825148582,1,-22.56912231,1,3.460078239,1,6.791853428,1,-8.433734894,1,0.432163715,0,-0.059035052,0,0.625720143,0
7.243960381,-58.28401947,1,10.26629543,1,-20.61698151,1,3.404578924,1,6.76463747,1,-7.922402382,1,0.44656685,0,-0.020530557,0,0.607620597,0
7.247958183,-60.41880798,1,13.76337147,1,-18.24512863,1,3.498836517,1,6.554370403,1,-7.27825737,1,0.46038115,0,0.016790254,0,0.591947317,0
7.251957893,-63.70958328,1,14.15320396,1,-16.01704597,1,3.564145803,1,6.19303751,1,-6.485604286,1,0.474115282,0,0.051997747,0,0.578816772,0
7.255959511,-66.78560638,1,10.46048164,1,-13.36528492,1,3.396281719,1,5.727871418,1,-5.567380905,1,0.487405807,0,0.084365875,0,0.568395913,0
7.259957314,-68.57113647,1,8.119226456,1,-11.13651562,1,2.962756395,1,5.081532478,1,-4.524362087,1,0.499416292,0,0.112997845,0,0.560850441,0
7.263957024,-70.73181152,1,8.185348511,1,-9.039532661,1,2.504416466,1,4.305630684,1,-3.499747992,1,0.509715796,0,0.137195304,0,0.555853248,0
7.267958641,-73.12082672,1,11.12396145,1,-7.99582386,1,2.168624401,1,3.498773098,1,-2.524134636,1,0.518606901,0,0.156702414,0,0.553036869,0
7.271956444,-76.18763733,1,17.16438103,1,-7.096369743,1,2.077623367,1,2.732875586,1,-1.723117471,1,0.5268296,0,0.17169632,0,0.551915169,0
7.275955677,-78.54845428,1,21.69944763,1,-4.73820591,1,2.207238674,1,2.103201628,1,-1.072468996,1,0.535405695,0,0.182816997,0,0.552003205,0
7.279957294,-78.17420959,1,20.46514702,1,-0.875195861,1,2.186725855,1,1.569828272,1,-0.512021303,1,0.544474483,0,0.190747336,0,0.553084433,0
7.283955097,-75.80072021,1,17.05981255,1,3.309699535,1,1.831258655,1,0.972122848,1,-0.006446883,1,0.552956879,0,0.195635185,0,0.554891765,0
7.28795433,-71.27562714,1,12.37784672,1,7.193195343,1,1.163051009,1,0.309325218,1,0.572583914,1,0.559468687,0,0.197232336,0,0.557246149,0
7.291956425,-65.34934998,1,11.34238529,1,8.929272652,1,0.423341393,1,-0.403837025,1,1.189305902,1,0.563181698,0,0.195208773,0,0.560185611,0
7.295953751,-58.28591919,1,14.51724243,1,8.578325272,1,-0.017008599,1,-1.170212984,1,1.792999625,1,0.564546168,0,0.189365223,0,0.563606024,0
7.299953461,-55.09131622,1,18.26722145,1,6.797057629,1,-0.078709655,1,-1.915278316,1,2.348367214,1,0.564997911,0,0.179702014,0,0.567394435,0
7.303955555,-54.56079483,1,17.50640106,1,6.065232754,1,0.005455473,1,-2.535690308,1,2.745805979,1,0.565486968,0,0.166653335,0,0.571274161,0
7.307953358,-51.60386658,1,13.77433491,1,5.251745224,1,-0.023959706,1,-3.07506156,1,2.950906992,1,0.566097438,0,0.15105924,0,0.574970067,0
7.311953068,-46.89217377,1,9.184700012,1,4.21446228,1,-0.252235889,1,-3.609690666,1,2.985286713,1,0.566003144,0,0.133392707,0,0.577893496,0
7.315954685,-43.17531204,1,7.099340916,1,2.857038021,1,-0.646109581,1,-4.143166542,1,2.84022975,1,0.5644297,0,0.114036746,0,0.579476416,0
7.319952488,-39.54871368,1,6.330382824,1,2.295692921,1,-1.078369617,1,-4.639620781,1,2.539162397,1,0.560955286,0,0.093425877,0,0.579219401,0
7.323952198,-33.95954132,1,5.089906693,1,3.142118931,1,-1.556280732,1,-5.074499607,1,2.195995331,1,0.555485427,0,0.071907945,0,0.576945245,0
7.327953815,22.23370361,1,-2.073740482,1,-23.85001564,1,-2.192976952,1,-6.176156521,1,2.308105707,1,0.547678113,0,0.048505232,0,0.572868526,0
7.331951618,-39.17875671,1,16.158041,1,7.275230885,1,-0.671725273,1,-7.610200405,1,2.870874405,1,0.542237937,0,0.019193517,0,0.567138314,0
7.335951328,17.06138802,1,-38.01604462,1,-1.843461156,1,-1.778290033,1,-6.790505409,1,2.950815201,1,0.53725189,0,-0.011709407,0,0.562048912,0
7.339952946,19.29461861,1,-43.05004501,1,-22.30952644,1,-3.195618391,1,-8.310130119,1,4.375023365,1,0.527975857,0,-0.04425608,0,0.559288025,0
7.343956947,-7.435245991,1,-67.89967346,1,-41.401474,1,-4.85979414,1,-8.849932671,1,5.980148315,1,0.511283636,0,-0.084773712,0,0.55997926,0
7.347956657,-69.95774078,1,-91.46300507,1,-79.80960846,1,-8.066338539,1,-8.925302505,1,7.460170269,1,0.485571891,0,-0.128818363,0,0.566590548,0
7.351958752,-150.3592834,1,-63.62700272,1,-89.28491974,1,-8.631635666,1,-8.633446693,1,8.618200302,1,0.449547797,0,-0.175280944,0,0.580147862,0
7.355956078,-137.8228149,1,7.1512146,1,-57.51994705,1,-8.672233582,1,-5.142451763,1,8.308436394,1,0.411036789,0,-0.2144811,0,0.600111306,0
7.359955311,-32.00474167,1,49.32243347,1,-31.9008255,1,-6.241061687,1,-3.571432829,1,7.432404995,1,0.374589622,0,-0.2416417,0,0.62267679,0
7.363957405,54.74527359,1,64.12025452,1,-27.10812378,1,-4.200219631,1,-5.451302528,1,7.951712608,1,0.348480016,0,-0.268947959,0,0.646092951,0
7.367954731,61.46453857,1,25.17444801,1,0.582255483,1,-3.907043457,1,-6.626117229,1,8.371355057,1,0.326034039,0,-0.303204417,0,0.669751525,0
7.371953964,-28.25119972,1,-16.12384033,1,-8.584237099,1,-5.431920052,1,-5.158977985,1,7.17813921,1,0.300180495,0,-0.33613652,0,0.693552315,0
7.375956059,-119.5211487,1,-27.69521904,1,-15.29863548,1,-5.342728615,1,-2.104724169,1,4.015460014,1,0.271199614,0,-0.356219441,0,0.712238431,0
7.379953861,-75.30160522,1,9.954600334,1,9.319144249,1,-3.244767427,1,-1.491706491,1,2.34769249,1,0.250485003,0,-0.365381002,0,0.723020315,0
7.383953571,10.45785046,1,54.83565521,1,-14.28832817,1,-3.005491495,1,-2.237622261,1,1.839920998,1,0.235543415,0,-0.375103712,0,0.729355693,0
7.387955189,-27.63886833,1,61.40271759,1,-25.39173126,1,-0.990519881,1,-0.653485358,1,2.069143534,1,0.225060478,0,-0.382686019,0,0.736295819,0
7.391952991,4.423065186,1,0.552394986,1,-2.131818056,1,-0.570830047,1,-0.996469259,1,1.337127924,1,0.219867826,0,-0.387013555,0,0.742869973,0
7.395952702,-27.40141487,1,-22.52466965,1,-12.99030685,1,-0.591770411,1,-0.786168158,1,0.487214565,1,0.216543198,0,-0.391449183,0,0.745679021,0
7.399954319,-1.552461267,1,-12.4694643,1,-10.32884407,1,-0.898025692,1,-0.988172829,1,1.217851281,1,0.2124625,0,-0.395661563,0,0.748271227,0
7.403952122,-0.227702364,1,-11.70312595,1,-14.07119274,1,-1.025875688,1,-0.854868829,1,1.307309866,1,0.20672138,0,-0.400110483,0,0.752970338,0
7.407951832,-3.162995815,1,-5.729750633,1,-16.23808098,1,-0.926604688,1,-1.21574223,1,1.445869923,1,0.200945795,0,-0.405385137,0,0.757810175,0
7.411953449,-8.752943993,1,-6.270430088,1,-11.52563381,1,-0.770647585,1,-1.331664681,1,1.699122071,1,0.195251748,0,-0.41165185,0,0.763523877,0
7.415951252,-7.15657711,1,-8.679571152,1,-9.132663727,1,-0.698426485,1,-1.350897312,1,1.691122413,1,0.189818397,0,-0.418210685,0,0.769707263,0
7.419950962,-6.323925018,1,-1.36596477,1,-10.05144501,1,-0.760250688,1,-1.435231805,1,1.79056704,1,0.184302986,0,-0.424982071,0,0.776015759,0
7.423953056,-7.393862247,1,-1.875319123,1,-8.839968681,1,-0.453310162,1,-1.426987648,1,1.840848565,1,0.17904529,0,-0.431933939,0,0.782774568,0
7.427950382,-5.711804867,1,-3.280778885,1,-9.739117622,1,-0.371226221,1,-1.466512561,1,1.784202695,1,0.174640119,0,-0.438882142,0,0.789529622,0
7.431950569,-5.542766571,1,-0.612365246,1,-11.50773907,1,-0.433474332,1,-1.621070981,1,1.71693325,1,0.170208558,0,-0.446127743,0,0.795989811,0
7.435952187,-8.525338173,1,-1.854220748,1,-12.00464058,1,-0.342027515,1,-1.871154189,1,1.600965261,1,0.166095227,0,-0.454100251,0,0.80195272,0
7.439949989,-7.264564037,1,-2.694936275,1,-13.69344616,1,-0.565702498,1,-2.236517906,1,1.525083065,1,0.167487249,0,-0.459409505,0,0.734398663,0
7.443949699,-5.497792721,1,4.8113451,1,-18.46866608,1,-0.493956536,1,-2.697972059,1,1.439095259,1,0.163143396,0,-0.470073789,0,0.739117503,0
7.447951317,-1.75268805,1,4.830256939,1,-20.79429245,1,-0.279426247,1,-3.260652781,1,1.292248487,1,0.159775168,0,-0.482674271,0,0.743073881,0
7.45194912,-2.861405849,1,1.228035569,1,-21.19507408,1,-0.185293198,1,-3.843309402,1,1.102113605,1,0.157550335,0,-0.497452497,0,0.745905519,0
7.45594883,-4.412553787,1,-0.842596769,1,-21.91100121,1,-0.126703873,1,-4.532046318,1,1.008813977,1,0.15611884,0,-0.514645219,0,0.747650743,0
7.459950447,-4.644649029,1,-0.4328866,1,-26.31234741,1,-0.11253763,1,-5.287641525,1,0.998157799,1,0.155051976,0,-0.534653902,0,0.748724282,0
7.463954449,-0.318399757,1,-2.914223194,1,-27.48867798,1,-0.108309314,1,-6.075839996,1,1.11021626,1,0.154283926,0,-0.557659924,0,0.749460816,0
7.467954159,4.069918156,1,-6.204601288,1,-29.95328712,1,-0.175222993,1,-6.977544785,1,1.14685154,1,0.153477967,0,-0.584180713,0,0.749975443,0
7.471955776,5.714556217,1,-9.406787872,1,-31.22435951,1,-0.187902719,1,-8.07404232,1,1.407986403,1,0.152441651,0,-0.61467284,0,0.750474274,0
7.475953579,5.039507389,1,-12.46353912,1,-30.41277885,1,-0.2316138,1,-8.729792595,1,1.798592925,1,0.15067935,0,-0.649270892,0,0.752006471,0
7.479953289,10.66289711,1,-14.81396198,1,-29.90348816,1,-0.303151786,1,-8.732554436,1,2.111284256,1,0.147592321,0,-0.684971392,0,0.755263925,0
7.483955383,13.74491978,1,-15.32517529,1,-30.21088219,1,-0.378911763,1,-8.737699509,1,2.725244284,1,0.142560959,0,-0.72091496,0,0.760962665,0
7.487952709,14.34454346,1,-13.92264748,1,-28.45610619,1,-0.576159358,1,-8.745252609,1,3.453636408,1,0.133868411,0,-0.757261276,0,0.771102548,0
7.491952419,10.47227859,1,-12.80644226,1,-27.24223328,1,-0.904885411,1,-8.75689888,1,4.158223152,1,0.120497197,0,-0.793914199,0,0.786002815,0
7.495954514,3.570724726,1,-9.817011833,1,-20.83990479,1,-1.19980824,1,-8.765784264,1,4.694880962,1,0.101735793,0,-0.830712557,0,0.805987597,0
7.499952316,-0.45770067,1,-2.051410675,1,-13.9892931,1,-1.246840358,1,-8.770457268,1,5.185349464,1,0.077936038,0,-0.867418766,0,0.830970764,0
7.503952026,-7.360357285,1,4.279582977,1,-11.29430485,1,-0.894364059,1,-8.763922691,1,5.613657951,1,0.049905583,0,-0.903796911,0,0.861464739,0
7.507953644,-22.79059601,1,12.43437958,1,-12.08718967,1,-0.14226006,1,-8.750304222,1,5.827008724,1,0.01861167,0,-0.939605236,0,0.89781028,0
7.511951923,-49.69619751,1,15.65677071,1,-14.32063389,1,1.595582724,1,-8.7109375,1,5.281737328,1,-0.010024449,0,-0.974619091,0,0.936253965,0
7.515951633,-76.27489471,1,10.59901714,1,-22.60077858,1,3.071718216,1,-8.678391457,1,4.950276375,1,-0.032609709,0,-1.008941531,0,0.974839687,0
7.519952774,-94.41092682,1,-1.876273155,1,-22.81991196,1,3.74806571,1,-8.664767265,1,5.098658562,1,-0.054419771,0,-1.042716265,0,1.016554356,0
7.523951054,-120.5822678,1,-15.11628246,1,-26.3511982,1,3.976682663,1,-8.658176422,1,4.555874825,1,-0.077181302,0,-1.076011658,0,1.060703158,0
7.527950287,-108.948494,1,-16.52319717,1,-21.58097458,1,3.348424911,1,-8.664327621,1,3.262486458,1,-0.098959982,0,-1.109124899,0,1.101781011,0
7.531951904,-75.09477997,1,-20.00080109,1,-10.60896587,1,2.040492773,1,-7.872435093,1,2.124278307,1,-0.11770089,0,-1.141670942,0,1.134603977,0
7.535950184,-23.83998299,1,-34.40794373,1,-0.099930204,1,0.274323225,1,-5.938642025,1,1.30320096,1,-0.135558307,0,-1.167968631,0,1.159506798,0
7.539949894,24.06238937,1,-48.08740997,1,4.478461266,1,-3.487524748,1,-4.896836758,1,1.03674531,1,-0.160367936,0,-1.188384175,0,1.179767728,0
7.543951988,-26.09229851,1,-14.00484943,1,9.485980034,1,-5.304570198,1,-7.766372204,1,1.645550251,1,-0.205279782,0,-1.212781668,0,1.208496213,0
7.547950268,-78.79103088,1,-11.89746475,1,-15.6009922,1,-6.079715252,1,-6.002882481,1,1.424745679,1,-0.260880321,0,-1.238347769,0,1.243494868,0
7.551949501,-45.67376328,1,-11.65463543,1,-12.18082047,1,-6.792489052,1,-4.808953285,1,1.870121002,1,-0.323655248,0,-1.256517053,0,1.28234148,0
7.555951118,-24.36736488,1,5.843869209,1,-16.6770134,1,-6.453670979,1,-5.855240345,1,2.12124896,1,-0.397738963,0,-1.273431301,0,1.332000256,0
7.559948921,-19.10103607,1,14.01249123,1,-17.53724861,1,-5.381421089,1,-6.976762772,1,2.655859947,1,-0.487614006,0,-1.292629957,0,1.400871277,0
7.563948154,-23.26353645,1,12.77388763,1,-14.94513893,1,-3.894006252,1,-8.05936718,1,3.512912989,1,-0.601330042,0,-1.312024474,0,1.499495864,0
7.567949772,-35.54303741,1,10.98560905,1,-16.51301003,1,-2.475833178,1,-8.40686512,1,4.100494385,1,-0.741617858,0,-1.328495979,0,1.631128788,0
7.571948051,-47.01700211,1,8.304898262,1,-19.50211143,1,-1.068831086,1,-8.14461422,1,4.463009357,1,-0.897708774,0,-1.338660002,0,1.784462094,0
7.575947285,-51.33634949,1,2.007846594,1,-22.72838783,1,0.008035528,1,-7.503760338,1,4.784966469,1,-1.054324985,0,-1.340892434,0,1.943251371,0
7.579948902,-48.87624359,1,-4.293596268,1,-25.54256058,1,0.682077885,1,-6.854307175,1,5.046969414,1,-1.198020697,0,-1.335443616,0,2.092429399,0
7.583946705,-46.58156204,1,-8.914881706,1,-27.27895546,1,1.02984488,1,-6.327813625,1,5.278933048,1,-1.322242141,0,-1.323819757,0,2.223953724,0
7.587952614,-45.70800781,1,-12.66196823,1,-28.27456284,1,1.182501793,1,-5.93768549,1,5.45787096,1,-1.425967216,0,-1.307526588,0,2.335735083,0
7.591954231,-44.47697067,1,-15.1821413,1,-28.92627716,1,1.203778148,1,-5.515788555,1,5.625173092,1,-1.510641098,0,-1.287797689,0,2.428679228,0
7.595952511,-40.7440033,1,-17.10431671,1,-29.45384598,1,1.155434489,1,-5.305757046,1,5.766675472,1,-1.579254508,0,-1.265545368,0,2.505316734,0
7.599952698,-38.09614182,1,-19.67595673,1,-29.88746643,1,1.036877751,1,-5.222694874,1,5.859082222,1,-1.636214018,0,-1.241521716,0,2.569892883,0
7.603954792,-35.78943253,1,-22.5957222,1,-29.74449539,1,0.87336731,1,-5.204277515,1,5.946222782,1,-1.684803247,0,-1.216140747,0,2.625545025,0
7.607952595,-37.26720428,1,-24.76634216,1,-29.72693253,1,0.640006661,1,-5.242934704,1,5.988025665,1,-1.727247357,0,-1.189631224,0,2.674274445,0
7.611952305,-38.05774307,1,-26.02775383,1,-29.17265892,1,0.349323004,1,-5.159985542,1,6.002301216,1,-1.764402628,0,-1.162389517,0,2.716660023,0
7.615953922,-37.76956177,1,-26.12376595,1,-28.63661575,1,0.092313088,1,-5.104146004,1,5.906599045,1,-1.79714632,0,-1.134780407,0,2.753506184,0
7.619952679,-37.44147491,1,-25.52412796,1,-27.98447037,1,-0.100051321,1,-5.030936241,1,5.747654915,1,-1.826447725,0,-1.10727942,0,2.786003351,0
7.623952389,-36.64249039,1,-24.98352242,1,-27.21648979,1,-0.234583065,1,-4.9630723,1,5.574438095,1,-1.852780938,0,-1.080140114,0,2.814867258,0
7.627953529,-35.65481949,1,-24.39075661,1,-26.95501518,1,-0.300193399,1,-4.902440071,1,5.411446095,1,-1.876555443,0,-1.053399086,0,2.840781927,0
7.631951809,-34.05604935,1,-23.61398697,1,-27.02953148,1,-0.302242428,1,-4.857275963,1,5.231847763,1,-1.898047566,0,-1.027096152,0,2.864287615,0
7.635951042,-32.91143799,1,-22.7534771,1,-27.33310509,1,-0.285199463,1,-4.844062328,1,5.037461758,1,-1.917757034,0,-1.001282573,0,2.886094809,0
7.639952183,-32.32783127,1,-21.59218788,1,-27.95003128,1,-0.247266576,1,-4.848038197,1,4.821935654,1,-1.935964823,0,-0.976036489,0,2.906612873,0
7.643950462,-31.29150963,1,-20.77938271,1,-28.64307594,1,-0.178181902,1,-4.852895737,1,4.586867332,1,-1.952927589,0,-0.95143795,0,2.926220894,0
7.647949696,-30.43222046,1,-20.88069153,1,-29.02297592,1,-0.121109962,1,-4.849265099,1,4.365803242,1,-1.968749285,0,-0.927506328,0,2.945100784,0
7.65195179,-29.26382446,1,-21.86122894,1,-29.46737862,1,-0.127726153,1,-4.834470272,1,4.162220478,1,-1.983650446,0,-0.904190838,0,2.963284492,0
7.655949116,-27.84775925,1,-23.17762756,1,-29.83749771,1,-0.250198394,1,-4.820910931,1,3.989608526,1,-1.998022556,0,-0.881435394,0,2.980798483,0
7.659948826,-26.44439507,1,-24.99626923,1,-30.57486725,1,-0.488144487,1,-4.816359997,1,3.855520487,1,-2.012373924,0,-0.859094083,0,2.997688532,0
7.66395092,-24.92914963,1,-26.01730347,1,-31.10449028,1,-0.844572663,1,-4.789068699,1,3.729691982,1,-2.027178526,0,-0.837093592,0,3.013903141,0
7.667948723,-23.4224968,1,-26.18626022,1,-32.02406311,1,-1.282816172,1,-4.754394054,1,3.602959394,1,-2.042824745,0,-0.81542635,0,3.029396772,0
7.671948433,-21.79791451,1,-24.61777496,1,-33.10949326,1,-1.705270648,1,-4.691738129,1,3.449172974,1,-2.059456825,0,-0.794167995,0,3.044168472,0
7.67595005,-19.75504303,1,-22.22879219,1,-34.51583862,1,-2.041033268,1,-4.601431847,1,3.265019894,1,-2.07687664,0,-0.773479283,0,3.05819416,0
7.679947853,-17.30454636,1,-19.35916328,1,-35.70513916,1,-2.240584612,1,-4.456498623,1,3.047230244,1,-2.094619036,0,-0.753548265,0,3.071424007,0
7.683947563,-14.93291569,1,-16.87056923,1,-36.83086395,1,-2.33290267,1,-4.213340282,1,2.789579153,1,-2.112097979,0,-0.73466152,0,3.083691597,0
7.687949181,-12.45073318,1,-15.03201199,1,-37.49479675,1,-2.324206829,1,-3.874262094,1,2.488056183,1,-2.132004976,0,-0.731320918,0,3.010182858,0
7.691946983,-10.57401657,1,-14.14112759,1,-36.79154968,1,-2.260638237,1,-3.398436069,1,2.163100004,1,-2.147605896,0,-0.715625644,0,3.019884586,0
7.695946693,-8.99414444,1,-13.99005127,1,-35.58273315,1,-2.187541485,1,-2.774865389,1,1.834315777,1,-2.161571503,0,-0.70212853,0,3.027682066,0
7.699948311,-7.295271873,1,-14.31712914,1,-33.86178589,1,-2.135343313,1,-2.047736406,1,1.518528104,1,-2.173758268,0,-0.691154718,0,3.033201694,0
7.703946114,-3.861605644,1,-14.55193329,1,-32.01646042,1,-2.121444941,1,-1.220425606,1,1.224671483,1,-2.18411088,0,-0.682905853,0,3.03610611,0
7.707957745,1.502401114,1,-15.390028,1,-30.0598011,1,-2.134332418,1,-0.33194223,1,0.990696847,1,-2.192616701,0,-0.677505314,0,3.036085367,0
7.711965084,8.269648552,1,-16.03386307,1,-28.16392517,1,-2.151058435,1,0.543108046,1,0.807557642,1,-2.199222326,0,-0.674860239,0,3.032955885,0
7.715969086,15.36055851,1,-15.83838749,1,-26.45441437,1,-2.170872211,1,1.374352455,1,0.660920858,1,-2.204007387,0,-0.674754977,0,3.026767254,0
7.719968796,21.80219078,1,-14.96642494,1,-24.81505394,1,-2.097942591,1,2.196391344,1,0.539185703,1,-2.206840754,0,-0.677048326,0,3.017588377,0
7.723970413,27.76908302,1,-12.25735283,1,-24.00519943,1,-1.842854023,1,2.982537031,1,0.405448347,1,-2.207119226,0,-0.681691766,0,3.005405903,0
7.727968216,29.15940857,1,-8.53159523,1,-23.55055046,1,-1.400330663,1,3.789974213,1,0.197708666,1,-2.204175711,0,-0.688711703,0,2.990423918,0
7.731967926,28.59366608,1,-3.711622715,1,-22.52739525,1,-0.736641288,1,4.756261826,1,-0.126546919,1,-2.196971655,0,-0.698621511,0,2.972373724,0
7.73597002,27.25594902,1,-1.267066002,1,-20.51627922,1,0.140009746,1,5.87834549,1,-0.583766758,1,-2.184165239,0,-0.712089241,0,2.950732708,0
7.739967823,27.03372765,1,-2.844551563,1,-18.68026161,1,1.068087339,1,7.064015865,1,-1.146564841,1,-2.164739609,0,-0.729623079,0,2.924981833,0
7.743967533,28.33168411,1,-4.543492317,1,-17.7783165,1,1.86398983,1,8.184720039,1,-1.800601363,1,-2.138436079,0,-0.751296878,0,2.894788504,0
7.747969151,27.49738884,1,-4.97007513,1,-16.54595184,1,2.383277178,1,8.766853333,1,-2.511635303,1,-2.106217623,0,-0.776607156,0,2.860583067,0
7.751966953,25.05468178,1,-3.862580776,1,-15.70564079,1,2.709020138,1,8.778213501,1,-3.260360479,1,-2.070987463,0,-0.80400598,0,2.825367928,0
7.755966663,22.28325272,1,-4.243002892,1,-15.44464302,1,2.912581205,1,8.786652565,1,-4.012237549,1,-2.033638954,0,-0.833172977,0,2.78965807,0
7.759968281,21.13033485,1,-5.644467831,1,-16.13239288,1,3.003832579,1,8.79315567,1,-4.726171017,1,-1.994235158,0,-0.864056766,0,2.752954721,0
7.76396656,19.30799103,1,-5.975365639,1,-17.27752304,1,3.004465342,1,8.797117233,1,-5.332092762,1,-1.952582479,0,-0.896386981,0,2.714536428,0
7.767965794,14.65249538,1,-5.009774208,1,-18.52386856,1,2.976756096,1,8.798598289,1,-5.832856655,1,-1.908179164,0,-0.929706991,0,2.673524857,0
7.771967411,8.690681458,1,-3.688055992,1,-20.17186165,1,3.001564741,1,8.801822662,1,-6.221686363,1,-1.860064268,0,-0.963522792,0,2.628953695,0
7.775965214,2.061537743,1,-2.87172246,1,-21.56996155,1,3.107614756,1,8.805391312,1,-6.556046009,1,-1.807015061,0,-0.997357368,0,2.579791069,0
7.779964924,-4.854026794,1,-2.028693199,1,-22.37701988,1,3.263803482,1,8.810731888,1,-6.86575985,1,-1.747706413,0,-1.030864596,0,2.524948359,0
7.783966541,-10.93008327,1,-1.673501253,1,-22.74802399,1,3.46398592,1,8.816419601,1,-7.158391953,1,-1.680743337,0,-1.063678145,0,2.463173866,0
7.787964344,-16.3368454,1,-2.635895491,1,-23.2609005,1,3.646514654,1,8.822957993,1,-7.39994812,1,-1.604640245,0,-1.095284224,0,2.39302206,0
7.791964054,-20.26065063,1,-3.572889805,1,-24.02269554,1,3.78125906,1,8.825926781,1,-7.591667652,1,-1.518060446,0,-1.12496376,0,2.312980175,0
7.795966148,-22.69606972,1,-4.474320889,1,-24.00940514,1,3.83484602,1,8.827213287,1,-7.719175339,1,-1.419934273,0,-1.151880622,0,2.221711159,0
7.799963474,-23.52289963,1,-5.410965443,1,-24.04785919,1,3.831073761,1,8.8272686,1,-7.775598049,1,-1.309738517,0,-1.175044298,0,2.118424892,0
7.803963184,-24.23493385,1,-6.817504406,1,-23.6231041,1,3.774726391,1,8.826452255,1,-7.733638763,1,-1.188040257,0,-1.193354249,0,2.003484011,0
7.807965279,-24.67500877,1,-8.57224369,1,-23.11321449,1,3.629381418,1,8.82349968,1,-7.580278397,1,-1.057343364,0,-1.205688834,0,1.879152656,0
7.811963081,-25.09632492,1,-10.7339077,1,-22.83364105,1,3.396202326,1,8.816752434,1,-7.3110466,1,-0.922194064,0,-1.211263418,0,1.749697685,0
7.815962791,-25.0420723,1,-12.29273796,1,-22.65208054,1,3.101404428,1,8.808410645,1,-6.947320938,1,-0.788767099,0,-1.209692597,0,1.621044636,0
7.819964409,-24.95147896,1,-13.1732502,1,-22.09316444,1,2.824928999,1,8.798734665,1,-6.496988773,1,-0.663123608,0,-1.20120132,0,1.499238491,0
7.823962212,-25.1694603,1,-12.8280344,1,-21.65746307,1,2.598269224,1,8.792060852,1,-5.999574661,1,-0.549701929,0,-1.186513305,0,1.388927698,0
7.827968121,-25.42196655,1,-11.40555096,1,-20.84453773,1,2.470793962,1,8.787143707,1,-5.471267223,1,-0.45063138,0,-1.166646838,0,1.292584181,0
7.831969738,-25.60294151,1,-9.387692451,1,-20.05240631,1,2.523468971,1,8.784077644,1,-4.901266098,1,-0.366006047,0,-1.142616034,0,1.21095562,0
7.835968494,-25.77706146,1,-7.098771572,1,-18.82350731,1,2.778660059,1,8.785979271,1,-4.294597149,1,-0.294562638,0,-1.115330577,0,1.143604279,0
7.839968204,-25.41312027,1,-4.72031641,1,-16.29127693,1,3.245862007,1,8.791652679,1,-3.663692236,1,-0.23425144,0,-1.085552454,0,1.089425802,0
7.843969345,-24.36759186,1,-2.917867661,1,-13.43730164,1,3.898991585,1,8.801808357,1,-3.049610376,1,-0.182708517,0,-1.053905487,0,1.046922207,0
7.847967625,-22.81933022,1,-2.314566374,1,-10.60991192,1,4.602119923,1,8.812744141,1,-2.498072624,1,-0.137644082,0,-1.020895123,0,1.01436305,0
7.851967335,-21.42907906,1,-2.708177328,1,-7.743155956,1,5.246249199,1,8.824005127,1,-2.032345057,1,-0.097305931,0,-0.986928523,0,0.989940405,0
7.855969429,-20.15491295,1,-3.833192825,1,-5.190533638,1,5.750531197,1,8.83223629,1,-1.658036232,1,-0.060485374,0,-0.952310979,0,0.972031474,0
7.859966755,-18.63129044,1,-5.62344408,1,-2.98712945,1,6.067734241,1,8.837594986,1,-1.380652785,1,-0.026507739,0,-0.917271793,0,0.959249854,0
7.863966942,-16.97745895,1,-7.581013203,1,-0.851990461,1,6.163737774,1,8.83738327,1,-1.202152133,1,0.004980005,0,-0.881980896,0,0.950365305,0
7.867968559,-14.56018353,1,-7.074647427,1,0.029317209,1,6.056776047,1,8.836466789,1,-1.210058928,1,0.034219313,0,-0.846548259,0,0.944103539,0
7.871966362,-12.88999081,1,-5.306007862,1,0.77347064,1,5.871285439,1,8.833940506,1,-1.44633615,1,0.061961658,0,-0.810997367,0,0.938850641,0
7.875966072,-12.41829777,1,-5.670350075,1,1.727003455,1,5.619356155,1,8.830843925,1,-1.84910202,1,0.088888407,0,-0.775276184,0,0.933333993,0
7.87996769,-12.30742168,1,-2.941926479,1,0.774366677,1,5.327301502,1,8.82845974,1,-2.432215929,1,0.115377076,0,-0.739273071,0,0.926629663,0
7.883965492,-12.11166191,1,2.187874794,1,-1.318802118,1,5.198613167,1,8.829894066,1,-3.193401575,1,0.14214237,0,-0.702809989,0,0.917866826,0
7.887965202,-14.32098961,1,8.511492729,1,-3.748280525,1,5.403144836,1,8.838322639,1,-4.080577374,1,0.170480922,0,-0.665640175,0,0.906446874,0
7.89196682,-18.04951286,1,13.76651669,1,-5.827490807,1,5.921643257,1,8.855669022,1,-5.000275135,1,0.201601446,0,-0.627497911,0,0.892260194,0
7.895964622,-21.81964874,1,16.45841217,1,-7.407542229,1,6.66115427,1,8.859884262,1,-5.881151199,1,0.236164793,0,-0.588168263,0,0.875735462,0
7.899964333,-24.41378975,1,15.83092403,1,-8.757880211,1,7.397319317,1,8.522886276,1,-6.740586281,1,0.274296522,0,-0.548122764,0,0.857157588,0
7.903966427,-27.02106857,1,12.51062965,1,-9.901618004,1,7.886450291,1,8.170872688,1,-7.540523052,1,0.315243006,0,-0.507873058,0,0.836716473,0
7.907963753,-29.56618881,1,7.731805801,1,-12.40411949,1,7.934737206,1,7.778571129,1,-8.168203354,1,0.357170343,0,-0.467367768,0,0.81501168,0
7.911963463,-33.00899887,1,2.693259954,1,-16.33108139,1,7.503507614,1,7.367476463,1,-8.580917358,1,0.3977772,0,-0.426836789,0,0.792777658,0
7.915965557,-39.45271683,1,-1.043259501,1,-19.99473381,1,6.723623753,1,7.030659676,1,-8.603527069,1,0.434821278,0,-0.386621088,0,0.771210194,0
7.91996336,-48.51164627,1,-2.309119225,1,-23.99915695,1,5.833157539,1,6.80603075,1,-8.608338356,1,0.46721226,0,-0.346726596,0,0.750946701,0
7.92396307,-57.99538803,1,-2.22078228,1,-27.02806473,1,4.988809109,1,6.780884743,1,-8.610773087,1,0.49491474,0,-0.306741387,0,0.731975675,0
7.927964687,-67.11548615,1,0.15547052,1,-28.65641212,1,4.280035973,1,6.933220863,1,-8.611517906,1,0.518368661,0,-0.266069442,0,0.7144472,0
7.931962967,-73.10614777,1,3.131870985,1,-28.01452827,1,3.707227945,1,7.155801296,1,-8.613702774,1,0.538198173,0,-0.224368066,0,0.698424935,0
7.935962677,-75.91094971,1,6.248336792,1,-25.02215767,1,3.328671217,1,7.311576366,1,-8.613013268,1,0.555208266,0,-0.181703806,0,0.683762193,0
7.939963818,-75.75134277,1,9.461107254,1,-20.54470253,1,3.096864939,1,7.162842274,1,-8.348877907,1,0.567099392,0,-0.13356863,0,0.661724269,0
7.943962097,-74.80916595,1,10.65074539,1,-16.30555916,1,2.88289237,1,6.505682945,1,-7.649011612,1,0.580424428,0,-0.093084522,0,0.649609983,0
7.947967529,-75.63367462,1,8.517725945,1,-13.38203907,1,2.623394966,1,5.430374622,1,-6.619156837,1,0.592259228,0,-0.057314042,0,0.639010012,0
7.951969624,-79.75479889,1,7.222183228,1,-11.63078499,1,2.339116335,1,4.085483551,1,-5.50998354,1,0.602572381,0,-0.027889857,0,0.629677713,0
7.955967903,-86.40730286,1,9.926298141,1,-9.770838737,1,2.102212906,1,2.75813055,1,-4.48130846,1,0.611583292,0,-0.005301724,0,0.621067464,0
7.959967136,-92.05406952,1,13.17102242,1,-8.163523674,1,1.906606793,1,1.602167845,1,-3.567767859,1,0.619575441,0,0.011050658,0,0.612968504,0
7.963969231,-95.48576355,1,18.56545067,1,-6.074690342,1,1.791202903,1,0.626304805,1,-2.836026907,1,0.626813889,0,0.022084197,0,0.605182528,0
7.967966557,-98.12717438,1,21.17284775,1,-1.870040536,1,1.753073573,1,-0.110813119,1,-2.222961664,1,0.633723259,0,0.028815513,0,0.597573698,0
7.97196579,-98.33560944,1,18.15500641,1,1.41651082,1,1.454455137,1,-0.673481524,1,-1.534339786,1,0.640059471,0,0.032028057,0,0.590586662,0
7.975967884,-93.45126343,1,13.65207291,1,5.866481781,1,0.82823503,1,-1.166201591,1,-0.710619152,1,0.644497156,0,0.031796478,0,0.584740281,0
7.979966164,-86.34364319,1,13.36236477,1,8.446047783,1,0.050879866,1,-1.705157876,1,0.286533356,1,0.646145225,0,0.027768681,0,0.580611825,0
7.983965874,-77.76132965,1,17.0232811,1,9.033210754,1,-0.489547312,1,-2.259178162,1,1.343710303,1,0.645115793,0,0.019459151,0,0.578409851,0
7.987967491,-71.7186203,1,20.6104908,1,8.041827202,1,-0.645202398,1,-2.766010284,1,2.415492773,1,0.642765939,0,0.006903018,0,0.578378975,0
7.991965294,-68.16422272,1,19.99635315,1,6.523821831,1,-0.607026577,1,-3.143458366,1,3.374521732,1,0.640233338,0,-0.009561609,0,0.58060801,0
7.995965004,-62.4881897,1,17.06154633,1,5.360738754,1,-0.571512103,1,-3.401686668,1,4.092710972,1,0.637810051,0,-0.029007567,0,0.584846079,0
7.999966621,-56.12444305,1,13.42547417,1,4.555576324,1,-0.703876257,1,-3.684071541,1,4.486838341,1,0.635101676,0,-0.050646577,0,0.590291023,0
8.003965378,-49.36591721,1,8.206089973,1,4.516728401,1,-1.096413136,1,-3.961241722,1,4.537276745,1,0.631200314,0,-0.073693655,0,0.59588033,0
8.007965088,-40.11196136,1,3.356336832,1,4.992882252,1,-1.739530087,1,-4.277275562,1,4.304129124,1,0.625180185,0,-0.097420879,0,0.600582778,0
8.011966705,42.57379532,1,2.601035118,1,-34.63924408,1,-2.396181107,1,-5.215537548,1,3.74955678,1,0.616148472,0,-0.122200906,0,0.602909803,0
8.015964508,-12.21662045,1,3.131849289,1,-6.052303314,1,-1.461678743,1,-6.301820278,1,3.773965836,1,0.609787762,0,-0.149343014,0,0.601598322,0
8.019964218,37.5644455,1,-61.43219757,1,-18.85638237,1,-2.417493582,1,-5.057190418,1,3.812753439,1,0.601243496,0,-0.177113801,0,0.600491703,0
8.023965836,70.20888519,1,-91.49069977,1,-40.03715897,1,-3.891556263,1,-8.316456795,1,5.814198494,1,0.590201735,0,-0.208410695,0,0.601684928,0
8.027963638,78.7122879,1,-147.2276459,1,-83.07801056,1,-7.163006783,1,-8.913440704,1,8.620322227,1,0.56601572,0,-0.254031837,0,0.607719898,0
8.031963348,-61.90402222,1,-124.1590424,1,-97.46246338,1,-8.627012253,1,-8.943011284,1,8.616137505,1,0.529884219,0,-0.302497089,0,0.618933916,0
8.035964966,-196.6246643,1,1.886635184,1,-36.1072998,1,-8.627486229,1,-8.944153786,1,8.61581707,1,0.491106689,0,-0.35054481,0,0.632221818,0
8.039962769,-92.91091919,1,63.38064194,1,-10.49930763,1,-8.626203537,1,-8.942493439,1,8.240495682,1,0.451045781,0,-0.397891074,0,0.647405803,0
8.043962479,-65.44689178,1,47.88661575,1,-32.47751999,1,-7.185966015,1,-8.89173317,1,4.765527248,1,0.414369404,0,-0.441023618,0,0.656396747,0
8.04796505,-55.04881668,1,128.4388885,1,-32.8812027,1,-5.222176075,1,-7.799313545,1,4.600124359,1,0.388561606,0,-0.479569703,0,0.660080791,0
8.051962852,-17.84506416,1,100.8611603,1,-10.8218441,1,-2.456978083,1,-6.465519428,1,5.008536816,1,0.369246125,0,-0.513001323,0,0.668227553,0
8.055962563,-23.15922546,1,23.64909935,1,-19.76726532,1,-1.448456049,1,-4.953166485,1,6.02850771,1,0.354403079,0,-0.542743444,0,0.68286252,0
8.05996418,-104.8290558,1,-16.79131126,1,-37.43008041,1,-0.929050744,1,-0.763289452,1,3.554025412,1,0.340652466,0,-0.560333252,0,0.700434089,0
8.063961983,-19.14573669,1,-28.95390129,1,33.86879349,1,-0.425364912,1,-1.481908917,1,0.795870245,1,0.334235966,0,-0.566174865,0,0.707895219,0
8.067968369,-23.66029549,1,-1.30008626,1,-9.657221794,1,-1.040265799,1,-2.039162874,1,0.599441409,1,0.331019998,0,-0.574569225,0,0.707578123,0
8.071969986,-14.81907749,1,37.26592636,1,-15.99057674,1,-0.239543274,1,-0.507684231,1,1.572673678,1,0.326858759,0,-0.580133259,0,0.710789561,0
8.075967789,1.557729483,1,-14.96190739,1,-14.84188366,1,-0.134918511,1,-1.223167419,1,1.422696114,1,0.32319355,0,-0.585561037,0,0.716496646,0
8.079967499,-6.192483902,1,-35.54124451,1,-16.69977379,1,-0.632854223,1,-1.332098126,1,0.878477812,1,0.320078045,0,-0.591591477,0,0.719611347,0
8.083969116,3.362163782,1,-15.4913044,1,-21.11914253,1,-0.935464501,1,-1.960547686,1,1.64849782,1,0.314943433,0,-0.599617422,0,0.722836554,0
8.087966919,-2.357138872,1,-0.566070259,1,-15.22816753,1,-0.820979178,1,-2.045867682,1,1.994674206,1,0.308105409,0,-0.609437823,0,0.728429496,0
8.091966629,-5.39643383,1,-9.62872982,1,-12.45263004,1,-0.701390266,1,-2.088397503,1,1.869741321,1,0.301697612,0,-0.619719207,0,0.734470427,0
8.095968246,-4.410354614,1,-1.720389128,1,-10.4435482,1,-0.600263953,1,-2.137329817,1,1.919858932,1,0.295709968,0,-0.629980743,0,0.74014008,0
8.099966049,-13.98941422,1,5.439555645,1,-8.577904701,1,-0.294694304,1,-2.080126286,1,2.038107634,1,0.290110469,0,-0.64034307,0,0.746647179,0
8.103965759,-17.67721176,1,-1.264884353,1,-4.387387276,1,0.010167561,1,-1.951227903,1,1.944665313,1,0.285466641,0,-0.650353432,0,0.753362298,0
8.107967377,-3.200947285,1,-15.75396347,1,-6.817453861,1,-0.090462632,1,-1.846128345,1,1.975915194,1,0.281346828,0,-0.659769654,0,0.76014185,0
8.111965179,-0.371713966,1,-8.872400284,1,-10.91051006,1,-0.426664621,1,-2.000168562,1,1.935250401,1,0.275910974,0,-0.669289649,0,0.76708895,0
8.11596489,-4.738204479,1,5.823177338,1,-16.16170883,1,-0.506627858,1,-2.32844615,1,1.822146654,1,0.270233721,0,-0.679583967,0,0.773362637,0
8.119966507,-8.640561104,1,9.056282997,1,-17.89050102,1,-0.57653439,1,-2.877139807,1,1.618925333,1,0.264711916,0,-0.691404819,0,0.7784127,0
8.12396431,-7.09803915,1,0.874717176,1,-18.37771797,1,-0.519775391,1,-3.495081663,1,1.495775938,1,0.260276407,0,-0.705302894,0,0.78193903,0
8.12796402,-6.025017738,1,-2.039242268,1,-19.08025932,1,-0.406158626,1,-3.991554737,1,1.429362535,1,0.256837279,0,-0.721304893,0,0.784366608,0
8.131965637,-2.003801346,1,-2.007776499,1,-22.13409805,1,-0.338835329,1,-4.658916473,1,1.320612788,1,0.254497796,0,-0.739396095,0,0.785666943,0
8.13596344,-3.868562222,1,4.035093784,1,-25.37063026,1,-0.231476068,1,-5.363418102,1,1.225751162,1,0.253421754,0,-0.760076165,0,0.785497129,0
8.13996315,2.124248981,1,-2.451907396,1,-26.2308445,1,-0.249753401,1,-6.060276985,1,1.258159518,1,0.253531009,0,-0.783363819,0,0.784161925,0
8.143964767,0.392335624,1,-3.823452234,1,-25.72582436,1,-0.434240192,1,-6.819667816,1,1.285765886,1,0.253659934,0,-0.809561729,0,0.781988859,0
8.147963524,2.196438551,1,-1.805029273,1,-26.68597603,1,-0.395164222,1,-7.738836288,1,1.373837471,1,0.254350364,0,-0.839069009,0,0.778741241,0
8.15196228,1.770734072,1,-5.134653568,1,-28.84787369,1,-0.258260757,1,-8.637696266,1,1.648287654,1,0.255882382,0,-0.872313261,0,0.775022149,0
8.155964851,8.235740662,1,-10.04358768,1,-27.4315033,1,-0.189718351,1,-8.729595184,1,1.936092496,1,0.257305741,0,-0.907825112,0,0.772043467,0
8.159962654,11.42466545,1,-12.96504307,1,-27.54661179,1,-0.169380292,1,-8.730453491,1,2.253338099,1,0.257746041,0,-0.943706989,0,0.770603657,0
8.163961411,10.68309307,1,-13.96540546,1,-28.11459351,1,-0.323408842,1,-8.737337112,1,2.788630486,1,0.255539298,0,-0.980059624,0,0.772183239,0
8.167963982,12.60352993,1,-14.18188477,1,-27.94088745,1,-0.741934299,1,-8.748457909,1,3.27093339,1,0.248787597,0,-1.016937017,0,0.777666807,0
8.171961784,7.377624512,1,-12.45855999,1,-28.01671791,1,-1.1139189,1,-8.758491516,1,3.65750432,1,0.23646374,0,-1.054270864,0,0.787668109,0
8.175961494,6.468193054,1,-10.43269539,1,-23.63539696,1,-1.417625427,1,-8.766201019,1,4.127758503,1,0.218193114,0,-1.091904998,0,0.80269444,0
8.179963112,3.871354818,1,-6.672818661,1,-18.07169533,1,-1.481742263,1,-8.771636009,1,4.688070297,1,0.191731036,0,-1.129853487,0,0.825656533,0
8.183960915,-7.075545788,1,0.880751014,1,-18.53190422,1,-1.266709924,1,-8.769221306,1,5.07307148,1,0.156647965,0,-1.16780889,0,0.857989967,0
8.1879673,-22.39204597,1,5.951467991,1,-21.18072891,1,-0.649342716,1,-8.754883766,1,4.727135658,1,0.15526253,0,-1.202215195,0,0.836606562,0
8.191968918,-42.96902084,1,7.798805714,1,-23.4333744,1,0.275609106,1,-8.731734276,1,4.155320644,1,0.119524837,0,-1.239285231,0,0.87381202,0
8.195966721,-55.64050293,1,4.659975529,1,-26.13983345,1,1.377932668,1,-8.70596981,1,3.587680578,1,0.086070642,0,-1.275574565,0,0.912413538,0
8.199966431,-66.67081451,1,-2.626983166,1,-22.1575489,1,2.321932077,1,-8.684435844,1,3.206568241,1,0.054947164,0,-1.311218381,0,0.95245564,0
8.203968048,-81.12226868,1,-12.02836418,1,-24.25771141,1,2.673318148,1,-8.67855072,1,3.744937897,1,0.014315009,0,-1.346408606,0,1.004774332,0
8.207965851,-98.66213226,1,-20.58568192,1,-23.28627396,1,2.13579011,1,-8.693003654,1,4.069642544,1,-0.054963928,0,-1.380847454,0,1.085624456,0
8.211965561,-96.02793121,1,-23.08382797,1,-14.06009102,1,0.908095181,1,-8.714796066,1,3.322647095,1,-0.153730765,0,-1.413980007,0,1.192145944,0
8.215967178,-67.49479675,1,-18.95079041,1,-6.164576054,1,-0.185497582,1,-6.928129196,1,2.26919651,1,-0.277665377,0,-1.443138361,0,1.31869638,0
8.219964981,-36.15028,1,-31.11820984,1,-0.653302968,1,-1.476679444,1,-4.872945786,1,1.132855296,1,-0.400366336,0,-1.463055253,0,1.439225197,0
8.223964691,-0.765013874,1,-19.15163803,1,4.380151272,1,-3.291093111,1,-3.928222179,1,0.832196951,1,-0.51143539,0,-1.47645545,0,1.540941834,0
8.227966309,-57.43004227,1,0.040249527,1,-4.624461174,1,-3.323055744,1,-5.219755173,1,0.915880501,1,-0.695221305,0,-1.490258574,0,1.711754203,0
8.231965065,-78.05937195,1,-4.446923733,1,-21.24989319,1,-3.460441589,1,-3.490446329,1,0.995514572,1,-0.909875274,0,-1.50020349,0,1.913815379,0
8.235963821,-33.24241638,1,-5.321462154,1,-13.80484295,1,-3.787968397,1,-2.864659309,1,1.463891029,1,-1.105489492,0,-1.502328634,0,2.095120192,0
8.239965439,-16.17156601,1,4.393417835,1,-16.74483871,1,-3.404464006,1,-4.253842831,1,2.153008938,1,-1.346432805,0,-1.500449061,0,2.322173834,0
8.243963242,-16.69924164,1,7.854431629,1,-15.68101501,1,-2.765782356,1,-5.685635567,1,3.297868967,1,-1.635787368,0,-1.491103053,0,2.599921942,0
8.247962952,-23.61650085,1,7.087701797,1,-13.90634632,1,-1.944319606,1,-6.696231365,1,4.446763992,1,-1.88514185,0,-1.471008062,0,2.84073782,0
8.251964569,-33.48560715,1,7.001188755,1,-16.52227783,1,-0.909173369,1,-7.080933571,1,5.226578712,1,-2.048483372,0,-1.442273259,0,2.9993608,0
8.255962372,-46.21914673,1,3.451005697,1,-20.17753029,1,0.099220008,1,-6.808624744,1,5.740818977,1,-2.140403509,0,-1.409233212,0,3.090623617,0
8.259962082,-48.97676086,1,-3.025701761,1,-24.08138275,1,0.850543678,1,-6.131419659,1,6.167481422,1,-2.184022427,0,-1.374999523,0,3.136944771,0
8.263963699,-46.08821487,1,-9.374105453,1,-26.95770073,1,1.317230344,1,-5.482755661,1,6.460773468,1,-2.198826551,0,-1.340913653,0,-3.12659359,0
8.267961502,-43.94295883,1,-14.47773647,1,-28.87430573,1,1.541197419,1,-4.978919029,1,6.618798733,1,-2.199112892,0,-1.307448506,0,-3.120364666,0
8.271961212,-43.93664932,1,-18.18077469,1,-30.48218155,1,1.566510916,1,-4.530939579,1,6.681888103,1,-2.192358732,0,-1.27469945,0,-3.120879412,0
8.27596283,-39.70486832,1,-21.18505096,1,-31.17964554,1,1.463711262,1,-4.194986343,1,6.683101177,1,-2.182332039,0,-1.242836356,0,-3.125008821,0
8.279960632,-36.32418823,1,-22.96993065,1,-31.35945129,1,1.284659266,1,-4.137020588,1,6.661220551,1,-2.172387123,0,-1.211478472,0,-3.129724979,0
8.283960342,-34.52199554,1,-24.27019119,1,-31.17214775,1,1.053107262,1,-4.166156292,1,6.621794701,1,-2.164486408,0,-1.180172563,0,-3.133190632,0
8.28796196,-34.16504288,1,-24.99537277,1,-30.98884201,1,0.83863014,1,-4.325788975,1,6.523659229,1,-2.159439802,0,-1.14887476,0,-3.134554386,0
8.291959763,-34.18135071,1,-26.14013481,1,-30.7476635,1,0.626114726,1,-4.469899178,1,6.417794228,1,-2.157102346,0,-1.11756587,0,-3.133900404,0
8.295959473,-33.09031296,1,-27.18851089,1,-30.46833801,1,0.384152621,1,-4.623886585,1,6.248872757,1,-2.157295465,0,-1.086406231,0,-3.131412029,0
8.29996109,-32.09534073,1,-28.08741379,1,-30.03849983,1,0.109153576,1,-4.784123898,1,6.068471909,1,-2.159955502,0,-1.055459261,0,-3.127240181,0
8.303958893,-30.7659874,1,-28.56324959,1,-29.50067329,1,-0.210000068,1,-4.937735558,1,5.853627682,1,-2.164990187,0,-1.024819493,0,-3.121626854,0
8.307965279,-29.73581314,1,-28.87960052,1,-29.03157043,1,-0.55549556,1,-5.079303265,1,5.623789787,1,-2.172301769,0,-0.994558215,0,-3.114793539,0
8.311966896,-28.4995842,1,-28.40429115,1,-28.76331902,1,-0.913089752,1,-5.189172268,1,5.357750416,1,-2.181745052,0,-0.964797556,0,-3.106970787,0
8.315964699,-27.68361282,1,-27.15431023,1,-28.92615318,1,-1.224108338,1,-5.256360531,1,5.03382206,1,-2.193081617,0,-0.935747683,0,-3.098309994,0
8.319964409,-27.15593338,1,-25.77168465,1,-29.26476669,1,-1.467630625,1,-5.283360004,1,4.649867058,1,-2.205957413,0,-0.907671571,0,-3.088929653,0
8.323965073,-26.95220375,1,-24.62055969,1,-29.90843582,1,-1.625587225,1,-5.245267868,1,4.240530968,1,-2.219914675,0,-0.880801857,0,-3.078989029,0
8.327962875,-26.58312225,1,-23.534338,1,-30.82669258,1,-1.731127024,1,-5.158084393,1,3.814134359,1,-2.234512568,0,-0.85533607,0,-3.068684101,0
8.331962585,-25.96605492,1,-22.35635948,1,-31.6071682,1,-1.784827352,1,-5.048481464,1,3.381257534,1,-2.249448299,0,-0.831362247,0,-3.058107138,0
8.335964203,-25.5249176,1,-21.21308708,1,-31.83594131,1,-1.780308962,1,-4.906563759,1,2.943020344,1,-2.264521122,0,-0.808955729,0,-3.047262907,0
8.339962006,-24.43217278,1,-20.42599869,1,-32.00852966,1,-1.761663795,1,-4.749786854,1,2.523122311,1,-2.27950716,0,-0.788146377,0,-3.036225319,0
8.343961716,-22.51859856,1,-20.08299637,1,-31.60717964,1,-1.757842064,1,-4.620522499,1,2.126744509,1,-2.29444623,0,-0.768836975,0,-3.024945021,0
8.347963333,-20.38258934,1,-20.33897591,1,-31.04276466,1,-1.805547833,1,-4.521992683,1,1.790540695,1,-2.30952549,0,-0.750823617,0,-3.013372898,0
8.351961136,-18.07188988,1,-20.51853561,1,-30.60232735,1,-1.910484195,1,-4.459320068,1,1.532997847,1,-2.324898958,0,-0.733765066,0,-3.001594543,0
8.355960846,-15.55355167,1,-20.27176094,1,-30.48942947,1,-2.062524796,1,-4.45186758,1,1.347113967,1,-2.340743065,0,-0.717312336,0,-2.989658356,0
8.359962463,-13.08026123,1,-19.11408806,1,-30.54474258,1,-2.220775843,1,-4.487771988,1,1.216916442,1,-2.357152224,0,-0.701120615,0,-2.977617741,0
8.363960266,-10.97667503,1,-17.61913681,1,-30.68367577,1,-2.344617605,1,-4.519564152,1,1.110184073,1,-2.374019384,0,-0.685008764,0,-2.965526581,0
8.367959976,-8.812027931,1,-15.31712818,1,-31.18749619,1,-2.409839869,1,-4.533905506,1,1.011398435,1,-2.391094685,0,-0.668937325,0,-2.953491449,0
8.371961594,-6.62854147,1,-12.48737907,1,-31.59679604,1,-2.39912343,1,-4.489795685,1,0.896507263,1,-2.408056736,0,-0.653030336,0,-2.941591978,0
8.375959396,-4.872590065,1,-9.874044418,1,-31.67009163,1,-2.277131319,1,-4.313796997,1,0.758875549,1,-2.424387217,0,-0.637622058,0,-2.930030107,0
8.379959106,-3.619415045,1,-8.919184685,1,-31.37644196,1,-2.082224131,1,-3.921766758,1,0.586541116,1,-2.439472914,0,-0.623322368,0,-2.919234276,0
8.383960724,-2.04139924,1,-8.641587257,1,-30.9407177,1,-1.886162877,1,-3.309080839,1,0.368343174,1,-2.452954292,0,-0.610949397,0,-2.909639597,0
8.387958527,-1.180897951,1,-8.27572155,1,-29.42804718,1,-1.739637375,1,-2.483211517,1,0.103295624,1,-2.46476841,0,-0.601321459,0,-2.901604652,0
8.391958237,-1.125998855,1,-8.718464851,1,-27.63661003,1,-1.624117732,1,-1.425283074,1,-0.190676212,1,-2.474923134,0,-0.595252991,0,-2.895506382,0
8.395959854,1.35073638,1,-8.86633873,1,-26.18200493,1,-1.574918866,1,-0.173766062,1,-0.514822423,1,-2.483405113,0,-0.593564868,0,-2.89175725,0
8.399957657,6.499481678,1,-9.578297615,1,-24.78144455,1,-1.614905119,1,1.169537902,1,-0.812640607,1,-2.490380764,0,-0.596760035,0,-2.890655518,0
8.403957367,13.81290722,1,-11.37521935,1,-23.18093491,1,-1.723211288,1,2.511096478,1,-1.027813911,1,-2.496021986,0,-0.604865909,0,-2.892463446,0
8.407959938,22.62711716,1,-10.89185429,1,-20.9214077,1,-1.821814299,1,3.771494627,1,-1.163042665,1,-2.50029254,0,-0.617594481,0,-2.897406101,0
8.411956787,28.26261902,1,-9.085457802,1,-19.96055222,1,-1.824119806,1,4.85304451,1,-1.256419182,1,-2.502960443,0,-0.634334445,0,-2.905342817,0
8.415957451,30.25894165,1,-4.584554672,1,-19.09305,1,-1.662729502,1,5.98621273,1,-1.365501642,1,-2.503463507,0,-0.654851317,0,-2.916227579,0
8.419959068,31.55533409,1,-0.182702437,1,-17.86767578,1,-1.235404253,1,7.136557579,1,-1.539922595,1,-2.50064373,0,-0.679369509,0,-2.930246115,0
8.423956871,32.3743782,1,1.26386106,1,-16.73875046,1,-0.590950072,1,8.21776104,1,-1.814940453,1,-2.493401527,0,-0.707943022,0,-2.947325945,0
8.427962303,30.78375053,1,2.073336124,1,-15.27821445,1,0.049856685,1,8.716880798,1,-2.247082949,1,-2.481733799,0,-0.740050137,0,-2.966547012,0
8.431963921,27.27916718,1,2.573098183,1,-13.59623623,1,0.585568726,1,8.730838776,1,-2.726124525,1,-2.467421532,0,-0.773619473,0,-2.985491991,0
8.435961723,25.83932686,1,2.928085089,1,-12.68214512,1,1.049206614,1,8.743268013,1,-3.188751459,1,-2.451137066,0,-0.808207154,0,-3.003767252,0
8.439961433,23.775774,1,2.895388842,1,-12.84619713,1,1.478883505,1,8.755279541,1,-3.651380301,1,-2.425873518,0,-0.855857253,0,-3.077486038,0
8.443963051,20.15316963,1,1.826107502,1,-13.61064911,1,1.850238919,1,8.765367508,1,-4.075902939,1,-2.405237675,0,-0.892329693,0,-3.095716476,0
8.447960854,15.83423042,1,1.108073473,1,-15.31501865,1,2.150820494,1,8.77266407,1,-4.414932251,1,-2.382556915,0,-0.929611564,0,-3.114280462,0
8.451960564,10.57700157,1,0.255607396,1,-16.98069191,1,2.401949167,1,8.779614449,1,-4.66976738,1,-2.35751152,0,-0.967462063,0,-3.133900166,0
8.455962181,4.167102337,1,-1.001924992,1,-18.71450233,1,2.636625051,1,8.786016464,1,-4.89574337,1,-2.329577923,0,-1.005686879,0,3.127897978,0
8.459959984,-2.346325636,1,-2.148285627,1,-20.39260674,1,2.813056707,1,8.790115356,1,-5.12105751,1,-2.298369646,0,-1.044227719,0,3.10415864,0
8.463959694,-8.761404037,1,-3.829402208,1,-21.19069672,1,2.920153141,1,8.795402527,1,-5.331596851,1,-2.263422728,0,-1.083013892,0,3.077316284,0
8.467962265,-14.08784389,1,-5.301695824,1,-21.83934021,1,2.948194742,1,8.796936989,1,-5.530628681,1,-2.22404027,0,-1.121931434,0,3.046352863,0
8.471959114,-18.0385685,1,-6.605095387,1,-22.66346931,1,2.915177584,1,8.796243668,1,-5.695633888,1,-2.179157972,0,-1.160825968,0,3.009914875,0
8.475958824,-21.13209152,1,-7.431931496,1,-23.19589615,1,2.821964741,1,8.795735359,1,-5.843674183,1,-2.12711978,0,-1.199452162,0,2.966057777,0
8.479961395,-23.98576736,1,-7.710895061,1,-23.6870327,1,2.715128422,1,8.793435097,1,-5.966766834,1,-2.065495729,0,-1.237549067,0,2.912204266,0
8.483959198,-25.50140953,1,-7.73717165,1,-23.61321259,1,2.619836569,1,8.79278183,1,-6.052589417,1,-1.990452409,0,-1.274676323,0,2.844528437,0
8.487958908,-26.19598389,1,-7.856507301,1,-23.32374191,1,2.53448081,1,8.791477203,1,-6.070440769,1,-1.89643538,0,-1.310100913,0,2.757463932,0
8.491960526,-26.37558746,1,-8.326732635,1,-23.32328224,1,2.48064971,1,8.78972435,1,-6.034833431,1,-1.775726199,0,-1.342745066,0,2.64341712,0
8.495958328,-27.74134827,1,-7.830965996,1,-22.98927498,1,2.450472116,1,8.788321495,1,-5.96597147,1,-1.619047999,0,-1.371090412,0,2.493259907,0
8.499958038,-27.64816093,1,-7.803087234,1,-21.833395,1,2.459610462,1,8.788759232,1,-5.829228401,1,-1.418768167,0,-1.392950535,0,2.299366474,0
8.503959656,-27.835186,1,-7.786056042,1,-20.8286972,1,2.499599695,1,8.787499428,1,-5.648014545,1,-1.17711854,0,-1.405679226,0,2.064204693,0
8.507957458,-28.06812668,1,-7.842695713,1,-19.34793663,1,2.589089394,1,8.788830757,1,-5.407232761,1,-0.915971875,0,-1.407245159,0,1.809847355,0
8.511957169,-28.04380226,1,-7.178143024,1,-17.50351143,1,2.714717865,1,8.789608955,1,-5.163952827,1,-0.670209467,0,-1.397570491,0,1.571349025,0
8.515958786,-26.97762299,1,-6.954527855,1,-14.90929604,1,2.816657543,1,8.790298462,1,-4.889495373,1,-0.464702874,0,-1.378646135,0,1.373651862,0
8.519956589,-25.07941818,1,-7.512925148,1,-11.5290556,1,2.910796642,1,8.790309906,1,-4.569344997,1,-0.30515492,0,-1.353093624,0,1.222433805,0
8.523956299,-22.6472187,1,-8.105233192,1,-8.080102921,1,2.963494778,1,8.788504601,1,-4.233187199,1,-0.185247257,0,-1.323217273,0,1.111310005,0
8.527957916,-20.22490311,1,-7.983467102,1,-4.694936752,1,2.95779562,1,8.78692627,1,-3.90288806,1,-0.095509708,0,-1.290663362,0,1.030652642,0
8.531955719,-18.08520508,1,-6.699997425,1,-1.603077412,1,2.946175337,1,8.785473824,1,-3.560212135,1,-0.028023284,0,-1.256496668,0,0.972420514,0
8.535954475,-16.24246788,1,-3.521468878,1,0.459971637,1,3.085067749,1,8.784671783,1,-3.251695633,1,0.023758104,0,-1.221378684,0,0.930366576,0
8.539957047,-15.76804256,1,-0.492243707,1,2.339784861,1,3.40946579,1,8.790251732,1,-2.983775854,1,0.065034404,0,-1.185707092,0,0.900021255,0
8.543954849,-16.26192284,1,1.030131817,1,4.18266058,1,3.88007617,1,8.79943943,1,-2.75195241,1,0.099617109,0,-1.149704814,0,0.878257453,0
8.547954559,-16.94729042,1,0.760810018,1,5.551430702,1,4.387009144,1,8.809242249,1,-2.588785887,1,0.130123407,0,-1.113497853,0,0.862826228,0
8.551961899,-17.93399429,1,-0.011852808,1,8.083903313,1,4.765843391,1,8.816652298,1,-2.54088521,1,0.158289939,0,-1.077143908,0,0.851786911,0
8.555966377,-14.89143085,1,7.856808186,1,4.448420048,1,5.07926178,1,8.824652672,1,-2.724220276,1,0.185628489,0,-1.04058671,0,0.842989326,0
8.559966087,-16.45983887,1,8.213745117,1,7.158588886,1,5.522148132,1,8.835659027,1,-3.054335117,1,0.213826567,0,-1.003683567,0,0.834771454,0
8.563967705,-17.88495445,1,6.589312077,1,5.829586983,1,5.978915691,1,8.848320007,1,-3.452390432,1,0.243832469,0,-0.966295838,0,0.826428533,0
8.567965508,-19.90028,1,8.655036926,1,4.220532894,1,6.125347614,1,8.853408813,1,-4.027179241,1,0.275541186,0,-0.928240836,0,0.817265868,0
8.571965218,-20.62151718,1,9.208317757,1,3.289156437,1,6.144782543,1,8.857808113,1,-4.654055595,1,0.308339953,0,-0.889321804,0,0.806823671,0
8.575966835,-23.09090233,1,9.415517807,1,2.01205945,1,6.095802784,1,8.860751152,1,-5.327924252,1,0.341816783,0,-0.849368334,0,0.795066953,0
8.579964638,-24.88949585,1,9.253076553,1,0.501496613,1,5.931185246,1,8.861001968,1,-6.009004593,1,0.375492454,0,-0.808213174,0,0.782056689,0
8.583964348,-26.97786522,1,8.472784042,1,-1.466539145,1,5.688604355,1,8.859479904,1,-6.628600597,1,0.408624172,0,-0.765792072,0,0.768123925,0
8.587966919,-30.69601059,1,7.537689209,1,-4.351835728,1,5.385705948,1,8.462062836,1,-7.135836124,1,0.440746397,0,-0.722826421,0,0.753420949,0
8.591963768,-34.30079269,1,7.235419273,1,-7.563858032,1,5.104770184,1,8.02323246,1,-7.526876926,1,0.471697211,0,-0.680298924,0,0.73793149,0
8.595963478,-38.88852692,1,6.597328663,1,-11.28870773,1,4.88785696,1,7.610131741,1,-7.747601509,1,0.50130558,0,-0.638371468,0,0.722196341,0
8.599966049,-45.30543137,1,5.395974159,1,-14.53641224,1,4.675051212,1,7.339319706,1,-7.830196857,1,0.529283166,0,-0.597021937,0,0.706943154,0
8.603963852,-51.71736908,1,2.996028423,1,-16.8594532,1,4.372386932,1,7.232573032,1,-7.72521019,1,0.555001318,0,-0.556025743,0,0.692999184,0
8.607963562,-56.97500229,1,0.961516738,1,-18.34353256,1,3.975990057,1,7.272808552,1,-7.47031641,1,0.577679873,0,-0.515216291,0,0.68128413,0
8.611965179,-61.17679977,1,-0.595605075,1,-18.73451042,1,3.515681505,1,7.372550011,1,-7.138618469,1,0.597042263,0,-0.474641472,0,0.672057867,0
8.615963936,-64.6506424,1,-0.517501235,1,-18.92496681,1,3.053391695,1,7.492176056,1,-6.702724934,1,0.613076031,0,-0.434406847,0,0.665518045,0
8.619962692,-67.40510559,1,0.341685504,1,-18.00958633,1,2.642228603,1,7.511506081,1,-6.144098282,1,0.625978827,0,-0.395021319,0,0.661685407,0
8.62396431,-69.37187958,1,2.056527138,1,-17.24064255,1,2.356511831,1,7.328663349,1,-5.483061314,1,0.636418223,0,-0.357272089,0,0.660361111,0
8.627963066,-72.26750183,1,3.113075495,1,-16.47518349,1,2.259794235,1,6.911929607,1,-4.743214607,1,0.645384073,0,-0.322179109,0,0.661064267,0
8.631961823,-75.03913116,1,4.208882332,1,-15.09507751,1,2.298270702,1,6.27190876,1,-3.965897322,1,0.653818488,0,-0.290593326,0,0.663258612,0
8.63596344,-76.92346954,1,5.177468777,1,-12.78390312,1,2.419002056,1,5.404480457,1,-3.192474365,1,0.662394285,0,-0.263341069,0,0.666370869,0
8.639962196,-79.63461304,1,5.771503448,1,-9.796000481,1,2.583193064,1,4.404589176,1,-2.459064007,1,0.671580315,0,-0.240938142,0,0.669728935,0
8.643960953,-81.1288147,1,5.941879749,1,-7.117390633,1,2.71751833,1,3.362523794,1,-1.78796494,1,0.681444526,0,-0.223511204,0,0.672941089,0
8.64796257,-82.85318756,1,8.811562538,1,-4.458513737,1,2.80105567,1,2.30210042,1,-1.215561509,1,0.691933572,0,-0.210964888,0,0.67554009,0
8.651960373,-83.89473724,1,11.09585667,1,-0.736777782,1,2.848337173,1,1.389042377,1,-0.789350212,1,0.702895701,0,-0.20277907,0,0.677238047,0
8.655960083,-82.01074982,1,10.12862396,1,2.980032444,1,2.646992683,1,0.52493751,1,-0.440331459,1,0.713838875,0,-0.198274314,0,0.677872837,0
8.6599617,-78.50519562,1,7.812788486,1,6.533473492,1,2.104926109,1,-0.386298269,1,-0.017340967,1,0.723547876,0,-0.197437957,0,0.677342057,0
8.663959503,-74.33533478,1,5.514424801,1,9.483465195,1,1.33216989,1,-1.281837344,1,0.523027718,1,0.730750144,0,-0.200598061,0,0.675825059,0
8.667960167,-67.32669067,1,6.293791294,1,9.773756027,1,0.598546445,1,-2.10025835,1,1.159832597,1,0.734971583,0,-0.20787771,0,0.673734128,0
8.67196846,-60.81354904,1,10.95784283,1,7.661852837,1,0.233945787,1,-2.855998993,1,1.781017184,1,0.737024724,0,-0.219211534,0,0.671371818,0
8.675971985,-58.32649231,1,13.43843269,1,4.355384827,1,0.20864211,1,-3.412500143,1,2.324473381,1,0.738391399,0,-0.234080836,0,0.66894418,0
8.679971695,-55.84605408,1,11.28660488,1,2.096961737,1,0.202782303,1,-3.750958204,1,2.760905027,1,0.739769459,0,-0.251572102,0,0.666735172,0
8.683973312,-51.68848801,1,7.873055935,1,1.300446153,1,0.064378098,1,-3.972089767,1,3.041246176,1,0.740837634,0,-0.270834684,0,0.664844513,0
8.687971115,-45.60135651,1,4.93369627,1,1.576144099,1,-0.29125914,1,-4.177130222,1,3.164049149,1,0.775788546,0,-0.246204346,0,0.655116081,0
8.691970825,-38.89523697,1,2.442490816,1,2.22373271,1,-0.823958516,1,-4.406358242,1,3.16217041,1,0.774378896,0,-0.267323971,0,0.652043581,0
8.695972443,-22.98857117,1,-5.620031834,1,-8.052670479,1,-1.654428482,1,-4.816605091,1,3.186349392,1,0.770678878,0,-0.289239228,0,0.648158848,0
8.699970245,26.79348946,1,10.33180428,1,-11.6440115,1,-1.924322128,1,-6.056353569,1,3.110887051,1,0.764009237,0,-0.313701808,0,0.64200604,0
8.703969955,-35.70336914,1,-23.23025322,1,0.850684047,1,-2.305726528,1,-6.424775124,1,3.567602634,1,0.759374082,0,-0.341654032,0,0.633783102,0
8.707972527,53.39302063,1,-54.39425278,1,-21.08937454,1,-3.086700439,1,-6.017446518,1,4.064286232,1,0.750369072,0,-0.369220853,0,0.627962232,0
8.711969376,27.8126812,1,-86.25228882,1,-23.55773544,1,-6.408484936,1,-8.86226368,1,6.083945274,1,0.73411274,0,-0.404956996,0,0.622106254,0
8.715969086,19.38912964,1,-104.6447067,1,-72.62983704,1,-8.389957428,1,-8.937707901,1,8.453893661,1,0.705173492,0,-0.45101434,0,0.620476902,0
8.719971657,-81.37828827,1,-98.30888367,1,-86.99537659,1,-8.627505302,1,-8.94311142,1,8.616215706,1,0.668921649,0,-0.500417352,0,0.624786496,0
8.723970413,-156.3404388,1,7.589581966,1,-55.68203735,1,-8.628770828,1,-8.930233955,1,8.615409851,1,0.631046951,0,-0.549735725,0,0.631483674,0
8.72796917,-88.36483002,1,57.96513367,1,-26.89001465,1,-8.643892288,1,-7.437793732,1,8.224673271,1,0.590345621,0,-0.595561981,0,0.642799616,0
8.731970787,-25.33850288,1,62.22267914,1,-31.3733139,1,-6.927641869,1,-8.443134308,1,5.821573734,1,0.553509474,0,-0.637277782,0,0.650445938,0
8.73596859,-7.057508945,1,81.73518372,1,-19.10087204,1,-5.012544632,1,-8.172225952,1,5.293590546,1,0.528791606,0,-0.677010953,0,0.652067304,0
8.7399683,7.819932461,1,70.16610718,1,4.003955364,1,-3.375375748,1,-8.440319061,1,5.855113506,1,0.509685636,0,-0.716987729,0,0.655804634,0
8.743969917,-37.56437302,1,-1.65092802,1,-22.76358414,1,-3.587632418,1,-5.881560326,1,5.690102577,1,0.49072662,0,-0.754213333,0,0.664558768,0
8.74796772,-126.2455368,1,-19.39279938,1,-34.03220749,1,-3.439391851,1,-1.26422286,1,3.351793289,1,0.466708511,0,-0.775051951,0,0.677856565,0
8.75196743,-43.23774338,1,0.627446592,1,17.54396248,1,-1.871732473,1,-1.631758332,1,1.46167326,1,0.449832678,0,-0.783327997,0,0.687008619,0
8.755969048,3.845799685,1,28.11282539,1,-11.36089993,1,-2.059633017,1,-2.181488752,1,0.603953302,1,0.442046106,0,-0.792456269,0,0.686598837,0
8.75996685,-26.79257011,1,54.41191483,1,-27.77450371,1,-0.411970615,1,-0.884800732,1,1.600420356,1,0.435872614,0,-0.799614549,0,0.688492596,0
8.76396656,2.678331614,1,-5.551062584,1,-9.489002228,1,-0.067942284,1,-1.414305329,1,1.501970649,1,0.431008458,0,-0.806518853,0,0.694284856,0
8.767968178,-16.70084953,1,-37.54174423,1,-13.79111099,1,-0.353191376,1,-1.247807026,1,0.598858833,1,0.428763866,0,-0.812904716,0,0.69655472,0
8.771965981,3.184138298,1,-18.89535141,1,-17.90727615,1,-0.839718044,1,-1.782670259,1,1.362306237,1,0.425285876,0,-0.820297241,0,0.697762668,0
8.775965691,3.792883873,1,-2.411250353,1,-15.82425022,1,-0.829343081,1,-1.735692024,1,1.68387115,1,0.41868645,0,-0.82898581,0,0.701959372,0
8.779968262,-11.97198105,1,-4.126692772,1,-12.52215862,1,-0.603772998,1,-1.932123423,1,1.753476381,1,0.412254989,0,-0.838589013,0,0.706850469,0
8.783966064,-10.15336418,1,-5.671069145,1,-9.159236908,1,-0.318478465,1,-1.869038105,1,1.864115477,1,0.406339526,0,-0.848381758,0,0.712260008,0
8.787965775,-9.570619583,1,-3.837462187,1,-7.566849232,1,-0.28900975,1,-1.880464077,1,1.958051801,1,0.400430858,0,-0.858266175,0,0.718509972,0
8.791974068,-8.507819176,1,-1.943549514,1,-7.650381088,1,-0.02358086,1,-1.753646374,1,1.925023437,1,0.394666165,0,-0.867991507,0,0.725240469,0
8.795977592,-4.294737816,1,-5.730741501,1,-9.506482124,1,0.080722161,1,-1.789755821,1,1.846636415,1,0.389729142,0,-0.877364993,0,0.731934905,0
8.799977303,-6.469686031,1,2.212052822,1,-12.44878292,1,-0.107606806,1,-2.037816525,1,1.695357442,1,0.385204047,0,-0.887095809,0,0.737720311,0
8.80397892,-6.775005341,1,3.279812336,1,-16.33802223,1,-0.082050815,1,-2.45355916,1,1.625265718,1,0.381417871,0,-0.897857904,0,0.742164016,0
8.807976723,-8.647916794,1,-3.102839708,1,-16.5721817,1,-0.273187816,1,-2.999287605,1,1.477955818,1,0.378434032,0,-0.910287499,0,0.745053113,0
8.811976433,-6.998825073,1,0.760322392,1,-18.89816666,1,-0.352343857,1,-3.59076333,1,1.306835651,1,0.376791,0,-0.924574375,0,0.745561659,0
8.81597805,-4.103696346,1,7.368664265,1,-24.05763435,1,-0.198011264,1,-4.286914349,1,1.100313067,1,0.3773444,0,-0.941026449,0,0.743399799,0
8.819975853,0.65751332,1,7.251449585,1,-26.42581177,1,0.123531669,1,-5.061462879,1,0.873071492,1,0.381821811,0,-0.959801555,0,0.737765908,0
8.823975563,-4.078739643,1,1.499608517,1,-29.2715416,1,0.23443377,1,-5.906609535,1,0.750266552,1,0.390239149,0,-0.981332541,0,0.728420317,0
8.827978134,0.355471402,1,-3.820513487,1,-27.94514275,1,0.201586932,1,-6.82319212,1,0.84190315,1,0.401881903,0,-1.005898833,0,0.715723276,0
8.831974983,1.657112002,1,-3.611412525,1,-32.53131104,1,0.121450566,1,-7.819634438,1,0.94842273,1,0.416111857,0,-1.034223795,0,0.699731171,0
8.835974693,7.020253181,1,-5.119196892,1,-35.50767899,1,0.134408146,1,-8.717999458,1,1.104542136,1,0.434076816,0,-1.066154957,0,0.679645479,0
8.839977264,8.434407234,1,-9.167715073,1,-34.95078659,1,0.077991992,1,-8.721779823,1,1.398330331,1,0.454248548,0,-1.099793434,0,0.657276988,0
8.843975067,13.6401577,1,-10.75841713,1,-34.16057205,1,0.117011823,1,-8.72197628,1,1.775663614,1,0.475134969,0,-1.133800864,0,0.634444892,0
8.847974777,12.97694206,1,-13.51775074,1,-35.62976074,1,0.072857782,1,-8.726298332,1,2.375008821,1,0.49562946,0,-1.168525696,0,0.612431347,0
8.851977348,15.4271822,1,-14.47200298,1,-36.9128418,1,-0.025696132,1,-8.732048988,1,2.881834745,1,0.514780045,0,-1.204167366,0,0.591885507,0
8.855975151,9.545669556,1,-15.23964024,1,-36.76655197,1,-0.174913421,1,-8.737470627,1,3.422747612,1,0.532435358,0,-1.240723014,0,0.572666883,0
8.859974861,10.09971714,1,-12.26229382,1,-32.2454834,1,-0.07011316,1,-8.738283157,1,3.896581888,1,0.54880619,0,-1.278215647,0,0.554852843,0
8.863976479,1.30254221,1,-5.539793491,1,-29.8912468,1,0.795574844,1,-8.722542763,1,4.332952976,1,0.565958142,0,-1.316583991,0,0.538323939,0
8.867974281,-20.06158257,1,0.267499745,1,-20.42159843,1,1.793372989,1,-8.70277977,1,4.569776535,1,0.58825475,0,-1.355519414,0,0.520868957,0
8.871973991,-32.14105606,1,-3.882420063,1,-16.35909653,1,2.311926842,1,-8.694351196,1,4.950052738,1,0.617138982,0,-1.394943595,0,0.499883205,0
8.875975609,-58.93722534,1,-3.855309725,1,-16.28159523,1,2.770996332,1,-8.686983109,1,5.249809742,1,0.653364718,0,-1.435106039,0,0.473403603,0
8.879974365,-82.96294403,1,-7.196730137,1,-11.92610073,1,3.509067774,1,-8.670619965,1,5.176421165,1,0.71713388,0,-1.475099087,0,0.422055572,0
8.883974075,-116.6386719,1,-13.81891823,1,-13.11297989,1,3.581081867,1,-8.667525291,1,4.934025764,1,0.86759764,0,-1.514034629,0,0.285638034,0
8.887975693,-114.7365417,1,-11.9641943,1,-13.24113464,1,2.988350153,1,-8.676873207,1,4.276484013,1,1.507884383,0,-1.54575491,0,-0.341795772,0
8.891973495,-86.59081268,1,-11.26181412,1,-6.165454388,1,2.435031652,1,-8.681727409,1,3.136210203,1,2.853225708,0,-1.536037326,0,-1.676909685,0
8.895973206,-48.03134537,1,-24.84758568,1,0.856835783,1,1.966511488,1,-6.983771801,1,2.186701298,1,-3.127677441,0,-1.505693078,0,-1.970542192,0
8.899974823,-0.948317289,1,-34.38823318,1,3.063563108,1,-0.359404057,1,-5.608147144,1,1.998015761,1,-3.036750078,0,-1.480449438,0,-2.058012009,0
8.903972626,-31.75607491,1,-9.183913231,1,7.248523235,1,-1.765321851,1,-7.532776833,1,2.697543859,1,-2.982411146,0,-1.453171372,0,-2.117449045,0
8.907972336,-80.83760834,1,-15.28565121,1,-20.25816727,1,-2.351266861,1,-5.685309887,1,1.816987634,1,-2.960586309,0,-1.425496578,0,-2.147541285,0
8.911980629,-47.80966949,1,-19.37380219,1,-16.95890617,1,-3.269651413,1,-4.469356537,1,2.009143591,1,-2.947705746,0,-1.404757857,0,-2.172064304,0
8.915984154,-24.66356468,1,-4.683167934,1,-19.2046299,1,-3.631170034,1,-5.273359776,1,2.327931881,1,-2.935547113,0,-1.384108067,0,-2.198542118,0
8.919983864,-20.92529106,1,1.342741847,1,-18.3357563,1,-3.488947392,1,-6.415041924,1,2.976964235,1,-2.92328763,0,-1.35913682,0,-2.225772619,0
8.923985481,-25.87042809,1,3.151844025,1,-16.98425102,1,-2.851754189,1,-7.422318459,1,3.78988719,1,-2.905968189,0,-1.328991294,0,-2.256677628,0
8.927983284,-34.67007446,1,7.389305592,1,-19.06400871,1,-1.770765424,1,-7.829928398,1,4.281977654,1,-2.883987665,0,-1.295302987,0,-2.289090157,0
8.931982994,-45.22018433,1,7.628949165,1,-21.37123108,1,-0.434654325,1,-7.657070637,1,4.519821167,1,-2.859533548,0,-1.260614395,0,-2.319219589,0
8.935985565,-50.01272583,1,3.475352049,1,-23.10793304,1,0.72615391,1,-7.080726147,1,4.740773201,1,-2.832057238,0,-1.226951838,0,-2.347545862,0
8.939982414,-48.07891083,1,-1.984167099,1,-24.40761375,1,1.571419358,1,-6.432578564,1,4.933245659,1,-2.973592281,0,-1.249086261,0,-2.306927919,0
8.943982124,-46.04067993,1,-8.598516464,1,-25.42882919,1,2.122049809,1,-5.873916626,1,5.108115196,1,-2.923115492,0,-1.221103311,0,-2.352458477,0
8.947984695,-44.16082001,1,-14.45084953,1,-26.90814018,1,2.331689835,1,-5.39024353,1,5.276571274,1,-2.875278711,0,-1.194253922,0,-2.394012928,0
8.951982498,-40.06517792,1,-18.60251808,1,-27.62070847,1,2.276981354,1,-5.070492744,1,5.456931114,1,-2.830356359,0,-1.168182015,0,-2.432578325,0
8.955982208,-36.72151566,1,-20.72685051,1,-27.80513,1,2.006606817,1,-4.827427864,1,5.602741241,1,-2.788832664,0,-1.142335653,0,-2.468571901,0
8.959982872,-35.08843994,1,-21.67456436,1,-27.76637077,1,1.739659786,1,-4.82013607,1,5.689025879,1,-2.751628876,0,-1.116148829,0,-2.501421928,0
8.963980675,-34.41769409,1,-22.42784882,1,-27.30875015,1,1.445364714,1,-4.819117069,1,5.686077118,1,-2.718931675,0,-1.08942461,0,-2.530890226,0
8.967980385,-33.68389893,1,-23.59337616,1,-26.99152756,1,1.139350653,1,-4.872324467,1,5.627933979,1,-2.690914631,0,-1.062303782,0,-2.556820393,0
8.971982002,-33.40903091,1,-24.61682129,1,-26.79375458,1,0.803050101,1,-4.911492348,1,5.50302887,1,-2.667534351,0,-1.034837842,0,-2.579313993,0
8.975980759,-32.5981636,1,-25.52031326,1,-26.83380508,1,0.430430442,1,-4.982527733,1,5.346304893,1,-2.648722887,0,-1.007239342,0,-2.598477364,0
8.979980469,-31.83017921,1,-25.59401512,1,-27.03814125,1,0.071409486,1,-5.07472086,1,5.175822258,1,-2.634162426,0,-0.979490519,0,-2.614652872,0
8.983982086,-30.87445259,1,-25.29057121,1,-27.08152962,1,-0.263916612,1,-5.164061069,1,4.989720821,1,-2.623476028,0,-0.951697528,0,-2.628153086,0
8.987979889,-29.85973549,1,-24.48509026,1,-27.19587708,1,-0.557129681,1,-5.273481846,1,4.79641819,1,-2.616166592,0,-0.923835933,0,-2.639262438,0
8.991979599,-28.66354561,1,-23.70048714,1,-27.53858376,1,-0.784042716,1,-5.395735264,1,4.588652134,1,-2.611833334,0,-0.895954251,0,-2.648159266,0
8.995981216,-27.20261383,1,-22.84237289,1,-27.93480873,1,-0.976824164,1,-5.521722317,1,4.363699913,1,-2.610050201,0,-0.868071139,0,-2.655060768,0
8.999979019,-26.44950104,1,-21.84078979,1,-28.61602783,1,-1.138041735,1,-5.661828518,1,4.146784306,1,-2.610458612,0,-0.840163648,0,-2.660130739,0
9.003978729,-25.92739677,1,-20.94490433,1,-29.60774803,1,-1.246415019,1,-5.774721622,1,3.930086851,1,-2.612656593,0,-0.812251329,0,-2.663622618,0
9.007980347,-24.91381454,1,-20.49450302,1,-30.40123367,1,-1.326591849,1,-5.869387627,1,3.727439642,1,-2.616259336,0,-0.78441298,0,-2.665788889,0
9.011978149,-24.37703896,1,-19.79032516,1,-31.21488953,1,-1.375632882,1,-5.958628654,1,3.547785044,1,-2.620920658,0,-0.756649852,0,-2.66685462,0
9.015977859,-24.22716331,1,-19.4091568,1,-32.05075455,1,-1.448456883,1,-5.991774082,1,3.396930218,1,-2.626348734,0,-0.729002476,0,-2.667167425,0
9.019979477,-23.44293404,1,-19.45004272,1,-33.1139946,1,-1.514339209,1,-5.986588955,1,3.246272087,1,-2.632415533,0,-0.701609969,0,-2.666948795,0
9.02397728,-22.32807541,1,-18.98004723,1,-33.77087402,1,-1.60773325,1,-5.939566135,1,3.100123167,1,-2.639028072,0,-0.674598098,0,-2.666362524,0
9.02797699,-21.23262405,1,-18.27263832,1,-34.36266327,1,-1.681334019,1,-5.864127636,1,2.962023973,1,-2.646125555,0,-0.648054302,0,-2.665527105,0
9.031985283,-20.19778824,1,-17.56310272,1,-34.60050201,1,-1.727501392,1,-5.747755527,1,2.8278265,1,-2.653517246,0,-0.622108877,0,-2.664576054,0
9.035988808,-19.36870384,1,-17.06895447,1,-34.99083328,1,-1.774909735,1,-5.574344635,1,2.701912642,1,-2.661046743,0,-0.596916974,0,-2.663655758,0
9.039988518,-18.22966957,1,-16.48671722,1,-35.08409882,1,-1.792763233,1,-5.381561279,1,2.582709074,1,-2.668625832,0,-0.572600484,0,-2.662853003,0
9.043990135,-17.17609024,1,-15.72460461,1,-35.29802704,1,-1.795864463,1,-5.171415329,1,2.478672981,1,-2.676135778,0,-0.549183011,0,-2.662237644,0
9.047987938,-16.1627388,1,-14.92508793,1,-35.39603424,1,-1.75362587,1,-4.938431263,1,2.396313667,1,-2.68342042,0,-0.526727974,0,-2.66190958,0
9.051987648,-14.69361305,1,-14.21846294,1,-35.35133362,1,-1.668930411,1,-4.6876688,1,2.329890966,1,-2.690257072,0,-0.505276322,0,-2.661931753,0
9.055990219,-12.52426624,1,-13.65465832,1,-35.37918472,1,-1.541615725,1,-4.425859451,1,2.282689333,1,-2.696460009,0,-0.484854728,0,-2.66240263,0
9.059987068,-9.309980392,1,-12.11197662,1,-35.18021774,1,-1.393826365,1,-4.150316715,1,2.24912262,1,-2.701897144,0,-0.465459079,0,-2.663352728,0
9.063986778,-5.269720078,1,-10.86495876,1,-34.20866394,1,-1.204692125,1,-3.804451942,1,2.226601601,1,-2.706438541,0,-0.447238684,0,-2.664863348,0
9.067989349,-1.742483854,1,-11.68917179,1,-32.5720787,1,-1.038352609,1,-3.274807453,1,2.228490353,1,-2.709918737,0,-0.430600882,0,-2.667198896,0
9.071987152,2.559041023,1,-13.01442051,1,-31.76853943,1,-0.957295716,1,-2.585978985,1,2.20396328,1,-2.712454319,0,-0.416221768,0,-2.670681953,0
9.075986862,6.679204941,1,-13.30545235,1,-29.87870026,1,-0.995047867,1,-1.778622508,1,2.0952456,1,-2.714519978,0,-0.40465802,0,-2.675270319,0
9.07998848,9.882045746,1,-13.27165413,1,-27.86288834,1,-1.004178047,1,-0.807580769,1,1.916139722,1,-2.716349363,0,-0.396602273,0,-2.68086648,0
9.083986282,13.03191185,1,-12.84532833,1,-26.65322113,1,-0.999999344,1,0.326443553,1,1.689264297,1,-2.717783689,0,-0.392722905,0,-2.687557459,0
9.087985992,19.03835106,1,-12.64281273,1,-26.03790855,1,-1.023267388,1,1.567950487,1,1.396723986,1,-2.718855143,0,-0.393621057,0,-2.695326805,0
9.09198761,28.32435799,1,-13.79251385,1,-25.5968647,1,-1.04494369,1,2.803581238,1,1.114814878,1,-2.719591856,0,-0.399547964,0,-2.704164982,0
9.095985413,38.77573013,1,-13.41426945,1,-25.94199562,1,-0.983212829,1,3.915186882,1,0.868223906,1,-2.719759226,0,-0.410228014,0,-2.714112043,0
9.099985123,40.7166748,1,-11.03528976,1,-25.06332397,1,-0.900413096,1,5.049368382,1,0.574124455,1,-2.719100237,0,-0.425319761,0,-2.725006342,0
9.10398674,41.02545929,1,-9.972877502,1,-23.24548721,1,-0.689344943,1,6.377418995,1,0.174038351,1,-2.71732378,0,-0.445528746,0,-2.736902714,0
9.107984543,41.82059479,1,-8.736370087,1,-23.75304031,1,-0.308299065,1,7.431503773,1,-0.439948976,1,-2.713874578,0,-0.470936,0,-2.749185085,0
9.111984253,34.92251587,1,-7.813527584,1,-21.85396004,1,-0.079034366,1,8.464089394,1,-1.266320705,1,-2.709210873,0,-0.501193285,0,-2.76069665,0
9.115986824,27.8544693,1,-5.478277683,1,-17.46150398,1,0.053932242,1,8.717576981,1,-2.174637556,1,-2.704559088,0,-0.535482585,0,-2.770274162,0
9.119984627,25.90289688,1,-1.929502726,1,-15.73736668,1,0.389125913,1,8.729236603,1,-3.054255486,1,-2.7003932,0,-0.57150799,0,-2.776584625,0
9.123984337,25.23343277,1,-2.520399332,1,-14.57523441,1,0.694870591,1,8.739531517,1,-3.84536624,1,-2.696552992,0,-0.609001279,0,-2.779573917,0
9.127985954,23.74599648,1,-3.425515652,1,-15.28693771,1,0.95398289,1,8.748725891,1,-4.515323639,1,-2.693248272,0,-0.647787452,0,-2.779566288,0
9.131983757,18.63440514,1,-4.240515232,1,-16.20169449,1,1.10931015,1,8.755565643,1,-5.024491787,1,-2.690678596,0,-0.6876297,0,-2.777001858,0
9.135983467,10.34138966,1,-4.836330891,1,-17.52530479,1,1.150694609,1,8.757893562,1,-5.358021736,1,-2.689073324,0,-0.728219211,0,-2.772499561,0
9.139985085,1.882358432,1,-4.556779861,1,-18.58712196,1,1.208481789,1,8.760836601,1,-5.596168995,1,-2.688454151,0,-0.769320905,0,-2.766503811,0
9.143982887,-5.944180012,1,-4.216070652,1,-19.4627552,1,1.332250118,1,8.764028549,1,-5.803098679,1,-2.688620567,0,-0.810819566,0,-2.759157896,0
9.147982597,-12.08588791,1,-2.97027564,1,-20.29927254,1,1.549022198,1,8.770770073,1,-5.95577383,1,-2.689261675,0,-0.852644444,0,-2.750521421,0
9.151990891,-17.64644051,1,-1.744606733,1,-21.06224823,1,1.837008595,1,8.776102066,1,-6.082093239,1,-2.690085173,0,-0.894726515,0,-2.740643263,0
9.155994415,-22.53083611,1,-1.189582348,1,-21.79582405,1,2.182273149,1,8.784521103,1,-6.145551682,1,-2.690803528,0,-0.936999559,0,-2.729628325,0
9.159994125,-25.91466141,1,-1.75693357,1,-22.28958893,1,2.543747187,1,8.791309357,1,-6.118059158,1,-2.691004038,0,-0.979336143,0,-2.717813492,0
9.163995743,-28.08109856,1,-3.964787722,1,-22.25138664,1,2.84108758,1,8.797133446,1,-6.019386768,1,-2.6904037,0,-1.021581769,0,-2.705704212,0
9.167993546,-29.14816856,1,-7.402360916,1,-21.44505692,1,3.006992102,1,8.799308777,1,-5.834936142,1,-2.688925743,0,-1.063601375,0,-2.69384551,0
9.171993256,-30.18447495,1,-11.35402012,1,-20.74650955,1,2.945815802,1,8.795619965,1,-5.525137901,1,-2.686446905,0,-1.105199575,0,-2.683134794,0
9.175995827,-30.06892967,1,-15.74201584,1,-19.78632545,1,2.658784866,1,8.787771225,1,-5.091470242,1,-2.68260026,0,-1.146138668,0,-2.674883604,0
9.179992676,-29.89219856,1,-18.6928215,1,-18.52162552,1,2.193221807,1,8.775466919,1,-4.590586662,1,-2.676801682,0,-1.1862185,0,-2.670593739,0
9.183992386,-29.90909958,1,-19.51405525,1,-17.28970528,1,1.663752317,1,8.761281013,1,-4.053055763,1,-2.667941332,0,-1.225321174,0,-2.671805143,0
9.187994957,-29.28020096,1,-17.98293877,1,-15.9034481,1,1.174471378,1,8.747668266,1,-3.485668659,1,-2.655122757,0,-1.316758633,0,-2.729893446,0
9.191993713,-29.09477806,1,-14.59395695,1,-14.78110027,1,0.889867783,1,8.738389969,1,-2.943785191,1,-2.628170729,0,-1.353607774,0,-2.753419638,0
9.195993423,-28.68569183,1,-10.48585606,1,-13.58290291,1,0.937541008,1,8.737627029,1,-2.484306812,1,-2.58235383,0,-1.389199257,0,-2.796501398,0
9.199994087,-28.59560776,1,-6.020578861,1,-12.62396717,1,1.265257955,1,8.741353989,1,-2.105006456,1,-2.505062342,0,-1.4232651,0,-2.870436192,0
9.20399189,-28.18344307,1,-1.941967368,1,-11.68797588,1,1.853956342,1,8.752920151,1,-1.834502697,1,-2.373381853,0,-1.455109119,0,-2.997016907,0
9.2079916,-27.68704987,1,1.566482544,1,-10.01736832,1,2.689386606,1,8.768624306,1,-1.649074197,1,-2.141661406,0,-1.482858419,0,3.062365055,0
9.211993217,-26.66753006,1,3.533195019,1,-7.638213634,1,3.647661448,1,8.787027359,1,-1.545774102,1,-1.739373565,0,-1.501852036,0,2.671574831,0
9.21599102,-24.84813309,1,4.014724731,1,-5.223004818,1,4.611373425,1,8.807816505,1,-1.509940386,1,-1.19121182,0,-1.504289985,0,2.138786077,0
9.21999073,-22.52800751,1,2.601424456,1,-2.695355654,1,5.433348179,1,8.82462883,1,-1.5365237,1,-0.732051134,0,-1.488734841,0,1.698600292,0
9.223992348,-20.46470642,1,0.00365029,1,-0.348860383,1,6.026323318,1,8.837532997,1,-1.600948215,1,-0.447643697,0,-1.462646961,0,1.436018586,0
9.22799015,-18.82107162,1,-3.376702785,1,1.246559501,1,6.378499985,1,8.845131874,1,-1.693668962,1,-0.272598475,0,-1.431785345,0,1.284723639,0
9.231988907,-17.18826294,1,-7.241291523,1,2.205166101,1,6.405912399,1,8.846487045,1,-1.798510432,1,-0.155510023,0,-1.398655891,0,1.19218421,0
9.235990524,-15.45001125,1,-10.06476021,1,2.717770576,1,6.110686779,1,8.841367722,1,-1.94493854,1,-0.07083711,0,-1.364335299,0,1.131539941,0
9.239988327,-13.08349228,1,-10.16068268,1,2.947363615,1,5.64582777,1,8.833339691,1,-2.177760601,1,-0.005313179,0,-1.329315662,0,1.088486433,0
9.243988037,-9.949598312,1,-5.454635143,1,0.277013659,1,5.234031677,1,8.827703476,1,-2.588674784,1,0.049229,0,-1.29379034,0,1.05455029,0
9.247989655,-9.980398178,1,-2.744469166,1,-0.237270087,1,4.943851471,1,8.823428154,1,-3.126942635,1,0.098384798,0,-1.257738113,0,1.024388909,0
9.251987457,-10.3924284,1,1.501788139,1,-3.10981822,1,4.894005775,1,8.826247215,1,-3.740563393,1,0.145098835,0,-1.221027136,0,0.995734274,0
9.255987167,-12.28235531,1,6.006941319,1,-6.207933426,1,5.06954813,1,8.834918022,1,-4.456744194,1,0.191498458,0,-1.183451891,0,0.96728611,0
9.259988785,-14.98982239,1,9.813976288,1,-8.888818741,1,5.483099461,1,8.847434044,1,-5.15437603,1,0.238663033,0,-1.14479363,0,0.938851833,0
9.263986588,-18.63647652,1,11.4667778,1,-10.54015064,1,6.03450346,1,8.687080383,1,-5.841648579,1,0.287010252,0,-1.105164647,0,0.91076678,0
9.267986298,-21.40595818,1,10.74911594,1,-11.41891193,1,6.632547379,1,8.564229012,1,-6.514849186,1,0.336882174,0,-1.06474793,0,0.883030713,0
9.271994591,-23.15709305,1,9.050591469,1,-12.71598911,1,7.092310905,1,8.46790123,1,-7.11336422,1,0.387511909,0,-1.023226738,0,0.856304526,0
9.275998116,-24.66764832,1,5.972671986,1,-13.29012871,1,7.26239872,1,8.365302086,1,-7.625833511,1,0.437449068,0,-0.980543315,0,0.831196725,0
9.279997826,-25.19502831,1,2.731344461,1,-14.31706429,1,7.159929752,1,8.204277039,1,-8.01488781,1,0.485276341,0,-0.936906099,0,0.808098078,0
9.283999443,-26.28252411,1,-0.080681853,1,-16.09501839,1,6.793270111,1,7.975131989,1,-8.29766655,1,0.529854357,0,-0.892747223,0,0.787132382,0
9.287997246,-28.88317871,1,-1.816646576,1,-17.88586235,1,6.232666969,1,7.731123924,1,-8.460682869,1,0.570365191,0,-0.848417878,0,0.768261075,0
9.291996956,-34.90248489,1,-3.75346756,1,-20.48685646,1,5.558659554,1,7.523778439,1,-8.559872627,1,0.606367528,0,-0.804146767,0,0.75142163,0
9.295998573,-42.08446884,1,-5.180171013,1,-22.97607422,1,4.775279522,1,7.445856094,1,-8.599535942,1,0.637471795,0,-0.759836435,0,0.736657739,0
9.299996376,-48.44145203,1,-5.433808804,1,-24.33753014,1,4.057656288,1,7.520584583,1,-8.555729866,1,0.663488507,0,-0.715252519,0,0.724211872,0
9.303996086,-52.75977325,1,-3.233141422,1,-24.99290848,1,3.470944405,1,7.644415379,1,-8.46639061,1,0.684872687,0,-0.670310736,0,0.714263797,0
9.307998657,-55.14985275,1,-0.791770279,1,-24.5807991,1,3.079648495,1,7.734389782,1,-8.30688858,1,0.702537775,0,-0.625189304,0,0.706583679,0
9.311995506,-56.32881927,1,2.36184001,1,-23.71938133,1,2.91220212,1,7.722097874,1,-8.065217972,1,0.71771431,0,-0.580346584,0,0.700900495,0
9.315995216,-57.59077454,1,4.695649147,1,-22.57752228,1,2.910280228,1,7.587481976,1,-7.688643932,1,0.731392562,0,-0.536496758,0,0.697004795,0
9.319997787,-60.22618866,1,4.696005821,1,-20.76748657,1,2.979702234,1,7.367100239,1,-7.168172359,1,0.744227648,0,-0.49433291,0,0.694856048,0
9.32399559,-63.03791428,1,3.696881056,1,-18.54802704,1,2.959499359,1,6.984658241,1,-6.538822174,1,0.756366313,0,-0.454578757,0,0.694320202,0
9.3279953,-66.42915344,1,3.044067621,1,-16.27351189,1,2.800559759,1,6.4508214,1,-5.784948826,1,0.767593861,0,-0.4180848,0,0.695102751,0
9.331996918,-68.58646393,1,3.703610897,1,-13.71805573,1,2.56361413,1,5.804601192,1,-4.930942535,1,0.777558386,0,-0.385537744,0,0.697046816,0
9.33599472,-70.83634949,1,8.010219574,1,-11.25421906,1,2.408639193,1,5.038683891,1,-4.059124947,1,0.786483884,0,-0.357473135,0,0.699758232,0
9.339994431,-73.04519653,1,12.41879177,1,-8.319936752,1,2.422277927,1,4.329725742,1,-3.147456884,1,0.794983506,0,-0.334073126,0,0.703105986,0
9.343996048,-72.88973999,1,14.01600647,1,-5.096534252,1,2.468113422,1,3.667313099,1,-2.276497126,1,0.80349803,0,-0.31515795,0,0.70723623,0
9.347993851,-72.62340546,1,12.45902538,1,-1.118128061,1,2.243954182,1,3.02731061,1,-1.426226735,1,0.811564445,0,-0.300550461,0,0.712013423,0
9.351993561,-72.43038177,1,9.06216526,1,3.411708355,1,1.697890639,1,2.425020218,1,-0.600161314,1,0.817948878,0,-0.290139347,0,0.717393398,0
9.355995178,-71.62007141,1,6.028197765,1,8.093598366,1,1.006913543,1,1.864414096,1,0.230062693,1,0.821680546,0,-0.283735216,0,0.723388791,0
9.359992981,-67.28247833,1,6.849882126,1,10.23726654,1,0.451498061,1,1.256367803,1,1.036950111,1,0.822670162,0,-0.28133446,0,0.729986191,0
9.363992691,-61.51261902,1,11.84135628,1,10.20730114,1,0.301491112,1,0.548485756,1,1.770121932,1,0.822178662,0,-0.283007503,0,0.736742854,0
9.367994308,-59.59991837,1,14.85104847,1,10.281353,1,0.498327434,1,-0.127539113,1,2.42109251,1,0.821867347,0,-0.28861028,0,0.74333626,0
9.371992111,-59.95030594,1,13.1330452,1,10.23403168,1,0.765543938,1,-0.737246633,1,2.922307253,1,0.822586775,0,-0.297661394,0,0.749639809,0
9.375991821,-58.01362228,1,8.512626648,1,10.04477501,1,0.841652095,1,-1.349173188,1,3.213580608,1,0.824210167,0,-0.309541821,0,0.755227447,0
9.379993439,-54.16711044,1,3.549631596,1,9.405855179,1,0.600725055,1,-2.039470196,1,3.320466995,1,0.825879097,0,-0.323751569,0,0.759352207,0
9.383991241,-51.85939789,1,1.524493337,1,7.673256397,1,0.148897946,1,-2.757891655,1,3.263396025,1,0.826784134,0,-0.339959919,0,0.761422276,0
9.387990952,-48.49097443,1,-0.017186495,1,6.789131165,1,-0.390438408,1,-3.438006639,1,3.068444014,1,0.826483488,0,-0.357704341,0,0.760838687,0
9.391999245,-44.42648697,1,-1.781922102,1,6.527890205,1,-0.882285118,1,-3.997566938,1,2.839556217,1,0.82503587,0,-0.376499206,0,0.75770241,0
9.396002769,-39.03475952,1,-3.253205538,1,7.605811119,1,-1.289040565,1,-4.440123081,1,2.590899706,1,0.822731674,0,-0.395964086,0,0.752247572,0
9.40000248,-32.5198822,1,-2.514096975,1,8.591280937,1,-1.572145104,1,-4.933907986,1,2.288455963,1,0.82001543,0,-0.415885448,0,0.744542778,0
9.404004097,-13.63934994,1,-9.771761894,1,-4.207654953,1,-1.996987104,1,-5.488124847,1,2.113133669,1,0.817285776,0,-0.436398208,0,0.734469175,0
9.4080019,37.05321503,1,2.442357302,1,0.539560258,1,-2.742891312,1,-7.030729771,1,1.519796133,1,0.81283021,0,-0.458832979,0,0.720031023,0
9.41200161,-31.31941605,1,-41.47910309,1,12.6947794,1,-3.865893602,1,-8.037405968,1,2.342589378,1,0.80949235,0,-0.486122429,0,0.700597286,0
9.416003227,64.87666321,1,-51.69404221,1,-19.42717361,1,-4.893258572,1,-8.50673008,1,3.311750412,1,0.800382733,0,-0.515720189,0,0.683155775,0
9.42000103,52.64415741,1,-66.99546051,1,-42.97848511,1,-7.662444115,1,-8.908599854,1,6.224812031,1,0.781002402,0,-0.553834915,0,0.66947782,0
9.42400074,30.21885681,1,-84.0796814,1,-106.2397537,1,-8.628109932,1,-8.94239521,1,8.616316795,1,0.750401318,0,-0.600650311,0,0.666137576,0
9.428002357,-110.3873749,1,-11.99242496,1,-76.37814331,1,-8.628089905,1,-8.943557739,1,8.614602089,1,0.714657485,0,-0.650288284,0,0.668233156,0
9.43200016,-175.4985046,1,36.13637543,1,-12.19959068,1,-8.62719059,1,-8.943095207,1,8.614920616,1,0.677332342,0,-0.699829876,0,0.672727764,0
9.43599987,-89.72688293,1,28.95991516,1,-47.59406281,1,-8.627052307,1,-8.94372654,1,8.608485222,1,0.638039649,0,-0.749196351,0,0.679938793,0
9.440002441,-162.4736023,1,48.59056854,1,-84.04433441,1,-7.287307262,1,-8.27763176,1,4.346106529,1,0.701818943,0,-0.717940211,0,0.697802067,0
9.44399929,-140.2286072,1,127.8781662,1,-20.65442276,1,-4.222695827,1,-2.136536598,1,1.738265872,1,0.681141376,0,-0.740647137,0,0.693021774,0
9.447999954,4.66311264,1,62.34404755,1,6.845571041,1,-0.545188844,1,-3.493063211,1,2.667693615,1,0.673881054,0,-0.754202962,0,0.692712009,0
9.452000618,9.647439003,1,18.89403725,1,-24.60156441,1,0.189263642,1,-2.75886941,1,2.841819286,1,0.672038436,0,-0.771495283,0,0.694087565,0
9.455998421,-41.39447403,1,-41.20981979,1,-8.655333519,1,0.184729919,1,-2.163008451,1,0.868852556,1,0.673062027,0,-0.783814669,0,0.694212079,0
9.459998131,-16.95382309,1,-9.517329216,1,19.47696877,1,-0.548341155,1,-1.895593286,1,0.483217597,1,0.675986171,0,-0.791211903,0,0.689143419,0
9.463999748,-44.26011658,1,29.73517609,1,-12.409338,1,0.0344785,1,-1.140432715,1,0.879701853,1,0.676348329,0,-0.798312724,0,0.686747551,0
9.467998505,2.662899017,1,11.87404346,1,-3.557837963,1,0.46004954,1,-0.823222995,1,0.619991541,1,0.677203178,0,-0.802577376,0,0.687001944,0
9.471998215,-9.088420868,1,-21.04369736,1,-19.68963051,1,0.489049047,1,-1.055522442,1,0.540913582,1,0.680157304,0,-0.80711329,0,0.685938656,0
9.475998878,5.083847523,1,-33.91576385,1,-17.4868145,1,-0.1758347,1,-1.454473019,1,0.979122639,1,0.681570053,0,-0.812734604,0,0.684852481,0
9.479997635,-0.830502927,1,-13.21825409,1,-17.56736946,1,-0.469927937,1,-1.939262509,1,1.567930579,1,0.680535197,0,-0.82135427,0,0.684308589,0
9.483997345,0.053326048,1,-5.161502838,1,-17.14070892,1,-0.339276403,1,-2.005163193,1,1.655707836,1,0.678705275,0,-0.831610203,0,0.6845662,0
9.487998962,3.360552549,1,-7.219672203,1,-14.13938236,1,-0.302385867,1,-2.239825249,1,1.598754168,1,0.677769423,0,-0.842260122,0,0.684111774,0
9.491996765,-12.97052193,1,0.76006031,1,-8.619216919,1,-0.101950139,1,-2.23572135,1,1.746334314,1,0.677517116,0,-0.853470981,0,0.683384418,0
9.495996475,-16.83488083,1,-1.60255909,1,-3.153942823,1,-0.056029528,1,-2.098723888,1,1.85757792,1,0.676846325,0,-0.864815235,0,0.683761537,0
9.499998093,-7.588889122,1,-10.78333855,1,-4.753873348,1,-0.000553048,1,-1.879534483,1,1.831677318,1,0.675910354,0,-0.875592589,0,0.684925199,0
9.503995895,-3.600543737,1,-6.857129574,1,-8.608956337,1,-0.173039407,1,-1.885209918,1,1.71399796,1,0.674457252,0,-0.885891557,0,0.686383545,0
9.507995605,-8.096899033,1,12.44467354,1,-13.73936462,1,0.02598498,1,-2.059716463,1,1.50052917,1,0.673889816,0,-0.896058619,0,0.686528146,0
9.512003899,-5.708692551,1,6.642781734,1,-18.01025963,1,0.051734883,1,-2.529031515,1,1.293039799,1,0.675834954,0,-0.906645775,0,0.68445617,0
9.516007423,-6.789683819,1,-0.369796574,1,-20.21525764,1,0.002093123,1,-3.192137003,1,1.063059926,1,0.680347443,0,-0.918450177,0,0.678689599,0
9.520007133,-3.845685244,1,-2.166811943,1,-21.19449997,1,0.053516794,1,-3.822314501,1,1.046990395,1,0.687810779,0,-0.931985855,0,0.669454157,0
9.524008751,-3.178441763,1,-1.899582267,1,-23.51401329,1,0.094717003,1,-4.482377529,1,0.898456991,1,0.698510051,0,-0.947253823,0,0.656605959,0
9.528006554,0.386432499,1,1.446912766,1,-27.84088516,1,0.112231456,1,-5.276577473,1,0.761639297,1,0.713310242,0,-0.964273214,0,0.6390028,0
9.532006264,-1.788788438,1,1.742595315,1,-30.61624908,1,0.271204233,1,-6.026623249,1,0.760656238,1,0.732796073,0,-0.983226895,0,0.616362333,0
9.536007881,5.307731152,1,-5.995430946,1,-30.82309914,1,0.092446901,1,-7.022531509,1,0.960307121,1,0.756790161,0,-1.00471735,0,0.588653088,0
9.540005684,3.213683844,1,-5.080723763,1,-30.90031624,1,0.15477781,1,-8.089349747,1,1.07976675,1,0.786547899,0,-1.029182076,0,0.554145336,0
9.544005394,3.250062466,1,-8.710400581,1,-33.45026016,1,0.289694995,1,-8.716710091,1,1.414587736,1,0.823585272,0,-1.056325912,0,0.512270808,0
9.548007011,10.01072598,1,-12.07064056,1,-32.97324371,1,0.389714211,1,-8.7169981,1,1.783532262,1,0.864898264,0,-1.084254265,0,0.466774166,0
9.552004814,14.43630409,1,-12.84313583,1,-33.48390961,1,0.455000639,1,-8.717311859,1,2.281606436,1,0.90944761,0,-1.11257565,0,0.418616027,0
9.556004524,13.28632832,1,-10.82502556,1,-32.72733688,1,0.585825205,1,-8.718496323,1,2.864540339,1,0.957556009,0,-1.141608357,0,0.367595077,0
9.560007095,10.7260685,1,-8.878396988,1,-31.08436394,1,0.796599686,1,-8.717342377,1,3.47239995,1,1.010418415,0,-1.171464443,0,0.312858045,0
9.564003944,2.298703909,1,-7.349300861,1,-27.89780235,1,0.991299272,1,-8.716328621,1,4.027828217,1,1.06957376,0,-1.2020998,0,0.252912968,0
9.568003654,1.685961246,1,-3.384209394,1,-17.13937378,1,1.227961898,1,-8.714297295,1,4.567430973,1,1.137404561,0,-1.233142138,0,0.185264453,0
9.572006226,-11.43367767,1,1.463072777,1,-13.06026173,1,1.744603515,1,-8.706666946,1,4.970828056,1,1.217845559,0,-1.264174461,0,0.106736414,0
9.576004028,-29.88818359,1,9.50338459,1,-15.65351868,1,2.473120928,1,-8.689664841,1,4.96079874,1,1.31683445,0,-1.293673515,0,0.012074499,0
9.580003738,-46.70256424,1,13.36129189,1,-14.14194775,1,3.553596497,1,-8.667984009,1,4.911592007,1,1.440951228,0,-1.319688916,0,-0.104105055,0
9.584005356,-62.85293198,1,14.85435963,1,-9.836187363,1,4.899908543,1,-8.640033722,1,4.921820164,1,1.594742656,0,-1.341217279,0,-0.245017499,0
9.588003159,-79.14723969,1,6.400084496,1,-6.746672153,1,5.916084766,1,-8.619249344,1,5.0304389,1,1.779026031,0,-1.357098222,0,-0.411649853,0
9.592002869,-100.9367981,1,-1.08006084,1,-2.774714231,1,6.404139519,1,-8.608608246,1,4.8259902,1,1.986604095,0,-1.365264893,0,-0.59845078,0
9.596004486,-114.4926682,1,-2.393091679,1,-3.631728411,1,6.459618092,1,-8.605470657,1,4.357952595,1,2.199690342,0,-1.364133,0,-0.789638877,0
9.600002289,-87.63949585,1,-4.172712326,1,0.883827865,1,5.990558624,1,-8.613749504,1,4.143370152,1,2.39663744,0,-1.353805065,0,-0.965563536,0
9.604001999,-54.85619354,1,-21.88948059,1,5.60421133,1,4.97025919,1,-6.652432919,1,4.031896591,1,2.559738398,0,-1.339001417,0,-1.10997057,0
9.608003616,4.617102146,1,-47.35049057,1,12.2662468,1,1.947382569,1,-5.032402992,1,4.350731373,1,2.679839134,0,-1.32788682,0,-1.219146967,0
9.612001419,-58.80961227,1,-28.50005722,1,6.275358677,1,-0.485740095,1,-6.557197571,1,4.995812416,1,2.790222168,0,-1.312600613,0,-1.329620361,0
9.616001129,-94.35395813,1,-25.56749535,1,-19.24197769,1,-2.611840963,1,-4.057349682,1,4.740847111,1,2.875569582,0,-1.298413157,0,-1.424546957,0
9.620002747,-48.36919403,1,-23.92620468,1,-14.9692688,1,-4.214396954,1,-2.586928844,1,4.629299164,1,2.936460018,0,-1.290512919,0,-1.502313733,0
9.624000549,-29.10944939,1,-4.506112099,1,-16.34749603,1,-4.704606056,1,-3.37705493,1,4.413682461,1,2.986399412,0,-1.28225708,0,-1.573173881,0
9.628000259,-18.10007286,1,5.125129223,1,-18.28701401,1,-4.279441357,1,-4.462237835,1,4.547382832,1,3.033029079,0,-1.269106627,0,-1.640856266,0
9.632001877,-14.13971806,1,4.709526062,1,-13.44925117,1,-3.347145081,1,-5.984938622,1,5.090385914,1,3.082709074,0,-1.249890089,0,-1.709130526,0
9.636006355,-25.87451363,1,8.121212959,1,-16.51337624,1,-2.12868309,1,-6.93590641,1,5.329669952,1,3.134724617,0,-1.22456336,0,-1.775862336,0
9.640006065,-40.069767,1,9.212449074,1,-17.9592495,1,-0.617783248,1,-7.173688412,1,5.315984249,1,-3.09884119,0,-1.195777893,0,-1.834764719,0
9.644007683,-48.15798187,1,2.271847248,1,-19.4559536,1,0.715751112,1,-6.691147804,1,5.34083128,1,-3.051292658,0,-1.166585207,0,-1.885870695,0
9.648005486,-48.51284409,1,-7.484135151,1,-20.87536621,1,1.588091373,1,-5.999021053,1,5.381456852,1,-3.005018711,0,-1.138918281,0,-1.931301355,0
9.652005196,-45.2545166,1,-18.49118805,1,-22.54967499,1,1.877298594,1,-5.31517601,1,5.450152397,1,-2.960554838,0,-1.113179207,0,-1.972717524,0
9.656006813,-40.93417358,1,-28.01429176,1,-24.51568413,1,1.568165421,1,-4.777824879,1,5.578926086,1,-2.918926716,0,-1.089007735,0,-2.011523962,0
9.660004616,-34.37109756,1,-33.29252243,1,-26.45059013,1,0.853896022,1,-4.408830166,1,5.662984371,1,-2.881510973,0,-1.065827012,0,-2.048416615,0
9.664004326,-26.37132263,1,-33.20555115,1,-27.32452202,1,0.026589889,1,-4.254172802,1,5.576648712,1,-2.849827528,0,-1.043098688,0,-2.082850933,0
9.668005943,-24.42503738,1,-30.77998734,1,-26.52708054,1,-0.628939211,1,-4.238230705,1,5.405919552,1,-2.82451582,0,-1.02026844,0,-2.113792896,0
9.672003746,-22.76667023,1,-27.83250618,1,-25.61175919,1,-1.096630335,1,-4.30717802,1,5.134167671,1,-2.805002213,0,-0.997329354,0,-2.140994549,0
9.676003456,-22.81193924,1,-24.38402367,1,-25.26628876,1,-1.388797164,1,-4.264743805,1,4.780713081,1,-2.790492773,0,-0.974416554,0,-2.164331436,0
9.680005074,-22.57171822,1,-22.85643959,1,-25.26845169,1,-1.367500663,1,-4.274920464,1,4.43079567,1,-2.779816628,0,-0.951951325,0,-2.1840868,0
9.684002876,-22.68339348,1,-20.86776924,1,-25.44886208,1,-1.196422935,1,-4.212601662,1,4.12831068,1,-2.771397591,0,-0.929973781,0,-2.200898409,0
9.688002586,-22.53584099,1,-18.82084846,1,-25.78969574,1,-0.882729292,1,-4.161839485,1,3.823839188,1,-2.914641857,0,-0.98792702,0,-2.120491028,0
9.692004204,-22.70002365,1,-17.55829239,1,-26.09933853,1,-0.514905453,1,-4.103302956,1,3.519040585,1,-2.901910543,0,-0.968429148,0,-2.139228821,0
9.696002007,-22.42310333,1,-17.16493034,1,-26.47893906,1,-0.10817612,1,-4.013896465,1,3.199724197,1,-2.890226364,0,-0.949413598,0,-2.155040026,0
9.700001717,-22.43921471,1,-18.18876076,1,-26.70846367,1,0.228432506,1,-3.892237425,1,2.968096256,1,-2.879162073,0,-0.930984259,0,-2.168410301,0
9.704003334,-22.04169655,1,-19.40097809,1,-26.56863213,1,0.459311724,1,-3.736032486,1,2.84649539,1,-2.868329048,0,-0.913209915,0,-2.180240631,0
9.708001137,-21.70947647,1,-20.55905914,1,-26.57256889,1,0.573885858,1,-3.584648132,1,2.801618099,1,-2.85757637,0,-0.896037817,0,-2.191265583,0
9.712000847,-20.93336868,1,-20.97586823,1,-26.50436783,1,0.62177527,1,-3.461625338,1,2.813690901,1,-2.846895218,0,-0.87933588,0,-2.201935768,0
9.716001511,-19.24902344,1,-21.01883507,1,-26.62984467,1,0.628459275,1,-3.403273344,1,2.861200809,1,-2.836323023,0,-0.862887144,0,-2.212465048,0
9.719999313,-17.89461708,1,-20.75587273,1,-26.91270447,1,0.60003686,1,-3.406687021,1,2.936719656,1,-2.825960159,0,-0.846397161,0,-2.222943306,0
9.723999023,-16.71212196,1,-20.16857719,1,-27.05223274,1,0.553501248,1,-3.444446087,1,3.036385059,1,-2.815856695,0,-0.829642832,0,-2.233439922,0
9.728000641,-15.73899841,1,-19.37747192,1,-27.24110222,1,0.51996702,1,-3.53297019,1,3.138675213,1,-2.80603385,0,-0.812431216,0,-2.24392581,0
9.731998444,-14.86206627,1,-18.88361359,1,-27.36536026,1,0.469532907,1,-3.632028341,1,3.254593611,1,-2.796504498,0,-0.794655085,0,-2.254388571,0
9.735998154,-14.77494812,1,-18.65093613,1,-27.23736572,1,0.413567781,1,-3.687143326,1,3.337709904,1,-2.787360668,0,-0.776373386,0,-2.264813423,0
9.740000725,-15.35473442,1,-18.77170181,1,-27.38581085,1,0.322105855,1,-3.673275232,1,3.375758171,1,-2.778745174,0,-0.757855892,0,-2.275106668,0
9.743997574,-15.2734642,1,-19.65859604,1,-27.71398735,1,0.185649306,1,-3.592685223,1,3.375429392,1,-2.770851851,0,-0.739429712,0,-2.28519392,0
9.747997284,-15.27896404,1,-19.91741562,1,-27.88723373,1,-0.018396664,1,-3.441256523,1,3.355927944,1,-2.763890743,0,-0.721393347,0,-2.295119286,0
9.751999855,-15.54428291,1,-19.8391037,1,-28.22509766,1,-0.247870579,1,-3.223413706,1,3.303113222,1,-2.758005857,0,-0.704054475,0,-2.304924965,0
9.75600338,-15.74519539,1,-19.9441185,1,-28.45108795,1,-0.508966565,1,-2.928856134,1,3.22076273,1,-2.753294468,0,-0.687725186,0,-2.314641237,0
9.76000309,-15.1523838,1,-19.58976364,1,-28.72367287,1,-0.76273942,1,-2.605966806,1,3.131486416,1,-2.749740601,0,-0.672651291,0,-2.324335575,0
9.764004707,-13.69249058,1,-18.96723557,1,-28.95131302,1,-0.993913949,1,-2.294266701,1,3.043076515,1,-2.747261286,0,-0.658885419,0,-2.334057331,0
9.76800251,-11.98455143,1,-18.08398056,1,-29.01969147,1,-1.17389977,1,-2.01284647,1,2.96724987,1,-2.745672464,0,-0.646322429,0,-2.343846798,0
9.77200222,-10.57486153,1,-17.14201164,1,-29.23324013,1,-1.264728785,1,-1.752387285,1,2.928674459,1,-2.744639874,0,-0.63483274,0,-2.353785992,0
9.776003838,-9.671281815,1,-16.66152382,1,-29.10750389,1,-1.258535028,1,-1.498543262,1,2.904927015,1,-2.74370718,0,-0.624319911,0,-2.363976955,0
9.78000164,-8.865304947,1,-16.83096504,1,-29.08069038,1,-1.214074016,1,-1.224451661,1,2.91257906,1,-2.74251771,0,-0.614767849,0,-2.374551773,0
9.78400135,-7.461791515,1,-16.40365028,1,-29.26915169,1,-1.181375384,1,-0.932738006,1,2.930032969,1,-2.740974665,0,-0.606235206,0,-2.385623217,0
9.788002968,-5.391616821,1,-15.90635967,1,-28.769207,1,-1.108946681,1,-0.580840766,1,2.963861704,1,-2.738935471,0,-0.598821044,0,-2.397326708,0
9.792000771,-3.010874271,1,-15.9237566,1,-27.28565598,1,-0.994629323,1,-0.092910647,1,2.99263072,1,-2.736081123,0,-0.592861295,0,-2.409896374,0
9.795999527,-0.336313367,1,-16.66117477,1,-25.32773972,1,-0.916591406,1,0.561108589,1,3.007341623,1,-2.732245445,0,-0.588928163,0,-2.423608303,0
9.800001144,4.460931778,1,-17.24819756,1,-23.19292831,1,-0.933453023,1,1.286961198,1,2.955462217,1,-2.727633476,0,-0.587526858,0,-2.438540459,0
9.803998947,8.479626656,1,-18.20067596,1,-19.26592064,1,-1.063634634,1,2.074914455,1,2.858496666,1,-2.722689629,0,-0.588948846,0,-2.454595089,0
9.807998657,11.46171951,1,-18.87932396,1,-15.14979839,1,-1.255070567,1,2.924611568,1,2.730823994,1,-2.717737198,0,-0.593497574,0,-2.471800566,0
9.812001228,15.91129303,1,-17.97709465,1,-11.98578739,1,-1.486000419,1,3.76900363,1,2.555865288,1,-2.712896109,0,-0.601304591,0,-2.490150928,0
9.815998077,25.98636246,1,-14.26982975,1,-8.502967834,1,-1.58269906,1,4.48911953,1,2.318919659,1,-2.708138466,0,-0.612314939,0,-2.509394646,0
9.819997787,36.06097031,1,-14.27958965,1,-8.49010849,1,-1.525274515,1,4.8495574,1,2.044160366,1,-2.703066826,0,-0.625602365,0,-2.528820753,0
9.824000359,39.36030579,1,-16.38911247,1,-6.309998989,1,-1.609147787,1,5.283734798,1,1.767261147,1,-2.697897196,0,-0.640627503,0,-2.548080683,0
9.827998161,39.86037827,1,-15.89092159,1,-4.674520493,1,-1.694843888,1,5.867119312,1,1.421935916,1,-2.692851305,0,-0.657960176,0,-2.567432165,0
9.831997871,37.32307053,1,-12.06478977,1,-4.945773125,1,-1.462328553,1,6.540070057,1,0.77998364,1,-2.687543869,0,-0.678310394,0,-2.586370707,0
9.835999489,28.84368706,1,-4.280687809,1,-4.691370964,1,-0.80517441,1,7.352329731,1,-0.288074553,1,-2.681284428,0,-0.702742338,0,-2.603508234,0
9.839997292,19.86551094,1,0.338196367,1,-4.988155365,1,0.162979856,1,8.302804947,1,-1.602977633,1,-2.673354864,0,-0.732380629,0,-2.617615461,0
9.843997002,13.95205688,1,-0.148405373,1,-4.400865555,1,1.196267247,1,8.744490623,1,-2.876105785,1,-2.663447618,0,-0.767175436,0,-2.628134489,0
9.847998619,13.73808384,1,-2.323622465,1,-3.668704271,1,2.023012638,1,8.768143654,1,-3.999480247,1,-2.652863026,0,-0.804599285,0,-2.633887768,0
9.851996422,15.1931324,1,-3.851400137,1,-2.930916071,1,2.538858414,1,8.786225319,1,-4.989496708,1,-2.642873526,0,-0.844061315,0,-2.635001659,0
9.855996132,14.83707047,1,-5.701204777,1,-3.418217421,1,2.858134747,1,8.795434952,1,-5.771039009,1,-2.634350538,0,-0.885273337,0,-2.631984472,0
9.859997749,11.42746449,1,-6.699885368,1,-5.487582684,1,3.0332129,1,8.802375793,1,-6.337859631,1,-2.627609253,0,-0.927842498,0,-2.625539303,0
9.863995552,6.548381329,1,-6.285079956,1,-8.1944561,1,3.093620539,1,8.806743622,1,-6.713778496,1,-2.622797728,0,-0.971370459,0,-2.616369247,0
9.867995262,1.876466513,1,-5.812018394,1,-10.35574532,1,3.142772198,1,8.80992794,1,-6.941815376,1,-2.619893789,0,-1.015535951,0,-2.604978085,0
9.871995926,-2.201324224,1,-5.790275097,1,-12.57107925,1,3.207617044,1,8.810964584,1,-7.060801506,1,-2.618569136,0,-1.06005919,0,-2.591775656,0
9.875999451,-5.887701035,1,-6.151175022,1,-14.72152615,1,3.271897316,1,8.812208176,1,-7.094173908,1,-2.618650436,0,-1.104741931,0,-2.576991558,0
9.879999161,-9.005778313,1,-6.809370995,1,-17.02993584,1,3.313655138,1,8.812392235,1,-7.05456686,1,-2.620131016,0,-1.149420619,0,-2.56077075,0
9.884001732,-11.78688717,1,-7.733880043,1,-18.91611671,1,3.288081169,1,8.810497284,1,-6.938201427,1,-2.62300086,0,-1.193926573,0,-2.543306351,0
9.887998581,-15.01755142,1,-9.584157944,1,-20.05290413,1,3.15674901,1,8.808574677,1,-6.732151031,1,-2.627345324,0,-1.238082409,0,-2.524905205,0
9.891997337,-17.85910416,1,-11.67055035,1,-20.56896591,1,2.896346807,1,8.801923752,1,-6.471169472,1,-2.633276463,0,-1.281728029,0,-2.505911589,0
9.895999908,-19.37500191,1,-13.4670887,1,-20.82328606,1,2.495825529,1,8.790503502,1,-6.148465633,1,-2.641038656,0,-1.324730277,0,-2.486655712,0
9.899996758,-20.18188095,1,-13.77206707,1,-20.61738205,1,2.065779209,1,8.779326439,1,-5.791489124,1,-2.650686502,0,-1.36700511,0,-2.467402697,0
9.903996468,-21.20217896,1,-13.07247448,1,-20.41601372,1,1.682802081,1,8.769983292,1,-5.396306038,1,-2.661658049,0,-1.408488274,0,-2.44864583,0
9.907999039,-21.52998924,1,-10.77012444,1,-20.38016319,1,1.415743589,1,8.761324883,1,-4.969476223,1,-2.672438145,0,-1.449153066,0,-2.431505919,0
9.911996841,-21.36789322,1,-8.83327198,1,-19.4185791,1,1.287443757,1,8.756225586,1,-4.542156219,1,-2.679484606,0,-1.488997817,0,-2.419040918,0
9.915996552,-20.80759239,1,-6.52436161,1,-18.03093529,1,1.354804635,1,8.755496979,1,-4.110016346,1,-2.66910696,0,-1.528060794,0,-2.424209118,0
9.919998169,-19.97071838,1,-4.501280785,1,-16.47002029,1,1.59334743,1,8.758136749,1,-3.71622777,1,-2.218484879,0,-1.565889239,0,-2.869024515,0
9.923995972,-18.0605793,1,-3.305979013,1,-14.72766495,1,1.984483004,1,8.764462471,1,-3.332341433,1,0.310406446,0,-1.53713882,0,0.892330766,0
9.927995682,-16.41674805,1,-1.450762868,1,-13.73995972,1,2.487079859,1,8.772546768,1,-2.995715618,1,0.335869879,0,-1.499857903,0,0.875780344,0
9.931997299,-15.13299751,1,-0.216568217,1,-12.21300793,1,3.081107855,1,8.782066345,1,-2.69357276,1,0.337302357,0,-1.462969899,0,0.885507822,0
9.935995102,-13.89536095,1,0.03852094,1,-10.82491302,1,3.67518425,1,8.793897629,1,-2.432223797,1,0.335634053,0,-1.426407218,0,0.900812447,0
9.939994812,-12.67133522,1,-0.612086475,1,-9.449217796,1,4.218961239,1,8.803901672,1,-2.215798616,1,0.742818534,0,-1.344677448,0,0.505917072,0
9.943995476,-12.05982208,1,-1.352813363,1,-8.099664688,1,4.665338993,1,8.812068939,1,-2.022548676,1,0.692627907,0,-1.312549949,0,0.575928271,0
9.947994232,-11.76101017,1,-2.995014906,1,-6.917024136,1,5.007655621,1,8.817288399,1,-1.869443774,1,0.655430794,0,-1.280135393,0,0.634697378,0
9.951992989,-12.24531555,1,-4.164106369,1,-6.035640717,1,5.270202637,1,8.823959351,1,-1.797571063,1,0.62783587,0,-1.24749434,0,0.685228944,0
9.955994606,-12.78273392,1,-3.577558994,1,-6.050973892,1,5.409977913,1,8.826330185,1,-1.903522611,1,0.60832274,0,-1.214453459,0,0.728604078,0
9.959993362,-13.08756351,1,-2.116953135,1,-6.357672691,1,5.432162285,1,8.82903862,1,-2.147717237,1,0.595929503,0,-1.180777669,0,0.765215516,0
9.963993073,-13.53376102,1,-1.578030586,1,-6.122022629,1,5.405110359,1,8.829944611,1,-2.473199844,1,0.58962512,0,-1.146322012,0,0.795682311,0
9.967993736,-13.54317951,1,-1.253777862,1,-6.664964199,1,5.40813303,1,8.832146645,1,-2.852220535,1,0.588466585,0,-1.111041665,0,0.820883989,0
9.971991539,-14.49709606,1,-0.009184544,1,-7.72581768,1,5.463633537,1,8.836157799,1,-3.301705599,1,0.591932118,0,-1.07484448,0,0.841448426,0
9.975991249,-15.78157902,1,1.022676706,1,-9.291412354,1,5.516057014,1,8.839758873,1,-3.809803963,1,0.599612534,0,-1.037608147,0,0.857857466,0
9.979992867,-17.38197708,1,1.044276834,1,-10.96567249,1,5.539349079,1,8.843391418,1,-4.360142708,1,0.610853374,0,-0.999237299,0,0.870631635,0
9.983990669,-18.62413788,1,0.702150166,1,-12.69660378,1,5.51337719,1,8.670267105,1,-4.912014961,1,0.625157595,0,-0.95985204,0,0.880027175,0
9.987990379,-19.88409042,1,-0.176009521,1,-13.90574265,1,5.439714909,1,8.454498291,1,-5.455675602,1,0.642205,0,-0.919989288,0,0.886054993,0
9.991991997,-21.26358223,1,-1.245176196,1,-14.91435432,1,5.301290989,1,8.303009987,1,-5.953323364,1,0.660986662,0,-0.879514515,0,0.889533699,0
9.995996475,-21.48215485,1,-2.089082003,1,-15.68704033,1,5.089967251,1,8.188087463,1,-6.416292191,1,0.68048811,0,-0.83829546,0,0.891253948,0
9.999996185,-21.1808567,1,-2.088191986,1,-16.71979141,1,4.8218503,1,8.06750679,1,-6.837064743,1,0.700035334,0,-0.796329916,0,0.891634226,0
10.0039978,-21.08816338,1,-1.628325105,1,-18.20159149,1,4.567856312,1,7.925058365,1,-7.186478138,1,0.719238579,0,-0.753776789,0,0.891014636,0
10.00799561,-21.98317146,1,-1.166183829,1,-19.60965729,1,4.386142254,1,7.796934128,1,-7.463455677,1,0.737948895,0,-0.710807085,0,0.889761686,0
10.01199532,-23.67860985,1,-1.422132134,1,-21.38936615,1,4.22884655,1,7.688389778,1,-7.664553642,1,0.756142378,0,-0.667525887,0,0.888232827,0
10.01599693,-25.87786865,1,-1.858274817,1,-23.40414047,1,4.103767872,1,7.614318371,1,-7.785266399,1,0.773654222,0,-0.624044895,0,0.88682425,0
10.01999474,-28.67372131,1,-2.504441977,1,-25.33724403,1,3.984769821,1,7.571029663,1,-7.842545509,1,0.79037559,0,-0.580487609,0,0.885861933,0
10.02399445,-32.04366302,1,-2.888512373,1,-27.13877296,1,3.890103817,1,7.584887028,1,-7.868136406,1,0.806259751,0,-0.536838114,0,0.885586202,0
10.02799511,-36.15310669,1,-2.947476387,1,-28.33113289,1,3.815716028,1,7.641233444,1,-7.857545376,1,0.821376085,0,-0.493072808,0,0.886177361,0
10.03199291,-40.23397827,1,-2.606515169,1,-28.29915237,1,3.782867908,1,7.714938164,1,-7.781747818,1,0.835808754,0,-0.44925645,0,0.887855887,0
10.03599262,-44.08716583,1,-2.507671118,1,-27.30483437,1,3.729888678,1,7.759922028,1,-7.641221046,1,0.8496629,0,-0.405620754,0,0.890692055,0
10.03999424,-47.29697418,1,-2.661764383,1,-25.74675941,1,3.65439868,1,7.72650528,1,-7.41390419,1,0.862966835,0,-0.362544417,0,0.894646704,0
10.04399204,-50.13518524,1,-3.45686841,1,-23.35674667,1,3.535077095,1,7.602971077,1,-7.121455669,1,0.875691772,0,-0.320525825,0,0.899609327,0
10.04799175,-51.39807892,1,-3.278034925,1,-20.97680473,1,3.335148096,1,7.252575874,1,-6.764524937,1,0.8877967,0,-0.280143142,0,0.905171037,0
10.05199337,-52.50346756,1,-0.764964879,1,-19.0879879,1,3.130223274,1,6.643414974,1,-6.3529706,1,0.899306536,0,-0.242247611,0,0.910603523,0
10.05599117,-54.46393967,1,4.303019524,1,-17.71043587,1,3.09393096,1,5.894825935,1,-5.930011749,1,0.910630226,0,-0.207433134,0,0.915296793,0
10.05999088,-58.20793533,1,9.946044922,1,-16.35266113,1,3.305602074,1,5.090574265,1,-5.523417473,1,0.922722876,0,-0.175874785,0,0.918831348,0
10.0639925,-61.2082901,1,12.29637051,1,-14.37334347,1,3.625019789,1,4.370177269,1,-5.056091785,1,0.936176836,0,-0.14760384,0,0.921330392,0
10.0679903,-63.34473038,1,9.912466049,1,-11.70040417,1,3.7544806,1,3.746783495,1,-4.570239544,1,0.950767577,0,-0.122474581,0,0.923169553,0
10.07199001,-64.89031982,1,4.491034985,1,-7.752764225,1,3.445034504,1,3.207413197,1,-3.978889227,1,0.965120614,0,-0.100491896,0,0.924676418,0
10.07599163,-64.92225647,1,0.693531334,1,-3.365637541,1,2.742567301,1,2.71791029,1,-3.329474688,1,0.977417648,0,-0.081726126,0,0.926233292,0
10.07998943,-63.59145355,1,0.211842194,1,1.16933167,1,1.912525058,1,2.206476927,1,-2.608914375,1,0.986590505,0,-0.066352613,0,0.927847445,0
10.08398914,-61.80364227,1,4.548640251,1,4.393110752,1,1.26831305,1,1.625745893,1,-1.854800463,1,0.992780983,0,-0.054678325,0,0.929358661,0
10.08799171,-60.83203125,1,9.595194817,1,7.572350025,1,0.981322825,1,1.10264349,1,-1.046003699,1,0.997116029,0,-0.046825025,0,0.930742145,0
10.09198856,-59.13757324,1,10.80010223,1,10.54362488,1,0.961403012,1,0.699836373,1,-0.168393999,1,1.000880241,0,-0.042826749,0,0.932438493,0
10.09598827,-54.40171051,1,11.87345314,1,11.49615288,1,1.100306034,1,0.256372064,1,0.699932218,1,1.004870653,0,-0.042702951,0,0.934655488,0
10.09999085,-51.79655838,1,14.23835659,1,11.98547459,1,1.378029346,1,-0.21143049,1,1.44667387,1,1.009706974,0,-0.046311211,0,0.937033594,0
10.10398865,-50.42744064,1,12.64395523,1,10.86204052,1,1.536490083,1,-0.622043431,1,2.075483084,1,1.01549232,0,-0.053207111,0,0.939351499,0
10.10798836,-48.47964096,1,7.194056034,1,9.550779343,1,1.334087491,1,-0.977447689,1,2.587993145,1,1.021194458,0,-0.06286443,0,0.94154793,0
10.11198998,-46.29719925,1,2.434819937,1,8.351511002,1,0.799242139,1,-1.346838474,1,2.943127871,1,1.025397539,0,-0.074770056,0,0.943367898,0
10.11599255,-42.66378403,1,0.406498969,1,7.289319038,1,0.11472933,1,-1.716432571,1,3.153301239,1,1.027152777,0,-0.088402621,0,0.944452286,0
10.11999321,-39.32831192,1,1.658710361,1,5.554352283,1,-0.545660377,1,-2.100102425,1,3.210701466,1,1.026261806,0,-0.103282243,0,0.944531977,0
10.12399387,-35.60228729,1,2.341998816,1,5.058803082,1,-0.965492666,1,-2.444661856,1,3.149131775,1,1.023304462,0,-0.118895546,0,0.943358481,0
10.12799168,-30.09733772,1,1.145236611,1,5.691352844,1,-1.231923938,1,-2.754085302,1,3.022433043,1,1.019200444,0,-0.134857878,0,0.940949023,0
10.13199139,-24.0559597,1,-0.973303378,1,7.095723629,1,-1.439473987,1,-3.085788012,1,2.821618557,1,1.014404058,0,-0.150963753,0,0.937145829,0
10.135993,36.86745071,1,-15.22396755,1,-27.03655243,1,-2.375142574,1,-3.976663113,1,2.623954058,1,1.008318663,0,-0.167446405,0,0.931213915,0
10.13999081,-37.25399017,1,-14.81865692,1,35.34500885,1,-4.304786682,1,-7.360056877,1,2.331408739,1,0.997016311,0,-0.187177405,0,0.917276442,0
10.14399052,2.447298527,1,-45.8457489,1,19.8085537,1,-5.459821224,1,-7.802688599,1,3.684054136,1,0.981344044,0,-0.215222597,0,0.897371233,0
10.14799213,51.70702362,1,-25.6445713,1,-7.774094582,1,-6.922036171,1,-8.883219719,1,4.212627411,1,0.962977171,0,-0.246589839,0,0.877164066,0
10.15198994,27.48377419,1,-29.64718246,1,-44.84221268,1,-6.563971996,1,-8.883184433,1,5.661818504,1,0.940151751,0,-0.283468843,0,0.859192848,0
10.15598965,25.16254044,1,-23.09085846,1,-96.06166077,1,-7.092355251,1,-8.906237602,1,7.728466034,1,0.918125033,0,-0.326184958,0,0.846147418,0
10.15999222,-84.60326385,1,-10.70626163,1,-34.23514557,1,-8.627511978,1,-8.942599297,1,8.616031647,1,0.887965143,0,-0.374084592,0,0.837917447,0
10.16398907,-122.0677109,1,-9.44048214,1,-11.4679718,1,-8.62778759,1,-8.943062782,1,8.61487484,1,0.855644822,0,-0.423475027,0,0.832267642,0
10.16798878,-183.8678131,1,-8.061676979,1,-70.44119263,1,-8.624481201,1,-8.939062119,1,8.034386635,1,0.823057115,0,-0.472576857,0,0.827841282,0
10.17199135,-199.778656,1,35.00317001,1,-149.4792633,1,-6.991548538,1,-3.188967705,1,1.96034801,1,0.794789195,0,-0.507451057,0,0.818546534,0
10.17598915,6.162723064,1,150.137558,1,31.5211544,1,-1.642261624,1,0.049583953,1,0.716496527,1,0.772890091,0,-0.509581566,0,0.824837744,0
10.17998886,6.309196472,1,43.62190628,1,9.467212677,1,-0.126260385,1,-2.260305405,1,0.534791529,1,0.772735596,0,-0.516587377,0,0.820937395,0
10.18399048,37.09266663,1,36.54071808,1,-1.84343946,1,0.848493338,1,-2.897434711,1,1.586739421,1,0.775958419,0,-0.526639581,0,0.816403389,0
10.18798828,-58.13287735,1,-22.5423069,1,-30.0493927,1,1.121818542,1,-2.017429829,1,1.197420716,1,0.909211695,0,-0.423364162,0,0.832539558,0
10.19198799,3.001586676,1,-38.06225204,1,15.61157799,1,-0.085844472,1,-1.881717443,1,0.34316656,1,0.913569391,0,-0.429607213,0,0.827572763,0
10.19598961,-45.526577,1,6.416779518,1,-0.372877955,1,0.150427178,1,-1.675906301,1,1.105795979,1,0.915359855,0,-0.436724633,0,0.823046386,0
10.19998741,-27.08367729,1,15.07666302,1,1.987268567,1,0.35789746,1,-0.96010071,1,0.968998373,1,0.91687125,0,-0.443027347,0,0.821429908,0
10.20398712,0.212148651,1,-0.492284924,1,-9.9409132,1,0.728828907,1,-0.914478719,1,0.693810463,1,0.919699073,0,-0.447775692,0,0.820495844,0
10.20798874,4.13134861,1,-24.67875099,1,-19.39819145,1,0.436529905,1,-1.258873343,1,1.152999401,1,0.922803044,0,-0.453311682,0,0.819036186,0
10.21198654,-7.596549034,1,-25.44735909,1,-8.332198143,1,-0.06056999,1,-1.582142234,1,1.489631772,1,0.92420572,0,-0.46106869,0,0.817531049,0
10.21598625,1.312780738,1,-22.23457146,1,-15.27429485,1,-0.411577553,1,-1.682178259,1,1.695659161,1,0.92391026,0,-0.470063329,0,0.816002727,0
10.21998692,10.42297363,1,-16.84009361,1,-14.83420944,1,-0.858633816,1,-1.874448776,1,1.742575645,1,0.922068059,0,-0.479766428,0,0.814409614,0
10.22398567,-6.879601479,1,8.194918633,1,-12.50037766,1,-0.747385561,1,-2.096476078,1,1.825157166,1,0.919792652,0,-0.490377128,0,0.812024951,0
10.22798538,-19.24090576,1,23.35713768,1,-8.732995987,1,-0.258046895,1,-2.063646317,1,1.650869489,1,0.918926835,0,-0.500995278,0,0.80940938,0
10.23198605,-13.28706455,1,10.1540966,1,-6.46736908,1,0.23638235,1,-2.057639837,1,1.202630162,1,0.920767546,0,-0.510480821,0,0.805827379,0
10.23598957,-1.343792319,1,-15.64090633,1,-6.363480091,1,0.029018877,1,-2.00808692,1,1.231490493,1,0.923486531,0,-0.519226849,0,0.801674962,0
10.23999023,-4.636872292,1,-7.931301117,1,-7.44589138,1,-0.205544278,1,-1.974255919,1,1.205705881,1,0.925041676,0,-0.527901769,0,0.797745526,0
10.24399185,-7.979208946,1,4.316166878,1,-11.32483959,1,-0.207744464,1,-2.014768362,1,1.219355345,1,0.92622453,0,-0.536553383,0,0.793792605,0
10.24798966,-4.589890957,1,1.274697781,1,-15.45091534,1,-0.179247946,1,-2.385692358,1,0.991656601,1,0.927967787,0,-0.545396805,0,0.788789868,0
10.25198937,-4.759261131,1,4.020701408,1,-17.0818634,1,-0.031741261,1,-2.808193684,1,0.90455991,1,0.93139118,0,-0.554593027,0,0.781587541,0
10.25599098,-6.821280003,1,1.088800192,1,-19.12548828,1,-0.003357163,1,-3.307940006,1,0.843756676,1,0.936095774,0,-0.564730287,0,0.772506237,0
10.25998879,-4.523928642,1,-1.744842768,1,-15.95034218,1,0.052534163,1,-3.734449387,1,0.770473838,1,0.942263663,0,-0.575607836,0,0.761274278,0
10.2639885,-3.174089432,1,-2.895540714,1,-20.63348198,1,0.076698519,1,-4.132354259,1,0.717379391,1,0.94977057,0,-0.587234199,0,0.748081744,0
10.26799011,-1.237719297,1,-2.12805891,1,-21.2412796,1,0.143112242,1,-4.595899582,1,0.697629511,1,0.958679557,0,-0.59960264,0,0.732918799,0
10.27198792,-2.686230659,1,-4.919474125,1,-22.09034729,1,0.092012562,1,-5.14571619,1,0.818375468,1,0.969146371,0,-0.613167763,0,0.715515733,0
10.27598763,-3.339464903,1,-4.969834805,1,-22.676651,1,0.014462395,1,-5.819417953,1,0.884847879,1,0.980878055,0,-0.628325582,0,0.695587814,0
10.27998924,0.613871992,1,-3.207750797,1,-24.76535606,1,0.198631287,1,-6.545297146,1,0.944959223,1,0.9950611,0,-0.644957542,0,0.672418058,0
10.28398705,4.21790123,1,-6.709050179,1,-25.81348228,1,0.250073314,1,-7.318887234,1,1.167638063,1,1.012208939,0,-0.663398564,0,0.645836473,0
10.28798676,5.693592548,1,-9.292957306,1,-23.53552055,1,0.162397534,1,-8.180505753,1,1.33826828,1,1.032068849,0,-0.683815181,0,0.615357697,0
10.29198837,5.018854618,1,-11.3166008,1,-23.82118607,1,0.050407223,1,-8.722305298,1,1.587647319,1,1.054616094,0,-0.706067562,0,0.580785811,0
10.29598618,6.0111022,1,-9.086803436,1,-25.09981346,1,0.064508744,1,-8.722764969,1,1.771093011,1,1.078526378,0,-0.728839397,0,0.544567645,0
10.29998589,8.949746132,1,-7.012682915,1,-24.239851,1,0.090733811,1,-8.724475861,1,2.068066597,1,1.103899121,0,-0.751729786,0,0.507418454,0
10.30398655,7.426388264,1,-7.67648983,1,-24.53847313,1,0.155776486,1,-8.725850105,1,2.464696407,1,1.130650163,0,-0.775168717,0,0.469490945,0
10.30798435,3.738411427,1,-9.073709488,1,-23.39950943,1,0.10789302,1,-8.728046417,1,2.82468462,1,1.15871954,0,-0.799219072,0,0.430648446,0
10.31198502,4.410023212,1,-8.741596222,1,-20.66172981,1,0.039780058,1,-8.731698036,1,3.176584959,1,1.188024998,0,-0.823817909,0,0.390631199,0
10.31598568,3.029809475,1,-4.391041279,1,-21.86499786,1,0.217085585,1,-8.730426788,1,3.432630777,1,1.219260097,0,-0.848770559,0,0.349119842,0
10.31998348,-9.557163239,1,-1.554322243,1,-23.16013718,1,0.555735648,1,-8.72203064,1,3.508339882,1,1.253857255,0,-0.873350501,0,0.305516571,0
10.32398319,-18.16842651,1,-0.013162262,1,-24.68515205,1,1.039406061,1,-8.71172142,1,3.378194809,1,1.292784214,0,-0.896838784,0,0.259289742,0
10.32798481,-22.11036491,1,-0.377948403,1,-23.56030273,1,1.744770527,1,-8.696492195,1,3.201220989,1,1.337167501,0,-0.918329477,0,0.209964752,0
10.33198261,-33.64473724,1,0.932851911,1,-23.27383423,1,2.572944403,1,-8.678016663,1,2.997495651,1,1.387739062,0,-0.937757194,0,0.15756093,0
10.33598137,-48.14463806,1,2.089170218,1,-15.29833317,1,3.507491112,1,-8.657067299,1,2.642590761,1,1.445110083,0,-0.954129577,0,0.101942889,0
10.33998299,-53.37895203,1,-0.68794322,1,-13.09348488,1,4.053390026,1,-8.645718575,1,2.571079731,1,1.508124709,0,-0.967849851,0,0.043517634,0
10.34398079,-64.56116486,1,-3.049372196,1,-6.885464668,1,4.287909508,1,-8.641173363,1,2.5859797,1,1.575289845,0,-0.979047298,0,-0.017392326,0
10.3479805,-63.65437317,1,-3.998283148,1,-5.503016949,1,4.179447174,1,-7.761872292,1,2.55501771,1,1.6431036,0,-0.988227546,0,-0.078359835,0
10.35198212,-56.64833069,1,0.157800302,1,-3.394980907,1,3.865994215,1,-6.242678642,1,2.58115983,1,1.703407168,0,-0.995542049,0,-0.131185398,0
10.3559866,-35.74538803,1,-1.320118785,1,3.905649662,1,3.578495026,1,-4.829073906,1,2.563872337,1,1.754638076,0,-1.002099395,0,-0.17450276,0
10.35998631,-17.22601509,1,-13.05771542,1,5.284962654,1,2.85277462,1,-3.779341459,1,2.675656557,1,1.797608018,0,-1.008785129,0,-0.209853366,0
10.36398792,-10.90653801,1,-14.0317173,1,2.433712959,1,1.630281568,1,-3.425893545,1,2.729314327,1,1.83287847,0,-1.015950084,0,-0.240799725,0
10.36798573,-37.38138962,1,-3.411444664,1,1.800055742,1,0.6709584,1,-3.814748526,1,3.042443752,1,1.865114808,0,-1.022568583,0,-0.273313046,0
10.37198448,-66.34942627,1,-8.714270592,1,-9.0545578,1,-0.051249806,1,-3.113982201,1,3.053825617,1,1.894738436,0,-1.030004144,0,-0.306717396,0
10.3759861,-43.15608215,1,-11.59631634,1,-10.64718246,1,-0.775784492,1,-2.052065849,1,3.185484886,1,1.915981889,0,-1.038554668,0,-0.33338806,0
10.3799839,-20.16968727,1,-5.175935268,1,-7.588204384,1,-1.067609787,1,-2.2484653,1,2.931972027,1,1.932914257,0,-1.047170758,0,-0.357410789,0
10.38398361,-12.77947521,1,0.206762552,1,-6.887888908,1,-0.942389429,1,-2.84823823,1,2.661325216,1,1.952444077,0,-1.05382967,0,-0.384641528,0
10.38798523,-11.12671089,1,-0.335715413,1,-4.806452751,1,-0.66673094,1,-3.441574335,1,2.742025614,1,1.977025509,0,-1.058933854,0,-0.41659075,0
10.39198303,-14.94101143,1,0.342787474,1,-5.879416943,1,-0.216114849,1,-4.054328442,1,2.751834631,1,2.007829189,0,-1.062884092,0,-0.453977257,0
10.39598274,-24.12722397,1,0.098202124,1,-8.254860878,1,0.399126679,1,-4.27560997,1,2.523370028,1,2.043718815,0,-1.06499207,0,-0.494633138,0
10.39998436,-28.23831558,1,-4.17525959,1,-9.831208229,1,0.956889272,1,-4.140773773,1,2.333112478,1,2.081607342,0,-1.065561652,0,-0.534787238,0
10.40398121,-26.68009758,1,-8.137789726,1,-11.04123211,1,1.247768521,1,-3.94455719,1,2.21777153,1,2.119617939,0,-1.065239668,0,-0.573102295,0
10.40798187,-22.68340492,1,-12.2062521,1,-11.33209991,1,1.31466496,1,-3.802567005,1,2.149135113,1,2.156771183,0,-1.064274073,0,-0.609669387,0
10.41198254,-20.21349907,1,-15.3888464,1,-11.75577736,1,1.184730768,1,-3.715536594,1,2.164946795,1,2.192883015,0,-1.062816978,0,-0.64521265,0
10.41598034,-19.31453514,1,-17.15956497,1,-12.74511147,1,0.91007632,1,-3.651094198,1,2.225206375,1,2.227627039,0,-1.061062217,0,-0.680178285,0
10.41998005,-18.91718674,1,-17.19825363,1,-13.2626791,1,0.623516738,1,-3.540418386,1,2.279585123,1,2.260820627,0,-1.059136271,0,-0.71469605,0
10.42398167,-18.17818451,1,-16.71504211,1,-13.83874989,1,0.376258582,1,-3.482594013,1,2.364815474,1,2.292470932,0,-1.057095528,0,-0.748749077,0
10.42797947,-17.8476696,1,-15.90789223,1,-14.33475304,1,0.190606743,1,-3.459181786,1,2.490599632,1,2.323292732,0,-1.05494678,0,-0.782871246,0
10.43197918,-17.8419075,1,-15.20713329,1,-14.81916523,1,0.083663315,1,-3.469553947,1,2.6527946,1,2.353907108,0,-1.052722216,0,-0.81747067,0
10.43598175,-18.02739906,1,-14.37701702,1,-15.54409504,1,0.078945346,1,-3.492103338,1,2.830355167,1,2.38494873,0,-1.050394893,0,-0.852880597,0
10.4399786,-18.55894852,1,-13.25518703,1,-16.04575539,1,0.145758241,1,-3.533636332,1,3.022802114,1,2.226232052,0,-0.963499308,0,-0.699987173,0
10.44397831,-19.73032188,1,-12.11739254,1,-16.93580818,1,0.257122278,1,-3.509828091,1,3.210450411,1,2.254278421,0,-0.964469433,0,-0.733066738,0
10.44798088,-19.83671379,1,-11.75661469,1,-17.51190186,1,0.467988402,1,-3.545751333,1,3.409607887,1,2.28365922,0,-0.965515614,0,-0.76702702,0
10.45197868,-20.34773254,1,-11.79792023,1,-18.23141479,1,0.662023067,1,-3.550808191,1,3.623890638,1,2.314779758,0,-0.96655786,0,-0.802109361,0
10.45597649,-20.98999023,1,-12.29035378,1,-18.81212425,1,0.84826982,1,-3.514333248,1,3.869787216,1,2.347642183,0,-0.967674673,0,-0.838330984,0
10.45997906,-21.16239929,1,-12.91952229,1,-19.24423218,1,1.018517852,1,-3.460956335,1,4.132164955,1,2.382196188,0,-0.968926251,0,-0.875732958,0
10.46397686,-21.88399696,1,-13.4653511,1,-19.68445778,1,1.169711351,1,-3.38284564,1,4.421066761,1,2.418482065,0,-0.970381021,0,-0.914419591,0
10.46797657,-22.6167469,1,-14.19254398,1,-20.20526695,1,1.30353117,1,-3.272548437,1,4.700695992,1,2.456405878,0,-0.972044408,0,-0.954342782,0
10.47198391,-23.12589264,1,-15.3800354,1,-20.52481842,1,1.400673747,1,-3.113003016,1,4.963186264,1,2.495740175,0,-0.973927259,0,-0.995372057,0
10.47598648,-23.25082207,1,-16.74925423,1,-20.76188278,1,1.406230092,1,-2.934849739,1,5.227406502,1,2.536180019,0,-0.976048887,0,-1.037429214,0
10.47998714,-22.72449112,1,-18.03006554,1,-21.04912758,1,1.34204936,1,-2.75443244,1,5.474094391,1,2.577476025,0,-0.97838515,0,-1.080577612,0
10.48398876,-22.03728485,1,-18.95824242,1,-21.29057693,1,1.223944187,1,-2.590710402,1,5.703190804,1,2.619361877,0,-0.980795979,0,-1.124826312,0
10.48798657,-21.02118301,1,-19.61169434,1,-21.57867241,1,1.045842528,1,-2.441076517,1,5.914243221,1,2.661663771,0,-0.983137012,0,-1.170220256,0
10.49198628,-20.12870216,1,-20.02548027,1,-21.86115646,1,0.851678908,1,-2.318827868,1,6.104745388,1,2.704238415,0,-0.985251427,0,-1.216768622,0
10.49598789,-19.2669239,1,-20.07700157,1,-22.04549408,1,0.639511168,1,-2.211565018,1,6.276666641,1,2.746987104,0,-0.986973584,0,-1.26446712,0
10.49998665,-18.49155235,1,-19.98153877,1,-22.16841888,1,0.423472077,1,-2.137091637,1,6.423535347,1,2.789786816,0,-0.988137901,0,-1.313185692,0
10.50398636,-17.64170647,1,-19.73975563,1,-22.14418793,1,0.209969968,1,-2.071673632,1,6.539079189,1,2.832444668,0,-0.988595366,0,-1.362739563,0
10.50798702,-16.83672142,1,-19.44413185,1,-22.04542351,1,-0.001944829,1,-2.003043413,1,6.628482342,1,2.874737501,0,-0.988257349,0,-1.412879467,0
10.51198578,-15.93081951,1,-19.23689079,1,-21.89196014,1,-0.210106969,1,-1.937966585,1,6.680435658,1,2.916371346,0,-0.987098455,0,-1.463262558,0
10.51598454,-14.9198885,1,-19.08979225,1,-21.92116737,1,-0.412878901,1,-1.875371337,1,6.704290867,1,2.957086086,0,-0.985084772,0,-1.513576746,0
10.51998615,-14.21605873,1,-19.2108345,1,-22.15818214,1,-0.59681344,1,-1.824385881,1,6.708168983,1,2.996659279,0,-0.982178807,0,-1.563535333,0
10.52398396,-13.83912086,1,-19.27585793,1,-22.95785713,1,-0.764942408,1,-1.772531748,1,6.672700882,1,3.034916639,0,-0.97839731,0,-1.612873435,0
10.52798367,-13.74876213,1,-18.8497982,1,-24.172472,1,-0.904608727,1,-1.697371244,1,6.591221809,1,3.071558237,0,-0.973813832,0,-1.661156535,0
10.53198528,-14.05812073,1,-18.477211,1,-25.22468758,1,-1.017614007,1,-1.570049763,1,6.450717926,1,3.106328726,0,-0.968633771,0,-1.707948446,0
10.53598309,-14.02830696,1,-19.24793243,1,-25.94643784,1,-1.126790762,1,-1.338872552,1,6.256452084,1,3.138970137,0,-0.963266194,0,-1.752846956,0
10.5399828,-12.71994877,1,-20.88652802,1,-26.50074196,1,-1.286776543,1,-1.049249887,1,6.01404047,1,-3.113988638,0,-0.95817256,0,-1.795592666,0
10.54398441,-10.44225883,1,-22.66347504,1,-26.43506813,1,-1.580206394,1,-0.674949646,1,5.706295967,1,-3.086684465,0,-0.953740895,0,-1.836003661,0
10.54798222,-8.715991974,1,-23.42405701,1,-25.40523529,1,-1.968170285,1,-0.22620894,1,5.319203377,1,-3.06298995,0,-0.950444281,0,-1.873768687,0
10.55198193,-8.28296566,1,-23.34076691,1,-23.67335892,1,-2.404822111,1,0.297736615,1,4.870455742,1,-3.043361187,0,-0.948747516,0,-1.908664823,0
10.55598354,-8.069504738,1,-22.3249588,1,-22.27298355,1,-2.797852755,1,0.915307581,1,4.404677391,1,-3.027698278,0,-0.949175835,0,-1.940778494,0
10.55998135,-6.548940182,1,-20.68826294,1,-20.38204384,1,-3.109227657,1,1.591588378,1,3.902656317,1,-3.015594482,0,-0.952161551,0,-1.970205545,0
10.5639801,-2.90316391,1,-19.22788811,1,-18.61439323,1,-3.329762697,1,2.251429081,1,3.377739191,1,-3.006671667,0,-0.957911074,0,-1.996935248,0
10.56798172,2.138230562,1,-18.49124908,1,-16.26846123,1,-3.520736694,1,2.828519583,1,2.872285843,1,-3.000641584,0,-0.966284096,0,-2.021007776,0
10.57197952,7.563759804,1,-17.11102104,1,-13.65241623,1,-3.65232563,1,3.289429903,1,2.409595728,1,-2.997163773,0,-0.976924837,0,-2.042613506,0
10.57597923,13.12439251,1,-15.21974564,1,-10.87651348,1,-3.634182453,1,3.614095926,1,1.999512792,1,-2.995696545,0,-0.989364088,0,-2.06194067,0
10.57998085,17.25177765,1,-12.46316242,1,-9.417255402,1,-3.412847996,1,3.751179934,1,1.652813673,1,-2.995379448,0,-1.002912998,0,-2.079168081,0
10.58397865,18.48370743,1,-9.421066284,1,-7.716603756,1,-3.023659468,1,3.865125895,1,1.339139938,1,-2.995348454,0,-1.017093658,0,-2.094461679,0
10.58797836,18.90018463,1,-5.378510475,1,-5.411499977,1,-2.405399799,1,4.099536896,1,1.000865221,1,-2.994835854,0,-1.032163262,0,-2.107869387,0
10.59198093,18.9357338,1,-2.785113811,1,-1.878635645,1,-1.553170919,1,4.413256168,1,0.607122123,1,-2.993070602,0,-1.048486233,0,-2.119143963,0
10.59597778,18.15255737,1,-1.517043829,1,0.240976617,1,-0.553274393,1,4.826358795,1,0.127581581,1,-2.989805222,0,-1.066531658,0,-2.127770424,0
10.59998417,16.3749218,1,-1.819726229,1,1.871261477,1,0.428420365,1,5.310195923,1,-0.45175007,1,-2.985422373,0,-1.086645126,0,-2.133000612,0
10.60398579,15.16217899,1,-3.328702688,1,2.597917557,1,1.261071444,1,5.845235825,1,-1.020700574,1,-2.980819464,0,-1.109151602,0,-2.134329081,0
10.60798454,13.49300003,1,-4.881878853,1,3.05399251,1,1.899356484,1,6.370146751,1,-1.566474199,1,-2.976838589,0,-1.134100914,0,-2.131683111,0
10.6119833,11.88849926,1,-6.329738617,1,3.366060257,1,2.33505249,1,6.859993458,1,-2.110530615,1,-2.974772453,0,-1.161421776,0,-2.124614239,0
10.61598492,11.09701729,1,-7.33187151,1,3.355702877,1,2.613626719,1,7.286439419,1,-2.635910988,1,-2.976113319,0,-1.190907955,0,-2.112396955,0
10.61998272,10.92391586,1,-8.014431,1,2.767790794,1,2.756560564,1,7.631720066,1,-3.109895468,1,-2.982496738,0,-1.222240567,0,-2.094047546,0
10.62398243,10.00284767,1,-7.863239765,1,1.760005474,1,2.82117486,1,7.896289825,1,-3.520644903,1,-2.995713472,0,-1.254974365,0,-2.068258524,0
10.62798405,8.1338377,1,-6.733142853,1,0.710729957,1,2.866482973,1,8.110115051,1,-3.884247303,1,-3.018096924,0,-1.288700938,0,-2.032936811,0
10.63198185,5.981676579,1,-5.422583103,1,-0.336272717,1,2.926252127,1,8.292535782,1,-4.189730167,1,-3.052966118,0,-1.323044896,0,-1.984820843,0
10.63598061,4.291989803,1,-4.063108921,1,-1.319898844,1,3.052586079,1,8.447043419,1,-4.41906929,1,-3.105439901,0,-1.357566953,0,-1.918664098,0
10.63998222,2.56815052,1,-2.881304502,1,-2.224336624,1,3.228223085,1,8.586684227,1,-4.600983143,1,3.098840952,0,-1.391604424,0,-1.825452805,0
10.64398003,1.003382921,1,-2.496972322,1,-3.131026268,1,3.443797827,1,8.71876812,1,-4.728999615,1,2.977319002,0,-1.424180746,0,-1.688799381,0
10.64797974,-0.369884372,1,-2.714455605,1,-4.174532413,1,3.640738726,1,8.80724144,1,-4.827480793,1,2.783869982,0,-1.453286171,0,-1.479379892,0
10.65198135,-1.751141071,1,-3.542404175,1,-4.967653751,1,3.771182775,1,8.810949326,1,-4.901886463,1,2.47830224,0,-1.47480011,0,-1.157185912,0
10.65598011,-2.925393581,1,-4.673121929,1,-5.71746397,1,3.802321911,1,8.810530663,1,-4.953719139,1,2.06070137,0,-1.482556939,0,-0.722630739,0
10.65997887,-3.9039042,1,-5.590740204,1,-6.449853897,1,3.74072051,1,8.809444427,1,-4.981657028,1,1.649821281,0,-1.473161817,0,-0.294854224,0
10.66398144,-4.917369366,1,-6.365451813,1,-7.157398701,1,3.612055063,1,8.807636261,1,-4.980621815,1,1.354329109,0,-1.450590014,0,0.017154692,0
10.66797829,-5.884219646,1,-6.5589118,1,-7.797338486,1,3.46223402,1,8.803580284,1,-4.971680641,1,1.166189909,0,-1.420723081,0,0.221269816,0
10.67197895,-6.975748539,1,-6.56824255,1,-8.436245918,1,3.319205999,1,8.801037788,1,-4.957113266,1,1.045638561,0,-1.387115359,0,0.357251108,0
10.67598057,-8.116466522,1,-6.322544575,1,-8.974575043,1,3.192005157,1,8.798386574,1,-4.955935001,1,0.965091705,0,-1.351483941,0,0.452724874,0
10.67997837,-9.060489655,1,-6.194191933,1,-9.279353142,1,3.085616827,1,8.796224594,1,-4.952746868,1,0.909013391,0,-1.314659595,0,0.523326695,0
10.68397808,-9.68337822,1,-5.851670265,1,-9.519014359,1,3.005061626,1,8.794810295,1,-4.963347912,1,0.868651748,0,-1.277075052,0,0.577891588,0
10.6879797,-10.23202419,1,-5.207631588,1,-9.977443695,1,2.976531029,1,8.79542923,1,-5.018019676,1,1.067391515,0,-1.230702281,0,0.331474006,0
10.6919775,-11.04854965,1,-4.632571697,1,-10.25464153,1,2.989369869,1,8.794857979,1,-5.08804512,1,1.024909258,0,-1.19557941,0,0.389536977,0
10.69597626,-11.25738049,1,-3.909353018,1,-10.4548111,1,3.045713902,1,8.796216011,1,-5.170471191,1,0.991623223,0,-1.159436107,0,0.438621789,0
10.69997788,-11.29175663,1,-3.583968639,1,-10.48235226,1,3.140520334,1,8.798455238,1,-5.239956856,1,0.965638876,0,-1.122516036,0,0.480805427,0
10.70397663,-10.97250462,1,-3.10917902,1,-10.42679882,1,3.253609657,1,8.801594734,1,-5.2991395,1,0.945542514,0,-1.084984422,0,0.517630696,0
10.70797539,-10.99880123,1,-2.920907021,1,-10.41363716,1,3.369253159,1,8.804037094,1,-5.337162018,1,0.930177331,0,-1.046997666,0,0.550307155,0
10.71197701,-10.94328499,1,-2.669239044,1,-10.26659679,1,3.500101805,1,8.807300568,1,-5.328858852,1,0.918614328,0,-1.008744478,0,0.579848111,0
10.71597481,-10.6836586,1,-2.464591265,1,-10.05194378,1,3.632463217,1,8.753828049,1,-5.284420967,1,0.910214901,0,-0.970475197,0,0.606954336,0
10.71998024,-10.55954075,1,-2.222003937,1,-9.758402824,1,3.758199215,1,8.667442322,1,-5.207064629,1,0.90462482,0,-0.932482839,0,0.63196069,0
10.7239809,-10.54234791,1,-1.970484018,1,-9.461288452,1,3.899680614,1,8.577512741,1,-5.11819315,1,0.90140909,0,-0.894913971,0,0.655357957,0
10.72797871,-10.71070957,1,-1.833716869,1,-9.05389595,1,4.045407295,1,8.503293991,1,-5.000576973,1,0.900239229,0,-0.857845783,0,0.677564859,0
10.73197842,-10.78812981,1,-1.928450465,1,-8.799070358,1,4.174442291,1,8.43461132,1,-4.873109341,1,0.900779128,0,-0.821322441,0,0.698939562,0
10.73598099,-10.75984573,1,-2.264394522,1,-8.687604904,1,4.280404091,1,8.349285126,1,-4.750041485,1,0.902773023,0,-0.785411835,0,0.719668865,0
10.73997784,-10.45287895,1,-1.151477814,1,-9.094385147,1,4.36251688,1,8.232228279,1,-4.654752254,1,0.906098962,0,-0.750137985,0,0.739777863,0
10.74397755,-10.34326649,1,0.367243946,1,-10.01493263,1,4.454106808,1,8.078719139,1,-4.622151852,1,0.910847068,0,-0.715453267,0,0.759022772,0
10.74798012,-10.88064766,1,0.00765207,1,-10.15394878,1,4.537064552,1,7.997911453,1,-4.611392021,1,0.916924298,0,-0.681194186,0,0.777525902,0
10.75197792,-10.63101673,1,-0.069200769,1,-10.69521523,1,4.590182304,1,7.914720058,1,-4.584304333,1,0.924073577,0,-0.647294581,0,0.795551777,0
10.75597763,-10.11606884,1,0.525097311,1,-11.2006731,1,4.656479359,1,7.840850353,1,-4.565207958,1,0.932144582,0,-0.613762081,0,0.813200116,0
10.75997925,-10.05550766,1,0.487047344,1,-11.83006859,1,4.739883423,1,7.790405273,1,-4.556974888,1,0.941164494,0,-0.580564499,0,0.830579758,0
10.76397705,-10.15228176,1,0.079075202,1,-12.78997231,1,4.764247417,1,7.77200079,1,-4.550997257,1,0.950968146,0,-0.547601044,0,0.847836733,0
10.76797676,-10.12181854,1,-0.372093588,1,-13.92144585,1,4.717933178,1,7.773881912,1,-4.545369625,1,0.961200178,0,-0.514817655,0,0.865115285,0
10.77197838,-10.26658058,1,-0.855956078,1,-15.04619694,1,4.601912498,1,7.814302921,1,-4.547280312,1,0.971509695,0,-0.482134998,0,0.882550955,0
10.77597618,-10.63821793,1,-1.175396085,1,-16.23771477,1,4.468243122,1,7.868356228,1,-4.547447205,1,0.981719971,0,-0.449511647,0,0.900228083,0
10.77997589,-11.03482914,1,-0.948554039,1,-17.53855133,1,4.314572334,1,7.933412075,1,-4.538148403,1,0.991720498,0,-0.416924953,0,0.91824156,0
10.78397656,-11.62601852,1,-0.126319036,1,-18.6868,1,4.172652245,1,8.011474609,1,-4.521126747,1,1.001508951,0,-0.384389669,0,0.936628222,0
10.78797436,-12.72751522,1,0.990597248,1,-19.63652611,1,4.107870102,1,8.10367775,1,-4.496343613,1,1.011270761,0,-0.351914793,0,0.955467463,0
10.79197407,-14.33894634,1,1.470146537,1,-20.24113083,1,4.106774807,1,8.204810143,1,-4.474276066,1,1.021313667,0,-0.319496125,0,0.974836886,0
10.79597569,-16.11030197,1,1.376247883,1,-20.51837921,1,4.113127708,1,8.303434372,1,-4.471376419,1,1.031804562,0,-0.287102312,0,0.994732738,0
10.79997349,-17.5892601,1,0.280747026,1,-20.58110619,1,4.065677166,1,8.353500366,1,-4.486540794,1,1.042742491,0,-0.254733086,0,1.015053391,0
10.8039732,-19.01774216,1,-1.132021308,1,-20.72254372,1,3.936345339,1,8.337124825,1,-4.517086029,1,1.053907275,0,-0.222471073,0,1.035586596,0
10.80797386,-20.98389626,1,-2.363506794,1,-21.11901093,1,3.743758202,1,8.256908417,1,-4.577161789,1,1.065079331,0,-0.190369055,0,1.056077361,0
10.81197166,-23.85553169,1,-3.11070466,1,-21.70184708,1,3.531915903,1,8.120454788,1,-4.655182838,1,1.076118827,0,-0.158459783,0,1.076276541,0
10.81597138,-27.90918732,1,-3.615517378,1,-22.2224102,1,3.343517542,1,7.995970726,1,-4.742434978,1,1.087038755,0,-0.126738995,0,1.096087813,0
10.81997299,-32.60409927,1,-4.045086861,1,-22.39156723,1,3.231132746,1,7.879546165,1,-4.854712963,1,1.098014235,0,-0.095082261,0,1.115569353,0
10.8239708,-37.0850029,1,-4.136779785,1,-22.41040421,1,3.164124489,1,7.768433094,1,-4.994745731,1,1.109275818,0,-0.063399903,0,1.134715438,0
10.82797051,-40.82190704,1,-3.428888083,1,-21.95640373,1,3.1472013,1,7.592957497,1,-5.16295433,1,1.120991707,0,-0.031634808,0,1.153399825,0
10.83197212,-43.83230209,1,-2.790393591,1,-20.6427021,1,3.192364693,1,7.351024628,1,-5.327905178,1,1.133369207,0,0.000149161,0,1.171422243,0
10.83596993,-45.96377563,1,-1.705699682,1,-18.84561157,1,3.266980886,1,6.977272511,1,-5.472263813,1,1.14655447,0,0.031768516,0,1.188473225,0
10.83997631,-47.20586777,1,0.447051764,1,-16.82402802,1,3.388441563,1,6.437908173,1,-5.57585144,1,1.160587907,0,0.062862217,0,1.20409739,0
10.84397793,-48.93900299,1,4.153879642,1,-15.14253235,1,3.632449389,1,5.750163555,1,-5.636670589,1,1.17566359,0,0.093055829,0,1.217787862,0
10.84797573,-52.11916351,1,8.396644592,1,-13.40711308,1,3.981246233,1,4.979510784,1,-5.674458027,1,1.192098141,0,0.122110605,0,1.229181647,0
10.85197449,-54.74082565,1,10.89615345,1,-10.74647713,1,4.335418701,1,4.2191329,1,-5.605414391,1,1.209968328,0,0.149821758,0,1.238238573,0
10.85597611,-56.33749008,1,10.25148582,1,-7.680685043,1,4.476651669,1,3.464746237,1,-5.402702808,1,1.22879374,0,0.175822705,0,1.245154738,0
10.85997391,-56.49116516,1,8.386744499,1,-4.99640274,1,4.17782402,1,2.675850391,1,-5.076348782,1,1.247115135,0,0.1996786,0,1.249979496,0
10.86397362,-55.01947784,1,6.959822178,1,-2.19324255,1,3.456324577,1,1.900795221,1,-4.633671284,1,1.263028383,0,0.221000895,0,1.252711296,0
10.86797524,-53.28861237,1,7.817687988,1,0.254186422,1,2.517155409,1,1.187524796,1,-4.086189747,1,1.275159121,0,0.2395183,0,1.253414273,0
10.87197208,-51.88445663,1,10.57388401,1,1.458139062,1,1.569363594,1,0.609143972,1,-3.445360422,1,1.283083081,0,0.254992813,0,1.252456903,0
10.87597179,-52.35650253,1,13.26325512,1,2.318733454,1,0.744087517,1,0.239921913,1,-2.762431622,1,1.287152648,0,0.267386049,0,1.250455618,0
10.87997341,-53.06129074,1,13.93719578,1,3.532243013,1,0.091308504,1,0.121948093,1,-2.012851715,1,1.288216114,0,0.276757836,0,1.248344541,0
10.88397121,-51.93104553,1,15.08382893,1,4.781110764,1,-0.355004132,1,0.135808319,1,-1.223943949,1,1.287240505,0,0.283126086,0,1.246964216,0
10.88797092,-50.25777435,1,17.65693283,1,6.219690323,1,-0.508135676,1,0.158428773,1,-0.435151815,1,1.285341263,0,0.286483228,0,1.246585488,0
10.89197254,-47.74991608,1,17.11651993,1,7.152905464,1,-0.471674263,1,0.163852826,1,0.41978249,1,1.283567905,0,0.286707401,0,1.247242928,0
10.89597035,-44.34791946,1,14.90782642,1,7.984246731,1,-0.439123273,1,0.080540866,1,1.244731784,1,1.282167673,0,0.28364116,0,1.248745561,0
10.8999691,-41.11544037,1,12.46132946,1,8.785173416,1,-0.425947309,1,-0.079833977,1,1.961924195,1,1.280989528,0,0.277461052,0,1.250683427,0
10.90397072,-37.77988434,1,11.24691105,1,8.694283485,1,-0.451888978,1,-0.364298224,1,2.476820946,1,1.279729128,0,0.268652141,0,1.252473712,0
10.90796852,-34.28749084,1,8.829844475,1,8.671861649,1,-0.56117034,1,-0.659573972,1,2.794992924,1,1.278017402,0,0.257919461,0,1.253606081,0
10.91196823,-31.01762009,1,5.842028618,1,8.022460938,1,-0.751847863,1,-1.00961256,1,2.893593073,1,1.275434732,0,0.246012628,0,1.25373435,0
10.9159689,21.19207191,1,-6.653293133,1,-22.68979645,1,-1.491782784,1,-1.740882039,1,2.824270725,1,1.270959616,0,0.233523771,0,1.252058625,0
10.9199667,-24.68578911,1,-5.636080742,1,23.56660271,1,-3.390293121,1,-4.697456837,1,2.512759686,1,1.259283781,0,0.219906554,0,1.243176937,0
10.92396641,-65.0113678,1,-38.65690613,1,38.7140007,1,-5.377563953,1,-6.110644341,1,3.906507254,1,1.237204671,0,0.200411528,0,1.224928737,0
10.92796803,52.43532181,1,5.126003265,1,3.630133152,1,-4.793320656,1,-8.454240799,1,3.916990042,1,1.212990403,0,0.176253155,0,1.203811765,0
10.93196583,8.077810287,1,-7.357230186,1,-26.1722908,1,-5.527309895,1,-8.854373932,1,4.428203583,1,1.185610056,0,0.148025289,0,1.17684269,0
10.93596554,21.93266869,1,-13.69807148,1,-81.25975037,1,-4.256064415,1,-8.829512596,1,4.836936474,1,1.163071275,0,0.117495738,0,1.151075602,0
10.93996716,-7.875001431,1,-6.044059277,1,-82.47836304,1,-5.18643856,1,-8.854247093,1,5.521464348,1,1.336711287,0,0.043152642,0,1.010635614,0
10.94396496,-99.05952454,1,-15.34039116,1,-25.53956223,1,-8.382805824,1,-8.929077148,1,7.150130749,1,1.308185816,0,0.010537403,0,0.982188761,0
10.94796467,-81.66777039,1,0.518752217,1,-20.06624985,1,-8.199244499,1,-8.934392929,1,8.61728096,1,1.274586797,0,-0.030712603,0,0.95685339,0
10.95196629,-116.268898,1,22.55718422,1,-55.72957611,1,-6.419193745,1,-8.889966011,1,7.284487724,1,1.246267676,0,-0.073118076,0,0.932979107,0
10.95596409,-156.8156891,1,22.27248955,1,-56.15212631,1,-5.203273773,1,-8.850897789,1,4.937672138,1,1.225774527,0,-0.107522994,0,0.907284617,0
10.95997047,-120.419693,1,39.65250397,1,-34.9250145,1,-3.455285311,1,-4.256820202,1,2.901590824,1,1.210377574,0,-0.131792963,0,0.886510015,0
10.96397209,-45.96810532,1,34.02753067,1,-19.85253716,1,-1.26840353,1,-1.223103762,1,1.940000057,1,1.202083945,0,-0.14405939,0,0.88073051,0
10.96796989,21.3481884,1,13.02481842,1,-1.945291877,1,-0.593725085,1,-1.04423213,1,1.899366021,1,1.198739052,0,-0.15248476,0,0.879502654,0
10.9719696,23.95913124,1,13.70538044,1,-7.984135151,1,-0.348982096,1,-2.165376663,1,1.863148212,1,1.197328687,0,-0.161953956,0,0.876452684,0
10.97597122,-40.52324677,1,1.340103745,1,-6.205145836,1,-0.423450857,1,-1.803540349,1,1.490867496,1,1.196814299,0,-0.171360776,0,0.870872915,0
10.97996903,-71.92156982,1,-0.112009764,1,4.594995975,1,-0.200221106,1,-0.30373168,1,0.981636465,1,1.195954323,0,-0.177323475,0,0.868739367,0
10.98396874,-9.243850708,1,4.767437458,1,10.03691006,1,-0.043325905,1,-0.794206679,1,1.442596674,1,1.195319533,0,-0.182298809,0,0.868978977,0
10.9879694,-49.40515518,1,-18.5922718,1,1.226695538,1,-0.05481546,1,-1.049080133,1,1.163074136,1,1.19552803,0,-0.189018384,0,0.867122054,0
10.9919672,-14.7086916,1,-10.6391573,1,-8.223145485,1,-0.064683408,1,-0.636983275,1,0.768969119,1,1.195679665,0,-0.193623751,0,0.865420341,0
10.99596691,17.38294983,1,-7.027352333,1,-18.61857033,1,-0.136570796,1,-1.161965609,1,1.429814935,1,1.195655227,0,-0.198892832,0,0.863581419,0
10.99996853,0.889288187,1,-13.10548687,1,-10.17417145,1,-0.307216167,1,-1.299276829,1,1.665599108,1,1.195261359,0,-0.206595525,0,0.861306667,0
11.00396633,-12.78221035,1,-10.3608284,1,-4.771646023,1,-0.465821803,1,-1.235952377,1,1.604122877,1,1.194220901,0,-0.214642406,0,0.858832836,0
11.00796509,-8.217495918,1,-1.749329686,1,-9.314001083,1,-0.517305553,1,-1.191613555,1,1.53047955,1,1.192718267,0,-0.22222735,0,0.856573045,0
11.01196671,-2.037926435,1,-5.644499779,1,-7.688755989,1,-0.639058232,1,-1.047134042,1,1.561614037,1,1.190862298,0,-0.229567736,0,0.854660451,0
11.01596451,-4.485619545,1,-10.75696468,1,-6.729104042,1,-0.841733575,1,-1.003058672,1,1.568432093,1,1.188307881,0,-0.236940175,0,0.853146493,0
11.01996422,-10.71193218,1,-1.18938756,1,-6.166817665,1,-0.887449741,1,-0.863362491,1,1.514450312,1,1.185067654,0,-0.244081676,0,0.851928115,0
11.02396584,-7.867854595,1,4.391434669,1,-8.705097198,1,-0.803379595,1,-0.842548788,1,1.372730374,1,1.181904435,0,-0.250712991,0,0.850975811,0
11.02796364,-6.083170414,1,6.165838242,1,-11.32603645,1,-0.624771297,1,-0.94527173,1,1.169519663,1,1.179363012,0,-0.256774783,0,0.849549711,0
11.03196335,-6.122527122,1,6.610096931,1,-11.86658478,1,-0.345612824,1,-1.046475053,1,0.99458164,1,1.177958846,0,-0.262265176,0,0.847468495,0
11.03596497,-9.046508789,1,7.587956429,1,-11.59977436,1,-0.094810933,1,-1.216446042,1,0.92373693,1,1.177814841,0,-0.26752466,0,0.844641149,0
11.03996277,-8.176917076,1,-0.442752123,1,-9.132954597,1,0.104393534,1,-1.281461477,1,0.905126929,1,1.178773284,0,-0.272824675,0,0.841279149,0
11.04396248,-4.161559582,1,-10.27887154,1,-9.182533264,1,-0.062904969,1,-1.317093611,1,0.880717814,1,1.179918408,0,-0.278107166,0,0.837691069,0
11.04796505,-4.230992794,1,-3.830452919,1,-10.47421837,1,-0.249628127,1,-1.363881588,1,0.863490283,1,1.180285573,0,-0.283405125,0,0.833895028,0
11.0519619,-4.608450413,1,1.456150889,1,-11.78033447,1,-0.158865333,1,-1.436052322,1,0.798271,1,1.180553794,0,-0.288600087,0,0.829868197,0
11.05596256,-5.415455341,1,-1.88994658,1,-13.68920422,1,-0.275210291,1,-1.722004175,1,0.741156876,1,1.181167364,0,-0.293829978,0,0.825029373,0
11.05996323,-7.275923252,1,-0.480659068,1,-13.40603542,1,-0.279564828,1,-1.950956702,1,0.666127324,1,1.181728125,0,-0.299234867,0,0.819010735,0
11.06396103,-5.714261532,1,-3.283499241,1,-16.63949966,1,-0.240511656,1,-2.266710281,1,0.670887351,1,1.182821393,0,-0.304877192,0,0.811944246,0
11.06796074,-1.741021633,1,-9.50288105,1,-16.804636,1,-0.509644866,1,-2.686843634,1,0.687431693,1,1.184001088,0,-0.311137557,0,0.803398669,0
11.07196236,-4.55717659,1,-5.152481079,1,-19.93450737,1,-0.615155101,1,-3.105168819,1,0.712016165,1,1.184742332,0,-0.318057686,0,0.793225288,0
11.07596016,-0.541437685,1,-3.979754925,1,-20.53436279,1,-0.581569016,1,-3.630096674,1,0.817991257,1,1.186140537,0,-0.325946242,0,0.781338334,0
11.07996559,-7.604590893,1,-1.712553263,1,-23.31157112,1,-0.541040778,1,-4.166933537,1,0.863322377,1,1.188403368,0,-0.334920764,0,0.767333686,0
11.08396721,2.743582726,1,-4.437088966,1,-21.7209816,1,-0.661388338,1,-4.784044743,1,0.911786675,1,1.191396832,0,-0.344845176,0,0.751251042,0
11.08796501,-3.481269121,1,-5.662539959,1,-24.04498291,1,-0.667616546,1,-5.499342442,1,1.008449793,1,1.19523108,0,-0.355982989,0,0.732279718,0
11.09196472,0.378174156,1,-3.678538799,1,-23.26127243,1,-0.567395627,1,-6.06232214,1,1.19894278,1,1.200284123,0,-0.368518353,0,0.711006463,0
11.09596634,7.068705559,1,-5.588654995,1,-23.4679184,1,-0.539904952,1,-6.768086433,1,1.369570613,1,1.206734419,0,-0.382511437,0,0.687322736,0
11.09996414,4.836160183,1,-7.992471218,1,-23.13809013,1,-0.560934663,1,-7.510063171,1,1.539929152,1,1.214665174,0,-0.398020089,0,0.660630822,0
11.10396385,5.118204117,1,-6.305053234,1,-22.19645691,1,-0.540370643,1,-8.252473831,1,1.757734776,1,1.224207997,0,-0.415052533,0,0.63086468,0
11.10796642,4.152180672,1,-5.265301704,1,-21.74581146,1,-0.400739491,1,-8.734480858,1,2.002240658,1,1.235744715,0,-0.433593482,0,0.59822762,0
11.11196327,4.778913021,1,-3.385285378,1,-21.38465691,1,-0.194833472,1,-8.731906891,1,2.20190239,1,1.24896431,0,-0.452829897,0,0.56463474,0
11.11596203,6.05593729,1,-3.04855895,1,-20.73945618,1,0.0123633,1,-8.727537155,1,2.407193184,1,1.263734698,0,-0.472386807,0,0.530711532,0
11.1199646,5.043362141,1,-3.87605834,1,-19.66121864,1,0.152666241,1,-8.725174904,1,2.636954069,1,1.279997826,0,-0.492296487,0,0.4964059,0
11.12396145,2.700699091,1,-5.571379662,1,-17.31834412,1,0.223906636,1,-8.725949287,1,2.893326998,1,1.297437191,0,-0.512636185,0,0.461666167,0
11.12796116,-0.24470441,1,-3.594732046,1,-17.95830536,1,0.28196615,1,-8.727608681,1,3.276069164,1,1.315984488,0,-0.533737421,0,0.426508874,0
11.13196373,-6.540958881,1,0.738541067,1,-17.70174026,1,0.683179021,1,-8.718511581,1,3.278964758,1,1.336392164,0,-0.554981112,0,0.390668094,0
11.13596153,-16.565979,1,2.066391945,1,-17.36322403,1,1.296478868,1,-8.704698563,1,3.194653511,1,1.360095859,0,-0.5752846,0,0.353804529,0
11.13996124,-19.45917511,1,3.361856461,1,-16.23648071,1,1.803580761,1,-8.69491291,1,3.307557106,1,1.387254357,0,-0.594816804,0,0.315920532,0
11.14396286,-21.96284485,1,3.895639181,1,-14.55925179,1,2.236404896,1,-8.686655045,1,3.372707367,1,1.417430758,0,-0.61386627,0,0.277006388,0
11.14796066,-31.30471611,1,4.114852905,1,-12.04501915,1,2.819689035,1,-8.675441742,1,3.410240173,1,1.450898767,0,-0.632039785,0,0.236926541,0
11.15196037,-43.6100769,1,2.614311457,1,-10.58735371,1,3.463819027,1,-8.661743164,1,3.393124104,1,1.48818326,0,-0.649110198,0,0.195624992,0
11.15596104,-56.85831451,1,2.408863306,1,-8.072746277,1,3.891312838,1,-8.651925087,1,3.165997505,1,1.528971791,0,-0.664372087,0,0.153023079,0
11.15995884,-58.51213455,1,-2.905016184,1,-5.459400654,1,3.916333914,1,-7.650736809,1,3.11387825,1,1.570871592,0,-0.677696049,0,0.110911593,0
11.16395855,-52.40726089,1,-3.467499733,1,-1.381738186,1,3.71434021,1,-5.866343498,1,2.80074811,1,1.608323336,0,-0.688953936,0,0.07581716,0
11.16795921,-35.92734909,1,-2.535507679,1,1.117479682,1,3.240225554,1,-4.409612656,1,2.860126495,1,1.639902353,0,-0.699173689,0,0.048365962,0
11.17195702,-19.7021389,1,-10.82376766,1,4.24723053,1,2.551355362,1,-3.336558104,1,2.874622822,1,1.665314078,0,-0.709302366,0,0.027107099,0
11.17595673,-19.02947044,1,-20.22359657,1,-0.577771902,1,1.186914086,1,-2.699991465,1,3.06240344,1,1.684422135,0,-0.719853461,0,0.009662903,0
11.17995834,-19.22681427,1,-16.5912075,1,0.021032121,1,-0.566629827,1,-2.509087801,1,2.903672695,1,1.695879936,0,-0.730525672,0,-0.005913453,0
11.1839571,-42.40549469,1,-3.097135544,1,-3.549987793,1,-1.649337411,1,-2.246860981,1,3.150698662,1,1.701383114,0,-0.741436124,0,-0.02097192,0
11.18795586,-48.55997467,1,-4.974630833,1,-9.950021744,1,-1.925005078,1,-1.311828256,1,3.045593023,1,1.457639694,0,-0.591609538,0,0.05445553,0
11.19195747,-24.37125778,1,-4.739064693,1,-6.854705811,1,-2.262616396,1,-0.799014211,1,2.89619422,1,1.450889111,0,-0.604004741,0,0.051386274,0
11.19595528,-9.22429657,1,-1.525093675,1,-5.73430109,1,-2.148772955,1,-1.037731528,1,2.540347338,1,1.443558574,0,-0.615228176,0,0.048704904,0
11.19996071,-3.963959694,1,1.350947022,1,-2.428295612,1,-1.857284307,1,-1.786330819,1,2.374445438,1,1.438578963,0,-0.625605583,0,0.043461066,0
11.20396328,-7.979905605,1,1.64080441,1,-3.752645969,1,-1.464002132,1,-2.481554985,1,2.404870033,1,1.437185884,0,-0.636218488,0,0.03448667,0
11.20796204,-14.11655807,1,-0.240460455,1,-5.522268295,1,-0.9855268,1,-2.921281338,1,2.322837114,1,1.43940866,0,-0.64705652,0,0.022612246,0
11.21196175,-17.36488342,1,-2.01752615,1,-6.824335575,1,-0.571114898,1,-3.156804562,1,2.171901226,1,1.444662571,0,-0.657530546,0,0.008857626,0
11.21596336,-17.29416656,1,-4.133059978,1,-7.55414629,1,-0.256474167,1,-3.326630592,1,2.055018187,1,1.45226264,0,-0.667484224,0,-0.00616362,0
11.21996117,-17.19649887,1,-7.690821171,1,-7.973803043,1,-0.084020041,1,-3.433475733,1,2.046086311,1,1.461601138,0,-0.677146316,0,-0.022186266,0
11.22395992,-17.26158142,1,-11.47555828,1,-8.759403229,1,-0.076612338,1,-3.423882484,1,2.119179487,1,1.471725345,0,-0.686849117,0,-0.038670011,0
11.22796154,-16.52688408,1,-13.77264786,1,-9.919258118,1,-0.240997076,1,-3.389137268,1,2.233202219,1,1.481669664,0,-0.696798325,0,-0.055214148,0
11.23195934,-15.3546524,1,-14.52646351,1,-11.00546074,1,-0.481160581,1,-3.370571613,1,2.350785017,1,1.490976453,0,-0.707074404,0,-0.071845427,0
11.23595905,-14.8290596,1,-14.28028679,1,-12.01092243,1,-0.708896935,1,-3.384599209,1,2.491977453,1,1.499578595,0,-0.717761159,0,-0.088662721,0
11.23996067,-14.76211643,1,-13.26947784,1,-12.89843369,1,-0.857017457,1,-3.387624264,1,2.639817238,1,1.507758141,0,-0.72891891,0,-0.105789118,0
11.24395847,-14.98240757,1,-11.78737545,1,-13.80968761,1,-0.899856329,1,-3.401452541,1,2.788116693,1,1.515897751,0,-0.740560889,0,-0.123210236,0
11.24795818,-15.30465984,1,-10.33448029,1,-14.69675064,1,-0.828363001,1,-3.416004181,1,2.925801039,1,1.524486899,0,-0.752666891,0,-0.140975699,0
11.2519598,-15.79211617,1,-9.186942101,1,-15.53845882,1,-0.658968687,1,-3.426143885,1,3.071391582,1,1.533986092,0,-0.765210032,0,-0.159129038,0
11.25595665,-16.57811737,1,-8.580592155,1,-16.22926521,1,-0.40362227,1,-3.431144238,1,3.221299648,1,1.544791579,0,-0.778225541,0,-0.177689061,0
11.25995636,-17.55282593,1,-8.509529114,1,-17.32446289,1,-0.159410343,1,-3.358048439,1,3.390140772,1,1.557099462,0,-0.791713655,0,-0.196641132,0
11.26395798,-17.82663345,1,-8.813726425,1,-18.04644585,1,0.131123021,1,-3.336881161,1,3.567110538,1,1.570746422,0,-0.805713773,0,-0.215737909,0
11.26795578,-18.59804153,1,-9.303115845,1,-18.49909592,1,0.405009598,1,-3.253737211,1,3.758334875,1,1.585873723,0,-0.820256293,0,-0.235085472,0
11.27195549,-19.5036602,1,-9.923402786,1,-18.76874924,1,0.665862858,1,-3.100765705,1,3.94683218,1,1.602255821,0,-0.835367441,0,-0.254413009,0
11.27595615,-20.25222969,1,-10.94963932,1,-18.95082855,1,0.884131014,1,-2.900632143,1,4.130018711,1,1.619584918,0,-0.85102427,0,-0.273444742,0
11.27995396,-20.5002861,1,-12.21592045,1,-19.09482956,1,1.021570444,1,-2.649629116,1,4.298957348,1,1.637381077,0,-0.867211699,0,-0.291903496,0
11.28395367,-19.79046631,1,-13.68841839,1,-19.19919014,1,1.062040091,1,-2.396161795,1,4.469867229,1,1.655218005,0,-0.883941054,0,-0.30966264,0
11.28795528,-18.52340698,1,-14.97325134,1,-19.32195282,1,1.033283591,1,-2.169617414,1,4.652686119,1,1.672800303,0,-0.901259303,0,-0.326840729,0
11.29195309,-17.35456657,1,-15.7567997,1,-19.60029984,1,0.923375249,1,-1.964781404,1,4.835338116,1,1.690075278,0,-0.919197202,0,-0.343715787,0
11.2959528,-16.37579727,1,-16.54123878,1,-19.41575813,1,0.783385277,1,-1.806469917,1,4.99656105,1,1.706823826,0,-0.937739253,0,-0.360369265,0
11.29995441,-15.89453506,1,-16.72764778,1,-19.40000916,1,0.608501792,1,-1.654350877,1,5.152334213,1,1.723186016,0,-0.956830859,0,-0.377084315,0
11.30395222,-15.09600544,1,-16.7604847,1,-19.43111992,1,0.415103495,1,-1.520710945,1,5.30287075,1,1.73914969,0,-0.976454437,0,-0.393994033,0
11.30795193,-14.19786263,1,-16.56080437,1,-19.29591751,1,0.242491007,1,-1.420306325,1,5.449469566,1,1.754918337,0,-0.99659425,0,-0.411314875,0
11.31195355,-13.26391315,1,-16.22993469,1,-19.13554001,1,0.07242626,1,-1.341255188,1,5.590106964,1,1.770769119,0,-1.017219424,0,-0.429325491,0
11.31595135,-12.32738972,1,-16.03164482,1,-18.9853344,1,-0.083754361,1,-1.309154987,1,5.734112263,1,1.787072301,0,-1.038286448,0,-0.448399186,0
11.31995773,-11.63394451,1,-15.96545696,1,-18.77202034,1,-0.235998884,1,-1.296331525,1,5.86454916,1,1.804254055,0,-1.059744716,0,-0.468951643,0
11.32395935,-11.15806675,1,-16.17217827,1,-18.50544357,1,-0.391127795,1,-1.304753661,1,5.993201256,1,1.822668314,0,-1.081516743,0,-0.491371363,0
11.32795715,-10.86874485,1,-16.69661903,1,-18.6347065,1,-0.557567298,1,-1.328066945,1,6.116999149,1,1.842670441,0,-1.103561997,0,-0.516038716,0
11.33195686,-10.73535347,1,-16.96061897,1,-19.27376938,1,-0.720523417,1,-1.366725922,1,6.216415405,1,1.864686847,0,-1.125747919,0,-0.543416798,0
11.33595848,-10.89521027,1,-17.29370117,1,-20.33819199,1,-0.879975796,1,-1.422028899,1,6.290969372,1,1.889234543,0,-1.147925019,0,-0.574015796,0
11.33995628,-11.7384758,1,-17.68442535,1,-21.58216667,1,-1.023280621,1,-1.442626953,1,6.334122181,1,1.91669035,0,-1.169930696,0,-0.608138263,0
11.34395504,-12.97365952,1,-18.12519073,1,-22.62493706,1,-1.160855651,1,-1.380197763,1,6.30939579,1,1.946997285,0,-1.191607714,0,-0.645612776,0
11.34795666,-13.93397522,1,-18.97660065,1,-23.54011345,1,-1.31969583,1,-1.202070832,1,6.208616734,1,1.979311347,0,-1.212793589,0,-0.685549796,0
11.35195446,-13.64838314,1,-20.14359283,1,-24.06582451,1,-1.525931954,1,-0.93097055,1,6.011120319,1,2.012263536,0,-1.233311892,0,-0.726639986,0
11.35595417,-13.34868908,1,-20.99197769,1,-23.70606804,1,-1.812507749,1,-0.540496409,1,5.689901352,1,2.043925047,0,-1.253026009,0,-0.767103136,0
11.35995483,-13.47681236,1,-20.73631287,1,-22.93341064,1,-2.173032045,1,-0.034506112,1,5.248837948,1,2.071380615,0,-1.271833301,0,-0.804280221,0
11.36395264,-13.22490025,1,-19.9486618,1,-21.83768654,1,-2.522678614,1,0.55503881,1,4.746773243,1,2.091753721,0,-1.289773941,0,-0.8353616,0
11.36795235,-12.73959351,1,-18.76581955,1,-20.52315903,1,-2.772666693,1,1.191169143,1,4.205381393,1,2.102554083,0,-1.307016611,0,-0.85759294,0
11.37195396,-11.31729984,1,-17.78069115,1,-19.0318222,1,-2.971809387,1,1.835276365,1,3.631767988,1,2.101424217,0,-1.323603392,0,-0.868303537,0
11.37595177,-7.728583813,1,-17.6048851,1,-17.49059868,1,-3.177261114,1,2.412411451,1,3.055117846,1,2.086235762,0,-1.339439869,0,-0.865318775,0
11.37995148,-3.066925049,1,-17.28543091,1,-15.58560276,1,-3.39614749,1,2.865699768,1,2.516941547,1,2.055728674,0,-1.354273558,0,-0.847525597,0
11.38395309,1.253422022,1,-16.24674416,1,-13.11678886,1,-3.556723118,1,3.225619793,1,2.04153347,1,2.009512186,0,-1.367856264,0,-0.814524889,0
11.3879509,4.802409649,1,-14.61359024,1,-11.01436996,1,-3.620141745,1,3.527261257,1,1.60412693,1,1.94735086,0,-1.379900217,0,-0.765815973,0
11.39195061,8.209925652,1,-12.20846939,1,-9.324819565,1,-3.528073788,1,3.743772268,1,1.188387752,1,1.869729042,0,-1.389993072,0,-0.701436639,0
11.39595223,10.47246647,1,-9.462979317,1,-8.470882416,1,-3.248322964,1,3.850768089,1,0.811779499,1,1.779414058,0,-1.397675633,0,-0.623510659,0
11.39995003,11.04573917,1,-6.949873924,1,-7.598772526,1,-2.8007195,1,3.925960064,1,0.444167644,1,1.680459499,0,-1.4026196,0,-0.535414934,0
11.40394878,10.43734455,1,-4.9815588,1,-6.081153393,1,-2.193717241,1,4.081234932,1,0.061569843,1,1.57611239,0,-1.404562831,0,-0.4397645,0
11.4079504,9.151642799,1,-3.909168482,1,-4.804654121,1,-1.516298294,1,4.313748837,1,-0.343878001,1,1.469360113,0,-1.403191686,0,-0.33904475,0
11.4119482,7.442632198,1,-3.789558887,1,-3.315870762,1,-0.84338063,1,4.638007641,1,-0.788185,1,1.363821983,0,-1.39821136,0,-0.236751318,0
11.41594791,5.55785656,1,-4.57005167,1,-2.229198456,1,-0.211113602,1,5.056666851,1,-1.244801879,1,1.262764335,0,-1.389326096,0,-0.136217654,0
11.41995049,3.613257408,1,-5.903064251,1,-1.469675422,1,0.304124117,1,5.525207043,1,-1.689714193,1,1.169375539,0,-1.376443267,0,-0.04093818,0
11.42394733,2.392389536,1,-6.799931526,1,-1.135185242,1,0.659225106,1,6.01490593,1,-2.110715151,1,1.085763335,0,-1.359650016,0,0.046426769,0
11.42794704,1.321762681,1,-7.709227562,1,-0.657912016,1,0.866072237,1,6.480368137,1,-2.481203794,1,1.012927532,0,-1.339211464,0,0.124230921,0
11.43194962,0.715244651,1,-8.421630859,1,-0.411669672,1,0.963713348,1,6.905192375,1,-2.805864811,1,0.950591981,0,-1.315521479,0,0.192242384,0
11.43594742,0.618819416,1,-8.746507645,1,-0.331706285,1,0.989358366,1,7.275522232,1,-3.077625036,1,0.897986054,0,-1.289009809,0,0.250869304,0
11.4399519,0.495741934,1,-8.705921173,1,-0.462198645,1,0.984221041,1,7.579677582,1,-3.294642925,1,1.376247048,0,-1.295001507,0,-0.331525445,0
11.44395351,0.077295259,1,-8.132136345,1,-0.610128939,1,0.971390605,1,7.830258846,1,-3.456816912,1,1.289030194,0,-1.274564624,0,-0.236568391,0
11.44795132,-0.90801388,1,-7.187922478,1,-0.835813403,1,0.997273743,1,8.048532486,1,-3.578036785,1,1.212044716,0,-1.2511729,0,-0.151670098,0
11.45195103,-2.136314392,1,-6.156145096,1,-1.070920825,1,1.08160162,1,8.247779846,1,-3.669049025,1,1.145004153,0,-1.225290537,0,-0.076373957,0
11.45595264,-3.564690351,1,-5.521100998,1,-1.550925493,1,1.210349202,1,8.439079285,1,-3.73806572,1,1.087089777,0,-1.197297454,0,-0.009635956,0
11.45995045,-5.088070869,1,-5.194869518,1,-2.108771324,1,1.366725922,1,8.618673325,1,-3.806110144,1,1.037394881,0,-1.167501688,0,0.049617548,0
11.46395016,-6.306544304,1,-5.599864483,1,-2.485354662,1,1.528698325,1,8.755615234,1,-3.866059303,1,0.994940817,0,-1.136147499,0,0.102433778,0
11.46795178,-7.241139412,1,-6.621893883,1,-2.910367966,1,1.638790131,1,8.759993553,1,-3.914876699,1,0.959293067,0,-1.103641391,0,0.149091095,0
11.47194958,-7.906299591,1,-7.880773067,1,-3.297287226,1,1.672396898,1,8.761795998,1,-3.958197117,1,0.92946136,0,-1.070336223,0,0.190279156,0
11.47594833,-8.548239708,1,-8.777858734,1,-3.643629551,1,1.650100708,1,8.760168076,1,-4.001639843,1,0.904259384,0,-1.036376357,0,0.226928234,0
11.47994995,-9.449345589,1,-9.252532959,1,-4.034282684,1,1.589251995,1,8.760121346,1,-4.05721426,1,0.882764697,0,-1.001856208,0,0.259763926,0
11.48394775,-10.43176937,1,-9.485735893,1,-4.496333122,1,1.527425051,1,8.75901413,1,-4.11752367,1,0.864363015,0,-0.966824234,0,0.289336264,0
11.48794746,-11.209692,1,-9.663649559,1,-4.910916328,1,1.464827061,1,8.757966042,1,-4.186863422,1,0.848588407,0,-0.931323588,0,0.316100478,0
11.49195004,-11.82546425,1,-9.743928909,1,-5.122859955,1,1.412023664,1,8.757433891,1,-4.25342083,1,0.835051656,0,-0.895398855,0,0.340454996,0
11.49594688,-12.31441784,1,-9.488782883,1,-5.446121693,1,1.392764449,1,8.757730484,1,-4.338612556,1,0.823539495,0,-0.859068513,0,0.362715781,0
11.49994659,-12.83701611,1,-9.02259922,1,-5.766877174,1,1.415372133,1,8.758612633,1,-4.447226048,1,0.813972175,0,-0.822309971,0,0.383082032,0
11.50394917,-12.89960957,1,-8.117957115,1,-6.334794521,1,1.487266302,1,8.76084137,1,-4.551309109,1,0.806308389,0,-0.785114348,0,0.401766658,0
11.50794697,-13.16146564,1,-7.111247063,1,-6.503261566,1,1.611593962,1,8.764286995,1,-4.631794453,1,0.800479412,0,-0.747561634,0,0.419073522,0
11.51194477,-13.95498085,1,-6.01941061,1,-6.219346046,1,1.856145144,1,8.768121719,1,-4.714114666,1,0.796614289,0,-0.709705949,0,0.435254395,0
11.51594734,-14.29036522,1,-5.279523373,1,-6.450135708,1,2.162028313,1,8.775506973,1,-4.79204464,1,0.79492557,0,-0.671569765,0,0.45050925,0
11.51994515,-14.3397522,1,-4.823934555,1,-6.565340996,1,2.469047308,1,8.782679558,1,-4.837184429,1,0.795348227,0,-0.633225918,0,0.4650819,0
11.52394486,-14.15462017,1,-4.048574924,1,-6.264694214,1,2.786005259,1,8.789287567,1,-4.839187145,1,0.797681034,0,-0.594807982,0,0.479252547,0
11.52794647,-13.71878242,1,-2.939736366,1,-5.948858738,1,3.151291847,1,8.797171593,1,-4.800468445,1,0.801894248,0,-0.556460679,0,0.493295282,0
11.53194428,-13.43617249,1,-2.107572079,1,-5.633385658,1,3.555046082,1,8.804531097,1,-4.725347042,1,0.808052182,0,-0.51832366,0,0.507450461,0
11.53594399,-13.37024784,1,-1.484878898,1,-5.357556343,1,3.984703779,1,8.812259674,1,-4.628151894,1,0.816205502,0,-0.480503201,0,0.521910429,0
11.5399456,-13.16797447,1,-1.34990859,1,-5.199737072,1,4.377536297,1,8.820358276,1,-4.511557102,1,0.826287508,0,-0.443092197,0,0.536829412,0
11.54394341,-12.93319416,1,-1.824341774,1,-5.148134708,1,4.695022106,1,8.745882988,1,-4.388168812,1,0.83812809,0,-0.40624401,0,0.552215636,0
11.54794216,-12.99773979,1,-3.166042089,1,-5.190106392,1,4.88421011,1,8.603719711,1,-4.262356758,1,0.851404667,0,-0.370261133,0,0.567840517,0
11.55194378,-13.22434616,1,-4.439374924,1,-5.572573662,1,4.934454918,1,8.442839622,1,-4.145261765,1,0.865622222,0,-0.335255206,0,0.5836339,0
11.55594158,-13.52007771,1,-5.527894974,1,-6.194286346,1,4.873645782,1,8.256868362,1,-4.045209885,1,0.880303502,0,-0.301257491,0,0.599507391,0
11.55994701,-14.00171375,1,-6.080425739,1,-7.216963291,1,4.714793205,1,8.072469711,1,-3.976735115,1,0.895043254,0,-0.268205971,0,0.615351915,0
11.56394768,-14.70452976,1,-5.859550476,1,-8.535027504,1,4.502042294,1,7.884156227,1,-3.966438293,1,0.909569263,0,-0.235971928,0,0.631049633,0
11.56794548,-15.35507393,1,-4.663762569,1,-10.00748825,1,4.284844398,1,7.71490097,1,-4.010474205,1,0.923772573,0,-0.204351351,0,0.646474361,0
11.57194519,-16.22084618,1,-3.225974083,1,-11.08137512,1,4.126821995,1,7.583928585,1,-4.082923889,1,0.937728822,0,-0.173104018,0,0.66160816,0
11.57594681,-16.85611725,1,-1.58402288,1,-12.1338625,1,4.069430351,1,7.487947464,1,-4.157569885,1,0.951742053,0,-0.142092824,0,0.676546395,0
11.57994461,-17.55280685,1,-0.377743483,1,-12.92044449,1,4.140965462,1,7.415772915,1,-4.194471836,1,0.966252029,0,-0.111301646,0,0.691456079,0
11.58394432,-18.36565018,1,0.170921817,1,-13.6343689,1,4.313160419,1,7.393065453,1,-4.215625286,1,0.981699169,0,-0.080749072,0,0.706559896,0
11.58794689,-18.95061874,1,0.057447676,1,-14.16882992,1,4.481197357,1,7.396450996,1,-4.242883205,1,0.998284161,0,-0.05038948,0,0.722037554,0
11.59194374,-19.00833702,1,-0.818027735,1,-14.44946194,1,4.587825298,1,7.410741329,1,-4.271810055,1,1.015886664,0,-0.020170091,0,0.737980604,0
11.59594441,-19.01386642,1,-2.155174971,1,-14.70041275,1,4.589137554,1,7.422861576,1,-4.307209015,1,1.034182668,0,0.009900642,0,0.754432678,0
11.59994602,-19.05264854,1,-3.294245481,1,-15.15270329,1,4.48534584,1,7.400469303,1,-4.355023384,1,1.052768826,0,0.039795145,0,0.771355808,0
11.60394383,-19.45959091,1,-3.344517946,1,-15.65985489,1,4.32409668,1,7.360449791,1,-4.430699348,1,1.071337938,0,0.069518529,0,0.788610518,0
11.60794354,-20.48179245,1,-2.892920732,1,-15.93481159,1,4.159965515,1,7.300586224,1,-4.528059006,1,1.089769602,0,0.099120364,0,0.806112409,0
11.61194515,-22.02466011,1,-2.307138205,1,-16.21250916,1,4.031824112,1,7.25450182,1,-4.655788898,1,1.108160615,0,0.128711089,0,0.823810279,0
11.61594296,-23.65699959,1,-1.995609999,1,-16.3459053,1,3.94056201,1,7.190506935,1,-4.811378002,1,1.126651645,0,0.158382952,0,0.841675282,0
11.61994267,-24.90319633,1,-1.780553699,1,-16.50827217,1,3.845537901,1,7.071105957,1,-4.993685722,1,1.145310163,0,0.188187242,0,0.859578848,0
11.62394333,-25.78483772,1,-1.713551521,1,-16.73312759,1,3.735564232,1,6.873202801,1,-5.181993484,1,1.164032936,0,0.218084961,0,0.877240598,0
11.62794113,-27.17987633,1,-1.996168494,1,-17.25985336,1,3.631376505,1,6.606246471,1,-5.377553463,1,1.182734013,0,0.248001888,0,0.894402027,0
11.63194084,-29.19227409,1,-2.302165747,1,-17.5414257,1,3.535306215,1,6.314205647,1,-5.575215816,1,1.201344013,0,0.277915388,0,0.910876751,0
11.63594246,-31.64746094,1,-2.259351969,1,-17.67677498,1,3.446067333,1,5.995325565,1,-5.776309013,1,1.219837904,0,0.30783692,0,0.926578641,0
11.63994026,-34.73145676,1,-2.285826683,1,-17.36977768,1,3.376465797,1,5.678877831,1,-5.962676048,1,1.238201857,0,0.337777853,0,0.941466093,0
11.64393902,-38.24872971,1,-2.184045315,1,-16.53207588,1,3.319520712,1,5.380643845,1,-6.141811371,1,1.256483436,0,0.367769301,0,0.955618203,0
11.64794064,-41.48166656,1,-1.740019441,1,-15.17545319,1,3.23623085,1,5.103448868,1,-6.321946144,1,1.274631977,0,0.39784956,0,0.96909976,0
11.65193844,-43.65871048,1,-0.107338764,1,-13.80088043,1,3.147699594,1,4.764044762,1,-6.484053612,1,1.292506576,0,0.428014964,0,0.98187077,0
11.65593815,-45.21829987,1,3.039573193,1,-12.69964886,1,3.132303715,1,4.318750858,1,-6.627670765,1,1.31003809,0,0.458139896,0,0.993543923,0
11.65993977,-46.92368317,1,7.044415474,1,-11.01822567,1,3.256851196,1,3.794014215,1,-6.725902081,1,1.327420712,0,0.488068908,0,1.003719091,0
11.66393757,-48.8082962,1,8.986414909,1,-8.319221497,1,3.463254452,1,3.317817211,1,-6.730491638,1,1.345004678,0,0.517579257,0,1.01233232,0
11.66793728,-49.66732407,1,8.363554955,1,-5.203658104,1,3.608564138,1,2.816091299,1,-6.580753803,1,1.362874985,0,0.546262383,0,1.019599676,0
11.6719389,-48.97202301,1,7.101466656,1,-1.988379002,1,3.52143836,1,2.26980257,1,-6.303832531,1,1.38025713,0,0.573569953,0,1.025356531,0
11.6759367,-46.56546021,1,6.170920372,1,1.50658679,1,3.196160793,1,1.633674026,1,-5.906774998,1,1.395905733,0,0.59904623,0,1.029261947,0
11.67993546,-44.40847015,1,6.532461166,1,4.168370724,1,2.668791056,1,0.942473114,1,-5.368136406,1,1.408585072,0,0.6221596,0,1.030841589,0
11.68394375,-43.58235168,1,7.396075249,1,5.73276329,1,2.023806334,1,0.329903662,1,-4.759949684,1,1.417465925,0,0.642579257,0,1.029957652,0
11.68794727,-43.97029114,1,8.365399361,1,6.638493061,1,1.384481788,1,-0.127881035,1,-4.081970215,1,1.541046619,0,0.456910193,0,0.882654428,0
11.69194698,-44.77715683,1,10.13593674,1,6.944036007,1,0.857702911,1,-0.381979078,1,-3.344062567,1,1.544751883,0,0.471744508,0,0.880996525,0
11.6959486,-44.4583168,1,11.57530117,1,6.939230442,1,0.491347015,1,-0.449978441,1,-2.543641329,1,1.546369553,0,0.483484924,0,0.878745496,0
11.69994736,-43.60971451,1,13.95677662,1,6.451379776,1,0.315453261,1,-0.41638127,1,-1.728123307,1,1.546881199,0,0.49198699,0,0.876515329,0
11.70394611,-43.08279037,1,14.99402142,1,6.134883881,1,0.334407955,1,-0.248652115,1,-0.907477438,1,1.547349691,0,0.497236013,0,0.87483263,0
11.70794773,-41.43262863,1,14.05037594,1,5.979217529,1,0.396388412,1,-0.008708144,1,-0.047001462,1,1.548527718,0,0.499123871,0,0.874203622,0
11.71194553,-37.95160294,1,12.38128948,1,6.55633688,1,0.403635055,1,0.184529543,1,0.831938148,1,1.550363779,0,0.49756673,0,0.874665082,0
11.71594524,-34.19774628,1,11.03094196,1,7.161761761,1,0.358700603,1,0.268082231,1,1.6686759,1,1.552449226,0,0.492576927,0,0.875831127,0
11.71994591,-31.45275116,1,10.32432079,1,6.950427532,1,0.294485301,1,0.272627085,1,2.404430628,1,1.554410458,0,0.48441577,0,0.877223253,0
11.72394371,-30.02363396,1,8.859114647,1,6.388918877,1,0.193171039,1,0.250375748,1,3.018562794,1,1.556045294,0,0.473549873,0,0.878597498,0
11.72794342,-15.05808926,1,2.733876944,1,-6.121303082,1,-0.040059417,1,0.144199952,1,3.520357132,1,1.556990504,0,0.460456938,0,0.879795432,0
11.73194504,20.44693947,1,0.52634728,1,1.591510773,1,-1.873028517,1,-1.953077674,1,3.212859631,1,1.552239418,0,0.446429044,0,0.876844406,0
11.73594284,-86.55555725,1,-26.37345695,1,38.83557129,1,-5.11810112,1,-4.141349316,1,4.057374001,1,1.532877088,0,0.432000846,0,0.863331378,0
11.73994255,23.90651894,1,19.43216896,1,5.753676891,1,-3.944247007,1,-5.208791256,1,4.254157543,1,1.505650997,0,0.414069474,0,0.844384313,0
11.74394321,2.518733978,1,10.85015297,1,-8.161734581,1,-4.212738037,1,-8.77323246,1,3.328926802,1,1.478771448,0,0.396724641,0,0.815156162,0
11.74794102,-5.663877964,1,21.77865791,1,-48.89149094,1,-1.794166565,1,-8.765192986,1,2.474885464,1,1.452810526,0,0.381158382,0,0.77875793,0
11.75194073,12.4949522,1,10.01634121,1,-83.147995,1,-0.011961923,1,-8.725986481,1,1.982869983,1,1.435342312,0,0.368042052,0,0.742651463,0
11.7559433,-32.72707367,1,-9.31300354,1,-85.06627655,1,0.528249204,1,-8.71579361,1,2.185959816,1,1.425487161,0,0.355014026,0,0.70699805,0
11.75994015,-97.21501923,1,-29.68894005,1,-53.19954681,1,-1.066740036,1,-8.758533478,1,3.651903868,1,1.412428975,0,0.338543177,0,0.672082841,0
11.7639389,-83.07924652,1,-15.6145134,1,-38.02099609,1,-2.515372515,1,-8.798789024,1,5.511204243,1,1.394361973,0,0.31441772,0,0.638782918,0
11.76794148,-64.40383911,1,4.038963795,1,-32.94306564,1,-2.100676298,1,-8.779312134,1,5.803719997,1,1.375375271,0,0.285362095,0,0.607040286,0
11.77194023,-57.69681549,1,-1.098294973,1,-28.60764503,1,-1.372902274,1,-7.448416233,1,5.394032478,1,1.360955,0,0.256865293,0,0.578493893,0
11.77593899,-25.32281303,1,6.702198505,1,-9.2477808,1,-1.022487879,1,-6.124828339,1,4.757502556,1,1.350676417,0,0.231278807,0,0.555927634,0
11.77994061,-2.599241495,1,10.30366516,1,3.199743271,1,-0.992729545,1,-5.975250721,1,4.629895687,1,1.342598915,0,0.207780004,0,0.536095083,0
11.78393841,1.855443358,1,2.405512571,1,-0.644281447,1,-1.457492232,1,-5.840018749,1,4.956190586,1,1.333924174,0,0.18376559,0,0.517127097,0
11.78793812,-19.22545815,1,0.99603945,1,-17.04086685,1,-1.694260478,1,-5.146499157,1,4.814433098,1,1.324615002,0,0.159273759,0,0.499909759,0
11.79193974,-57.46726608,1,-12.13990688,1,-28.03193855,1,-1.823406577,1,-2.570698738,1,3.572883606,1,1.315736532,0,0.138803214,0,0.488678992,0
11.79593754,-55.04616928,1,3.297108173,1,-8.926815033,1,-1.239083171,1,-0.228648022,1,2.678482533,1,1.309226751,0,0.125836089,0,0.48688215,0
11.79993725,-4.025710583,1,9.468316078,1,0.723936856,1,-0.673029423,1,-0.303744018,1,2.778027773,1,1.305848837,0,0.115202248,0,0.489070445,0
11.80395126,-15.68362236,1,-7.994605064,1,-1.062306404,1,-0.790819108,1,-0.610201418,1,2.670707464,1,1.303011656,0,0.103942513,0,0.490131438,0
11.80796051,-41.66952133,1,-35.01857758,1,-2.071515799,1,-0.86997515,1,-0.829621613,1,1.723733544,1,1.299806118,0,0.094696946,0,0.489731729,0
11.81196594,-11.46513844,1,-22.38236809,1,-2.525948763,1,-1.251368999,1,-0.944652915,1,1.461337209,1,1.295410037,0,0.087873466,0,0.487975657,0
11.81596756,-2.983429432,1,-8.613940239,1,-9.190321922,1,-1.429585099,1,-1.231872678,1,1.900057077,1,1.289677501,0,0.080179162,0,0.485449076,0
11.81996536,-7.367989063,1,2.044851303,1,-10.81948948,1,-1.410348415,1,-0.87369293,1,1.998074889,1,1.283874035,0,0.071416363,0,0.483693779,0
11.82396412,-7.968495369,1,5.865265369,1,-7.915964127,1,-1.207949638,1,-1.05586195,1,1.826512694,1,1.278490067,0,0.062896967,0,0.482171535,0
11.82796574,-10.35595226,1,3.507698059,1,-8.013487816,1,-1.027640462,1,-0.904408693,1,1.479275942,1,1.273963451,0,0.05549071,0,0.480297923,0
11.83196354,-5.305201054,1,-2.11610961,1,-7.393871784,1,-1.003061891,1,-0.764933765,1,1.395358086,1,1.269851446,0,0.049053092,0,0.478798211,0
11.83596325,-6.51625061,1,-5.345688343,1,-8.015275002,1,-1.087572575,1,-0.730548322,1,1.34212327,1,1.265619278,0,0.042918205,0,0.47759673,0
11.83996487,-9.680592537,1,-0.599370718,1,-8.48330307,1,-1.061966777,1,-0.690325439,1,1.283785462,1,1.261236191,0,0.037071761,0,0.476452053,0
11.84396267,-9.782109261,1,-2.575662851,1,-8.002165794,1,-1.023540258,1,-0.636840165,1,1.230445504,1,1.257072449,0,0.03146302,0,0.475448012,0
11.84796143,-4.023622036,1,-7.587004185,1,-8.550726891,1,-1.066778541,1,-0.665659249,1,1.247156501,1,1.252892017,0,0.025938962,0,0.474526882,0
11.85196304,-4.346181393,1,-1.879760504,1,-10.20750904,1,-1.101231694,1,-0.702795982,1,1.211475492,1,1.248480439,0,0.020398077,0,0.473490834,0
11.85596085,-8.33360672,1,6.788896084,1,-10.55923653,1,-0.964672804,1,-0.751491368,1,1.151112437,1,1.244274497,0,0.014976406,0,0.472213328,0
11.85996056,-7.959330082,1,3.190883398,1,-9.142296791,1,-0.719314873,1,-0.770535469,1,0.988631248,1,1.240921855,0,0.009924634,0,0.470716834,0
11.86396122,-5.732028008,1,0.24506408,1,-8.975093842,1,-0.679454923,1,-0.798171699,1,0.835519791,1,1.238126516,0,0.005470631,0,0.468938649,0
11.86795902,-7.852098465,1,3.849276543,1,-9.316160202,1,-0.587123096,1,-0.807040274,1,0.66076076,1,1.235580921,0,0.001585454,0,0.466867805,0
11.87195873,-5.790856361,1,1.397013307,1,-9.581652641,1,-0.563810766,1,-0.843832672,1,0.470753282,1,1.2333076,0,-0.001638637,0,0.46450901,0
11.8759613,-5.031478882,1,-0.299871296,1,-9.945728302,1,-0.547723293,1,-0.891201317,1,0.363876462,1,1.231069326,0,-0.004340141,0,0.461774379,0
11.87995815,-6.131855965,1,-0.861693442,1,-10.19940186,1,-0.489305347,1,-0.916478693,1,0.368094295,1,1.229004383,0,-0.00691567,0,0.458857775,0
11.88395786,-6.32974577,1,-4.564106464,1,-11.2147646,1,-0.508534431,1,-1.073007822,1,0.382575631,1,1.227081299,0,-0.009636253,0,0.455648601,0
11.88796043,-6.26301384,1,-5.317821503,1,-11.87441921,1,-0.622776628,1,-1.301654339,1,0.445995748,1,1.22484231,0,-0.012805036,0,0.451727211,0
11.89195824,-4.402483463,1,-4.456175327,1,-13.13498974,1,-0.678434849,1,-1.519432545,1,0.497977436,1,1.22230196,0,-0.016514903,0,0.447079599,0
11.89595795,-2.240661621,1,-4.15643692,1,-14.20608425,1,-0.641437769,1,-1.798790932,1,0.53961575,1,1.219818234,0,-0.020738464,0,0.441565543,0
11.89995861,-2.855896473,1,-2.37630868,1,-15.5985136,1,-0.823257387,1,-2.093401432,1,0.522000194,1,1.2169981,0,-0.025433183,0,0.435017318,0
11.90395641,-4.138191223,1,2.484189272,1,-17.73180199,1,-0.654948473,1,-2.436888218,1,0.491778105,1,1.21422112,0,-0.030472478,0,0.427224576,0
11.90795612,-4.253276825,1,0.327810258,1,-17.33299065,1,-0.565532327,1,-2.845066786,1,0.456734598,1,1.212151051,0,-0.035950236,0,0.417990506,0
11.91195774,-6.135075569,1,-2.517290592,1,-17.78305054,1,-0.599136293,1,-3.259958744,1,0.444869906,1,1.210236073,0,-0.041943222,0,0.407170713,0
11.91595459,-4.782322407,1,-5.558928013,1,-17.89344025,1,-0.687568128,1,-3.66037631,1,0.531616449,1,1.208297849,0,-0.048667137,0,0.394883543,0
11.9199543,1.307507157,1,-3.042303324,1,-19.11770821,1,-0.734071732,1,-4.205521584,1,0.555829465,1,1.206125021,0,-0.056283217,0,0.380959451,0
11.92396164,-1.243463516,1,-1.995732188,1,-21.43961143,1,-0.60518539,1,-4.692836285,1,0.673033237,1,1.204396725,0,-0.064916395,0,0.365145504,0
11.92796612,2.088048935,1,-4.306622028,1,-18.91543388,1,-0.598734796,1,-5.170779228,1,0.764229596,1,1.203245997,0,-0.074655659,0,0.347769886,0
11.93196583,1.458152413,1,-6.776637077,1,-19.5397625,1,-0.668823302,1,-5.835124016,1,0.918553889,1,1.202268839,0,-0.085712694,0,0.328329742,0
11.93596745,0.396967441,1,-5.123534679,1,-19.1033287,1,-0.677597344,1,-6.353144646,1,1.119782805,1,1.201506257,0,-0.098303594,0,0.306955874,0
11.93996525,3.103182793,1,-5.312200546,1,-18.1616478,1,-0.646586776,1,-6.897803307,1,1.305168152,1,1.141156197,0,-0.01582271,0,0.266182303,0
11.94396496,3.345110655,1,-6.42254591,1,-18.09086418,1,-0.571109354,1,-7.486202717,1,1.506204724,1,1.13928616,0,-0.03294627,0,0.242387429,0
11.94796658,2.094790936,1,-6.455457687,1,-17.99954605,1,-0.528178513,1,-7.996022701,1,1.750392199,1,1.13817656,0,-0.051831316,0,0.216949135,0
11.95196438,2.704473257,1,-5.394350529,1,-17.2846756,1,-0.438902229,1,-8.47191143,1,1.914319873,1,1.137902379,0,-0.072323248,0,0.190056384,0
11.95596314,1.999274254,1,-4.745132923,1,-16.5565834,1,-0.3987692,1,-8.735056877,1,2.118726492,1,1.138585687,0,-0.094139397,0,0.161937743,0
11.95996475,2.490522623,1,-4.316339016,1,-15.22281647,1,-0.426868498,1,-8.737570763,1,2.322590351,1,1.139899373,0,-0.116822489,0,0.133755878,0
11.96396256,1.217510223,1,-3.644983292,1,-14.72456932,1,-0.485984862,1,-8.738516808,1,2.494301558,1,1.141679883,0,-0.140145361,0,0.105769977,0
11.96796227,-2.268612862,1,-4.182898045,1,-13.98207951,1,-0.609625101,1,-8.74214077,1,2.738955736,1,1.143700719,0,-0.164172083,0,0.077984527,0
11.97196293,-1.920663238,1,-2.683397293,1,-13.03218842,1,-0.735313177,1,-8.746899605,1,2.885623217,1,1.145843983,0,-0.188901424,0,0.050366674,0
11.97596073,-2.774784565,1,-0.192005247,1,-12.33549118,1,-0.698220193,1,-8.745350838,1,2.986651421,1,1.14844358,0,-0.213998199,0,0.022751173,0
11.97996044,-11.52820683,1,2.716984987,1,-13.5840292,1,-0.44614318,1,-8.740926743,1,3.005760908,1,1.152304173,0,-0.239256799,0,-0.004974365,0
11.98396206,-16.00021553,1,6.156147003,1,-12.12707329,1,0.140837371,1,-8.728208542,1,2.858549356,1,1.158530951,0,-0.264036477,0,-0.033118553,0
11.98795986,-17.50866127,1,4.525186539,1,-13.64190483,1,0.665731609,1,-8.718010902,1,2.984111547,1,1.16789794,0,-0.288635343,0,-0.061579775,0
11.99195957,-23.12931824,1,6.226541042,1,-13.60156059,1,1.330233693,1,-8.702595711,1,2.842694044,1,1.180462599,0,-0.312900543,0,-0.090486348,0
11.99596119,-28.57040405,1,3.519109011,1,-12.99687004,1,2.043959379,1,-8.687024117,1,2.616031647,1,1.196717739,0,-0.335984468,0,-0.120238744,0
11.99995899,-35.0093689,1,0.502686381,1,-13.0826683,1,2.533921719,1,-8.675713539,1,2.384903193,1,1.216381073,0,-0.357704699,0,-0.150944188,0
12.0039587,-39.63838196,1,-1.881426215,1,-11.19804096,1,2.864930153,1,-8.609442711,1,2.172693491,1,1.238605738,0,-0.377953142,0,-0.182592914,0
12.00795937,-34.82807541,1,-6.814084053,1,-7.952074051,1,2.914233446,1,-7.736013889,1,2.074499607,1,1.261855364,0,-0.39631173,0,-0.213285521,0
12.01195717,-36.99669647,1,-9.173829079,1,-4.076739788,1,2.644839048,1,-6.639203072,1,2.015852213,1,1.283787251,0,-0.412590295,0,-0.240659937,0
12.01595688,-33.66096497,1,-8.088560104,1,-2.04904294,1,2.191557646,1,-5.432346821,1,1.983172536,1,1.302868485,0,-0.426938415,0,-0.263630688,0
12.0199585,-26.17188644,1,-10.21352768,1,-0.812398851,1,1.658927202,1,-4.433900833,1,1.743407726,1,1.318497181,0,-0.43915844,0,-0.282484472,0
12.0239563,-20.15201187,1,-16.58852386,1,0.103653356,1,0.812843382,1,-3.685796261,1,1.70210135,1,1.330237985,0,-0.449805051,0,-0.297985613,0
12.02795601,-17.87618065,1,-23.49571609,1,-3.477515697,1,-0.536750674,1,-3.129946709,1,1.574161291,1,1.336575031,0,-0.459391594,0,-0.310912699,0
12.03195763,-13.72721958,1,-23.71132088,1,-1.138708472,1,-2.196782589,1,-2.884609938,1,1.339093089,1,1.336126208,0,-0.467874378,0,-0.322290599,0
12.03595448,-12.85558987,1,-12.13692188,1,1.812018633,1,-3.345006943,1,-3.32471633,1,1.284430265,1,1.330387235,0,-0.475619853,0,-0.334468842,0
12.03995419,-34.08097076,1,-0.348131061,1,-6.330152035,1,-3.530876875,1,-3.194669008,1,0.936599255,1,1.322360754,0,-0.483448327,0,-0.34775123,0
12.04396248,-32.13380432,1,0.338414073,1,-9.362139702,1,-3.03532815,1,-2.339409828,1,0.718851388,1,1.314498901,0,-0.489289075,0,-0.358932734,0
12.047966,-14.7776413,1,1.033985734,1,-7.39673996,1,-2.49045682,1,-2.127245665,1,0.522549808,1,1.307584047,0,-0.493935883,0,-0.367791176,0
12.05196571,-9.06772995,1,5.152658463,1,-6.244745731,1,-1.698976636,1,-2.423953056,1,0.312039733,1,1.303621531,0,-0.497901559,0,-0.377232432,0
12.05596733,-10.91224575,1,5.204257488,1,-7.336020947,1,-0.836635053,1,-2.683738708,1,0.292000115,1,1.303818464,0,-0.501747727,0,-0.388163686,0
12.05996513,-12.80179405,1,2.254084349,1,-8.292761803,1,-0.068603426,1,-2.809890509,1,0.425341427,1,1.307708979,0,-0.505972564,0,-0.399878263,0
12.06396389,-13.38274193,1,0.434764475,1,-8.841747284,1,0.54840976,1,-2.904770136,1,0.649273694,1,1.31453073,0,-0.5109815,0,-0.411878973,0
12.06796551,-14.83691216,1,-1.280050159,1,-9.219380379,1,1.073775411,1,-2.991544724,1,0.876880169,1,1.323825836,0,-0.516866744,0,-0.424127579,0
12.07196331,-16.63443375,1,-3.631253004,1,-9.881285667,1,1.461988807,1,-3.015350342,1,1.163733959,1,1.335090756,0,-0.523679554,0,-0.436478972,0
12.07596302,-17.72681999,1,-6.162723064,1,-10.92976665,1,1.663323283,1,-2.961892366,1,1.506256938,1,1.347461939,0,-0.531612575,0,-0.44856903,0
12.07996368,-17.49398613,1,-8.462674141,1,-11.89707756,1,1.71573019,1,-2.898588181,1,1.838395834,1,1.360198975,0,-0.540673435,0,-0.460204005,0
12.08396149,-17.08165169,1,-10.41780567,1,-12.90558338,1,1.649792314,1,-2.835168123,1,2.179069996,1,1.372790813,0,-0.550857067,0,-0.471416175,0
12.0879612,-17.04304886,1,-12.2665472,1,-13.97289658,1,1.480398655,1,-2.805499792,1,2.553720951,1,1.384846807,0,-0.562296391,0,-0.482340157,0
12.09196377,-16.97108841,1,-13.89027977,1,-15.04573727,1,1.219276428,1,-2.778103828,1,2.94567585,1,1.396021962,0,-0.575107455,0,-0.493027776,0
12.09596062,-16.97963905,1,-15.27952099,1,-15.95781994,1,0.893818557,1,-2.751674414,1,3.354203939,1,1.406058311,0,-0.589391053,0,-0.503538489,0
12.09996128,-16.94733429,1,-16.23122406,1,-16.78035355,1,0.541548848,1,-2.731384277,1,3.744784117,1,1.414757609,0,-0.605149865,0,-0.513888955,0
12.1039629,-16.84111023,1,-16.57736015,1,-17.48326874,1,0.178609774,1,-2.680882931,1,4.107670784,1,1.422061563,0,-0.622321665,0,-0.52406311,0
12.1079607,-16.79826355,1,-16.51707077,1,-18.10813904,1,-0.148353592,1,-2.614202976,1,4.452645779,1,1.427976131,0,-0.64081037,0,-0.533981681,0
12.11195946,-16.79972076,1,-15.64171505,1,-18.82055092,1,-0.426182032,1,-2.524985313,1,4.750768661,1,1.432588935,0,-0.660486579,0,-0.543530941,0
12.11596108,-16.71474266,1,-14.41567039,1,-19.58119583,1,-0.616546869,1,-2.423137188,1,5.003063679,1,1.436151624,0,-0.681164563,0,-0.552661002,0
12.11995888,-16.84843826,1,-12.6590271,1,-20.00324249,1,-0.679372072,1,-2.295325994,1,5.21744442,1,1.43902564,0,-0.702691078,0,-0.561290681,0
12.12395859,-17.26917839,1,-10.75436211,1,-20.41236877,1,-0.559786856,1,-2.142082214,1,5.405351162,1,1.441733122,0,-0.724907279,0,-0.569289446,0
12.12796021,-17.97919464,1,-8.960762978,1,-21.01252556,1,-0.264657676,1,-1.949010372,1,5.543951511,1,1.444877148,0,-0.747678936,0,-0.576491773,0
12.13195801,-18.99701691,1,-7.707749367,1,-21.57323647,1,0.172824174,1,-1.711944103,1,5.646994591,1,1.44895792,0,-0.770813107,0,-0.582718194,0
12.13595676,-19.79990959,1,-7.914236546,1,-22.02939224,1,0.664406896,1,-1.429781675,1,5.721952915,1,1.454139948,0,-0.794146299,0,-0.587716043,0
12.13995838,-20.54767036,1,-9.287305832,1,-22.68378448,1,1.129641771,1,-1.120384336,1,5.77858305,1,1.460316658,0,-0.817576587,0,-0.591264069,0
12.14395618,-20.7890892,1,-11.07395172,1,-23.32568169,1,1.492907286,1,-0.808095753,1,5.818362713,1,1.467063427,0,-0.841043591,0,-0.593243897,0
12.14795589,-20.52014351,1,-13.54218864,1,-23.87767982,1,1.702101231,1,-0.515066147,1,5.850302696,1,1.473821878,0,-0.864534855,0,-0.593685448,0
12.15195751,-20.12506294,1,-16.0114994,1,-24.1749115,1,1.74557507,1,-0.231698751,1,5.876980305,1,1.479899764,0,-0.888039112,0,-0.592572391,0
12.15595532,-19.44831276,1,-17.78864288,1,-23.99584007,1,1.623093843,1,0.049515955,1,5.887850761,1,1.484531403,0,-0.911523044,0,-0.589826345,0
12.15995503,-18.38635254,1,-19.39113426,1,-23.54313469,1,1.385944366,1,0.355612069,1,5.874271393,1,1.486871004,0,-0.93489641,0,-0.585169733,0
12.16396141,-17.329813,1,-20.85914803,1,-22.77820969,1,1.044312119,1,0.669642746,1,5.841277599,1,1.486192465,0,-0.958089948,0,-0.578316987,0
12.16796589,-16.86598015,1,-22.1078167,1,-21.51852226,1,0.616876543,1,1.024118185,1,5.774803638,1,1.481715918,0,-0.980942488,0,-0.568814695,0
12.1719656,-16.43023109,1,-23.30875206,1,-20.0089798,1,0.089169241,1,1.410151362,1,5.65807724,1,1.472465873,0,-1.003254652,0,-0.556058586,0
12.17596722,-15.36051273,1,-24.16879272,1,-18.74076653,1,-0.527473569,1,1.782934904,1,5.551265717,1,1.45758903,0,-1.02487874,0,-0.539543927,0
12.17996502,-13.53050804,1,-24.58488655,1,-17.59539604,1,-1.167718172,1,2.119410276,1,5.451861382,1,1.436560035,0,-1.045741796,0,-0.519037724,0
12.18396473,-11.13633156,1,-23.85146523,1,-16.38739014,1,-1.774189234,1,2.383049965,1,5.354063988,1,1.40927124,0,-1.065790892,0,-0.494460672,0
12.18796635,-8.757901192,1,-22.58833504,1,-15.20966721,1,-2.322996855,1,2.615131855,1,5.244551659,1,1.1929456,0,-1.072359204,0,-0.35028252,0
12.19196415,-6.491906643,1,-21.14412689,1,-14.47034931,1,-2.802515984,1,2.797392607,1,5.118469238,1,1.14892149,0,-1.087239385,0,-0.312004834,0
12.19596291,-4.278886795,1,-19.05772972,1,-13.81664753,1,-3.176382542,1,2.94746089,1,4.948107719,1,1.100040317,0,-1.100447536,0,-0.270475775,0
12.19996452,-2.198586941,1,-16.71466255,1,-13.26176071,1,-3.405067205,1,3.067828894,1,4.743430614,1,1.047277331,0,-1.111754537,0,-0.226218253,0
12.20396233,-0.79491204,1,-14.15857506,1,-12.75537491,1,-3.466716528,1,3.184000492,1,4.503505707,1,0.99182868,0,-1.120973587,0,-0.179855794,0
12.20796204,-0.15177843,1,-12.30003357,1,-11.82174397,1,-3.373294353,1,3.318209171,1,4.212757111,1,0.935005844,0,-1.127874255,0,-0.13207528,0
12.21196365,0.39113453,1,-11.12098408,1,-11.54096222,1,-3.122887135,1,3.480940342,1,3.907859564,1,0.878022909,0,-1.132279038,0,-0.083485916,0
12.21596146,0.378185064,1,-10.37921429,1,-11.35832024,1,-2.758254766,1,3.657558441,1,3.595187664,1,0.822169185,0,-1.134137273,0,-0.03482854,0
12.21996117,0.005643997,1,-9.57450676,1,-10.80372715,1,-2.323762894,1,3.915156841,1,3.221574306,1,0.768418312,0,-1.133286238,0,0.013264945,0
12.22396278,-0.655831039,1,-8.791565895,1,-9.687281609,1,-1.862314701,1,4.25109911,1,2.808653355,1,0.717639983,0,-1.129434347,0,0.060113654,0
12.22796059,-1.354857087,1,-8.701908112,1,-8.519384384,1,-1.387037516,1,4.672971249,1,2.339905262,1,0.670609474,0,-1.12232101,0,0.105023377,0
12.23195934,-2.064427376,1,-9.121305466,1,-7.165019989,1,-0.939944267,1,5.17354393,1,1.837968946,1,0.627874255,0,-1.111698627,0,0.147379875,0
12.23596096,-2.373248577,1,-9.726876259,1,-5.83148098,1,-0.525752425,1,5.706121445,1,1.298941135,1,0.589999437,0,-1.097438455,0,0.186507598,0
12.23995876,-2.286548853,1,-10.43314552,1,-4.450150013,1,-0.174136683,1,6.229897976,1,0.768542647,1,0.557238936,0,-1.079622865,0,0.221929193,0
12.24395847,-2.262156963,1,-11.14747906,1,-3.141891479,1,0.089631811,1,6.704031944,1,0.245754674,1,0.529550433,0,-1.058514714,0,0.253326893,0
12.24795914,-2.36642313,1,-11.64928722,1,-1.877746105,1,0.272160083,1,7.112325191,1,-0.244788617,1,0.506600261,0,-1.034490466,0,0.280684292,0
12.25195694,-2.121456146,1,-11.89002609,1,-0.836895168,1,0.399129152,1,7.454138756,1,-0.696414351,1,0.487934738,0,-1.007968903,0,0.304152489,0
12.25595665,-1.878033638,1,-11.74371243,1,-0.109229863,1,0.496814251,1,7.703938007,1,-1.129998446,1,0.473185807,0,-0.979382098,0,0.323892415,0
12.25995922,-2.134896278,1,-11.09150696,1,0.576407075,1,0.600257993,1,7.885843754,1,-1.540956736,1,0.461996704,0,-0.949125528,0,0.340173334,0
12.26395607,-2.559594631,1,-10.375741,1,1.02994597,1,0.722997785,1,8.01593399,1,-1.92665422,1,0.454051167,0,-0.917517245,0,0.353352189,0
12.26795578,-3.130778313,1,-9.765358925,1,1.402696371,1,0.851189494,1,8.102767944,1,-2.278516769,1,0.448998302,0,-0.88482523,0,0.363804549,0
12.27195835,-3.720001221,1,-9.231692314,1,1.530678153,1,1.019889116,1,8.141631126,1,-2.608236074,1,0.446527898,0,-0.851287007,0,0.371933013,0
12.27595615,-4.513074398,1,-8.529479027,1,1.555940986,1,1.210189223,1,8.13701725,1,-2.911976337,1,0.446443766,0,-0.817139983,0,0.378053665,0
12.27995396,-5.753325462,1,-7.922745705,1,1.440767527,1,1.409418583,1,8.125281334,1,-3.205977201,1,0.448557198,0,-0.78251195,0,0.382399201,0
12.28396225,-7.289757252,1,-7.687333107,1,1.269101977,1,1.604716659,1,8.116727829,1,-3.490826368,1,0.452589273,0,-0.747434974,0,0.385282755,0
12.28796578,-8.810718536,1,-8.172395706,1,1.155234575,1,1.780138135,1,8.140248299,1,-3.759453773,1,0.458223015,0,-0.711853445,0,0.386993229,0
12.29196549,-9.802758217,1,-9.126131058,1,1.027818561,1,1.902651072,1,8.150651932,1,-3.987998724,1,0.465076417,0,-0.675771892,0,0.387818456,0
12.29596806,-10.28839588,1,-10.10044098,1,0.976819873,1,1.938324451,1,8.142967224,1,-4.196317196,1,0.472688407,0,-0.639293432,0,0.387970209,0
12.29996586,-10.52206135,1,-10.9694891,1,0.958542764,1,1.915913463,1,8.120528221,1,-4.366616726,1,0.480617762,0,-0.60253036,0,0.3876127,0
12.30396557,-10.78886604,1,-11.30681133,1,0.849578857,1,1.857816458,1,8.086192131,1,-4.516402721,1,0.488573313,0,-0.565559566,0,0.386877954,0
12.30796719,-11.2097187,1,-11.32401943,1,0.468673348,1,1.798778892,1,8.049562454,1,-4.646695137,1,0.49642387,0,-0.528458238,0,0.385825038,0
12.31196499,-11.69771671,1,-10.84242153,1,0.016439041,1,1.76372087,1,8.006139755,1,-4.781299591,1,0.504172206,0,-0.49123925,0,0.384526849,0
12.3159647,-12.26990795,1,-10.23518372,1,-0.318527669,1,1.75931251,1,7.969294548,1,-4.905322075,1,0.51191777,0,-0.453901619,0,0.382966459,0
12.31996632,-12.64178181,1,-9.738657951,1,-0.655335963,1,1.783809423,1,7.928831577,1,-5.049561024,1,0.519739389,0,-0.41642797,0,0.381159693,0
12.32396412,-12.99058437,1,-9.217224121,1,-0.708763838,1,1.835858345,1,7.893886566,1,-5.187243938,1,0.527775168,0,-0.378789932,0,0.379091501,0
12.32796383,-12.79640293,1,-8.832030296,1,-0.77488035,1,1.914323568,1,7.8618536,1,-5.315011024,1,0.536076963,0,-0.340971768,0,0.376805305,0
12.33196449,-11.7810154,1,-8.302531242,1,-1.041613221,1,2.01558876,1,7.794287205,1,-5.423905849,1,0.5447101,0,-0.303065181,0,0.374361932,0
12.3359623,-10.92475796,1,-7.672486305,1,-0.924472392,1,2.148271799,1,7.692102909,1,-5.492538452,1,0.553739309,0,-0.265237093,0,0.37180078,0
12.33996201,-10.29371166,1,-6.981621742,1,-1.081216931,1,2.33360219,1,7.570102215,1,-5.530498981,1,0.563327074,0,-0.227664948,0,0.369192362,0
12.34396362,-9.780662537,1,-6.021980762,1,-1.383798838,1,2.575858831,1,7.41739893,1,-5.546987057,1,0.57367146,0,-0.19047372,0,0.366595626,0
12.34796143,-9.477472305,1,-5.194290161,1,-1.632490277,1,2.850298882,1,7.271799088,1,-5.519255161,1,0.584939063,0,-0.153770551,0,0.364108443,0
12.35196114,-9.495900154,1,-4.310016155,1,-1.907304287,1,3.153669596,1,7.136429787,1,-5.456968784,1,0.597232401,0,-0.117610224,0,0.361908317,0
12.35596275,-9.51792717,1,-3.67345953,1,-2.192571878,1,3.503249407,1,7.019343376,1,-5.359955788,1,0.610728502,0,-0.082025766,0,0.360153615,0
12.35996056,-10.12693596,1,-3.457736492,1,-2.641837835,1,3.887381315,1,6.934810638,1,-5.230914116,1,0.625568569,0,-0.047012705,0,0.35904038,0
12.36396027,-10.90335083,1,-3.349576235,1,-3.104589939,1,4.269022942,1,6.89974308,1,-5.078993797,1,0.641891479,0,-0.012514686,0,0.358790159,0
12.36796188,-11.84629154,1,-3.473621607,1,-3.800358772,1,4.61495924,1,6.901970863,1,-4.911065102,1,0.659688711,0,0.021532858,0,0.359608203,0
12.37195969,-12.90686512,1,-3.957945108,1,-4.309147835,1,4.914800644,1,6.942358017,1,-4.747128487,1,0.678850651,0,0.055228967,0,0.361620277,0
12.37595844,-13.97846603,1,-4.855798244,1,-4.717716217,1,5.141432285,1,7.015382767,1,-4.574259758,1,0.699220538,0,0.088633135,0,0.364983261,0
12.37996006,-14.78858089,1,-6.049866676,1,-5.250246048,1,5.274114132,1,7.091758251,1,-4.420640469,1,0.720564246,0,0.121753462,0,0.36974746,0
12.38395786,-15.29001904,1,-7.234111309,1,-5.816871643,1,5.287463665,1,7.151634693,1,-4.28402853,1,0.742565334,0,0.154578149,0,0.375884622,0
12.38795757,-15.56847095,1,-8.641134262,1,-6.382797718,1,5.178714275,1,7.194615364,1,-4.160403252,1,0.764795125,0,0.187049538,0,0.383320242,0
12.39195919,-15.71985435,1,-9.790220261,1,-6.839635849,1,4.976264,1,7.227352619,1,-4.066804409,1,0.786872745,0,0.219144434,0,0.391952574,0
12.39595604,-15.50555801,1,-10.26818943,1,-7.137339592,1,4.712157726,1,7.218889236,1,-4.001666069,1,0.808510065,0,0.250872046,0,0.401626706,0
12.39995575,-15.21025181,1,-10.28742409,1,-7.679520607,1,4.429107189,1,7.165099144,1,-3.996108055,1,0.829541504,0,0.282203496,0,0.41210413,0
12.40396404,-14.87321949,1,-9.46714592,1,-8.296702385,1,4.182623386,1,7.056834221,1,-4.042541504,1,0.849959731,0,0.313155174,0,0.423045516,0
12.40796757,-14.65137291,1,-8.146841049,1,-9.153911591,1,4.005702019,1,6.908032417,1,-4.126216412,1,0.86989212,0,0.343758553,0,0.434157163,0
12.41196728,-14.43012428,1,-6.603543758,1,-10.26069641,1,3.961656809,1,6.729192734,1,-4.246210575,1,0.889659166,0,0.374028921,0,0.445217311,0
12.4159689,-15.15995312,1,-4.757270813,1,-11.36632156,1,4.047965527,1,6.552164555,1,-4.418205261,1,0.909743845,0,0.404099047,0,0.456048816,0
12.4199667,-16.4431076,1,-2.863803625,1,-12.26154327,1,4.267505169,1,6.408725739,1,-4.664293766,1,0.930655718,0,0.434234679,0,0.466585129,0
12.42396641,-17.81230354,1,-1.156647801,1,-13.04592514,1,4.543117046,1,6.279515743,1,-4.965007305,1,0.95271039,0,0.464728057,0,0.476796806,0
12.42796898,-19.03333092,1,-0.898970187,1,-13.3978796,1,4.786605835,1,6.169780254,1,-5.319345474,1,0.97594142,0,0.495823115,0,0.486642867,0
12.43196583,-20.05107307,1,-1.775851727,1,-13.54571533,1,4.930891991,1,6.038387299,1,-5.657748699,1,1.000072002,0,0.527602613,0,0.496178925,0
12.43596554,-21.42264938,1,-2.656390429,1,-13.74302769,1,4.970942497,1,5.890124321,1,-5.965405941,1,1.024706006,0,0.559970498,0,0.505458236,0
12.43996811,-22.80627632,1,-2.879693031,1,-14.09574032,1,4.90912962,1,5.697793484,1,-6.242375851,1,1.11204493,0,0.496924073,0,0.475939989,0
12.44396591,-24.41979027,1,-2.565805912,1,-14.63592243,1,4.771368504,1,5.439239025,1,-6.482809067,1,1.136556149,0,0.529504418,0,0.486387849,0
12.44796372,-26.66436005,1,-2.103607655,1,-15.09816265,1,4.609092236,1,5.15914011,1,-6.676538944,1,1.160510182,0,0.562209904,0,0.496377587,0
12.45196629,-29.15158463,1,-1.152938604,1,-15.31677818,1,4.448338032,1,4.847970486,1,-6.819134712,1,1.183827281,0,0.594858825,0,0.505898654,0
12.45596409,-31.54594231,1,-0.102601424,1,-15.34080982,1,4.302490234,1,4.504992008,1,-6.898258209,1,1.206452608,0,0.627258301,0,0.514854252,0
12.4599638,-34.08320618,1,0.558834434,1,-14.83754444,1,4.149763107,1,4.170384407,1,-6.921316624,1,1.22839129,0,0.659205377,0,0.523244977,0
12.46396446,-36.79908752,1,1.419393659,1,-14.15711403,1,4.00875473,1,3.830925465,1,-6.87699461,1,1.249628425,0,0.690526843,0,0.531107366,0
12.46796227,-39.01122284,1,3.301665783,1,-13.51232624,1,3.896081686,1,3.497392654,1,-6.806384563,1,1.27020669,0,0.72107774,0,0.538468242,0
12.47196198,-40.97444153,1,6.485043526,1,-12.96552467,1,3.861303091,1,3.110578299,1,-6.694036007,1,1.290153742,0,0.750745654,0,0.545113564,0
12.47596359,-43.40969467,1,10.39104652,1,-12.18768215,1,3.929605722,1,2.705216408,1,-6.550508976,1,1.309662223,0,0.77938503,0,0.550816894,0
12.4799614,-46.03527832,1,13.11615181,1,-10.74307346,1,4.062067509,1,2.337608814,1,-6.333189011,1,1.329025865,0,0.806875646,0,0.555574477,0
12.48396111,-48.14901352,1,12.92637157,1,-8.675433159,1,4.143984795,1,2.026456356,1,-6.000347614,1,1.348483682,0,0.8329252,0,0.559686542,0
12.48796272,-49.23822784,1,10.81494999,1,-6.764120102,1,3.977685928,1,1.716004968,1,-5.535132408,1,1.367568851,0,0.85708493,0,0.563374698,0
12.49196053,-49.40554047,1,8.754210472,1,-4.363125801,1,3.454411983,1,1.371115446,1,-4.993575096,1,1.384855509,0,0.878958762,0,0.566445053,0
12.49596024,-47.98235703,1,8.002814293,1,-1.74298954,1,2.672284126,1,0.990156233,1,-4.366844654,1,1.398778915,0,0.898243308,0,0.568543613,0
12.49996185,-46.35192871,1,9.213329315,1,0.252408057,1,1.756543875,1,0.592839956,1,-3.686138868,1,1.408201933,0,0.914656878,0,0.569261789,0
12.5039587,-44.89883423,1,12.09821892,1,1.795473218,1,0.947797239,1,0.252275616,1,-3.011171341,1,1.412917137,0,0.928130269,0,0.568452239,0
12.50795841,-43.83282089,1,14.91735268,1,2.714174271,1,0.384249657,1,0.018091785,1,-2.341032505,1,1.413959265,0,0.938773811,0,0.566506445,0
12.51196003,-43.74569321,1,17.49267769,1,3.009393692,1,0.092537992,1,-0.105790205,1,-1.737140298,1,1.412819147,0,0.946780741,0,0.564000845,0
12.51595783,-42.65935516,1,18.97667503,1,3.59889245,1,0.024408842,1,-0.144397363,1,-1.190361738,1,1.411024809,0,0.952469587,0,0.561553538,0
12.51995659,-41.13834763,1,19.0135231,1,4.760530949,1,0.054415047,1,-0.151713103,1,-0.640204608,1,1.40951395,0,0.955994904,0,0.559527338,0
12.52396488,-38.55931473,1,16.87685585,1,6.146633625,1,0.062542856,1,-0.192935839,1,-0.059015356,1,1.408516049,0,0.95728147,0,0.558003664,0
12.52796841,-35.10293579,1,14.18860054,1,5.729826927,1,-0.000264624,1,-0.33295396,1,0.502183437,1,1.407455444,0,0.956224918,0,0.556516051,0
12.53196812,32.13764572,1,3.519503117,1,-9.058379173,1,-1.06985724,1,-1.591271043,1,1.013678312,1,1.402287006,0,0.952500999,0,0.552078724,0
12.53596973,-74.85057831,1,2.985555649,1,26.91604042,1,-2.901195288,1,-4.148836136,1,1.563111424,1,1.379437089,0,0.945723891,0,0.533313155,0
12.53996754,-29.9667511,1,-4.373518467,1,21.66404343,1,-4.400861263,1,-5.086556435,1,2.074041843,1,1.341657043,0,0.934611082,0,0.505579233,0
12.54396725,-10.57721519,1,27.98395729,1,9.6639328,1,-3.95587182,1,-8.002951622,1,2.321193457,1,1.294994831,0,0.919653237,0,0.467692047,0
12.54796886,-39.24215317,1,27.65762329,1,-13.05539227,1,-3.928563595,1,-8.806985855,1,1.941887736,1,1.238893032,0,0.9011482,0,0.418281198,0
12.55196667,-32.18674088,1,36.21533966,1,-50.25489426,1,-1.342382789,1,-8.749187469,1,1.13454175,1,1.191591501,0,0.883165121,0,0.369304717,0
12.55596638,-44.21435547,1,20.01538849,1,-78.15216064,1,0.399228215,1,-8.712256432,1,1.065920353,1,1.151934266,0,0.865897596,0,0.321527004,0
12.55996704,-69.45861053,1,-6.145851135,1,-89.24532318,1,0.481900662,1,-8.714504242,1,1.69240582,1,1.1204772,0,0.84640491,0,0.276721001,0
12.56396484,-85.56204987,1,-14.10944366,1,-68.01529694,1,0.053719889,1,-8.612994194,1,3.398712158,1,1.092278361,0,0.821859717,0,0.237131551,0
12.56796455,-79.86899567,1,-8.819361687,1,-44.33306503,1,-0.800815761,1,-6.396102905,1,5.032669067,1,1.070888162,0,0.792602539,0,0.209872797,0
12.57196522,-31.33274078,1,1.571389794,1,-25.78063011,1,-0.593282461,1,-4.832487583,1,5.46326685,1,1.059001684,0,0.763378739,0,0.197415784,0
12.57596302,0.937093079,1,-1.250145555,1,-7.965729237,1,-0.240300596,1,-4.899390697,1,5.553590298,1,1.052148223,0,0.73481071,0,0.189479142,0
12.57996273,14.91531658,1,-0.775544286,1,2.718708992,1,-0.363364667,1,-5.523886681,1,5.481664658,1,1.044844389,0,0.705119252,0,0.180111527,0
12.58396435,11.19384098,1,2.486401796,1,6.790547848,1,-0.687010765,1,-6.151099682,1,5.255496979,1,1.035152435,0,0.674879372,0,0.168043241,0
12.58796215,-5.883806229,1,-7.029947758,1,3.736895084,1,-1.32538259,1,-6.16603899,1,4.923946381,1,1.022719979,0,0.644652009,0,0.154499561,0
12.59196091,-39.5306015,1,-26.02210426,1,-9.368971825,1,-2.458488941,1,-4.932343006,1,4.779907703,1,1.008731127,0,0.616034865,0,0.143330708,0
12.59596252,-70.46035004,1,-25.11410904,1,-23.49078941,1,-2.971418142,1,-2.617405176,1,3.684789658,1,0.994815648,0,0.593267918,0,0.138798445,0
12.59996033,-56.35246658,1,9.041189194,1,-9.442081451,1,-1.945590615,1,-0.462101966,1,2.904916286,1,0.986488938,0,0.579471588,0,0.14159663,0
12.60396004,-5.759076118,1,2.818711042,1,-0.354610622,1,-1.602045298,1,-0.453798085,1,2.906405926,1,0.982898235,0,0.569001019,0,0.147671595,0
12.6079607,-10.88845539,1,-8.036734581,1,-11.61419868,1,-1.601138711,1,-0.617491305,1,2.614382267,1,0.979242802,0,0.558426738,0,0.152915925,0
12.6119585,-18.80342102,1,-18.99977684,1,-9.08896637,1,-1.488216877,1,-0.849532545,1,1.988180161,1,0.974836349,0,0.549249053,0,0.156132042,0
12.61595821,-3.005269289,1,-7.985996723,1,-10.34919548,1,-1.665039659,1,-1.084791303,1,1.851983786,1,0.969155192,0,0.540833294,0,0.157333225,0
12.61996079,-10.53023529,1,-0.866137505,1,-13.40313625,1,-1.596616864,1,-1.068037629,1,1.909235597,1,0.962958157,0,0.532058477,0,0.158127949,0
12.62395763,-4.60858202,1,3.27656436,1,-10.89569855,1,-1.433811069,1,-0.988496304,1,1.747702122,1,0.957447529,0,0.523798704,0,0.159246236,0
12.62795734,-10.20277882,1,6.770938873,1,-11.58747673,1,-1.15071559,1,-1.136781216,1,1.422260284,1,0.952335179,0,0.516037285,0,0.159383148,0
12.63195896,-10.71248531,1,2.860357046,1,-6.764000416,1,-0.975752831,1,-0.957059979,1,1.243970633,1,0.947936356,0,0.509388626,0,0.158999294,0
12.63595581,-11.46214962,1,-5.778444767,1,-4.966736794,1,-0.966256082,1,-0.803897321,1,1.210151196,1,0.944130659,0,0.503356934,0,0.159043089,0
12.63995552,-8.297383308,1,-8.648895264,1,-6.307920933,1,-1.02832675,1,-0.782502651,1,1.081097007,1,0.940235019,0,0.497765392,0,0.159175515,0
12.64395809,-5.963236332,1,0.090010799,1,-9.811023712,1,-1.006093979,1,-0.76005137,1,1.026276708,1,0.936110973,0,0.492498457,0,0.159152359,0
12.64796066,-6.511764526,1,2.766874313,1,-10.97584915,1,-0.877712905,1,-0.761167228,1,0.923875868,1,0.932270706,0,0.487555206,0,0.159064472,0
12.65196037,-7.15409708,1,2.242768049,1,-10.84031391,1,-0.725478053,1,-0.847638607,1,0.795005381,1,0.92877841,0,0.482889205,0,0.158459336,0
12.65596199,-8.477796555,1,2.041247606,1,-10.07440567,1,-0.536729217,1,-0.910695851,1,0.747431755,1,0.925745964,0,0.478320271,0,0.157337874,0
12.65995979,-6.439005852,1,-2.138620377,1,-8.741580009,1,-0.464558572,1,-0.933954,1,0.724565685,1,0.923169434,0,0.473761231,0,0.156032875,0
12.6639595,-5.599251747,1,-4.901394844,1,-8.439406395,1,-0.4811171,1,-0.918612659,1,0.708336949,1,0.920680404,0,0.469242781,0,0.154644251,0
12.66796112,-4.753985882,1,-4.260581493,1,-8.91612339,1,-0.521519542,1,-0.887195826,1,0.726364017,1,0.91809541,0,0.464767367,0,0.153376326,0
12.67195892,-4.928340435,1,-2.7732656,1,-9.019200325,1,-0.552331209,1,-0.897410691,1,0.751195371,1,0.915411413,0,0.460260153,0,0.1522374,0
12.67595863,-5.626628876,1,-1.547563314,1,-9.989995003,1,-0.553361177,1,-0.959807098,1,0.760469198,1,0.912699103,0,0.455603063,0,0.151038021,0
12.6799593,-6.959867954,1,-0.109432392,1,-9.628189087,1,-0.461738229,1,-1.032021642,1,0.739781857,1,0.90999496,0,0.450776339,0,0.149573579,0
12.6839571,-6.358759403,1,-0.708649039,1,-10.39875507,1,-0.336070627,1,-1.127397776,1,0.71915406,1,0.907631159,0,0.445838362,0,0.147798732,0
12.68795681,-3.877453327,1,-4.919335365,1,-12.2350893,1,-0.419644743,1,-1.347845674,1,0.728580654,1,0.888965726,0,0.456858516,0,0.105067953,0
12.69195843,-3.756032944,1,-2.211125374,1,-13.54165745,1,-0.459418893,1,-1.587891221,1,0.72836715,1,0.885789275,0,0.450892091,0,0.102053553,0
12.69595623,-2.375573158,1,-1.971137166,1,-15.33961391,1,-0.420367628,1,-1.852897286,1,0.760263443,1,0.882490814,0,0.444230497,0,0.098274097,0
12.69995499,-4.298584938,1,-1.106037617,1,-16.10604286,1,-0.496468335,1,-2.178843737,1,0.688379407,1,0.878553391,0,0.436832458,0,0.093428642,0
12.7039566,-4.195376396,1,-0.779476404,1,-15.72883987,1,-0.432708651,1,-2.501330137,1,0.647101164,1,0.874159694,0,0.428812802,0,0.087393895,0
12.70795441,-4.710867405,1,-3.703527689,1,-16.69088173,1,-0.495669156,1,-2.894244432,1,0.651650488,1,0.869374275,0,0.419882596,0,0.080172926,0
12.71195412,-4.058494568,1,-2.279990196,1,-17.58823395,1,-0.558724225,1,-3.299194336,1,0.619245231,1,0.863795578,0,0.409948438,0,0.071655899,0
12.71595669,-3.444077969,1,-2.423461914,1,-18.97791672,1,-0.533965111,1,-3.728628159,1,0.654170036,1,0.857758701,0,0.39887327,0,0.061855067,0
12.71995354,-1.112540245,1,-4.546936989,1,-19.49784851,1,-0.636351883,1,-4.216679573,1,0.710976779,1,0.851200402,0,0.3863976,0,0.050832596,0
12.72395229,-0.789471149,1,-3.497974873,1,-19.8606987,1,-0.590866625,1,-4.713799,1,0.775237441,1,0.844149888,0,0.372358322,0,0.038539764,0
12.72795487,0.68908143,1,-4.846644402,1,-19.11189842,1,-0.541959465,1,-5.244884968,1,0.946820736,1,0.837140441,0,0.356543541,0,0.025133908,0
12.73195171,1.862315059,1,-5.47616291,1,-18.52823257,1,-0.542317629,1,-5.820016861,1,1.073951125,1,0.830031872,0,0.338670164,0,0.010595696,0
12.73595142,2.008068323,1,-6.797952652,1,-18.76646423,1,-0.56215179,1,-6.40663147,1,1.26659584,1,0.822781205,0,0.318682909,0,-0.005073617,0
12.739954,1.627029657,1,-5.906241894,1,-18.07423401,1,-0.589617252,1,-6.929583549,1,1.47984767,1,0.815450251,0,0.296425432,0,-0.021572324,0
12.7439518,4.038107395,1,-5.506176472,1,-16.57336044,1,-0.580921412,1,-7.475056648,1,1.60739851,1,0.80821979,0,0.272159874,0,-0.038896732,0
12.74795055,3.630057335,1,-5.173372269,1,-16.65114021,1,-0.497371495,1,-8.081327438,1,1.80114758,1,0.801354945,0,0.245615751,0,-0.057217944,0
12.75195217,0.947176754,1,-3.769168377,1,-17.09216499,1,-0.374514759,1,-8.548106194,1,1.982928276,1,0.795224726,0,0.216961473,0,-0.076290458,0
12.75594997,-0.012700181,1,-2.750133276,1,-16.48623466,1,-0.201788858,1,-8.730270386,1,2.080507278,1,0.790205359,0,0.186789811,0,-0.095659457,0
12.75994968,1.800347924,1,-3.57742095,1,-15.88615513,1,-0.143344596,1,-8.730802536,1,2.195465088,1,0.786300838,0,0.156126037,0,-0.114690229,0
12.7639513,1.716467977,1,-3.926605225,1,-14.81922245,1,-0.216019318,1,-8.732822418,1,2.399400234,1,0.783034563,0,0.124923363,0,-0.133051082,0
12.7679596,-1.394233584,1,-4.505725861,1,-14.02092743,1,-0.389723986,1,-8.737781525,1,2.603115082,1,0.779922962,0,0.093072988,0,-0.150661781,0
12.77196598,-4.896706104,1,-2.872906446,1,-13.72311115,1,-0.51039952,1,-8.740322113,1,2.754062653,1,0.776812553,0,0.060638722,0,-0.167605504,0
12.77596664,-6.009524822,1,-0.704887509,1,-13.56554222,1,-0.492147595,1,-8.739974976,1,2.806388617,1,0.774038315,0,0.027865145,0,-0.184132978,0
12.77996445,-13.31125164,1,2.11029315,1,-14.46626091,1,-0.266039073,1,-8.735385895,1,2.758605719,1,0.772270679,0,-0.004942169,0,-0.200559676,0
12.78396416,-18.6355629,1,3.08550477,1,-13.73230648,1,0.120935805,1,-8.728456497,1,2.770148993,1,0.772293687,0,-0.037657738,0,-0.21703054,0
12.78796578,-19.39566231,1,2.473984003,1,-13.34985447,1,0.489408374,1,-8.720445633,1,2.86370039,1,0.774401248,0,-0.070499368,0,-0.233364791,0
12.79196358,-26.48882866,1,2.860302925,1,-13.55857277,1,0.884907842,1,-8.712413788,1,2.796943426,1,0.778550267,0,-0.103347294,0,-0.249740526,0
12.79596329,-32.58759689,1,2.062287569,1,-10.95327663,1,1.377315402,1,-8.700083733,1,2.711203337,1,0.785070837,0,-0.135805473,0,-0.266594768,0
12.79996395,-40.97379684,1,-0.932923019,1,-10.14391804,1,1.777899265,1,-8.691958427,1,2.56178689,1,0.794044197,0,-0.167848215,0,-0.284004897,0
12.80396175,-48.10220718,1,-1.380442381,1,-6.939571381,1,2.01110363,1,-7.474821568,1,2.313643694,1,0.804745317,0,-0.197552308,0,-0.30088985,0
12.80796146,-45.82612228,1,-4.23784256,1,-5.788547516,1,2.064211607,1,-6.074393749,1,2.031728506,1,0.815833032,0,-0.222524881,0,-0.314846635,0
12.81196213,-40.9880867,1,-2.027391911,1,-2.549906015,1,1.920959592,1,-4.7934165,1,1.998582602,1,0.826336086,0,-0.243140757,0,-0.325591028,0
12.81595993,-27.98984528,1,-0.679932237,1,-0.293221653,1,1.693089366,1,-3.677132607,1,1.921700716,1,0.835366488,0,-0.26035279,0,-0.332952946,0
12.81995964,-19.4327774,1,-5.781001091,1,2.607180834,1,1.403017163,1,-2.917928934,1,2.089139938,1,0.842854738,0,-0.275020629,0,-0.337541878,0
12.82396126,-23.09181023,1,-13.98939991,1,-0.542369723,1,0.643614411,1,-2.282722712,1,2.185197353,1,0.847672403,0,-0.288386405,0,-0.339738786,0
12.82795906,-21.13324738,1,-17.17214775,1,-0.652326345,1,-0.602626085,1,-1.796336174,1,2.293949127,1,0.847939968,0,-0.300414026,0,-0.339891255,0
12.83195877,-21.4960537,1,-10.4712944,1,3.009269953,1,-1.769893765,1,-2.037827015,1,2.615757704,1,0.842902005,0,-0.312570482,0,-0.339216411,0
12.83596039,-41.4494133,1,-1.675046563,1,-4.529984951,1,-2.410197258,1,-1.823333263,1,2.546741724,1,0.83382678,0,-0.325900525,0,-0.337947011,0
12.83995819,-39.66139221,1,-2.337825537,1,-7.185448647,1,-2.456972599,1,-0.807882845,1,2.189274788,1,0.823141456,0,-0.336386383,0,-0.335225701,0
12.84395695,-15.62157059,1,-2.935492992,1,-3.021949053,1,-2.238845587,1,-0.629688561,1,1.733626962,1,0.812542975,0,-0.34390831,0,-0.331609488,0
12.84795857,-4.876984119,1,0.30827105,1,-0.924756169,1,-1.962674379,1,-1.218796492,1,1.420435786,1,0.803463817,0,-0.350892574,0,-0.329717338,0
12.85195637,-5.17857933,1,0.297431469,1,-1.240674376,1,-1.690372348,1,-1.945577979,1,1.347925544,1,0.796397209,0,-0.359251261,0,-0.330482006,0
12.85595608,-9.419065475,1,-0.632779777,1,-2.414183855,1,-1.292627811,1,-2.448007584,1,1.220817447,1,0.791351557,0,-0.36909008,0,-0.333306551,0
12.8599577,-11.14730644,1,-1.433843374,1,-3.50674963,1,-0.86184305,1,-2.961527586,1,1.148294091,1,0.788781404,0,-0.380102217,0,-0.338016093,0
12.86395454,-13.74265289,1,-2.739795685,1,-4.454401016,1,-0.433984041,1,-3.325836897,1,1.092893004,1,0.788574576,0,-0.392135471,0,-0.344262272,0
12.86795425,-15.86264706,1,-4.891689777,1,-5.545974731,1,-0.152436137,1,-3.607378006,1,1.12441349,1,0.790280759,0,-0.405057162,0,-0.351597011,0
12.87195683,-17.20617867,1,-7.545164108,1,-6.60265255,1,-0.008132579,1,-3.744987965,1,1.229791999,1,0.7931422,0,-0.418754935,0,-0.359450847,0
12.87595463,-17.42624855,1,-9.743610382,1,-7.867619991,1,0.002151138,1,-3.805919647,1,1.40094018,1,0.796390831,0,-0.43308115,0,-0.367262274,0
12.87995434,-17.56493759,1,-11.16087437,1,-9.306838989,1,-0.083333969,1,-3.830057383,1,1.61858964,1,0.79942131,0,-0.448065281,0,-0.374705851,0
12.883955,-17.68470573,1,-12.20033264,1,-10.89507484,1,-0.238326937,1,-3.864497423,1,1.887211084,1,0.801815748,0,-0.463798791,0,-0.381581664,0
12.88795853,-17.84241676,1,-13.0337553,1,-12.47527695,1,-0.427251428,1,-3.901746273,1,2.192240953,1,0.803302884,0,-0.480445832,0,-0.387767732,0
12.89195824,-18.07064056,1,-13.59668636,1,-13.99763489,1,-0.625433266,1,-3.946151495,1,2.536020041,1,0.803711414,0,-0.498153031,0,-0.393133879,0
12.89595985,-18.20478249,1,-13.92170906,1,-15.43442917,1,-0.807486176,1,-3.981562138,1,2.905252934,1,0.802976131,0,-0.516987443,0,-0.39753592,0
12.89995766,-18.54851723,1,-14.06261349,1,-17.09575081,1,-0.972504914,1,-4.005558968,1,3.268923521,1,0.801168144,0,-0.5370574,0,-0.400967896,0
12.90395641,-18.32073593,1,-13.8498621,1,-17.69868279,1,-1.08270216,1,-4.068907738,1,3.632187843,1,0.798241258,0,-0.558206975,0,-0.403258353,0
12.90795803,-18.32880783,1,-13.45244122,1,-18.58973885,1,-1.157132983,1,-4.103299618,1,3.981549978,1,0.794418693,0,-0.580531359,0,-0.404496461,0
12.91195583,-18.44836617,1,-12.62523365,1,-19.58026314,1,-1.189615965,1,-4.127703667,1,4.304543972,1,0.7897771,0,-0.603895068,0,-0.404605389,0
12.91595554,-18.26456451,1,-11.87798595,1,-19.87734222,1,-1.139665961,1,-4.107890129,1,4.601643085,1,0.784446955,0,-0.628141522,0,-0.403499216,0
12.91995716,-18.81635666,1,-11.09922886,1,-20.20573235,1,-0.967485845,1,-4.072886944,1,4.903466702,1,0.778738499,0,-0.653149903,0,-0.401052535,0
12.92395496,-19.9281826,1,-9.935213089,1,-21.01779175,1,-0.698638797,1,-3.95015645,1,5.157973766,1,0.772966444,0,-0.678757071,0,-0.397112191,0
12.92795467,-20.63148689,1,-9.542916298,1,-21.15576172,1,-0.361306548,1,-3.746961594,1,5.368125916,1,0.767201126,0,-0.704486251,0,-0.391414762,0
12.93195629,-21.0755024,1,-9.6413517,1,-21.48354721,1,-0.001125754,1,-3.480099201,1,5.526704788,1,0.761484921,0,-0.730012953,0,-0.383825123,0
12.93595409,-21.32214355,1,-10.02549553,1,-21.67222023,1,0.356101841,1,-3.155698061,1,5.666041851,1,0.755668759,0,-0.755053699,0,-0.374154359,0
12.9399538,-21.71199417,1,-11.27771759,1,-22.05855751,1,0.659587979,1,-2.80010891,1,5.81863308,1,0.657237351,0,-0.776468873,0,-0.344261736,0
12.94395447,-21.51865387,1,-12.54060459,1,-22.4056797,1,0.875417411,1,-2.417388201,1,5.967642307,1,0.647872508,0,-0.799061596,0,-0.326694191,0
12.94795227,-21.27388573,1,-13.91186905,1,-23.11872292,1,1.016407371,1,-2.03647995,1,6.117587566,1,0.637006581,0,-0.820704758,0,-0.306401968,0
12.95195198,-20.61368942,1,-15.75434685,1,-23.59873962,1,1.071509361,1,-1.680774331,1,6.263802052,1,0.624025285,0,-0.841290057,0,-0.283198297,0
12.95595455,-19.81573296,1,-16.69167519,1,-24.24067879,1,1.060985923,1,-1.369809628,1,6.412020206,1,0.608718038,0,-0.860916972,0,-0.257143974,0
12.9599514,-18.89430428,1,-18.01639938,1,-24.54545403,1,0.976976454,1,-1.08556211,1,6.537022591,1,0.590726197,0,-0.879584789,0,-0.228263989,0
12.96395207,-17.99684143,1,-19.28190804,1,-24.86333466,1,0.815975785,1,-0.807055831,1,6.632563114,1,0.569751024,0,-0.897203147,0,-0.19659546,0
12.96795368,-16.83366966,1,-19.8935051,1,-24.8965683,1,0.589375615,1,-0.528462768,1,6.674417973,1,0.545581639,0,-0.913568974,0,-0.162273169,0
12.97195053,-15.75174999,1,-20.49861145,1,-24.40675545,1,0.305226594,1,-0.231765911,1,6.64593935,1,0.518159926,0,-0.928402305,0,-0.125579178,0
12.97595024,-14.72121811,1,-21.32064819,1,-23.62577248,1,-0.020397291,1,0.087048769,1,6.556105614,1,0.487584978,0,-0.941394687,0,-0.08685407,0
12.97995186,-13.90749836,1,-22.07765579,1,-22.62723541,1,-0.37368077,1,0.437461048,1,6.415262699,1,0.454016745,0,-0.952244163,0,-0.046463445,0
12.98394966,-13.58321571,1,-22.062006,1,-21.36401176,1,-0.770971477,1,0.821115971,1,6.210364819,1,0.417761296,0,-0.96064043,0,-0.004903661,0
12.98794937,-13.03473759,1,-22.3448391,1,-20.10570526,1,-1.166802049,1,1.229100823,1,5.977772713,1,0.379258752,0,-0.96632266,0,0.037258632,0
12.99195004,-11.8401022,1,-22.54386711,1,-18.95936966,1,-1.575936437,1,1.645561457,1,5.704587936,1,0.339066327,0,-0.969155848,0,0.079401411,0
12.99594784,-9.516517639,1,-22.13772392,1,-18.0156517,1,-2.023510695,1,2.049109459,1,5.407196999,1,0.297746211,0,-0.969091117,0,0.120796569,0
12.99994755,-6.744198799,1,-21.15057945,1,-16.83457947,1,-2.449451685,1,2.424184799,1,5.094567776,1,0.255922556,0,-0.966215432,0,0.16069743,0
13.00394917,-3.789382458,1,-19.92024231,1,-15.79257202,1,-2.794399023,1,2.753319263,1,4.770760536,1,0.214328021,0,-0.960731387,0,0.198554501,0
13.00795174,-1.189847827,1,-18.0722084,1,-14.87005711,1,-3.0403409,1,3.029425859,1,4.411990643,1,0.173873767,0,-0.952919841,0,0.233735129,0
13.01195145,1.142711282,1,-16.53848267,1,-13.7887001,1,-3.171410322,1,3.274220943,1,4.04297924,1,0.135445789,0,-0.94305557,0,0.265708059,0
13.01595306,2.987488031,1,-14.70588207,1,-12.70687771,1,-3.189157963,1,3.506551027,1,3.674021721,1,0.099661872,0,-0.93138665,0,0.294282019,0
13.01995087,4.735629082,1,-12.81734371,1,-11.33227825,1,-3.10068655,1,3.718758345,1,3.301019907,1,0.067022502,0,-0.918142915,0,0.319361031,0
13.02395058,6.174004555,1,-11.16857147,1,-10.48938656,1,-2.868432999,1,3.871993303,1,2.930789709,1,0.037986595,0,-0.903616667,0,0.34096235,0
13.02795219,7.36431551,1,-9.684721947,1,-9.934900284,1,-2.535199404,1,4.006434917,1,2.542067528,1,0.012983454,0,-0.888135612,0,0.359111249,0
13.03195,7.699635029,1,-8.458665848,1,-8.763428688,1,-2.120244026,1,4.151520729,1,2.148240805,1,-0.007739881,0,-0.871880174,0,0.37389487,0
13.03594971,7.912600994,1,-7.641740322,1,-7.495079517,1,-1.661532402,1,4.36149931,1,1.746647954,1,-0.024116032,0,-0.854742587,0,0.385463536,0
13.03995228,7.361768723,1,-7.444578171,1,-6.213796616,1,-1.196747422,1,4.626051426,1,1.322151542,1,-0.036146291,0,-0.836609364,0,0.393895715,0
13.04394913,6.5962286,1,-7.747682571,1,-4.931197643,1,-0.748749614,1,4.945890427,1,0.873029649,1,-0.043954212,0,-0.817316055,0,0.399227679,0
13.04794788,5.833687305,1,-8.378560066,1,-3.869169235,1,-0.341575682,1,5.30102253,1,0.405125052,1,-0.047820345,0,-0.796725333,0,0.401563883,0
13.05195046,5.223237514,1,-9.29532814,1,-3.102708101,1,-0.007414049,1,5.652425766,1,-0.060889635,1,-0.048140105,0,-0.774805546,0,0.40105778,0
13.0559473,4.739590168,1,-10.10401535,1,-2.575035095,1,0.239015818,1,5.986839771,1,-0.515526056,1,-0.045504775,0,-0.751601934,0,0.397954047,0
13.05994797,4.08992672,1,-10.72745228,1,-1.953585267,1,0.405600697,1,6.30354929,1,-0.953219473,1,-0.040564332,0,-0.727164149,0,0.392556101,0
13.06394863,3.488223791,1,-10.95792484,1,-1.438707471,1,0.511157691,1,6.611009121,1,-1.364457726,1,-0.033863995,0,-0.701523304,0,0.385142088,0
13.06794643,2.992402315,1,-10.83189201,1,-1.1164428,1,0.607487977,1,6.887352467,1,-1.75928688,1,-0.025815964,0,-0.674709797,0,0.375996768,0
13.07194614,2.656321049,1,-10.62408924,1,-1.066034436,1,0.711381674,1,7.116527557,1,-2.112919331,1,-0.01669454,0,-0.64686799,0,0.365427136,0
13.07594776,2.010802746,1,-10.42466068,1,-1.046752334,1,0.818666697,1,7.327079773,1,-2.441991568,1,-0.006696593,0,-0.618067443,0,0.353690147,0
13.07994556,1.301993251,1,-10.18695068,1,-1.117708445,1,0.931795239,1,7.507289886,1,-2.753188133,1,0.003989492,0,-0.588409543,0,0.341022074,0
13.08394527,0.54483068,1,-10.03815365,1,-1.383479595,1,1.042945981,1,7.659369469,1,-3.034107447,1,0.015220083,0,-0.557961345,0,0.327587366,0
13.08794689,-0.362521887,1,-9.769824028,1,-1.763529778,1,1.159667611,1,7.790614605,1,-3.30774951,1,0.026872521,0,-0.526801825,0,0.313539416,0
13.0919447,-1.635449529,1,-9.575311661,1,-2.325501442,1,1.281566978,1,7.893508434,1,-3.579209089,1,0.038896114,0,-0.494984448,0,0.298938513,0
13.09594441,-2.963465452,1,-9.615162849,1,-2.903612852,1,1.391688466,1,7.999116421,1,-3.858051538,1,0.051216058,0,-0.462560117,0,0.283809394,0
13.09994507,-4.282429218,1,-9.897902489,1,-3.356708288,1,1.470495224,1,8.10484314,1,-4.131278038,1,0.063694745,0,-0.429495811,0,0.268179774,0
13.10394287,-5.322116375,1,-10.34981632,1,-3.706210852,1,1.507187009,1,8.198636055,1,-4.399668217,1,0.076117881,0,-0.395783126,0,0.252089083,0
13.10794258,-6.291902542,1,-10.7968359,1,-4.127976894,1,1.518914938,1,8.271416664,1,-4.643441677,1,0.088287964,0,-0.361459672,0,0.235596433,0
13.1119442,-7.206928253,1,-11.20180035,1,-4.469389915,1,1.502959967,1,8.333640099,1,-4.858501434,1,0.099992089,0,-0.326599896,0,0.21880649,0
13.115942,-8.200041771,1,-11.36691761,1,-4.813428879,1,1.473305106,1,8.376111031,1,-5.053083897,1,0.111124188,0,-0.291278422,0,0.201797396,0
13.11994076,-9.110174179,1,-11.41686249,1,-5.204764366,1,1.457919359,1,8.407616615,1,-5.220423222,1,0.12161082,0,-0.25555107,0,0.184651285,0
13.12394238,-10.01973915,1,-11.31340218,1,-5.555850983,1,1.45352304,1,8.438876152,1,-5.378740311,1,0.131489933,0,-0.219441444,0,0.167379022,0
13.1279459,-10.89600277,1,-11.01485157,1,-5.935193062,1,1.478721857,1,8.454018593,1,-5.513385773,1,0.140808821,0,-0.183014512,0,0.150027767,0
13.13194561,-11.73307419,1,-10.5032177,1,-6.192059517,1,1.527433038,1,8.468629837,1,-5.652005196,1,0.149680153,0,-0.146292493,0,0.132590726,0
13.13594818,-12.26975346,1,-10.14365482,1,-6.306346893,1,1.595141053,1,8.481468201,1,-5.770811081,1,0.158153087,0,-0.109297484,0,0.115064539,0
13.13994503,-12.45805454,1,-9.896216393,1,-6.388207436,1,1.680280089,1,8.485617638,1,-5.862514496,1,0.166287318,0,-0.07204891,0,0.097512469,0
13.14394474,-11.92044735,1,-9.196213722,1,-6.734722614,1,1.79144311,1,8.447557449,1,-5.916399479,1,0.174161568,0,-0.034670662,0,0.07999678,0
13.14794731,-11.09528255,1,-8.306923866,1,-6.804461956,1,1.941299438,1,8.385057449,1,-5.921604156,1,0.181885883,0,0.002658981,0,0.062640227,0
13.15194511,-10.89173508,1,-7.162180424,1,-6.987269402,1,2.1681602,1,8.316743851,1,-5.888677597,1,0.18971467,0,0.039856572,0,0.045583203,0
13.15594482,-11.05905533,1,-5.707788944,1,-7.402767181,1,2.478820324,1,8.23188591,1,-5.820166111,1,0.198022634,0,0.076843858,0,0.028949067,0
13.15994549,-11.11042309,1,-4.683562279,1,-7.720424652,1,2.83577323,1,8.16354084,1,-5.711132526,1,0.207108632,0,0.113601193,0,0.012866955,0
13.16394329,-11.04519176,1,-3.871024847,1,-7.96736908,1,3.222381592,1,8.079784393,1,-5.542264938,1,0.217198923,0,0.15008992,0,-0.002450996,0
13.167943,-10.67973423,1,-3.223773003,1,-8.251850128,1,3.633137941,1,8.001385689,1,-5.328846455,1,0.228511304,0,0.186262071,0,-0.016763764,0
13.17194462,-10.57393169,1,-2.58090806,1,-8.541893959,1,4.056155682,1,7.912464619,1,-5.074763298,1,0.241238728,0,0.222061619,0,-0.029871752,0
13.17594242,-10.62840939,1,-2.172789335,1,-8.867521286,1,4.487333775,1,7.84390974,1,-4.772216797,1,0.255551904,0,0.257441223,0,-0.04156458,0
13.17994118,-11.12304497,1,-2.210542202,1,-9.294708252,1,4.89276886,1,7.773813248,1,-4.459877491,1,0.271586001,0,0.292395681,0,-0.051647577,0
13.1839428,-11.91641331,1,-2.697954893,1,-9.849457741,1,5.23328352,1,7.725255966,1,-4.138957977,1,0.289319187,0,0.326940179,0,-0.059998337,0
13.1879406,-12.7451992,1,-3.254778862,1,-10.53518295,1,5.489887238,1,7.683199883,1,-3.835347891,1,0.450842887,0,0.272802353,0,-0.077872775,0
13.19194031,-13.77064037,1,-4.45802784,1,-11.39255905,1,5.64607811,1,7.653926373,1,-3.56019783,1,0.473270833,0,0.306842923,0,-0.077416144,0
13.19594193,-14.87616158,1,-5.124201775,1,-12.24461365,1,5.71846056,1,7.652952671,1,-3.350608349,1,0.496718735,0,0.340359747,0,-0.075240999,0
13.19993973,-15.59231663,1,-5.219342709,1,-13.5901413,1,5.709683895,1,7.654957294,1,-3.224001646,1,0.520878255,0,0.373491853,0,-0.071564451,0
13.20393944,-16.67392731,1,-7.024124622,1,-14.61558628,1,5.621829033,1,7.670556545,1,-3.195641994,1,0.545435429,0,0.406381965,0,-0.066660658,0
13.20794106,-17.83906937,1,-9.033218384,1,-16.26364517,1,5.429440975,1,7.687880039,1,-3.2517097,1,0.569969118,0,0.439256251,0,-0.060810301,0
13.21193886,-18.7186718,1,-10.20801449,1,-17.92291451,1,5.126485825,1,7.669984818,1,-3.383294106,1,0.593942463,0,0.472206414,0,-0.054324314,0
13.21593761,-19.72579575,1,-10.14000225,1,-19.24051476,1,4.789651871,1,7.644496918,1,-3.60723424,1,0.616942883,0,0.505340517,0,-0.04756641,0
13.21994019,-20.93325615,1,-8.882230759,1,-20.31040764,1,4.486479282,1,7.602845669,1,-3.90809083,1,0.638803482,0,0.538832545,0,-0.040922914,0
13.22393799,-21.74674988,1,-7.19213438,1,-21.13622093,1,4.278993607,1,7.554736614,1,-4.253352642,1,0.65961194,0,0.572832584,0,-0.034641419,0
13.2279377,-22.21369553,1,-5.298109055,1,-21.40659714,1,4.198626995,1,7.497911453,1,-4.612412453,1,0.679750681,0,0.60744673,0,-0.028867323,0
13.23193836,-22.31596565,1,-3.786895514,1,-21.21834564,1,4.2054286,1,7.42407608,1,-4.966479778,1,0.699578285,0,0.642666936,0,-0.023675224,0
13.23593617,-22.10929298,1,-3.0747118,1,-20.62450409,1,4.234714985,1,7.329718113,1,-5.290847778,1,0.719296217,0,0.67843473,0,-0.019037453,0
13.23993588,-22.18660736,1,-2.778849363,1,-19.92325783,1,4.248648167,1,7.18639946,1,-5.564836025,1,0.738905787,0,0.71457243,0,-0.014937153,0
13.24393749,-22.65938187,1,-2.578366041,1,-19.33264923,1,4.223584652,1,6.990767479,1,-5.797988415,1,0.758243561,0,0.750833273,0,-0.011385374,0
13.24794197,-24.04266357,1,-2.699733734,1,-18.88769722,1,4.138346672,1,6.779786587,1,-5.985493183,1,0.777068257,0,0.787022233,0,-0.008377079,0
13.25194168,-26.50671387,1,-3.071053267,1,-18.47119713,1,4.004000664,1,6.580051422,1,-6.147672653,1,0.795202196,0,0.823076665,0,-0.005844974,0
13.25594235,-29.30236435,1,-3.172023058,1,-17.89636612,1,3.828519344,1,6.384571075,1,-6.268417835,1,0.81247735,0,0.858959436,0,-0.003696772,0
13.25994015,-31.80389404,1,-3.586709261,1,-17.32522011,1,3.611613512,1,6.161015987,1,-6.321584702,1,0.828802526,0,0.894496083,0,-0.001836387,0
13.26393986,-34.43145752,1,-3.419330835,1,-16.7512722,1,3.364526749,1,5.901623249,1,-6.32924366,1,0.843989491,0,0.929462016,0,-0.000272685,0
13.26794148,-37.40769196,1,-2.329797983,1,-15.91888905,1,3.123372078,1,5.595183372,1,-6.289597034,1,0.857865691,0,0.963614404,0,0.000860762,0
13.27193928,-40.44036484,1,0.570389211,1,-15.0169096,1,3.000572205,1,5.237457275,1,-6.193575859,1,0.870479345,0,0.996702909,0,0.001335874,0
13.27593803,-43.5710144,1,4.421651363,1,-13.81644154,1,3.053974152,1,4.870409489,1,-6.008893967,1,0.882367432,0,1.028400183,0,0.001143734,0
13.27993965,-47.31212616,1,8.94219017,1,-12.39400196,1,3.328734159,1,4.575105667,1,-5.768032074,1,0.89467299,0,1.058587551,0,0.000684518,0
13.28393745,-51.06185532,1,11.21334839,1,-9.668625832,1,3.719105244,1,4.418932438,1,-5.491042614,1,0.908930838,0,1.087376952,0,0.000874304,0
13.28793716,-52.89414978,1,10.83306313,1,-6.731159687,1,4.021904469,1,4.329218864,1,-5.130643368,1,0.926401019,0,1.11490047,0,0.003041447,0
13.29193783,-52.55330276,1,8.543539047,1,-3.353568316,1,4.005674839,1,4.16258812,1,-4.685547829,1,0.946878672,0,1.140804887,0,0.007832016,0
13.29593563,-50.82794189,1,6.242471695,1,0.539542496,1,3.640623569,1,3.870586395,1,-4.156527996,1,0.969009995,0,1.164535165,0,0.015220977,0
13.29993534,-47.56650925,1,6.648083687,1,3.77294445,1,3.038408279,1,3.381284952,1,-3.593927622,1,0.990667045,0,1.185506105,0,0.024169387,0
13.30393696,-43.343853,1,10.33988667,1,5.85834074,1,2.390616179,1,2.699568987,1,-3.08359623,1,1.009272814,0,1.203312159,0,0.032521032,0
13.30793476,-40.09263229,1,15.36062908,1,6.813297272,1,1.827140689,1,1.919343948,1,-2.680685043,1,1.02245605,0,1.217959642,0,0.037623465,0
13.31193447,-39.58131409,1,17.15502167,1,7.513695717,1,1.336264491,1,1.258506417,1,-2.372675419,1,1.029232621,0,1.229853153,0,0.038115349,0
13.31593609,-40.58893204,1,15.58081055,1,8.162171364,1,0.846840441,1,0.803813815,1,-2.088405609,1,1.030435324,0,1.239605427,0,0.034753621,0
13.31993389,-40.99078369,1,12.5758667,1,8.75459671,1,0.325367272,1,0.521880925,1,-1.768321157,1,1.027613401,0,1.24756968,0,0.029299194,0
13.3239336,-41.51085281,1,12.54721165,1,8.327662468,1,-0.11803548,1,0.33027333,1,-1.431036949,1,1.022341371,0,1.253916025,0,0.023351416,0
13.32793522,-42.55552673,1,13.68060207,1,8.464587212,1,-0.320635915,1,0.289553702,1,-1.084122539,1,1.016435146,0,1.258838654,0,0.018132191,0
13.33193302,-42.1677475,1,15.27440357,1,8.863624573,1,-0.315981984,1,0.298827827,1,-0.661681116,1,1.012417078,0,1.262442827,0,0.015298166,0
13.33593273,-39.49723816,1,15.73216438,1,9.957271576,1,-0.151444107,1,0.285137624,1,-0.137253761,1,1.01192987,0,1.264460325,0,0.015796592,0
13.33993435,-34.59275818,1,14.49017239,1,11.14030647,1,0.063012607,1,0.140527472,1,0.467077434,1,1.015243769,0,1.264379144,0,0.019445719,0
13.34393215,-29.90203857,1,12.5281086,1,11.55744171,1,0.205233529,1,-0.189918846,1,1.078829288,1,1.020766735,0,1.261705399,0,0.0246484,0
13.34793186,-26.97964096,1,11.63942719,1,11.45968819,1,0.237451851,1,-0.584188282,1,1.59920454,1,1.026294351,0,1.256305575,0,0.029515466,0
13.35193348,-26.790308,1,9.21918869,1,9.539710045,1,0.230988994,1,-0.946616828,1,1.972300529,1,1.03046906,0,1.248568416,0,0.032892179,0
13.35593033,50.77039337,1,-14.31513309,1,-11.8693943,1,-1.786823273,1,-2.355141401,1,1.95453763,1,1.026496172,0,1.238498807,0,0.030672997,0
13.35993004,-72.97657013,1,-24.03624725,1,37.64086533,1,-5.970074654,1,-5.67530632,1,1.786195159,1,0.981895208,0,1.22425437,0,-0.000108804,0
13.36393261,-16.12751579,1,14.05152225,1,9.528014183,1,-5.312286377,1,-5.932908535,1,2.177978754,1,0.918427885,0,1.203308702,0,-0.041871849,0
13.36793613,23.52531052,1,19.3319397,1,-6.824127674,1,-4.722703934,1,-8.447445869,1,1.19799912,1,0.857050657,0,1.180657744,0,-0.088271387,0
13.37193584,-18.0477581,1,25.57060432,1,-34.25262833,1,-3.225568056,1,-8.785365105,1,0.762527227,1,0.786653757,0,1.153864861,0,-0.146097615,0
13.37593746,-4.800544262,1,27.34437752,1,-76.36003113,1,-1.590906382,1,-8.749892235,1,0.407263219,1,0.727568984,0,1.127011299,0,-0.200395867,0
13.37993527,-18.16593552,1,27.8445816,1,-91.69537354,1,0.416516155,1,-8.712285995,1,1.104901314,1,0.685360014,0,1.098534346,0,-0.246499792,0
13.38393498,-72.18893433,1,11.82244682,1,-73.34205627,1,0.305117846,1,-8.724014282,1,2.945298433,1,0.657655716,0,1.06639874,0,-0.279762387,0
13.38793564,-93.7786026,1,-9.267155647,1,-45.8967514,1,-1.031898022,1,-8.765100479,1,5.212830544,1,0.641629755,0,1.028760195,0,-0.296355933,0
13.39193344,-79.9514389,1,7.356481075,1,-40.56636429,1,-1.089985251,1,-8.433146477,1,6.494596481,1,0.635053813,0,0.986453652,0,-0.298779845,0
13.39593315,-75.46230316,1,-7.412770748,1,-31.86793137,1,-0.605217993,1,-6.498171806,1,5.595062256,1,0.634417713,0,0.947868109,0,-0.295406044,0
13.39993477,-44.85826874,1,-21.15311813,1,-16.532341,1,-0.348905385,1,-5.005682468,1,4.482769489,1,0.636344552,0,0.917560697,0,-0.29096055,0
13.40393257,-7.352436543,1,-15.08006382,1,2.574952841,1,-0.698411286,1,-4.647298336,1,3.639020681,1,0.636289716,0,0.892846107,0,-0.2883026,0
13.40793228,1.660943985,1,-8.504721642,1,3.174281836,1,-1.408723593,1,-4.716141224,1,3.371102571,1,0.632190764,0,0.869360685,0,-0.288172424,0
13.4119339,-7.360474586,1,-5.390921593,1,-12.33871841,1,-1.835560679,1,-4.278839588,1,3.136018276,1,0.625447452,0,0.846977949,0,-0.288129091,0
13.4159317,-39.4272995,1,2.497196913,1,-25.41881752,1,-1.581454635,1,-2.714468002,1,2.440570593,1,0.61932528,0,0.828650773,0,-0.287008047,0
13.41993046,-42.00970459,1,15.99947453,1,-14.02866268,1,-0.962042928,1,-0.76044327,1,1.921802163,1,0.617494702,0,0.81831944,0,-0.282570899,0
13.42393208,-11.55311775,1,15.96761799,1,-3.637347221,1,-0.425306737,1,-0.214726225,1,2.145454645,1,0.620679677,0,0.812316358,0,-0.274392813,0
13.42792988,-2.686722755,1,-1.557793736,1,-2.892265558,1,-0.390952051,1,-0.335452169,1,2.303551197,1,0.626145005,0,0.806209266,0,-0.264737606,0
13.43192959,-22.48901558,1,-25.5898037,1,-3.845309496,1,-0.627020955,1,-0.289243191,1,2.046766043,1,0.63074708,0,0.800009668,0,-0.255625397,0
13.43593121,-16.21087265,1,-26.38679695,1,-2.457861185,1,-1.084220409,1,-0.261997014,1,1.92273438,1,0.633120716,0,0.794543505,0,-0.247511059,0
13.43992901,-7.504643917,1,-19.28272629,1,-3.002677917,1,-1.404206753,1,-0.501820505,1,2.080387831,1,0.615629971,0,0.790686011,0,-0.295964479,0
13.44392872,-13.74256516,1,-15.14981651,1,-6.420512676,1,-1.537203312,1,-0.605665147,1,2.041701078,1,0.615227222,0,0.784042239,0,-0.288218081,0
13.44792938,-8.411279678,1,0.634445965,1,-6.83480978,1,-1.485664606,1,-0.718184352,1,1.953400135,1,0.614082694,0,0.777305126,0,-0.281112432,0
13.45192719,-11.92333794,1,6.507364273,1,-8.378300667,1,-1.194524527,1,-0.712960899,1,1.682805419,1,0.612929463,0,0.770688295,0,-0.275112361,0
13.4559269,-5.081818104,1,0.265839785,1,-6.616413593,1,-1.112257957,1,-0.569816411,1,1.495438933,1,0.611941397,0,0.764968872,0,-0.269982427,0
13.45992947,-3.905515194,1,-4.960684776,1,-6.916594505,1,-1.203181744,1,-0.542687595,1,1.439443946,1,0.610706627,0,0.759794474,0,-0.265100628,0
13.46392632,-9.02091217,1,-1.41764462,1,-6.854980946,1,-1.261948347,1,-0.461675674,1,1.316804886,1,0.608949721,0,0.754986286,0,-0.26043278,0
13.46792698,-11.03703308,1,1.397750616,1,-8.125020027,1,-1.156518459,1,-0.393681407,1,1.163062096,1,0.60698092,0,0.750749052,0,-0.256219685,0
13.4719286,-7.719253063,1,-2.503163815,1,-8.247819901,1,-1.091085672,1,-0.351070136,1,1.129901886,1,0.605184317,0,0.746935368,0,-0.252263278,0
13.4759264,-5.951495647,1,-6.981467724,1,-8.310612679,1,-1.151015997,1,-0.368361175,1,1.13097775,1,0.603413343,0,0.743177712,0,-0.248305529,0
13.47992516,-4.38808918,1,-4.506570339,1,-9.610326767,1,-1.218104601,1,-0.427041858,1,1.145695448,1,0.601266682,0,0.739274621,0,-0.24445574,0
13.48392677,-6.601946354,1,2.485998631,1,-10.28231716,1,-1.135158539,1,-0.485646665,1,1.102121592,1,0.598947346,0,0.735222816,0,-0.240809053,0
13.48792934,-6.886847019,1,4.58377409,1,-10.00415516,1,-0.948504865,1,-0.510895073,1,0.966903865,1,0.596848607,0,0.731224298,0,-0.237710491,0
13.49192905,-6.600771427,1,2.696558952,1,-9.585325241,1,-0.809592962,1,-0.557759464,1,0.821641922,1,0.594951868,0,0.727446079,0,-0.235321268,0
13.49593067,-6.845750332,1,4.092330933,1,-9.671963692,1,-0.698451102,1,-0.598068476,1,0.651177943,1,0.592938781,0,0.723872602,0,-0.233778134,0
13.49992847,-6.669949055,1,3.657589912,1,-9.203406334,1,-0.57872349,1,-0.583584189,1,0.455773801,1,0.590842605,0,0.720670223,0,-0.23310259,0
13.50392819,-6.34449482,1,0.022051539,1,-8.495434761,1,-0.566907942,1,-0.563674748,1,0.314688444,1,0.588553369,0,0.717918277,0,-0.233113483,0
13.5079298,-5.159775734,1,-1.298644066,1,-8.824298859,1,-0.585389018,1,-0.536806464,1,0.264386505,1,0.586010516,0,0.71545887,0,-0.233464688,0
13.51192761,-5.092322826,1,-1.707345009,1,-10.36380386,1,-0.586143792,1,-0.566958308,1,0.237748921,1,0.583350301,0,0.713092446,0,-0.233962536,0
13.51592732,-4.92066431,1,-3.212399244,1,-10.70734692,1,-0.628768206,1,-0.661439061,1,0.261451751,1,0.580469489,0,0.710511625,0,-0.234658971,0
13.51992893,-4.94664526,1,-3.424246073,1,-10.98262596,1,-0.623059809,1,-0.804771245,1,0.321431696,1,0.57741946,0,0.707426131,0,-0.235482216,0
13.52392674,-5.04691124,1,-4.204592705,1,-11.02065849,1,-0.636477172,1,-0.94148469,1,0.375866801,1,0.574285805,0,0.703724563,0,-0.236443505,0
13.52792549,-3.685392857,1,-5.1115942,1,-11.88745689,1,-0.735005319,1,-1.106195807,1,0.420208722,1,0.570823669,0,0.699445724,0,-0.237580135,0
13.53192711,-3.023950338,1,-5.186101437,1,-13.43978786,1,-0.803908944,1,-1.363219976,1,0.484293282,1,0.566837013,0,0.69432199,0,-0.239057317,0
13.53592491,-3.044091463,1,-5.606617928,1,-13.9146595,1,-1.025263309,1,-1.604039788,1,0.495312691,1,0.561947584,0,0.688241839,0,-0.24101533,0
13.53992462,-3.218118191,1,-1.084295869,1,-16.09852791,1,-1.13999486,1,-1.89424634,1,0.496217132,1,0.555854678,0,0.681283772,0,-0.243617624,0
13.54392719,-2.616703272,1,-1.713764906,1,-16.00903893,1,-1.025528193,1,-2.287221193,1,0.513900697,1,0.549451411,0,0.673097968,0,-0.247043625,0
13.54792309,-5.653004646,1,-2.219029188,1,-17.07806778,1,-1.038506031,1,-2.634488344,1,0.512414336,1,0.54261905,0,0.663615644,0,-0.251322985,0
13.5519228,-3.629241467,1,-3.804837942,1,-16.76008797,1,-0.988512993,1,-3.02231884,1,0.593308091,1,0.535549462,0,0.652798831,0,-0.256314009,0
13.55592537,-5.051339149,1,-3.662333965,1,-19.0828743,1,-0.999574065,1,-3.403961658,1,0.657578349,1,0.528269172,0,0.640445471,0,-0.261747986,0
13.55992222,0.760761321,1,-4.702530861,1,-18.42983818,1,-1.058872223,1,-3.845064878,1,0.765453041,1,0.520657659,0,0.626540422,0,-0.267672867,0
13.56392288,-0.838819623,1,-4.732602119,1,-20.60500145,1,-1.087869644,1,-4.364942074,1,0.881515563,1,0.512572825,0,0.610613942,0,-0.274153799,0
13.5679245,0.222483099,1,-4.24333477,1,-20.23781013,1,-1.033112526,1,-4.822758675,1,1.004328132,1,0.504442632,0,0.592732608,0,-0.280991346,0
13.5719223,1.731377721,1,-6.018836498,1,-19.14579201,1,-1.055904627,1,-5.325212479,1,1.174322724,1,0.496415794,0,0.572849929,0,-0.288076043,0
13.57592201,1.092418671,1,-6.394424915,1,-18.87865829,1,-1.122637033,1,-5.82782793,1,1.345954061,1,0.488189578,0,0.550806284,0,-0.295298338,0
13.57992363,1.483623624,1,-6.743721962,1,-18.42319489,1,-1.177662134,1,-6.320045948,1,1.561009288,1,0.47990492,0,0.526594877,0,-0.302494079,0
13.58392143,1.141162634,1,-6.546875477,1,-17.86215591,1,-1.191538095,1,-6.774418354,1,1.767790318,1,0.471722186,0,0.500246882,0,-0.309450537,0
13.58792114,2.751879454,1,-4.798773766,1,-17.5615921,1,-1.142822742,1,-7.243471622,1,1.953815103,1,0.46388334,0,0.47188139,0,-0.316222191,0
13.59192276,2.491618872,1,-3.736757517,1,-17.26616669,1,-1.029736519,1,-7.704218864,1,2.1082232,1,0.456573904,0,0.441466391,0,-0.32291913,0
13.59592056,0.628115356,1,-3.596243143,1,-17.07828331,1,-0.930290401,1,-8.086695671,1,2.220362186,1,0.44990918,0,0.409262091,0,-0.329557419,0
13.59992027,-2.03312254,1,-3.842401743,1,-14.42002487,1,-0.866055071,1,-8.310163498,1,2.256578922,1,0.443737745,0,0.375792921,0,-0.336140096,0
13.60392189,0.879617512,1,-5.225392818,1,-15.91405392,1,-1.034500837,1,-8.733049393,1,2.563873529,1,0.437768757,0,0.340777576,0,-0.342401862,0
13.60792542,-0.443963617,1,-5.140863419,1,-13.78791046,1,-1.097969294,1,-8.752162933,1,2.758538961,1,0.431791514,0,0.304575861,0,-0.347793818,0
13.61192513,-1.082547188,1,-5.536172867,1,-12.71839237,1,-1.239697456,1,-8.75743866,1,3.007856369,1,0.425936282,0,0.267922044,0,-0.352018654,0
13.6159277,-6.46020031,1,-5.026363373,1,-12.66190147,1,-1.31277132,1,-8.759919167,1,3.177036524,1,0.42001158,0,0.230888709,0,-0.355194986,0
13.61992455,-12.42195415,1,-2.215754747,1,-11.93712902,1,-1.210832119,1,-8.758323669,1,3.237801552,1,0.414371073,0,0.193652198,0,-0.357703775,0
13.62392521,-13.32979393,1,1.575303435,1,-11.30777168,1,-0.879307508,1,-8.752030373,1,3.265125513,1,0.409767866,0,0.156354323,0,-0.359848022,0
13.62792587,-15.64295483,1,2.899061918,1,-10.6768589,1,-0.398027301,1,-8.741030693,1,3.360941172,1,0.406942219,0,0.118987389,0,-0.361603975,0
13.63192368,-17.42425728,1,3.614739895,1,-10.62155819,1,0.118634008,1,-8.731529236,1,3.387990236,1,0.406217039,0,0.081533916,0,-0.362982959,0
13.63592339,-18.28742599,1,2.41639328,1,-9.775151253,1,0.665870368,1,-8.72097683,1,3.39377284,1,0.407711536,0,0.044120733,0,-0.364358366,0
13.639925,-18.82120132,1,2.121043205,1,-10.4406662,1,1.217856884,1,-8.707051277,1,3.284875154,1,0.411445081,0,0.006818466,0,-0.365957201,0
13.64392281,-25.9240303,1,0.97908169,1,-10.32458591,1,1.753250837,1,-8.215720177,1,3.162230968,1,0.417411357,0,-0.029529851,0,-0.367890477,0
13.64792252,-26.94357109,1,-2.184544802,1,-8.940303802,1,2.162131071,1,-7.470820427,1,2.924800873,1,0.425368309,0,-0.06314522,0,-0.369585246,0
13.65192413,-26.80382347,1,-6.262955189,1,-6.209844112,1,2.237550974,1,-6.580207348,1,2.820759773,1,0.434383422,0,-0.093479231,0,-0.370866299,0
13.65592194,-28.83968353,1,-5.999544144,1,-5.842961788,1,2.156324387,1,-5.71165657,1,2.4717803,1,0.443267435,0,-0.120289981,0,-0.371731758,0
13.65992069,-22.9494133,1,-7.114353657,1,-2.579867125,1,1.942593336,1,-4.817941666,1,2.306256056,1,0.451628774,0,-0.143336922,0,-0.372255951,0
13.66392231,-19.63335419,1,-10.11869526,1,-0.799371183,1,1.393063784,1,-4.129641056,1,2.283518553,1,0.458307683,0,-0.163406432,0,-0.371879995,0
13.66792011,-22.95266914,1,-12.47695637,1,-0.372537822,1,0.616000175,1,-3.480331898,1,2.362791538,1,0.462111086,0,-0.1811793,0,-0.370297492,0
13.67191982,-22.04943657,1,-15.68035889,1,-1.502318025,1,-0.420679629,1,-2.878804207,1,2.294176817,1,0.462037683,0,-0.196730748,0,-0.367529511,0
13.67592144,-17.57308578,1,-17.554842,1,-2.891409397,1,-1.622478962,1,-2.449821234,1,2.04253602,1,0.457351625,0,-0.210097641,0,-0.364382952,0
13.67991924,-19.45063972,1,-12.6652565,1,-0.529118836,1,-2.708775997,1,-2.338086843,1,1.847581029,1,0.447913766,0,-0.221913666,0,-0.361575603,0
13.68391895,-35.47758102,1,-0.906047642,1,-5.241009712,1,-2.972104311,1,-1.917582273,1,1.499078631,1,0.435718507,0,-0.232748151,0,-0.358977675,0
13.68792057,-32.70464706,1,-0.878695667,1,-8.719880104,1,-2.760442734,1,-1.029967785,1,1.18912816,1,0.360717416,0,-0.252374083,0,-0.385605723,0
13.69191837,-14.00556564,1,-1.895122886,1,-6.155659199,1,-2.577973366,1,-0.877356291,1,1.108953476,1,0.349188209,0,-0.257323563,0,-0.382427096,0
13.69591713,-8.443110466,1,0.730346143,1,-5.453272343,1,-2.202020884,1,-1.268335938,1,1.000030875,1,0.3388955,0,-0.262733907,0,-0.379809022,0
13.69991875,-10.9419899,1,1.993540764,1,-7.04617691,1,-1.764992952,1,-1.592814922,1,1.043285728,1,0.33048141,0,-0.269536227,0,-0.377813131,0
13.70391655,-11.22231483,1,0.451713622,1,-7.812374115,1,-1.347728968,1,-1.911585808,1,1.188459158,1,0.323677003,0,-0.277587295,0,-0.375757813,0
13.70791626,-12.15314007,1,0.070012763,1,-8.833947182,1,-0.862765729,1,-2.261033058,1,1.353985786,1,0.318607986,0,-0.287115216,0,-0.373486757,0
13.71191788,-14.39992428,1,-1.313248754,1,-10.24436283,1,-0.397741586,1,-2.544919968,1,1.533000588,1,0.315351933,0,-0.298063338,0,-0.370899618,0
13.71591568,-16.25609207,1,-3.439262867,1,-11.00903797,1,-0.038683884,1,-2.740833044,1,1.751795292,1,0.313588053,0,-0.310168982,0,-0.36779809,0
13.71991539,-17.47813797,1,-5.817836285,1,-11.85521221,1,0.165724337,1,-2.847731352,1,2.013418436,1,0.312669575,0,-0.323147893,0,-0.363904595,0
13.72391605,-17.92003822,1,-8.076233864,1,-12.69125652,1,0.249665886,1,-2.886750937,1,2.285065413,1,0.311938345,0,-0.336706489,0,-0.358988285,0
13.72791386,-17.3726635,1,-9.941480637,1,-13.48399925,1,0.221679196,1,-2.889419079,1,2.553158283,1,0.310876638,0,-0.35066992,0,-0.352956235,0
13.7319212,-17.51177597,1,-11.57022667,1,-14.2477026,1,0.104985327,1,-2.875640154,1,2.842920303,1,0.309027374,0,-0.364965647,0,-0.345745146,0
13.73592281,-17.3932991,1,-12.54876041,1,-15.14386654,1,-0.078997657,1,-2.834780931,1,3.134966373,1,0.306009352,0,-0.379470587,0,-0.337226897,0
13.73992157,-17.16997147,1,-13.166502,1,-15.61773682,1,-0.282225549,1,-2.79757309,1,3.42137742,1,0.301568389,0,-0.394130349,0,-0.327359498,0
13.74392128,-16.62072182,1,-13.60038185,1,-16.08324432,1,-0.497416288,1,-2.76138854,1,3.721772909,1,0.295602709,0,-0.408955216,0,-0.316083133,0
13.74792194,-16.09257889,1,-13.61514568,1,-16.52806473,1,-0.71915096,1,-2.727348804,1,4.016054153,1,0.28800118,0,-0.423930913,0,-0.303323686,0
13.7519207,-15.44233608,1,-13.02931023,1,-16.91274071,1,-0.917653203,1,-2.701855421,1,4.30683136,1,0.278754801,0,-0.439013064,0,-0.289066374,0
13.75591946,-14.96927643,1,-11.96561527,1,-17.47019768,1,-1.068924427,1,-2.691733599,1,4.572499752,1,0.267960489,0,-0.454191446,0,-0.273335218,0
13.75992107,-14.6679821,1,-11.11704922,1,-18.15380096,1,-1.133568287,1,-2.684063911,1,4.823824406,1,0.25587517,0,-0.469446331,0,-0.256173402,0
13.76391888,-14.7504549,1,-10.22664833,1,-18.85561562,1,-1.099737167,1,-2.68534112,1,5.068677902,1,0.242840797,0,-0.484733731,0,-0.237587661,0
13.76791859,-15.47111988,1,-9.76663208,1,-19.86297226,1,-0.992022097,1,-2.660755157,1,5.294268608,1,0.229162663,0,-0.499991,0,-0.217545554,0
13.77191925,-16.6273365,1,-9.782097816,1,-20.99854088,1,-0.829163969,1,-2.598653793,1,5.503100872,1,0.215090677,0,-0.515030921,0,-0.196093246,0
13.77591705,-18.1779232,1,-10.17171192,1,-22.34776306,1,-0.641698241,1,-2.489160538,1,5.663246155,1,0.200763136,0,-0.52962333,0,-0.173276171,0
13.77991676,-20.20484924,1,-10.78096199,1,-23.27283859,1,-0.459531754,1,-2.291534424,1,5.744244099,1,0.186330646,0,-0.543416858,0,-0.149343312,0
13.78391838,-22.18248558,1,-12.0233984,1,-24.10209274,1,-0.30644384,1,-1.980998039,1,5.764531136,1,0.171863124,0,-0.555959046,0,-0.124551959,0
13.78791618,-22.93999863,1,-13.55009651,1,-24.67527962,1,-0.214123875,1,-1.578734279,1,5.701639652,1,0.157335252,0,-0.56676209,0,-0.099197514,0
13.79191589,-22.65524483,1,-14.74040318,1,-24.61060333,1,-0.223119378,1,-1.106074452,1,5.597001553,1,0.142639488,0,-0.575462461,0,-0.073587373,0
13.79591751,-21.45364189,1,-16.16201401,1,-24.20286369,1,-0.315058529,1,-0.601264596,1,5.421401024,1,0.127584204,0,-0.581822753,0,-0.048039716,0
13.79991531,-19.84721184,1,-17.20294762,1,-23.24637794,1,-0.488314629,1,-0.06616582,1,5.211950779,1,0.112137951,0,-0.585692167,0,-0.022913592,0
13.80391502,-18.23361588,1,-18.10809326,1,-21.94905281,1,-0.710422814,1,0.469812155,1,4.976492882,1,0.096203722,0,-0.587003767,0,0.001539827,0
13.80791569,-16.99826431,1,-18.83200264,1,-20.54692459,1,-0.981785715,1,0.993812978,1,4.731256962,1,0.079806,0,-0.58578521,0,0.025065383,0
13.81191349,-14.76284027,1,-19.44763565,1,-19.46461105,1,-1.284979343,1,1.448055506,1,4.504666328,1,0.062855475,0,-0.582202077,0,0.047571205,0
13.8159132,-12.08700466,1,-19.53935623,1,-17.98302078,1,-1.617756724,1,1.811285138,1,4.283331871,1,0.045339223,0,-0.576633573,0,0.068960957,0
13.81991482,-8.881253242,1,-19.28417778,1,-16.69546127,1,-1.971467137,1,2.083195686,1,4.063603878,1,0.027203791,0,-0.569429934,0,0.089158751,0
13.82391167,-5.50837326,1,-18.74908829,1,-15.50065136,1,-2.323744774,1,2.276144743,1,3.834893227,1,0.008493103,0,-0.56097436,0,0.10804987,0
13.82791138,-2.605796337,1,-17.98960876,1,-14.65552998,1,-2.654217005,1,2.403940678,1,3.586620808,1,-0.010687734,0,-0.551579773,0,0.125511393,0
13.83191395,-0.036253035,1,-16.90317154,1,-14.14702129,1,-2.930362225,1,2.486941814,1,3.326657057,1,-0.030171132,0,-0.541504145,0,0.141461089,0
13.8359108,1.495067239,1,-15.09876347,1,-13.8402729,1,-3.117111206,1,2.534000874,1,3.045351028,1,-0.049618125,0,-0.53096199,0,0.155819401,0
13.83991051,1.727255702,1,-13.2849884,1,-13.30872822,1,-3.183744192,1,2.609178066,1,2.741658449,1,-0.068593889,0,-0.52001673,0,0.168475926,0
13.84391308,1.025222898,1,-11.75554085,1,-12.91135597,1,-3.11316967,1,2.734130621,1,2.419396639,1,-0.086587176,0,-0.508581877,0,0.17935805,0
13.84790993,0.402187407,1,-10.39761829,1,-12.53058243,1,-2.917098522,1,2.934552908,1,2.065636158,1,-0.102995701,0,-0.496458173,0,0.18833302,0
13.85192204,-0.133530498,1,-9.434620857,1,-12.08913612,1,-2.600892305,1,3.192578793,1,1.678532958,1,-0.117309213,0,-0.483481854,0,0.195250168,0
13.85592938,-0.240316659,1,-8.692499161,1,-11.57268238,1,-2.231550217,1,3.502292395,1,1.259275556,1,-0.129145563,0,-0.469483614,0,0.199963763,0
13.8599329,-0.409282774,1,-8.399722099,1,-10.86431789,1,-1.829331636,1,3.859228134,1,0.830370545,1,-0.138352364,0,-0.454352677,0,0.202396855,0
13.86393261,-0.286302716,1,-8.452403069,1,-9.946843147,1,-1.449086785,1,4.245063305,1,0.394551754,1,-0.144965127,0,-0.437966287,0,0.202542156,0
13.86793518,-0.009199547,1,-8.987791061,1,-8.836988449,1,-1.103316545,1,4.650889874,1,-0.049228266,1,-0.149174765,0,-0.420269936,0,0.200427696,0
13.87193203,0.113784835,1,-9.613020897,1,-7.814143181,1,-0.814943969,1,5.065802574,1,-0.478043437,1,-0.151274964,0,-0.401218295,0,0.196114957,0
13.87593079,0.052113865,1,-10.31250954,1,-6.753190041,1,-0.612329781,1,5.472101212,1,-0.901860774,1,-0.151671186,0,-0.380784452,0,0.189717382,0
13.87993336,-0.275204599,1,-10.89697075,1,-5.710603714,1,-0.474979132,1,5.881754875,1,-1.302274346,1,-0.150814384,0,-0.358989298,0,0.181363627,0
13.88393021,-0.763957441,1,-11.27642822,1,-4.795562267,1,-0.407569677,1,6.272747517,1,-1.684491277,1,-0.149112046,0,-0.335835278,0,0.171216607,0
13.88792992,-1.311312556,1,-11.31896877,1,-4.019221306,1,-0.391523123,1,6.640983105,1,-2.03934145,1,-0.146944955,0,-0.311387956,0,0.159420073,0
13.89193249,-1.697305083,1,-11.21136189,1,-3.311681032,1,-0.403926581,1,6.980539322,1,-2.364347219,1,-0.14463906,0,-0.285711825,0,0.146155372,0
13.89593029,-2.063710451,1,-10.74462414,1,-2.725876331,1,-0.393933475,1,7.280571461,1,-2.659384251,1,-0.142328486,0,-0.258898348,0,0.131584704,0
13.89993,-2.30630517,1,-10.08518314,1,-2.293329239,1,-0.360501438,1,7.529326439,1,-2.922353268,1,-0.140034452,0,-0.231131494,0,0.115882434,0
13.90393162,-2.838354826,1,-9.170378685,1,-1.79348433,1,-0.279087007,1,7.737062454,1,-3.154960394,1,-0.137730062,0,-0.202553838,0,0.099221051,0
13.90792942,-3.59092021,1,-8.412438393,1,-1.506139398,1,-0.16325593,1,7.916521549,1,-3.355471849,1,-0.135364279,0,-0.173298359,0,0.081740841,0
13.91192913,-4.486174583,1,-7.900717258,1,-1.3285743,1,-0.011972435,1,8.046996117,1,-3.550289869,1,-0.132859305,0,-0.143498674,0,0.063551724,0
13.91593075,-5.783106327,1,-7.700042725,1,-1.111005068,1,0.160230771,1,8.166815758,1,-3.726852179,1,-0.130152106,0,-0.113263935,0,0.044728354,0
13.9199276,-7.034316063,1,-7.748079777,1,-0.940498531,1,0.331058264,1,8.261879921,1,-3.885037661,1,-0.127270535,0,-0.082635693,0,0.025323708,0
13.92392731,-7.96510601,1,-8.251634598,1,-0.754604578,1,0.47115019,1,8.332356453,1,-4.025258064,1,-0.124323711,0,-0.051688734,0,0.005410249,0
13.92792893,-8.553479195,1,-8.943759918,1,-0.525076509,1,0.54975754,1,8.366334915,1,-4.142830372,1,-0.121531643,0,-0.020537922,0,-0.014915329,0
13.93192577,-9.103218079,1,-9.741002083,1,-0.388710797,1,0.5795452,1,8.37019825,1,-4.240780354,1,-0.119149864,0,0.010681493,0,-0.03558705,0
13.93592548,-9.592708588,1,-10.5611248,1,-0.26512444,1,0.563682854,1,8.346547127,1,-4.313860416,1,-0.117407449,0,0.041858431,0,-0.056533813,0
13.9399271,-10.25117207,1,-11.06959534,1,-0.233176887,1,0.525983036,1,8.30001545,1,-4.367121696,1,-0.120405711,0,0.029195257,0,-0.059595648,0
13.9439249,-10.82553959,1,-11.23218155,1,-0.233600333,1,0.485397995,1,8.248954773,1,-4.401840687,1,-0.119332053,0,0.059968114,0,-0.080991708,0
13.94792461,-11.49145794,1,-11.04811573,1,-0.304254055,1,0.461913377,1,8.193858147,1,-4.431256294,1,-0.119063385,0,0.09051583,0,-0.102495126,0
13.95192528,-11.80548477,1,-10.65335846,1,-0.620130897,1,0.472634733,1,8.126317024,1,-4.448288918,1,-0.119497731,0,0.120820753,0,-0.124138571,0
13.95592308,-12.16875362,1,-9.65571785,1,-0.788173676,1,0.540479779,1,8.066627502,1,-4.471777916,1,-0.12043456,0,0.150832847,0,-0.145911455,0
13.95992279,-12.93233681,1,-8.790166855,1,-0.8254776,1,0.699162424,1,8.025615692,1,-4.514613152,1,-0.121621929,0,0.180603996,0,-0.167937055,0
13.96392441,-13.34561348,1,-7.95366478,1,-1.117399693,1,0.929416418,1,7.987561226,1,-4.557516575,1,-0.122722059,0,0.21018751,0,-0.190267429,0
13.96792221,-13.54485035,1,-7.269430161,1,-1.397295713,1,1.215892911,1,7.956324577,1,-4.607990742,1,-0.123500548,0,0.239581943,0,-0.21294117,0
13.97192669,-13.13361168,1,-6.607470512,1,-1.595508814,1,1.533818483,1,7.905317783,1,-4.64960146,1,-0.123806752,0,0.268778384,0,-0.235975176,0
13.97592926,-12.74610424,1,-5.956235886,1,-1.731932044,1,1.88237536,1,7.84734869,1,-4.68525219,1,-0.123511642,0,0.297738791,0,-0.259338617,0
13.97992611,-12.36062241,1,-5.49184227,1,-1.823852658,1,2.267004967,1,7.787009716,1,-4.708503723,1,-0.122480795,0,0.326471269,0,-0.282979608,0
13.98392582,-11.85552025,1,-4.855927467,1,-1.991320133,1,2.673934698,1,7.728735924,1,-4.701630116,1,-0.120567814,0,0.354994625,0,-0.306804419,0
13.98792839,-11.53115463,1,-4.339308262,1,-2.17053318,1,3.106218576,1,7.663256168,1,-4.680431366,1,-0.117639057,0,0.38332957,0,-0.330715925,0
13.99192619,-11.40681076,1,-3.796445608,1,-2.465950012,1,3.546784639,1,7.591704845,1,-4.633362293,1,-0.113575824,0,0.411487758,0,-0.354606688,0
13.9959259,-11.5730114,1,-3.459103107,1,-2.852689505,1,3.96023798,1,7.511488914,1,-4.577115536,1,-0.108375169,0,0.439467609,0,-0.378384203,0
13.99992752,-11.9125061,1,-3.543110371,1,-3.110924006,1,4.335558414,1,7.444271564,1,-4.487556458,1,-0.102099866,0,0.467312783,0,-0.401944637,0
14.00392532,-12.40454483,1,-4.204033375,1,-3.277785063,1,4.653710842,1,7.390881062,1,-4.370880127,1,-0.094833471,0,0.495090544,0,-0.425128043,0
14.00792408,-12.93887329,1,-5.004292965,1,-3.480018377,1,4.893398762,1,7.346529007,1,-4.240917206,1,-0.086782016,0,0.522878289,0,-0.447833955,0
14.01192665,-13.49946594,1,-6.162160873,1,-3.799139738,1,5.006158829,1,7.302466869,1,-4.09705162,1,-0.078277081,0,0.55070442,0,-0.46998316,0
14.01592445,-13.9172802,1,-7.372951031,1,-4.342550278,1,5.005334854,1,7.244268894,1,-3.962603807,1,-0.069763683,0,0.578536391,0,-0.491549224,0
14.01992416,-14.55919647,1,-8.428043365,1,-5.239575386,1,4.892803192,1,7.170027733,1,-3.858511925,1,-0.061732594,0,0.60628289,0,-0.51263994,0
14.02392578,-15.76679707,1,-8.930746078,1,-6.19558239,1,4.703857422,1,7.070942402,1,-3.811586857,1,-0.054615773,0,0.633821487,0,-0.533461213,0
14.02792263,-17.33122253,1,-8.993812561,1,-7.191682339,1,4.471213341,1,6.983084202,1,-3.847419024,1,-0.048905276,0,0.661086321,0,-0.554433167,0
14.03192234,-18.91493607,1,-8.26666069,1,-8.064196587,1,4.238967419,1,6.886530399,1,-3.974016666,1,-0.045013215,0,0.688055277,0,-0.576077461,0
14.03592396,-19.9453907,1,-6.954229832,1,-9.026990891,1,4.030824184,1,6.774749279,1,-4.19535923,1,-0.043273356,0,0.714636624,0,-0.598998308,0
14.03992176,-20.07400894,1,-6.146574497,1,-9.698220253,1,3.860808134,1,6.642229557,1,-4.462583065,1,-0.043948587,0,0.740696847,0,-0.623717189,0
14.04392052,-19.92519188,1,-5.258991718,1,-10.23880482,1,3.745728493,1,6.472172737,1,-4.757631779,1,-0.047164246,0,0.766076088,0,-0.650620699,0
14.04792213,-19.49534035,1,-4.124950886,1,-10.6102972,1,3.695072174,1,6.27931881,1,-5.040880203,1,-0.05286913,0,0.790578902,0,-0.679914355,0
14.05192089,-19.20290947,1,-3.002660036,1,-10.85107327,1,3.729918003,1,6.073709011,1,-5.307945251,1,-0.060871914,0,0.814072192,0,-0.711674869,0
14.0559206,-19.42067719,1,-1.989661574,1,-11.17443085,1,3.804757357,1,5.854223728,1,-5.56578207,1,-0.071031891,0,0.836453319,0,-0.745991886,0
14.05992127,-20.00249672,1,-0.954590917,1,-11.45987034,1,3.910869598,1,5.632824898,1,-5.803774357,1,-0.083262853,0,0.857610404,0,-0.782901883,0
14.06391907,-21.30467987,1,-0.324974537,1,-11.50995731,1,3.998829842,1,5.42756176,1,-6.023882389,1,-0.097610094,0,0.877497196,0,-0.822425544,0
14.06791878,-23.12145424,1,0.092956848,1,-11.44742775,1,4.063789845,1,5.239245892,1,-6.232651711,1,-0.114147894,0,0.896123052,0,-0.864574075,0
14.0719204,-24.68534279,1,0.172853008,1,-11.68521881,1,4.102028847,1,5.034455299,1,-6.409578323,1,-0.132973462,0,0.913406253,0,-0.909295261,0
14.0759182,-26.40085602,1,-0.110095344,1,-12.112813,1,4.084321499,1,4.809131145,1,-6.52531147,1,-0.154037997,0,0.929192722,0,-0.956312001,0
14.07991791,-28.38052177,1,-0.202161923,1,-12.4115324,1,4.015850067,1,4.571930885,1,-6.619292259,1,-0.177278817,0,0.943365395,0,-1.00529325,0
14.08391953,-30.75112343,1,0.042305451,1,-12.5727787,1,3.898074389,1,4.31346035,1,-6.6862216,1,-0.202661887,0,0.955801547,0,-1.055968523,0
14.08791733,-33.62458801,1,0.338097245,1,-12.08381557,1,3.771506548,1,4.064626217,1,-6.724964619,1,-0.229999378,0,0.966400564,0,-1.108013391,0
14.09192276,-36.46295547,1,0.622987211,1,-11.33235359,1,3.612591743,1,3.820366859,1,-6.706198215,1,-0.258942991,0,0.975206137,0,-1.16097486,0
14.09592438,-38.77547836,1,1.256679416,1,-10.63247108,1,3.421096325,1,3.570981264,1,-6.626464844,1,-0.289015055,0,0.982224643,0,-1.214172721,0
14.09992218,-40.33873367,1,3.186457872,1,-9.73163414,1,3.227774143,1,3.286046028,1,-6.484663486,1,-0.319633543,0,0.98745656,0,-1.26686573,0
14.10392094,-42.11957169,1,6.003157616,1,-8.630147934,1,3.124019623,1,2.9697721,1,-6.307972431,1,-0.350001574,0,0.990865827,0,-1.318376064,0
14.10792255,-43.9638176,1,9.081148148,1,-7.444271088,1,3.090855837,1,2.641086817,1,-6.043066502,1,-0.379040539,0,0.992532909,0,-1.367899299,0
14.11192036,-45.89959717,1,11.09121227,1,-5.80973959,1,3.119041443,1,2.346712828,1,-5.677837849,1,-0.405703157,0,0.992755949,0,-1.414551973,0
14.11592007,-47.58874512,1,11.00114346,1,-3.792453766,1,3.108540773,1,2.097319126,1,-5.238669872,1,-0.429338872,0,0.992004693,0,-1.45768249,0
14.11992168,-47.45917892,1,10.10083771,1,-1.690707445,1,2.911098003,1,1.842768788,1,-4.716229439,1,-0.449934989,0,0.990671337,0,-1.496756911,0
14.12391949,-45.35752487,1,9.009360313,1,0.799014986,1,2.468978405,1,1.532580018,1,-4.128795147,1,-0.467856616,0,0.988886774,0,-1.53114295,0
14.1279192,-42.65157318,1,8.26714325,1,3.050551653,1,1.830979943,1,1.161764503,1,-3.508143187,1,-0.48355487,0,0.986684501,0,-1.560304642,0
14.13192082,-40.51592255,1,8.327238083,1,4.525909901,1,1.085377455,1,0.776032984,1,-2.884621382,1,-0.497486323,0,0.984083533,0,-1.584021091,0
14.13591862,-38.55806351,1,9.243531227,1,5.578048229,1,0.395985484,1,0.429725111,1,-2.281876326,1,-0.50985992,0,0.981212676,0,-1.6024158,0
14.13991833,-37.2136116,1,11.00873089,1,6.217806339,1,-0.111501619,1,0.114809595,1,-1.73920989,1,-0.520545304,0,0.978197634,0,-1.615905643,0
14.14391899,-36.23298645,1,13.11663151,1,6.626886368,1,-0.352349639,1,-0.141324401,1,-1.260923982,1,-0.52915287,0,0.975137234,0,-1.625106335,0
14.14791679,-34.60160446,1,14.13126183,1,6.792129993,1,-0.370248824,1,-0.363057077,1,-0.810873508,1,-0.535157919,0,0.97216177,0,-1.630550981,0
14.1519165,-33.7156868,1,14.95278645,1,6.612179756,1,-0.200025201,1,-0.538582265,1,-0.447449833,1,-0.538126886,0,0.969327629,0,-1.632702947,0
14.15591812,-33.25401306,1,13.75210094,1,6.413952351,1,0.092327379,1,-0.656275392,1,-0.137560904,1,-0.5380041,0,0.966671169,0,-1.632273436,0
14.15991592,-32.89240265,1,11.60074329,1,6.397008896,1,0.322430342,1,-0.702800453,1,0.115780748,1,-0.535174251,0,0.964304209,0,-1.629872561,0
14.16391468,-32.26574326,1,8.99946785,1,6.221716404,1,0.435484916,1,-0.70101881,1,0.307265192,1,-0.530486822,0,0.962314188,0,-1.626056433,0
14.16791725,-29.25354767,1,6.574125767,1,6.410030842,1,0.382191062,1,-0.720423698,1,0.495771527,1,-0.524792492,0,0.960703313,0,-1.621164441,0
14.17191601,-24.57284927,1,5.97000885,1,6.791087627,1,0.183453321,1,-0.866062164,1,0.702851295,1,-0.518440366,0,0.959165394,0,-1.614812136,0
14.17591476,-12.83281612,1,3.813434601,1,-1.142785549,1,-0.10451407,1,-1.219586849,1,0.957222223,1,-0.511326849,0,0.957245529,0,-1.60640645,0
14.17991638,33.93721771,1,-7.077813625,1,10.65499878,1,-2.873445511,1,-3.823412657,1,0.625279903,1,-0.50580734,0,0.951217234,0,-1.592982769,0
14.18391419,-77.32546997,1,4.576865673,1,29.28342056,1,-4.303629875,1,-5.997961044,1,1.466330051,1,-0.502438724,0,0.93476814,0,-1.570214391,0
14.1879139,36.42097092,1,30.3985424,1,-2.724256516,1,-2.323720694,1,-6.197870731,1,1.131912708,1,-0.451582938,0,0.932097733,0,-1.494711757,0
14.19191647,-9.082684517,1,9.936226845,1,-17.79730034,1,-3.052731276,1,-8.780387878,1,0.873924375,1,-0.440772951,0,0.906306744,0,-1.467966318,0
14.19591332,-35.02997971,1,25.92583084,1,-41.38597488,1,-1.660759091,1,-8.75228405,1,0.700571597,1,-0.428150237,0,0.87590766,0,-1.439639688,0
14.19991303,-29.64290237,1,22.69487,1,-66.70002747,1,-0.397871971,1,-8.727619171,1,0.916115463,1,-0.41308102,0,0.845153391,0,-1.413747072,0
14.2039156,-56.26369095,1,15.01553154,1,-72.18497467,1,-0.025924832,1,-8.724783897,1,1.715089083,1,-0.393955648,0,0.815079153,0,-1.386379719,0
14.20791149,-77.57064056,1,13.50672817,1,-68.57437134,1,0.498556793,1,-8.050367355,1,3.172469616,1,-0.369930804,0,0.787016511,0,-1.355165124,0
14.21191788,-79.74613953,1,-1.294296384,1,-48.59673691,1,0.197082996,1,-5.564498901,1,4.813762665,1,-0.344040066,0,0.766552985,0,-1.320526004,0
14.2159195,-41.79156494,1,-13.1020565,1,-35.11493683,1,-0.224983022,1,-3.338941574,1,5.661632061,1,-0.319732308,0,0.757029891,0,-1.285053849,0
14.2199173,-16.74075317,1,-19.96821976,1,-15.11514378,1,-0.057384912,1,-2.955280066,1,5.731482029,1,-0.296482861,0,0.752300441,0,-1.250015736,0
14.22391701,7.434110641,1,-24.89652443,1,-2.379081726,1,-0.229661062,1,-3.159948587,1,5.803398609,1,-0.272878528,0,0.747075438,0,-1.215148211,0
14.22791863,24.70449829,1,-17.05665207,1,8.114122391,1,-1.036349297,1,-4.157755375,1,5.362151623,1,-0.252182871,0,0.739036977,0,-1.180522919,0
14.23191643,2.689702511,1,-10.3612833,1,3.673873425,1,-1.749379277,1,-5.017816544,1,4.562505245,1,-0.236043096,0,0.725721836,0,-1.148424864,0
14.23591614,-42.51974487,1,-37.46992874,1,-10.73538399,1,-2.805116415,1,-4.1303339,1,2.928402901,1,-0.2286347,0,0.710766077,0,-1.123149037,0
14.23991776,-90.83863068,1,-19.29650879,1,-10.18135834,1,-2.574118853,1,-1.999601126,1,1.915755153,1,-0.22982648,0,0.700876832,0,-1.107740402,0
14.24391556,-30.45883369,1,26.90174675,1,-7.774410248,1,-1.850265622,1,-0.737928271,1,1.924301982,1,-0.231389761,0,0.697767079,0,-1.096441507,0
14.24791527,3.405491352,1,24.79086876,1,-11.31530285,1,-1.280441046,1,-0.61714536,1,2.027849674,1,-0.230695635,0,0.697029471,0,-1.085557461,0
14.25191689,-12.12513447,1,-5.295960903,1,-10.45046234,1,-0.916884124,1,-0.53195858,1,1.544488072,1,-0.228570476,0,0.696495414,0,-1.07567656,0
14.25591469,-6.358460426,1,-15.40745735,1,-2.98435688,1,-1.132516623,1,-0.595789373,1,1.208301425,1,-0.227771148,0,0.695481718,0,-1.068257809,0
14.25991345,-12.9256115,1,-2.598132372,1,-9.78605938,1,-1.264556527,1,-0.566048801,1,1.292360067,1,-0.228165105,0,0.694231808,0,-1.061144829,0
14.26391506,-9.309791565,1,-1.599286437,1,-11.55847168,1,-1.171181679,1,-0.312753767,1,1.195629358,1,-0.22868979,0,0.693751812,0,-1.054362893,0
14.26791287,-2.956456423,1,-5.314270496,1,-11.38248825,1,-1.119781137,1,-0.635448873,1,1.119377136,1,-0.229183108,0,0.692965865,0,-1.047946692,0
14.27191258,-5.667899609,1,0.28104198,1,-13.7299118,1,-0.973293424,1,-0.799257994,1,1.055141687,1,-0.229354575,0,0.691148818,0,-1.041624904,0
14.27591515,-6.351521492,1,1.71154511,1,-11.42247391,1,-0.790137529,1,-0.865334213,1,1.020052671,1,-0.228848383,0,0.688812137,0,-1.035361886,0
14.279912,-6.698770046,1,-8.338790894,1,-7.64677,1,-0.833849311,1,-0.822664082,1,1.014324427,1,-0.228161454,0,0.686414361,0,-1.029258847,0
14.28391075,-4.216452599,1,-11.12134171,1,-6.426299572,1,-1.060354829,1,-0.756443024,1,1.090702415,1,-0.228016913,0,0.684279501,0,-1.023055792,0
14.28791332,-3.805430412,1,-4.961074352,1,-8.208203316,1,-1.21499908,1,-0.670616388,1,1.127745867,1,-0.228548244,0,0.682515979,0,-1.016627908,0
14.29191208,-7.51236105,1,0.246133611,1,-8.869782448,1,-1.203348041,1,-0.654871345,1,1.07463634,1,-0.229448318,0,0.680965543,0,-1.010299563,0
14.29591179,-9.260556221,1,4.427262306,1,-9.031391144,1,-1.065783143,1,-0.650759161,1,0.90597111,1,-0.2304295,0,0.679341555,0,-1.004575014,0
14.29991245,-7.977604389,1,6.99593544,1,-10.2598772,1,-0.810463071,1,-0.669986129,1,0.765305221,1,-0.23109749,0,0.677547157,0,-0.999643266,0
14.30391026,-6.914815903,1,1.28085959,1,-9.198932648,1,-0.627483845,1,-0.682379484,1,0.677783072,1,-0.231158078,0,0.675574303,0,-0.995246291,0
14.30790997,-5.153784752,1,-5.431059361,1,-8.014312744,1,-0.655544877,1,-0.708061337,1,0.690974474,1,-0.231052846,0,0.673472047,0,-0.991042912,0
14.31191158,-4.385258198,1,-5.300174236,1,-8.518094063,1,-0.682353497,1,-0.661208034,1,0.749548316,1,-0.231014803,0,0.67146343,0,-0.986662209,0
14.31590939,-3.501087189,1,-5.48214674,1,-9.772672653,1,-0.764138579,1,-0.669672489,1,0.837547541,1,-0.230959192,0,0.669629633,0,-0.981932461,0
14.31990814,-4.573319912,1,-4.613983154,1,-10.06794357,1,-0.810636103,1,-0.724418521,1,0.898676515,1,-0.230938509,0,0.667699695,0,-0.976820111,0
14.32390976,-6.221605301,1,-0.654941261,1,-10.17990971,1,-0.780720055,1,-0.790336013,1,0.908948123,1,-0.230825678,0,0.66558677,0,-0.971414983,0
14.32790756,-5.276770592,1,1.407676101,1,-10.94047165,1,-0.733364701,1,-0.902616143,1,0.83470881,1,-0.230577096,0,0.66312027,0,-0.966116786,0
14.33191299,-5.051071167,1,1.868521929,1,-11.35065079,1,-0.605001509,1,-1.022790074,1,0.740413368,1,-0.230214164,0,0.660090744,0,-0.961130023,0
14.33591461,-3.840763569,1,-0.248427227,1,-12.03891373,1,-0.5014081,1,-1.162299156,1,0.692035973,1,-0.229519099,0,0.656504214,0,-0.956370652,0
14.33991242,-2.922957182,1,-3.211970568,1,-13.28324604,1,-0.574154794,1,-1.378782272,1,0.693636417,1,-0.22867538,0,0.652193844,0,-0.951527238,0
14.34391213,-4.137845993,1,-3.030366659,1,-13.34632397,1,-0.672649622,1,-1.568294168,1,0.693108261,1,-0.228120193,0,0.64707309,0,-0.946462452,0
14.3479147,-4.760166168,1,-2.226947784,1,-13.7021122,1,-0.702645063,1,-1.8101331,1,0.679781318,1,-0.227729514,0,0.641113937,0,-0.941205382,0
14.35191155,-4.115969658,1,-5.566106796,1,-14.65162945,1,-0.853882015,1,-2.11143136,1,0.65523392,1,-0.227531895,0,0.634080946,0,-0.935746253,0
14.3559103,-3.497575998,1,-0.764401019,1,-16.64169121,1,-0.845166564,1,-2.447304726,1,0.62037009,1,-0.227729425,0,0.625792265,0,-0.930140913,0
14.35991383,-1.654716492,1,-0.398268163,1,-17.3930645,1,-0.704012454,1,-2.804756165,1,0.595050156,1,-0.227375209,0,0.616130829,0,-0.924304724,0
14.36391163,-3.806230068,1,-2.832077026,1,-19.76367188,1,-0.763113379,1,-3.287272215,1,0.60088855,1,-0.226743385,0,0.604800701,0,-0.918105185,0
14.36791134,-3.607443571,1,-4.3227911,1,-20.05920982,1,-0.892510116,1,-3.759919167,1,0.650940895,1,-0.226225495,0,0.591625571,0,-0.911361396,0
14.371912,1.319354177,1,-3.586250305,1,-19.59767342,1,-1.013733029,1,-4.358434677,1,0.71995455,1,-0.225944936,0,0.576464653,0,-0.903802156,0
14.37590981,-1.154434085,1,-3.41638422,1,-21.56177711,1,-0.949916482,1,-4.917647839,1,0.848729074,1,-0.225287601,0,0.559036553,0,-0.895243168,0
14.37990952,1.55289185,1,-3.020675182,1,-20.23151398,1,-0.801092148,1,-5.428610802,1,1.003310204,1,-0.223761916,0,0.539717734,0,-0.885633945,0
14.38391113,2.984229803,1,-6.919437885,1,-20.54571342,1,-0.823061764,1,-6.028502464,1,1.180135846,1,-0.221548036,0,0.518336236,0,-0.87485683,0
14.38790894,2.373288155,1,-6.495810509,1,-19.79099655,1,-0.882618725,1,-6.609125614,1,1.401249766,1,-0.219108462,0,0.494804472,0,-0.862789392,0
14.39190865,3.401749372,1,-6.20284462,1,-18.90869522,1,-0.898189604,1,-7.182112694,1,1.610076427,1,-0.216491535,0,0.469177544,0,-0.849418342,0
14.39591026,3.304034233,1,-5.960053444,1,-18.65095901,1,-0.839703083,1,-7.765370369,1,1.853186369,1,-0.213556036,0,0.441433102,0,-0.834795177,0
14.39990807,2.835882664,1,-5.495679379,1,-18.60455132,1,-0.780839026,1,-8.26143074,1,2.091159582,1,-0.210224092,0,0.411751658,0,-0.81888932,0
14.40390778,4.233698845,1,-5.038167953,1,-17.60982513,1,-0.652870893,1,-8.731506348,1,2.25006938,1,-0.206590459,0,0.380249619,0,-0.802047133,0
14.40790939,1.643297553,1,-5.023694515,1,-18.17577171,1,-0.644845605,1,-8.742582321,1,2.517601967,1,-0.202922106,0,0.34796077,0,-0.78444761,0
14.41190624,1.898037314,1,-5.121201515,1,-16.7437706,1,-0.657015562,1,-8.743808746,1,2.720885992,1,-0.199563861,0,0.315794051,0,-0.766176939,0
14.41590595,3.13479805,1,-6.592618942,1,-16.26958466,1,-0.772159517,1,-8.746480942,1,2.896449566,1,-0.196858332,0,0.283712447,0,-0.747426033,0
14.41990757,2.153292418,1,-4.426628113,1,-13.94334126,1,-0.800445259,1,-8.75012207,1,3.157115698,1,-0.194892228,0,0.251714885,0,-0.728210926,0
14.42390537,-1.930700064,1,-6.024327278,1,-14.70116043,1,-0.827022433,1,-8.750406265,1,3.412904501,1,-0.193484232,0,0.219927162,0,-0.707891464,0
14.42790508,-5.967449665,1,-6.279916286,1,-15.57413864,1,-0.824116588,1,-8.751786232,1,3.49421525,1,-0.192555711,0,0.188226864,0,-0.687166214,0
14.43190575,-15.21890259,1,-6.554112911,1,-16.64076424,1,-0.773728192,1,-8.749936104,1,3.372424603,1,-0.19224827,0,0.15650399,0,-0.666636467,0
14.43590355,-19.22956085,1,-4.913882732,1,-15.91412449,1,-0.625574291,1,-8.746743202,1,3.312212706,1,-0.192261338,0,0.124700591,0,-0.646684408,0
14.43990326,-15.79432297,1,-2.296154499,1,-14.64561844,1,-0.458676368,1,-8.742959023,1,3.3648808,1,-0.23056294,0,0.081052251,0,-0.652854681,0
14.44390488,-19.15228462,1,1.040445209,1,-13.33132172,1,-0.128725171,1,-8.736523628,1,3.370291233,1,-0.230427206,0,0.050103091,0,-0.631679952,0
14.44790268,-24.72379303,1,2.091073036,1,-11.61540127,1,0.309739172,1,-8.728052139,1,3.40255022,1,-0.229323193,0,0.019183399,0,-0.610514402,0
14.45190907,-32.26314163,1,4.194700718,1,-13.2203064,1,0.913443685,1,-8.71241951,1,3.040415287,1,-0.226826265,0,-0.011846293,0,-0.589933395,0
14.45591068,-40.96234894,1,2.730220556,1,-9.796429634,1,1.699023247,1,-8.483705521,1,2.662921429,1,-0.222190708,0,-0.04304928,0,-0.571138084,0
14.45990849,-39.82039642,1,-2.095709562,1,-5.817146301,1,2.408492804,1,-7.29520607,1,2.362287998,1,-0.214838088,0,-0.071718171,0,-0.554427207,0
14.4639082,-40.69367599,1,-3.009747028,1,-3.163003206,1,2.8300488,1,-5.960981369,1,2.018110991,1,-0.205373213,0,-0.095977098,0,-0.540328562,0
14.46790886,-29.74954605,1,-4.035539627,1,-0.291565835,1,2.814350605,1,-4.717243195,1,2.18475771,1,-0.195268914,0,-0.115113094,0,-0.527863026,0
14.47190666,-18.26807785,1,-7.139669895,1,3.268788099,1,2.468822479,1,-3.914176702,1,2.219307661,1,-0.186117098,0,-0.130346611,0,-0.515851855,0
14.47590637,-9.477993965,1,-13.46745777,1,6.777337551,1,1.580487967,1,-3.228396416,1,2.306591749,1,-0.179348275,0,-0.142807543,0,-0.504304707,0
14.47990799,-10.8189497,1,-20.03749084,1,2.732207537,1,0.392791122,1,-2.752584219,1,2.339544296,1,-0.177018926,0,-0.152856037,0,-0.492897034,0
14.48390579,-12.38190651,1,-22.05858231,1,0.635348201,1,-1.134436369,1,-2.503871202,1,2.229236364,1,-0.18020089,0,-0.161541477,0,-0.481848419,0
14.4879055,-21.58752632,1,-7.478543758,1,2.03793335,1,-2.420162201,1,-2.528152943,1,2.696155787,1,-0.189409286,0,-0.169586346,0,-0.470255524,0
14.49190712,-43.44363785,1,0.714365363,1,-7.401908398,1,-2.844372749,1,-1.763413906,1,2.16693306,1,-0.202176377,0,-0.176356509,0,-0.458811998,0
14.49590492,-28.00780869,1,-0.487736553,1,-7.722688198,1,-2.774173498,1,-0.718149483,1,2.057118416,1,-0.215130776,0,-0.179218888,0,-0.449473321,0
14.49990463,-9.00531292,1,-0.640134275,1,-4.647747993,1,-2.508269548,1,-0.842897415,1,1.994238019,1,-0.227307528,0,-0.180295274,0,-0.440773189,0
14.5039053,-6.66421175,1,1.707936168,1,-4.648136139,1,-2.132059097,1,-1.319948673,1,2.01977396,1,-0.238163695,0,-0.182697967,0,-0.431893617,0
14.5079031,-8.467336655,1,1.625657916,1,-6.478440762,1,-1.910555243,1,-1.580806851,1,2.271968603,1,-0.248051867,0,-0.18625699,0,-0.421998262,0
14.51190281,-9.387825012,1,1.302689552,1,-7.168449402,1,-1.551628828,1,-1.958334684,1,2.437816858,1,-0.257098466,0,-0.190740675,0,-0.410902083,0
14.51590443,-12.76721001,1,1.999672651,1,-8.372256279,1,-1.046267629,1,-2.281990051,1,2.551996469,1,-0.264629513,0,-0.19639197,0,-0.398834169,0
14.51990223,-15.87290573,1,0.717548609,1,-9.341303825,1,-0.545201004,1,-2.472749949,1,2.637813807,1,-0.270340264,0,-0.202839732,0,-0.386048496,0
14.52390194,-18.04922104,1,-1.271444082,1,-10.17308235,1,-0.134980366,1,-2.568196774,1,2.72213769,1,-0.274413168,0,-0.209690228,0,-0.37270695,0
14.52790356,-19.04026222,1,-3.471101761,1,-11.0418148,1,0.177216053,1,-2.560301065,1,2.783577442,1,-0.277202696,0,-0.216567159,0,-0.358994484,0
14.53190136,-19.52136803,1,-5.554928303,1,-11.89081383,1,0.396133155,1,-2.52581048,1,2.826823711,1,-0.279068232,0,-0.223289415,0,-0.345073074,0
14.53590107,-19.88186836,1,-7.364817142,1,-12.71461105,1,0.496554136,1,-2.432498932,1,2.887682199,1,-0.280426502,0,-0.229664341,0,-0.330992579,0
14.53990269,-19.76752663,1,-8.897017479,1,-13.83539486,1,0.520669878,1,-2.358141184,1,2.956400156,1,-0.281683028,0,-0.235680014,0,-0.316683024,0
14.54390049,-19.54773331,1,-9.778845787,1,-14.07230186,1,0.459905118,1,-2.286536217,1,3.053329706,1,-0.283144176,0,-0.241214663,0,-0.302156299,0
14.54789925,-19.08208847,1,-10.72295284,1,-14.4216032,1,0.358506709,1,-2.234755039,1,3.171195269,1,-0.285099804,0,-0.246411636,0,-0.287231028,0
14.55190086,-18.70947456,1,-11.52232265,1,-14.80923843,1,0.221229002,1,-2.193016052,1,3.296929836,1,-0.287720621,0,-0.251248538,0,-0.271854609,0
14.55589962,-18.24118614,1,-12.28954983,1,-14.94414711,1,0.042498186,1,-2.179282427,1,3.439185143,1,-0.291169286,0,-0.255767494,0,-0.255957276,0
14.55989838,-18.09963608,1,-13.03471947,1,-15.19181252,1,-0.152904004,1,-2.116802692,1,3.588503599,1,-0.295563161,0,-0.259913981,0,-0.239495888,0
14.56389999,-17.79715538,1,-13.64895535,1,-15.37816811,1,-0.366557956,1,-2.091315269,1,3.761548042,1,-0.30102855,0,-0.263644576,0,-0.222389475,0
14.5678978,-17.53836632,1,-13.94306374,1,-15.59177685,1,-0.586360872,1,-2.051653385,1,3.945451498,1,-0.30760628,0,-0.266949445,0,-0.204563797,0
14.57190418,-17.29272461,1,-13.96669674,1,-15.65206337,1,-0.816150784,1,-2.03095603,1,4.123415947,1,-0.315312445,0,-0.269773811,0,-0.186042443,0
14.5759058,-16.90585899,1,-13.72952461,1,-15.93280888,1,-1.028411984,1,-1.992966533,1,4.286268234,1,-0.324145436,0,-0.272116601,0,-0.166846737,0
14.5799036,-16.77053642,1,-13.14742851,1,-16.31242752,1,-1.19817698,1,-1.968890071,1,4.43500185,1,-0.333953857,0,-0.273989677,0,-0.147043034,0
14.58390331,-16.99609756,1,-12.71487331,1,-16.85910797,1,-1.299358487,1,-1.929867983,1,4.554044247,1,-0.344477266,0,-0.275359601,0,-0.126738831,0
14.58790493,-17.44998932,1,-11.77261066,1,-17.63286018,1,-1.325108647,1,-1.864830613,1,4.641922474,1,-0.355380625,0,-0.276195705,0,-0.106070891,0
14.59190273,-18.21672058,1,-11.15780544,1,-18.39076614,1,-1.260690451,1,-1.785185575,1,4.696679592,1,-0.366259515,0,-0.276434451,0,-0.085217595,0
14.59590149,-18.95624924,1,-10.65599537,1,-19.3482151,1,-1.11412096,1,-1.66651845,1,4.714339733,1,-0.376702964,0,-0.276048958,0,-0.06437663,0
14.59990311,-19.44670677,1,-10.27092934,1,-20.20036316,1,-0.917117178,1,-1.532264709,1,4.694707394,1,-0.386393547,0,-0.274978876,0,-0.04373876,0
14.60390091,-19.7411232,1,-10.19916534,1,-20.78155327,1,-0.699730754,1,-1.372020006,1,4.641958714,1,-0.395113051,0,-0.273233682,0,-0.023486696,0
14.60790062,-19.47429848,1,-11.12608814,1,-20.89118004,1,-0.4986552,1,-1.160948992,1,4.575173378,1,-0.402777195,0,-0.270745397,0,-0.003804841,0
14.61190224,-18.55309486,1,-12.55160809,1,-20.75043869,1,-0.369322091,1,-0.924532652,1,4.498157501,1,-0.409546942,0,-0.267403573,0,0.015203143,0
14.61590004,-17.34092331,1,-14.26429653,1,-20.29664803,1,-0.34734112,1,-0.666717052,1,4.415365696,1,-0.41573438,0,-0.263162315,0,0.033443224,0
14.61989975,-16.60086632,1,-16.28054237,1,-19.49018669,1,-0.429777533,1,-0.403522432,1,4.339264393,1,-0.421764672,0,-0.25800091,0,0.050905824,0
14.62390041,-16.16521645,1,-18.19246101,1,-18.22404289,1,-0.620411038,1,-0.112853922,1,4.284753799,1,-0.428050697,0,-0.251843035,0,0.067579076,0
14.62789917,-16.04273987,1,-19.75186539,1,-16.85125542,1,-0.919463217,1,0.206635863,1,4.245121479,1,-0.435014546,0,-0.244544774,0,0.083481804,0
14.63189793,-15.17927933,1,-20.81829262,1,-15.76012516,1,-1.290542722,1,0.529427886,1,4.222552776,1,-0.443022549,0,-0.236011565,0,0.098612562,0
14.63589954,-13.94513321,1,-21.29057884,1,-15.01685333,1,-1.693227649,1,0.828137636,1,4.194081306,1,-0.452289939,0,-0.22627002,0,0.112990253,0
14.63989735,-11.85126591,1,-20.53612328,1,-14.60039806,1,-2.082609892,1,1.098442316,1,4.145356655,1,-0.462833971,0,-0.215428799,0,0.126581579,0
14.64389706,-9.81788826,1,-18.98814583,1,-13.74739552,1,-2.391180515,1,1.339289665,1,4.074458599,1,-0.474465638,0,-0.20364055,0,0.13934584,0
14.64789867,-7.67440176,1,-16.98905945,1,-13.36445427,1,-2.602003098,1,1.590282202,1,3.950496912,1,-0.486783266,0,-0.191019624,0,0.151100501,0
14.65189648,-5.853471279,1,-15.66459179,1,-13.01674366,1,-2.694227934,1,1.839737177,1,3.742387533,1,-0.499315947,0,-0.177687407,0,0.161597446,0
14.65589523,-4.855863094,1,-14.83760071,1,-12.62150192,1,-2.705666065,1,2.109815359,1,3.504668951,1,-0.511674762,0,-0.163763538,0,0.170600176,0
14.6598978,-4.170048714,1,-14.12883282,1,-12.20667362,1,-2.640781641,1,2.400694847,1,3.247533083,1,-0.52353251,0,-0.14925091,0,0.17797187,0
14.66389465,-3.945693731,1,-13.72170448,1,-11.88827133,1,-2.50220108,1,2.725434303,1,2.984656096,1,-0.534641266,0,-0.134112954,0,0.183625206,0
14.66789436,-4.007528305,1,-13.32498169,1,-11.37790298,1,-2.290378571,1,3.109571457,1,2.697463989,1,-0.544712901,0,-0.118273295,0,0.187427834,0
14.67189694,-4.190489292,1,-13.17715931,1,-10.71034908,1,-2.038006306,1,3.560374498,1,2.373961687,1,-0.553569376,0,-0.101609051,0,0.189129665,0
14.67589474,-4.020096779,1,-13.38412952,1,-9.55816555,1,-1.804367304,1,4.068502426,1,2.015798807,1,-0.561194897,0,-0.084025823,0,0.188514724,0
14.67989445,-3.393244743,1,-14.08437252,1,-8.211352348,1,-1.630064607,1,4.603881836,1,1.647447467,1,-0.567818224,0,-0.065451764,0,0.185425639,0
14.68389511,-2.151498795,1,-14.79264164,1,-6.695759296,1,-1.498380542,1,5.136156082,1,1.259909868,1,-0.573756814,0,-0.045913357,0,0.179783687,0
14.68789291,-0.883202791,1,-15.22121334,1,-5.321708202,1,-1.413689494,1,5.643082619,1,0.875366986,1,-0.588852167,0,-0.059720922,0,0.168116778,0
14.69189262,0.537577927,1,-15.01198196,1,-4.021656036,1,-1.341685057,1,6.112745285,1,0.48577562,1,-0.593830705,0,-0.038666267,0,0.157248527,0
14.69589996,1.425109744,1,-14.41947365,1,-2.917218208,1,-1.278754115,1,6.522453308,1,0.108195722,1,-0.598712325,0,-0.017082676,0,0.144026697,0
14.69990253,2.10842824,1,-13.63743305,1,-2.071879148,1,-1.169813514,1,6.856684208,1,-0.248085901,1,-0.603527904,0,0.004840519,0,0.128652528,0
14.70390225,2.301408768,1,-12.46224785,1,-1.394091487,1,-1.004932046,1,7.137080669,1,-0.586777449,1,-0.608167291,0,0.026903294,0,0.111325257,0
14.70790482,2.029097557,1,-11.3211422,1,-0.814438045,1,-0.766743124,1,7.362219334,1,-0.933396995,1,-0.612460017,0,0.04893792,0,0.092191882,0
14.71190262,1.533680797,1,-10.24733162,1,-0.476321489,1,-0.456381857,1,7.548202991,1,-1.288227201,1,-0.616178691,0,0.070754193,0,0.071329162,0
14.71590233,0.743291259,1,-9.245166779,1,-0.331448853,1,-0.094925568,1,7.68281126,1,-1.644575596,1,-0.619141221,0,0.092196539,0,0.04882957,0
14.71990395,-0.129023284,1,-8.35791111,1,-0.157252491,1,0.312627017,1,7.804596901,1,-1.994816542,1,-0.621181846,0,0.113184378,0,0.02477397,0
14.72390175,-0.958929896,1,-7.858689308,1,0.070659503,1,0.742850125,1,7.888699055,1,-2.335757971,1,-0.622209966,0,0.133663923,0,-0.000748448,0
14.72790146,-1.928707242,1,-7.743573189,1,0.208738551,1,1.151108623,1,7.944897652,1,-2.683274031,1,-0.622257054,0,0.153554633,0,-0.027656371,0
14.73190308,-3.066367865,1,-8.09184742,1,0.279387146,1,1.51205039,1,7.98463726,1,-3.008504629,1,-0.62150234,0,0.172822759,0,-0.055849653,0
14.73590088,-4.307452202,1,-8.407567978,1,0.200539857,1,1.820959449,1,8.003757477,1,-3.327995062,1,-0.620144963,0,0.191464812,0,-0.085248768,0
14.73989964,-5.361922264,1,-8.884189606,1,0.081852153,1,2.050457716,1,7.985301495,1,-3.645716429,1,-0.618458867,0,0.209397167,0,-0.115780644,0
14.74390125,-6.466362953,1,-9.203662872,1,-0.188125461,1,2.211221218,1,7.969060898,1,-3.954935074,1,-0.616756916,0,0.226606607,0,-0.147406697,0
14.74789906,-7.273910522,1,-9.574337959,1,-0.475436866,1,2.298686981,1,7.926030159,1,-4.230022907,1,-0.615320265,0,0.243103072,0,-0.180030569,0
14.75189877,-7.908778667,1,-9.787895203,1,-0.801827312,1,2.319903851,1,7.867708683,1,-4.495083332,1,-0.614406466,0,0.258840829,0,-0.213567093,0
14.75590038,-8.442008972,1,-9.759758949,1,-1.086304307,1,2.306591034,1,7.787482738,1,-4.731087685,1,-0.614177585,0,0.273793161,0,-0.247911021,0
14.75989819,-9.091569901,1,-9.361886024,1,-1.450025797,1,2.296529055,1,7.698881626,1,-4.947239876,1,-0.614692628,0,0.287931859,0,-0.282963097,0
14.7638979,-9.633648872,1,-8.721056938,1,-1.842800021,1,2.302782059,1,7.614727497,1,-5.147154331,1,-0.615876973,0,0.301294208,0,-0.318665981,0
14.76789856,-10.29327202,1,-7.983674049,1,-2.079023361,1,2.333908558,1,7.521361351,1,-5.33344698,1,-0.617606521,0,0.313868493,0,-0.35497421,0
14.77189636,-10.77814388,1,-7.339295864,1,-2.329874992,1,2.387249947,1,7.445092678,1,-5.493942261,1,-0.619754374,0,0.325693429,0,-0.391846538,0
14.77589607,-11.14141273,1,-6.896970272,1,-2.609761715,1,2.459820509,1,7.363824368,1,-5.639722347,1,-0.622224808,0,0.336821556,0,-0.429227114,0
14.77989769,-11.25475407,1,-6.405704975,1,-2.867733479,1,2.547652721,1,7.282590866,1,-5.752779484,1,-0.624897361,0,0.347300559,0,-0.467020482,0
14.78389645,-11.45490932,1,-5.849550724,1,-2.881979227,1,2.648676157,1,7.203087807,1,-5.833660126,1,-0.627650678,0,0.357179582,0,-0.505118191,0
14.78789616,-11.57519436,1,-5.490421772,1,-2.826581478,1,2.774536133,1,7.136173248,1,-5.890651226,1,-0.630374789,0,0.366574466,0,-0.543449461,0
14.79189682,-11.49030876,1,-5.423242569,1,-2.8693645,1,2.891483784,1,7.072988987,1,-5.913243294,1,-0.632983208,0,0.375557184,0,-0.581904113,0
14.79589462,-11.21871281,1,-5.386689663,1,-2.83460784,1,2.985972166,1,7.007011414,1,-5.895462513,1,-0.635479152,0,0.38423425,0,-0.620369792,0
14.79989433,-10.82922745,1,-5.241633415,1,-2.833822727,1,3.060675144,1,6.937272072,1,-5.833559036,1,-0.637884855,0,0.392699897,0,-0.65867281,0
14.80389595,-10.48956776,1,-4.857626915,1,-2.940903902,1,3.146042347,1,6.872297287,1,-5.739164352,1,-0.640164793,0,0.401061088,0,-0.696695566,0
14.80789375,-10.37707615,1,-4.185528755,1,-3.004078627,1,3.236181974,1,6.819941998,1,-5.625092983,1,-0.642241716,0,0.409400672,0,-0.734331369,0
14.81189346,-10.37419415,1,-3.348095894,1,-3.047364712,1,3.350654125,1,6.798199177,1,-5.498559952,1,-0.644059658,0,0.417851895,0,-0.771609843,0
14.8159008,-10.17656231,1,-2.650026083,1,-3.178370953,1,3.472783089,1,6.792929649,1,-5.362114906,1,-0.645553648,0,0.426522076,0,-0.808550775,0
14.81990433,-9.838690758,1,-2.062337637,1,-3.450059891,1,3.610745907,1,6.793087482,1,-5.211981297,1,-0.646674991,0,0.435481012,0,-0.845147491,0
14.82390404,-9.448664665,1,-1.85532248,1,-3.624890089,1,3.757968426,1,6.797260761,1,-5.049741745,1,-0.647366643,0,0.444790572,0,-0.881358683,0
14.82790566,-9.267736435,1,-1.448207498,1,-3.980813265,1,3.90662694,1,6.802866459,1,-4.887106419,1,-0.647594571,0,0.454502136,0,-0.917165756,0
14.83190346,-9.504442215,1,-1.014410019,1,-4.424091816,1,4.069603443,1,6.818965912,1,-4.723148823,1,-0.647363782,0,0.464644372,0,-0.952613652,0
14.83590317,-9.923288345,1,-0.139659435,1,-5.224823952,1,4.241716385,1,6.843420982,1,-4.600455284,1,-0.646664977,0,0.475208461,0,-0.987766564,0
14.83990574,-11.06342411,1,-0.194532096,1,-5.825383186,1,4.400831223,1,6.891047001,1,-4.529661655,1,-0.645578861,0,0.486150682,0,-1.0228405,0
14.84390259,-12.51061726,1,-1.18121779,1,-6.370674133,1,4.507731915,1,6.957193851,1,-4.491405964,1,-0.644384861,0,0.497436881,0,-1.058083415,0
14.84790134,-13.80146599,1,-2.059056282,1,-6.814902782,1,4.539778709,1,6.995171547,1,-4.472705841,1,-0.643372715,0,0.509012461,0,-1.093570471,0
14.85190392,-14.93868732,1,-2.635108948,1,-7.192540646,1,4.495770931,1,6.99869585,1,-4.488848209,1,-0.642896593,0,0.520675182,0,-1.129333854,0
14.85590076,-16.083004,1,-2.837099314,1,-7.598675251,1,4.398779392,1,6.988859177,1,-4.571612835,1,-0.643268824,0,0.532209635,0,-1.165498495,0
14.85990048,-16.69514275,1,-2.844453096,1,-7.774162769,1,4.25540781,1,6.958925247,1,-4.698806286,1,-0.644767582,0,0.543411672,0,-1.202250957,0
14.86390305,-16.64544487,1,-2.403476,1,-7.906971931,1,4.094430447,1,6.88322401,1,-4.87194109,1,-0.647603571,0,0.554007292,0,-1.239698291,0
14.86790085,-16.6007576,1,-1.961994171,1,-7.760789394,1,3.936502457,1,6.77035284,1,-5.067224026,1,-0.651764035,0,0.563741624,0,-1.27783072,0
14.87190056,-16.98536301,1,-1.29191494,1,-7.492281437,1,3.816234589,1,6.631056786,1,-5.30011797,1,-0.65718013,0,0.572383702,0,-1.316693306,0
14.87590122,-17.64935684,1,-0.832760572,1,-7.392966747,1,3.708591938,1,6.459847927,1,-5.579659939,1,-0.663727164,0,0.579719543,0,-1.356328726,0
14.87989903,-18.38352394,1,-0.691447914,1,-7.737338066,1,3.594984531,1,6.245645046,1,-5.894401073,1,-0.671367824,0,0.585487485,0,-1.396768212,0
14.88389874,-19.31999016,1,-0.600667596,1,-8.574726105,1,3.442937374,1,6.008158207,1,-6.242803097,1,-0.68011415,0,0.58944416,0,-1.437945008,0
14.8878994,-20.93525124,1,-0.368529141,1,-9.58476162,1,3.270348072,1,5.756130695,1,-6.571803093,1,-0.689968586,0,0.591432333,0,-1.479750752,0
14.8918972,-23.29819679,1,0.403545797,1,-10.64293766,1,3.132213593,1,5.519746304,1,-6.883940697,1,-0.70077318,0,0.591502309,0,-1.522048712,0
14.89589691,-26.39348602,1,0.952041507,1,-11.58965588,1,3.081130266,1,5.313611031,1,-7.150939941,1,-0.712124825,0,0.589744806,0,-1.564697385,0
14.89989853,-30.28441048,1,1.13348043,1,-12.25072193,1,3.089286804,1,5.153716087,1,-7.376948833,1,-0.723572195,0,0.586390078,0,-1.607560873,0
14.90389633,-34.32670212,1,1.114131331,1,-12.43781662,1,3.099734068,1,5.010547161,1,-7.545029163,1,-0.734860837,0,0.581658185,0,-1.650492311,0
14.90789604,-37.4948082,1,1.12487793,1,-12.21038246,1,3.072306395,1,4.827123642,1,-7.653172493,1,-0.745843291,0,0.575672746,0,-1.693167925,0
14.91189766,-40.19036484,1,0.829690754,1,-11.28864193,1,3.003000021,1,4.619433403,1,-7.662418365,1,-0.75640589,0,0.568563819,0,-1.735158443,0
14.91589546,-42.34794617,1,-0.241703495,1,-9.679707527,1,2.863349438,1,4.41865921,1,-7.58628273,1,-0.766548038,0,0.560583591,0,-1.776087642,0
14.91989422,-44.11069489,1,-1.309096575,1,-8.263576508,1,2.595962524,1,4.157735825,1,-7.379420757,1,-0.776389599,0,0.551986933,0,-1.815461159,0
14.92389584,-45.69691086,1,-1.36161983,1,-6.677326679,1,2.266254902,1,3.842984438,1,-7.095016479,1,-0.786079705,0,0.54295814,0,-1.852760196,0
14.92789364,-47.7740593,1,0.086603887,1,-4.900313377,1,1.97190237,1,3.453565121,1,-6.698284626,1,-0.795419574,0,0.533596933,0,-1.887476563,0
14.93189335,-49.43145752,1,2.842343807,1,-3.17043972,1,1.779310822,1,3.013481379,1,-6.173680305,1,-0.803877831,0,0.524146318,0,-1.919033289,0
14.93589973,-50.75292587,1,6.367119312,1,-2.052091122,1,1.710294366,1,2.497885942,1,-5.559207439,1,-0.810780406,0,0.51481235,0,-1.946913362,0
14.93990421,-52.44276428,1,10.2458086,1,-0.705868602,1,1.817055464,1,1.942640305,1,-4.907927036,1,-0.719863117,0,0.611658931,0,-1.914723277,0
14.94390392,-53.50122833,1,12.97432232,1,0.945827484,1,2.038745165,1,1.420364141,1,-4.23914814,1,-0.724823236,0,0.604612112,0,-1.93686223,0
14.94790554,-53.34004974,1,13.47440624,1,2.292876005,1,2.200821877,1,0.89511472,1,-3.582666874,1,-0.726457179,0,0.597695231,0,-1.954787254,0
14.95190334,-52.15574646,1,12.25511169,1,3.774362087,1,2.146983624,1,0.372838318,1,-2.933021307,1,-0.725414515,0,0.590946198,0,-1.968572617,0
14.95590305,-52.00338364,1,10.34979057,1,4.69624567,1,1.848331213,1,-0.101629689,1,-2.341529608,1,-0.722854793,0,0.584359288,0,-1.97847724,0
14.95990467,-51.39916992,1,7.998730659,1,5.620763302,1,1.318676591,1,-0.487219512,1,-1.803451896,1,-0.720050693,0,0.57799232,0,-1.98497653,0
14.96390247,-49.17546463,1,6.950364113,1,6.221914291,1,0.705927134,1,-0.808523357,1,-1.315835118,1,-0.717925668,0,0.571930766,0,-1.988521576,0
14.96790218,-46.40286255,1,7.276276112,1,6.338971615,1,0.1538091,1,-1.083050132,1,-0.827498496,1,-0.716718197,0,0.56626308,0,-1.989393353,0
14.9719038,-43.46100616,1,9.761136055,1,6.501480103,1,-0.169386283,1,-1.320637465,1,-0.419450969,1,-0.715991318,0,0.560991526,0,-1.98786366,0
14.9759016,-39.28436279,1,11.73326683,1,7.094273567,1,-0.251446307,1,-1.526435018,1,0.014721519,1,-0.714944124,0,0.556155443,0,-1.984188437,0
14.97990131,-35.95015717,1,11.88478565,1,7.415448666,1,-0.168473363,1,-1.740376711,1,0.469144642,1,-0.712706923,0,0.551845253,0,-1.978305817,0
14.98390293,-32.7495575,1,10.596035,1,7.548613548,1,-0.050265264,1,-1.91052115,1,0.895714223,1,-0.708933651,0,0.548089743,0,-1.970272183,0
14.98790073,-29.46911621,1,8.779787064,1,7.661958218,1,0.031202719,1,-2.080627918,1,1.303209901,1,-0.703768075,0,0.544902921,0,-1.960288763,0
14.99190044,-25.46425247,1,8.314113617,1,7.837259769,1,0.047872521,1,-2.27499795,1,1.61707592,1,-0.69748956,0,0.542014658,0,-1.948492527,0
14.99590206,-21.60666275,1,7.537860394,1,7.800160408,1,0.002437338,1,-2.442381144,1,1.815813422,1,-0.690567732,0,0.539166212,0,-1.9352566,0
14.99989986,-1.306792021,1,-7.256697655,1,-8.258944511,1,-0.6964733,1,-2.802253008,1,2.014369965,1,-0.683986783,0,0.536025167,0,-1.920838594,0
15.00389957,22.35935211,1,-7.740682125,1,14.21444511,1,-4.483368874,1,-5.363266945,1,0.83892554,1,-0.687242448,0,0.527536869,0,-1.903735995,0
15.00790215,-31.72239113,1,20.53332138,1,6.280767441,1,-3.44037509,1,-5.844819546,1,1.789158344,1,-0.692005694,0,0.513066173,0,-1.881415486,0
15.01189899,38.12789917,1,5.320194721,1,-18.89386368,1,-2.870173216,1,-6.389000893,1,0.827509344,1,-0.693393111,0,0.498242974,0,-1.860080123,0
15.01589871,-1.19726634,1,10.63699245,1,-20.75742531,1,-2.707643747,1,-8.717666626,1,1.731410384,1,-0.69305104,0,0.477852762,0,-1.833251238,0
15.01990128,-16.03979874,1,22.91162109,1,-64.41436768,1,-1.571411014,1,-8.756587982,1,1.793666482,1,-0.688027918,0,0.455192715,0,-1.802410841,0
15.02389908,-65.19898987,1,12.20881367,1,-72.40045929,1,-1.350705862,1,-8.756680489,1,2.581263542,1,-0.680209637,0,0.433497131,0,-1.77048862,0
15.02789879,-114.1611557,1,16.94117928,1,-81.30203247,1,-1.01505816,1,-8.760551453,1,4.305182457,1,-0.669987261,0,0.414643973,0,-1.734838963,0
15.03190041,-118.5048218,1,-7.056397438,1,-69.56776428,1,-1.698484302,1,-5.13266325,1,5.265729904,1,-0.660657763,0,0.403488755,0,-1.698197842,0
15.03589821,-54.06680679,1,-26.87550926,1,-27.65041733,1,-1.565043688,1,-1.864835262,1,5.636161804,1,-0.65732348,0,0.406668872,0,-1.671335936,0
15.03989792,-7.86479044,1,-24.54550171,1,-14.53575516,1,-1.038676858,1,-1.595483541,1,6.577194691,1,-0.651816607,0,0.416293085,0,-1.645544767,0
15.04389954,57.35100174,1,-17.14892197,1,7.676717281,1,-1.65446353,1,-2.892807961,1,7.029476166,1,-0.644968808,0,0.426087111,0,-1.615992427,0
15.04789734,33.79602051,1,-15.18447208,1,3.979332447,1,-2.414043903,1,-4.763675213,1,5.68954277,1,-0.639322102,0,0.429132402,0,-1.582859993,0
15.05189705,-30.83888435,1,-28.29017067,1,-11.81693077,1,-3.492273808,1,-4.437215805,1,3.427665472,1,-0.639467478,0,0.42509985,0,-1.553873301,0
15.05590344,-138.3811798,1,-33.40605164,1,-11.73095798,1,-2.937191963,1,-1.803678632,1,1.717428327,1,-0.645541668,0,0.420420498,0,-1.537307262,0
15.05990791,-1.87159133,1,46.98242569,1,-5.968049049,1,-2.071468115,1,-1.01716423,1,1.853538156,1,-0.651552022,0,0.421011895,0,-1.527742267,0
15.06390762,-5.530089378,1,37.19032669,1,-19.57494545,1,-1.180483222,1,-1.245489836,1,2.153273582,1,-0.654021025,0,0.421897173,0,-1.517316937,0
15.06790924,-11.93633461,1,-2.210397482,1,-6.546622753,1,-0.569713891,1,-0.520604491,1,1.223536134,1,-0.653813779,0,0.423662782,0,-1.509230256,0
15.07190704,-11.01378536,1,-2.814337254,1,-3.066656113,1,-0.634629905,1,-1.025016785,1,1.092077017,1,-0.653848946,0,0.423799694,0,-1.50321269,0
15.07590675,-21.57666969,1,4.888230801,1,-10.50983238,1,-0.380287647,1,-0.42487964,1,0.861516833,1,-0.653753161,0,0.423895836,0,-1.497885585,0
15.07990837,-1.759629607,1,-11.93726254,1,-9.931199074,1,-0.380203277,1,-0.51558727,1,0.956369877,1,-0.65329349,0,0.424638569,0,-1.493516445,0
15.08390617,-0.499142945,1,-19.98273849,1,-11.35098743,1,-0.726332605,1,-0.677303076,1,0.982561529,1,-0.653476417,0,0.425138682,0,-1.488603354,0
15.08790588,0.607500315,1,-10.65386963,1,-14.45418835,1,-0.896309853,1,-0.948847055,1,1.136906266,1,-0.654360116,0,0.425092578,0,-1.482743979,0
15.0919075,-5.57753849,1,-1.67325294,1,-13.45276642,1,-0.869614244,1,-1.104934454,1,1.300218582,1,-0.655039132,0,0.424808741,0,-1.475707054,0
15.0959053,-6.319236755,1,-3.176585913,1,-11.53534508,1,-0.812606037,1,-1.212598443,1,1.249999762,1,-0.655270815,0,0.424284875,0,-1.468153,0
15.09990406,-5.431260109,1,-0.76579535,1,-10.08200836,1,-0.785712659,1,-1.276911974,1,1.184863687,1,-0.655400455,0,0.423275292,0,-1.460600615,0
15.10390568,-9.261811256,1,0.871169627,1,-7.250186443,1,-0.722840786,1,-1.217457414,1,1.1409688,1,-0.655331671,0,0.422117054,0,-1.453154445,0
15.10790348,-8.13729763,1,-1.877655268,1,-6.127378464,1,-0.684636772,1,-1.075693727,1,1.048825264,1,-0.655336678,0,0.421175301,0,-1.446286678,0
15.11190319,-6.36102581,1,-0.404382557,1,-8.233592033,1,-0.678951323,1,-1.013820648,1,0.936237872,1,-0.655530334,0,0.420292467,0,-1.440055013,0
15.11590481,-6.35605669,1,1.067668796,1,-9.959937096,1,-0.568276823,1,-1.033095956,1,0.84532553,1,-0.655644655,0,0.419234216,0,-1.434247136,0
15.11990261,-6.653674126,1,-1.072778463,1,-9.718136787,1,-0.504688025,1,-1.117416739,1,0.775453687,1,-0.655508041,0,0.417798817,0,-1.428591967,0
15.12390232,-6.070674896,1,-1.60546577,1,-10.47834206,1,-0.452460676,1,-1.180550098,1,0.731043041,1,-0.655118108,0,0.415990531,0,-1.4229213,0
15.12790394,-4.162879944,1,0.495937854,1,-11.40472221,1,-0.387658775,1,-1.270464301,1,0.67867738,1,-0.654499173,0,0.413829863,0,-1.417197227,0
15.13190174,-3.638020515,1,-0.993890166,1,-12.11161995,1,-0.342692375,1,-1.382768989,1,0.619398177,1,-0.653645754,0,0.411214441,0,-1.411445618,0
15.1359005,-4.774486542,1,-3.470208883,1,-11.43933487,1,-0.367153496,1,-1.526299477,1,0.613684297,1,-0.652682364,0,0.408091813,0,-1.405473948,0
15.13990212,-6.064618587,1,-3.784579515,1,-10.87376785,1,-0.381111741,1,-1.642009377,1,0.680295646,1,-0.651657403,0,0.404651433,0,-1.399051666,0
15.14389992,-5.206103325,1,-6.125701427,1,-12.23062229,1,-0.499049067,1,-1.801542759,1,0.701642871,1,-0.650632143,0,0.400865465,0,-1.392112017,0
15.14789963,-3.228024721,1,-5.156029701,1,-14.63729191,1,-0.653918564,1,-2.070373058,1,0.722619593,1,-0.650041282,0,0.396437049,0,-1.384570241,0
15.15190125,-2.052836657,1,-5.088852406,1,-17.1935482,1,-0.821707964,1,-2.466156244,1,0.746937037,1,-0.649704814,0,0.391018212,0,-1.376104712,0
15.15589905,-2.679329395,1,-2.151889324,1,-18.87416649,1,-0.787045419,1,-2.925086975,1,0.734993756,1,-0.649366975,0,0.384233713,0,-1.366487861,0
15.15989876,-1.201781869,1,-3.379289627,1,-19.16322708,1,-0.664511502,1,-3.420813084,1,0.746421874,1,-0.648194432,0,0.375929058,0,-1.355704308,0
15.16390133,-3.968972921,1,-5.197338581,1,-20.47052574,1,-0.706384361,1,-3.939399719,1,0.740193248,1,-0.646536708,0,0.365968943,0,-1.343617678,0
15.16789818,-1.194598913,1,-6.354280949,1,-20.37837029,1,-0.772982538,1,-4.49682951,1,0.819617391,1,-0.644716561,0,0.354352772,0,-1.330181241,0
15.17189884,0.280261099,1,-7.204792976,1,-22.57637024,1,-0.893268824,1,-5.169079304,1,1.025645375,1,-0.64278841,0,0.341082543,0,-1.314727545,0
15.17590523,1.817193866,1,-6.421784878,1,-22.23936844,1,-0.883143365,1,-5.8126688,1,1.213684082,1,-0.640602171,0,0.326204121,0,-1.297006488,0
15.17990875,2.242511511,1,-7.4633255,1,-23.61026955,1,-0.845359802,1,-6.517444134,1,1.476433277,1,-0.637795568,0,0.309605837,0,-1.277005315,0
15.18390846,2.954735756,1,-6.937541962,1,-22.04477692,1,-0.714785993,1,-7.185100079,1,1.753556609,1,-0.634255528,0,0.291400045,0,-1.254543185,0
15.18791103,4.034224987,1,-8.49665451,1,-21.69465828,1,-0.612680614,1,-7.896380901,1,2.083248138,1,-0.616856575,0,0.270561069,0,-1.226327896,0
15.19190788,4.2808218,1,-7.737479687,1,-20.63549995,1,-0.482453525,1,-8.632730484,1,2.440169811,1,-0.6119982,0,0.248730481,0,-1.198991776,0
15.19590855,5.596365929,1,-6.034087181,1,-19.21390915,1,-0.429377645,1,-8.740066528,1,2.82161808,1,-0.606896877,0,0.22616984,0,-1.169601202,0
15.19991016,4.177194118,1,-4.220426083,1,-18.0368557,1,-0.412685215,1,-8.742199898,1,3.332120419,1,-0.601992726,0,0.204385698,0,-1.138913274,0
15.20390797,2.082487106,1,-1.695211172,1,-15.32307339,1,-0.456589103,1,-8.746291161,1,3.916517735,1,-0.597501636,0,0.183687776,0,-1.106607437,0
15.20790768,-1.035449505,1,2.234185696,1,-12.64655018,1,-0.424669206,1,-8.748373985,1,4.429920197,1,-0.593451619,0,0.164102763,0,-1.072618842,0
15.21190834,-4.406486511,1,5.76477766,1,-11.08150673,1,-0.105885811,1,-8.744958878,1,4.866670132,1,-0.589095473,0,0.145415142,0,-1.037268043,0
15.21590614,-10.56227016,1,11.04144573,1,-9.593421936,1,0.460378438,1,-8.734918594,1,5.173675537,1,-0.583554745,0,0.127414599,0,-1.000846744,0
15.21990585,-13.79637241,1,13.69362259,1,-11.76307678,1,1.190809608,1,-8.721522331,1,5.474369049,1,-0.575872123,0,0.109926566,0,-0.963566065,0
15.22390747,-20.68130493,1,12.56323242,1,-15.05000687,1,2.120242596,1,-8.701029778,1,5.455175877,1,-0.565522671,0,0.092453308,0,-0.92609483,0
15.22790527,-34.59831238,1,10.92851162,1,-17.80608559,1,3.155465126,1,-8.678902626,1,5.092913628,1,-0.551873624,0,0.074182548,0,-0.889637291,0
15.23190498,-34.3778801,1,4.961767673,1,-16.79322815,1,3.880496979,1,-8.662535667,1,4.91655302,1,-0.535440564,0,0.054834854,0,-0.854540825,0
15.2359066,-37.69261169,1,1.031513691,1,-16.68394279,1,4.190514088,1,-8.655106544,1,4.804811478,1,-0.517646134,0,0.034676496,0,-0.820277929,0
15.2399044,-41.94747925,1,-3.294662714,1,-15.54645157,1,4.355705261,1,-8.650978088,1,4.644440651,1,-0.499774247,0,0.013701331,0,-0.786821961,0
15.24390316,-49.01086426,1,-2.833880901,1,-12.53248882,1,4.752622128,1,-8.639048576,1,4.071882248,1,-0.481526107,0,-0.008615527,0,-0.755218863,0
15.24790478,-57.20467758,1,-7.316934586,1,-10.0054493,1,5.054304123,1,-8.546277046,1,3.574709654,1,-0.462454289,0,-0.032277644,0,-0.7257936,0
15.25190258,-54.53504181,1,-8.288637161,1,-4.385553837,1,4.872659206,1,-6.94813633,1,3.16036582,1,-0.443549931,0,-0.054406818,0,-0.70021677,0
15.25590229,-36.41887283,1,-13.71760845,1,1.97906363,1,4.072117329,1,-5.326156139,1,2.918763876,1,-0.426902175,0,-0.07151939,0,-0.678789556,0
15.25990391,-16.9395771,1,-22.30426979,1,8.828325272,1,2.796124697,1,-3.880476236,1,2.791600466,1,-0.414423734,0,-0.083611816,0,-0.660856366,0
15.26390171,-4.280869961,1,-35.21550369,1,8.0253582,1,0.566746831,1,-3.056485891,1,2.405937433,1,-0.408690393,0,-0.091974266,0,-0.645713925,0
15.26790142,-12.38116837,1,-25.99590492,1,8.717153549,1,-1.51563406,1,-3.286144257,1,1.959582925,1,-0.412181169,0,-0.100010313,0,-0.63295722,0
15.27190304,-57.6370697,1,-8.781097412,1,-4.178613663,1,-2.760173798,1,-2.117052317,1,1.194842458,1,-0.42209965,0,-0.10774345,0,-0.622409463,0
15.27590084,-49.4595108,1,-6.413900375,1,-8.789793968,1,-3.555980682,1,-0.455301642,1,1.046531439,1,-0.435314924,0,-0.110488199,0,-0.616335392,0
15.27990055,-16.54652405,1,-4.759202957,1,-6.585606575,1,-4.040010452,1,-0.096416943,1,0.918195486,1,-0.451100945,0,-0.109444335,0,-0.612436533,0
15.28390217,-2.6708076,1,-1.704351187,1,-4.199566364,1,-3.842600822,1,-0.533005357,1,0.71241951,1,-0.467378467,0,-0.109036468,0,-0.609047472,0
15.28789997,2.87135148,1,1.910438776,1,-1.688982606,1,-3.481205225,1,-1.564754844,1,0.898775399,1,-0.482507735,0,-0.111262083,0,-0.604360282,0
15.29189968,-1.232173085,1,4.122229576,1,-3.161526203,1,-3.12879777,1,-2.432714224,1,1.332931876,1,-0.496630818,0,-0.116296276,0,-0.596569061,0
15.29590797,-6.373124599,1,3.075017929,1,-4.729239941,1,-2.635932446,1,-3.149949551,1,1.68640852,1,-0.509508669,0,-0.123150751,0,-0.585765719,0
15.2999115,-11.76949215,1,3.246093988,1,-5.936244011,1,-1.98917377,1,-3.625631094,1,1.915524721,1,-0.520466387,0,-0.13144958,0,-0.572650671,0
15.30391121,-16.12860107,1,2.336129427,1,-7.144697189,1,-1.253821015,1,-3.968969345,1,2.07703042,1,-0.528935492,0,-0.140605688,0,-0.557952344,0
15.30791283,-20.7616787,1,-0.378325969,1,-8.828607559,1,-0.625446439,1,-4.119089127,1,2.190892935,1,-0.534932256,0,-0.150260508,0,-0.542204499,0
15.31191063,-22.99580193,1,-3.612741709,1,-10.46550274,1,-0.214802533,1,-4.114922047,1,2.307427168,1,-0.539098144,0,-0.159821883,0,-0.525838196,0
15.31591034,-23.23629761,1,-6.981639385,1,-11.67576885,1,0.034011126,1,-4.080611229,1,2.426268339,1,-0.542184353,0,-0.169012696,0,-0.509063482,0
15.31991291,-23.92487526,1,-9.809318542,1,-12.83658409,1,0.131219327,1,-3.976728678,1,2.584612131,1,-0.544782698,0,-0.177621573,0,-0.491902888,0
15.32390976,-24.6433506,1,-12.01608562,1,-13.81779671,1,0.125737131,1,-3.892997503,1,2.793207169,1,-0.547424793,0,-0.185493931,0,-0.474270701,0
15.32790947,-25.57816887,1,-13.78114414,1,-14.64015675,1,0.036548406,1,-3.796094894,1,3.053827047,1,-0.5505265,0,-0.192517668,0,-0.455955893,0
15.33191109,-26.05332947,1,-15.0836668,1,-15.44950867,1,-0.096127845,1,-3.704747438,1,3.345764875,1,-0.554358721,0,-0.198580891,0,-0.436830252,0
15.33590794,-25.85651588,1,-16.25082207,1,-16.34730721,1,-0.252101898,1,-3.672476053,1,3.665796518,1,-0.559052348,0,-0.20367758,0,-0.416742682,0
15.33990765,-25.59479141,1,-17.50395203,1,-17.20980453,1,-0.455525398,1,-3.560375214,1,3.976261139,1,-0.564751863,0,-0.20779635,0,-0.395650327,0
15.34391022,-24.43808937,1,-18.75254631,1,-18.2767601,1,-0.658134103,1,-3.581169605,1,4.317293644,1,-0.571574152,0,-0.210922986,0,-0.37348932,0
15.34790611,-23.80949211,1,-19.16576576,1,-19.34433746,1,-0.86453265,1,-3.591215134,1,4.647367477,1,-0.579549849,0,-0.213181272,0,-0.350113094,0
15.35190678,-23.83343506,1,-19.37780762,1,-20.12648392,1,-1.040031791,1,-3.570966721,1,4.932093143,1,-0.588573694,0,-0.214561045,0,-0.325663328,0
15.35590839,-24.61823082,1,-18.03858948,1,-20.7543869,1,-1.116392016,1,-3.504720926,1,5.139608383,1,-0.598285139,0,-0.215033188,0,-0.300440252,0
15.3599062,-25.49686241,1,-16.65525246,1,-21.08108902,1,-1.08509779,1,-3.393393517,1,5.258401394,1,-0.608170092,0,-0.214584306,0,-0.274906248,0
15.36390591,-26.13845634,1,-15.78253078,1,-21.53870201,1,-0.946234345,1,-3.139506102,1,5.307170391,1,-0.617641151,0,-0.213078484,0,-0.249546915,0
15.36790752,-25.90286827,1,-15.32137394,1,-22.09573555,1,-0.728361368,1,-2.883973837,1,5.32760191,1,-0.626226723,0,-0.210488647,0,-0.224672034,0
15.37190533,-24.87746048,1,-15.5604353,1,-22.31966209,1,-0.49333322,1,-2.617841005,1,5.341453552,1,-0.633699894,0,-0.206816927,0,-0.200415239,0
15.37590408,-23.74586868,1,-15.80516338,1,-22.47949409,1,-0.269083649,1,-2.378450871,1,5.349215984,1,-0.640022814,0,-0.202127382,0,-0.176799685,0
15.3799057,-22.89941597,1,-15.85597992,1,-22.48212242,1,-0.06681788,1,-2.141267061,1,5.339757442,1,-0.645247459,0,-0.196563214,0,-0.153805956,0
15.3839035,-21.79983139,1,-16.35712814,1,-22.31734276,1,0.123590939,1,-1.96504581,1,5.352429867,1,-0.649428487,0,-0.19021897,0,-0.131375879,0
15.38790321,-20.91318321,1,-17.19576836,1,-22.06658936,1,0.254580349,1,-1.808466315,1,5.382618904,1,-0.652744532,0,-0.18320325,0,-0.109352961,0
15.39190388,-20.11576462,1,-17.99851608,1,-21.96610451,1,0.329721689,1,-1.680493474,1,5.420222282,1,-0.655443311,0,-0.175614104,0,-0.087610438,0
15.39590168,-19.53599548,1,-18.95074844,1,-21.84060669,1,0.331092954,1,-1.602404833,1,5.461672306,1,-0.657777905,0,-0.167527169,0,-0.066055775,0
15.39990139,-18.94005203,1,-19.78816223,1,-21.85056114,1,0.265469551,1,-1.528881788,1,5.510032654,1,-0.660062432,0,-0.159026816,0,-0.044589613,0
15.40390301,-18.64351082,1,-20.79526711,1,-21.77910423,1,0.149481118,1,-1.433043003,1,5.541607857,1,-0.662501872,0,-0.150144607,0,-0.023253733,0
15.40790081,-18.42477608,1,-22.18540573,1,-21.93320084,1,-0.036332652,1,-1.335392356,1,5.551764488,1,-0.665327966,0,-0.140833542,0,-0.002144229,0
15.41190052,-17.8999958,1,-22.81656075,1,-22.31524086,1,-0.298507839,1,-1.201209068,1,5.539268017,1,-0.668796897,0,-0.131092802,0,0.018631339,0
15.41590881,-16.81869888,1,-23.10459709,1,-22.46418381,1,-0.603094637,1,-1.05494833,1,5.498430252,1,-0.673133075,0,-0.120907113,0,0.038899578,0
15.41991234,-15.53149986,1,-23.48519707,1,-22.52201462,1,-0.915858328,1,-0.864460886,1,5.408653736,1,-0.678420365,0,-0.11025387,0,0.058463007,0
15.42391205,-13.99104977,1,-23.63784218,1,-22.51992416,1,-1.250218987,1,-0.65399611,1,5.275210381,1,-0.684702158,0,-0.099152587,0,0.077091984,0
15.42791367,-12.92329884,1,-22.96449471,1,-21.88025856,1,-1.594344497,1,-0.407617986,1,5.077834606,1,-0.692013979,0,-0.087647267,0,0.094519213,0
15.43191147,-12.41318893,1,-22.0563755,1,-20.63916016,1,-1.912520766,1,-0.099992342,1,4.826311111,1,-0.700357258,0,-0.075737588,0,0.110443316,0
15.43591118,-11.82591248,1,-20.97968864,1,-19.11826706,1,-2.179905891,1,0.274905562,1,4.539758682,1,-0.70953691,0,-0.063348547,0,0.124537587,0
15.43991184,-10.5367527,1,-20.38893318,1,-17.70760727,1,-2.396808147,1,0.712691009,1,4.243536949,1,-0.762888074,0,-0.112457238,0,0.119648561,0
15.44390965,-8.203609467,1,-19.84334946,1,-16.20356369,1,-2.579581261,1,1.172205448,1,3.931699753,1,-0.773817122,0,-0.098382138,0,0.128839165,0
15.44790936,-5.044535637,1,-18.33902359,1,-15.00973797,1,-2.720723152,1,1.635524631,1,3.607733727,1,-0.78504324,0,-0.083777413,0,0.135644704,0
15.45191097,-1.893286824,1,-16.31937981,1,-14.02786922,1,-2.807977915,1,2.067302465,1,3.255407333,1,-0.796455026,0,-0.068809189,0,0.140057251,0
15.45590878,0.946517646,1,-15.34465599,1,-12.5894146,1,-2.81880331,1,2.515158176,1,2.882317305,1,-0.807839811,0,-0.05361807,0,0.142005086,0
15.45990849,3.258860588,1,-14.06925011,1,-11.20723534,1,-2.766476393,1,2.96835494,1,2.504415035,1,-0.818999767,0,-0.0382712,0,0.141433015,0
15.4639101,4.672262669,1,-12.79282856,1,-9.821046829,1,-2.659065723,1,3.454452276,1,2.130967855,1,-0.829773903,0,-0.022747403,0,0.138291061,0
15.46790791,5.366889954,1,-11.69518757,1,-8.910372734,1,-2.493123293,1,3.923259735,1,1.772755504,1,-0.840010464,0,-0.007057007,0,0.132592157,0
15.47190666,5.231701851,1,-10.58850861,1,-7.730912209,1,-2.278903961,1,4.406473637,1,1.423070431,1,-0.849571586,0,0.008764833,0,0.124402329,0
15.47590828,6.186436653,1,-9.838954926,1,-6.460569859,1,-2.04003787,1,4.917478085,1,1.060156941,1,-0.858400762,0,0.024753269,0,0.113601342,0
15.47990608,7.22606039,1,-9.904853821,1,-4.973989964,1,-1.811826587,1,5.443022728,1,0.717136562,1,-0.866558552,0,0.040933028,0,0.100174949,0
15.48390579,7.834593296,1,-9.976912498,1,-3.3364079,1,-1.575799346,1,5.986712933,1,0.372019589,1,-0.874122262,0,0.057332724,0,0.084081918,0
15.48790741,7.638508797,1,-9.122950554,1,-2.134343624,1,-1.310185313,1,6.52005291,1,0.015437254,1,-0.881140232,0,0.073916562,0,0.065297194,0
15.49190521,6.863279819,1,-8.116751671,1,-1.279475451,1,-0.988376319,1,7.050937653,1,-0.356794626,1,-0.887518764,0,0.090604044,0,0.043789383,0
15.49590492,5.787697315,1,-7.206392765,1,-0.756896257,1,-0.621352673,1,7.550968647,1,-0.719973803,1,-0.893140137,0,0.107298188,0,0.01961234,0
15.49990559,4.972967625,1,-6.468884468,1,-0.347604334,1,-0.220122039,1,7.989119053,1,-1.086008668,1,-0.897911608,0,0.123921044,0,-0.007096733,0
15.50390339,4.426596642,1,-6.157763958,1,0.222090751,1,0.179371923,1,8.381203651,1,-1.438124418,1,-0.901827574,0,0.140329257,0,-0.036140475,0
15.5079031,4.029378891,1,-6.207652569,1,0.586009741,1,0.570551455,1,8.696363449,1,-1.787352085,1,-0.90493083,0,0.156419426,0,-0.067320369,0
15.51190567,3.597293854,1,-6.506278515,1,0.811083257,1,0.931911588,1,8.734200478,1,-2.116989851,1,-0.907262921,0,0.171784341,0,-0.1000458,0
15.51590252,2.622921944,1,-6.853640556,1,0.738750935,1,1.2535851,1,8.743317604,1,-2.430301189,1,-0.90887785,0,0.186114177,0,-0.13374047,0
15.51990318,1.03875041,1,-7.382580757,1,0.463277787,1,1.500555754,1,8.75021553,1,-2.720362902,1,-0.909992158,0,0.199465826,0,-0.168322846,0
15.52390385,-0.568691611,1,-8.034165382,1,-0.045322418,1,1.718449354,1,8.756394386,1,-2.98363924,1,-0.910776854,0,0.211935967,0,-0.203717589,0
15.52790165,-2.437675953,1,-8.35956192,1,-0.665706038,1,1.896059036,1,8.761666298,1,-3.231435299,1,-0.911371708,0,0.223577052,0,-0.23988235,0
15.53190136,-4.223192215,1,-8.22338295,1,-1.337189436,1,2.049021959,1,8.766903877,1,-3.454102993,1,-0.911859572,0,0.234468937,0,-0.276753724,0
15.5359087,-5.633976936,1,-8.210886002,1,-2.105026722,1,2.196133614,1,8.770793915,1,-3.657533646,1,-0.912272751,0,0.244680181,0,-0.314274609,0
15.53991318,-6.866717339,1,-8.095734596,1,-2.841179848,1,2.34940815,1,8.774593353,1,-3.85400176,1,-0.912595809,0,0.254262418,0,-0.35240519,0
15.54391289,-8.175980568,1,-7.997275829,1,-3.547676325,1,2.498265982,1,8.778794289,1,-4.024733543,1,-0.912803173,0,0.26326704,0,-0.391104549,0
15.54791355,-9.167955399,1,-7.894868374,1,-4.069248676,1,2.648815632,1,8.783341408,1,-4.16908884,1,-0.912870407,0,0.271765888,0,-0.43031916,0
15.55191135,-10.08415127,1,-7.943777084,1,-4.278567791,1,2.806071758,1,8.786984444,1,-4.28683424,1,-0.912751079,0,0.279866695,0,-0.469965816,0
15.55591106,-10.75831127,1,-8.041288376,1,-4.478340626,1,2.935507298,1,8.789704323,1,-4.368041992,1,-0.912463665,0,0.287675619,0,-0.509962499,0
15.55991173,-11.25963116,1,-8.078356743,1,-4.375873089,1,3.051361561,1,8.792734146,1,-4.421559334,1,-0.912060201,0,0.295292914,0,-0.550227284,0
15.56390953,-11.36251259,1,-8.420368195,1,-4.148005009,1,3.153542757,1,8.793787003,1,-4.429273605,1,-0.911566138,0,0.302832991,0,-0.590668917,0
15.56790924,-11.58992767,1,-8.503229141,1,-3.945391417,1,3.243454456,1,8.795952797,1,-4.412406445,1,-0.911001682,0,0.310406327,0,-0.631204963,0
15.57191086,-11.84651947,1,-8.627971649,1,-3.648930073,1,3.322555065,1,8.797802925,1,-4.371739864,1,-0.910408139,0,0.318101138,0,-0.671762884,0
15.57590866,-12.05265045,1,-8.380234718,1,-3.176060677,1,3.398853064,1,8.799077034,1,-4.307495117,1,-0.909796953,0,0.325988114,0,-0.712285519,0
15.57990837,-12.09417343,1,-7.972035885,1,-2.559066534,1,3.468631983,1,8.799823761,1,-4.221939087,1,-0.909175992,0,0.334137976,0,-0.752725244,0
15.58390999,-12.37297821,1,-7.651833534,1,-1.669449449,1,3.558605671,1,8.801530838,1,-4.123001575,1,-0.908511579,0,0.342601836,0,-0.79304111,0
15.58790779,-12.56429386,1,-7.171611309,1,-0.948710382,1,3.677159071,1,8.803528786,1,-4.017795086,1,-0.907708049,0,0.351429045,0,-0.833205044,0
15.59190655,-12.49695015,1,-6.730285168,1,-0.228667215,1,3.790904045,1,8.804914474,1,-3.922869921,1,-0.906727433,0,0.360607505,0,-0.873239458,0
15.59590817,-12.26597118,1,-6.236955643,1,0.33600527,1,3.923681259,1,8.8070364,1,-3.829825878,1,-0.90555191,0,0.370131135,0,-0.913159668,0
15.59990597,-11.99609661,1,-5.896477222,1,0.836814702,1,4.062455654,1,8.790780067,1,-3.740695715,1,-0.904170156,0,0.379981637,0,-0.952968061,0
15.60390568,-11.82395363,1,-5.566338062,1,1.165700793,1,4.208453178,1,8.616004944,1,-3.677721977,1,-0.902428865,0,0.389888942,0,-0.992368698,0
15.6079073,-11.66832924,1,-5.353349686,1,1.38744092,1,4.355783463,1,8.428750038,1,-3.64740324,1,-0.900217295,0,0.399558365,0,-1.031172514,0
15.6119051,-11.59716415,1,-5.263135433,1,1.61473155,1,4.458343506,1,8.253788948,1,-3.648593187,1,-0.897633672,0,0.408903152,0,-1.069455862,0
15.61590385,-11.49898052,1,-5.54780817,1,1.663844228,1,4.532767296,1,8.081670761,1,-3.681209564,1,-0.894853055,0,0.417864084,0,-1.107316732,0
15.61990547,-11.46565342,1,-6.014585018,1,1.686321139,1,4.579777718,1,7.900829315,1,-3.738077641,1,-0.891987681,0,0.426338971,0,-1.144812703,0
15.62390328,-11.70712376,1,-6.763598919,1,1.589120746,1,4.590090275,1,7.724760532,1,-3.820408344,1,-0.889148355,0,0.434253126,0,-1.182011604,0
15.62790299,-12.42906189,1,-7.561862946,1,1.576431632,1,4.550032139,1,7.540892124,1,-3.953056335,1,-0.88653636,0,0.441473752,0,-1.218986273,0
15.6319046,-13.24468613,1,-8.062439919,1,1.692579269,1,4.435150146,1,7.354637146,1,-4.136957169,1,-0.884425938,0,0.447820485,0,-1.255874991,0
15.63590241,-13.46662903,1,-8.165058136,1,1.842449307,1,4.264156818,1,7.147915363,1,-4.382558823,1,-0.883090854,0,0.453050584,0,-1.292786002,0
15.63990212,-13.0282135,1,-7.492073059,1,1.790645599,1,4.079838753,1,6.904718876,1,-4.669031143,1,-0.882669389,0,0.456928849,0,-1.329752445,0
15.64390373,-11.88716125,1,-4.939432144,1,0.774398029,1,3.971604347,1,6.613626003,1,-5.015830994,1,-0.882973433,0,0.459153414,0,-1.366771102,0
15.64790154,-11.00899601,1,-2.264699697,1,-0.482339025,1,4.00982523,1,6.264401436,1,-5.399828911,1,-0.883434772,0,0.459402472,0,-1.403727055,0
15.65190125,-11.12451649,1,-0.139168248,1,-1.97445941,1,4.216138363,1,5.936362267,1,-5.768977165,1,-0.883331299,0,0.457612514,0,-1.440570116,0
15.65590859,-12.26595592,1,2.219018698,1,-3.292314053,1,4.567837715,1,5.66046524,1,-6.113189697,1,-0.881977797,0,0.453972936,0,-1.477328062,0
15.65991211,-13.39106464,1,3.639115572,1,-4.235774517,1,5.003316879,1,5.448620796,1,-6.457858086,1,-0.878905892,0,0.44872734,0,-1.514125943,0
15.66391182,-14.41643143,1,4.38021946,1,-5.362260818,1,5.461740017,1,5.293222904,1,-6.814799786,1,-0.873960614,0,0.442070872,0,-1.551232815,0
15.66791344,-15.81862831,1,4.301284313,1,-6.657824039,1,5.869372845,1,5.174262524,1,-7.172620773,1,-0.867210269,0,0.434152067,0,-1.588802576,0
15.67191124,-17.56228638,1,3.515922546,1,-8.135918617,1,6.140296459,1,5.073307037,1,-7.496537209,1,-0.859031379,0,0.425162107,0,-1.626907825,0
15.67591,-19.43336868,1,1.914367795,1,-9.622303009,1,6.22206831,1,5.001798153,1,-7.748912811,1,-0.850011468,0,0.415393353,0,-1.665508509,0
15.67991161,-21.41389275,1,-0.114459187,1,-11.14736176,1,6.080682755,1,4.926127434,1,-7.911034584,1,-0.840859234,0,0.405113608,0,-1.704386353,0
15.68390942,-24.10282135,1,-1.724456549,1,-12.71135426,1,5.772758961,1,4.83433485,1,-7.985664368,1,-0.832238138,0,0.394581407,0,-1.743252993,0
15.68790913,-27.62817001,1,-2.961183786,1,-14.19480324,1,5.32875824,1,4.778901577,1,-7.966131687,1,-0.652596474,0,0.554788649,0,-1.653692603,0
15.69191074,-31.85214043,1,-3.331653357,1,-15.39641953,1,4.817325115,1,4.752276421,1,-7.880036354,1,-0.654968143,0,0.550627053,0,-1.696882606,0
15.69590855,-35.75416565,1,-1.989996433,1,-16.11953163,1,4.295578957,1,4.77796936,1,-7.749177933,1,-0.658993006,0,0.546625674,0,-1.739540458,0
15.6999073,-38.86403275,1,-0.378246635,1,-16.13007545,1,3.820277214,1,4.812943459,1,-7.562642097,1,-0.664554119,0,0.542939663,0,-1.781564474,0
15.70390892,-41.8431015,1,1.907001138,1,-15.52309132,1,3.445922375,1,4.869066715,1,-7.321918488,1,-0.671272755,0,0.539696038,0,-1.822828054,0
15.70790768,-43.74200058,1,3.592133045,1,-14.56932163,1,3.18479681,1,4.88847971,1,-7.025670052,1,-0.678721189,0,0.537005067,0,-1.863155842,0
15.71190643,-45.7495575,1,5.678957939,1,-13.46043873,1,3.01206255,1,4.812310219,1,-6.680381298,1,-0.686256528,0,0.534781098,0,-1.902151346,0
15.715909,-47.36120605,1,6.936051846,1,-11.63651466,1,2.912842274,1,4.64726162,1,-6.286779404,1,-0.693382025,0,0.532891512,0,-1.93941164,0
15.71990585,-48.45464706,1,7.510257244,1,-9.784583092,1,2.874052048,1,4.313725948,1,-5.809854031,1,-0.699530125,0,0.531143546,0,-1.974350095,0
15.72390652,-48.82852554,1,8.425581932,1,-8.436080933,1,2.856300831,1,3.717759609,1,-5.248799324,1,-0.70409894,0,0.529165745,0,-2.00601244,0
15.72790813,-50.28965759,1,9.060692787,1,-7.302557468,1,2.879414082,1,2.954182148,1,-4.625874996,1,-0.706456184,0,0.52650547,0,-2.033454657,0
15.73190498,-53.3587265,1,9.29360199,1,-6.389610291,1,2.92653656,1,2.1840837,1,-3.958350658,1,-0.706282139,0,0.523173332,0,-2.056255817,0
15.73590469,-57.05506134,1,10.69270706,1,-5.650477409,1,2.975487232,1,1.471902847,1,-3.366303444,1,-0.703598619,0,0.519248128,0,-2.074563265,0
15.73990631,-60.48180389,1,12.43629456,1,-4.593342781,1,3.033960342,1,0.880204022,1,-2.829331875,1,-0.698686957,0,0.514829993,0,-2.088903904,0
15.74390411,-62.9846344,1,12.93197727,1,-3.286051989,1,3.073640823,1,0.470117688,1,-2.341147661,1,-0.691869318,0,0.510261059,0,-2.099945068,0
15.74790382,-64.38482666,1,11.76151466,1,-1.238645911,1,2.910491943,1,0.182227761,1,-1.933064461,1,-0.683943272,0,0.50582087,0,-2.108433485,0
15.75190544,-63.48467255,1,9.886879921,1,1.169578791,1,2.407365322,1,-0.065694205,1,-1.527591228,1,-0.676263928,0,0.501648366,0,-2.114748001,0
15.75590324,-59.94832611,1,8.209377289,1,3.569760799,1,1.660995603,1,-0.362930387,1,-1.066191435,1,-0.670025051,0,0.497747272,0,-2.11878252,0
15.75990295,-55.82476807,1,7.647384644,1,5.350448608,1,0.861558378,1,-0.706712961,1,-0.551251292,1,-0.665661693,0,0.494056016,0,-2.120179892,0
15.76390362,-51.59793091,1,9.611819267,1,5.956245422,1,0.229741663,1,-1.058281064,1,-0.003909983,1,-0.662835836,0,0.4905985,0,-2.118714571,0
15.76790142,-47.612854,1,13.63150311,1,5.904663086,1,-0.079320557,1,-1.415002823,1,0.494956434,1,-0.660596073,0,0.487295002,0,-2.1143682,0
15.77190113,-44.39105988,1,16.44524574,1,5.783328056,1,-0.068585671,1,-1.704177022,1,0.965535641,1,-0.657711387,0,0.484148502,0,-2.107415676,0
15.77590179,-41.3686676,1,16.04634666,1,5.501494884,1,0.081630886,1,-1.911406755,1,1.393547893,1,-0.653419614,0,0.481285721,0,-2.098207474,0
15.77990532,-37.19878769,1,13.8374815,1,5.101805687,1,0.213731647,1,-2.09956646,1,1.751325607,1,-0.647656322,0,0.478735566,0,-2.087064266,0
15.78390503,-33.46414185,1,10.69149303,1,4.638219357,1,0.218286708,1,-2.294379711,1,2.025176048,1,-0.64088124,0,0.476263911,0,-2.074300051,0
15.78790665,-28.92579079,1,8.862926483,1,4.429623127,1,0.077465758,1,-2.550261259,1,2.147487164,1,-0.633828759,0,0.47343713,0,-2.060243845,0
15.79190445,-24.62732124,1,7.363428593,1,4.252459526,1,-0.177042693,1,-2.792714119,1,2.140718937,1,-0.627239466,0,0.469888002,0,-2.045366526,0
15.79590416,16.4423275,1,-28.68887711,1,-24.99623489,1,-2.250552654,1,-3.496935368,1,2.152761698,1,-0.623413444,0,0.465005785,0,-2.02962923,0
15.79990673,16.00571251,1,11.2666502,1,-0.84885335,1,-3.952524185,1,-5.552384853,1,1.608505249,1,-0.630934358,0,0.454353213,0,-2.011805773,0
15.80390358,-10.48715878,1,0.052937321,1,-4.407616615,1,-3.386312008,1,-5.309401035,1,1.757452846,1,-0.636094213,0,0.440682501,0,-1.99017179,0
15.80790234,42.9939537,1,-20.53148651,1,-37.08327103,1,-3.156387329,1,-5.716193676,1,1.545782089,1,-0.64038372,0,0.427383363,0,-1.971001625,0
15.81190491,15.28473377,1,-13.84853363,1,-42.65947723,1,-3.516310692,1,-8.192168236,1,2.737861872,1,-0.643936872,0,0.410036266,0,-1.945075274,0
15.81590176,-24.66375732,1,-19.19083977,1,-74.4779129,1,-4.226737499,1,-8.823139191,1,3.539757729,1,-0.645837486,0,0.389908254,0,-1.91159749,0
15.81990242,-94.1125412,1,-13.80448151,1,-81.91667938,1,-4.079053879,1,-8.829827309,1,5.47044754,1,-0.648528814,0,0.372411072,0,-1.87346673,0
15.82390308,-148.5081635,1,-6.410769939,1,-80.85321045,1,-5.23202467,1,-7.307870865,1,6.434812069,1,-0.651751578,0,0.360341579,0,-1.830595613,0
15.82790089,-97.5266037,1,-9.104316711,1,-34.13844299,1,-4.858922482,1,-2.575356007,1,5.789616585,1,-0.661340475,0,0.360323578,0,-1.797753572,0
15.8319006,-14.56309319,1,6.890834808,1,-24.26242447,1,-2.633390427,1,-2.020639896,1,6.212323189,1,-0.66666162,0,0.368341476,0,-1.772142172,0
15.83590221,65.32693481,1,9.181918144,1,-1.685685396,1,-2.529757977,1,-3.83207345,1,6.66834259,1,-0.666013241,0,0.375428915,0,-1.742678404,0
15.83990002,59.16077805,1,-3.227437735,1,3.599026442,1,-2.71857214,1,-5.845474243,1,5.549554825,1,-0.663632929,0,0.375284761,0,-1.708629251,0
15.84389973,-22.321455,1,-17.99185181,1,-6.615766048,1,-4.345131397,1,-5.546672344,1,3.712796688,1,-0.666568041,0,0.368443221,0,-1.677039742,0
15.84790039,-156.2554321,1,-21.6887207,1,-17.12557602,1,-3.318084717,1,-1.733530045,1,1.928827286,1,-0.675353527,0,0.363279909,0,-1.658277154,0
15.85189819,-19.48389626,1,51.72488022,1,2.145782948,1,-2.029380798,1,-0.736012042,1,2.119908571,1,-0.68275106,0,0.365810156,0,-1.649091363,0
15.8558979,-7.586880207,1,40.61582184,1,-19.66977501,1,-1.277754784,1,-1.295672536,1,1.821177721,1,-0.685990095,0,0.366930634,0,-1.639036179,0
15.85989857,-7.101766586,1,9.093003273,1,-6.560312748,1,-0.347534448,1,-0.234425306,1,1.079625964,1,-0.686533928,0,0.368766546,0,-1.632580996,0
15.86389732,-14.88213539,1,-1.172238231,1,-6.240621567,1,-0.34236908,1,-0.72449708,1,0.973800302,1,-0.686121941,0,0.369615555,0,-1.627635479,0
15.86789608,-16.63226891,1,-13.17068386,1,-8.088419914,1,-0.336794287,1,-0.121692494,1,0.620806992,1,-0.686210155,0,0.370414197,0,-1.62414825,0
15.8718977,-2.288618565,1,-18.85539818,1,-13.19211197,1,-0.563520193,1,-0.457650602,1,1.005674481,1,-0.686561882,0,0.371541739,0,-1.620510817,0
15.8758955,3.065168381,1,-12.19783115,1,-13.87513256,1,-0.786100388,1,-0.622647285,1,0.990801573,1,-0.687741697,0,0.372513294,0,-1.61587584,0
15.87989521,0.518226862,1,-5.175242424,1,-17.95640945,1,-0.785600483,1,-0.988860488,1,1.169436812,1,-0.688759923,0,0.372707725,0,-1.610067368,0
15.88389683,-6.983576775,1,-6.437138557,1,-12.45768356,1,-0.762975693,1,-1.196652412,1,1.259498239,1,-0.689276934,0,0.372477889,0,-1.603059769,0
15.88789463,-8.988781929,1,-5.738042355,1,-9.647650719,1,-0.785857499,1,-1.292562127,1,1.217303038,1,-0.689679384,0,0.371762246,0,-1.59551394,0
15.89189434,-8.103665352,1,4.383259296,1,-9.202192307,1,-0.679480135,1,-1.281641603,1,1.196502209,1,-0.68996346,0,0.370859563,0,-1.588021398,0
15.895895,-8.795750618,1,1.771519899,1,-7.338290691,1,-0.528864503,1,-1.196808815,1,1.109865308,1,-0.689693213,0,0.370007932,0,-1.580759168,0
15.89989853,-7.45652771,1,-1.38417232,1,-7.216934681,1,-0.486992627,1,-1.125181198,1,0.914578617,1,-0.689394593,0,0.36900118,0,-1.574248552,0
15.90389824,-6.655891418,1,2.585242033,1,-10.14774227,1,-0.378818154,1,-1.069099069,1,0.787305713,1,-0.689050078,0,0.367784321,0,-1.568466902,0
15.90790081,-6.845595837,1,-0.729896367,1,-10.41577816,1,-0.252088755,1,-1.143198609,1,0.68480438,1,-0.68835938,0,0.366272151,0,-1.563034534,0
15.91189766,-6.461723328,1,-4.045186996,1,-10.75472927,1,-0.237823173,1,-1.273162842,1,0.637900591,1,-0.687380373,0,0.364202321,0,-1.557591081,0
15.91589642,-4.915008068,1,-0.623493969,1,-12.32543755,1,-0.141030028,1,-1.379168034,1,0.624989271,1,-0.686149478,0,0.361696064,0,-1.551889777,0
15.91989899,-2.83813715,1,-0.989590704,1,-13.82588768,1,-0.030052554,1,-1.551301241,1,0.59860009,1,-0.684376836,0,0.358736545,0,-1.545921087,0
15.92389679,-3.294149637,1,-4.020184994,1,-13.87294579,1,-0.001971126,1,-1.810581565,1,0.601805449,1,-0.682159781,0,0.355026126,0,-1.53941834,0
15.9278965,-5.603410721,1,-5.42812109,1,-13.82181168,1,0.033555806,1,-2.047397137,1,0.680766821,1,-0.679574668,0,0.350630999,0,-1.532124043,0
15.93189812,-3.963117361,1,-6.440711498,1,-15.04820251,1,-0.047145743,1,-2.391941309,1,0.748776853,1,-0.676774681,0,0.345560551,0,-1.523833156,0
15.93589592,-2.312106848,1,-7.222874641,1,-18.36316299,1,-0.198604763,1,-2.800827026,1,0.785558105,1,-0.674059033,0,0.339393228,0,-1.514392972,0
15.93989563,0.586376369,1,-6.127729416,1,-21.04234123,1,-0.377207369,1,-3.362214804,1,0.828161597,1,-0.583344698,0,0.272504479,0,-1.466193438,0
15.94389725,0.10367851,1,-5.361023426,1,-23.34317017,1,-0.451413244,1,-4.062533379,1,0.848597169,1,-0.582049966,0,0.261967212,0,-1.454849243,0
15.9478941,-1.08460784,1,-6.747116566,1,-25.85426903,1,-0.533809006,1,-4.889064312,1,0.952157497,1,-0.580666006,0,0.248983264,0,-1.441612601,0
15.95189381,-0.85475558,1,-8.002745628,1,-23.70579529,1,-0.619909883,1,-5.629722595,1,1.107371211,1,-0.579266071,0,0.233636215,0,-1.426183939,0
15.95589542,3.341448307,1,-8.592709541,1,-25.75567818,1,-0.622743726,1,-6.549254417,1,1.355672836,1,-0.577813089,0,0.215906814,0,-1.408302546,0
15.95989323,2.816444397,1,-8.63069725,1,-25.08687973,1,-0.520162702,1,-7.363298893,1,1.757458448,1,-0.575876474,0,0.195949793,0,-1.387454271,0
15.96389198,3.870851755,1,-8.059803963,1,-25.59951782,1,-0.373266011,1,-8.159844398,1,2.103620529,1,-0.573294163,0,0.174124286,0,-1.363651752,0
15.9678936,7.362457752,1,-7.971078873,1,-23.60021591,1,-0.161717221,1,-8.731448174,1,2.467878819,1,-0.570092559,0,0.150393039,0,-1.337212682,0
15.9718914,5.767007828,1,-8.762116432,1,-22.95713806,1,-0.055769071,1,-8.734048843,1,3.035727501,1,-0.566592932,0,0.126858234,0,-1.308896065,0
15.97589111,2.767007351,1,-6.648735046,1,-17.17499924,1,-0.028586043,1,-8.736121178,1,3.637377977,1,-0.563255191,0,0.104469866,0,-1.278751493,0
15.97989273,3.521415234,1,-2.877627373,1,-11.54314423,1,-0.13136068,1,-8.742771149,1,4.522973537,1,-0.560441017,0,0.083552733,0,-1.246219754,0
15.98389053,-4.353674412,1,1.249952078,1,-9.425451279,1,-0.245754525,1,-8.750631332,1,5.364416122,1,-0.558654368,0,0.064434543,0,-1.210729599,0
15.98789024,-11.54085541,1,8.50234127,1,-6.848927021,1,0.090055808,1,-8.745832443,1,5.81635952,1,-0.556965053,0,0.046632249,0,-1.173101068,0
15.99189186,-13.41556358,1,13.70474625,1,-7.323801517,1,0.76137501,1,-8.734167099,1,6.169235706,1,-0.553857923,0,0.029560136,0,-1.134287,0
15.99588966,-18.3777523,1,15.71334648,1,-9.778922081,1,1.501074076,1,-8.718856812,1,6.363619804,1,-0.548559129,0,0.012997681,0,-1.094569683,0
15.99988937,-31.30976295,1,16.44455147,1,-15.401124,1,2.605322838,1,-8.694838524,1,6.20229435,1,-0.540218055,0,-0.003722408,0,-1.054952979,0
16.00389099,-52.46487427,1,13.06269169,1,-20.38329124,1,3.811505556,1,-8.667896271,1,5.816002846,1,-0.527866781,0,-0.021346953,0,-1.016549587,0
16.00788879,-63.56432724,1,3.93483448,1,-20.37459183,1,5.037437439,1,-8.639357567,1,5.294095993,1,-0.511281013,0,-0.040340204,0,-0.980035782,0
16.0118885,-68.24572754,1,-6.503890038,1,-15.13029861,1,6.032862186,1,-8.617793083,1,4.936070919,1,-0.490721434,0,-0.060825951,0,-0.945564151,0
16.01589012,-76.64854431,1,-11.55164814,1,-12.85127354,1,6.282906532,1,-8.609330177,1,4.478806973,1,-0.468321711,0,-0.082638398,0,-0.91276145,0
16.01989365,-72.30633545,1,-14.39174271,1,-7.419334888,1,5.752641201,1,-7.954492092,1,4.157234192,1,-0.446793079,0,-0.105339088,0,-0.882249475,0
16.02389336,-55.56119537,1,-17.17692184,1,-0.212943614,1,4.596838951,1,-5.766286373,1,3.84837985,1,-0.429051399,0,-0.12339028,0,-0.855913818,0
16.02789497,-28.24365234,1,-26.02004242,1,5.64987421,1,3.056355,1,-3.819668055,1,3.462458849,1,-0.416334629,0,-0.134734288,0,-0.8346591,0
16.03189087,-0.713501513,1,-36.45663452,1,5.412681103,1,0.54461658,1,-2.824791193,1,2.848211288,1,-0.411217004,0,-0.141498864,0,-0.817526698,0
16.03589058,-6.500734329,1,-17.47855759,1,14.40044403,1,-1.320034981,1,-4.109265327,1,2.809493065,1,-0.415294409,0,-0.149452686,0,-0.802178025,0
16.0398922,-64.67317963,1,-10.48909092,1,-8.955723763,1,-2.870138168,1,-2.862145185,1,2.610206842,1,-0.426515728,0,-0.158033282,0,-0.786089778,0
16.04389,-44.54894638,1,-11.24303246,1,-10.502882,1,-3.859231234,1,-1.667815804,1,2.498384476,1,-0.442169219,0,-0.161933705,0,-0.772876203,0
16.04788971,-15.8458643,1,-8.074378014,1,-4.402438641,1,-4.223133087,1,-1.783202052,1,2.375985146,1,-0.460460126,0,-0.163505897,0,-0.761117458,0
16.05189133,-7.796341419,1,-0.444997519,1,-5.968902111,1,-4.029799938,1,-2.662686586,1,2.270532608,1,-0.479050368,0,-0.167290196,0,-0.748708308,0
16.05588913,-1.032291293,1,1.298688173,1,-2.430017471,1,-3.769979954,1,-3.804317474,1,2.78450489,1,-0.497197717,0,-0.17392008,0,-0.73363781,0
16.05988884,-5.821998596,1,1.408984542,1,-3.009768724,1,-3.376760721,1,-4.939715862,1,3.198441744,1,-0.515051067,0,-0.183427215,0,-0.714231074,0
16.06389046,-18.95609665,1,4.696980476,1,-6.517278671,1,-2.566348791,1,-5.458943367,1,3.244921446,1,-0.531156957,0,-0.195137724,0,-0.692142725,0
16.06788826,-27.84799576,1,3.06771946,1,-9.20490551,1,-1.675392985,1,-5.446424484,1,3.133340359,1,-0.544150591,0,-0.207385451,0,-0.669480979,0
16.07188606,-30.2041626,1,-0.453988194,1,-11.01763248,1,-0.898474693,1,-5.234390736,1,2.914514303,1,-0.553924739,0,-0.219301492,0,-0.647487283,0
16.07588959,-30.04953575,1,-4.609673977,1,-12.18233395,1,-0.362103313,1,-4.953767776,1,2.70462513,1,-0.561006784,0,-0.230647668,0,-0.626655102,0
16.07988548,-29.68690681,1,-8.696856499,1,-13.41329765,1,-0.124794856,1,-4.749827862,1,2.527870178,1,-0.56653291,0,-0.241466418,0,-0.606919706,0
16.08388519,-28.97909737,1,-12.04135323,1,-15.08716583,1,-0.149201393,1,-4.525147438,1,2.465847492,1,-0.571682811,0,-0.251713008,0,-0.587941229,0
16.08788872,-27.24419403,1,-14.08414078,1,-16.3775692,1,-0.282195598,1,-4.347646236,1,2.446615696,1,-0.577222228,0,-0.261260778,0,-0.569485366,0
16.09188652,-25.7861042,1,-14.81845951,1,-17.46596527,1,-0.429281086,1,-4.249756336,1,2.527839661,1,-0.583464682,0,-0.270193636,0,-0.551126659,0
16.09588623,-25.06258202,1,-14.68554306,1,-18.32934189,1,-0.549597681,1,-4.248044968,1,2.698124409,1,-0.590526283,0,-0.278558046,0,-0.532331944,0
16.09988785,-25.65558434,1,-14.23962879,1,-18.56196785,1,-0.622275829,1,-4.308049202,1,2.942765474,1,-0.598376334,0,-0.286385953,0,-0.51267153,0
16.10388565,-26.50934601,1,-13.40474892,1,-19.59010887,1,-0.688360989,1,-4.283753872,1,3.181334972,1,-0.60689497,0,-0.29361555,0,-0.491959304,0
16.10788536,-26.16416168,1,-13.61953735,1,-20.49586868,1,-0.633796275,1,-4.372668743,1,3.420520782,1,-0.615897,0,-0.300236195,0,-0.470261872,0
16.11188698,-26.67598915,1,-14.28694057,1,-21.45973015,1,-0.585190833,1,-4.413815022,1,3.687549353,1,-0.625153959,0,-0.306270719,0,-0.4474338,0
16.11588478,-26.94459152,1,-15.69490623,1,-22.26904869,1,-0.535569608,1,-4.435005665,1,3.991898775,1,-0.634685278,0,-0.311535627,0,-0.423461825,0
16.11988449,-26.96591759,1,-17.11760902,1,-22.90747833,1,-0.527046621,1,-4.44732666,1,4.325169563,1,-0.64457798,0,-0.315871537,0,-0.398286641,0
16.12388611,-27.02375984,1,-18.28001785,1,-23.55275154,1,-0.56231302,1,-4.434334278,1,4.669178486,1,-0.654985964,0,-0.319139212,0,-0.371891707,0
16.12788391,-26.3453846,1,-18.66164398,1,-23.88124275,1,-0.622441351,1,-4.426120281,1,4.997899055,1,-0.666016221,0,-0.321259975,0,-0.344359934,0
16.13188362,-25.78000641,1,-18.44299698,1,-24.22892189,1,-0.676147938,1,-4.368041515,1,5.293144703,1,-0.677649558,0,-0.322237462,0,-0.315809399,0
16.13588524,-25.01315689,1,-18.16658974,1,-24.52992249,1,-0.657115996,1,-4.342510223,1,5.536454678,1,-0.689608097,0,-0.322068095,0,-0.28649056,0
16.13988876,-24.60316467,1,-17.27253914,1,-24.97123146,1,-0.582383394,1,-4.283397675,1,5.738764286,1,-0.70155561,0,-0.320849806,0,-0.256587178,0
16.14388847,-24.6967144,1,-16.57399368,1,-25.29124641,1,-0.451287359,1,-4.182821751,1,5.885647297,1,-0.713146508,0,-0.318622321,0,-0.226361394,0
16.14789009,-25.28586388,1,-16.09323311,1,-25.81548691,1,-0.264980316,1,-4.050425529,1,5.985031605,1,-0.72400099,0,-0.315437138,0,-0.196105614,0
16.15188599,-25.03690529,1,-16.43267441,1,-25.80768967,1,-0.090497673,1,-3.89994359,1,6.072445869,1,-0.733970642,0,-0.311235189,0,-0.166060925,0
16.1558857,-24.2857914,1,-16.84162903,1,-26.00692558,1,0.029670388,1,-3.743659735,1,6.133171558,1,-0.743113756,0,-0.306103051,0,-0.136319399,0
16.15988922,-23.24604416,1,-17.66539001,1,-26.10197067,1,0.106362075,1,-3.587252855,1,6.178951263,1,-0.75159514,0,-0.300094545,0,-0.106962323,0
16.16388702,-22.2971096,1,-18.58158302,1,-26.16689682,1,0.125611991,1,-3.451276064,1,6.220558167,1,-0.759600461,0,-0.293342412,0,-0.077987649,0
16.16788483,-21.38807297,1,-19.46954727,1,-26.20978928,1,0.088364094,1,-3.33698535,1,6.251131058,1,-0.767327428,0,-0.285905182,0,-0.049384505,0
16.17188644,-20.34469223,1,-20.48853493,1,-26.35398674,1,-0.019641496,1,-3.240961313,1,6.286504269,1,-0.775037646,0,-0.27785939,0,-0.021115746,0
16.17588425,-19.24098587,1,-21.23278618,1,-26.46103096,1,-0.203021109,1,-3.175686359,1,6.303813457,1,-0.783023834,0,-0.269307315,0,0.006857067,0
16.17988396,-18.35739136,1,-22.0152359,1,-26.46508217,1,-0.431900144,1,-3.107051134,1,6.319387436,1,-0.791534841,0,-0.260292947,0,0.034551688,0
16.18388557,-17.37216187,1,-22.76207352,1,-26.47294426,1,-0.703697622,1,-3.035462618,1,6.312915802,1,-0.800722003,0,-0.250826597,0,0.061896548,0
16.18788338,-16.21612549,1,-23.10080719,1,-27.24166298,1,-1.001117945,1,-2.973891735,1,6.274456024,1,-0.806980014,0,-0.291605532,0,0.115129359,0
16.19188309,-14.72209549,1,-23.21242523,1,-27.76839828,1,-1.30933702,1,-2.932665586,1,6.192602158,1,-0.819185495,0,-0.281611502,0,0.141955286,0
16.19588471,-13.99704552,1,-23.00876045,1,-28.34137154,1,-1.603799343,1,-2.861501455,1,6.053912163,1,-0.832154393,0,-0.271457195,0,0.168087423,0
16.19988251,-13.47827911,1,-21.95016861,1,-28.97978783,1,-1.869935155,1,-2.72983861,1,5.832889557,1,-0.845726371,0,-0.261238545,0,0.193208352,0
16.20388222,-12.72834015,1,-20.66265869,1,-29.01044846,1,-2.085549593,1,-2.482391357,1,5.514604568,1,-0.859627962,0,-0.251012594,0,0.216802344,0
16.20788384,-11.42815876,1,-19.58544731,1,-28.83726883,1,-2.23279953,1,-2.13245821,1,5.097346306,1,-0.873507142,0,-0.240819067,0,0.238259703,0
16.21188164,-10.09264088,1,-18.84229088,1,-28.60085297,1,-2.324140072,1,-1.695531011,1,4.618097305,1,-0.887030125,0,-0.230704993,0,0.257080078,0
16.21588135,-8.698382378,1,-18.53767204,1,-27.64958954,1,-2.387077332,1,-1.19730258,1,4.0981493,1,-0.89999938,0,-0.220753103,0,0.272919744,0
16.21988297,-7.520310879,1,-19.06950951,1,-26.22483826,1,-2.470728397,1,-0.653765738,1,3.575641632,1,-0.912421227,0,-0.210961103,0,0.285606325,0
16.22388077,-5.621709824,1,-20.20358467,1,-24.23033714,1,-2.600578308,1,-0.057267673,1,3.066950798,1,-0.924463332,0,-0.201280862,0,0.295002788,0
16.22788048,-2.211880445,1,-21.66209793,1,-22.13102341,1,-2.788926601,1,0.556461573,1,2.599298716,1,-0.936412811,0,-0.19160758,0,0.30107981,0
16.2318821,2.249837637,1,-22.35804176,1,-19.78129959,1,-3.040732384,1,1.15833509,1,2.161178589,1,-0.948610365,0,-0.181894943,0,0.303946286,0
16.2358799,7.329711437,1,-21.60738564,1,-17.65420723,1,-3.304033756,1,1.729438543,1,1.737497091,1,-0.961269438,0,-0.17219466,0,0.303721428,0
16.23987961,11.67181492,1,-20.12229156,1,-15.42663479,1,-3.499184847,1,2.284631729,1,1.340641737,1,-0.974380672,0,-0.162568614,0,0.300561875,0
16.24388123,15.47324657,1,-17.71514511,1,-13.99802303,1,-3.530325413,1,2.839631081,1,0.955571711,1,-0.987540483,0,-0.153065518,0,0.294516772,0
16.24787903,18.93684578,1,-14.06353092,1,-12.4357605,1,-3.270060301,1,3.415901423,1,0.579709649,1,-0.999913275,0,-0.143661261,0,0.285612822,0
16.25187874,20.81760406,1,-9.435495377,1,-12.6042757,1,-2.707426548,1,3.921479225,1,0.156722769,1,-1.01031518,0,-0.134536132,0,0.273911744,0
16.25587845,20.19224739,1,-6.125422955,1,-11.57911015,1,-1.927228928,1,4.516840458,1,-0.330003142,1,-1.017739058,0,-0.125932872,0,0.259308875,0
16.25988388,20.20427513,1,-4.421451569,1,-10.02149677,1,-1.007923365,1,5.221294403,1,-0.862717628,1,-1.021445155,0,-0.117766321,0,0.241347268,0
16.26388359,19.93930054,1,-5.046319962,1,-7.460445881,1,-0.1057228,1,5.983458996,1,-1.424039125,1,-1.02120924,0,-0.109966122,0,0.219719589,0
16.26788521,19.0165062,1,-6.778624058,1,-5.796410084,1,0.698890984,1,6.698233604,1,-2.009001255,1,-1.017284632,0,-0.10252928,0,0.194361582,0
16.27188301,16.69607353,1,-8.322143555,1,-4.930720806,1,1.267889857,1,7.349308491,1,-2.592677116,1,-1.01044023,0,-0.095491074,0,0.165493891,0
16.27588272,15.02988338,1,-9.208521843,1,-4.685779095,1,1.613170981,1,7.926883698,1,-3.131489277,1,-1.00167942,0,-0.088811681,0,0.13339375,0
16.27988434,13.93536282,1,-9.275307655,1,-4.262895584,1,1.765721321,1,8.394400597,1,-3.63058424,1,-0.991904199,0,-0.082448803,0,0.098489411,0
16.28388214,13.19809151,1,-9.566334724,1,-4.180072308,1,1.80053544,1,8.754190445,1,-4.082562447,1,-0.981788635,0,-0.076384716,0,0.061195027,0
16.28788185,11.9944458,1,-9.75484848,1,-4.776037216,1,1.77176404,1,8.766447067,1,-4.499881268,1,-0.971780658,0,-0.070999347,0,0.022430725,0
16.29188156,8.929009438,1,-9.339046478,1,-6.224899292,1,1.75181067,1,8.76799202,1,-4.865438461,1,-0.962014794,0,-0.066511832,0,-0.017172385,0
16.29587936,4.692396164,1,-8.113873482,1,-8.178462029,1,1.759861469,1,8.769981384,1,-5.158413887,1,-0.952392995,0,-0.062717862,0,-0.05748307,0
16.29987907,0.345659286,1,-6.28230238,1,-10.33866024,1,1.823676944,1,8.773201942,1,-5.423025608,1,-0.942762256,0,-0.059429064,0,-0.098403543,0
16.30388069,-3.89371109,1,-4.566660404,1,-12.20591354,1,1.985275865,1,8.778550148,1,-5.678042889,1,-0.932767391,0,-0.056561381,0,-0.139904514,0
16.30787849,-7.552027225,1,-3.845809698,1,-13.40626144,1,2.239520788,1,8.78438282,1,-5.918364525,1,-0.922007322,0,-0.054055039,0,-0.181988224,0
16.3118782,-11.07172966,1,-3.673953533,1,-14.27959442,1,2.523530006,1,8.791770935,1,-6.136049747,1,-0.910238385,0,-0.051781662,0,-0.224613115,0
16.31587982,-13.74130344,1,-4.362130642,1,-14.80155087,1,2.765951157,1,8.797208786,1,-6.328817844,1,-0.897452831,0,-0.04961355,0,-0.26773265,0
16.31987763,-15.85784149,1,-5.718481064,1,-14.93575001,1,2.924140692,1,8.802390099,1,-6.473038197,1,-0.883944988,0,-0.047397155,0,-0.311260223,0
16.32387734,-17.27877808,1,-7.273097515,1,-14.90649891,1,2.948317051,1,8.802939415,1,-6.554002762,1,-0.870157003,0,-0.044920046,0,-0.355038822,0
16.32787895,-17.96598434,1,-8.875387192,1,-14.72511864,1,2.86545229,1,8.800368309,1,-6.574239731,1,-0.856597424,0,-0.042011481,0,-0.398914278,0
16.33187676,-18.44662666,1,-10.05073929,1,-14.40939426,1,2.672638655,1,8.79659462,1,-6.513695717,1,-0.843753219,0,-0.038468786,0,-0.4426772,0
16.33587647,-18.7423439,1,-11.14867115,1,-14.11790466,1,2.38163662,1,8.789710045,1,-6.372267723,1,-0.832058012,0,-0.034096796,0,-0.486094296,0
16.33987808,-18.53335953,1,-12.3442831,1,-13.50558472,1,2.060790539,1,8.782715797,1,-6.145690918,1,-0.82181257,0,-0.028729202,0,-0.528937936,0
16.34387589,-18.63987541,1,-11.77750397,1,-13.1225872,1,1.74353683,1,8.773161888,1,-5.8549757,1,-0.813087523,0,-0.022227973,0,-0.570994854,0
16.34787369,-18.00496674,1,-11.08619785,1,-12.17596722,1,1.490108728,1,8.765957832,1,-5.503715992,1,-0.805890977,0,-0.014479816,0,-0.6120736,0
16.35187531,-18.14950371,1,-9.559036255,1,-11.65419483,1,1.339155078,1,8.760612488,1,-5.116891861,1,-0.799856186,0,-0.005420682,0,-0.652054191,0
16.35587311,-18.1658802,1,-7.774032116,1,-10.66948414,1,1.342476845,1,8.759209633,1,-4.705945969,1,-0.79452616,0,0.004998198,0,-0.690854073,0
16.35987282,-18.47748375,1,-5.588409901,1,-9.622633934,1,1.512744308,1,8.758802414,1,-4.2858634,1,-0.78926456,0,0.016805204,0,-0.728428364,0
16.36387444,-18.62685776,1,-3.372144222,1,-8.26789856,1,1.857506037,1,8.764874458,1,-3.852621794,1,-0.783414483,0,0.030040149,0,-0.764742136,0
16.36787224,-18.44382477,1,-1.514286995,1,-6.628111362,1,2.365402699,1,8.772273064,1,-3.438465834,1,-0.776308298,0,0.044718698,0,-0.799798071,0
16.37187195,-17.98164558,1,-0.958743513,1,-5.000589371,1,2.990525723,1,8.783976555,1,-3.049655914,1,-0.767397463,0,0.060831986,0,-0.833623648,0
16.37587357,-17.51108742,1,-0.801545143,1,-3.626851559,1,3.621703386,1,8.794307709,1,-2.749036074,1,-0.756423831,0,0.078270599,0,-0.866350651,0
16.37987709,-17.31380463,1,-1.324386597,1,-2.656330109,1,4.170151234,1,8.804027557,1,-2.549268484,1,-0.743589282,0,0.09681908,0,-0.898195624,0
16.3838768,-17.42062187,1,-2.421498299,1,-1.80268836,1,4.574850559,1,8.812588692,1,-2.417989492,1,-0.729373336,0,0.116256803,0,-0.92938596,0
16.38787842,-17.647089,1,-4.008303165,1,-1.149614453,1,4.843937874,1,8.8168993,1,-2.364597797,1,-0.714370966,0,0.136408761,0,-0.960098088,0
16.39187622,-17.96421051,1,-5.406836033,1,-0.573453248,1,4.971166611,1,8.821125031,1,-2.385439396,1,-0.699155807,0,0.157081202,0,-0.990538001,0
16.39587593,-18.4969635,1,-6.158421516,1,-0.171423405,1,4.975955009,1,8.821710587,1,-2.499343157,1,-0.684304237,0,0.178040057,0,-1.020977378,0
16.39987755,-18.82276917,1,-6.690814972,1,0.420930326,1,4.853821754,1,8.819696426,1,-2.689002037,1,-0.670371413,0,0.199044868,0,-1.051703334,0
16.40387535,-17.7227478,1,-3.954651117,1,-0.305629283,1,4.690297604,1,8.817242622,1,-2.976845741,1,-0.657803178,0,0.219869927,0,-1.083011031,0
16.40787506,-16.63575554,1,-0.732254624,1,-0.329351693,1,4.604040623,1,8.817808151,1,-3.349026442,1,-0.646607518,0,0.240229741,0,-1.115316629,0
16.41187668,-16.21820831,1,-0.959665596,1,0.832247555,1,4.630142212,1,8.820562363,1,-3.736560345,1,-0.636469543,0,0.26000458,0,-1.148838162,0
16.41587257,-16.1306057,1,0.223802537,1,0.415725023,1,4.676763535,1,8.785413742,1,-4.152472019,1,-0.627106786,0,0.279148042,0,-1.183631182,0
16.41987228,-15.69419479,1,1.409605742,1,-0.03272007,1,4.688399315,1,8.463393211,1,-4.602181911,1,-0.618551075,0,0.296965241,0,-1.219457746,0
16.4238739,-16.2170639,1,2.225404739,1,-0.521729648,1,4.689901352,1,8.140641212,1,-5.073634148,1,-0.61081022,0,0.312926322,0,-1.256113291,0
16.4278717,-16.94459152,1,2.838977337,1,-1.237077951,1,4.696175098,1,7.813503265,1,-5.542020321,1,-0.603849709,0,0.32701987,0,-1.293663144,0
16.43187141,-17.61222076,1,3.469714403,1,-2.028789282,1,4.699023724,1,7.481687546,1,-5.99978447,1,-0.597651243,0,0.339195907,0,-1.332121611,0
16.43587303,-18.78134346,1,4.094049931,1,-2.902283907,1,4.719894409,1,7.142302513,1,-6.397799492,1,-0.592091203,0,0.349508911,0,-1.371368885,0
16.43987083,-19.99385834,1,5.209527016,1,-4.475650787,1,4.796575546,1,6.768179893,1,-6.775042534,1,-0.710928082,0,0.283907473,0,-1.390815616,0
16.44387054,-21.28154373,1,5.727207184,1,-6.275464058,1,4.882250786,1,6.377759933,1,-7.080862999,1,-0.702756882,0,0.285888851,0,-1.430591941,0
16.44787216,-23.14871979,1,5.488127708,1,-8.419616699,1,4.942447186,1,5.982613564,1,-7.291771412,1,-0.694263339,0,0.286313355,0,-1.470122576,0
16.45186997,-26.59924507,1,4.882415295,1,-10.52660084,1,4.98375082,1,5.625202656,1,-7.441988468,1,-0.685423791,0,0.285446644,0,-1.509216547,0
16.45586968,-31.77210236,1,3.566571951,1,-12.41643143,1,4.948991776,1,5.350949287,1,-7.552597046,1,-0.676369309,0,0.283574492,0,-1.547892094,0
16.45987129,-38.19026184,1,0.985902905,1,-13.77054977,1,4.796619892,1,5.236696243,1,-7.622247696,1,-0.667555332,0,0.281247914,0,-1.586316586,0
16.4638691,-45.04249954,1,-1.315689206,1,-14.46484852,1,4.444914818,1,5.289086342,1,-7.65893507,1,-0.659664989,0,0.278966993,0,-1.624837756,0
16.46786881,-49.30649948,1,-3.136259794,1,-14.29422951,1,3.896745205,1,5.456804276,1,-7.635578632,1,-0.653611302,0,0.277282715,0,-1.66368866,0
16.47187042,-51.80373001,1,-3.270240545,1,-13.71808243,1,3.220527649,1,5.635890484,1,-7.567110062,1,-0.650073528,0,0.276469588,0,-1.70281899,0
16.47586823,-52.84983826,1,-2.397229433,1,-12.4388361,1,2.543464661,1,5.758897781,1,-7.40860939,1,-0.649252892,0,0.276497841,0,-1.741978765,0
16.47986794,-53.17362976,1,0.481526136,1,-10.64853001,1,2.003367424,1,5.768516064,1,-7.120346069,1,-0.650756001,0,0.277287245,0,-1.780583978,0
16.48386955,-53.56670761,1,4.648471832,1,-8.485978127,1,1.663865566,1,5.616110802,1,-6.677193642,1,-0.653700471,0,0.278635412,0,-1.817822099,0
16.48786736,-53.91736603,1,7.748080254,1,-5.845580578,1,1.550861835,1,5.33787632,1,-6.066679001,1,-0.656979203,0,0.28046754,0,-1.852792978,0
16.49186707,-53.66053391,1,9.935688972,1,-3.892106533,1,1.64877665,1,4.824326515,1,-5.290881634,1,-0.659432888,0,0.28267312,0,-1.884500265,0
16.49586868,-54.10072327,1,11.02200317,1,-2.711762428,1,1.857293606,1,4.105129719,1,-4.426710606,1,-0.660114646,0,0.284874201,0,-1.911916614,0
16.49987221,-56.37330627,1,10.8204813,1,-1.491566539,1,2.103448868,1,3.326901436,1,-3.548567533,1,-0.658569932,0,0.286845565,0,-1.934549809,0
16.50387192,-59.20591354,1,9.511124611,1,-0.076849937,1,2.278878927,1,2.590884209,1,-2.713940382,1,-0.654851615,0,0.28857553,0,-1.952425003,0
16.50787354,-61.73756409,1,9.532575607,1,0.655047655,1,2.380621195,1,1.849678516,1,-1.994704604,1,-0.649333298,0,0.289947182,0,-1.965823174,0
16.51187134,-64.17198181,1,10.42088985,1,0.891481698,1,2.455456972,1,1.170789957,1,-1.424295783,1,-0.642367661,0,0.290643692,0,-1.975250483,0
16.51587105,-66.18453217,1,10.39312649,1,1.341082096,1,2.507582426,1,0.659671068,1,-1.026100159,1,-0.634238243,0,0.290653288,0,-1.981590629,0
16.51987267,-67.27093506,1,9.026153564,1,2.081578255,1,2.401670933,1,0.2820701,1,-0.770785987,1,-0.625535727,0,0.29004389,0,-1.985732317,0
16.52387047,-66.11959076,1,6.438698292,1,3.985215187,1,2.061501265,1,-0.001825859,1,-0.543383062,1,-0.617303967,0,0.288948178,0,-1.988308549,0
16.52787018,-63.71210098,1,5.519252777,1,6.145226955,1,1.51092577,1,-0.322684169,1,-0.295021743,1,-0.61040014,0,0.287469029,0,-1.989372969,0
16.53186989,-59.158535,1,5.632607937,1,9.306812286,1,0.94810611,1,-0.693514943,1,0.05641612,1,-0.605318487,0,0.285521448,0,-1.988607764,0
16.53586769,-53.91652298,1,9.112485886,1,10.89548969,1,0.590714097,1,-1.184637785,1,0.538720727,1,-0.601401448,0,0.28311497,0,-1.985400438,0
16.5398674,-49.02532196,1,12.33593655,1,11.73065567,1,0.557167888,1,-1.735204339,1,1.113231659,1,-0.5974558,0,0.280141234,0,-1.979158878,0
16.54386902,-45.80493546,1,13.58990192,1,11.35557175,1,0.753042817,1,-2.227561474,1,1.752294064,1,-0.592231512,0,0.276778102,0,-1.969584823,0
16.54786682,-43.18022919,1,13.26232052,1,10.48992157,1,1.005799413,1,-2.658497334,1,2.361999273,1,-0.585235894,0,0.273227394,0,-1.956824303,0
16.55186653,-40.89915848,1,11.77280903,1,9.578322411,1,1.179219604,1,-3.016476393,1,2.86012888,1,-0.576659203,0,0.26946488,0,-1.941253185,0
16.55586815,-38.36489868,1,9.453997612,1,8.548855782,1,1.182323933,1,-3.296545506,1,3.216823101,1,-0.567192316,0,0.265424311,0,-1.923509121,0
16.55986595,-33.78493118,1,5.646481037,1,8.281748772,1,0.922372401,1,-3.487943172,1,3.399330378,1,-0.557928562,0,0.261019468,0,-1.904376507,0
16.56386566,-28.33468056,1,2.517972469,1,7.519490242,1,0.38508302,1,-3.707550526,1,3.446469069,1,-0.550160944,0,0.256001025,0,-1.884495616,0
16.56786728,50.16886139,1,-51.88305664,1,-11.89271069,1,-4.931339264,1,-4.759025097,1,2.765751839,1,-0.552222133,0,0.248702869,0,-1.863821983,0
16.57186508,-18.74983978,1,8.036940575,1,-4.627548218,1,-4.863658905,1,-6.525098324,1,3.304913998,1,-0.567540705,0,0.235127568,0,-1.841676712,0
16.57586479,25.40578651,1,-15.68181896,1,-13.81438923,1,-4.157998562,1,-5.687171459,1,2.647184849,1,-0.580714941,0,0.221148491,0,-1.817387462,0
16.57986641,42.14561462,1,-25.12856102,1,-46.24957657,1,-4.884485245,1,-7.289705753,1,3.36612463,1,-0.593151152,0,0.206714958,0,-1.793426037,0
16.58386421,-18.25772476,1,-42.28982162,1,-61.97200775,1,-6.522492886,1,-8.877615929,1,4.825306892,1,-0.608956754,0,0.188322857,0,-1.760405183,0
16.58786392,-129.5368195,1,-23.76858139,1,-85.74173737,1,-7.321354866,1,-8.909106255,1,7.43667984,1,-0.629475832,0,0.173339635,0,-1.719493628,0
16.59186554,-168.0207825,1,-14.10530281,1,-97.23040771,1,-8.67286396,1,-5.243214607,1,8.640888214,1,-0.654909015,0,0.169421703,0,-1.674386621,0
16.59586334,-85.60771179,1,20.31444359,1,-45.75206375,1,-6.411504745,1,-2.456501484,1,8.148553848,1,-0.680190563,0,0.178590253,0,-1.638550878,0
16.59986305,-0.059190784,1,25.80294991,1,-42.61894226,1,-4.055300236,1,-2.199462652,1,6.657303333,1,-0.696051061,0,0.190931335,0,-1.609393239,0
16.60386467,42.87248611,1,19.75167656,1,-18.50108337,1,-2.961654663,1,-3.773841381,1,4.887379169,1,-0.704888761,0,0.197080106,0,-1.584149003,0
16.60786247,37.21642303,1,-13.91555023,1,-3.670201778,1,-3.276798964,1,-5.286903381,1,3.242025852,1,-0.712133646,0,0.193716362,0,-1.559325933,0
16.61186218,-82.37129211,1,6.446208954,1,-13.87851048,1,-3.132530451,1,-3.395913839,1,2.26111412,1,-0.721494675,0,0.186656862,0,-1.538713098,0
16.61586952,-57.88750839,1,38.18510437,1,2.388412952,1,-1.506782413,1,-1.683425903,1,2.435849428,1,-0.728217542,0,0.185912877,0,-1.525301099,0
16.61987305,-10.22753429,1,23.88306427,1,-3.232311964,1,-1.070589781,1,-1.975839496,1,1.919167995,1,-0.731209278,0,0.186238959,0,-1.51354146,0
16.62387276,-23.01104736,1,25.79353714,1,-9.977705002,1,-0.199788421,1,-1.014582038,1,0.818614006,1,-0.732167006,0,0.185546532,0,-1.505391479,0
16.62787437,-6.864777565,1,15.05749512,1,-6.690009117,1,0.290019095,1,-0.98330611,1,0.693269968,1,-0.730978727,0,0.184381157,0,-1.500430107,0
16.63187218,-13.357131,1,-9.852867126,1,-8.029932976,1,0.35326308,1,-0.515892386,1,0.359596163,1,-0.728942037,0,0.183728233,0,-1.496948004,0
16.63587189,-10.19578552,1,-27.89705658,1,-7.926328659,1,-0.081481144,1,-0.646478832,1,0.599282086,1,-0.727708459,0,0.183116511,0,-1.493916631,0
16.63987351,-3.007353783,1,-19.95134163,1,-10.96105671,1,-0.50721693,1,-0.694863558,1,0.941925466,1,-0.728235245,0,0.183247894,0,-1.489777803,0
16.64387131,3.79117322,1,-8.547241211,1,-16.44256973,1,-0.644367278,1,-0.865436852,1,1.216893077,1,-0.729607463,0,0.183804929,0,-1.484380603,0
16.64787102,-6.75453186,1,-6.915114403,1,-12.59356499,1,-0.692148268,1,-1.141659856,1,1.394511223,1,-0.731053054,0,0.184300169,0,-1.47764802,0
16.65187264,-10.21210384,1,-9.85853672,1,-8.866723061,1,-0.71131146,1,-1.246836424,1,1.425047874,1,-0.732460499,0,0.184462994,0,-1.470096111,0
16.65587044,-5.22435379,1,-4.164334774,1,-9.640771866,1,-0.669250548,1,-1.216483593,1,1.530193686,1,-0.733823657,0,0.18474865,0,-1.462290406,0
16.65987015,-5.768983364,1,-1.91824913,1,-9.202625275,1,-0.622249424,1,-1.226614475,1,1.512125969,1,-0.734955788,0,0.185257137,0,-1.454333067,0
16.66387177,-7.736535072,1,2.916146755,1,-8.789611816,1,-0.576851249,1,-1.250171185,1,1.362327695,1,-0.735934317,0,0.185433015,0,-1.446609735,0
16.66786957,-8.435083389,1,7.192111015,1,-9.86630249,1,-0.265532166,1,-1.247493625,1,1.216553926,1,-0.736343205,0,0.18519707,0,-1.439285398,0
16.67186737,-6.875043392,1,-1.656455517,1,-9.877144814,1,-0.082361825,1,-1.311615944,1,1.078702211,1,-0.735669494,0,0.184510231,0,-1.432367206,0
16.67586899,-5.937290192,1,-5.171448231,1,-11.00437546,1,-0.123331286,1,-1.493764639,1,1.072532892,1,-0.734753132,0,0.183207884,0,-1.425346017,0
16.67986679,-5.327919483,1,-1.207873106,1,-13.13672161,1,-0.074878611,1,-1.69054985,1,1.099877238,1,-0.733802021,0,0.181408018,0,-1.417700887,0
16.6838665,-2.200968981,1,-0.912705183,1,-16.66013908,1,-0.017637409,1,-2.033419371,1,1.02907753,1,-0.732476234,0,0.178782016,0,-1.409438848,0
16.68786812,-2.287044764,1,-1.426639318,1,-19.16183662,1,0.042668041,1,-2.560914516,1,0.947108626,1,-0.774508476,0,0.243246064,0,-1.414508462,0
16.69186592,-2.891302586,1,-1.881844521,1,-20.58213615,1,-0.001890993,1,-3.19389987,1,0.937346876,1,-0.771803141,0,0.237664238,0,-1.403462052,0
16.69586563,-2.71425724,1,0.177549496,1,-22.03664589,1,0.051831897,1,-3.773269176,1,0.868165016,1,-0.768864095,0,0.230194002,0,-1.390835524,0
16.69986725,0.158181444,1,-2.791799784,1,-22.21788216,1,0.022704881,1,-4.437057972,1,0.87437892,1,-0.765451074,0,0.220833942,0,-1.376632214,0
16.70386505,-3.946875095,1,-4.655258656,1,-25.67082977,1,-0.041114401,1,-5.16698885,1,0.887514055,1,-0.76205802,0,0.209364414,0,-1.360365152,0
16.70786476,3.384558439,1,-6.990362167,1,-25.36067009,1,-0.088507757,1,-5.944146156,1,1.035648942,1,-0.75857538,0,0.195965111,0,-1.341995239,0
16.71186638,1.97861588,1,-10.01308727,1,-28.65325165,1,-0.208864093,1,-6.852692127,1,1.303233385,1,-0.755186558,0,0.180523738,0,-1.320667267,0
16.71586418,5.703156471,1,-10.22442627,1,-26.54101181,1,-0.239334822,1,-7.86908865,1,1.643781662,1,-0.751895487,0,0.163143992,0,-1.295877218,0
16.71986389,4.722335339,1,-11.43297386,1,-26.65008354,1,-0.165786341,1,-8.729960442,1,2.119172812,1,-0.748362362,0,0.14377588,0,-1.267277122,0
16.72386551,4.705054283,1,-11.57277107,1,-23.60251617,1,-0.157712147,1,-8.733363152,1,2.704308033,1,-0.744812429,0,0.12469165,0,-1.23619771,0
16.72786331,3.86757946,1,-13.34166622,1,-18.48621559,1,-0.509344876,1,-8.744682312,1,3.492966413,1,-0.742241561,0,0.107303411,0,-1.203245282,0
16.73186302,0.794605792,1,-9.256931305,1,-13.46932697,1,-1.18324399,1,-8.763991356,1,4.363070488,1,-0.742053092,0,0.092137106,0,-1.167797923,0
16.73586464,-2.471580744,1,-2.867557764,1,-8.04227066,1,-1.750131845,1,-8.779548645,1,5.103476048,1,-0.744736135,0,0.079102889,0,-1.129991174,0
16.73986244,-9.759129524,1,4.863031387,1,-4.974768639,1,-2.051493645,1,-8.789364815,1,5.743618488,1,-0.749539256,0,0.068119451,0,-1.090029597,0
16.74386787,-16.43276215,1,13.39239883,1,-3.692143917,1,-1.669011593,1,-8.781275749,1,5.89167738,1,-0.754604101,0,0.058423791,0,-1.048864841,0
16.74786949,-14.63343048,1,16.73529625,1,-7.061519623,1,-0.876306593,1,-8.76707077,1,6.090660572,1,-0.757472396,0,0.049305446,0,-1.007325172,0
16.75186729,-25.19696617,1,20.22957039,1,-10.03871536,1,0.354445964,1,-8.74024868,1,5.921917439,1,-0.756831348,0,0.0404725,0,-0.965659082,0
16.755867,-53.01414108,1,15.54746056,1,-19.46382332,1,2.215289831,1,-8.697995186,1,5.218325138,1,-0.750354052,0,0.030360835,0,-0.925454497,0
16.75986862,-76.46218872,1,7.232244015,1,-26.9402504,1,4.145302773,1,-8.653431892,1,4.487395287,1,-0.736652076,0,0.017908337,0,-0.887738705,0
16.76386643,-77.78708649,1,-9.436625481,1,-24.12453461,1,5.282473564,1,-8.629376411,1,4.376965046,1,-0.71703881,0,0.003810892,0,-0.851598263,0
16.76786614,-106.4327393,1,-21.68596649,1,-25.87075043,1,5.481901169,1,-8.623036385,1,3.858108044,1,-0.695449531,0,-0.011651526,0,-0.816569984,0
16.77186775,-102.5990753,1,-28.39847565,1,-21.43322945,1,4.748072147,1,-8.634225845,1,3.194380522,1,-0.675214887,0,-0.029393945,0,-0.783755302,0
16.77586556,-70.13569641,1,-29.75662994,1,-13.21974373,1,3.205045938,1,-6.320124149,1,2.442131281,1,-0.660330713,0,-0.046209868,0,-0.756161094,0
16.77986527,-31.04343224,1,-43.80446243,1,-4.303736687,1,1.409273505,1,-3.918109894,1,2.022868633,1,-0.651800513,0,-0.057027951,0,-0.736910164,0
16.78386688,26.64862442,1,-49.46988297,1,7.23927784,1,-1.900413036,1,-3.139772177,1,1.545290351,1,-0.653668642,0,-0.06320338,0,-0.723042965,0
16.78786469,-30.92866516,1,-17.98080254,1,2.680757046,1,-3.792714357,1,-5.34808588,1,2.391622066,1,-0.666423798,0,-0.072429314,0,-0.705097556,0
16.7918644,-68.23651886,1,-10.57058811,1,-18.82198524,1,-4.475488663,1,-3.829962254,1,2.073516607,1,-0.684297204,0,-0.081383258,0,-0.686882615,0
16.79586601,-34.95155334,1,-10.1900959,1,-12.38013935,1,-4.919626236,1,-2.681480885,1,2.449556589,1,-0.704551518,0,-0.085003935,0,-0.671940684,0
16.79986191,-17.37322426,1,3.515446901,1,-14.40357399,1,-4.425410748,1,-3.606286526,1,2.491877079,1,-0.724800467,0,-0.08783897,0,-0.656237245,0
16.80386162,-12.53986263,1,12.44452,1,-15.42559814,1,-3.297777176,1,-4.759131432,1,2.625711203,1,-0.741995752,0,-0.093509808,0,-0.637456775,0
16.80786514,-11.23152161,1,10.01432323,1,-11.0246973,1,-2.105089188,1,-5.994660854,1,3.466379642,1,-0.755114555,0,-0.100990981,0,-0.613822401,0
16.81186295,-23.46017265,1,8.34403038,1,-13.27825832,1,-0.899174035,1,-6.73255825,1,3.957975864,1,-0.764143348,0,-0.10926456,0,-0.585137606,0
16.81586266,-36.90716553,1,4.806359768,1,-15.63023663,1,0.265165687,1,-6.75754118,1,4.275571823,1,-0.768830121,0,-0.11737933,0,-0.55426228,0
16.81986427,-42.75352478,1,-4.027657509,1,-19.20593834,1,0.997118115,1,-6.345290184,1,4.544395924,1,-0.769952774,0,-0.123958275,0,-0.523091257,0
16.82386208,-41.42222214,1,-11.88448238,1,-22.43065453,1,1.324936748,1,-5.838749409,1,4.820319653,1,-0.769076765,0,-0.128413305,0,-0.492459327,0
16.82786179,-38.49043274,1,-18.75221443,1,-25.47009468,1,1.305341125,1,-5.484391689,1,5.121876717,1,-0.767641544,0,-0.130860046,0,-0.462200284,0
16.8318634,-36.17924881,1,-23.58181763,1,-28.07507133,1,1.031392932,1,-5.261712551,1,5.426040173,1,-0.766902208,0,-0.131650001,0,-0.431844026,0
16.83586121,-34.34287643,1,-25.90018463,1,-30.26567459,1,0.670288324,1,-5.194063187,1,5.678546429,1,-0.76753509,0,-0.131225765,0,-0.401122302,0
16.83985901,-32.06283188,1,-25.89165115,1,-32.14357758,1,0.336261123,1,-5.017997265,1,5.767395973,1,-0.769577622,0,-0.12988764,0,-0.370292842,0
16.84386063,-30.19523239,1,-24.47858047,1,-33.35401154,1,0.138963148,1,-5.03550148,1,5.742613316,1,-0.772634447,0,-0.128240913,0,-0.339493394,0
16.84786034,-29.95657158,1,-22.62938118,1,-33.56774521,1,0.101236902,1,-5.059461117,1,5.609383106,1,-0.776077032,0,-0.126782134,0,-0.308890969,0
16.85185814,-30.39867783,1,-21.64861488,1,-33.04013824,1,0.184526935,1,-5.091747761,1,5.434383869,1,-0.779333353,0,-0.125748023,0,-0.278673351,0
16.85585976,-31.33917427,1,-22.12066841,1,-32.49049759,1,0.285134703,1,-5.034099579,1,5.2213974,1,-0.782113314,0,-0.125099987,0,-0.249114662,0
16.85985756,-31.99547768,1,-23.76667404,1,-31.73459625,1,0.351731867,1,-4.952110767,1,5.025292397,1,-0.784407377,0,-0.124809034,0,-0.220277533,0
16.86386299,-31.72498703,1,-25.91869545,1,-30.91446686,1,0.334841549,1,-4.842501163,1,4.871823788,1,-0.786490083,0,-0.124680333,0,-0.192197487,0
16.86786652,-29.79350853,1,-27.78388405,1,-29.98613358,1,0.197983906,1,-4.782654762,1,4.769005775,1,-0.788806796,0,-0.124587432,0,-0.164752856,0
16.87186241,-27.65568161,1,-29.14621735,1,-29.35404968,1,-0.038533483,1,-4.757978439,1,4.686463356,1,-0.791825771,0,-0.124570355,0,-0.137696221,0
16.87586212,-25.2256279,1,-29.54632187,1,-29.12900162,1,-0.33098948,1,-4.783361912,1,4.599517345,1,-0.795889497,0,-0.124696419,0,-0.110861577,0
16.87986565,-23.32469749,1,-28.88448715,1,-29.06978416,1,-0.622053981,1,-4.8378582,1,4.487773418,1,-0.801123679,0,-0.12510173,0,-0.084168404,0
16.88386345,-22.18226051,1,-27.35185242,1,-29.20863342,1,-0.858401656,1,-4.888971806,1,4.334984779,1,-0.807415724,0,-0.125877768,0,-0.057693034,0
16.88786125,-21.83708954,1,-25.57974243,1,-29.39247704,1,-1.012180686,1,-4.893716335,1,4.130029678,1,-0.814465046,0,-0.127076089,0,-0.031631395,0
16.89186287,-21.70365715,1,-24.37846184,1,-29.80113029,1,-1.087163448,1,-4.82960701,1,3.894062757,1,-0.821919262,0,-0.128662989,0,-0.0062407,0
16.89586067,-21.07271576,1,-23.32705307,1,-30.40253067,1,-1.113793254,1,-4.720775127,1,3.635662317,1,-0.829481721,0,-0.130556226,0,0.018221749,0
16.89986038,-20.12528229,1,-22.16973495,1,-30.88282013,1,-1.115544558,1,-4.565095425,1,3.365255117,1,-0.837020695,0,-0.132688001,0,0.041593809,0
16.903862,-19.26655388,1,-21.1219101,1,-30.89015579,1,-1.109809518,1,-4.362455845,1,3.093109131,1,-0.844424248,0,-0.134986222,0,0.063723244,0
16.9078598,-18.44400406,1,-20.24033165,1,-30.90427971,1,-1.104406357,1,-4.125157833,1,2.826184988,1,-0.851666808,0,-0.137336388,0,0.084484071,0
16.91185951,-16.87417221,1,-19.97859001,1,-31.1841011,1,-1.125619173,1,-3.894782305,1,2.575656414,1,-0.858786762,0,-0.139704704,0,0.103856124,0
16.91586113,-15.05328465,1,-19.6552887,1,-31.24652481,1,-1.207224727,1,-3.667324543,1,2.37006402,1,-0.865985096,0,-0.142031029,0,0.121937424,0
16.91985893,-13.33954048,1,-19.31390953,1,-31.47183609,1,-1.304895759,1,-3.443055868,1,2.211897612,1,-0.873430073,0,-0.14420633,0,0.138881668,0
16.92385864,-11.38548946,1,-18.70632935,1,-31.99201584,1,-1.424081087,1,-3.223617792,1,2.076726675,1,-0.881191969,0,-0.14614208,0,0.154778138,0
16.92786026,-9.239605904,1,-18.38469887,1,-32.14134216,1,-1.550500751,1,-2.962970734,1,1.962190509,1,-0.889316201,0,-0.147732541,0,0.169629067,0
16.93185806,-7.645109653,1,-18.38652229,1,-32.10933304,1,-1.68915987,1,-2.643428802,1,1.841875911,1,-0.897811174,0,-0.14884299,0,0.183303267,0
16.93585777,-6.078315735,1,-18.17560577,1,-31.62625694,1,-1.847870588,1,-2.234618425,1,1.720214486,1,-0.906699181,0,-0.149308547,0,0.195528433,0
16.93985939,-4.925866127,1,-17.45512581,1,-30.5795517,1,-1.992573619,1,-1.708956361,1,1.576730371,1,-0.93237257,0,-0.172407269,0,0.241460577,0
16.94385719,-3.873188734,1,-16.42092896,1,-29.01519775,1,-2.089827061,1,-1.057290435,1,1.41815412,1,-0.941942573,0,-0.170869663,0,0.2496178,0
16.9478569,-2.748449087,1,-15.14955044,1,-27.28244972,1,-2.12025404,1,-0.280301392,1,1.224058509,1,-0.951288581,0,-0.168157473,0,0.254985094,0
16.95185852,-0.407896161,1,-14.08745289,1,-25.15912628,1,-2.078953981,1,0.60936898,1,1.01324141,1,-0.960036397,0,-0.164143279,0,0.25708136,0
16.95585632,3.774668455,1,-12.21030331,1,-23.21470261,1,-1.969740987,1,1.550970435,1,0.785555482,1,-0.967915773,0,-0.15872705,0,0.255559742,0
16.95985603,9.601786613,1,-10.01484394,1,-21.4581852,1,-1.774390936,1,2.446441174,1,0.563543141,1,-0.974633873,0,-0.151977435,0,0.250393003,0
16.96385765,14.98965645,1,-8.458853722,1,-19.63183594,1,-1.523027778,1,3.283206224,1,0.344384462,1,-0.979987085,0,-0.144064352,0,0.241809174,0
16.96785545,20.39051056,1,-8.05608654,1,-17.38551331,1,-1.193881154,1,4.074574471,1,0.170085981,1,-0.98378998,0,-0.135032341,0,0.230005398,0
16.97185516,22.92503929,1,-7.845778465,1,-16.3304081,1,-0.887853086,1,4.749330044,1,0.005102315,1,-0.986030221,0,-0.12498337,0,0.215360314,0
16.97585487,23.26559258,1,-7.597315311,1,-14.67980576,1,-0.67002517,1,5.457117558,1,-0.173136175,1,-0.98706907,0,-0.114014491,0,0.198039085,0
16.97985268,24.15047836,1,-7.070597172,1,-12.93951511,1,-0.510264933,1,6.193463802,1,-0.386946678,1,-0.987247109,0,-0.102104582,0,0.177872762,0
16.98386002,23.99209213,1,-6.379698277,1,-11.40740108,1,-0.361499846,1,6.933504581,1,-0.693261564,1,-0.986786127,0,-0.089429855,0,0.154681861,0
16.98786163,22.28178978,1,-6.399543762,1,-10.31655884,1,-0.129641816,1,7.691046715,1,-1.091992617,1,-0.985602558,0,-0.076238729,0,0.128233865,0
16.99185944,19.57530212,1,-5.273481369,1,-10.28969479,1,0.139398649,1,8.395217896,1,-1.583943844,1,-0.983512759,0,-0.062876381,0,0.098392963,0
16.99585915,16.34729767,1,-3.692495346,1,-10.74794769,1,0.398147017,1,8.723139763,1,-2.139393568,1,-0.980584145,0,-0.049913432,0,0.065548278,0
16.99986076,13.55890942,1,-2.15658617,1,-10.55752945,1,0.655048549,1,8.733858109,1,-2.743420839,1,-0.976953089,0,-0.038517155,0,0.031105392,0
17.00385857,11.57398796,1,-1.378586531,1,-10.18278027,1,0.931421578,1,8.742978096,1,-3.381483078,1,-0.972585797,0,-0.029036721,0,-0.004717811,0
17.00785828,9.748545647,1,-1.45361042,1,-10.32316494,1,1.18832612,1,8.750919342,1,-4.008655071,1,-0.967401087,0,-0.021469431,0,-0.041954838,0
17.01185989,7.484502316,1,-2.135312557,1,-11.17282009,1,1.426596165,1,8.759581566,1,-4.563237667,1,-0.96144861,0,-0.015623583,0,-0.080525808,0
17.0158577,3.934792042,1,-2.604207039,1,-12.12055302,1,1.622025132,1,8.765982628,1,-5.008606434,1,-0.954804718,0,-0.011161999,0,-0.120234698,0
17.01985741,-0.747975409,1,-2.829022169,1,-13.42594814,1,1.796651721,1,8.771538734,1,-5.350183964,1,-0.947590828,0,-0.007674688,0,-0.160833851,0
17.02385902,-5.467896461,1,-2.981404305,1,-14.43932915,1,1.980582237,1,8.776769638,1,-5.630280495,1,-0.939786673,0,-0.004882527,0,-0.202156231,0
17.02785683,-9.341454506,1,-3.190591574,1,-15.15599537,1,2.178563118,1,8.782880783,1,-5.86158514,1,-0.931306422,0,-0.002548541,0,-0.244065702,0
17.03185654,-12.24456596,1,-3.399077177,1,-15.67699718,1,2.378224373,1,8.787674904,1,-6.037162781,1,-0.922119975,0,-0.000486866,0,-0.286459625,0
17.03585815,-14.23249435,1,-3.920182467,1,-15.93270111,1,2.555036545,1,8.792992592,1,-6.154975414,1,-0.912262857,0,0.001520858,0,-0.32920754,0
17.03985596,-15.40551376,1,-4.751283646,1,-16.0381794,1,2.668813944,1,8.794714928,1,-6.234646797,1,-0.901912212,0,0.003657498,0,-0.37218979,0
17.04385567,-16.81310272,1,-5.379470825,1,-16.14533997,1,2.71651268,1,8.795750618,1,-6.287106514,1,-0.891339183,0,0.006040163,0,-0.4153198,0
17.04785729,-17.79304314,1,-5.890359402,1,-16.34298325,1,2.714539766,1,8.795790672,1,-6.27312851,1,-0.880782783,0,0.008832764,0,-0.458463788,0
17.05185509,-18.67459488,1,-6.104199409,1,-16.28754997,1,2.683596134,1,8.794466972,1,-6.168227196,1,-0.870409906,0,0.012255215,0,-0.50142628,0
17.0558548,-19.28663254,1,-7.161832809,1,-15.66936207,1,2.607590675,1,8.791337967,1,-5.984208107,1,-0.860443592,0,0.016534857,0,-0.543982148,0
17.05985451,-19.40449333,1,-7.87637043,1,-15.46396255,1,2.513396502,1,8.788119316,1,-5.715724945,1,-0.851002336,0,0.02190762,0,-0.585888565,0
17.06385231,-19.78349495,1,-8.4286623,1,-14.9669857,1,2.405676365,1,8.785045624,1,-5.39054203,1,-0.842205524,0,0.028540418,0,-0.626955748,0
17.06785202,-20.57895279,1,-9.422897339,1,-13.87873459,1,2.282594681,1,8.779998779,1,-5.00714159,1,-0.834120035,0,0.036564343,0,-0.667012036,0
17.07185555,-21.62467194,1,-10.89584351,1,-12.2039032,1,2.122634888,1,8.774043083,1,-4.572293282,1,-0.826901436,0,0.046093766,0,-0.705891967,0
17.07585144,-22.20204544,1,-12.08371544,1,-10.13834286,1,1.937183738,1,8.767237663,1,-4.102332115,1,-0.820721626,0,0.057199106,0,-0.743470371,0
17.07985115,-22.37705994,1,-12.08357239,1,-8.070463181,1,1.791409016,1,8.761909485,1,-3.626703739,1,-0.815578759,0,0.069883831,0,-0.77969408,0
17.08385468,-21.96603966,1,-10.46797752,1,-5.669576168,1,1.772727609,1,8.759588242,1,-3.184232473,1,-0.811171293,0,0.084074609,0,-0.814603627,0
17.08785057,-21.26860809,1,-8.508705139,1,-3.490388632,1,1.921810627,1,8.759539604,1,-2.777956724,1,-0.806911469,0,0.099645332,0,-0.848311424,0
17.09185219,-19.90588379,1,-6.475430965,1,-1.833047271,1,2.22590971,1,8.763628006,1,-2.463145256,1,-0.802173615,0,0.116406478,0,-0.881010652,0
17.09585381,-18.32416725,1,-4.292937756,1,-0.645741999,1,2.644030571,1,8.770852089,1,-2.240767479,1,-0.796450973,0,0.134120762,0,-0.912947834,0
17.09985161,-16.68060112,1,-2.438875198,1,0.731163144,1,3.148048401,1,8.781549454,1,-2.105346203,1,-0.789382219,0,0.152573884,0,-0.944365442,0
17.10385704,-15.39143085,1,-1.417155862,1,1.905107141,1,3.70379138,1,8.79237175,1,-2.065265656,1,-0.780703902,0,0.171552777,0,-0.97549969,0
17.10785675,-14.30423355,1,-1.190360069,1,2.598754168,1,4.229187489,1,8.803537369,1,-2.115031004,1,-0.770432711,0,0.190837994,0,-1.006603718,0
17.11185646,-13.9257946,1,-2.509813547,1,3.330570698,1,4.660802364,1,8.813092232,1,-2.210562706,1,-0.758853316,0,0.210285842,0,-1.037853241,0
17.11585426,-14.65533161,1,-5.145173073,1,4.542095661,1,4.965335846,1,8.819406509,1,-2.347888708,1,-0.746442974,0,0.229798749,0,-1.069368839,0
17.11985588,-16.43804741,1,-7.584985256,1,5.592536449,1,5.108333588,1,8.823810577,1,-2.566269159,1,-0.733830214,0,0.249249399,0,-1.101311684,0
17.12385368,-18.03210258,1,-9.342329979,1,6.361841679,1,5.030583382,1,8.824958801,1,-2.889565706,1,-0.72186017,0,0.268367946,0,-1.134006023,0
17.12785339,-18.45602036,1,-8.529411316,1,6.404523849,1,4.7698946,1,8.82166481,1,-3.334825516,1,-0.711504698,0,0.286830604,0,-1.167840958,0
17.13185501,-17.16175842,1,-0.886705458,1,5.125045776,1,4.620594025,1,8.541603088,1,-3.862808943,1,-0.703053594,0,0.304029584,0,-1.20299089,0
17.13585281,-17.37686539,1,3.926866531,1,4.805370331,1,4.846278191,1,8.152025223,1,-4.483093262,1,-0.69524157,0,0.318815261,0,-1.238936663,0
17.13985252,-19.68601608,1,8.177714348,1,3.941732645,1,5.348087788,1,7.811567307,1,-5.131181717,1,-0.686741412,0,0.331171274,0,-1.276065588,0
17.14385605,-20.1931839,1,10.60760117,1,2.88105607,1,5.855237007,1,7.433948994,1,-5.742630482,1,-0.67695415,0,0.341144919,0,-1.314316034,0
17.14785194,-21.82064247,1,10.83858204,1,2.308288813,1,6.32544899,1,7.035121918,1,-6.342478752,1,-0.665863514,0,0.348749995,0,-1.35355711,0
17.15185165,-24.54107666,1,10.42459393,1,1.09581387,1,6.686076641,1,6.6650877,1,-6.91685915,1,-0.653660417,0,0.354136646,0,-1.393772125,0
17.15585518,-27.13617706,1,8.831876755,1,-0.991187692,1,6.832758427,1,6.282701969,1,-7.385772705,1,-0.640861869,0,0.357534409,0,-1.434814811,0
17.15985107,-30.02188492,1,6.301786423,1,-3.443655014,1,6.700716972,1,5.880943775,1,-7.692452908,1,-0.628242791,0,0.359219611,0,-1.476185083,0
17.16385078,-34.19197083,1,4.09111166,1,-5.811402321,1,6.334890842,1,5.499651909,1,-7.815798759,1,-0.616578758,0,0.359605551,0,-1.517305732,0
17.1678524,-40.4038353,1,2.454295158,1,-8.066664696,1,5.79542923,1,5.209510803,1,-7.815995693,1,-0.606520414,0,0.359152198,0,-1.557794213,0
17.1718502,-47.74015427,1,1.795883894,1,-9.592988968,1,5.12785387,1,5.042240143,1,-7.721635342,1,-0.598611236,0,0.358403921,0,-1.59753716,0
17.17584992,-54.86095428,1,2.322535276,1,-10.27051449,1,4.394395828,1,5.00769043,1,-7.544757366,1,-0.593238294,0,0.357888341,0,-1.63657093,0
17.17985153,-60.3040657,1,4.132976532,1,-10.02314758,1,3.692696571,1,5.032912254,1,-7.28643322,1,-0.590479434,0,0.357977241,0,-1.674843073,0
17.18384934,-64.11566925,1,7.245224476,1,-9.24336338,1,3.110878706,1,5.015031338,1,-6.98760891,1,-0.589994848,0,0.358807057,0,-1.712123632,0
17.18784905,-67.32875061,1,11.54052925,1,-8.65886116,1,2.767720699,1,4.86309433,1,-6.569056034,1,-0.784512401,0,0.08816427,0,-1.759131789,0
17.19185066,-70.07663727,1,14.17040157,1,-6.857940674,1,2.66789794,1,4.613916874,1,-6.020830631,1,-0.77638942,0,0.083962649,0,-1.790558577,0
17.19584847,-74.56212616,1,16.56697083,1,-5.212286472,1,2.659713745,1,4.18347311,1,-5.363910675,1,-0.768121064,0,0.080674089,0,-1.819286823,0
17.19984818,-78.67453003,1,15.8122282,1,-3.190197229,1,2.695888281,1,3.629076719,1,-4.529065132,1,-0.75942713,0,0.07825166,0,-1.844514132,0
17.20384979,-81.4367218,1,13.69339943,1,-1.55327642,1,2.68845582,1,2.981838465,1,-3.549214602,1,-0.750263214,0,0.076819651,0,-1.865434766,0
17.2078476,-84.74082184,1,13.16592216,1,-0.006389472,1,2.636826515,1,2.266504765,1,-2.566981077,1,-0.740829706,0,0.076227464,0,-1.881576777,0
17.21184731,-86.94643402,1,15.05314541,1,1.623771548,1,2.55705452,1,1.57563591,1,-1.65377903,1,-0.731333733,0,0.076280139,0,-1.89300561,0
17.21584892,-86.80672455,1,18.57500267,1,3.239181757,1,2.498229504,1,0.902190208,1,-0.880379915,1,-0.721771359,0,0.076620661,0,-1.900079012,0
17.21984673,-83.39707184,1,22.37080765,1,5.456141949,1,2.399494648,1,0.284566194,1,-0.25147143,1,-0.71222955,0,0.07693015,0,-1.903331757,0
17.22385216,-79.6396637,1,24.66595078,1,7.688743591,1,2.255530357,1,-0.30118829,1,0.273536474,1,-0.702869236,0,0.076945186,0,-1.903264403,0
17.22785378,-73.96367645,1,24.26856232,1,9.090274811,1,1.962008119,1,-0.904720187,1,0.841794968,1,-0.694107771,0,0.076603569,0,-1.900027514,0
17.23185158,-67.95300293,1,21.53096581,1,10.61498165,1,1.462753773,1,-1.641365886,1,1.345712662,1,-0.686794937,0,0.075401053,0,-1.893401384,0
17.23585129,-63.03922653,1,18.95707512,1,10.44758129,1,0.986743987,1,-2.36464119,1,1.961384892,1,-0.681124806,0,0.073360398,0,-1.883191466,0
17.239851,-60.02426147,1,18.85599327,1,9.214200974,1,0.554792583,1,-2.968011379,1,2.578574657,1,-0.677074075,0,0.070722274,0,-1.86934936,0
17.2438488,-56.95872116,1,19.91625214,1,7.993113041,1,0.276728839,1,-3.394368172,1,3.131757736,1,-0.674286067,0,0.067927048,0,-1.852389455,0
17.24785042,-54.17358398,1,20.66492271,1,7.078082561,1,0.168768525,1,-3.67697072,1,3.556691408,1,-0.672123075,0,0.065211944,0,-1.833016872,0
17.25185204,-49.31126785,1,19.85846901,1,6.323113441,1,0.115888998,1,-3.887387037,1,3.797316313,1,-0.670214772,0,0.062512778,0,-1.812006712,0
17.25584984,-1.440562725,1,-25.10560608,1,-28.78696632,1,-2.311831236,1,-4.626455307,1,3.948286533,1,-0.671322048,0,0.059147749,0,-1.789392829,0
17.25984764,-6.212704659,1,10.08522797,1,-7.831150532,1,-3.199257374,1,-5.899253845,1,4.224628925,1,-0.682781816,0,0.052482072,0,-1.764154792,0
17.26384926,-29.15346909,1,-32.3913765,1,-10.0176754,1,-4.10678339,1,-5.300050735,1,4.36245966,1,-0.696154118,0,0.045668952,0,-1.735784411,0
17.26784706,51.39130402,1,-57.38468552,1,-57.97342682,1,-3.339393854,1,-4.833734512,1,5.094552994,1,-0.708725095,0,0.043052293,0,-1.709146976,0
17.27184677,-36.47860336,1,-122.286972,1,-72.453125,1,-7.352150917,1,-6.922475815,1,7.119627476,1,-0.728327215,0,0.040680066,0,-1.675651908,0
17.27584839,-118.4398499,1,-166.379364,1,-106.925209,1,-8.674429893,1,-5.075617313,1,8.542471886,1,-0.759959579,0,0.044386778,0,-1.63485527,0
17.27984619,-111.9429779,1,-55.59025192,1,-52.82844925,1,-8.67941761,1,-4.624094009,1,8.647443771,1,-0.792809606,0,0.055347204,0,-1.597242475,0
17.2838459,7.596549988,1,75.45832825,1,-29.08050919,1,-8.677737236,1,-4.69944334,1,8.479735374,1,-0.825263679,0,0.06781695,0,-1.560370088,0
17.28784752,11.19114304,1,73.81887817,1,-48.80436707,1,-7.360604763,1,-5.721645355,1,5.059550762,1,-0.85571456,0,0.073450133,0,-1.526024699,0
17.29184532,9.890903473,1,65.03644562,1,-27.03730965,1,-5.90242815,1,-5.152051449,1,4.9229002,1,-0.880156517,0,0.074463286,0,-1.497341633,0
17.29584503,-2.236524105,1,68.10331726,1,-18.8272171,1,-3.784816504,1,-5.219526291,1,5.250230789,1,-0.897095621,0,0.076604195,0,-1.467468858,0
17.29984665,-82.84965515,1,35.27486801,1,-16.81949234,1,-2.416140795,1,-1.878038406,1,4.411165714,1,-0.907758892,0,0.083330691,0,-1.444264531,0
17.30384445,-27.62193489,1,-1.465152025,1,18.71495247,1,-1.005218863,1,-2.146828175,1,2.565521717,1,-0.912841022,0,0.090142444,0,-1.429688811,0
17.30784416,-37.13469696,1,-3.575199842,1,0.133520022,1,-1.508273363,1,-2.467655659,1,0.292034984,1,-0.917013705,0,0.088434592,0,-1.418632865,0
17.31184578,-19.52965546,1,65.86010742,1,-11.20272636,1,-0.278828293,1,-1.510648489,1,0.415468484,1,-0.920329332,0,0.084371321,0,-1.411799073,0
17.31584358,-6.754524231,1,31.38919067,1,-14.86483574,1,0.851676822,1,-0.866603553,1,0.919082999,1,-0.918405235,0,0.083794132,0,-1.406275034,0
17.31984329,-8.180390358,1,-33.20756149,1,-6.538047314,1,0.800765216,1,-0.764109194,1,0.088917814,1,-0.914488554,0,0.083798043,0,-1.402605534,0
17.32384491,-10.98317146,1,-41.46384048,1,-7.659255981,1,-0.080532089,1,-0.990190625,1,0.359821945,1,-0.912768006,0,0.081857838,0,-1.399386525,0
17.32784271,0.630170703,1,-19.17485809,1,-12.37504578,1,-0.641077399,1,-0.856542408,1,1.277949691,1,-0.913955331,0,0.082346521,0,-1.394450426,0
17.33184242,-1.375050426,1,-5.197245121,1,-14.69890594,1,-0.655872762,1,-1.076655984,1,1.50244081,1,-0.916106045,0,0.084554389,0,-1.387938261,0
17.33584404,-8.921023369,1,-1.758931041,1,-13.11759567,1,-0.421710163,1,-1.244068146,1,1.601618409,1,-0.917696774,0,0.086599477,0,-1.380426764,0
17.33984184,-7.671330452,1,-10.36087894,1,-8.957985878,1,-0.247042552,1,-1.303461313,1,1.677566648,1,-0.918255329,0,0.088732012,0,-1.372298121,0
17.34384918,-5.97384882,1,-8.544753075,1,-9.061749458,1,-0.348333299,1,-1.333988428,1,1.718355656,1,-0.918630242,0,0.0909307,0,-1.364004493,0
17.3478508,-8.117484093,1,4.517002106,1,-9.895563126,1,-0.175714403,1,-1.366857767,1,1.70245254,1,-0.919062018,0,0.093128122,0,-1.355471373,0
17.3518486,-7.437180519,1,5.100327969,1,-10.24839783,1,0.144125521,1,-1.424840927,1,1.570888281,1,-0.918277383,0,0.094968848,0,-1.347031355,0
17.35584831,-6.592728138,1,-2.200148821,1,-11.01540756,1,0.148592114,1,-1.578946233,1,1.421237588,1,-0.916800439,0,0.096071199,0,-1.338630676,0
17.35984802,-7.172170639,1,-3.831635952,1,-11.39375782,1,0.101721734,1,-1.780084133,1,1.325490236,1,-0.915491819,0,0.096331291,0,-1.32993114,0
17.36384583,-7.646380901,1,-1.530165315,1,-13.41586685,1,0.034429047,1,-2.093106747,1,1.299770951,1,-0.914339304,0,0.09578722,0,-1.320589781,0
17.36784554,-5.370821953,1,0.466485798,1,-16.55571365,1,0.180513978,1,-2.544814587,1,1.300157547,1,-0.912883222,0,0.094231673,0,-1.310040712,0
17.37184715,-2.726134777,1,0.541215003,1,-19.75588036,1,0.33279115,1,-3.074233055,1,1.216184735,1,-0.910795569,0,0.091366127,0,-1.29803133,0
17.37584496,-2.414403439,1,-0.074252807,1,-20.76546097,1,0.458463907,1,-3.699054956,1,1.172039866,1,-0.908030212,0,0.086848386,0,-1.284404039,0
17.37984467,-4.094775677,1,-2.469534397,1,-20.43827248,1,0.6212219,1,-4.380031586,1,1.2091856,1,-0.904538929,0,0.080631427,0,-1.268738031,0
17.38384628,-4.320982933,1,-2.586377144,1,-23.09909058,1,0.758857012,1,-5.143525124,1,1.313613772,1,-0.900419712,0,0.07277865,0,-1.250617981,0
17.38784409,-5.244587898,1,-0.345203727,1,-21.93080139,1,1.009658098,1,-5.848698616,1,1.53288722,1,-0.895392656,0,0.063489646,0,-1.229814529,0
17.3918438,0.46957019,1,-7.594171047,1,-25.91745949,1,1.052152395,1,-6.773936272,1,1.824746966,1,-0.889870524,0,0.052872136,0,-1.205929875,0
17.39584541,0.238364801,1,-11.9152441,1,-28.65547562,1,1.134794235,1,-7.711724281,1,2.252021551,1,-0.884213567,0,0.040873021,0,-1.178385615,0
17.39984322,5.846539974,1,-14.74135303,1,-28.44262886,1,1.221690178,1,-8.695083618,1,2.70664072,1,-0.878405571,0,0.027631462,0,-1.146684647,0
17.40384293,4.551081657,1,-17.65891075,1,-23.5371418,1,0.985281765,1,-8.713671684,1,3.451396465,1,-0.873122215,0,0.014674027,0,-1.112138867,0
17.40784454,-0.870601475,1,-19.17994118,1,-16.46094131,1,0.273325413,1,-8.73426342,1,4.399760246,1,-0.870182931,0,0.004229499,0,-1.075325131,0
17.41184235,-5.913122654,1,-17.88102531,1,-9.153633118,1,-0.749305189,1,-8.760827065,1,5.26115036,1,-0.871115983,0,-0.003468133,0,-1.036051869,0
17.41584206,-9.511258125,1,-9.132518768,1,-2.321717739,1,-1.712929845,1,-8.784161568,1,5.848858833,1,-0.876315951,0,-0.008957505,0,-0.994876504,0
17.41984367,-13.73795986,1,-2.091635466,1,2.39544487,1,-2.387836218,1,-8.799776077,1,6.410241604,1,-0.88514173,0,-0.012429231,0,-0.952134073,0
17.42384148,-18.0246315,1,9.533124924,1,3.483639479,1,-2.145691395,1,-8.795414925,1,6.585837841,1,-0.895085633,0,-0.014286795,0,-0.908346772,0
17.42784119,-15.63255405,1,15.41764832,1,-0.544075668,1,-1.281197548,1,-8.778423309,1,6.68251133,1,-0.902720511,0,-0.015315564,0,-0.864257336,0
17.4318428,-40.26756668,1,18.61434555,1,-9.778644562,1,0.257838517,1,-8.740717888,1,5.746553421,1,-0.905726254,0,-0.017281855,0,-0.821220577,0
17.43584061,-76.38315582,1,8.644319534,1,-19.86901093,1,2.186333895,1,-8.695418358,1,4.697718143,1,-0.901625216,0,-0.022462618,0,-0.780919492,0
17.43984032,-88.2883606,1,-3.038915873,1,-23.22407532,1,3.663953543,1,-8.661458969,1,4.168701649,1,-0.873695314,0,0.041315269,0,-0.812410772,0
17.44384193,-91.98445129,1,-18.98820305,1,-25.32033539,1,4.203883648,1,-8.651865005,1,4.348736286,1,-0.85633111,0,0.031938706,0,-0.774891555,0
17.44783783,-114.5574036,1,-32.1166954,1,-25.72203827,1,4.016867161,1,-8.652779579,1,3.742122173,1,-0.838850379,0,0.021263042,0,-0.738144755,0
17.45183945,-115.3451462,1,-29.18548965,1,-22.77801132,1,3.154175997,1,-8.666777611,1,3.193575621,1,-0.823780656,0,0.008134649,0,-0.703238428,0
17.45583916,-95.69228363,1,-34.42279434,1,-15.27579594,1,2.155259132,1,-8.566859245,1,2.094149351,1,-0.812950969,0,-0.007596447,0,-0.670599341,0
17.45983696,-25.87205505,1,-52.70101166,1,-10.63457394,1,-0.383851618,1,-4.505057335,1,0.205673665,1,-0.809145689,0,-0.022830533,0,-0.648288429,0
17.46384239,-43.44415665,1,-26.67965126,1,23.62553787,1,-2.433632374,1,-6.719508171,1,1.499599814,1,-0.816211939,0,-0.034889903,0,-0.62963891,0
17.46784401,-91.67358398,1,-23.83044243,1,-31.39725494,1,-3.987395287,1,-3.643645763,1,0.31531325,1,-0.829453945,0,-0.046947043,0,-0.611317158,0
17.47184181,-43.82666779,1,-15.281394,1,-17.76539993,1,-5.370212078,1,-1.202307224,1,0.270166874,1,-0.848837554,0,-0.051850978,0,-0.604427457,0
17.47584152,-10.95835304,1,-0.003109231,1,-14.15532207,1,-5.469646454,1,-2.61044836,1,0.551518023,1,-0.87107408,0,-0.055460747,0,-0.597805798,0
17.47984314,-10.93668747,1,5.564595222,1,-15.35940647,1,-4.945132256,1,-4.464719772,1,1.23778832,1,-0.892868161,0,-0.061742365,0,-0.584821761,0
17.48384094,-20.32047653,1,12.14446831,1,-18.03251457,1,-3.829284906,1,-6.505101681,1,2.676231623,1,-0.911973238,0,-0.069307156,0,-0.562694728,0
17.48784065,-31.22228241,1,14.31317043,1,-21.8928833,1,-2.340619326,1,-7.816906929,1,3.962436914,1,-0.926676571,0,-0.076096907,0,-0.531529486,0
17.49184227,-41.14398956,1,11.72325325,1,-22.43790817,1,-0.627033412,1,-8.430104256,1,4.690813541,1,-0.935499191,0,-0.081613243,0,-0.494851768,0
17.49584007,-49.83613586,1,5.173778057,1,-23.60784721,1,0.827327728,1,-8.485783577,1,5.390809536,1,-0.938305199,0,-0.085492797,0,-0.455422044,0
17.49983978,-55.09986496,1,-2.204543352,1,-27.02151299,1,1.933519363,1,-8.12215519,1,6.178792,1,-0.936185718,0,-0.086552568,0,-0.414758354,0
17.5038414,-60.57259369,1,-10.36126137,1,-30.83182526,1,2.681685209,1,-7.528633118,1,7.009902,1,-0.930364668,0,-0.083971716,0,-0.373735666,0
17.5078392,-66.62218475,1,-21.32454109,1,-36.4568634,1,2.944530487,1,-6.833981991,1,7.584632874,1,-0.922273159,0,-0.07786639,0,-0.333002388,0
17.51183891,-65.34983826,1,-29.38017654,1,-41.57118988,1,2.717186451,1,-5.960457325,1,7.950684071,1,-0.91374135,0,-0.068696395,0,-0.293668151,0
17.51584244,-57.01464462,1,-32.70454407,1,-43.66280365,1,2.383272648,1,-5.356936455,1,8.114522934,1,-0.90590477,0,-0.057164062,0,-0.256070673,0
17.51983833,-52.41304016,1,-33.61983871,1,-44.37158966,1,1.940371752,1,-5.092547417,1,8.249250412,1,-0.899078012,0,-0.044483293,0,-0.219274625,0
17.52383804,-46.76795197,1,-35.22233582,1,-43.44137192,1,1.479011655,1,-5.070492268,1,8.317836761,1,-0.893584609,0,-0.031295795,0,-0.18269822,0
17.52784157,-46.93989182,1,-36.35426712,1,-43.02551651,1,1.026096463,1,-5.157963753,1,8.26685524,1,-0.889470398,0,-0.018359656,0,-0.145836577,0
17.53183937,-42.10781479,1,-38.0849762,1,-42.00795746,1,0.535894454,1,-5.319000244,1,8.064354897,1,-0.886812687,0,-0.006198718,0,-0.109002598,0
17.53583527,-39.80618286,1,-38.75728226,1,-41.1067276,1,0.054552183,1,-5.506980419,1,7.838942051,1,-0.885646701,0,0.004761185,0,-0.072151259,0
17.53983879,-37.56472778,1,-37.93162155,1,-40.10270309,1,-0.399118632,1,-5.730922699,1,7.510818481,1,-0.885992289,0,0.014334369,0,-0.03529555,0
17.54383659,-37.01001358,1,-36.59238434,1,-39.05331802,1,-0.791804373,1,-5.878911972,1,7.056546688,1,-0.887724221,0,0.022257248,0,0.001166303,0
17.54783821,-36.31519318,1,-35.46679688,1,-38.51037979,1,-1.102593422,1,-5.945188999,1,6.488474846,1,-0.890625,0,0.028399304,0,0.03662898,0
17.55183792,-35.65587616,1,-35.03202438,1,-38.77788544,1,-1.360135198,1,-5.881747723,1,5.836555958,1,-0.894525409,0,0.032744981,0,0.070557296,0
17.55583572,-34.10176086,1,-34.31826782,1,-38.98775482,1,-1.57177496,1,-5.754796505,1,5.155460835,1,-0.899321318,0,0.035379563,0,0.102490731,0
17.55983543,-32.74173355,1,-33.19777679,1,-39.64380646,1,-1.747043848,1,-5.5272789,1,4.475905418,1,-0.904901624,0,0.036500696,0,0.132171407,0
17.56383705,-30.90117264,1,-30.93517685,1,-40.36761856,1,-1.843217254,1,-5.250123978,1,3.785246134,1,-0.911109149,0,0.036247451,0,0.159359068,0
17.56783485,-29.10770988,1,-28.70602417,1,-40.94532776,1,-1.865648508,1,-4.907011509,1,3.1109097,1,-0.917684734,0,0.034754489,0,0.183884591,0
17.57183456,-26.52446938,1,-27.17587471,1,-41.82875061,1,-1.811771154,1,-4.524263859,1,2.471472502,1,-0.924313247,0,0.032225195,0,0.205649048,0
17.57583618,-22.57756805,1,-26.50340843,1,-42.08712387,1,-1.767595291,1,-4.162412167,1,1.912474155,1,-0.930877447,0,0.028794795,0,0.224816248,0
17.57983398,-18.65537453,1,-25.90464211,1,-41.96524429,1,-1.747520685,1,-3.859871387,1,1.441958189,1,-0.937444925,0,0.024635987,0,0.241692573,0
17.58383942,-14.88301182,1,-24.86343193,1,-41.81222534,1,-1.726602912,1,-3.580079556,1,1.080462456,1,-0.944042027,0,0.019932099,0,0.256670177,0
17.58784103,-11.40876865,1,-23.45571327,1,-41.58550262,1,-1.695148945,1,-3.334483862,1,0.803738594,1,-0.950651407,0,0.014895916,0,0.270082086,0
17.59183884,-7.970050335,1,-21.76767349,1,-41.4201355,1,-1.657249808,1,-3.098059893,1,0.596386075,1,-0.957203209,0,0.009731461,0,0.282189369,0
17.59583855,-4.657818317,1,-20.13872528,1,-41.12176132,1,-1.599441051,1,-2.845957994,1,0.452807069,1,-0.963642776,0,0.004627051,0,0.293137431,0
17.59984016,-1.137943506,1,-18.38179588,1,-40.91383743,1,-1.553491473,1,-2.540840864,1,0.340062886,1,-0.969922841,0,-0.000202343,0,0.302917987,0
17.60383797,2.785484314,1,-16.40923691,1,-40.33475494,1,-1.48370111,1,-2.142276287,1,0.241467774,1,-0.976016521,0,-0.004533918,0,0.311336696,0
17.60783768,6.513096809,1,-14.75453854,1,-39.66733551,1,-1.405172229,1,-1.61785531,1,0.132893398,1,-0.981832385,0,-0.008128823,0,0.318030179,0
17.61183929,9.20513916,1,-13.56760979,1,-37.88566971,1,-1.315420508,1,-0.887057781,1,-0.004466798,1,-0.987303615,0,-0.010712605,0,0.322390437,0
17.6158371,11.40146732,1,-12.81070137,1,-35.16592789,1,-1.245425224,1,0.083925426,1,-0.163065597,1,-0.992431819,0,-0.011900572,0,0.323601514,0
17.61983681,15.06241131,1,-12.66750717,1,-32.38327789,1,-1.200895309,1,1.221881151,1,-0.329685003,1,-0.99727118,0,-0.011324514,0,0.320896953,0
17.62383652,19.98298073,1,-12.56165314,1,-30.06801414,1,-1.215652585,1,2.449353218,1,-0.466273338,1,-1.002013683,0,-0.008723324,0,0.31386286,0
17.62783432,24.99039078,1,-12.74292469,1,-28.40062141,1,-1.27523303,1,3.733040333,1,-0.543551266,1,-1.006917596,0,-0.00381408,0,0.302342653,0
17.63183403,30.49849129,1,-13.44130516,1,-25.935112,1,-1.342529535,1,5.050684452,1,-0.544941783,1,-1.01217556,0,0.003680923,0,0.286302894,0
17.63583565,34.96003723,1,-12.16469002,1,-25.50811958,1,-1.32152915,1,6.287549019,1,-0.537401795,1,-1.017692208,0,0.013820254,0,0.265888393,0
17.63983345,33.30521393,1,-7.803915501,1,-24.20329094,1,-1.180800557,1,7.55443716,1,-0.595517933,1,-1.023226619,0,0.02636189,0,0.241149247,0
17.64383316,30.36868668,1,-3.229798079,1,-21.81726837,1,-0.773640633,1,8.691948891,1,-0.757695436,1,-1.028214097,0,0.04103937,0,0.211760625,0
17.64783478,29.07253456,1,-3.144632816,1,-19.75860214,1,-0.138880774,1,8.707377434,1,-1.069887638,1,-1.031590462,0,0.055850301,0,0.180030704,0
17.65183258,26.67730331,1,-4.586582661,1,-18.38554764,1,0.430365264,1,8.721936226,1,-1.536262989,1,-1.033001065,0,0.069280975,0,0.147385389,0
17.65583229,21.86026955,1,-3.970255852,1,-17.25745964,1,0.818038583,1,8.731973648,1,-2.102473259,1,-1.033017278,0,0.080916859,0,0.113584839,0
17.65983391,16.48106575,1,-2.540342093,1,-16.10291862,1,1.181218743,1,8.743235588,1,-2.681077242,1,-1.032038689,0,0.090630189,0,0.078548923,0
17.66383171,10.72998142,1,-2.05224824,1,-16.40830612,1,1.557925582,1,8.754927635,1,-3.303315878,1,-1.029991627,0,0.098359935,0,0.042222243,0
17.66783142,4.225725174,1,-2.344428062,1,-16.12940216,1,1.916513681,1,8.766738892,1,-3.957239628,1,-1.026848555,0,0.104001299,0,0.004516695,0
17.67183304,-0.83490169,1,-3.788248301,1,-16.80303192,1,2.190225124,1,8.774958611,1,-4.544945717,1,-1.022732377,0,0.107658431,0,-0.034530032,0
17.67583084,-5.889149666,1,-5.472546577,1,-17.54066658,1,2.315941811,1,8.780552864,1,-5.041098118,1,-1.018048406,0,0.109661877,0,-0.074733898,0
17.67983055,-11.17077923,1,-6.612989426,1,-18.37988281,1,2.361433029,1,8.783950806,1,-5.411206722,1,-1.013204098,0,0.110390306,0,-0.115866944,0
17.68383217,-15.59620857,1,-6.381549835,1,-19.68383217,1,2.410760164,1,8.785989761,1,-5.717533588,1,-1.008273602,0,0.110197753,0,-0.157720268,0
17.68782997,-19.21556091,1,-5.896710396,1,-20.7659111,1,2.497440577,1,8.789518356,1,-5.927767277,1,-1.043878794,0,0.041590273,0,-0.121006846,0
17.69182968,-21.74837875,1,-5.224942684,1,-21.90529442,1,2.657437563,1,8.793140411,1,-6.087318897,1,-1.035288811,0,0.038669042,0,-0.163541123,0
17.6958313,-23.89251709,1,-5.134552479,1,-22.66622353,1,2.859633923,1,8.798340797,1,-6.213071823,1,-1.025832176,0,0.035652209,0,-0.206402421,0
17.6998291,-25.86693954,1,-5.516693592,1,-22.46682549,1,3.013520479,1,8.802453041,1,-6.290148735,1,-1.015576363,0,0.032714877,0,-0.249518901,0
17.70383453,-27.42479706,1,-6.642949581,1,-22.59974861,1,3.095868587,1,8.8045578,1,-6.298976898,1,-1.004691124,0,0.030095806,0,-0.292761385,0
17.70783615,-28.17177391,1,-7.504368782,1,-22.0106678,1,3.140692472,1,8.804933548,1,-6.216281891,1,-0.993457913,0,0.028077807,0,-0.335951686,0
17.71183395,-27.95705223,1,-8.849951744,1,-21.20676422,1,3.118113279,1,8.802931786,1,-6.05621767,1,-0.98210448,0,0.026952684,0,-0.378891826,0
17.71583366,-27.93291664,1,-9.872448921,1,-19.80328369,1,3.041032791,1,8.799427986,1,-5.829475403,1,-0.970907927,0,0.026952358,0,-0.421396196,0
17.71983528,-28.08513641,1,-10.1516428,1,-17.78876495,1,2.9295156,1,8.796098709,1,-5.51710701,1,-0.960120261,0,0.028292958,0,-0.463276267,0
17.72383308,-28.0595932,1,-10.56689072,1,-15.04660606,1,2.816479683,1,8.791059494,1,-5.085262775,1,-0.949857056,0,0.031281792,0,-0.5042665,0
17.72783279,-28.30812073,1,-10.39568901,1,-11.70600224,1,2.728391409,1,8.786837578,1,-4.575858116,1,-0.940123081,0,0.036196578,0,-0.544110537,0
17.73183441,-28.44330215,1,-9.030187607,1,-7.908853531,1,2.710810184,1,8.782492638,1,-4.041478634,1,-0.930780113,0,0.043181602,0,-0.58264482,0
17.73583221,-27.85146141,1,-6.837247372,1,-3.847158194,1,2.753194571,1,8.779604912,1,-3.5161798,1,-0.921628118,0,0.052202582,0,-0.619845033,0
17.73983192,-26.02841949,1,-5.663745403,1,-0.174361408,1,2.877472639,1,8.779945374,1,-2.994720459,1,-0.912454009,0,0.063229002,0,-0.65569675,0
17.74383354,-24.16972351,1,-3.747810364,1,2.418718815,1,3.141328812,1,8.783016205,1,-2.52721262,1,-0.902852952,0,0.076164894,0,-0.690246105,0
17.74783135,-23.00143814,1,-1.036238432,1,4.53930521,1,3.490287781,1,8.788162231,1,-2.141376972,1,-0.892392099,0,0.090792239,0,-0.723640621,0
17.75183106,-21.50867271,1,-0.123174854,1,6.552250385,1,3.901744127,1,8.795332909,1,-1.860132813,1,-0.88081634,0,0.106833361,0,-0.756093144,0
17.75583267,-21.31352043,1,-0.953289449,1,9.403942108,1,4.257003784,1,8.800964355,1,-1.737380743,1,-0.868124783,0,0.123921424,0,-0.787887275,0
17.75983048,-18.69993782,1,4.538415432,1,7.709000587,1,4.542366505,1,8.809487343,1,-1.853958607,1,-0.854713917,0,0.141463071,0,-0.819523454,0
17.76383019,-17.17085648,1,7.712239265,1,9.358181,1,4.814290047,1,8.815573692,1,-2.171596766,1,-0.840790272,0,0.158807039,0,-0.851587415,0
17.7678299,-16.56738853,1,4.767249584,1,11.24969673,1,5.057023525,1,8.823919296,1,-2.639422178,1,-0.826537371,0,0.175407201,0,-0.884629846,0
17.77182961,-17.07877731,1,4.732651234,1,11.46521378,1,5.049204826,1,8.826954842,1,-3.205882311,1,-0.812494397,0,0.190985113,0,-0.918960929,0
17.77582932,-16.46311188,1,5.711277485,1,11.09608936,1,4.921785355,1,8.827549934,1,-3.857510328,1,-0.799640715,0,0.205247179,0,-0.954917192,0
17.77983093,-18.45350266,1,8.941432953,1,9.447937012,1,4.900990963,1,8.830828667,1,-4.556725025,1,-0.787975192,0,0.218026653,0,-0.992730021,0
17.78382874,-20.45834541,1,13.18745613,1,7.228075027,1,5.024523258,1,8.604527473,1,-5.301767349,1,-0.776977003,0,0.229029283,0,-1.032444119,0
17.78782654,-22.37144279,1,15.4661274,1,5.259085178,1,5.266617775,1,8.063097,1,-6.049768925,1,-0.765806317,0,0.237083495,0,-1.073058128,0
17.79182816,-25.5960331,1,16.99691391,1,3.615668535,1,5.576706409,1,7.557871342,1,-6.72038126,1,-0.753913641,0,0.242091343,0,-1.114284277,0
17.79582596,-28.02834702,1,16.20617104,1,2.07639432,1,5.884934425,1,7.136404037,1,-7.294181824,1,-0.74102515,0,0.244581819,0,-1.15606451,0
17.79982567,-30.33565712,1,13.79322433,1,0.231662497,1,6.04652977,1,6.6947999,1,-7.771162987,1,-0.727341354,0,0.244897306,0,-1.198260784,0
17.80382729,-33.68709564,1,9.473218918,1,-2.138104916,1,6.023002625,1,6.254776478,1,-8.064450264,1,-0.713344693,0,0.243429124,0,-1.24042058,0
17.80782509,-38.57579803,1,5.740113735,1,-4.836509705,1,5.758254051,1,5.884207249,1,-8.151408195,1,-0.699695766,0,0.240779996,0,-1.282086492,0
17.8118248,-44.47589493,1,2.904603004,1,-6.840519905,1,5.219006062,1,5.674879551,1,-8.055710793,1,-0.687355697,0,0.237757117,0,-1.322961688,0
17.81582642,-50.74277496,1,0.845039845,1,-8.448793411,1,4.496220112,1,5.627633572,1,-7.794685841,1,-0.677257776,0,0.235263243,0,-1.36292696,0
17.81982422,-57.84257507,1,0.374660164,1,-9.905129433,1,3.71173358,1,5.750919819,1,-7.444264412,1,-0.669920921,0,0.234004766,0,-1.401998639,0
17.82382393,-63.3394165,1,2.176138639,1,-10.30895329,1,2.986701727,1,6.032235622,1,-7.013469219,1,-0.665459156,0,0.234584942,0,-1.440343261,0
17.82783127,-66.68701172,1,6.852962971,1,-10.21009541,1,2.519928455,1,6.319766045,1,-6.456140995,1,-0.663316309,0,0.237442255,0,-1.477851033,0
17.83183479,-68.90833282,1,12.80092716,1,-8.5374403,1,2.423362494,1,6.506913185,1,-5.808115005,1,-0.662155747,0,0.242566481,0,-1.514055371,0
17.8358345,-71.65065765,1,18.7166214,1,-7.550137997,1,2.650166512,1,6.453442574,1,-5.098517895,1,-0.660391808,0,0.249655053,0,-1.548232913,0
17.83983803,-74.16087341,1,21.49478149,1,-5.496791363,1,3.060660124,1,6.169351101,1,-4.310296535,1,-0.656880796,0,0.258097142,0,-1.579654098,0
17.84383583,-77.34972382,1,21.38494492,1,-3.196535826,1,3.381424427,1,5.640958309,1,-3.370774508,1,-0.651082873,0,0.267525196,0,-1.607206941,0
17.84783554,-80.04994202,1,17.14373016,1,-0.640998244,1,3.427360773,1,4.942379475,1,-2.350526094,1,-0.643519938,0,0.277526677,0,-1.629974127,0
17.85183716,-81.05400848,1,12.26531982,1,1.038639069,1,3.221880674,1,4.014035225,1,-1.314389467,1,-0.634976268,0,0.287586987,0,-1.647244453,0
17.85583496,-83.91611481,1,11.0976944,1,2.292858124,1,2.835402489,1,2.958771229,1,-0.436154366,1,-0.626162291,0,0.296814084,0,-1.65874362,0
17.85983467,-86.60887146,1,13.4729023,1,2.905572891,1,2.451315641,1,1.917688489,1,0.246871129,1,-0.617427111,0,0.304529786,0,-1.664943576,0
17.86383629,-88.15460205,1,17.26010513,1,4.222244263,1,2.164195061,1,1.013750792,1,0.755451322,1,-0.608766794,0,0.310460597,0,-1.666694164,0
17.86783409,-88.04582214,1,20.4615593,1,6.736913681,1,1.992563486,1,0.244470671,1,1.094646096,1,-0.599920332,0,0.314649612,0,-1.664951921,0
17.8718338,-85.46466064,1,20.7338047,1,9.261976242,1,1.802240252,1,-0.471181393,1,1.372509956,1,-0.59088546,0,0.317053735,0,-1.660390615,0
17.87583351,-80.48987579,1,18.8979187,1,11.8922224,1,1.543687224,1,-1.185083747,1,1.66386807,1,-0.581923366,0,0.317626953,0,-1.653149247,0
17.87983131,-73.97517395,1,15.70985031,1,13.63086224,1,1.166817307,1,-1.930251122,1,2.092041969,1,-0.573302686,0,0.316511124,0,-1.642987251,0
17.88383102,-66.98961639,1,14.06293201,1,13.96672916,1,0.714043379,1,-2.742065907,1,2.592621803,1,-0.56533432,0,0.313704073,0,-1.629388571,0
17.88783264,-61.1911087,1,15.01056194,1,13.40002346,1,0.343378901,1,-3.51210022,1,3.027015448,1,-0.558034599,0,0.309109092,0,-1.612350464,0
17.89183044,-58.1187706,1,16.2215786,1,12.81208038,1,0.093442403,1,-4.156789303,1,3.309498072,1,-0.551221788,0,0.302728832,0,-1.592526674,0
17.89583015,-55.1224823,1,16.05155182,1,12.63087368,1,-0.092981271,1,-4.6493783,1,3.456638575,1,-0.544841588,0,0.294739664,0,-1.570798993,0
17.89983177,-48.71798706,1,14.65497589,1,12.71394348,1,-0.28429839,1,-5.087391376,1,3.452406883,1,-0.53902173,0,0.285159528,0,-1.547926307,0
17.90382958,-40.29903793,1,11.80356026,1,13.01797962,1,-0.559778571,1,-5.525703907,1,3.367895126,1,-0.534189582,0,0.273912549,0,-1.524436474,0
17.90782929,-30.54910278,1,7.41152668,1,12.31328869,1,-1.000821471,1,-5.994320869,1,3.247677088,1,-0.530925214,0,0.260784298,0,-1.50050807,0
17.9118309,47.10503387,1,0.403372735,1,-19.52538681,1,-2.609925508,1,-6.897099972,1,3.156766653,1,-0.532453418,0,0.24508968,0,-1.475174785,0
17.91582871,-29.65193939,1,-24.91942787,1,-1.273456216,1,-3.336813927,1,-8.260214806,1,3.653862715,1,-0.536044478,0,0.226105511,0,-1.447427034,0
17.91982842,22.01677704,1,-85.91507721,1,-53.56790161,1,-3.19965744,1,-6.220965862,1,5.457449436,1,-0.543668687,0,0.209448844,0,-1.416598082,0
17.92383003,-56.35786438,1,-187.4835052,1,-85.73692322,1,-8.650824547,1,-6.159502029,1,6.954103947,1,-0.557881236,0,0.201566443,0,-1.380118489,0
17.92782784,-201.9920807,1,-198.9401093,1,-102.8114548,1,-8.693713188,1,-2.952388763,1,7.389523983,1,-0.586056292,0,0.200737894,0,-1.34744668,0
17.93182755,-75.7588501,1,3.777282,1,-54.19560623,1,-8.70676899,1,-2.353845596,1,8.663907051,1,-0.613926172,0,0.211207256,0,-1.313456535,0
17.93582916,13.33419037,1,56.09370041,1,-90.35845947,1,-8.675329208,1,-3.544888258,1,5.60130024,1,-0.64134872,0,0.218802378,0,-1.279158831,0
17.93982697,28.76370621,1,106.4652023,1,-26.40803909,1,-8.470056534,1,-3.200798273,1,3.739607096,1,-0.708381772,0,0.22202079,0,-1.38823998,0
17.94382668,15.43828106,1,132.2603607,1,-41.74468994,1,-4.678962231,1,-5.090328217,1,5.567382336,1,-0.728295863,0,0.220579728,0,-1.361594796,0
17.94783974,-66.8345108,1,88.89154053,1,-10.61702251,1,-1.92431426,1,-2.580737591,1,5.173480988,1,-0.735764861,0,0.224520549,0,-1.334546089,0
17.95185089,-34.4275589,1,0.854964852,1,13.97544479,1,-0.188908979,1,-2.838466644,1,2.303339005,1,-0.734901786,0,0.226850614,0,-1.315171123,0
17.95585632,-32.3131752,1,-2.998309374,1,7.835246086,1,-0.524480522,1,-2.602240801,1,-0.180755287,1,-0.734406054,0,0.221064061,0,-1.305125713,0
17.95985603,-17.52424622,1,64.95250702,1,-10.4836607,1,0.703874946,1,-1.738468528,1,0.03729479,1,-0.733175874,0,0.21412082,0,-1.299630761,0
17.96385574,-6.200572968,1,34.44998932,1,-9.219226837,1,1.842389703,1,-0.964064598,1,0.157702476,1,-0.727022052,0,0.210672289,0,-1.295402288,0
17.96785355,-10.537817,1,-29.88929939,1,-5.632991791,1,1.818120122,1,-0.829933941,1,-0.76450783,1,-0.719096363,0,0.207303911,0,-1.294122696,0
17.97185516,-8.366508484,1,-42.56853104,1,-8.797988892,1,0.959764957,1,-1.005696535,1,-0.157641798,1,-0.713268876,0,0.202987462,0,-1.293346167,0
17.97585297,-0.637142241,1,-33.94891739,1,-9.818193436,1,0.123419516,1,-1.016921759,1,0.9135741,1,-0.71042335,0,0.201023325,0,-1.289391518,0
17.97985268,0.612491786,1,-20.92631149,1,-12.65587044,1,-0.422256589,1,-1.163574934,1,1.424634218,1,-0.709805608,0,0.200851455,0,-1.282860518,0
17.98385429,-9.933828354,1,-5.310227871,1,-11.44287872,1,-0.449232906,1,-1.419262409,1,1.730788589,1,-0.709937811,0,0.201074451,0,-1.274455905,0
17.9878521,-9.64984417,1,-11.60058689,1,-9.58716011,1,-0.399746001,1,-1.535749078,1,1.713453889,1,-0.709796369,0,0.201091319,0,-1.265151143,0
17.99185181,-3.186978102,1,-5.529477596,1,-10.72080517,1,-0.36822769,1,-1.690484166,1,1.754216552,1,-0.709449232,0,0.200708479,0,-1.255547404,0
17.99585342,-4.715920448,1,6.550073147,1,-13.28364086,1,-0.056889426,1,-1.827389002,1,1.672866464,1,-0.7083233,0,0.199873716,0,-1.245499849,0
17.99985123,-7.317631245,1,5.724729061,1,-14.64271832,1,0.224803388,1,-2.107349396,1,1.39672935,1,-0.706015587,0,0.197942495,0,-1.235530972,0
18.00385094,-7.479932785,1,2.216800928,1,-16.33967018,1,0.39431715,1,-2.465323687,1,1.154206038,1,-0.702776849,0,0.194259495,0,-1.225566983,0
18.00785255,-4.899452209,1,-1.322301984,1,-18.86029243,1,0.445398778,1,-2.990260601,1,1.035900712,1,-0.699129105,0,0.188788533,0,-1.215047002,0
18.01185036,-3.865989923,1,-0.473356783,1,-22.39995003,1,0.602662385,1,-3.761228561,1,1.00862205,1,-0.69482559,0,0.181071088,0,-1.203061342,0
18.01585007,-0.588880599,1,1.127227902,1,-27.16417694,1,0.847124994,1,-4.638188839,1,0.997468531,1,-0.689543426,0,0.170735151,0,-1.18907547,0
18.01985169,2.947065353,1,-3.510292292,1,-29.20192719,1,1.002817512,1,-5.676961422,1,1.01333487,1,-0.683114409,0,0.157325134,0,-1.172721505,0
18.02384949,-0.328969479,1,-5.363513947,1,-32.3255806,1,1.001579523,1,-6.874159813,1,1.167863846,1,-0.676275074,0,0.140523851,0,-1.15341866,0
18.0278492,0.973243117,1,-5.346927643,1,-28.09158134,1,1.178358197,1,-7.930277824,1,1.505695105,1,-0.668943763,0,0.120690949,0,-1.130618334,0
18.03185082,0.911276817,1,-10.69092464,1,-30.26172638,1,1.311470032,1,-8.698405266,1,2.168441772,1,-0.661062062,0,0.098617002,0,-1.103844643,0
18.03584862,-1.662694812,1,-14.86493206,1,-28.195364,1,1.364433169,1,-8.702139854,1,2.939727306,1,-0.653012693,0,0.077240892,0,-1.074464202,0
18.03984833,-1.76281178,1,-21.02329254,1,-18.52829933,1,0.821928322,1,-8.719249725,1,3.937578201,1,-0.646335125,0,0.057760641,0,-1.042436123,0
18.04384995,-7.324479103,1,-19.68562317,1,-9.267148972,1,-0.197324947,1,-8.748622894,1,5.310998917,1,-0.643266678,0,0.040937904,0,-1.006627798,0
18.04784775,-15.24394608,1,-8.704296112,1,0.134742185,1,-1.154959083,1,-8.775541306,1,6.524037838,1,-0.644699514,0,0.027141238,0,-0.966596425,0
18.05184746,-16.96022415,1,4.53937006,1,9.402126312,1,-1.540346622,1,-8.78875351,1,7.558155537,1,-0.649340034,0,0.016107317,0,-0.922906876,0
18.05584717,-28.26620293,1,16.46637726,1,10.2207737,1,-0.856419623,1,-8.779004097,1,8.2290411,1,-0.653781056,0,0.007432559,0,-0.87634325,0
18.05984497,-30.66724586,1,22.58757782,1,3.700068474,1,0.456773371,1,-8.752806664,1,8.439818382,1,-0.654572845,0,-3.83E-05,0,-0.828475595,0
18.06384468,-64.50319672,1,21.76259232,1,-6.226938248,1,2.345837116,1,-8.709434509,1,7.948523045,1,-0.649373829,0,-0.00777017,0,-0.781063557,0
18.06785393,-114.0660782,1,11.71509457,1,-20.03829002,1,4.291552544,1,-8.666270256,1,7.274576664,1,-0.636423111,0,-0.017360741,0,-0.735936642,0
18.07185745,-127.2509613,1,-10.70606422,1,-20.83938217,1,5.215234756,1,-8.646317482,1,7.194104671,1,-0.618193388,0,-0.028435811,0,-0.692233443,0
18.07585716,-132.190506,1,-30.26317215,1,-18.00296402,1,5.454434872,1,-8.640602112,1,6.805239677,1,-0.598307788,0,-0.040721375,0,-0.649357557,0
18.07985878,-129.2153015,1,-29.06370544,1,-14.07957363,1,4.899159908,1,-8.649665833,1,6.331512451,1,-0.579159915,0,-0.054881357,0,-0.608261585,0
18.08385658,-109.3555145,1,-32.58099747,1,-7.902828693,1,3.419991732,1,-8.673532486,1,5.405024052,1,-0.564723194,0,-0.071318999,0,-0.569709659,0
18.08785629,-50.52754211,1,-53.56419373,1,-3.829250336,1,-0.175822705,1,-6.953541279,1,4.705070972,1,-0.560285091,0,-0.088895485,0,-0.535518646,0
18.09185791,-92.14006805,1,-22.73783684,1,22.10268974,1,-0.928286254,1,-8.760214806,1,4.349313259,1,-0.566140771,0,-0.106398046,0,-0.501914203,0
18.09585571,-118.2415237,1,-36.32970428,1,-32.78835678,1,-3.469497204,1,-4.325877666,1,2.912821531,1,-0.578239977,0,-0.121859387,0,-0.475082755,0
18.09985542,-61.23858261,1,-27.68593597,1,-18.91828537,1,-5.162758827,1,-1.670922875,1,2.531300306,1,-0.59759593,0,-0.124385603,0,-0.460255086,0
18.10385704,-26.7038517,1,-14.30556393,1,-17.49913406,1,-5.852702141,1,-3.109373093,1,2.759128571,1,-0.62151897,0,-0.125891641,0,-0.446291238,0
18.10785484,-30.16351509,1,-8.67899704,1,-22.16509628,1,-5.880834103,1,-5.481973648,1,3.371901989,1,-0.647732496,0,-0.132497489,0,-0.4263179,0
18.11185455,-40.69343567,1,1.278782964,1,-28.90316963,1,-5.390124798,1,-7.795327187,1,4.831865311,1,-0.674449563,0,-0.143522903,0,-0.396764755,0
18.11585617,-47.19387436,1,5.527336121,1,-32.26635742,1,-4.104246616,1,-8.832879066,1,5.836175442,1,-0.699446201,0,-0.156084225,0,-0.358108938,0
18.11985397,-54.64569855,1,3.253554344,1,-31.49084663,1,-2.409673929,1,-8.800773621,1,6.278816223,1,-0.719232202,0,-0.167011753,0,-0.316164315,0
18.12385368,-60.01795578,1,-4.576788902,1,-33.05195999,1,-0.918251991,1,-8.772089958,1,6.735317707,1,-0.733198643,0,-0.176022381,0,-0.272767842,0
18.1278553,-61.29626465,1,-13.60660553,1,-36.90350723,1,0.174810976,1,-8.753883362,1,7.405991554,1,-0.742670178,0,-0.182923198,0,-0.227544636,0
18.1318531,-69.95385742,1,-21.62267113,1,-39.89422607,1,0.957346082,1,-8.742242813,1,8.131214142,1,-0.749080539,0,-0.187505573,0,-0.180141896,0
18.13585281,-84.03517151,1,-31.62013245,1,-47.59122086,1,1.353875756,1,-8.735650063,1,8.447939873,1,-0.753518045,0,-0.190367922,0,-0.13113597,0
18.13985252,-80.8616333,1,-36.6035347,1,-53.79914093,1,1.379235268,1,-8.049803734,1,8.612786293,1,-0.757395864,0,-0.191663459,0,-0.081983112,0
18.14385223,-69.36649323,1,-35.67070389,1,-55.73343658,1,1.552672505,1,-7.052967072,1,8.504688263,1,-0.760361671,0,-0.189917281,0,-0.035642926,0
18.14785194,-62.99385071,1,-32.76675034,1,-56.9926033,1,1.783653855,1,-6.51188612,1,8.381017685,1,-0.761887014,0,-0.186302245,0,0.008343164,0
18.15185165,-59.4290657,1,-33.08765793,1,-55.39330673,1,2.055621386,1,-6.120449066,1,8.259040833,1,-0.76193738,0,-0.181592643,0,0.050559573,0
18.15584946,-53.83792496,1,-36.98235321,1,-53.35993958,1,2.171411753,1,-5.763644218,1,8.217076302,1,-0.760701895,0,-0.17606023,0,0.091419868,0
18.15984917,-49.8309288,1,-39.5501442,1,-51.0334549,1,2.150399446,1,-5.547204018,1,8.093235016,1,-0.758827686,0,-0.170000553,0,0.13121596,0
18.16385078,-48.15815353,1,-41.88272858,1,-48.6316185,1,1.897815824,1,-5.417615891,1,8.051911354,1,-0.757164538,0,-0.163752794,0,0.170298666,0
18.16784859,-44.39710617,1,-43.29193497,1,-47.01272583,1,1.469286442,1,-5.340846539,1,7.968374729,1,-0.756547451,0,-0.157386363,0,0.20887813,0
18.1718483,-41.46773911,1,-43.57399368,1,-46.25355911,1,0.95205611,1,-5.350584984,1,7.835021496,1,-0.757563412,0,-0.151220292,0,0.246990979,0
18.17584992,-40.24279404,1,-42.38792419,1,-46.01322174,1,0.397491783,1,-5.283039093,1,7.589018345,1,-0.760427594,0,-0.145406768,0,0.284447968,0
18.17984772,-37.89743042,1,-40.78007126,1,-46.46483994,1,-0.078287102,1,-5.202192783,1,7.184460163,1,-0.764970481,0,-0.140139937,0,0.320694447,0
18.18384743,-35.95648193,1,-38.92916489,1,-46.95470428,1,-0.476915359,1,-5.071657181,1,6.699484825,1,-0.7708534,0,-0.13561888,0,0.355266571,0
18.18785667,-34.13036346,1,-37.46258163,1,-47.17616272,1,-0.808314085,1,-4.901493549,1,6.148547649,1,-0.852096379,0,-0.142972425,0,0.379908293,0
18.1918602,-31.18274307,1,-36.85201263,1,-48.4839859,1,-1.085320473,1,-4.70131588,1,5.576653957,1,-0.860120118,0,-0.137829214,0,0.410067201,0
18.19585991,-26.82789993,1,-35.51868439,1,-48.76966858,1,-1.331952214,1,-4.518822193,1,4.971467018,1,-0.868746698,0,-0.133751541,0,0.438043326,0
18.19986153,-23.07555962,1,-34.24793243,1,-49.00924301,1,-1.557483196,1,-4.331827164,1,4.374951839,1,-0.877939343,0,-0.130791336,0,0.463840067,0
18.20385933,-19.79603386,1,-32.6465683,1,-49.12964249,1,-1.718706131,1,-4.121939659,1,3.78557682,1,-0.887552679,0,-0.128944457,0,0.487479746,0
18.20785904,-16.29319382,1,-31.04851341,1,-48.90316391,1,-1.824713469,1,-3.892643929,1,3.196177959,1,-0.897418082,0,-0.12813586,0,0.508888721,0
18.21186066,-12.75468826,1,-29.56795883,1,-48.77274323,1,-1.889956713,1,-3.64649272,1,2.618061066,1,-0.907305777,0,-0.128363714,0,0.528083146,0
18.21585846,-9.195498466,1,-28.36297226,1,-48.65057755,1,-1.924501538,1,-3.404692888,1,2.071675539,1,-0.917124271,0,-0.129580468,0,0.545116365,0
18.21985817,-5.54206419,1,-26.62125397,1,-48.26978302,1,-1.956918597,1,-3.143987179,1,1.540069938,1,-0.92683953,0,-0.131761208,0,0.560047865,0
18.22385979,-2.004803658,1,-24.85559845,1,-47.70688629,1,-1.966826916,1,-2.807132959,1,1.032147765,1,-0.936391532,0,-0.134753466,0,0.572796881,0
18.22785759,1.191848516,1,-23.05433464,1,-46.75624084,1,-1.948384166,1,-2.338789463,1,0.537534833,1,-0.945627034,0,-0.138308123,0,0.583087862,0
18.2318573,4.676880836,1,-21.17087555,1,-45.53071594,1,-1.889636397,1,-1.682167053,1,0.051367488,1,-0.954344511,0,-0.142059177,0,0.59042412,0
18.23585892,9.366739273,1,-19.80567551,1,-43.6316452,1,-1.80546236,1,-0.823185205,1,-0.426367998,1,-0.962278962,0,-0.145566627,0,0.594184637,0
18.23985672,15.86342716,1,-18.23112679,1,-41.3863678,1,-1.689743638,1,0.175227225,1,-0.924672604,1,-0.969194829,0,-0.148553357,0,0.593704522,0
18.24385452,23.31001854,1,-18.3724556,1,-39.00740051,1,-1.604734063,1,1.278053999,1,-1.344100833,1,-0.975020349,0,-0.150707453,0,0.588689208,0
18.24785614,29.95310593,1,-18.39705086,1,-37.59213257,1,-1.568766952,1,2.443588734,1,-1.684931159,1,-0.979896724,0,-0.151594505,0,0.579031169,0
18.25185394,36.70942307,1,-20.19532585,1,-37.10224533,1,-1.631514788,1,3.652656078,1,-1.90882957,1,-0.984120667,0,-0.150843918,0,0.564739943,0
18.25585365,42.07180786,1,-22.84862709,1,-36.68804169,1,-1.702733636,1,4.98247385,1,-1.970739126,1,-0.987998724,0,-0.147829667,0,0.545863688,0
18.25985527,46.02688599,1,-18.8189373,1,-37.01468277,1,-1.585025549,1,6.316101551,1,-1.996824503,1,-0.991252303,0,-0.142029569,0,0.522373497,0
18.26385307,39.76260376,1,-9.259311676,1,-36.8201828,1,-1.15121448,1,7.744893074,1,-2.232297897,1,-0.99293077,0,-0.133713171,0,0.494038135,0
18.26785278,35.57986832,1,-5.040180206,1,-36.61462784,1,-0.268449575,1,8.713007927,1,-2.684302092,1,-0.991575062,0,-0.123620026,0,0.460355759,0
18.2718544,33.66059875,1,-7.365470886,1,-35.51963806,1,0.746112585,1,8.737872124,1,-3.246811152,1,-0.986278951,0,-0.114325866,0,0.424442321,0
18.2758522,23.31199837,1,-7.779385567,1,-32.57948685,1,1.273198009,1,8.753341675,1,-3.940623522,1,-0.978014648,0,-0.106830887,0,0.387156188,0
18.27985191,13.31985283,1,-6.508769512,1,-28.19111824,1,1.637121797,1,8.763624191,1,-4.683146,1,-0.968168557,0,-0.101380236,0,0.348276138,0
18.28385353,8.469942093,1,-5.646538258,1,-25.84445763,1,2.008105278,1,8.776286125,1,-5.374120712,1,-0.956841707,0,-0.097859263,0,0.307778448,0
18.28785133,3.917643547,1,-7.430510521,1,-24.56003189,1,2.220665455,1,8.783917427,1,-5.977161884,1,-0.944277406,0,-0.095943667,0,0.265789092,0
18.29185104,-1.419598222,1,-9.550403595,1,-24.12600136,1,2.251313448,1,8.786809921,1,-6.454823494,1,-0.931165814,0,-0.095220268,0,0.222531885,0
18.29585266,-8.733994484,1,-10.65165043,1,-23.87452888,1,2.157363892,1,8.787270546,1,-6.804446697,1,-0.918116927,0,-0.09525691,0,0.178279921,0
18.29985046,-17.14863777,1,-10.25266838,1,-23.82452583,1,2.029417038,1,8.786955833,1,-7.023033142,1,-0.905463278,0,-0.095615566,0,0.13334167,0
18.30385017,-23.08435249,1,-8.698541641,1,-26.19689941,1,1.986445189,1,8.786755562,1,-7.201368332,1,-0.893120289,0,-0.096020855,0,0.087919816,0
18.30785751,-28.63109589,1,-7.971189499,1,-27.67046547,1,2.054404259,1,8.788525581,1,-7.341893673,1,-0.880673349,0,-0.096353278,0,0.042089615,0
18.31186104,-33.65763855,1,-8.486803055,1,-28.37469864,1,2.169358253,1,8.792157173,1,-7.408414841,1,-0.867802262,0,-0.096432745,0,-0.004027998,0
18.31586266,-39.25825119,1,-8.578164101,1,-30.03554916,1,2.265288353,1,8.793049812,1,-7.411876678,1,-0.854432046,0,-0.095995761,0,-0.050228003,0
18.31986237,-42.15175247,1,-10.08392143,1,-29.29091072,1,2.332270145,1,8.795499802,1,-7.381593227,1,-0.840842724,0,-0.094922148,0,-0.096406072,0
18.32386017,-43.07275391,1,-11.77288151,1,-28.0668602,1,2.398155928,1,8.796550751,1,-7.233727932,1,-0.827075601,0,-0.092951253,0,-0.142324895,0
18.32785988,-43.34807205,1,-14.06820869,1,-27.05604172,1,2.408689976,1,8.79446888,1,-6.987315178,1,-0.813306928,0,-0.089768559,0,-0.187652454,0
18.3318615,-43.43104553,1,-16.26709366,1,-26.36270142,1,2.319622993,1,8.78954792,1,-6.664400101,1,-0.79989934,0,-0.085158922,0,-0.232118472,0
18.3358593,-43.01740265,1,-18.20980453,1,-24.68635941,1,2.158670425,1,8.783699989,1,-6.260409355,1,-0.787370086,0,-0.078966826,0,-0.275474846,0
18.33985901,-42.66419983,1,-19.50767899,1,-23.24345779,1,1.947724462,1,8.777312279,1,-5.743032455,1,-0.776009083,0,-0.070961826,0,-0.317382634,0
18.34386063,-43.40698624,1,-20.29640007,1,-21.0138073,1,1.777873039,1,8.770201683,1,-5.174577236,1,-0.76591295,0,-0.061016217,0,-0.357597589,0
18.34785843,-43.40179062,1,-20.32462311,1,-18.22663307,1,1.690197825,1,8.763824463,1,-4.546969891,1,-0.75689131,0,-0.049056452,0,-0.395936042,0
18.35185814,-43.04873657,1,-19.41705704,1,-14.2517395,1,1.763317227,1,8.762091637,1,-3.865866184,1,-0.748503923,0,-0.034991127,0,-0.432222784,0
18.35585976,-41.8153038,1,-16.95132637,1,-9.392829895,1,2.034837008,1,8.76214695,1,-3.177271366,1,-0.740048528,0,-0.018742736,0,-0.466327518,0
18.35985756,-39.9961853,1,-11.8214941,1,-4.377998829,1,2.557036161,1,8.771026611,1,-2.604011297,1,-0.730614841,0,-0.000468671,0,-0.498396277,0
18.36385536,-37.76483917,1,-6.048555851,1,0.51487571,1,3.340406895,1,8.785010338,1,-2.210588694,1,-0.719168663,0,0.019466095,0,-0.528841436,0
18.36785698,-35.20079041,1,-0.823219597,1,3.866188765,1,4.344227791,1,8.804814339,1,-2.053848267,1,-0.70470345,0,0.040556628,0,-0.558254004,0
18.37185478,-32.96681976,1,2.113151312,1,7.749696255,1,5.351498127,1,8.825653076,1,-2.071970701,1,-0.686778367,0,0.06234736,0,-0.587206006,0
18.37585449,-29.44825172,1,1.883596301,1,11.35922718,1,6.269848824,1,8.846089363,1,-2.162774801,1,-0.665621161,0,0.08461944,0,-0.61599946,0
18.37985611,-26.38059998,1,-1.660803676,1,13.5197401,1,6.932526112,1,8.861142159,1,-2.358848333,1,-0.641893148,0,0.107244447,0,-0.644831777,0
18.38385391,-25.41182899,1,-7.719225407,1,15.0585022,1,7.133002281,1,8.86682415,1,-2.648463964,1,-0.617066681,0,0.13002643,0,-0.673983812,0
18.38785362,-23.49560928,1,-6.177304745,1,13.32626152,1,6.739090443,1,8.86210537,1,-3.199372768,1,-0.593474865,0,0.152597308,0,-0.703984737,0
18.39185524,-20.7164402,1,1.374190092,1,13.30239868,1,6.326568127,1,8.858409882,1,-3.91881156,1,-0.572549343,0,0.174387008,0,-0.735748231,0
18.39585304,-21.70541763,1,1.026763082,1,13.9568882,1,6.149085045,1,8.859367371,1,-4.816791534,1,-0.554017961,0,0.195035949,0,-0.770004332,0
18.39985275,-28.36691666,1,9.604989052,1,9.458960533,1,6.199314594,1,8.866009712,1,-5.874290466,1,-0.536960065,0,0.214265481,0,-0.80743593,0
18.40385437,-31.11661339,1,15.78000832,1,6.554225445,1,6.466870785,1,8.878432274,1,-6.969712257,1,-0.520791531,0,0.231940866,0,-0.848551571,0
18.40785217,-34.55559158,1,19.66455841,1,5.020538807,1,6.924503326,1,8.895033836,1,-8.009613991,1,-0.504716039,0,0.248202831,0,-0.893413961,0
18.41185188,-35.41556168,1,21.63577461,1,4.497609615,1,7.550504684,1,8.481850624,1,-8.589221954,1,-0.487872481,0,0.263112038,0,-0.941171825,0
18.4158535,-36.3265686,1,21.07530594,1,2.672724724,1,8.096693993,1,7.406777859,1,-8.594979286,1,-0.468990475,0,0.275513828,0,-0.988016367,0
18.4198513,-37.11532211,1,16.7511158,1,0.04344761,1,8.311912537,1,6.25694418,1,-8.603381157,1,-0.448429257,0,0.284800589,0,-1.032714963,0
18.42385101,-41.24443054,1,10.87718487,1,-3.045063257,1,8.054379463,1,5.066356182,1,-8.612774849,1,-0.427646667,0,0.290695071,0,-1.075251222,0
18.42785835,-51.42533112,1,4.201153278,1,-6.176084995,1,7.330558777,1,4.075741291,1,-8.622676849,1,-0.408476114,0,0.293347239,0,-1.115870237,0
18.43186188,-67.29698944,1,-2.57177949,1,-9.792117119,1,6.358617306,1,3.435998678,1,-8.630673409,1,-0.392422199,0,0.293647408,0,-1.155148506,0
18.43586159,-86.62324524,1,-4.717418194,1,-12.99001122,1,5.143901348,1,3.304289341,1,-8.636915207,1,-0.380554795,0,0.293010175,0,-1.193820477,0
18.43986511,-101.3353958,1,-1.913567066,1,-13.81635761,1,3.888370752,1,3.577210188,1,-8.614988327,1,-0.911267161,0,-0.029499726,0,-1.328457355,0
18.44386292,-108.2859344,1,4.997282982,1,-11.91379642,1,2.93619132,1,3.982709885,1,-8.11706543,1,-0.896485507,0,-0.046460204,0,-1.361122847,0
18.44785881,-111.8634109,1,12.68727779,1,-10.00560093,1,2.523310661,1,4.245543003,1,-7.484788895,1,-0.883970439,0,-0.060372476,0,-1.393635154,0
18.45186234,-114.9718704,1,20.79736137,1,-7.324987411,1,2.401218653,1,4.426916599,1,-6.545354366,1,-0.872183979,0,-0.070959024,0,-1.424947262,0
18.45586014,-109.4816513,1,26.04685211,1,-1.130714417,1,2.701594591,1,4.102359772,1,-5.16527319,1,-0.859918177,0,-0.077717111,0,-1.453391075,0
18.45985985,-102.9001617,1,28.41381836,1,3.621489286,1,3.128002405,1,3.141255617,1,-3.549512863,1,-0.846479654,0,-0.08123821,0,-1.475960612,0
18.46386147,-100.8761826,1,32.14734268,1,7.422127247,1,3.430360079,1,1.984950781,1,-1.918659329,1,-0.832069874,0,-0.082534887,0,-1.490912437,0
18.46785927,-100.1148682,1,32.97511673,1,8.79940033,1,3.494334698,1,0.849642217,1,-0.508050799,1,-0.817539632,0,-0.08224038,0,-1.498312593,0
18.47185898,-99.73862457,1,31.8099575,1,10.74427223,1,3.267617702,1,0.071523376,1,0.656479001,1,-0.803852856,0,-0.08078149,0,-1.499345899,0
18.4758606,-101.054718,1,27.89922523,1,12.26112747,1,2.588695288,1,-0.579875231,1,1.513501048,1,-0.792440295,0,-0.078434207,0,-1.495471478,0
18.4798584,-97.64051056,1,24.31122971,1,12.63524055,1,1.804026484,1,-0.960088849,1,2.28234601,1,-0.784221292,0,-0.075226732,0,-1.487869024,0
18.48385811,-91.11682129,1,24.67537308,1,12.82124138,1,1.104979038,1,-1.329723716,1,2.955812693,1,-0.779231548,0,-0.07107617,0,-1.477188706,0
18.48785973,-82.09317017,1,25.90546036,1,13.33109283,1,0.582466066,1,-1.732898355,1,3.650654078,1,-0.776832938,0,-0.066170298,0,-1.46346128,0
18.49185753,-72.49229431,1,25.21943474,1,12.41334915,1,0.268882543,1,-2.339077234,1,4.384242058,1,-0.77632159,0,-0.060602739,0,-1.446290851,0
18.49585724,-62.48934555,1,24.42929077,1,12.28193188,1,0.007971123,1,-2.904177904,1,4.893005848,1,-0.77694869,0,-0.055035565,0,-1.425634861,0
18.49985886,-56.02244949,1,20.86706543,1,11.38170528,1,-0.278201967,1,-3.535580635,1,5.175882816,1,-0.778691411,0,-0.050049994,0,-1.402158022,0
18.50385666,-48.1433754,1,15.37563896,1,10.06532669,1,-0.713564575,1,-4.062610149,1,5.173850536,1,-0.781821787,0,-0.046296269,0,-1.376664519,0
18.50785637,-37.78273392,1,8.468353271,1,8.882825851,1,-1.400482655,1,-4.662650585,1,5.012495041,1,-0.787229836,0,-0.044197075,0,-1.349873304,0
18.51185799,22.36334419,1,-0.007006391,1,-34.752388,1,-2.299649477,1,-5.703537941,1,5.03594923,1,-0.796037078,0,-0.044458218,0,-1.321291924,0
18.51585388,2.740826607,1,11.85215855,1,-5.240242004,1,0.288624614,1,-6.809083939,1,5.933545113,1,-0.800280154,0,-0.046248827,0,-1.288482904,0
18.51985359,-0.598703086,1,-89.09138489,1,-35.60343552,1,-1.485470057,1,-5.503736019,1,6.400099754,1,-0.805744171,0,-0.047655832,0,-1.25297451,0
18.52385521,-28.33284187,1,-170.5897369,1,-72.60812378,1,-5.503316402,1,-7.074980259,1,8.638897896,1,-0.816867292,0,-0.041215077,0,-1.214598417,0
18.52785301,-189.1867523,1,-198.8897247,1,-133.2308197,1,-8.680358887,1,-4.395940781,1,8.34545517,1,-0.849883139,0,-0.03187824,0,-1.173964739,0
18.53185272,-162.7990417,1,-106.5254669,1,-30.8435955,1,-8.696707726,1,-3.096010447,1,8.657866478,1,-0.885428786,0,-0.014565357,0,-1.141371965,0
18.53585434,24.51532555,1,88.06674957,1,-48.52397919,1,-8.657328606,1,-5.506674767,1,6.605452538,1,-0.92036581,0,-0.000482976,0,-1.106632471,0
18.53985405,-8.172944069,1,128.3241577,1,-53.63486481,1,-8.621836662,1,-3.385733366,1,2.796488285,1,-0.954945326,0,0.002762172,0,-1.085283399,0
18.54385376,63.49223709,1,187.2064972,1,-42.52270508,1,-4.165550709,1,-6.140388489,1,5.104394436,1,-0.98050946,0,0.004639672,0,-1.059690118,0
18.54785919,-47.00774765,1,126.4790268,1,-35.28435516,1,-1.109525919,1,-3.239075184,1,6.541742802,1,-0.990973294,0,0.013530637,0,-1.03068018,0
18.55186462,-50.43976593,1,-9.434928894,1,26.06716728,1,0.79413414,1,-2.37118125,1,4.759829521,1,-0.990783334,0,0.02778518,0,-1.00869143,0
18.55586243,-30.75690842,1,-83.32632446,1,24.34804916,1,-0.894638479,1,-2.585538387,1,0.596092641,1,-0.989555657,0,0.031308699,0,-0.995336056,0
18.55986404,-32.32660294,1,50.26620483,1,-2.103299618,1,-1.173072577,1,-2.38587904,1,0.094609119,1,-0.99464637,0,0.025575086,0,-0.986163259,0
18.56386185,-17.97756386,1,95.45631409,1,-12.27436066,1,1.182397485,1,-0.841264725,1,1.143848062,1,-0.994386792,0,0.024564592,0,-0.97921735,0
18.56786156,-12.90261078,1,-18.14969444,1,-6.804387569,1,1.786350727,1,-0.513700247,1,-0.28085795,1,-0.987759531,0,0.025023181,0,-0.976125836,0
18.57186317,-4.450402737,1,-57.36427689,1,-9.695809364,1,0.745283425,1,-0.978822887,1,-0.276106894,1,-0.982533574,0,0.021689862,0,-0.974671245,0
18.57586098,8.231163025,1,-43.60454178,1,-15.48007011,1,-0.242190421,1,-1.078293085,1,1.395361423,1,-0.981458187,0,0.021319842,0,-0.969914734,0
18.57986069,2.558715343,1,-22.0126133,1,-14.73425579,1,-0.783255219,1,-1.441945434,1,1.861522675,1,-0.983581543,0,0.024289552,0,-0.962047815,0
18.58386421,-16.23695946,1,12.48790073,1,-14.75287533,1,-0.365115613,1,-1.728551626,1,1.923139453,1,-0.985821962,0,0.026981561,0,-0.952463269,0
18.58786011,-5.535386562,1,-7.192563057,1,-10.83946705,1,-0.059225272,1,-1.840851784,1,1.960217357,1,-0.986197054,0,0.029532822,0,-0.942251146,0
18.59185982,-1.801492095,1,-24.33774757,1,-8.731227875,1,-0.257208943,1,-1.956056833,1,2.094546556,1,-0.986471653,0,0.032050524,0,-0.931461096,0
18.59586334,-6.49480629,1,-1.70777142,1,-10.00123787,1,-0.374525249,1,-2.0151968,1,2.276755571,1,-0.987402499,0,0.035014514,0,-0.9199754,0
18.59986115,-9.769909859,1,9.205654144,1,-12.73065662,1,-0.176491857,1,-2.26523304,1,2.042111397,1,-0.98807168,0,0.037635237,0,-0.908055127,0
18.60386086,-4.973240376,1,3.325454473,1,-17.08316231,1,-0.159058526,1,-2.665952444,1,1.707948327,1,-0.988281488,0,0.038448505,0,-0.895726562,0
18.60786247,-2.998981714,1,-2.486628532,1,-20.49484444,1,-0.191395685,1,-3.219303131,1,1.534612179,1,-0.988438785,0,0.03739585,0,-0.882367373,0
18.61186028,-6.616955757,1,-0.63964498,1,-20.7173996,1,-0.075592905,1,-3.930404663,1,1.461735487,1,-0.988456845,0,0.034522776,0,-0.867173791,0
18.61585999,-5.534584999,1,3.415315628,1,-24.12473869,1,0.220694944,1,-4.734046459,1,1.423449159,1,-0.98765254,0,0.029784463,0,-0.84952569,0
18.6198616,-1.176860809,1,-1.139859796,1,-28.67733765,1,0.40644598,1,-5.752684116,1,1.362370014,1,-0.98578912,0,0.022875695,0,-0.829010129,0
18.62385941,-3.449147701,1,-4.088021278,1,-29.18620872,1,0.520129442,1,-6.665666103,1,1.485058904,1,-0.983466446,0,0.013796796,0,-0.805130899,0
18.62785912,1.917737365,1,-7.184820652,1,-25.81952286,1,0.557429254,1,-7.813079834,1,1.748466969,1,-0.981040597,0,0.003130262,0,-0.777516007,0
18.63186073,-3.845243454,1,-8.67305088,1,-28.73345566,1,0.707951188,1,-8.710949898,1,2.218389988,1,-0.978653848,0,-0.008857604,0,-0.745535195,0
18.63585854,4.895395279,1,-13.69610119,1,-33.46771622,1,1.147954583,1,-8.70600605,1,2.756176472,1,-0.975424767,0,-0.020142933,0,-0.711123884,0
18.63985634,3.149496078,1,-23.54792404,1,-25.89806366,1,0.921809137,1,-8.717644691,1,3.790636539,1,-0.97188431,0,-0.029044494,0,-0.675035298,0
18.64385796,-0.24376379,1,-21.77144432,1,-14.46659279,1,-0.182162732,1,-8.748121262,1,5.108483791,1,-0.971486747,0,-0.034075446,0,-0.636154056,0
18.64785767,-7.263844013,1,-11.33428574,1,-5.836677551,1,-1.373539805,1,-8.779294014,1,6.333911896,1,-0.976168871,0,-0.034838628,0,-0.594254375,0
18.65185738,-12.58912373,1,1.344811559,1,2.588706732,1,-2.159999847,1,-8.801086426,1,7.34712553,1,-0.98483783,0,-0.03164833,0,-0.549764931,0
18.65585899,-19.27056122,1,11.40712261,1,0.206032738,1,-2.12276125,1,-8.802835464,1,7.89083004,1,-0.995072186,0,-0.025207968,0,-0.503396809,0
18.6598568,-32.2614975,1,18.71617889,1,-0.934134066,1,-0.80148232,1,-8.775927544,1,7.981369495,1,-1.002203584,0,-0.017636931,0,-0.456699342,0
18.6638546,-81.61669922,1,11.3269453,1,-13.25991249,1,1.586429358,1,-8.724685669,1,7.549129486,1,-1.001483917,0,-0.010035146,0,-0.410305172,0
18.66786194,-147.1453552,1,1.289708138,1,-32.21315002,1,3.631333113,1,-8.675211906,1,6.364578724,1,-0.991171539,0,-0.005565956,0,-0.365986586,0
18.67186546,-174.3310089,1,-22.72471237,1,-43.03171921,1,4.721609592,1,-8.648545265,1,5.754804134,1,-0.974243224,0,-0.004524351,0,-0.323671192,0
18.67586517,-161.1809082,1,-41.32418442,1,-34.27536774,1,4.497352123,1,-8.644956589,1,4.238121986,1,-0.955756664,0,-0.007616512,0,-0.283751011,0
18.67986679,-116.725769,1,-42.39224625,1,-22.59071922,1,2.487756014,1,-8.607384682,1,2.652882338,1,-0.941538155,0,-0.016703168,0,-0.247735023,0
18.68386459,-50.1562233,1,-51.81310272,1,-22.6275444,1,-0.088142797,1,-5.640924931,1,0.868580461,1,-0.936960578,0,-0.028072206,0,-0.220128521,0
18.6878643,5.518918037,1,-35.13537598,1,42.64220428,1,-3.284285069,1,-7.453784466,1,1.361038327,1,-0.912566423,0,-0.048608907,0,-0.290866673,0
18.69186592,-65.18723297,1,-36.92922974,1,-23.81904793,1,-4.465914249,1,-8.200363159,1,1.379375696,1,-0.929086626,0,-0.064050883,0,-0.260795593,0
18.69586372,-67.91304016,1,-20.90455818,1,-21.0364399,1,-5.997981548,1,-6.145243645,1,1.746452808,1,-0.951971591,0,-0.075542897,0,-0.234484628,0
18.69986343,-29.23823166,1,-12.63742638,1,-23.63644409,1,-6.554432392,1,-7.572907925,1,2.016992807,1,-0.979596972,0,-0.084689334,0,-0.208043903,0
18.70386505,-37.04493332,1,1.578375459,1,-28.48233223,1,-5.830202103,1,-8.849568367,1,2.418414831,1,-1.007601738,0,-0.095697977,0,-0.174961805,0
18.70786285,-50.92726517,1,11.20391083,1,-28.55493927,1,-4.298926353,1,-8.824255943,1,3.57187748,1,-1.031594038,0,-0.104086161,0,-0.138458073,0
18.71186256,-62.27632523,1,7.990861893,1,-28.34576035,1,-2.586235046,1,-8.79295826,1,4.383185387,1,-1.049551129,0,-0.108001083,0,-0.099702276,0
18.71586418,-68.11061859,1,-1.094162583,1,-30.91016197,1,-0.891973078,1,-8.760184288,1,4.862649918,1,-1.060701728,0,-0.109224789,0,-0.059819106,0
18.71986198,-68.76646423,1,-11.8029623,1,-37.77395248,1,0.24075152,1,-8.741163254,1,5.537673473,1,-1.06633234,0,-0.108092085,0,-0.018913358,0
18.72386169,-67.0931778,1,-20.26987839,1,-44.6319313,1,0.913931072,1,-8.731884003,1,6.265534878,1,-1.068435311,0,-0.104232073,0,0.023337901,0
18.7278614,-62.57661819,1,-26.87569809,1,-50.24658203,1,1.335878372,1,-8.600058556,1,6.831979752,1,-1.068228841,0,-0.097997338,0,0.066674091,0
18.73185921,-57.27809906,1,-29.98338699,1,-54.57122421,1,1.552242756,1,-8.014172554,1,7.212277412,1,-1.066465378,0,-0.089365602,0,0.109468959,0
18.73585892,-53.36283493,1,-31.47446251,1,-54.43487549,1,1.648033381,1,-7.605751514,1,7.509953022,1,-1.063613176,0,-0.078765042,0,0.1512205,0
18.73986244,-51.01745224,1,-29.81994438,1,-53.71432877,1,1.880709291,1,-7.329060078,1,7.709758759,1,-1.059519649,0,-0.06671159,0,0.192254752,0
18.74385834,-52.0297966,1,-28.7298317,1,-52.7641716,1,2.11910224,1,-7.010879993,1,7.773952007,1,-1.053967476,0,-0.053832892,0,0.232560605,0
18.74785805,-48.13197327,1,-29.29574585,1,-50.89191055,1,2.293199062,1,-6.643285275,1,7.75434494,1,-1.046953678,0,-0.040424876,0,0.271703035,0
18.75186157,-54.08236313,1,-30.66690254,1,-50.02119827,1,2.497569799,1,-6.402452469,1,7.648546219,1,-1.038568735,0,-0.027101152,0,0.309878051,0
18.75585938,-50.63616562,1,-34.64451218,1,-47.70796204,1,2.420760155,1,-6.146129608,1,7.605361938,1,-1.029496312,0,-0.013695669,0,0.34696424,0
18.75985909,-48.61759949,1,-38.40114594,1,-46.30967331,1,2.144584656,1,-5.929526806,1,7.59871006,1,-1.020569444,0,-0.000210732,0,0.383324951,0
18.7638607,-46.3695488,1,-42.76567459,1,-45.26332855,1,1.651900053,1,-5.874670029,1,7.651033401,1,-1.012661219,0,0.013298412,0,0.41943416,0
18.76785851,-42.6787796,1,-45.29634094,1,-44.42009354,1,0.935245991,1,-5.84857893,1,7.668634415,1,-1.006737828,0,0.026783478,0,0.455580592,0
18.77185822,-39.52144241,1,-45.64674377,1,-43.81757355,1,0.185256973,1,-5.921191692,1,7.610537529,1,-1.00328505,0,0.03998445,0,0.491839558,0
18.77585983,-36.97969437,1,-44.96671295,1,-43.47535706,1,-0.542075753,1,-5.992619038,1,7.484497547,1,-1.002316356,0,0.052619431,0,0.52821219,0
18.77985764,-34.75686264,1,-42.98750305,1,-43.65509796,1,-1.182869673,1,-6.032021046,1,7.214966297,1,-1.003697872,0,0.064505853,0,0.5643906,0
18.78385735,-32.64304733,1,-39.81564713,1,-43.95937729,1,-1.662413001,1,-6.069516659,1,6.824059486,1,-1.006936431,0,0.075250916,0,0.59997642,0
18.78785896,-31.90224075,1,-36.86048889,1,-44.25292969,1,-1.988252759,1,-6.025968552,1,6.374934196,1,-1.011499405,0,0.084704846,0,0.634646714,0
18.79186249,-28.96091843,1,-35.08702087,1,-44.82174683,1,-2.190183163,1,-5.902853966,1,5.867502689,1,-1.016930699,0,0.092888586,0,0.667994976,0
18.7958622,-25.03678513,1,-33.35890198,1,-45.12530518,1,-2.305907965,1,-5.771184444,1,5.35260582,1,-1.022882462,0,0.099794872,0,0.699774206,0
18.79986382,-21.54558754,1,-31.79997063,1,-45.44018555,1,-2.351539135,1,-5.639733791,1,4.822538853,1,-1.029102802,0,0.105366051,0,0.729997933,0
18.80386162,-18.30439186,1,-30.2878685,1,-45.72986221,1,-2.332489729,1,-5.496479034,1,4.306007385,1,-1.035402536,0,0.109607436,0,0.758671522,0
18.80786133,-15.60087585,1,-28.21808434,1,-45.84041214,1,-2.26594615,1,-5.333029747,1,3.799004078,1,-1.041602492,0,0.112567328,0,0.785730124,0
18.81186295,-13.56308365,1,-26.67544746,1,-46.21082306,1,-2.113161325,1,-5.133187294,1,3.31196475,1,-1.047496915,0,0.114329226,0,0.811150193,0
18.81586075,-11.45567417,1,-25.69863892,1,-46.85806274,1,-1.938351154,1,-4.895350456,1,2.866636515,1,-1.052887321,0,0.115055539,0,0.834864259,0
18.81985855,-8.934353828,1,-25.02407646,1,-47.12055588,1,-1.75517571,1,-4.59991169,1,2.4588902,1,-1.057755828,0,0.114950612,0,0.856788099,0
18.82386017,-5.983717918,1,-24.88334274,1,-47.15433884,1,-1.581650853,1,-4.282775402,1,2.090899706,1,-1.062135458,0,0.114194676,0,0.876869321,0
18.82785797,-1.843792677,1,-23.70038605,1,-47.02336884,1,-1.459513783,1,-3.914708138,1,1.741652727,1,-1.066148043,0,0.112937987,0,0.895039201,0
18.83185768,2.1215446,1,-21.8850441,1,-45.82968521,1,-1.340394616,1,-3.440860987,1,1.408368349,1,-1.069948912,0,0.111348383,0,0.911106944,0
18.8358593,6.888531208,1,-20.49596024,1,-43.89048386,1,-1.236626983,1,-2.784467697,1,1.067539334,1,-1.073614359,0,0.109711528,0,0.924545407,0
18.8398571,13.99966145,1,-19.23129463,1,-41.85612106,1,-1.164921284,1,-1.965280771,1,0.675475359,1,-1.077313423,0,0.108267754,0,0.934636354,0
18.84385681,23.04761696,1,-17.39952278,1,-40.06124878,1,-1.116637826,1,-1.071289182,1,0.229563937,1,-1.081188321,0,0.107001789,0,0.940900981,0
18.84785843,30.69387436,1,-16.40248299,1,-38.03624344,1,-1.069509387,1,-0.082358785,1,-0.237544075,1,-1.085339785,0,0.105881214,0,0.942967594,0
18.85185623,37.03565216,1,-15.98370171,1,-37.31615829,1,-1.056721091,1,1.00762248,1,-0.683650196,1,-1.089833617,0,0.10509602,0,0.940473497,0
18.85585594,42.84138107,1,-17.72139359,1,-36.96622849,1,-1.130484581,1,2.201039791,1,-1.062753916,1,-1.094959855,0,0.104902223,0,0.933137536,0
18.85985756,50.06843185,1,-18.30301094,1,-37.15499115,1,-1.207309961,1,3.460650921,1,-1.339941978,1,-1.100949287,0,0.105765514,0,0.920779109,0
18.86385536,53.25155258,1,-16.17845917,1,-37.96417999,1,-1.154424906,1,4.750572681,1,-1.567903876,1,-1.107572794,0,0.107949466,0,0.903435349,0
18.86785507,50.80092621,1,-10.61330223,1,-37.52566528,1,-0.903034687,1,6.237213135,1,-1.905387282,1,-1.114269137,0,0.111486383,0,0.880580187,0
18.87185669,49.11143494,1,-10.45683384,1,-39.39290237,1,-0.272715449,1,7.691541195,1,-2.388916254,1,-1.11999619,0,0.116014376,0,0.851556897,0
18.87585449,42.79190826,1,-11.62411118,1,-39.6519165,1,0.305579543,1,8.727301598,1,-3.067874432,1,-1.123942971,0,0.120586239,0,0.816789031,0
18.8798523,26.73730087,1,-10.86836338,1,-37.23377991,1,0.54864639,1,8.73706913,1,-3.897534132,1,-1.126787424,0,0.123052068,0,0.778981447,0
18.88385391,14.0075779,1,-8.613739014,1,-33.51742935,1,0.757557333,1,8.746088028,1,-4.693753719,1,-1.129011154,0,0.122525059,0,0.739738047,0
18.88785172,7.597082138,1,-6.995511532,1,-30.31205559,1,0.985972166,1,8.756293297,1,-5.504271507,1,-1.130418777,0,0.119017586,0,0.699076474,0
18.89185143,2.217715025,1,-7.681293011,1,-28.11938477,1,1.155478001,1,8.763979912,1,-6.226770878,1,-1.130989075,0,0.112684764,0,0.65708673,0
18.89585304,-5.338401794,1,-9.16617012,1,-27.18409538,1,1.238437891,1,8.768153191,1,-6.802400112,1,-1.130829573,0,0.103995711,0,0.613990664,0
18.89985085,-13.84194088,1,-10.93502426,1,-26.04327393,1,1.104306817,1,8.768837929,1,-7.188488007,1,-1.13041985,0,0.093577713,0,0.57009989,0
18.90385056,-21.93267632,1,-12.85685444,1,-25.43243408,1,0.813878119,1,8.763456345,1,-7.350840569,1,-1.130454183,0,0.082173638,0,0.525792122,0
18.90785217,-27.38969421,1,-12.8052187,1,-26.46413612,1,0.540968001,1,8.757616043,1,-7.429327965,1,-1.131143332,0,0.07035926,0,0.481371373,0
18.91186333,-32.09583282,1,-10.85950279,1,-27.4314785,1,0.357202083,1,8.753605843,1,-7.434420586,1,-1.132256627,0,0.058321767,0,0.436936259,0
18.91586876,-38.7818718,1,-9.032434464,1,-28.49935341,1,0.273024678,1,8.751523018,1,-7.334403992,1,-1.133337736,0,0.046429772,0,0.392648995,0
18.91987038,-44.16700745,1,-7.829933167,1,-28.75216293,1,0.436482012,1,8.754583359,1,-7.240520477,1,-1.133731842,0,0.034838885,0,0.348551214,0
18.92386818,-48.49553299,1,-7.329440117,1,-28.51631927,1,0.646001339,1,8.758154869,1,-7.098119259,1,-1.132880569,0,0.023672426,0,0.304647356,0
18.92786789,-50.3718071,1,-6.945985794,1,-27.91251373,1,0.914334714,1,8.76218605,1,-6.868944645,1,-1.130552173,0,0.013249681,0,0.261035413,0
18.93186951,-50.03329086,1,-7.530917168,1,-26.85836983,1,1.205107927,1,8.767127037,1,-6.566944122,1,-1.126723409,0,0.00395866,0,0.217853412,0
18.93586731,-48.65447617,1,-9.240014076,1,-25.56125069,1,1.484353542,1,8.770222664,1,-6.222007275,1,-1.121339679,0,-0.003978516,0,0.175163642,0
18.93986702,-47.37257385,1,-11.07524204,1,-24.08494759,1,1.696621895,1,8.771524429,1,-5.814662933,1,-1.091089845,0,-0.029427713,0,0.104280949,0
18.94386864,-47.41516876,1,-12.17829704,1,-22.79283142,1,1.828672647,1,8.773173332,1,-5.402848721,1,-1.082723141,0,-0.032969009,0,0.062762775,0
18.94786644,-47.38824463,1,-12.90333462,1,-20.98771667,1,1.913217306,1,8.771101952,1,-5.003438473,1,-1.073848128,0,-0.034720711,0,0.021981603,0
18.95186615,-47.06210327,1,-13.5783186,1,-18.69490051,1,2.002406597,1,8.771800041,1,-4.575033665,1,-1.064619541,0,-0.034653064,0,-0.018018806,0
18.95586777,-46.23831558,1,-12.80997849,1,-15.58162594,1,2.126858473,1,8.772751808,1,-4.163849831,1,-1.055051327,0,-0.032734584,0,-0.057187278,0
18.95986557,-44.17778397,1,-10.99331665,1,-11.54579735,1,2.32470417,1,8.773662567,1,-3.789777517,1,-1.044981599,0,-0.029072551,0,-0.095557146,0
18.96386528,-41.87836456,1,-8.297959328,1,-7.140383244,1,2.658424139,1,8.778866768,1,-3.477378607,1,-1.034056067,0,-0.023802172,0,-0.133183569,0
18.9678669,-39.86444473,1,-5.165283203,1,-2.643560886,1,3.107103109,1,8.786406517,1,-3.265429497,1,-1.021804333,0,-0.017176345,0,-0.170218199,0
18.9718647,-37.37395096,1,-1.413690567,1,0.023206748,1,3.69581604,1,8.798256874,1,-3.201267958,1,-1.007740021,0,-0.009569395,0,-0.206895813,0
18.9758625,-35.45632172,1,1.395845294,1,2.299862623,1,4.344517708,1,8.812643051,1,-3.242569208,1,-0.991456568,0,-0.001364038,0,-0.243486866,0
18.97986412,-32.8601799,1,2.849005461,1,4.678350925,1,4.992751598,1,8.825793266,1,-3.318926811,1,-0.97289592,0,0.007302201,0,-0.280111849,0
18.98386192,-29.97141838,1,2.376730919,1,5.922457218,1,5.631966114,1,8.840378761,1,-3.427448034,1,-0.952053666,0,0.016421081,0,-0.316815674,0
18.98786163,-28.53461456,1,0.482841104,1,9.78646946,1,6.087540627,1,8.85037899,1,-3.594881773,1,-0.929345489,0,0.025935173,0,-0.353673398,0
18.99186325,-22.90271378,1,11.34843922,1,2.549923897,1,6.517338753,1,8.861658096,1,-3.970462799,1,-0.905263662,0,0.035452276,0,-0.391018748,0
18.99586105,-23.39725494,1,6.444376945,1,7.077705383,1,6.713684082,1,8.868670464,1,-4.423669338,1,-0.88030225,0,0.044651479,0,-0.429172993,0
18.99986076,-22.9554615,1,4.263090134,1,6.901114941,1,6.852982998,1,8.874883652,1,-4.833582878,1,-0.855020761,0,0.053481631,0,-0.468255311,0
19.00386238,-23.26718903,1,3.785280466,1,7.227859497,1,6.620371819,1,8.872946739,1,-5.355669498,1,-0.830315292,0,0.061922573,0,-0.508354008,0
19.00786018,-23.10683823,1,3.622410536,1,6.615178108,1,6.162683487,1,8.865531921,1,-5.943932533,1,-0.807427406,0,0.069658428,0,-0.5497877,0
19.01185989,-25.47710991,1,4.883164883,1,5.276818752,1,5.670061588,1,8.860196114,1,-6.53392601,1,-0.786917508,0,0.076591909,0,-0.592690229,0
19.01586151,-27.87335968,1,7.281346798,1,3.335508347,1,5.28682375,1,8.854939461,1,-7.101537228,1,-0.768583715,0,0.082696572,0,-0.637125611,0
19.01985931,-30.43088722,1,10.64752674,1,1.236944675,1,5.08626318,1,8.540822983,1,-7.619653702,1,-0.751776457,0,0.08781182,0,-0.682788372,0
19.02385902,-33.28033066,1,13.19600964,1,-1.045173883,1,5.018971443,1,7.849895,1,-8.041670799,1,-0.735658169,0,0.090696156,0,-0.72823447,0
19.02786064,-36.72823715,1,13.69662762,1,-3.863585711,1,5.053249836,1,7.254916191,1,-8.337449074,1,-0.719603181,0,0.091429889,0,-0.772978604,0
19.03186607,-40.18098068,1,12.36088562,1,-6.97335577,1,5.096759796,1,6.766396999,1,-8.483244896,1,-0.703307509,0,0.090647019,0,-0.816953957,0
19.03586578,-44.68090057,1,9.236679077,1,-10.48390865,1,5.130076408,1,6.481808186,1,-8.478778839,1,-0.686720133,0,0.089195758,0,-0.860146463,0
19.0398674,-51.96231842,1,4.74041748,1,-14.4825592,1,5.050127983,1,6.484419823,1,-8.387351036,1,-0.670089483,0,0.088150352,0,-0.9027915,0
19.0438652,-62.60902023,1,1.506625891,1,-17.71126747,1,4.764470577,1,6.80134964,1,-8.30006218,1,-0.654120386,0,0.088526167,0,-0.945534706,0
19.04786491,-72.83711243,1,-1.982519746,1,-19.47980118,1,4.207745552,1,7.457501411,1,-8.228635788,1,-0.640047371,0,0.091315553,0,-0.989229083,0
19.05186653,-79.39242554,1,-2.916792154,1,-20.03538132,1,3.487668276,1,8.253370285,1,-8.163915634,1,-0.628881335,0,0.097193941,0,-1.034435749,0
19.05586433,-82.65099335,1,-0.956308246,1,-18.15550804,1,2.726633549,1,8.80751133,1,-8.077604294,1,-0.621220529,0,0.106041998,0,-1.081148267,0
19.05986404,-83.10321808,1,4.276574135,1,-13.74437428,1,2.17690444,1,8.794303894,1,-7.876404285,1,-0.616623044,0,0.116198868,0,-1.127856731,0
19.06386375,-80.83146667,1,11.60087109,1,-8.058489799,1,1.88972342,1,8.786353111,1,-7.499745846,1,-0.614144623,0,0.127124518,0,-1.173646688,0
19.06786156,-76.9599762,1,20.14677238,1,-1.968661427,1,2.035118818,1,8.785462379,1,-6.928890705,1,-0.612282872,0,0.139222145,0,-1.217908978,0
19.07186127,-72.52300262,1,27.07827377,1,2.639719486,1,2.5394485,1,8.451559067,1,-6.072929859,1,-0.609262049,0,0.152784362,0,-1.25967598,0
19.07586289,-68.5903244,1,29.74087906,1,6.716949463,1,3.120851517,1,6.614207268,1,-4.907067776,1,-0.603569627,0,0.165065035,0,-1.295477629,0
19.07986069,-70.10533905,1,25.93008804,1,10.63320255,1,3.411607504,1,4.565647602,1,-3.496796131,1,-0.594930768,0,0.174009547,0,-1.322367907,0
19.0838604,-76.87134552,1,18.80173111,1,11.03243542,1,3.271643877,1,2.730061769,1,-2.130337238,1,-0.584595442,0,0.179802299,0,-1.340039372,0
19.08786202,-85.45502472,1,14.42461395,1,8.71833992,1,2.858515501,1,1.261624336,1,-0.945840538,1,-0.57400012,0,0.183047742,0,-1.349591613,0
19.09185982,-91.13426208,1,14.27676105,1,5.991068363,1,2.389048576,1,0.277232945,1,-0.044122078,1,-0.56407845,0,0.184546828,0,-1.352835178,0
19.09585953,-96.75082397,1,11.65921879,1,5.694179058,1,1.758779407,1,-0.187169343,1,0.628301084,1,-0.555538237,0,0.185204819,0,-1.351823807,0
19.09986115,-98.93774414,1,9.216658592,1,6.739073753,1,0.905752897,1,-0.243855909,1,1.24081707,1,-0.549490571,0,0.186414078,0,-1.348076224,0
19.10385895,-94.69700623,1,8.363530159,1,9.773885727,1,0.099563241,1,-0.274411798,1,1.842065454,1,-0.546428144,0,0.188742012,0,-1.342202663,0
19.10785675,-85.62248993,1,9.356832504,1,12.48759747,1,-0.554212272,1,-0.571634531,1,2.543329477,1,-0.54578948,0,0.191904709,0,-1.333747506,0
19.11185837,-75.61819458,1,12.64891434,1,15.47576618,1,-0.914898157,1,-1.081919074,1,3.34988308,1,-0.546503067,0,0.19524841,0,-1.32177031,0
19.11585617,-67.28193665,1,14.76410866,1,17.62716293,1,-1.00420928,1,-1.813625693,1,4.136456966,1,-0.547250509,0,0.198132932,0,-1.305674195,0
19.11985588,-61.45823669,1,14.18939209,1,18.30419159,1,-0.998874187,1,-2.654635429,1,4.767628193,1,-0.547248542,0,0.199807256,0,-1.285377026,0
19.1238575,-56.12921906,1,11.88833809,1,16.891222,1,-1.030831695,1,-3.452498913,1,5.112321854,1,-0.546559393,0,0.199678406,0,-1.261567712,0
19.1278553,-53.89245605,1,8.727263451,1,14.65845299,1,-1.088942051,1,-4.184400558,1,5.043636799,1,-0.545693219,0,0.197227627,0,-1.235692263,0
19.13185501,-49.46673965,1,6.051006794,1,13.06853008,1,-1.211321712,1,-4.750664711,1,4.671882153,1,-0.54512167,0,0.192004502,0,-1.209255219,0
19.13585663,-41.82170486,1,3.344169855,1,11.33286381,1,-1.453163028,1,-5.348905087,1,4.108564854,1,-0.545585096,0,0.183882594,0,-1.183283091,0
19.13985443,-34.32393646,1,1.933406591,1,9.677033424,1,-1.652549505,1,-5.967966557,1,3.410199404,1,-0.547381222,0,0.172375455,0,-1.158250093,0
19.14385414,-15.67268085,1,-7.520068645,1,-7.597107887,1,-2.057522058,1,-6.700422764,1,2.827334166,1,-0.550566375,0,0.157341391,0,-1.134243131,0
19.14785576,73.98848724,1,17.60267448,1,-23.4116478,1,-0.57960546,1,-7.537179947,1,2.181869507,1,-0.553935587,0,0.138149545,0,-1.110454559,0
19.15185928,-31.94042969,1,-47.20785141,1,-19.86210251,1,-1.731749415,1,-8.626819611,1,3.30114913,1,-0.554340005,0,0.11571981,0,-1.083135486,0
19.15585899,85.30229187,1,-106.6794128,1,-79.04135895,1,-1.698971868,1,-8.011492729,1,5.583073616,1,-0.55820328,0,0.099041209,0,-1.05187273,0
19.15986061,20.26251984,1,-199.6689453,1,-110.9003448,1,-8.460599899,1,-8.941524506,1,8.615590096,1,-0.573688626,0,0.08559946,0,-1.008128762,0
19.16385651,-174.1228333,1,-178.9318848,1,-130.0763702,1,-8.627587318,1,-8.94365406,1,8.615607262,1,-0.604131699,0,0.074993789,0,-0.959452093,0
19.16785812,-150.8893433,1,30.4078598,1,11.93367672,1,-8.628929138,1,-8.835129738,1,8.61685276,1,-0.635204017,0,0.065974414,0,-0.910569966,0
19.17185974,-140.2835236,1,38.35009384,1,-122.0793839,1,-8.624991417,1,-7.198306084,1,4.513091564,1,-0.666990161,0,0.057684384,0,-0.866650283,0
19.17585754,-113.0887909,1,185.9094086,1,-5.81278801,1,-6.722812653,1,-0.818567038,1,1.134854317,1,-0.698916078,0,0.054312073,0,-0.852756858,0
19.17985535,69.47842407,1,192.6288147,1,-21.09456253,1,-0.10735777,1,-5.447430134,1,2.172135592,1,-0.708746493,0,0.047350295,0,-0.838860393,0
19.18385696,1.994591594,1,79.51420593,1,-42.13770294,1,2.223652601,1,-3.35025835,1,4.648293972,1,-0.703674436,0,0.042673767,0,-0.816570282,0
19.18785477,-55.36541367,1,-71.63422394,1,8.477911949,1,2.003826857,1,-1.83154726,1,3.151098251,1,-0.714841604,0,0.130527094,0,-1.053058743,0
19.19185448,7.884110928,1,-112.3748932,1,43.30265045,1,-0.774419844,1,-2.473914862,1,-0.180644438,1,-0.710513234,0,0.127748877,0,-1.044294953,0
19.19585609,-73.59264374,1,55.12265778,1,-8.17066288,1,-0.495252758,1,-2.168953419,1,0.968133509,1,-0.713597536,0,0.120026059,0,-1.036175847,0
19.1998539,-2.138494253,1,73.10784912,1,-7.694633961,1,1.239455223,1,-0.634600759,1,1.27720511,1,-0.711078823,0,0.119966552,0,-1.029602051,0
19.20385361,-7.341444969,1,-39.24315643,1,-13.25903988,1,1.224327326,1,-0.765205503,1,-0.088272974,1,-0.705037475,0,0.119350739,0,-1.02590394,0
19.20785523,2.276035547,1,-50.26470184,1,-11.88062191,1,0.279637963,1,-1.377726793,1,0.651434481,1,-0.701590002,0,0.116402343,0,-1.022449374,0
19.21185303,3.276096821,1,-22.51071358,1,-15.54035854,1,-0.397701949,1,-1.470155835,1,1.875323653,1,-0.70124954,0,0.115495078,0,-1.014793396,0
19.21585274,-5.138834,1,-0.668928921,1,-14.41936588,1,-0.294418246,1,-1.702409387,1,1.846194506,1,-0.701517284,0,0.115561768,0,-1.004755616,0
19.21985626,-16.93577576,1,10.97648335,1,-10.8580513,1,0.095120549,1,-1.841600299,1,1.763619781,1,-0.700783968,0,0.114733875,0,-0.994594574,0
19.22385216,-7.199462414,1,-17.33661079,1,-7.658748627,1,0.009375744,1,-1.830476046,1,1.822533131,1,-0.699214756,0,0.113723062,0,-0.984362364,0
19.22785187,2.675084114,1,-31.40659904,1,-10.44172573,1,-0.444792122,1,-1.956907392,1,1.973478913,1,-0.698920608,0,0.112826578,0,-0.973699033,0
19.23185539,-2.476904154,1,-7.981998444,1,-12.96150875,1,-0.559642315,1,-2.152302027,1,2.345366716,1,-0.699757457,0,0.112175837,0,-0.961718321,0
19.2358532,-10.5474844,1,17.93018723,1,-16.64730644,1,-0.173629299,1,-2.559360743,1,2.140289068,1,-0.699862421,0,0.110847019,0,-0.948619604,0
19.23984909,-4.197488308,1,6.688858509,1,-22.02576637,1,0.206515133,1,-3.017872095,1,1.801595092,1,-0.698202848,0,0.107381336,0,-0.935384512,0
19.24385262,1.03899014,1,-11.55918407,1,-23.92395592,1,0.249470755,1,-3.817287207,1,1.686788797,1,-0.695797443,0,0.101395242,0,-0.921257794,0
19.24785042,-3.502210379,1,-12.60692596,1,-23.92348671,1,0.038331222,1,-4.691652775,1,1.81077528,1,-0.693673134,0,0.092809968,0,-0.904992163,0
19.25185013,-3.222940922,1,-5.340295315,1,-25.72953033,1,-0.006786185,1,-5.669975281,1,1.941305041,1,-0.691995442,0,0.081743643,0,-0.885923982,0
19.25585175,-6.48718977,1,1.044013262,1,-32.5719223,1,0.309701204,1,-6.808981895,1,2.089608669,1,-0.689910591,0,0.067551173,0,-0.863730848,0
19.25984955,6.007040024,1,-0.685606956,1,-30.1408596,1,0.647557199,1,-7.793110847,1,2.400402784,1,-0.686387599,0,0.050840922,0,-0.838329554,0
19.26384926,-1.418429852,1,-6.834377766,1,-32.95800018,1,0.799823821,1,-8.714166641,1,2.80122757,1,-0.682327151,0,0.031388342,0,-0.809074461,0
19.26785088,1.499107242,1,-9.730473518,1,-34.19285202,1,1.310140133,1,-8.706730843,1,3.214922905,1,-0.677500606,0,0.011846431,0,-0.777826309,0
19.2718544,-0.918065131,1,-17.93853569,1,-24.15846825,1,1.346630096,1,-8.711413383,1,4.134840012,1,-0.671864152,0,-0.006267603,0,-0.744717598,0
19.27585411,-2.776846409,1,-19.911726,1,-12.07863903,1,0.64689219,1,-8.730801582,1,5.325260162,1,-0.668205202,0,-0.021879466,0,-0.708246946,0
19.27985573,-8.890649796,1,-10.70995331,1,-2.677467346,1,-0.170481294,1,-8.755723,1,6.531251431,1,-0.668482959,0,-0.034659009,0,-0.667968273,0
19.28385353,-14.68253613,1,2.935043335,1,0.888928354,1,-0.535604596,1,-8.770474434,1,7.757407188,1,-0.671848893,0,-0.044352293,0,-0.623717904,0
19.28785324,-34.06518555,1,19.18749619,1,-2.145350456,1,0.420244157,1,-8.751047134,1,8.012955666,1,-0.674804688,0,-0.051910702,0,-0.576940119,0
19.29185295,-64.95780945,1,25.37624741,1,-12.92078304,1,2.857940435,1,-8.699694633,1,7.792416573,1,-0.670824468,0,-0.059432529,0,-0.530339539,0
19.29585266,-123.2595901,1,17.69520569,1,-28.60157585,1,5.253167629,1,-8.645539284,1,7.12803936,1,-0.657482684,0,-0.068404563,0,-0.485468626,0
19.29985237,-155.3961487,1,-6.605621338,1,-42.01115417,1,6.809006691,1,-8.611498833,1,6.699662685,1,-0.636157036,0,-0.079214349,0,-0.442435116,0
19.30385399,-149.2149506,1,-28.014925,1,-34.75162506,1,6.691519737,1,-8.608866692,1,5.726108551,1,-0.612318277,0,-0.092497148,0,-0.401823729,0
19.30785179,-108.3469467,1,-33.42202377,1,-28.87022972,1,4.597091198,1,-8.530800819,1,4.727211475,1,-0.592898905,0,-0.109069079,0,-0.365053177,0
19.31184959,-62.02530289,1,-42.19649506,1,-20.20718002,1,2.093276978,1,-6.261227131,1,3.391426086,1,-0.583168864,0,-0.124794945,0,-0.334917724,0
19.31585121,-5.926010132,1,-41.19535065,1,18.77097893,1,-1.431860447,1,-5.713423729,1,2.920771599,1,-0.585028172,0,-0.136599749,0,-0.312609196,0
19.31984901,-46.70614243,1,-34.48034286,1,-20.427948,1,-3.508285284,1,-8.376289368,1,3.973194122,1,-0.598963976,0,-0.15361692,0,-0.283138752,0
19.32384872,-90.48348999,1,-27.15435219,1,-25.43721581,1,-5.628673553,1,-6.165984631,1,4.024563313,1,-0.622231364,0,-0.168463767,0,-0.252918243,0
19.32785034,-37.5968895,1,-19.71268272,1,-19.99600601,1,-6.76025486,1,-6.602016449,1,3.851074457,1,-0.652246714,0,-0.178938568,0,-0.225201949,0
19.33184815,-30.01394844,1,2.182015181,1,-23.6812458,1,-6.487654686,1,-8.331995964,1,3.813659668,1,-0.684817433,0,-0.192849413,0,-0.194115803,0
19.33584786,-39.63678741,1,8.136284828,1,-24.49646568,1,-5.19710207,1,-8.848526001,1,4.557446003,1,-0.715437412,0,-0.20890145,0,-0.158299074,0
19.33984947,-58.32825089,1,7.990063667,1,-28.17717934,1,-3.63347888,1,-8.819901466,1,5.210524082,1,-0.741536736,0,-0.222120419,0,-0.119143918,0
19.34384728,-66.26598358,1,2.397446156,1,-31.36634636,1,-1.940784216,1,-8.786046982,1,5.436094284,1,-0.761864066,0,-0.233280227,0,-0.078484379,0
19.34784699,-66.85993958,1,-7.27232933,1,-35.28490067,1,-0.680147231,1,-8.761604309,1,5.774291039,1,-0.776773453,0,-0.242897928,0,-0.036808711,0
19.3518486,-62.75567245,1,-17.3908596,1,-39.64839172,1,0.020694705,1,-8.750772476,1,6.28995657,1,-0.788504004,0,-0.250716984,0,0.006294296,0
19.35584641,-59.28618622,1,-28.02105141,1,-43.79218674,1,0.197878048,1,-8.445782661,1,6.828795433,1,-0.799100339,0,-0.256250173,0,0.05078477,0
19.35984612,-54.65120316,1,-35.80699921,1,-47.04146194,1,0.011850018,1,-8.012166977,1,7.255905151,1,-0.809982538,0,-0.2587533,0,0.095519423,0
19.36384773,-48.7168541,1,-37.59959412,1,-48.71564484,1,-0.279447079,1,-7.743911266,1,7.544988632,1,-0.821975112,0,-0.258714676,0,0.140220523,0
19.36784554,-43.82680893,1,-36.55754089,1,-49.81213379,1,-0.4808878,1,-7.705393314,1,7.657198906,1,-0.834988713,0,-0.257120878,0,0.185042948,0
19.37184525,-42.33023834,1,-34.7992363,1,-50.66609573,1,-0.508647203,1,-7.6980443,1,7.535937309,1,-0.84832412,0,-0.254959941,0,0.229750738,0
19.37584496,-42.37454987,1,-34.03384781,1,-50.81915283,1,-0.340602845,1,-7.646373749,1,7.205441475,1,-0.861114919,0,-0.252818733,0,0.273695469,0
19.37984276,-43.40056229,1,-32.79263687,1,-50.24573898,1,-0.092749409,1,-7.477088451,1,6.754982948,1,-0.872631311,0,-0.251064092,0,0.316151679,0
19.38384247,-44.4921608,1,-32.97981262,1,-49.40801239,1,0.229661256,1,-7.263941288,1,6.290205956,1,-0.882407606,0,-0.249862731,0,0.3567577,0
19.38784409,-45.28065109,1,-34.36748123,1,-48.32146454,1,0.4638367,1,-7.007921696,1,5.868256569,1,-0.89054811,0,-0.249074519,0,0.395441651,0
19.39184761,-45.3651886,1,-36.51732254,1,-47.10020828,1,0.536284149,1,-6.747932911,1,5.533581734,1,-0.89757514,0,-0.248535305,0,0.432293624,0
19.39584732,-43.92333984,1,-39.37832642,1,-46.42906189,1,0.423776448,1,-6.499349117,1,5.317405701,1,-0.904252708,0,-0.248023748,0,0.467596799,0
19.39985085,-42.28918457,1,-42.0472641,1,-45.85435486,1,0.156288534,1,-6.335868835,1,5.193515301,1,-0.911448658,0,-0.247284293,0,0.501824737,0
19.40384674,-39.12155914,1,-42.57173538,1,-45.64044952,1,-0.212681964,1,-6.321103096,1,5.127103329,1,-0.919789433,0,-0.246324748,0,0.535445094,0
19.40784836,-36.97977829,1,-42.16429901,1,-45.82776642,1,-0.604889214,1,-6.346321106,1,5.075993061,1,-0.929575324,0,-0.24528417,0,0.568962634,0
19.41184998,-34.52482605,1,-40.87533951,1,-45.98664856,1,-0.956962705,1,-6.436774254,1,4.990251064,1,-0.940845311,0,-0.24424769,0,0.602489352,0
19.41584778,-32.74325943,1,-39.19675446,1,-46.2562294,1,-1.21332252,1,-6.528995991,1,4.855567932,1,-0.953307152,0,-0.243395299,0,0.636044443,0
19.41984367,-31.2021122,1,-37.17461395,1,-46.55993652,1,-1.375612259,1,-6.591370106,1,4.621088982,1,-0.966538668,0,-0.242920846,0,0.669420838,0
19.4238472,-29.90720749,1,-35.12943268,1,-46.72818375,1,-1.43623364,1,-6.596912861,1,4.358959675,1,-0.980092466,0,-0.242912814,0,0.702325046,0
19.427845,-27.63506508,1,-33.88526917,1,-46.66165543,1,-1.442801714,1,-6.546671391,1,4.062657356,1,-0.993605256,0,-0.243340135,0,0.734496236,0
19.43184471,-24.60395813,1,-33.59738541,1,-46.99741745,1,-1.459783673,1,-6.486154556,1,3.747932673,1,-1.006957531,0,-0.24426353,0,0.765794039,0
19.43584633,-21.4306736,1,-32.60471725,1,-46.73527145,1,-1.499102354,1,-6.417273521,1,3.426024675,1,-1.020249248,0,-0.245753244,0,0.796199679,0
19.43984413,-18.79320526,1,-31.60905647,1,-46.34859085,1,-1.543455362,1,-6.336469173,1,3.131936073,1,-1.182798147,0,-0.128015473,0,0.69581908,0
19.44384384,-16.56644821,1,-30.31631088,1,-46.05819321,1,-1.598591566,1,-6.23168993,1,2.856430292,1,-1.192625642,0,-0.126315996,0,0.723842382,0
19.44784546,-14.515522,1,-29.35583305,1,-45.64157104,1,-1.656152129,1,-6.078941345,1,2.626625776,1,-1.202527881,0,-0.125097722,0,0.750987947,0
19.45184326,-12.54341221,1,-28.09707451,1,-45.26830673,1,-1.688621402,1,-5.875170708,1,2.43286252,1,-1.212464809,0,-0.124148384,0,0.777138472,0
19.45584297,-10.5160799,1,-26.64160728,1,-44.96239853,1,-1.665692091,1,-5.627654076,1,2.299330473,1,-1.222266078,0,-0.123247288,0,0.802200854,0
19.45984459,-8.644628525,1,-25.04606628,1,-44.62632751,1,-1.599504232,1,-5.321156025,1,2.224625349,1,-1.231734633,0,-0.122122616,0,0.826061845,0
19.46384239,-6.641385078,1,-23.45012856,1,-44.26741791,1,-1.475239038,1,-4.936572552,1,2.177561045,1,-1.24061656,0,-0.120550998,0,0.848516464,0
19.4678421,-4.008377552,1,-20.95114517,1,-43.84272003,1,-1.290834665,1,-4.483047962,1,2.132151842,1,-1.248639703,0,-0.118435182,0,0.869297266,0
19.47184372,-0.097622149,1,-18.05203056,1,-42.77998734,1,-1.041161776,1,-3.926985741,1,2.077752113,1,-1.255509734,0,-0.115715124,0,0.888061583,0
19.47584152,4.884661198,1,-15.16419125,1,-40.69176865,1,-0.741791606,1,-3.204722404,1,1.99154985,1,-1.260930061,0,-0.112367176,0,0.904282033,0
19.47983933,11.60078239,1,-13.89513779,1,-38.37558746,1,-0.425031424,1,-2.346158266,1,1.863032103,1,-1.264702439,0,-0.108379118,0,0.917298675,0
19.48384094,19.89396286,1,-12.59431171,1,-36.16663742,1,-0.149153084,1,-1.432314515,1,1.655571938,1,-1.266822577,0,-0.103924252,0,0.926689267,0
19.48784065,27.41182709,1,-12.13446808,1,-33.96664047,1,0.036710974,1,-0.442421287,1,1.409090877,1,-1.267584085,0,-0.099191993,0,0.932136476,0
19.49184036,34.45554733,1,-11.83251476,1,-32.3696785,1,0.123228282,1,0.630922914,1,1.124919653,1,-1.267333031,0,-0.094249457,0,0.933322251,0
19.49584198,43.82344437,1,-13.26562023,1,-30.50817871,1,0.057636179,1,1.811722636,1,0.873655081,1,-1.266650558,0,-0.088986106,0,0.929835677,0
19.49983978,54.2510643,1,-14.37727833,1,-31.61525917,1,-0.080306396,1,2.901917458,1,0.668684423,1,-1.265954971,0,-0.083226532,0,0.921719968,0
19.50383759,58.41167831,1,-17.55695724,1,-32.49478149,1,-0.424302042,1,4.187064171,1,0.479778081,1,-1.265887976,0,-0.076802425,0,0.908938169,0
19.5078392,59.28427887,1,-16.96636391,1,-31.63482094,1,-0.801333845,1,5.735303879,1,0.165747792,1,-1.267061114,0,-0.069565371,0,0.890357733,0
19.51184273,58.81292725,1,-14.59842205,1,-35.38516235,1,-0.801854789,1,7.034441471,1,-0.438811183,1,-1.268728971,0,-0.062375035,0,0.865742445,0
19.51584244,49.10374832,1,-15.14114189,1,-36.02318573,1,-0.783070385,1,8.432393074,1,-1.411118746,1,-1.270061493,0,-0.056651253,0,0.835150123,0
19.51984406,27.76622391,1,-10.3455286,1,-33.71862793,1,-0.696396649,1,8.703854561,1,-2.626157999,1,-1.271160364,0,-0.054139029,0,0.799725831,0
19.52384186,16.35459328,1,-3.704295158,1,-31.12088966,1,-0.248070583,1,8.719957352,1,-3.861244917,1,-1.271079659,0,-0.056262255,0,0.762544811,0
19.52784157,13.06453323,1,-3.731891155,1,-27.51231575,1,0.324232876,1,8.738700867,1,-5.037337303,1,-1.268649101,0,-0.062936395,0,0.723845005,0
19.53184319,12.13648701,1,-5.020616055,1,-25.90941429,1,0.848101616,1,8.755489349,1,-6.010212898,1,-1.263528585,0,-0.073584661,0,0.683726192,0
19.53584099,6.390181541,1,-7.692034721,1,-24.91887856,1,1.11989224,1,8.765407562,1,-6.700589657,1,-1.256206274,0,-0.087145701,0,0.642431021,0
19.5398407,-1.939045906,1,-9.937268257,1,-24.20674515,1,1.185899496,1,8.768666267,1,-7.123035431,1,-1.24757731,0,-0.102465414,0,0.600253761,0
19.54384232,-10.21633053,1,-11.92724228,1,-24.29467201,1,1.140399098,1,8.769583702,1,-7.363497734,1,-1.238186955,0,-0.118630558,0,0.557443261,0
19.54784012,-17.94130135,1,-12.07234859,1,-25.45027733,1,1.102021098,1,8.769713402,1,-7.459275723,1,-1.228240132,0,-0.135016978,0,0.514169812,0
19.55183983,-24.62350845,1,-9.958977699,1,-27.57216072,1,1.176502943,1,8.771635056,1,-7.489000797,1,-1.217488408,0,-0.151166067,0,0.470552742,0
19.55584145,-31.87449837,1,-7.555407047,1,-30.2165947,1,1.392058969,1,8.775852203,1,-7.547008514,1,-1.205417991,0,-0.166961819,0,0.426581085,0
19.55983925,-39.46252441,1,-6.64262867,1,-30.72030067,1,1.730892777,1,8.784306526,1,-7.598899364,1,-1.191482663,0,-0.182426021,0,0.38216877,0
19.56383896,-45.05600357,1,-8.7641716,1,-30.85756493,1,2.091083765,1,8.790308952,1,-7.590966702,1,-1.175380468,0,-0.197306722,0,0.337336898,0
19.56784058,-48.37038803,1,-11.4612093,1,-30.5419445,1,2.369606018,1,8.795919418,1,-7.502830982,1,-1.157215953,0,-0.211231798,0,0.292179048,0
19.57183838,-48.57969666,1,-13.949296,1,-28.75112152,1,2.50452733,1,8.797544479,1,-7.319634914,1,-1.137668133,0,-0.223828122,0,0.24684304,0
19.57583618,-46.63851929,1,-15.83034992,1,-26.95034981,1,2.509354353,1,8.795880318,1,-7.045969963,1,-1.117301822,0,-0.234719247,0,0.201537296,0
19.5798378,-44.02350235,1,-16.97525024,1,-24.93638039,1,2.368131876,1,8.790707588,1,-6.657875061,1,-1.096849203,0,-0.243525758,0,0.156527191,0
19.5838356,-41.3829689,1,-16.87459755,1,-23.12261581,1,2.195016623,1,8.784231186,1,-6.177640438,1,-1.076867819,0,-0.249904096,0,0.112122409,0
19.58783531,-41.34941483,1,-15.87015915,1,-21.46019554,1,2.102898121,1,8.78042984,1,-5.663086891,1,-1.057398081,0,-0.253702253,0,0.068546802,0
19.59183693,-43.21393585,1,-14.09206676,1,-19.94759178,1,2.078815937,1,8.776007652,1,-5.141910553,1,-1.038253427,0,-0.254937559,0,0.025935356,0
19.59583473,-41.63937378,1,-12.91242695,1,-16.63128853,1,2.224935293,1,8.776021004,1,-4.665324211,1,-1.019240975,0,-0.253630668,0,-0.015589116,0
19.59983444,-40.0251503,1,-10.18537712,1,-14.04952145,1,2.476711988,1,8.779543877,1,-4.231005192,1,-0.999785721,0,-0.249978065,0,-0.05603772,0
19.60383606,-38.31942749,1,-7.581943989,1,-11.30806732,1,2.857871056,1,8.784548759,1,-3.894072294,1,-0.979467034,0,-0.244258642,0,-0.095504098,0
19.60783386,-36.66426086,1,-5.32851553,1,-8.509879112,1,3.280295372,1,8.792508125,1,-3.675016165,1,-0.95798254,0,-0.236816153,0,-0.134152636,0
19.61183357,-35.24124527,1,-3.133514166,1,-6.097383499,1,3.768131733,1,8.802996635,1,-3.538476944,1,-0.935155988,0,-0.227928415,0,-0.172136858,0
19.6158371,-33.26173401,1,-1.953214526,1,-4.015562534,1,4.298787594,1,8.811728477,1,-3.492493868,1,-0.910749733,0,-0.21786271,0,-0.209620923,0
19.61983299,-31.97651291,1,-2.081605911,1,-2.121080875,1,4.782346725,1,8.823185921,1,-3.541845798,1,-0.884716749,0,-0.206865385,0,-0.2467926,0
19.6238327,-30.93608856,1,-3.120629787,1,-0.591226399,1,5.144385815,1,8.832158089,1,-3.676683187,1,-0.857425451,0,-0.195151687,0,-0.283832014,0
19.62783623,-30.06677628,1,-6.116737843,1,1.592704535,1,5.249464989,1,8.833601952,1,-3.894246578,1,-0.829596758,0,-0.182957843,0,-0.320938945,0
19.63183975,-26.06383896,1,-0.746310115,1,-0.272567213,1,5.209188461,1,8.836256027,1,-4.30979681,1,-0.802127004,0,-0.170616999,0,-0.358434975,0
19.63583946,-23.22807312,1,2.779535055,1,-0.249116257,1,5.112929344,1,8.838410378,1,-4.834493637,1,-0.775124311,0,-0.158677459,0,-0.396928966,0
19.63984108,-21.50206947,1,1.209283471,1,1.333667874,1,5.031639576,1,8.838542938,1,-5.343487263,1,-0.74886024,0,-0.147182092,0,-0.436556995,0
19.64383888,-22.54141998,1,2.593902349,1,0.561638057,1,4.964045048,1,8.840893745,1,-5.843785286,1,-0.723090291,0,-0.135973021,0,-0.477263868,0
19.64783669,-24.2603817,1,5.127691269,1,0.848391056,1,4.895509243,1,8.842593193,1,-6.423299789,1,-0.697918832,0,-0.125162274,0,-0.519283116,0
19.6518383,-28.23925781,1,7.877198696,1,-0.267990381,1,4.901977062,1,8.847103119,1,-7.059871197,1,-0.673118711,0,-0.114826173,0,-0.562842667,0
19.65583611,-32.11130142,1,9.974282265,1,-1.441200256,1,4.991629124,1,8.852128029,1,-7.765454292,1,-0.648368061,0,-0.105061874,0,-0.608237445,0
19.65983582,-34.00987625,1,11.12144852,1,-2.576766253,1,5.1129632,1,8.859840393,1,-8.477776527,1,-0.623398542,0,-0.095857702,0,-0.655656219,0
19.66383743,-35.77014923,1,11.39139843,1,-3.609590054,1,5.163793087,1,8.861302376,1,-8.595443726,1,-0.598408341,0,-0.086479627,0,-0.704251409,0
19.66783524,-37.44170761,1,10.12038803,1,-4.498820305,1,5.163866043,1,8.669473648,1,-8.597102165,1,-0.573809445,0,-0.076175176,0,-0.752520204,0
19.67183495,-39.42369461,1,8.694460869,1,-5.988464355,1,5.100786686,1,8.283599854,1,-8.599689484,1,-0.549901843,0,-0.065795563,0,-0.79981184,0
19.67583656,-40.89589691,1,6.224033356,1,-8.081215858,1,4.911551952,1,7.885581493,1,-8.603791237,1,-0.52705121,0,-0.055663116,0,-0.846025109,0
19.67983437,-42.57057953,1,3.601281881,1,-9.668569565,1,4.622335434,1,7.485168934,1,-8.607655525,1,-0.505663753,0,-0.045923084,0,-0.891193449,0
19.68383408,-46.11177444,1,1.576504827,1,-10.69290924,1,4.233124733,1,7.103386402,1,-8.610647202,1,-0.486090988,0,-0.036661435,0,-0.935392022,0
19.68783569,-53.26052475,1,-1.80623281,1,-11.77545261,1,3.62497735,1,6.85083437,1,-8.615872383,1,-0.765736043,0,-0.011025652,0,-1.055694342,0
19.6918335,-61.68025208,1,-6.071902275,1,-12.19577789,1,2.801197052,1,6.824917793,1,-8.618503571,1,-0.752286315,0,-0.014931726,0,-1.099491835,0
19.69583321,-68.0070343,1,-7.106409073,1,-12.42423439,1,1.944529533,1,6.912881374,1,-8.586274147,1,-0.742084742,0,-0.018190017,0,-1.143421769,0
19.69983482,-73.06877136,1,-3.842214108,1,-12.54093456,1,1.264091611,1,7.027725697,1,-7.939042568,1,-0.734885097,0,-0.019855075,0,-1.186675787,0
19.70383263,-78.34970093,1,1.657395124,1,-11.98793221,1,0.789565146,1,7.206904411,1,-7.285405159,1,-0.73001194,0,-0.01906433,0,-1.228338122,0
19.70783043,-82.1594696,1,7.065443516,1,-9.745077133,1,0.690331221,1,7.438785553,1,-6.56859684,1,-0.72643429,0,-0.015617678,0,-1.26851964,0
19.71183205,-84.60929871,1,11.83064365,1,-6.625504017,1,0.895219207,1,7.566444397,1,-5.804964542,1,-0.722815931,0,-0.009555007,0,-1.306969285,0
19.71582985,-83.54925537,1,14.11331081,1,-3.22521925,1,1.283005357,1,7.377789021,1,-4.952409267,1,-0.718267322,0,-0.001241178,0,-1.342963934,0
19.71982956,-82.22766876,1,14.19684124,1,-0.094253115,1,1.675941825,1,6.78897047,1,-3.942056656,1,-0.712458253,0,0.008546545,0,-1.375059605,0
19.72383118,-82.96218109,1,12.29470444,1,4.218766689,1,1.935303807,1,5.915434361,1,-2.857846975,1,-0.705550909,0,0.01900859,0,-1.401967525,0
19.72782898,-83.05529785,1,10.74777985,1,7.826455593,1,2.000979662,1,4.83806324,1,-1.815806031,1,-0.698134542,0,0.029445941,0,-1.423029065,0
19.73182869,-82.82056427,1,11.59672642,1,10.50253487,1,1.957851768,1,3.572079659,1,-0.817964733,1,-0.690718591,0,0.039021708,0,-1.437835336,0
19.73583031,-83.63645172,1,14.9569664,1,10.74348736,1,1.964792013,1,2.378599882,1,0.054802898,1,-0.683189392,0,0.047331091,0,-1.446510315,0
19.73982811,-84.17079163,1,14.73691177,1,11.87255955,1,1.898038268,1,1.433327556,1,0.677949607,1,-0.675638258,0,0.054129865,0,-1.450084805,0
19.74382782,-84.073349,1,12.7686739,1,13.53130436,1,1.734519005,1,0.726425409,1,1.137601495,1,-0.668322682,0,0.059748609,0,-1.449879766,0
19.74782944,-82.11921692,1,9.491883278,1,15.60218906,1,1.441499352,1,0.115758665,1,1.585217476,1,-0.661749125,0,0.06440571,0,-1.446646333,0
19.75183296,-77.51139832,1,6.075199127,1,16.95707512,1,1.053111792,1,-0.501545966,1,2.133057833,1,-0.656326711,0,0.068339668,0,-1.440295935,0
19.75583077,-71.54555511,1,4.955758095,1,16.9550705,1,0.648113906,1,-1.141420007,1,2.728710651,1,-0.652262986,0,0.071650848,0,-1.430563688,0
19.75983238,-64.20052338,1,5.708498001,1,16.16460228,1,0.40832147,1,-1.813164234,1,3.288648844,1,-0.649240911,0,0.074246831,0,-1.417355537,0
19.76383019,-57.40220261,1,7.926241875,1,15.3497982,1,0.351315498,1,-2.507792711,1,3.706967354,1,-0.64653945,0,0.075812399,0,-1.400904894,0
19.7678299,-51.7218399,1,8.079891205,1,13.93287849,1,0.373014122,1,-3.199828148,1,3.963240385,1,-0.643632531,0,0.075950965,0,-1.381688714,0
19.77183151,-46.50236511,1,5.245317936,1,12.16551304,1,0.329292834,1,-3.828687429,1,3.991053104,1,-0.640573025,0,0.074244201,0,-1.360400081,0
19.77582932,-40.26897812,1,0.513972104,1,10.92180252,1,0.070038982,1,-4.399976254,1,3.760747671,1,-0.638093352,0,0.07030762,0,-1.338011146,0
19.77982903,-31.48619652,1,-3.557650805,1,8.332046509,1,-0.449289382,1,-4.957750797,1,3.359452724,1,-0.637239218,0,0.063781522,0,-1.315392256,0
19.78383064,60.26652908,1,-28.95198059,1,-20.14291573,1,-4.225299358,1,-6.625054836,1,2.653142214,1,-0.644507706,0,0.052895717,0,-1.291572452,0
19.78782845,-46.33125687,1,-14.79903603,1,16.11178017,1,-3.96715641,1,-8.816928864,1,3.508988142,1,-0.659041703,0,0.03484555,0,-1.263006806,0
19.79182816,57.01321793,1,-68.51765442,1,-23.62538528,1,-5.037138462,1,-8.618035316,1,4.218096256,1,-0.676570237,0,0.016938424,0,-1.229355454,0
19.79583168,55.50722885,1,-75.01065063,1,-68.7414093,1,-6.788901806,1,-8.897663116,1,7.429813862,1,-0.699260712,0,0.003871033,0,-1.189769387,0
19.79982758,-25.48162079,1,-133.9977875,1,-125.0522232,1,-8.629196167,1,-8.942306519,1,8.615517616,1,-0.731813312,0,-0.001276374,0,-1.141229391,0
19.80382729,-195.3325958,1,-60.19623184,1,-87.17614746,1,-8.626596451,1,-8.942689896,1,8.614993095,1,-0.766460776,0,-0.004002165,0,-1.091639519,0
19.80783081,-138.5562134,1,48.90278625,1,-3.768245459,1,-8.626939774,1,-8.943879128,1,8.615225792,1,-0.801195443,0,-0.005007884,0,-1.041982293,0
19.81182861,-176.6265411,1,43.05681992,1,-131.1472931,1,-7.682067394,1,-7.875864983,1,4.575866699,1,-0.83500886,0,-0.007251267,0,-0.996503174,0
19.81582832,-129.4402466,1,178.8464203,1,-1.522410393,1,-5.196850777,1,0.349974275,1,0.85886997,1,-0.863642573,0,-0.007630184,0,-0.98267591,0
19.81982994,53.08345032,1,132.953064,1,1.119504094,1,0.578600347,1,-4.519723892,1,1.844182014,1,-0.869332612,0,-0.010952931,0,-0.971721828,0
19.82382774,48.80990982,1,45.73184586,1,-30.59521866,1,1.835680842,1,-3.755883217,1,3.234320402,1,-0.865208805,0,-0.01340951,0,-0.951752126,0
19.82782745,-16.05754089,1,-56.70518875,1,-5.068420887,1,0.938520968,1,-2.331581593,1,3.351760149,1,-0.859847903,0,-0.010945508,0,-0.934461892,0
19.83182907,-68.85037231,1,-79.17444611,1,25.11749458,1,-0.260091901,1,-1.766985893,1,0.690223157,1,-0.857349217,0,-0.010251463,0,-0.922245204,0
19.83582687,-29.80116463,1,10.91325474,1,2.994034529,1,-1.151960969,1,-2.316749811,1,1.184012771,1,-0.861515462,0,-0.013587327,0,-0.913987398,0
19.83982468,-21.87480545,1,66.37717438,1,-11.51776409,1,0.418140978,1,-0.762815058,1,1.432671309,1,-0.862967312,0,-0.012956356,0,-0.905789733,0
19.84382629,-6.963632107,1,-12.82929516,1,-17.34510803,1,0.849093616,1,-1.139637589,1,1.12293756,1,-0.860141635,0,-0.01149602,0,-0.899382055,0
19.8478241,0.321479261,1,-49.46228027,1,-5.972103596,1,-0.094614238,1,-1.360952616,1,0.942331433,1,-0.858603776,0,-0.011844851,0,-0.893395782,0
19.85182381,0.812670946,1,-21.72374344,1,-16.22787476,1,-0.656269968,1,-1.52770853,1,1.801325202,1,-0.860389709,0,-0.011572471,0,-0.885273397,0
19.85582542,0.585059762,1,6.956008434,1,-19.25000381,1,-0.297051877,1,-1.584451675,1,1.862779617,1,-0.862509608,0,-0.009745037,0,-0.875632286,0
19.85982323,-4.798741817,1,5.231969357,1,-16.06597519,1,0.028967278,1,-1.945666671,1,1.604860067,1,-0.86316967,0,-0.00915716,0,-0.865871131,0
19.86382294,-10.56127071,1,-7.171373367,1,-10.92996216,1,0.099119566,1,-2.123110294,1,1.74948144,1,-0.862878323,0,-0.009439371,0,-0.85533154,0
19.86782455,-10.59951305,1,-17.69437408,1,-5.349489212,1,0.124645188,1,-2.140468836,1,1.994407177,1,-0.862562358,0,-0.009338873,0,-0.843970835,0
19.87182236,-2.465162516,1,-18.42082024,1,-9.142532349,1,-0.063871682,1,-2.145395279,1,2.358034134,1,-0.862470448,0,-0.008239155,0,-0.831819534,0
19.87582779,-3.661579847,1,-7.226961613,1,-10.5974369,1,-0.16353257,1,-2.377504587,1,2.330145836,1,-0.863128066,0,-0.006863857,0,-0.818790197,0
19.87982941,-4.428756237,1,3.568141937,1,-16.91881943,1,-0.434385091,1,-2.733215809,1,2.10894537,1,-0.864335179,0,-0.006730339,0,-0.805294752,0
19.88382721,-2.341314077,1,4.061356068,1,-19.97900009,1,-0.465888411,1,-3.339253902,1,1.908069849,1,-0.866392195,0,-0.008481067,0,-0.790906847,0
19.88782692,-5.513117313,1,1.997524023,1,-21.93045807,1,-0.201236144,1,-4.05877924,1,1.766326189,1,-0.867979705,0,-0.012449586,0,-0.774850011,0
19.89182854,-6.511571407,1,0.286841601,1,-20.73967171,1,0.13843751,1,-4.751961708,1,1.790514231,1,-0.868258238,0,-0.018404448,0,-0.756808996,0
19.89582634,-7.504299164,1,-0.256581128,1,-25.19553947,1,0.19594495,1,-5.636882782,1,1.757109284,1,-0.868041635,0,-0.026425576,0,-0.736341476,0
19.89982605,-1.873649478,1,1.399998307,1,-25.38934326,1,0.340713382,1,-6.363186359,1,1.86035943,1,-0.867673457,0,-0.036469392,0,-0.713395834,0
19.90382767,0.628313541,1,-2.951436043,1,-28.52206421,1,0.317809552,1,-7.287003994,1,2.060377359,1,-0.867367506,0,-0.048178263,0,-0.687386274,0
19.90782547,3.586975336,1,-1.859128714,1,-29.91685867,1,0.50311178,1,-8.176713943,1,2.222456932,1,-0.867427528,0,-0.061592281,0,-0.658352017,0
19.91182518,3.377787828,1,-8.499303818,1,-33.94908524,1,0.900266588,1,-8.710659027,1,2.518945217,1,-0.866885185,0,-0.076543994,0,-0.626038134,0
19.9158268,4.820314407,1,-15.56358624,1,-30.68165207,1,1.10123384,1,-8.707919121,1,2.980107546,1,-0.86559546,0,-0.090774834,0,-0.59229517,0
19.9198246,9.951197624,1,-16.42447281,1,-25.9048996,1,1.080857158,1,-8.712193489,1,3.631339073,1,-0.864609361,0,-0.103331372,0,-0.55704999,0
19.92382431,4.971560001,1,-15.53815174,1,-16.10141563,1,0.559930861,1,-8.728667259,1,4.425149918,1,-0.865237832,0,-0.113751322,0,-0.519878387,0
19.92782593,-0.852621555,1,-11.39166451,1,-9.321893692,1,-0.350235254,1,-8.752625465,1,5.302865028,1,-0.8694157,0,-0.121506773,0,-0.480334431,0
19.93182373,-11.62491417,1,-6.941063404,1,-7.562962532,1,-1.089971542,1,-8.770432472,1,5.906322002,1,-0.87756741,0,-0.126729235,0,-0.43866536,0
19.93582344,-14.71838474,1,3.143668175,1,-3.425660133,1,-1.145814776,1,-8.772469521,1,6.029962063,1,-0.887776077,0,-0.130576372,0,-0.396050006,0
19.93982506,-26.53066635,1,6.33582449,1,-6.057349205,1,-0.321021259,1,-8.756196976,1,6.469183445,1,-0.793527722,0,-0.033598591,0,-0.719662666,0
19.94382286,-66.37019348,1,4.784626961,1,-11.97570705,1,0.846647203,1,-8.730581284,1,6.127120018,1,-0.794081807,0,-0.040041566,0,-0.676925898,0
19.94782257,-102.118988,1,-2.613044977,1,-22.99653244,1,1.945914626,1,-8.706328392,1,5.702764034,1,-0.790292144,0,-0.047697064,0,-0.635464132,0
19.95182419,-121.9670868,1,-18.60269737,1,-28.76493645,1,2.633700371,1,-8.688876152,1,5.270303249,1,-0.783100903,0,-0.056599565,0,-0.59515965,0
19.95582199,-127.6977615,1,-27.1232357,1,-27.2858181,1,2.50953722,1,-8.687059402,1,4.225933552,1,-0.774936557,0,-0.06791503,0,-0.557092726,0
19.9598217,-112.2658768,1,-26.43133926,1,-21.89740753,1,1.504682899,1,-8.699539185,1,2.732538462,1,-0.769363403,0,-0.082913682,0,-0.522557557,0
19.96382141,-70.04690552,1,-29.52737617,1,-15.22850895,1,0.526216745,1,-7.485282421,1,0.850175142,1,-0.767901421,0,-0.102267087,0,-0.49428612,0
19.96781921,-30.09685707,1,-36.41884232,1,-4.199805737,1,-1.802827954,1,-5.134640217,1,0.474171549,1,-0.771896601,0,-0.118523762,0,-0.475264102,0
19.97181892,-16.42812538,1,-11.04906082,1,3.015733719,1,-2.176256418,1,-7.701108456,1,1.440787435,1,-0.783386588,0,-0.133693874,0,-0.454513043,0
19.97582054,-78.71260071,1,-16.24979019,1,-20.76547623,1,-2.946840525,1,-6.073001385,1,1.228237867,1,-0.796899736,0,-0.149821192,0,-0.430740744,0
19.97981834,-43.58565521,1,-8.931677818,1,-15.45396709,1,-3.520019293,1,-5.225291729,1,1.496580124,1,-0.81308502,0,-0.161062405,0,-0.410979033,0
19.98381805,-20.99534225,1,2.809781551,1,-16.0381012,1,-3.093257666,1,-6.550518513,1,2.000303268,1,-0.830287695,0,-0.171792716,0,-0.388867438,0
19.98781967,-29.80020905,1,9.391324043,1,-15.29845905,1,-1.84231019,1,-8.190695763,1,2.929463863,1,-0.845342875,0,-0.184407949,0,-0.35996294,0
19.99181747,-46.67455292,1,10.31279182,1,-17.52346992,1,-0.586887538,1,-8.7502985,1,4.067191601,1,-0.85698998,0,-0.196371466,0,-0.324206173,0
19.99583054,-55.13924026,1,8.528106689,1,-19.17054367,1,0.848311424,1,-8.697954178,1,4.584959984,1,-0.864149451,0,-0.205903068,0,-0.285576195,0
19.99983788,-61.21793365,1,2.158655405,1,-21.90859985,1,1.98453033,1,-8.060912132,1,5.107953072,1,-0.866539836,0,-0.212957144,0,-0.246601656,0
20.0038414,-62.70630264,1,-4.44862318,1,-26.00786591,1,2.784159422,1,-7.226960659,1,5.661973476,1,-0.865030646,0,-0.216356307,0,-0.208476096,0
20.00784111,-59.88695145,1,-12.18164825,1,-30.05965042,1,3.197469473,1,-6.482169151,1,6.235061169,1,-0.860955,0,-0.216025963,0,-0.171337664,0
20.01184273,-56.76691055,1,-19.65236664,1,-34.26115799,1,3.264995813,1,-5.90157795,1,6.63330555,1,-0.855714083,0,-0.212691486,0,-0.134946749,0
20.01584053,-51.48876572,1,-25.72275925,1,-36.73745728,1,3.063930988,1,-5.519817829,1,6.932105064,1,-0.850477278,0,-0.207202509,0,-0.099157654,0
20.01983833,-45.54008865,1,-29.32461739,1,-37.97483826,1,2.729017735,1,-5.450829506,1,7.170979977,1,-0.846117616,0,-0.200500727,0,-0.063347094,0
20.02383995,-42.19420624,1,-31.70952415,1,-38.67237473,1,2.355317354,1,-5.576159477,1,7.26627636,1,-0.843063831,0,-0.193510965,0,-0.026974948,0
20.02783775,-41.29889679,1,-33.52865601,1,-38.53361893,1,1.990788341,1,-5.656318665,1,7.177819252,1,-0.841325402,0,-0.186887115,0,0.009716706,0
20.03183937,-43.5692215,1,-35.32186508,1,-38.30173111,1,1.664145708,1,-5.755115509,1,6.914970398,1,-0.840717494,0,-0.181057036,0,0.046172705,0
20.03583908,-41.46027756,1,-36.57884979,1,-37.73680878,1,1.299174547,1,-5.710547447,1,6.497374058,1,-0.841100812,0,-0.176273361,0,0.081711106,0
20.03983688,-42.04618835,1,-38.0009613,1,-37.08502197,1,0.94488579,1,-5.688670635,1,6.017119884,1,-0.84252286,0,-0.172808751,0,0.115931869,0
20.04383659,-39.50550461,1,-39.12158966,1,-36.40325165,1,0.551315725,1,-5.673772335,1,5.476967812,1,-0.845125914,0,-0.170706168,0,0.14866221,0
20.04784012,-37.39201355,1,-39.96730042,1,-36.10538483,1,0.137898982,1,-5.731963634,1,4.938530922,1,-0.849059403,0,-0.170207262,0,0.179980159,0
20.05183601,-35.94845963,1,-40.53741837,1,-36.11068726,1,-0.294860601,1,-5.836903095,1,4.422482014,1,-0.854487419,0,-0.171358228,0,0.210152328,0
20.05583572,-34.00409317,1,-40.537323,1,-36.18938446,1,-0.742202759,1,-5.978055477,1,3.936057568,1,-0.861596167,0,-0.174174026,0,0.239389941,0
20.05983925,-32.00593567,1,-39.41003418,1,-36.47225571,1,-1.152959347,1,-6.15526247,1,3.511424303,1,-0.870398939,0,-0.178551182,0,0.267946482,0
20.06383705,-30.11623764,1,-37.02649307,1,-36.94623184,1,-1.478383541,1,-6.370183468,1,3.123318195,1,-0.88076216,0,-0.184413716,0,0.296135873,0
20.06783676,-29.21047211,1,-33.48288727,1,-37.66274261,1,-1.66245544,1,-6.577773094,1,2.760070562,1,-0.8923347,0,-0.191680208,0,0.324138641,0
20.07183838,-28.3699646,1,-30.29838181,1,-38.49453354,1,-1.667948127,1,-6.745007515,1,2.442648411,1,-0.90445745,0,-0.200141937,0,0.352001011,0
20.07583618,-27.93349266,1,-27.50235748,1,-38.98938751,1,-1.529158473,1,-6.857419968,1,2.170285702,1,-0.916513562,0,-0.209564075,0,0.379727602,0
20.07983398,-28.04940605,1,-25.85903358,1,-39.71759415,1,-1.323095679,1,-6.903784752,1,1.954481125,1,-0.928099453,0,-0.219626799,0,0.407285929,0
20.0838356,-28.38445663,1,-24.78375626,1,-39.59590149,1,-1.129550099,1,-6.821501732,1,1.772591233,1,-0.939065099,0,-0.229980797,0,0.434479028,0
20.08783341,-28.11539459,1,-24.5274868,1,-39.65228653,1,-0.966042638,1,-6.659937859,1,1.622242332,1,-0.949425042,0,-0.240312621,0,0.461055875,0
20.09183312,-26.46090508,1,-23.84036636,1,-39.63683701,1,-0.869942605,1,-6.413065434,1,1.485073924,1,-0.959336519,0,-0.25037688,0,0.486752152,0
20.09583473,-24.21480179,1,-22.98080635,1,-39.3853302,1,-0.80458492,1,-6.159337997,1,1.363284588,1,-0.968918562,0,-0.260046691,0,0.511449993,0
20.09983254,-21.98538017,1,-21.60991478,1,-39.05854416,1,-0.755148828,1,-5.884359837,1,1.270895004,1,-0.978233755,0,-0.269228965,0,0.535155654,0
20.10383225,-19.44732475,1,-19.97847176,1,-38.69087982,1,-0.722015262,1,-5.598962784,1,1.206308246,1,-0.987322152,0,-0.277853966,0,0.557866573,0
20.10783386,-16.99192619,1,-18.90325737,1,-38.58059311,1,-0.700866699,1,-5.295679092,1,1.15136981,1,-0.996193826,0,-0.28583318,0,0.579535007,0
20.11183167,-14.64176846,1,-18.18789291,1,-38.17624664,1,-0.706631064,1,-4.975468159,1,1.122383952,1,-1.004878044,0,-0.293105334,0,0.600137353,0
20.1158371,-12.3000946,1,-17.75053215,1,-37.96308899,1,-0.735470653,1,-4.641513348,1,1.133291483,1,-1.013456941,0,-0.299535811,0,0.619665921,0
20.11983872,-9.309565544,1,-17.30694389,1,-37.65833282,1,-0.811227798,1,-4.28873682,1,1.174348235,1,-1.022030592,0,-0.304990709,0,0.638126016,0
20.12383843,-6.0094347,1,-16.60261536,1,-37.20893478,1,-0.880509377,1,-3.924590588,1,1.241667509,1,-1.03066957,0,-0.309374243,0,0.655494928,0
20.12783814,-2.625333786,1,-15.59041595,1,-36.51381302,1,-0.950024426,1,-3.515938044,1,1.319046736,1,-1.039302468,0,-0.31257844,0,0.671696663,0
20.13183975,1.268682957,1,-13.60344124,1,-35.52518845,1,-0.966821253,1,-3.043745041,1,1.397840977,1,-1.047721982,0,-0.314485908,0,0.686499119,0
20.13583565,5.436389446,1,-10.22012806,1,-33.86702728,1,-0.899339736,1,-2.480853558,1,1.449109435,1,-1.055529714,0,-0.315035582,0,0.699597061,0
20.13983536,10.35029125,1,-7.211206913,1,-31.48378372,1,-0.737062097,1,-1.705722213,1,1.446476221,1,-1.062138557,0,-0.314107895,0,0.7103163,0
20.14383698,17.19619751,1,-5.676465034,1,-29.85663033,1,-0.514177859,1,-0.755924225,1,1.368566275,1,-1.066935062,0,-0.311571538,0,0.717742026,0
20.14783478,26.45804596,1,-3.384562969,1,-28.5848999,1,-0.307211608,1,0.243039116,1,1.201671004,1,-1.069655418,0,-0.307556748,0,0.721296489,0
20.15183449,35.02758408,1,-2.309255123,1,-26.83626366,1,-0.061747916,1,1.317211747,1,1.017702579,1,-1.070228219,0,-0.302165926,0,0.72066015,0
20.15583611,41.8065567,1,-0.867420554,1,-25.82122231,1,0.212851241,1,2.420914173,1,0.85024929,1,-1.068447471,0,-0.295310795,0,0.715691864,0
20.15983391,49.50531006,1,-1.252950311,1,-25.9337883,1,0.381318182,1,3.628219843,1,0.723366618,1,-1.064506888,0,-0.286731541,0,0.706230998,0
20.16383362,59.45434952,1,-4.311344147,1,-27.87108231,1,0.327823728,1,4.948917389,1,0.617064059,1,-1.059094191,0,-0.276034236,0,0.692038178,0
20.16783524,64.56053162,1,-4.028909683,1,-29.93062782,1,0.187096193,1,6.377718449,1,0.352310479,1,-1.05290103,0,-0.263119221,0,0.6726017,0
20.17183304,62.21969986,1,-2.629347563,1,-33.74649048,1,0.153073221,1,7.746609211,1,-0.181046546,1,-1.04591012,0,-0.248707294,0,0.647489727,0
20.17583275,52.22840118,1,-10.5902462,1,-34.01106644,1,0.044272549,1,8.709142685,1,-0.919772506,1,-1.038073182,0,-0.233694628,0,0.616644919,0
20.17983246,35.85154724,1,-11.51104736,1,-33.88591766,1,-0.357308954,1,8.706801414,1,-1.76818049,1,-1.031115294,0,-0.220490023,0,0.583113194,0
20.18383026,21.78620911,1,-8.041773796,1,-31.46580124,1,-0.647925854,1,8.705753326,1,-2.683057308,1,-1.025704622,0,-0.210130945,0,0.547886908,0
20.18782997,17.60645485,1,-4.614155293,1,-27.940588,1,-0.453916341,1,8.715368271,1,-3.538988113,1,-1.032489419,0,-0.224686861,0,0.556765914,0
20.19183159,14.96480179,1,-4.058399677,1,-25.27100945,1,-0.103134185,1,8.726208687,1,-4.301775932,1,-1.024991512,0,-0.22016497,0,0.517810464,0
20.19582939,9.796079636,1,-6.382135868,1,-23.29291153,1,0.105007097,1,8.733736038,1,-4.850019932,1,-1.016193151,0,-0.217561722,0,0.477482945,0
20.1998291,2.383571148,1,-7.884081841,1,-21.61356163,1,0.221604243,1,8.738212585,1,-5.23130846,1,-1.006658912,0,-0.216140822,0,0.436181039,0
20.20383072,-4.086952686,1,-8.518659592,1,-20.60961151,1,0.38164705,1,8.743180275,1,-5.476020336,1,-0.996501029,0,-0.215367079,0,0.394196928,0
20.20782852,-8.891802788,1,-7.249592304,1,-20.86548615,1,0.665989578,1,8.749842644,1,-5.596495628,1,-0.985380411,0,-0.214745134,0,0.351809323,0
20.21182823,-13.51965618,1,-5.795203209,1,-21.78616524,1,1.070722938,1,8.757666588,1,-5.609918118,1,-0.972883403,0,-0.213831291,0,0.309268266,0
20.21582985,-17.052145,1,-4.743955135,1,-23.00819588,1,1.561963677,1,8.768677711,1,-5.564047813,1,-0.958636582,0,-0.21229662,0,0.26675868,0
20.21982765,-21.11194229,1,-4.965388775,1,-25.14702415,1,2.125394106,1,8.778846741,1,-5.440826893,1,-0.942389965,0,-0.209819287,0,0.224464327,0
20.22382736,-24.88711929,1,-6.432256222,1,-26.45251274,1,2.63229394,1,8.788474083,1,-5.245026588,1,-0.92420572,0,-0.206100881,0,0.182597101,0
20.22782898,-28.39253616,1,-9.978868484,1,-26.00218582,1,2.983862877,1,8.794146538,1,-4.949395657,1,-0.904603601,0,-0.200815052,0,0.141432181,0
20.23182488,-30.31317902,1,-13.65280819,1,-25.03899002,1,3.10573554,1,8.793096542,1,-4.540049553,1,-0.884515762,0,-0.193607882,0,0.101339951,0
20.23583221,-30.83010483,1,-15.20475674,1,-23.79674911,1,3.067192793,1,8.790592194,1,-4.091941833,1,-0.864853382,0,-0.184316322,0,0.062584355,0
20.23983383,-30.21325874,1,-15.61344242,1,-22.22388268,1,2.97822237,1,8.785880089,1,-3.591831446,1,-0.846153677,0,-0.172862113,0,0.025377247,0
20.24383164,-29.6847496,1,-15.2197628,1,-20.98940277,1,2.90342021,1,8.782119751,1,-3.063636065,1,-0.828534245,0,-0.159222558,0,-0.010112632,0
20.24783135,-29.91104698,1,-15.16392136,1,-19.87727928,1,2.890230417,1,8.777874947,1,-2.564215183,1,-0.811883092,0,-0.143485785,0,-0.043841273,0
20.25183296,-30.85149956,1,-14.43735886,1,-18.73743057,1,2.960884094,1,8.776730537,1,-2.17460227,1,-0.795880497,0,-0.125926152,0,-0.07596527,0
20.25583267,-32.12493896,1,-12.95184326,1,-17.4666729,1,3.108215094,1,8.778813362,1,-1.915911317,1,-0.780159235,0,-0.106944896,0,-0.106811486,0
20.25983238,-32.35435486,1,-11.35515118,1,-15.53139973,1,3.32858634,1,8.782414436,1,-1.808605194,1,-0.76441431,0,-0.086953878,0,-0.136764288,0
20.263834,-31.51607323,1,-8.824897766,1,-13.84440613,1,3.648833036,1,8.78864193,1,-1.816025138,1,-0.748236477,0,-0.066356234,0,-0.166225851,0
20.2678318,-29.33623695,1,-5.42413044,1,-11.80547047,1,4.125423431,1,8.800639153,1,-1.905039549,1,-0.731098592,0,-0.045374285,0,-0.19546406,0
20.27182961,-26.26504326,1,-3.262110233,1,-9.093960762,1,4.743893623,1,8.812994957,1,-2.064876318,1,-0.712382734,0,-0.024166834,0,-0.224700853,0
20.27583122,-23.60253525,1,-2.875618696,1,-6.714498043,1,5.393287659,1,8.829185486,1,-2.304507494,1,-0.691682041,0,-0.002860364,0,-0.254150808,0
20.27982903,-21.02235603,1,-4.588103294,1,-4.834269524,1,5.875770092,1,8.840788841,1,-2.617477179,1,-0.669327497,0,0.018421248,0,-0.284027159,0
20.28382874,-18.86437988,1,-7.171378613,1,-3.603825808,1,6.098768234,1,8.847465515,1,-2.978225946,1,-0.646199703,0,0.039592009,0,-0.314504057,0
20.28783035,-17.09929085,1,-9.645266533,1,-2.713584185,1,6.066185474,1,8.848656654,1,-3.406790018,1,-0.623377085,0,0.060529917,0,-0.345799595,0
20.29182816,-16.0557785,1,-10.77053547,1,-2.408030748,1,5.831204891,1,8.84733963,1,-3.916027546,1,-0.601834893,0,0.081078343,0,-0.378201067,0
20.29582787,-15.43178463,1,-10.33499527,1,-2.249251604,1,5.513905525,1,8.844596863,1,-4.472708702,1,-0.582232058,0,0.101092719,0,-0.411988348,0
20.29982948,-16.18263054,1,-8.267028809,1,-2.902002096,1,5.291445732,1,8.843641281,1,-5.073681355,1,-0.564576983,0,0.120460518,0,-0.447426975,0
20.30382729,-17.89922523,1,-5.376581192,1,-3.843174934,1,5.250883579,1,8.846496582,1,-5.71121645,1,-0.548379183,0,0.139118522,0,-0.48472774,0
20.307827,-17.98070908,1,3.475511312,1,-8.535823822,1,5.427646637,1,8.854701996,1,-6.509936333,1,-0.532935143,0,0.156902641,0,-0.524315715,0
20.31182861,-19.80750656,1,4.335886002,1,-8.744535446,1,5.713932037,1,8.864582062,1,-7.300819874,1,-0.517651796,0,0.173696563,0,-0.566588521,0
20.31582642,-20.30732346,1,7.141868114,1,-10.86472607,1,6.149675846,1,8.7248106,1,-7.946208954,1,-0.501992583,0,0.18965058,0,-0.61118561,0
20.31982613,-22.69559097,1,8.178931236,1,-11.75788689,1,6.658501148,1,8.255291939,1,-8.532244682,1,-0.485422939,0,0.203876033,0,-0.65720588,0
20.32382774,-24.71057701,1,7.226844311,1,-13.47505665,1,7.186066628,1,7.882726669,1,-8.595340729,1,-0.467365086,0,0.216809288,0,-0.703521252,0
20.32782555,-28.31755638,1,5.062887192,1,-15.61061859,1,7.462141514,1,7.588593483,1,-8.595684052,1,-0.44808504,0,0.229342386,0,-0.749153852,0
20.33182335,-32.75708771,1,1.015296221,1,-16.88331223,1,7.422540188,1,7.438282967,1,-8.596977234,1,-0.428777099,0,0.241940394,0,-0.794280052,0
20.33582497,-37.70672226,1,-3.866212368,1,-18.45730782,1,7.013465405,1,7.392400265,1,-8.598444939,1,-0.410819322,0,0.254984975,0,-0.839134276,0
20.33982277,-41.42146683,1,-9.803985596,1,-20.04166031,1,6.19482708,1,7.425331593,1,-8.600964546,1,-0.395894825,0,0.268740505,0,-0.883920908,0
20.34382248,-44.23681259,1,-14.12987137,1,-21.74203491,1,5.058908463,1,7.497398853,1,-8.60580349,1,-0.385579646,0,0.28322956,0,-0.928792715,0
20.3478241,-46.74981308,1,-15.20298767,1,-23.30206871,1,3.843803406,1,7.57414484,1,-8.609727859,1,-0.380717278,0,0.298318863,0,-0.973875761,0
20.3518219,-48.32263565,1,-13.14191628,1,-24.61493111,1,2.779057026,1,7.688878059,1,-8.612336159,1,-0.381233037,0,0.313862205,0,-1.019303322,0
20.35582733,-50.24860001,1,-8.009083748,1,-25.93410492,1,2.119415045,1,7.792588711,1,-8.614569664,1,-0.386068493,0,0.329685599,0,-1.065188646,0
20.35982895,-53.05706406,1,-1.833690882,1,-26.91609573,1,1.934641719,1,7.898024082,1,-8.613696098,1,-0.393457472,0,0.345628619,0,-1.111605167,0
20.36382675,-56.57266998,1,3.534034967,1,-27.12023544,1,2.164739132,1,8.003489494,1,-8.573781013,1,-0.401600838,0,0.361635923,0,-1.15855372,0
20.36782646,-59.97815704,1,7.094774723,1,-25.53371239,1,2.659738302,1,8.069945335,1,-8.166982651,1,-0.408833265,0,0.377973765,0,-1.205166817,0
20.37182808,-62.03052139,1,6.677620411,1,-22.31537437,1,3.182220221,1,8.054866791,1,-7.673783302,1,-0.414206505,0,0.394877136,0,-1.250475168,0
20.37582588,-62.1809845,1,4.809761524,1,-19.18494415,1,3.488200665,1,7.751671791,1,-7.089981079,1,-0.417805851,0,0.411946177,0,-1.293794513,0
20.37982559,-62.66545105,1,2.695670366,1,-15.65183067,1,3.487333059,1,7.093243122,1,-6.423274994,1,-0.420254081,0,0.428098917,0,-1.334141612,0
20.38382721,-62.49110031,1,3.751131773,1,-12.77494431,1,3.342296839,1,6.217140675,1,-5.624515533,1,-0.421845555,0,0.442632973,0,-1.370428205,0
20.38782501,-64.86647797,1,9.095954895,1,-10.03692436,1,3.250963926,1,5.090120792,1,-4.821241379,1,-0.422344208,0,0.454696596,0,-1.401870131,0
20.39182472,-67.17937469,1,12.54450703,1,-7.85906744,1,3.308105469,1,4.051868916,1,-4.028393745,1,-0.42092365,0,0.464106739,0,-1.428182006,0
20.39582634,-70.88238525,1,12.03011227,1,-4.984865189,1,3.27091217,1,3.190804958,1,-3.291375875,1,-0.417417169,0,0.471330196,0,-1.449744701,0
20.39982414,-73.31419373,1,8.445946693,1,-0.755523682,1,2.915837526,1,2.575583935,1,-2.525329828,1,-0.41280356,0,0.477122366,0,-1.466931462,0
20.40382385,-72.5175705,1,6.606660366,1,3.469090223,1,2.366192579,1,2.06640625,1,-1.725708604,1,-0.40820843,0,0.482237935,0,-1.479886293,0
20.40782738,-70.64608002,1,8.257716179,1,6.615330696,1,1.885944128,1,1.630305886,1,-0.961215675,1,-0.403888941,0,0.486922115,0,-1.488752842,0
20.41182327,-67.10393524,1,15.67855072,1,8.767467499,1,1.635555506,1,1.118706465,1,-0.222528026,1,-0.399206758,0,0.491039634,0,-1.493649364,0
20.41582298,-62.47120285,1,17.07445717,1,10.83183002,1,1.514036059,1,0.65572226,1,0.582680106,1,-0.393324614,0,0.494603127,0,-1.49446547,0
20.41982651,-56.99378204,1,17.00691223,1,11.06120396,1,1.411908269,1,0.07500501,1,1.28913033,1,-0.38587299,0,0.497444928,0,-1.491107225,0
20.42382431,-56.40344238,1,16.80390549,1,10.75645638,1,1.305842876,1,-0.554032326,1,1.78173089,1,-0.37709865,0,0.498847246,0,-1.484165549,0
20.42782402,-58.70953751,1,13.75262547,1,9.071471214,1,0.922619462,1,-1.177014947,1,2.05223012,1,-0.367951691,0,0.498418927,0,-1.474536777,0
20.43182373,-59.79151917,1,8.676178932,1,7.990323544,1,0.177888975,1,-1.77467072,1,2.071036577,1,-0.360323906,0,0.495862842,0,-1.463299513,0
20.43581963,-57.51197052,1,4.341973305,1,7.85848856,1,-0.703651905,1,-2.389748335,1,1.944734097,1,-0.355707765,0,0.490892351,0,-1.45141983,0
20.43981934,-53.22485733,1,2.733110189,1,7.54868269,1,-1.596376896,1,-3.014545441,1,1.741859078,1,-0.706742406,0,0.153421327,0,-1.704201579,0
20.44382286,-46.78282928,1,3.080528975,1,7.54609108,1,-2.263450861,1,-3.669398546,1,1.514226556,1,-0.712468147,0,0.147520825,0,-1.690399408,0
20.44782066,-40.91183472,1,4.644891262,1,8.487850189,1,-2.555109262,1,-4.288071632,1,1.297477722,1,-0.720090747,0,0.139211997,0,-1.675544977,0
20.45182037,-11.3594017,1,0.021874459,1,-13.74494839,1,-2.681740046,1,-5.103131294,1,1.198063374,1,-0.728282213,0,0.128523186,0,-1.659417272,0
20.45582199,17.56747055,1,6.75339222,1,6.033503532,1,-1.923210025,1,-7.588603973,1,2.092445135,1,-0.73575902,0,0.114108972,0,-1.638422847,0
20.45981979,-65.71170807,1,-52.98105621,1,33.47477341,1,-3.984994173,1,-8.660668373,1,3.666361809,1,-0.742523074,0,0.097490802,0,-1.606289744,0
20.4638195,92.55062103,1,-70.98265076,1,-18.0059967,1,-6.155004501,1,-8.87579155,1,5.959061146,1,-0.76044625,0,0.085161686,0,-1.570307016,0
20.46782112,130.0049896,1,-99.31437683,1,-53.31595993,1,-8.065785408,1,-8.931106567,1,8.617497444,1,-0.786114335,0,0.081408389,0,-1.522961617,0
20.47181892,77.46799469,1,-91.29084015,1,-93.22166443,1,-8.628251076,1,-8.943164825,1,8.614800453,1,-0.815955758,0,0.08126127,0,-1.473139524,0
20.47582436,-123.276535,1,29.239645,1,22.51480865,1,-8.626867294,1,-8.942627907,1,8.615607262,1,-0.846393228,0,0.082607612,0,-1.42332685,0
20.47982597,-134.4309235,1,10.34856701,1,-14.68902016,1,-8.626586914,1,-8.942135811,1,8.616034508,1,-0.876728356,0,0.085464835,0,-1.373568892,0
20.48382378,-200.0391541,1,-58.50276947,1,-170.7697906,1,-8.599466324,1,-8.916590691,1,3.709699869,1,-0.907181859,0,0.085950606,0,-1.327031612,0
20.48782349,-18.8455658,1,138.9848785,1,37.95305252,1,-4.518612862,1,8.42037487,1,2.475044966,1,-0.935736239,0,0.098610863,0,-1.327865481,0
20.4918251,111.2968216,1,47.22452164,1,-15.57874012,1,1.746370316,1,-2.747194052,1,-0.822867513,1,-0.93750298,0,0.105498321,0,-1.331327915,0
20.49582291,27.47653961,1,52.51436996,1,32.04050064,1,-0.387857199,1,-2.89715457,1,2.256194592,1,-0.934818447,0,0.102573588,0,-1.322115064,0
20.49982262,-45.61329651,1,14.72230721,1,-28.92769432,1,0.567717195,1,-2.788884401,1,2.836118698,1,-0.93279314,0,0.103067212,0,-1.305189371,0
20.50382233,-43.46459961,1,-26.7961483,1,-4.070330143,1,1.276457906,1,-1.111988425,1,0.646383047,1,-0.927374005,0,0.105004877,0,-1.294926047,0
20.50782013,2.633520603,1,-42.85830688,1,18.62182617,1,-0.371817201,1,-1.827709556,1,1.109560728,1,-0.924758673,0,0.103491448,0,-1.288627386,0
20.51182175,-54.84457779,1,9.052631378,1,15.55321312,1,-0.654386997,1,-1.207687616,1,1.905415177,1,-0.926223278,0,0.104907431,0,-1.279775143,0
20.51582146,-49.89295197,1,16.15695953,1,10.37900162,1,-0.494925886,1,-0.546938419,1,1.271882296,1,-0.927914619,0,0.108034745,0,-1.273079872,0
20.51981926,-3.402673006,1,22.3415947,1,-14.70610714,1,0.33720535,1,-0.440540135,1,0.536915779,1,-0.927940011,0,0.109724477,0,-1.26952672,0
20.52381897,15.99990845,1,-1.11990118,1,-32.17698669,1,0.841955483,1,-1.045328736,1,0.926614344,1,-0.924805462,0,0.110096864,0,-1.26550889,0
20.52782059,5.310285091,1,-31.48748589,1,-16.08324814,1,0.523067296,1,-1.738997579,1,1.278587103,1,-0.921206117,0,0.110417739,0,-1.258355021,0
20.53181839,-9.687763214,1,-30.22701836,1,-9.568919182,1,-0.003035171,1,-1.924170494,1,1.402273774,1,-0.9192518,0,0.110079296,0,-1.249125481,0
20.5358181,7.362176895,1,-6.424603939,1,-16.32533646,1,-0.170332253,1,-1.98728478,1,1.668219566,1,-0.91852951,0,0.110293977,0,-1.239114165,0
20.53981972,1.826572537,1,7.382728577,1,-14.26923561,1,0.013350492,1,-2.179130554,1,1.569427967,1,-0.917850912,0,0.110436819,0,-1.228487968,0
20.54381752,-11.14463997,1,7.536472321,1,-13.43037033,1,0.439927161,1,-2.321153402,1,1.340156794,1,-0.915722251,0,0.109546885,0,-1.217770934,0
20.54781723,-11.48090839,1,4.507816315,1,-10.75754738,1,0.649717093,1,-2.585212946,1,1.303851247,1,-0.912364602,0,0.107693493,0,-1.206688285,0
20.55181885,-6.921494484,1,-5.871614456,1,-8.900829315,1,0.879023373,1,-2.605556011,1,1.53601253,1,-0.907958627,0,0.10572245,0,-1.194949031,0
20.55581665,-7.033982277,1,-24.26205444,1,-5.980375767,1,0.5792135,1,-2.500683069,1,1.741568565,1,-0.903624892,0,0.104635023,0,-1.182780623,0
20.55981636,-2.406455278,1,-16.43193817,1,-8.766162872,1,0.338804126,1,-2.527169704,1,1.723246098,1,-0.900583088,0,0.103881113,0,-1.170563817,0
20.56381798,-0.782844603,1,1.416575789,1,-18.01888275,1,0.086038217,1,-2.915549517,1,1.749762654,1,-0.898365736,0,0.102581725,0,-1.157712936,0
20.56781578,-2.604585171,1,4.717872143,1,-22.05945587,1,0.070713587,1,-3.549924135,1,1.600594401,1,-0.896665633,0,0.099809393,0,-1.143363595,0
20.57181549,-8.061385155,1,10.42794132,1,-22.11164284,1,0.408695251,1,-4.24098444,1,1.341030121,1,-0.894313097,0,0.094600692,0,-1.127403378,0
20.5758152,-6.926262379,1,5.958976746,1,-19.24305534,1,0.821523845,1,-4.792638779,1,1.338805437,1,-0.890201867,0,0.087424405,0,-1.109883547,0
20.579813,-8.501496315,1,-5.816372871,1,-19.2826767,1,1.030495644,1,-5.283887863,1,1.373048782,1,-0.884801567,0,0.078821503,0,-1.090744495,0
20.58381271,-0.445785999,1,-14.69446659,1,-23.04195404,1,0.907393098,1,-5.850471973,1,1.556567073,1,-0.879315495,0,0.069234267,0,-1.069823384,0
20.58781433,1.913403749,1,-13.46590805,1,-31.17702293,1,0.640211761,1,-6.725741386,1,1.679039598,1,-0.874757349,0,0.058094006,0,-1.046284318,0
20.59181213,4.968545914,1,-4.940582275,1,-30.53720474,1,0.608846903,1,-7.591383457,1,1.773499131,1,-0.870916963,0,0.045036849,0,-1.01995039,0
20.59581757,5.416067123,1,-5.659272671,1,-27.93843269,1,0.610456169,1,-8.653906822,1,1.995378017,1,-0.867348015,0,0.029769078,0,-0.990196824,0
20.59982109,2.145650625,1,-6.747759819,1,-26.77549171,1,0.757437885,1,-8.710917473,1,2.177979708,1,-0.863993347,0,0.013554035,0,-0.95830512,0
20.60381889,6.237994194,1,-6.222940922,1,-26.74156952,1,1.20305872,1,-8.705149651,1,2.540208101,1,-0.859995484,0,-0.001992644,0,-0.925751865,0
20.6078186,5.928077698,1,-4.172903061,1,-24.27671432,1,2.022536039,1,-8.690235138,1,3.109703541,1,-0.853921473,0,-0.016264858,0,-0.892088771,0
20.61182022,-3.277059078,1,-6.205572605,1,-20.30494308,1,2.713819027,1,-8.680190086,1,3.926235676,1,-0.845110595,0,-0.028642906,0,-0.856709719,0
20.61581802,-13.7886467,1,-8.988037109,1,-14.01419353,1,2.799437761,1,-8.681619644,1,4.288445473,1,-0.835201919,0,-0.039494634,0,-0.819790602,0
20.61981773,-14.07482243,1,-3.610173702,1,-12.07341099,1,2.73341012,1,-8.684523582,1,4.608797073,1,-0.825887024,0,-0.049804863,0,-0.782127202,0
20.62381935,-38.30871582,1,2.066135883,1,-14.97997856,1,2.996442318,1,-8.679883957,1,4.830638885,1,-0.816665709,0,-0.059595257,0,-0.743737698,0
20.62781715,-62.29795074,1,3.367628098,1,-16.66697884,1,3.613318443,1,-8.667104721,1,4.827913284,1,-0.806000471,0,-0.069504619,0,-0.705229938,0
20.63181686,-74.83398438,1,-2.312468529,1,-19.03610802,1,4.026771069,1,-8.659540176,1,5.033955574,1,-0.793503881,0,-0.0794366,0,-0.666458964,0
20.63581848,-81.04963684,1,-7.641122818,1,-16.76546669,1,4.048270226,1,-8.657570839,1,4.714012623,1,-0.780532122,0,-0.0899648,0,-0.627917469,0
20.63981628,-76.02893066,1,-11.63525772,1,-13.24803925,1,3.61620307,1,-8.26550293,1,4.278113842,1,-0.768644333,0,-0.101916716,0,-0.591000021,0
20.64381599,-55.46674728,1,-6.1727705,1,-10.40280056,1,2.922866821,1,-6.672940731,1,4.119926453,1,-0.759095669,0,-0.111819074,0,-0.558152735,0
20.64781761,-35.62691116,1,-9.870970726,1,-6.900840282,1,2.675889254,1,-5.67105341,1,3.705459833,1,-0.75127089,0,-0.11898604,0,-0.529757023,0
20.65181541,-25.75232315,1,-12.61897278,1,-5.375845909,1,2.059065819,1,-5.213471413,1,3.737214327,1,-0.744630575,0,-0.124741495,0,-0.504043996,0
20.65581322,-35.96677399,1,-8.679271698,1,0.662593007,1,1.290676236,1,-5.932983875,1,4.031096458,1,-0.741509259,0,-0.130685553,0,-0.47760123,0
20.65981484,-66.67491913,1,-12.09382153,1,-14.89993382,1,0.874465764,1,-5.671043396,1,3.969106436,1,-0.741007686,0,-0.137407243,0,-0.44924131,0
20.66381264,-49.33761978,1,-10.71913052,1,-14.87934399,1,0.571392655,1,-4.719652176,1,3.948886395,1,-0.741669595,0,-0.141809344,0,-0.423511237,0
20.66781235,-25.59497261,1,-5.649327278,1,-10.96554565,1,0.350197226,1,-5.020009041,1,3.928453207,1,-0.7434358,0,-0.145379245,0,-0.398670793,0
20.67181397,-26.11676979,1,-3.308264017,1,-8.414698601,1,0.363928348,1,-5.651186466,1,4.108519554,1,-0.745962918,0,-0.150225043,0,-0.372107267,0
20.67581177,-34.01003647,1,-5.13009119,1,-9.940085411,1,0.513627648,1,-5.946730614,1,4.440219402,1,-0.748593569,0,-0.155698761,0,-0.343379557,0
20.67981148,-39.05773163,1,-6.153264046,1,-13.54454422,1,0.706950486,1,-5.827802658,1,4.586222172,1,-0.750835717,0,-0.160652891,0,-0.313648462,0
20.6838131,-39.40125275,1,-7.699648857,1,-16.0550518,1,0.879390419,1,-5.546067715,1,4.520226955,1,-0.752393842,0,-0.164805204,0,-0.284385264,0
20.6878109,-38.22629929,1,-8.753203392,1,-17.63230515,1,1.014006495,1,-5.345660686,1,4.444117546,1,-0.693727672,0,-0.064554319,0,-0.348270714,0
20.69181061,-35.90272903,1,-10.86758041,1,-18.3139286,1,1.133673191,1,-5.166055679,1,4.414531231,1,-0.691249728,0,-0.069435112,0,-0.321175039,0
20.69581223,-33.60072327,1,-12.60636997,1,-19.27766037,1,1.199379206,1,-5.051087856,1,4.353728294,1,-0.68847394,0,-0.074020147,0,-0.294561625,0
20.69981003,-32.12665176,1,-14.40390873,1,-20.28816032,1,1.205520391,1,-4.954855919,1,4.284548283,1,-0.685634613,0,-0.078530483,0,-0.268435925,0
20.70380974,-30.66423225,1,-15.76974201,1,-21.23852539,1,1.169916987,1,-4.883030415,1,4.216677189,1,-0.682953238,0,-0.083026595,0,-0.242752284,0
20.70781136,-29.73165703,1,-17.6797905,1,-22.09511185,1,1.090142965,1,-4.853414059,1,4.1851964,1,-0.680589974,0,-0.087573066,0,-0.217359796,0
20.71180916,-29.0162487,1,-20.40649033,1,-22.90155792,1,0.926834941,1,-4.816507339,1,4.195579052,1,-0.678798556,0,-0.092083499,0,-0.192059368,0
20.71581459,-28.63111115,1,-23.15802193,1,-23.50902367,1,0.673677564,1,-4.792690277,1,4.242575169,1,-0.677958846,0,-0.096462749,0,-0.166752055,0
20.71981621,-27.51495743,1,-25.85201645,1,-23.98761177,1,0.319346517,1,-4.76514864,1,4.331437111,1,-0.67844677,0,-0.100589395,0,-0.141288117,0
20.72381401,-26.21626663,1,-27.74272346,1,-24.40965462,1,-0.106541499,1,-4.781730652,1,4.403091908,1,-0.680659652,0,-0.104468212,0,-0.115562461,0
20.72781372,-25.07972717,1,-28.75691605,1,-24.85357475,1,-0.545781851,1,-4.830217361,1,4.493488789,1,-0.684729159,0,-0.108162932,0,-0.089488052,0
20.73181534,-24.25761032,1,-29.05868912,1,-25.29384041,1,-1.004443049,1,-4.864663124,1,4.552297592,1,-0.690730214,0,-0.111659832,0,-0.063025765,0
20.73581314,-23.52264214,1,-28.47256851,1,-25.61236572,1,-1.429006338,1,-4.88813591,1,4.602622986,1,-0.698631346,0,-0.114924803,0,-0.03630187,0
20.73981285,-23.16921425,1,-27.24563789,1,-25.93206024,1,-1.785561919,1,-4.877746582,1,4.637829304,1,-0.708209455,0,-0.117871545,0,-0.009393369,0
20.74381447,-22.5148716,1,-25.49826622,1,-26.43274117,1,-2.052564383,1,-4.875495911,1,4.679514408,1,-0.719123125,0,-0.120428599,0,0.017658502,0
20.74781227,-21.92056847,1,-23.47698402,1,-27.12316132,1,-2.195473194,1,-4.877108574,1,4.731472969,1,-0.730948806,0,-0.122542806,0,0.044879977,0
20.75181007,-21.54872131,1,-21.29466629,1,-27.92850494,1,-2.205199957,1,-4.896701813,1,4.790412903,1,-0.743165135,0,-0.124213561,0,0.072319195,0
20.75581169,-21.69565773,1,-19.34156799,1,-28.6014843,1,-2.045800924,1,-4.905820847,1,4.872777462,1,-0.75516969,0,-0.125414595,0,0.100029893,0
20.75980949,-22.28999901,1,-17.9352951,1,-29.42997169,1,-1.73229301,1,-4.897500515,1,4.964603901,1,-0.766263545,0,-0.126049533,0,0.128022134,0
20.7638092,-23.04503059,1,-17.62325668,1,-30.08790779,1,-1.34762764,1,-4.887413025,1,5.062907696,1,-0.776001453,0,-0.12610206,0,0.156275898,0
20.76781082,-23.42990875,1,-18.6758709,1,-30.62888908,1,-0.989692628,1,-4.872014523,1,5.14812088,1,-0.784231246,0,-0.125597373,0,0.184755623,0
20.77180862,-23.26449966,1,-20.54046631,1,-30.99843216,1,-0.705627024,1,-4.863683701,1,5.235803604,1,-0.791157365,0,-0.124602608,0,0.213425428,0
20.77580833,-22.68921852,1,-22.73453331,1,-31.44218254,1,-0.542649806,1,-4.887270451,1,5.285333157,1,-0.797189593,0,-0.123250648,0,0.242298484,0
20.77980995,-21.37708282,1,-24.86041069,1,-31.65159225,1,-0.533033907,1,-4.949191093,1,5.328547001,1,-0.802875996,0,-0.121719219,0,0.271425545,0
20.78380776,-20.00584412,1,-26.64545631,1,-31.77050781,1,-0.65323776,1,-5.076241493,1,5.334261417,1,-0.808777213,0,-0.12020985,0,0.300865799,0
20.78780747,-18.6583519,1,-28.19648552,1,-31.81009293,1,-0.877170444,1,-5.223409176,1,5.304902554,1,-0.815365136,0,-0.118920602,0,0.330658853,0
20.79181099,-17.62408257,1,-29.23568153,1,-31.86586761,1,-1.175994158,1,-5.402430058,1,5.22456646,1,-0.823015094,0,-0.118041173,0,0.360782564,0
20.79580689,-16.90200424,1,-29.68087769,1,-31.88749313,1,-1.527489305,1,-5.571649075,1,5.083610058,1,-0.831978679,0,-0.117701918,0,0.391117692,0
20.7998066,-15.98108864,1,-30.04189682,1,-32.06583023,1,-1.893592358,1,-5.73787117,1,4.896407127,1,-0.842392206,0,-0.118010819,0,0.42150557,0
20.80381012,-15.54507256,1,-29.92689323,1,-32.10612869,1,-2.256708145,1,-5.844685555,1,4.647797585,1,-0.854274511,0,-0.119004957,0,0.451732069,0
20.80780411,-15.2602644,1,-29.02777481,1,-32.31611633,1,-2.572212219,1,-5.913255215,1,4.349589825,1,-0.867499113,0,-0.120681174,0,0.481533229,0
20.81180382,-14.95725822,1,-27.92300034,1,-32.30457306,1,-2.794427872,1,-5.90995121,1,4.032541275,1,-0.881796479,0,-0.122989237,0,0.510655761,0
20.81580734,-14.49194527,1,-26.71983719,1,-32.42660904,1,-2.912706375,1,-5.852505207,1,3.698834181,1,-0.896742582,0,-0.125806242,0,0.538894773,0
20.81980324,-14.16023254,1,-25.42487717,1,-32.569664,1,-2.937955141,1,-5.733633518,1,3.368726492,1,-0.911925375,0,-0.129038736,0,0.566083848,0
20.82380486,-13.14273834,1,-24.11554337,1,-32.64875031,1,-2.863418102,1,-5.575354576,1,3.051361322,1,-0.926937163,0,-0.13254796,0,0.59208262,0
20.82780647,-12.21627235,1,-23.37904167,1,-32.60560226,1,-2.713631868,1,-5.391620636,1,2.785858631,1,-0.941413641,0,-0.136202201,0,0.616887569,0
20.83180428,-10.7646656,1,-22.88140869,1,-32.42843628,1,-2.549541473,1,-5.188562393,1,2.559887648,1,-0.95519042,0,-0.139868945,0,0.640533209,0
20.83580399,-9.180894852,1,-21.86263275,1,-32.58562851,1,-2.380872011,1,-4.964183807,1,2.382064104,1,-0.968234181,0,-0.143389583,0,0.663054824,0
20.83981133,-6.895798206,1,-19.15579033,1,-33.24198151,1,-2.169693708,1,-4.737382412,1,2.222023964,1,-0.980448723,0,-0.14666532,0,0.684519053,0
20.84381485,-4.955759525,1,-16.61935616,1,-33.3488884,1,-1.871449351,1,-4.442831039,1,2.036139727,1,-0.99154377,0,-0.149716079,0,0.70478344,0
20.84781456,-4.245491028,1,-17.04367447,1,-32.1432724,1,-1.584869385,1,-3.947659016,1,1.829244971,1,-1.001212001,0,-0.152354449,0,0.723332465,0
20.85181618,-3.184220552,1,-18.27727127,1,-30.44683647,1,-1.488295794,1,-3.295260191,1,1.59675312,1,-1.009765625,0,-0.154332936,0,0.739448428,0
20.85581398,-1.233437777,1,-18.36094093,1,-28.20037079,1,-1.570338607,1,-2.567668676,1,1.347654223,1,-1.01790452,0,-0.155535758,0,0.752689123,0
20.85981369,1.322013855,1,-17.06059837,1,-25.50232506,1,-1.685672283,1,-1.761026621,1,1.10563314,1,-1.025986671,0,-0.155869439,0,0.762769163,0
20.86381531,5.58860445,1,-14.44423199,1,-23.12849998,1,-1.760988235,1,-0.922435343,1,0.882381618,1,-1.033939362,0,-0.155214876,0,0.769485772,0
20.86781311,12.2597332,1,-9.416226387,1,-20.34265327,1,-1.750754833,1,-0.122923553,1,0.643428028,1,-1.041503429,0,-0.153629005,0,0.772882819,0
20.87181282,20.62145233,1,-5.548849106,1,-17.19833183,1,-1.598825216,1,0.626147032,1,0.348506719,1,-1.04825151,0,-0.151400343,0,0.773006618,0
20.87581444,29.99069595,1,-4.215611935,1,-14.39802933,1,-1.349428535,1,1.225687742,1,0.065664038,1,-1.053708553,0,-0.148826018,0,0.770107031,0
20.87981224,35.43139267,1,-3.920584679,1,-11.6099453,1,-1.2593683,1,1.668527603,1,-0.103868432,1,-1.058099389,0,-0.146069273,0,0.764967203,0
20.88381195,37.91688156,1,-7.810482979,1,-7.084547043,1,-1.527340531,1,2.328200817,1,-0.096396804,1,-1.062563896,0,-0.142593116,0,0.757779896,0
20.88781357,44.57793808,1,-8.010183334,1,-4.250864506,1,-1.90783143,1,3.202412367,1,-0.036883071,1,-1.068038821,0,-0.137482211,0,0.747889936,0
20.89181137,47.38685608,1,-5.88092947,1,-1.569693208,1,-2.227731943,1,4.188728809,1,-0.126908287,1,-1.074588776,0,-0.130647659,0,0.734690309,0
20.89581108,43.32486343,1,-1.037755847,1,-2.130042076,1,-2.348127365,1,5.250504494,1,-0.500434041,1,-1.081627369,0,-0.122772977,0,0.717360198,0
20.89981079,36.22364807,1,2.122707844,1,-3.313201427,1,-2.143188,1,6.438651562,1,-0.967649341,1,-1.088047862,0,-0.114485569,0,0.695179224,0
20.90380859,32.63565445,1,3.630043745,1,-3.89132905,1,-1.76183331,1,7.68295145,1,-1.392852664,1,-1.092879176,0,-0.105626754,0,0.667776525,0
20.9078083,32.86814499,1,7.083786011,1,-4.00257206,1,-1.170172572,1,8.68001461,1,-1.825260997,1,-1.095556736,0,-0.096245982,0,0.635438323,0
20.91180992,30.48242569,1,9.074213028,1,-4.383324146,1,-0.31398955,1,8.709697723,1,-2.317425251,1,-1.095377564,0,-0.087694786,0,0.600569129,0
20.91580772,26.28232956,1,9.098153114,1,-6.039277077,1,0.670701444,1,8.733233452,1,-2.769520044,1,-1.091662049,0,-0.080732726,0,0.564770579,0
20.91980743,20.07524109,1,7.452992916,1,-7.536838055,1,1.576265454,1,8.754237175,1,-3.125235558,1,-1.084296227,0,-0.074968979,0,0.528195918,0
20.92380905,14.79090691,1,4.35824728,1,-9.020689011,1,2.315350056,1,8.771119118,1,-3.423153162,1,-1.073776722,0,-0.069977559,0,0.491012841,0
20.92780685,11.16952515,1,0.518531382,1,-10.62434483,1,2.815735579,1,8.782871246,1,-3.680186749,1,-1.060925961,0,-0.065496244,0,0.453317523,0
20.93180656,8.093981743,1,-2.844514608,1,-12.44828224,1,3.120000362,1,8.789898872,1,-3.897291422,1,-1.046595097,0,-0.06130847,0,0.415192127,0
20.93580818,4.904754162,1,-5.423000336,1,-14.64959717,1,3.232092857,1,8.794130325,1,-4.091033936,1,-1.031571865,0,-0.057262935,0,0.376701266,0
20.93980598,1.779796362,1,-7.279583931,1,-17.1184082,1,3.191446304,1,8.794916153,1,-4.279773712,1,-1.049091458,0,-0.073070385,0,0.389236867,0
20.9438057,-1.419005156,1,-8.034617424,1,-19.16035461,1,3.058615685,1,8.793201447,1,-4.49065876,1,-1.033760667,0,-0.070432775,0,0.349924803,0
20.94780731,-5.036600113,1,-8.048138618,1,-20.78666306,1,2.864443302,1,8.789885521,1,-4.748509407,1,-1.019167066,0,-0.06801571,0,0.310187012,0
20.95180512,-8.159218788,1,-8.131210327,1,-21.80939293,1,2.660479307,1,8.788067818,1,-5.057845592,1,-1.005423665,0,-0.066006318,0,0.269892067,0
20.95580292,-11.10697842,1,-8.031457901,1,-22.60755348,1,2.442631483,1,8.785490036,1,-5.385884285,1,-0.992545247,0,-0.064546391,0,0.228947654,0
20.95981216,-13.81367874,1,-7.933365822,1,-23.10529518,1,2.198172569,1,8.782485008,1,-5.716529846,1,-0.980593324,0,-0.063680708,0,0.187311947,0
20.96381569,-16.04853058,1,-7.798648357,1,-23.21737671,1,1.949517488,1,8.778125763,1,-6.02130127,1,-0.969622552,0,-0.063413203,0,0.144976452,0
20.9678154,-17.64390755,1,-7.728597641,1,-23.06967163,1,1.720818639,1,8.775542259,1,-6.262917519,1,-0.959566355,0,-0.063617945,0,0.102029137,0
20.97181702,-18.22245407,1,-7.867841721,1,-22.67822838,1,1.517751813,1,8.771959305,1,-6.391516209,1,-0.950320125,0,-0.064025514,0,0.058657356,0
20.97581482,-18.76289368,1,-8.337275505,1,-21.3769207,1,1.363170624,1,8.768716812,1,-6.410944462,1,-0.941789329,0,-0.064288974,0,0.015128112,0
20.97981453,-19.22680283,1,-7.880016804,1,-20.70439911,1,1.277765512,1,8.767047882,1,-6.328309536,1,-0.93372798,0,-0.064107448,0,-0.028329048,0
20.98381615,-19.88405991,1,-7.310012817,1,-19.90579224,1,1.251833916,1,8.765660286,1,-6.139355659,1,-0.925935209,0,-0.063155435,0,-0.071449742,0
20.98781395,-20.35634613,1,-6.503131866,1,-19.6374073,1,1.277923107,1,8.764036179,1,-5.89614439,1,-0.918243825,0,-0.061153434,0,-0.114008509,0
20.99181557,-20.87562752,1,-4.641516209,1,-18.8080864,1,1.440086603,1,8.766016006,1,-5.604586601,1,-0.910288334,0,-0.057969358,0,-0.155885726,0
20.99581528,-20.22780991,1,-3.112121105,1,-18.26323318,1,1.711879015,1,8.769352913,1,-5.271361351,1,-0.901723027,0,-0.053468123,0,-0.196975604,0
20.99981308,-20.10109901,1,-1.498332143,1,-17.74095345,1,2.077788353,1,8.775038719,1,-4.916158676,1,-0.892135799,0,-0.047499046,0,-0.23716186,0
21.00381279,-20.10070038,1,-0.469480783,1,-16.9597168,1,2.492234707,1,8.781002045,1,-4.534287453,1,-0.881278455,0,-0.039961714,0,-0.276353598,0
21.00781441,-19.83567238,1,-0.531116426,1,-16.12500191,1,2.922743559,1,8.788168907,1,-4.136312962,1,-0.869095743,0,-0.030754253,0,-0.31445843,0
21.01181221,-18.94744873,1,-1.276899219,1,-15.08135033,1,3.307962656,1,8.793823242,1,-3.746685028,1,-0.855688453,0,-0.019852832,0,-0.351432472,0
21.01581192,-17.67033768,1,-1.959053755,1,-14.3865633,1,3.628308773,1,8.798104286,1,-3.404422283,1,-0.841294944,0,-0.007319576,0,-0.387279958,0
21.01981354,-17.10188484,1,-2.278354883,1,-14.27812386,1,3.847883701,1,8.800759315,1,-3.123065948,1,-0.826307535,0,0.006676262,0,-0.422106624,0
21.02381134,-16.85132599,1,-1.568959236,1,-14.17190361,1,3.992987156,1,8.803287506,1,-2.93115449,1,-0.811081409,0,0.021905998,0,-0.456074387,0
21.02781105,-16.44742393,1,0.062671706,1,-13.96275902,1,4.164803505,1,8.806225777,1,-2.812446356,1,-0.795764446,0,0.038090963,0,-0.489407599,0
21.03181267,-16.58425713,1,1.927564859,1,-13.82021904,1,4.404170036,1,8.810853004,1,-2.757783175,1,-0.780176759,0,0.05505047,0,-0.522268116,0
21.03581047,-16.5111351,1,3.461519241,1,-13.97236347,1,4.72548151,1,8.817303658,1,-2.757086754,1,-0.763995469,0,0.072625697,0,-0.554819882,0
21.03981018,-16.71090698,1,3.862872124,1,-14.30498028,1,5.036175728,1,8.823840141,1,-2.812086105,1,-0.747107685,0,0.090681955,0,-0.587214112,0
21.0438118,-17.08445549,1,3.426967382,1,-14.55099106,1,5.271751881,1,8.829880714,1,-2.915587425,1,-0.729703784,0,0.109089397,0,-0.619605184,0
21.0478096,-16.81388855,1,2.551722288,1,-14.93789577,1,5.408251762,1,8.83365345,1,-3.0657897,1,-0.712171555,0,0.127748385,0,-0.652115285,0
21.05180931,-16.64661407,1,1.666024089,1,-15.46609783,1,5.429406643,1,8.834444046,1,-3.264491796,1,-0.694962382,0,0.146513686,0,-0.684927762,0
21.05581093,-16.69524193,1,0.979332566,1,-16.14925194,1,5.370615005,1,8.834476471,1,-3.488619089,1,-0.678503335,0,0.165284455,0,-0.718176723,0
21.05980873,-16.78913116,1,0.280022234,1,-16.80025673,1,5.231893539,1,8.834508896,1,-3.718825817,1,-0.663146496,0,0.184007302,0,-0.7519449,0
21.06380844,-17.21455002,1,-0.151678845,1,-17.34660912,1,5.050861835,1,8.831767082,1,-3.956649542,1,-0.649154425,0,0.202647865,0,-0.786290467,0
21.06780815,-17.8744545,1,0.175507739,1,-17.89403152,1,4.878704071,1,8.828900337,1,-4.221121311,1,-0.636655748,0,0.221120298,0,-0.821328282,0
21.07180595,-18.6672039,1,0.858241796,1,-18.51075935,1,4.708191872,1,8.827360153,1,-4.509468555,1,-0.625679612,0,0.239338368,0,-0.857193291,0
21.07580757,-19.20405579,1,1.608619809,1,-19.25284576,1,4.586377144,1,8.826631546,1,-4.792320251,1,-0.616155207,0,0.257229388,0,-0.894000232,0
21.07981491,-19.729702,1,1.823440909,1,-20.728508,1,4.55136776,1,8.827106476,1,-5.037747383,1,-0.607811451,0,0.274835229,0,-0.931702971,0
21.08381844,-21.83868027,1,1.691684484,1,-22.61906815,1,4.562261105,1,8.829475403,1,-5.278635502,1,-0.600390017,0,0.292176008,0,-0.970287442,0
21.08781815,-25.1879425,1,0.612756431,1,-24.36411476,1,4.577835083,1,8.830463409,1,-5.51336813,1,-0.59378916,0,0.309247553,0,-1.009769559,0
21.09181976,-28.86275482,1,-1.282217503,1,-25.56561279,1,4.524383545,1,8.830343246,1,-5.711706638,1,-0.58816427,0,0.326076627,0,-1.050104737,0
21.09581757,-31.84205818,1,-3.588713884,1,-26.46601677,1,4.370575428,1,8.827896118,1,-5.845572948,1,-0.583827078,0,0.34271872,0,-1.091173291,0
21.09981728,-34.38964081,1,-5.830535889,1,-27.02459908,1,4.140948296,1,8.822815895,1,-5.883775711,1,-0.581070542,0,0.359289527,0,-1.132733703,0
21.10381889,-36.73800659,1,-7.425947189,1,-27.28754425,1,3.860361099,1,8.81752491,1,-5.813326836,1,-0.580056548,0,0.375950277,0,-1.174448848,0
21.1078167,-39.53453064,1,-7.705954552,1,-27.17904091,1,3.597110271,1,8.810235977,1,-5.674108505,1,-0.580740988,0,0.392832756,0,-1.216032028,0
21.11181641,-43.01185989,1,-7.513176441,1,-26.66576767,1,3.369946957,1,8.805843353,1,-5.495440483,1,-0.582958341,0,0.409986198,0,-1.257351518,0
21.11581802,-46.57019424,1,-7.045626163,1,-25.6591835,1,3.204652071,1,8.647521019,1,-5.257059574,1,-0.586393178,0,0.427293837,0,-1.2981323,0
21.11981583,-50.86330414,1,-7.427429676,1,-24.3245945,1,3.128391981,1,8.345356941,1,-5.036087036,1,-0.590495765,0,0.444125414,0,-1.337842345,0
21.12381554,-54.6041069,1,-6.575463295,1,-23.08448982,1,3.06777215,1,7.941225052,1,-4.786756516,1,-0.594883204,0,0.460187465,0,-1.376214504,0
21.12781715,-57.74995422,1,-3.989122629,1,-21.57646942,1,3.124792337,1,7.437678814,1,-4.535963535,1,-0.599045634,0,0.475161165,0,-1.41286695,0
21.13181496,-60.52472687,1,0.715690196,1,-19.68007088,1,3.345817089,1,6.806237698,1,-4.329100609,1,-0.602221072,0,0.48866576,0,-1.447565794,0
21.13581467,-62.30253983,1,4.005019665,1,-16.58885574,1,3.654734373,1,6.117341518,1,-4.111446857,1,-0.603617549,0,0.500389636,0,-1.479993582,0
21.13981628,-63.13818359,1,4.120114326,1,-12.3934145,1,3.853433609,1,5.378339767,1,-3.928023338,1,-0.60307914,0,0.510216296,0,-1.510052204,0
21.14381409,-60.82885361,1,3.345033169,1,-7.577563286,1,3.694724083,1,4.51267767,1,-3.735085487,1,-0.601363063,0,0.517863333,0,-1.537437439,0
21.1478138,-56.12680054,1,4.078574181,1,-3.092736006,1,3.258185148,1,3.480611801,1,-3.516767502,1,-0.599470973,0,0.52288729,0,-1.561680794,0
21.15181541,-52.41679001,1,9.5816679,1,-0.717883527,1,2.808933258,1,2.298210382,1,-3.359029531,1,-0.59768492,0,0.524719775,0,-1.582322836,0
21.15581322,-52.96595383,1,13.02553558,1,1.632308125,1,2.428973436,1,1.290050626,1,-3.197160959,1,-0.595803976,0,0.523205519,0,-1.599457979,0
21.15981293,-55.2237587,1,13.79534912,1,3.529474735,1,2.080652714,1,0.520814657,1,-2.97749567,1,-0.593810916,0,0.519242585,0,-1.613568902,0
21.16381455,-57.0541687,1,11.7760067,1,5.826126099,1,1.688208699,1,-0.0302979,1,-2.619216442,1,-0.591851711,0,0.513717711,0,-1.624895334,0
21.16781235,-57.36559677,1,10.51319313,1,6.455655098,1,1.202176094,1,-0.453870565,1,-2.114371777,1,-0.59015882,0,0.507589638,0,-1.633308172,0
21.17181206,-57.28980637,1,11.68708897,1,7.145886421,1,0.726667404,1,-0.727411091,1,-1.493034959,1,-0.588931084,0,0.50156194,0,-1.638660192,0
21.17581177,-55.7106781,1,13.17462158,1,8.0766325,1,0.385244012,1,-0.875772357,1,-0.693360269,1,-0.587765753,0,0.496440381,0,-1.640813589,0
21.17980957,-53.00633621,1,13.91352558,1,8.520486832,1,0.080922805,1,-0.995913148,1,0.231693819,1,-0.586139381,0,0.492815763,0,-1.639340878,0
21.18381119,-49.0862999,1,12.04998779,1,9.142736435,1,-0.2073358,1,-1.126174331,1,1.183344007,1,-0.583866835,0,0.490862697,0,-1.634018064,0
21.18781281,-43.8024292,1,9.491166115,1,8.089253426,1,-0.533379078,1,-1.387814283,1,2.061525583,1,-0.645823836,0,0.477485538,0,-1.826123357,0
21.19181061,-40.54019547,1,8.713427544,1,6.152067661,1,-0.872225285,1,-1.693553686,1,2.761116028,1,-0.642721832,0,0.478378028,0,-1.813223958,0
21.19580841,-38.06141281,1,7.528770447,1,3.257592916,1,-1.124411583,1,-1.946708322,1,3.188750267,1,-0.639472544,0,0.479685187,0,-1.797509193,0
21.19981766,30.46084023,1,-3.124785185,1,-21.14265633,1,-2.158698797,1,-2.923016071,1,3.580951691,1,-0.637278795,0,0.480287611,0,-1.778918147,0
21.20382118,-73.77598572,1,-13.49884224,1,27.88397789,1,-3.767610788,1,-5.494318962,1,4.462981701,1,-0.636716008,0,0.476236194,0,-1.753482819,0
21.20782089,-11.78495026,1,-45.61229706,1,19.60569191,1,-6.286345482,1,-5.509618759,1,5.614136219,1,-0.642131388,0,0.470247597,0,-1.720253706,0
21.21182251,45.53963852,1,-12.9966507,1,-0.116602801,1,-6.761083126,1,-8.839585304,1,7.186491966,1,-0.649410844,0,0.462949812,0,-1.678621054,0
21.21582031,45.22621536,1,-34.74252319,1,-43.12467194,1,-7.326710224,1,-8.915815353,1,8.617981911,1,-0.656265616,0,0.453937531,0,-1.626410484,0
21.21982002,52.50792313,1,-53.27556992,1,-84.79611206,1,-7.382797241,1,-8.918169975,1,8.620817184,1,-0.659997046,0,0.446845472,0,-1.571900845,0
21.22382164,-32.875,1,-11.36180592,1,-59.2252655,1,-8.627669334,1,-8.942562103,1,8.616448402,1,-0.669899583,0,0.439966053,0,-1.517460942,0
21.22781944,-101.1929855,1,1.316536427,1,-1.949301124,1,-8.627402306,1,-8.942307472,1,8.615763664,1,-0.681413949,0,0.433608651,0,-1.46310091,0
21.23181915,-95.64038086,1,-2.48807168,1,-18.24317551,1,-8.628019333,1,-8.942990303,1,8.616333008,1,-0.693258166,0,0.427825272,0,-1.408814788,0
21.23582077,-134.9237366,1,27.41600418,1,-53.81107712,1,-8.612553596,1,-8.928664207,1,6.052771091,1,-0.706546068,0,0.420551986,0,-1.357355356,0
21.23981857,-200.8912811,1,54.73662567,1,-65.78977966,1,-7.422108173,1,-7.597146511,1,3.166451216,1,-0.723529577,0,0.405953676,0,-1.318482637,0
21.24381828,-125.4025497,1,110.5658417,1,-39.79830933,1,-2.8858881,1,-0.098000422,1,1.739940763,1,-0.737415671,0,0.402502954,0,-1.300444603,0
21.2478199,29.51472855,1,49.82589722,1,-7.880487919,1,-0.046466582,1,-1.322157145,1,2.258661747,1,-0.73907584,0,0.405853331,0,-1.293035746,0
21.2518177,28.67047119,1,9.955267906,1,9.890105247,1,0.12217056,1,-1.989422202,1,3.017795801,1,-0.733454347,0,0.408384591,0,-1.27934444,0
21.25581741,-16.40091515,1,-11.71376228,1,-8.96941185,1,-0.310634434,1,-2.866286993,1,2.455483198,1,-0.726893067,0,0.408128828,0,-1.2625736,0
21.25981903,-78.67250824,1,-24.27619743,1,6.368896961,1,-0.707037389,1,-0.865458548,1,1.293077946,1,-0.724728644,0,0.407347381,0,-1.251329422,0
21.26381683,-43.89750671,1,5.311929703,1,16.84077835,1,-0.578760445,1,-0.607465088,1,1.21594131,1,-0.725112438,0,0.408721566,0,-1.245666146,0
21.26781654,-22.90318108,1,9.722410202,1,-4.741235256,1,-0.496126771,1,-0.782021761,1,1.393374443,1,-0.724778116,0,0.409911424,0,-1.239199281,0
21.27181816,-8.967162132,1,13.59605885,1,-21.2169323,1,0.06789802,1,-0.474617839,1,1.334050536,1,-0.723161578,0,0.411908686,0,-1.232977152,0
21.27581596,20.154356,1,-7.496037483,1,-13.33834648,1,0.259080529,1,-0.941037118,1,1.324830055,1,-0.719834328,0,0.413179159,0,-1.22679019,0
21.27981567,-0.506319165,1,-23.04928398,1,-18.03874588,1,-0.145423934,1,-1.141394258,1,1.702152371,1,-0.716317654,0,0.414061815,0,-1.218683958,0
21.28381729,-2.90980196,1,-18.82339096,1,-10.1211586,1,-0.312799335,1,-1.547976851,1,1.728619099,1,-0.713485658,0,0.414516658,0,-1.209172368,0
21.28781509,-17.94267273,1,0.242965475,1,-9.244427681,1,-0.326448053,1,-1.437904596,1,1.733923435,1,-0.710716426,0,0.414378822,0,-1.199021816,0
21.2918148,2.928039789,1,-7.541414738,1,-9.755517006,1,-0.299383909,1,-1.338755488,1,1.779568315,1,-0.707971096,0,0.414809048,0,-1.189364076,0
21.29581642,-3.022089958,1,-12.3883419,1,-5.230626106,1,-0.652264953,1,-1.217405558,1,1.812497616,1,-0.706159472,0,0.415672839,0,-1.179797292,0
21.29981422,-3.272203445,1,-1.866105676,1,-8.374016762,1,-0.72206676,1,-1.16651237,1,1.822820902,1,-0.705103159,0,0.416723162,0,-1.170302153,0
21.30381393,-11.67010021,1,5.31580162,1,-8.501772881,1,-0.636982083,1,-1.110712886,1,1.737622738,1,-0.704079032,0,0.417881161,0,-1.161112666,0
21.30781364,-10.48151779,1,9.022781372,1,-9.920692444,1,-0.319249958,1,-1.164462328,1,1.409242988,1,-0.702578604,0,0.418558151,0,-1.152652025,0
21.31181145,-8.839757919,1,5.362590313,1,-10.15496826,1,-0.090569347,1,-1.29393208,1,1.362470746,1,-0.700094223,0,0.418293297,0,-1.144633651,0
21.31581116,-7.85410738,1,-8.304211617,1,-7.548235893,1,-0.053518806,1,-1.322832704,1,1.456286907,1,-0.696887851,0,0.417909384,0,-1.136191845,0
21.3198185,-3.517963648,1,-15.1324358,1,-9.211893082,1,-0.349472314,1,-1.352396965,1,1.462376714,1,-0.694146395,0,0.417585552,0,-1.127570271,0
21.32382393,-3.164867401,1,1.106448174,1,-12.21759224,1,-0.388712704,1,-1.482477665,1,1.476329088,1,-0.692130983,0,0.41698271,0,-1.118642688,0
21.32782364,-3.379419327,1,-0.106012478,1,-15.10122395,1,-0.320749134,1,-1.683034182,1,1.39804697,1,-0.689690948,0,0.415838927,0,-1.109429717,0
21.33182526,-4.446155548,1,-0.89411068,1,-14.71187115,1,-0.511776805,1,-2.057462931,1,1.214722991,1,-0.687541485,0,0.413390487,0,-1.099794507,0
21.33582306,-6.831530094,1,5.270673275,1,-16.49799347,1,-0.305933982,1,-2.404330015,1,1.106194377,1,-0.685232222,0,0.40941447,0,-1.089749932,0
21.33982277,-3.261064053,1,-2.818439484,1,-15.76527882,1,-0.312280864,1,-2.792044401,1,1.075440884,1,-0.682041109,0,0.404142976,0,-1.078900695,0
21.34382439,-5.208175659,1,-6.625720024,1,-16.88507843,1,-0.372036636,1,-3.149669647,1,0.983941615,1,-0.678946257,0,0.397460997,0,-1.067290545,0
21.34782219,-1.465587497,1,-5.698347092,1,-19.62175179,1,-0.423183918,1,-3.592738152,1,1.08415544,1,-0.675674915,0,0.389572501,0,-1.054693818,0
21.3518219,-3.320750952,1,-2.538748026,1,-22.39392471,1,-0.458501041,1,-4.143533707,1,1.128955245,1,-0.672136486,0,0.380251229,0,-1.040555477,0
21.35582352,-1.72866559,1,-3.371781588,1,-21.30670738,1,-0.523414493,1,-4.662857056,1,1.223896027,1,-0.668283761,0,0.369360685,0,-1.024826407,0
21.35982132,-1.551039338,1,-3.437397957,1,-21.93051529,1,-0.589626253,1,-5.352365971,1,1.219582677,1,-0.664392352,0,0.356628597,0,-1.007444143,0
21.36382103,-4.861800671,1,-3.36131072,1,-23.30964088,1,-0.494410932,1,-5.852697849,1,1.340830207,1,-0.660079718,0,0.342044085,0,-0.988484979,0
21.36782265,1.977158904,1,-0.961544991,1,-22.47119331,1,-0.307886332,1,-6.40720129,1,1.434876919,1,-0.654994607,0,0.326101422,0,-0.967980623,0
21.37182045,5.037311077,1,-4.452708244,1,-22.37662888,1,-0.239120349,1,-7.083320618,1,1.51233983,1,-0.649106622,0,0.308230758,0,-0.945794523,0
21.37582016,2.715765238,1,-8.335647583,1,-21.18111801,1,-0.351296008,1,-7.727687359,1,1.664217591,1,-0.643205106,0,0.288387299,0,-0.921838641,0
21.37982178,3.479278326,1,-8.759859085,1,-19.87427711,1,-0.485732645,1,-8.325476646,1,1.813328028,1,-0.637825251,0,0.26678893,0,-0.896077216,0
21.38381958,4.035350323,1,-5.806132317,1,-20.15260124,1,-0.459123701,1,-8.734509468,1,2.038177013,1,-0.632856011,0,0.243764699,0,-0.868650973,0
21.38781929,4.847899437,1,-3.403722048,1,-19.02132988,1,-0.276857853,1,-8.732250214,1,2.241993904,1,-0.627840936,0,0.220596194,0,-0.840376616,0
21.39182091,4.743793964,1,-4.477090836,1,-17.67674637,1,-0.11248672,1,-8.730659485,1,2.45053196,1,-0.622651756,0,0.197750479,0,-0.811730325,0
21.39581871,3.206061125,1,-5.24640274,1,-17.19073486,1,-0.133594379,1,-8.732673645,1,2.725054979,1,-0.617676973,0,0.175366148,0,-0.782469749,0
21.39981842,-1.136931658,1,-7.159511089,1,-15.43262482,1,-0.325031698,1,-8.738483429,1,2.968828917,1,-0.613691986,0,0.153397918,0,-0.752617836,0
21.40382004,-4.860677242,1,-7.602115631,1,-14.36835766,1,-0.540079415,1,-8.744648933,1,3.353312016,1,-0.611010075,0,0.132051423,0,-0.72186327,0
21.40781784,-9.813964844,1,-3.683164835,1,-14.26469135,1,-0.731261075,1,-8.749333382,1,3.495509386,1,-0.609773636,0,0.111292161,0,-0.69026053,0
21.41181755,-22.23841667,1,0.72673744,1,-16.21374702,1,-0.404583901,1,-8.741134644,1,3.3061831,1,-0.609042287,0,0.090436779,0,-0.65885371,0
21.41581726,-32.68703079,1,4.02119875,1,-16.55310249,1,0.246164173,1,-8.727017403,1,3.060793877,1,-0.606979549,0,0.069007047,0,-0.628391206,0
21.41981506,-37.61048889,1,4.310700417,1,-16.01608086,1,0.967152953,1,-8.712373734,1,2.915338755,1,-0.602807999,0,0.047135163,0,-0.598647475,0
21.42381477,-43.62522888,1,1.72205615,1,-13.52074242,1,1.635568023,1,-8.695899963,1,2.674098492,1,-0.596555531,0,0.024717314,0,-0.56973809,0
21.42781639,-53.43662643,1,-1.636669517,1,-13.81628895,1,2.24821353,1,-8.114859581,1,2.305959463,1,-0.58834219,0,0.001945899,0,-0.542389393,0
21.43181419,-51.90239716,1,-3.642251015,1,-9.197290421,1,2.517025709,1,-6.719968319,1,2.081285715,1,-0.578924596,0,-0.017998302,0,-0.518816292,0
21.4358139,-43.63300323,1,-4.638979912,1,-5.303864956,1,2.480274439,1,-5.351280212,1,1.953263283,1,-0.569317937,0,-0.033917353,0,-0.498889238,0
21.43982124,-32.23174667,1,-7.355941296,1,-1.511391759,1,2.102420807,1,-4.08943224,1,1.885749698,1,-0.610405266,0,-0.034022443,0,-0.579808414,0
21.44382477,-28.13922119,1,-13.17848396,1,-3.218975544,1,1.581615329,1,-3.18873167,1,1.758687973,1,-0.6034922,0,-0.041863583,0,-0.56568861,0
21.44782448,-27.30478477,1,-11.70759201,1,-3.309844255,1,0.57022351,1,-2.594184875,1,1.854655385,1,-0.599669755,0,-0.047139935,0,-0.553173304,0
21.451828,-24.68746185,1,-5.447227955,1,-1.16358161,1,-0.221704349,1,-2.599327564,1,1.842279077,1,-0.599712372,0,-0.051582318,0,-0.54127419,0
21.45582581,-35.35987091,1,-2.234553576,1,-2.083271027,1,-0.42655921,1,-2.70223856,1,2.031678438,1,-0.601858377,0,-0.055810124,0,-0.52886498,0
21.45982552,-38.69219589,1,-5.52434063,1,-6.927894115,1,-0.599783897,1,-2.263102055,1,2.295131922,1,-0.604539216,0,-0.059246089,0,-0.516050816,0
21.46382713,-24.04666328,1,-4.714132786,1,-4.249094009,1,-0.804073274,1,-2.067320108,1,2.44204545,1,-0.608169615,0,-0.060755413,0,-0.503336787,0
21.46782494,-13.89936733,1,-1.035618901,1,-2.405606508,1,-0.846850514,1,-2.499056339,1,2.442191124,1,-0.612310767,0,-0.062598735,0,-0.490172297,0
21.47182465,-13.36962128,1,-1.354973316,1,-1.232278466,1,-0.774886012,1,-3.117179394,1,2.660606861,1,-0.616528332,0,-0.06588953,0,-0.475352556,0
21.47582436,-18.60995865,1,-1.804015398,1,-2.767206192,1,-0.607345521,1,-3.61163044,1,2.895995617,1,-0.620469749,0,-0.070450306,0,-0.458384931,0
21.47982216,-22.93422508,1,-2.393482208,1,-4.617511272,1,-0.351472914,1,-3.816351891,1,2.913830042,1,-0.623742998,0,-0.075771198,0,-0.440169632,0
21.48382187,-23.95812416,1,-2.776715994,1,-6.539222717,1,-0.073514931,1,-3.910222292,1,2.8646667,1,-0.626028895,0,-0.081527174,0,-0.421680093,0
21.48782349,-23.09542084,1,-3.431431293,1,-7.63540554,1,0.187743396,1,-3.971002102,1,2.745716095,1,-0.627357423,0,-0.087734431,0,-0.403274059,0
21.49182129,-22.84395218,1,-6.279091835,1,-8.600990295,1,0.404318094,1,-3.990009069,1,2.702197313,1,-0.627809584,0,-0.094237931,0,-0.38504687,0
21.495821,-23.06406975,1,-9.263791084,1,-9.981456757,1,0.467783183,1,-3.974834442,1,2.738276243,1,-0.627803981,0,-0.100769147,0,-0.366799027,0
21.49982262,-22.67831802,1,-11.6971035,1,-11.09030533,1,0.387423515,1,-3.917013884,1,2.844343901,1,-0.627979398,0,-0.106993891,0,-0.34840402,0
21.50382042,-21.72311783,1,-12.90428829,1,-11.94381714,1,0.249921396,1,-3.891766548,1,2.986256361,1,-0.628752887,0,-0.112772107,0,-0.329693228,0
21.50782013,-20.7387352,1,-13.12973499,1,-12.91865158,1,0.082276382,1,-3.909070253,1,3.177802324,1,-0.630307138,0,-0.118122227,0,-0.310436904,0
21.51182175,-20.31612396,1,-13.58221817,1,-14.17368126,1,-0.0649634,1,-3.922184467,1,3.364710569,1,-0.632687092,0,-0.123089291,0,-0.29040274,0
21.51581955,-19.72357178,1,-12.69516659,1,-14.67169571,1,-0.175666064,1,-3.98955965,1,3.584997177,1,-0.63575536,0,-0.127616212,0,-0.269662887,0
21.51981926,-19.6381855,1,-12.54356861,1,-15.53946304,1,-0.236259907,1,-4.041552067,1,3.80691576,1,-0.639398277,0,-0.131710738,0,-0.248046115,0
21.52382088,-20.16128159,1,-12.28650665,1,-16.60695267,1,-0.241806373,1,-4.087415695,1,4.008246899,1,-0.643353224,0,-0.13538523,0,-0.225594804,0
21.52781868,-20.99903679,1,-12.32762527,1,-17.67342949,1,-0.207770482,1,-4.117678165,1,4.241993427,1,-0.647424221,0,-0.138571113,0,-0.202327937,0
21.53181648,-22.65771103,1,-12.54017162,1,-18.80725288,1,-0.135700583,1,-4.087889194,1,4.458890438,1,-0.651465058,0,-0.141152531,0,-0.178283289,0
21.5358181,-23.17582703,1,-12.8021965,1,-19.86149788,1,-0.0456146,1,-4.049126148,1,4.672633171,1,-0.655319631,0,-0.142981961,0,-0.153632611,0
21.5398159,-24.09534645,1,-13.26273537,1,-20.6998806,1,0.07228031,1,-3.989694357,1,4.881772518,1,-0.658872426,0,-0.14403829,0,-0.128423765,0
21.54381561,-24.62645721,1,-13.77323532,1,-21.48495483,1,0.20172587,1,-3.871248007,1,5.069051266,1,-0.66200006,0,-0.144219592,0,-0.102804512,0
21.54781723,-24.970541,1,-14.23279572,1,-22.03876495,1,0.321893245,1,-3.762403965,1,5.264143467,1,-0.664672315,0,-0.143532291,0,-0.076851726,0
21.55181503,-25.11886215,1,-14.56320667,1,-22.69969749,1,0.444468617,1,-3.623711109,1,5.451744556,1,-0.666864514,0,-0.141910017,0,-0.050608318,0
21.55581474,-24.66724586,1,-15.28812981,1,-22.89834785,1,0.532545567,1,-3.500554085,1,5.625577927,1,-0.668615937,0,-0.139383167,0,-0.024126599,0
21.55982208,-24.16560745,1,-15.9803791,1,-23.04651833,1,0.583281219,1,-3.36759305,1,5.792337418,1,-0.67002362,0,-0.135971308,0,0.002546955,0
21.56382561,-23.51524544,1,-16.83578491,1,-23.0360775,1,0.584281921,1,-3.237784147,1,5.975172043,1,-0.671261549,0,-0.13169542,0,0.029443044,0
21.56782532,-22.61012268,1,-17.73244667,1,-22.96974945,1,0.51631701,1,-3.134168148,1,6.162909508,1,-0.672537208,0,-0.126553327,0,0.056604184,0
21.57182694,-21.47171211,1,-18.79787064,1,-22.77955055,1,0.384976804,1,-3.050390244,1,6.349961758,1,-0.674111962,0,-0.120611377,0,0.084087066,0
21.57582474,-20.37267113,1,-19.55597115,1,-22.87285233,1,0.198648527,1,-2.98472023,1,6.540051937,1,-0.676198423,0,-0.113912962,0,0.111939691,0
21.57982445,-19.48965263,1,-20.09532738,1,-22.93940353,1,-0.027460728,1,-2.94653964,1,6.726382732,1,-0.678966284,0,-0.106528074,0,0.140224084,0
21.58382607,-18.63705444,1,-20.35610962,1,-22.96697617,1,-0.27907446,1,-2.918125629,1,6.902570248,1,-0.68252027,0,-0.098489583,0,0.168938935,0
21.58782387,-17.96828461,1,-20.37698936,1,-22.99704552,1,-0.533640921,1,-2.896974564,1,7.048023224,1,-0.686889112,0,-0.0898505,0,0.198046908,0
21.59182358,-17.3243618,1,-20.145401,1,-23.17280388,1,-0.778316081,1,-2.86246419,1,7.150095463,1,-0.692006707,0,-0.080664642,0,0.227402478,0
21.5958271,-16.64941025,1,-20.12055588,1,-23.41930199,1,-1.005623102,1,-2.82215023,1,7.227569103,1,-0.697811067,0,-0.070983045,0,0.256867945,0
21.599823,-16.09792709,1,-19.76762581,1,-24.31427956,1,-1.177436113,1,-2.777598858,1,7.242026806,1,-0.70412451,0,-0.060860433,0,0.286286414,0
21.60382271,-15.87888718,1,-18.79089737,1,-25.31378746,1,-1.292781115,1,-2.714079857,1,7.191556931,1,-0.710697353,0,-0.050443087,0,0.315419525,0
21.60782242,-15.97966385,1,-18.42278099,1,-26.371315,1,-1.348247766,1,-2.601398945,1,7.063488007,1,-0.717282951,0,-0.039812166,0,0.343970895,0
21.61182022,-15.82779121,1,-19.4651432,1,-27.19950294,1,-1.378364444,1,-2.421248913,1,6.90005064,1,-0.723686159,0,-0.02894651,0,0.371616185,0
21.61581993,-15.18041801,1,-21.36461067,1,-27.78296852,1,-1.458686829,1,-2.175223589,1,6.69007349,1,-0.729967296,0,-0.017758081,0,0.398065925,0
21.61982346,-14.65457153,1,-23.02476883,1,-27.69461823,1,-1.648037553,1,-1.851229668,1,6.377919197,1,-0.736440063,0,-0.006245608,0,0.422909737,0
21.62381935,-13.4461565,1,-24.26886749,1,-27.22891045,1,-1.980471492,1,-1.463651776,1,5.934954643,1,-0.743668914,0,0.005479542,0,0.445606023,0
21.62782097,-11.16356277,1,-24.41663933,1,-26.36567116,1,-2.410073757,1,-1.01101923,1,5.420329571,1,-0.752215207,0,0.017288743,0,0.465632975,0
21.63182259,-9.408315659,1,-22.89120293,1,-24.96685028,1,-2.804367304,1,-0.507410944,1,4.88504982,1,-0.762264192,0,0.029233847,0,0.482714325,0
21.63582039,-8.409830093,1,-21.59616852,1,-23.55349922,1,-3.084935188,1,0.044336043,1,4.330510616,1,-0.773570776,0,0.041362692,0,0.496642202,0
21.6398201,-6.538062572,1,-21.12594986,1,-21.97773361,1,-3.308996916,1,0.617777586,1,3.764270544,1,-0.785863042,0,0.053690065,0,0.507239282,0
21.64382172,-3.477502584,1,-20.6148262,1,-20.00039101,1,-3.52722168,1,1.143347979,1,3.201366186,1,-0.799102426,0,0.066088445,0,0.514503777,0
21.64781952,-0.066269003,1,-19.79561615,1,-17.69099045,1,-3.736633539,1,1.581340909,1,2.656967878,1,-0.813337624,0,0.078328565,0,0.518673301,0
21.65181923,3.112177134,1,-19.03466797,1,-15.07532597,1,-3.926439047,1,1.938800335,1,2.15964222,1,-0.828555882,0,0.090171173,0,0.520074964,0
21.65582085,6.452837944,1,-17.82116127,1,-12.67623329,1,-4.050881863,1,2.221865892,1,1.715562701,1,-0.844651937,0,0.101493359,0,0.519061685,0
21.65981865,10.44005775,1,-15.82107067,1,-10.37859344,1,-4.034799576,1,2.429919004,1,1.320318937,1,-0.861193001,0,0.112183541,0,0.516003072,0
21.66381836,14.08955956,1,-12.64375877,1,-9.21249485,1,-3.844862223,1,2.545309067,1,0.930523694,1,-0.877544463,0,0.122060433,0,0.511261523,0
21.66781998,16.41386604,1,-9.435585022,1,-7.533088207,1,-3.517019987,1,2.663785934,1,0.516977549,1,-0.893096387,0,0.130891636,0,0.504999161,0
21.67181778,18.07048988,1,-7.121294975,1,-5.219076633,1,-3.020810843,1,2.905282497,1,0.069320135,1,-0.907298684,0,0.138721824,0,0.496961415,0
21.67581749,18.46721649,1,-5.615604877,1,-3.178388119,1,-2.387534857,1,3.233874321,1,-0.428269297,1,-0.919593811,0,0.145656228,0,0.486727774,0
21.67982483,16.81849861,1,-4.49005127,1,-1.699094415,1,-1.680842519,1,3.648612022,1,-0.969732702,1,-0.929629564,0,0.151695564,0,0.473931372,0
21.68382835,14.16696453,1,-3.833025932,1,-0.957215548,1,-0.93947041,1,4.120034218,1,-1.539103866,1,-0.937274873,0,0.156890586,0,0.458283544,0
21.68782806,12.21704197,1,-3.910674572,1,-0.871551096,1,-0.245084509,1,4.651836395,1,-2.083486557,1,-0.792255759,0,0.185209274,0,0.413652986,0
21.69182968,10.84581184,1,-4.74225235,1,-0.545212448,1,0.325042248,1,5.191501617,1,-2.583631992,1,-0.796001673,0,0.192334533,0,0.392690003,0
21.69582748,10.1649704,1,-5.819155693,1,-0.053369548,1,0.746926367,1,5.705421925,1,-3.029829264,1,-0.798469782,0,0.199534789,0,0.368777931,0
21.69982529,9.229325294,1,-7.052341461,1,0.298269928,1,1.025028944,1,6.195687771,1,-3.422055721,1,-0.800267935,0,0.206864923,0,0.342149645,0
21.7038269,8.413885117,1,-8.134365082,1,0.390664339,1,1.166625977,1,6.627706051,1,-3.728778124,1,-0.801929474,0,0.214440465,0,0.313111365,0
21.70782471,7.63419199,1,-8.565950394,1,0.126057342,1,1.205900669,1,6.996109486,1,-3.968766928,1,-0.803890228,0,0.222287878,0,0.282054365,0
21.71182442,6.59445858,1,-8.243151665,1,0.03591384,1,1.179301262,1,7.324831486,1,-4.146150112,1,-0.806463242,0,0.230429977,0,0.249302223,0
21.71582604,5.011965275,1,-7.433183193,1,-0.026730593,1,1.157047272,1,7.612810135,1,-4.267472744,1,-0.809735656,0,0.238898069,0,0.215133697,0
21.71982575,3.421911478,1,-6.30280447,1,-0.176409453,1,1.171660066,1,7.876784325,1,-4.344931602,1,-0.81362164,0,0.247725889,0,0.179757923,0
21.72382355,1.727893114,1,-5.472586155,1,-0.531030655,1,1.246625066,1,8.128767014,1,-4.374731064,1,-0.817890286,0,0.256958723,0,0.143329486,0
21.72782517,0.544795156,1,-4.79421854,1,-0.821296692,1,1.375815153,1,8.361787796,1,-4.373468876,1,-0.822315812,0,0.266658247,0,0.105993532,0
21.73182297,-0.129789218,1,-4.329060078,1,-1.269270897,1,1.536932468,1,8.555904388,1,-4.3489995,1,-0.826718688,0,0.276824743,0,0.067906737,0
21.73582268,-0.600944579,1,-4.510186195,1,-1.664119482,1,1.700609565,1,8.71340847,1,-4.314179897,1,-0.831015468,0,0.287393898,0,0.029205598,0
21.7398243,-1.154452085,1,-4.977163792,1,-2.156650305,1,1.818428636,1,8.766325951,1,-4.268582821,1,-0.835255086,0,0.298232913,0,-0.00991256,0
21.7438221,-1.678563952,1,-5.4984231,1,-2.746086836,1,1.907210112,1,8.767279625,1,-4.230392456,1,-0.839526892,0,0.309076726,0,-0.049137779,0
21.74782181,-2.642439842,1,-6.157706738,1,-3.565331936,1,1.953930855,1,8.769175529,1,-4.201526165,1,-0.843962789,0,0.319864035,0,-0.088457987,0
21.75182533,-4.184040546,1,-6.769116879,1,-4.570121288,1,1.992840528,1,8.769310951,1,-4.203707695,1,-0.848662019,0,0.330528647,0,-0.127927288,0
21.75582123,-5.864784241,1,-7.348090172,1,-5.475696087,1,1.995676398,1,8.769363403,1,-4.232591629,1,-0.85376662,0,0.340963185,0,-0.167639688,0
21.75982094,-7.544176579,1,-7.981980801,1,-6.246341228,1,1.950792909,1,8.768959999,1,-4.306711197,1,-0.859449387,0,0.351035178,0,-0.20770444,0
21.76382446,-9.064620018,1,-8.427100182,1,-6.968623161,1,1.895603538,1,8.768135071,1,-4.394871712,1,-0.865853429,0,0.360635459,0,-0.248194754,0
21.76782227,-10.38458252,1,-8.573628426,1,-7.58341217,1,1.827299714,1,8.767263412,1,-4.515178204,1,-0.873056948,0,0.369649947,0,-0.289188862,0
21.77182198,-11.68038845,1,-8.220988274,1,-7.879946709,1,1.794455409,1,8.76775074,1,-4.635391712,1,-0.880988717,0,0.378004551,0,-0.330721855,0
21.77582359,-12.46444607,1,-7.54557848,1,-7.983059406,1,1.806329846,1,8.768032074,1,-4.722604275,1,-0.889462471,0,0.385712147,0,-0.372755229,0
21.7798214,-13.01902962,1,-6.846188068,1,-7.781275749,1,1.89073658,1,8.771334648,1,-4.749612808,1,-0.898177266,0,0.392900229,0,-0.415149391,0
21.78382111,-13.26467037,1,-5.948234558,1,-7.378594398,1,2.078560352,1,8.773918152,1,-4.709499359,1,-0.906694889,0,0.399788678,0,-0.457718581,0
21.78782272,-13.18558979,1,-4.774044991,1,-7.196313858,1,2.355793953,1,8.778518677,1,-4.623509884,1,-0.914543629,0,0.406564206,0,-0.50031358,0
21.79182053,-12.46216488,1,-4.518640041,1,-6.708769798,1,2.672448397,1,8.784335136,1,-4.495718956,1,-0.921450436,0,0.413391292,0,-0.542832077,0
21.79582024,-11.9832077,1,-3.99507761,1,-6.767628193,1,3.012732029,1,8.790857315,1,-4.349368572,1,-0.927218199,0,0.420445979,0,-0.585169435,0
21.79982758,-11.3562746,1,-3.860323668,1,-6.661616325,1,3.337167978,1,8.796526909,1,-4.178823471,1,-0.931854486,0,0.42781812,0,-0.627287984,0
21.8038311,-10.86456394,1,-3.865130424,1,-6.784329891,1,3.650969982,1,8.803043365,1,-3.973952532,1,-0.935370684,0,0.435651362,0,-0.669116676,0
21.80783081,-10.926301,1,-3.638217211,1,-6.884533405,1,3.959612131,1,8.807981491,1,-3.768029213,1,-0.937808633,0,0.444049209,0,-0.710607648,0
21.81183052,-11.08022308,1,-3.441523552,1,-7.15469265,1,4.260871887,1,8.707848549,1,-3.579769135,1,-0.939155102,0,0.452926219,0,-0.751661539,0
21.81582832,-11.32572079,1,-3.211432934,1,-7.437253475,1,4.523271561,1,8.565283775,1,-3.431112289,1,-0.93937999,0,0.462004542,0,-0.791969895,0
21.81982803,-11.36784172,1,-2.960347891,1,-7.902695656,1,4.763059139,1,8.417292595,1,-3.317113638,1,-0.938620567,0,0.471183091,0,-0.831583261,0
21.82382965,-11.31870651,1,-2.856840849,1,-8.487975121,1,4.952032566,1,8.271871567,1,-3.251506329,1,-0.937053978,0,0.480342746,0,-0.870601416,0
21.82782745,-11.47869873,1,-2.582875729,1,-9.214110374,1,5.105816841,1,8.121196747,1,-3.230047464,1,-0.93487376,0,0.489355803,0,-0.909115553,0
21.83182716,-11.7368536,1,-2.339995146,1,-9.81645298,1,5.215468407,1,7.988330364,1,-3.254546881,1,-0.932306349,0,0.49809438,0,-0.947282612,0
21.83582878,-11.66341209,1,-1.113403201,1,-10.30525875,1,5.309547901,1,7.892920017,1,-3.330755234,1,-0.929569304,0,0.506503701,0,-0.985306442,0
21.83982658,-10.89306927,1,0.228948742,1,-11.55229664,1,5.425462723,1,7.781625271,1,-3.453970671,1,-0.926679373,0,0.51442802,0,-1.023347974,0
21.84382629,-11.3955307,1,-0.968904972,1,-11.79739285,1,5.503785133,1,7.768446445,1,-3.588413954,1,-0.923810005,0,0.521874487,0,-1.061693311,0
21.84782791,-11.23433113,1,-1.519830465,1,-12.54162025,1,5.512385368,1,7.729740143,1,-3.681631327,1,-0.921185553,0,0.529004574,0,-1.100413561,0
21.85182571,-11.2689743,1,-1.920725346,1,-13.10443497,1,5.498352528,1,7.71222353,1,-3.778388977,1,-0.918961644,0,0.535839021,0,-1.139422417,0
21.85582542,-11.87822914,1,-2.501148939,1,-13.83786774,1,5.429627419,1,7.702036381,1,-3.869543076,1,-0.917307079,0,0.542407811,0,-1.178780913,0
21.85982704,-12.39147568,1,-3.37281847,1,-14.55815506,1,5.283896923,1,7.716514587,1,-3.951831341,1,-0.916500509,0,0.548752725,0,-1.218537688,0
21.86382484,-12.95756054,1,-4.361888885,1,-15.09898663,1,5.0750494,1,7.749123096,1,-4.042575359,1,-0.916856825,0,0.554879427,0,-1.258773804,0
21.86782455,-13.54333973,1,-5.022738934,1,-15.54670238,1,4.817667484,1,7.789099693,1,-4.157736301,1,-0.918680429,0,0.560750425,0,-1.299605846,0
21.87182617,-13.88594818,1,-5.171293259,1,-16.01605415,1,4.522393227,1,7.829688072,1,-4.292279243,1,-0.922179818,0,0.566229403,0,-1.341122627,0
21.87582398,-13.92668819,1,-5.113284111,1,-16.45952988,1,4.222964287,1,7.854923248,1,-4.456012249,1,-0.927444339,0,0.571148098,0,-1.383359432,0
21.87982369,-14.00042915,1,-4.506790638,1,-17.10654068,1,3.966155767,1,7.845014095,1,-4.647115231,1,-0.934367537,0,0.575303495,0,-1.426297545,0
21.8838253,-14.28926182,1,-3.583274603,1,-17.93573761,1,3.800017834,1,7.799206257,1,-4.840665817,1,-0.942595482,0,0.57850337,0,-1.469804883,0
21.88782311,-15.4919157,1,-2.642626762,1,-18.78696442,1,3.712562323,1,7.73551178,1,-5.068811893,1,-0.951689124,0,0.580565333,0,-1.513778806,0
21.89182282,-17.69552994,1,-1.90214622,1,-19.63482857,1,3.703549862,1,7.681634903,1,-5.327284336,1,-0.96126771,0,0.581357241,0,-1.558251023,0
21.89582253,-20.29554558,1,-1.635726929,1,-20.32755089,1,3.731555939,1,7.633406162,1,-5.613794327,1,-0.971117139,0,0.580779135,0,-1.603280663,0
21.89982033,-23.18401909,1,-1.615721107,1,-21.21262932,1,3.756971359,1,7.583104134,1,-5.889381886,1,-0.981089771,0,0.578763545,0,-1.648822904,0
21.90382004,-26.96485519,1,-2.4922297,1,-21.47704887,1,3.749780416,1,7.525714874,1,-6.179380417,1,-0.991144657,0,0.575276077,0,-1.694768071,0
21.90782547,-30.75391579,1,-3.39230442,1,-21.18139648,1,3.696527958,1,7.469528198,1,-6.415178299,1,-1.001306415,0,0.570447028,0,-1.741024494,0
21.91182327,-34.79809189,1,-4.508146286,1,-20.61246872,1,3.56926918,1,7.366094112,1,-6.60914135,1,-1.011632681,0,0.564298689,0,-1.787309885,0
21.91581917,-38.90103912,1,-5.345570087,1,-19.61797905,1,3.380600691,1,7.201525211,1,-6.740860462,1,-1.022109032,0,0.556903958,0,-1.833179593,0
21.91982269,-43.03477097,1,-5.818710327,1,-18.26155853,1,3.187398434,1,6.968530655,1,-6.797572136,1,-1.032584429,0,0.548381329,0,-1.878144741,0
21.92382622,-46.83031464,1,-4.611783028,1,-17.09044838,1,3.036843538,1,6.631605148,1,-6.835625172,1,-1.042691112,0,0.538730741,0,-1.921733737,0
21.92782593,-50.68915176,1,-1.89872539,1,-15.18958759,1,2.949930191,1,6.235606194,1,-6.839484692,1,-1.051975846,0,0.527897,0,-1.963499069,0
21.93182755,-54.15262222,1,1.688705683,1,-13.03020573,1,3.035043478,1,5.784901142,1,-6.840432167,1,-1.059852839,0,0.515934706,0,-2.00319767,0
21.93582535,-57.39289856,1,5.29632616,1,-10.90776062,1,3.227084398,1,5.239443302,1,-6.805302143,1,-1.06554544,0,0.502786517,0,-2.040496349,0
21.93982506,-59.38067245,1,7.090838432,1,-7.697909355,1,3.454146624,1,4.635527134,1,-6.661326408,1,-1.076019526,0,0.424659908,0,-1.984334707,0
21.94382668,-60.35625458,1,6.567225456,1,-3.71811533,1,3.57381773,1,3.95003438,1,-6.397344589,1,-1.074131012,0,0.409837902,0,-2.014478445,0
21.94782448,-59.22319031,1,5.347767353,1,-0.139737427,1,3.423225641,1,3.109078646,1,-6.007274628,1,-1.07040441,0,0.39479664,0,-2.04090023,0
21.95182419,-56.78146744,1,5.191085815,1,3.073107958,1,2.974728346,1,2.133181572,1,-5.537660599,1,-1.065840006,0,0.379608572,0,-2.062863827,0
21.95582581,-54.6470108,1,7.292365074,1,5.881128788,1,2.342688322,1,1.14644289,1,-5.050806522,1,-1.061423898,0,0.36427635,0,-2.080047369,0
21.95982361,-53.11760712,1,9.461778641,1,7.811298847,1,1.64670527,1,0.288809896,1,-4.51278019,1,-1.057864547,0,0.3489528,0,-2.0926826,0
21.96382332,-52.21411896,1,10.95523357,1,8.644705772,1,1.009606719,1,-0.352185518,1,-3.905150652,1,-1.055479288,0,0.334178269,0,-2.101309776,0
21.96782494,-52.55925751,1,12.18357277,1,8.714671135,1,0.577262044,1,-0.740389943,1,-3.233357191,1,-1.054097176,0,0.320646226,0,-2.106681824,0
21.97182274,-52.62268829,1,14.2455864,1,8.347523689,1,0.365074009,1,-0.893075764,1,-2.529672861,1,-1.053187013,0,0.308987439,0,-2.109641552,0
21.97582245,-51.55253601,1,16.57142067,1,8.029699326,1,0.399875969,1,-0.891395032,1,-1.803023458,1,-1.052086115,0,0.299680769,0,-2.110876083,0
21.97982407,-49.02557373,1,16.6714325,1,7.891689777,1,0.556275845,1,-0.825717628,1,-1.039872646,1,-1.050143719,0,0.293033987,0,-2.110717058,0
21.98382187,-45.03912354,1,14.88388729,1,8.310178757,1,0.675405383,1,-0.788753808,1,-0.229898497,1,-1.0472157,0,0.289243281,0,-2.109148026,0
21.98782158,-40.50994492,1,14.19588757,1,8.931890488,1,0.749064624,1,-0.874639511,1,0.531036258,1,-1.043401718,0,0.288157046,0,-2.105858803,0
21.9918232,-36.93304825,1,14.09815979,1,9.073009491,1,0.733715892,1,-1.063716769,1,1.123514891,1,-1.03894341,0,0.289089501,0,-2.100617409,0
21.995821,-33.85420227,1,11.14029789,1,8.820198059,1,0.61403352,1,-1.276052833,1,1.560817838,1,-1.034168363,0,0.291355252,0,-2.093530655,0
21.99982071,-30.6782074,1,6.200383186,1,8.014615059,1,0.233782992,1,-1.516557336,1,1.819519997,1,-1.029907107,0,0.294335008,0,-2.084884167,0
22.00382233,50.94779968,1,-14.85164642,1,-19.85763168,1,-1.834756613,1,-2.655845165,1,1.807821631,1,-1.02892673,0,0.296784937,0,-2.073876143,0
22.00782013,-62.88266754,1,-14.59631729,1,33.95339584,1,-4.856864929,1,-6.142618656,1,1.665567636,1,-1.037078977,0,0.293033063,0,-2.054975271,0
22.01181793,-5.269814491,1,-6.270283699,1,8.216431618,1,-4.84961462,1,-6.067511559,1,2.544626474,1,-1.049812555,0,0.288179725,0,-2.027302027,0
22.01581955,37.5077095,1,6.367601395,1,-8.626720428,1,-4.821906567,1,-8.826402664,1,2.294482231,1,-1.058949113,0,0.281871915,0,-1.996209145,0
22.01981735,3.349701166,1,14.57052898,1,-34.91205978,1,-3.708103895,1,-8.80536747,1,2.546453714,1,-1.06642139,0,0.273392916,0,-1.959137559,0
22.02381706,7.186746597,1,20.11435509,1,-88.28769684,1,-1.490502596,1,-8.762454033,1,3.169812679,1,-1.067241311,0,0.2660698,0,-1.921702862,0
22.02781868,-27.57710648,1,9.22190094,1,-91.68325806,1,-1.824051499,1,-8.778066635,1,4.538634777,1,-1.062953591,0,0.262385726,0,-1.882292747,0
22.03181648,-117.7928696,1,-14.80312443,1,-51.8972435,1,-4.267975807,1,-8.841212273,1,6.497424126,1,-1.063685417,0,0.26448378,0,-1.839328408,0
22.03581619,-122.4041214,1,-16.92922401,1,-37.08402252,1,-5.91532135,1,-8.88663578,1,8.6251297,1,-1.071538448,0,0.274354517,0,-1.79169929,0
22.03981781,-113.4695053,1,5.671125889,1,-42.11356735,1,-4.24667263,1,-8.487944603,1,7.728003502,1,-1.078962207,0,0.287067503,0,-1.743008018,0
22.04382134,-79.29706573,1,-12.60047626,1,-36.25009918,1,-3.217975855,1,-5.817666531,1,5.393036366,1,-1.082185984,0,0.296875656,0,-1.703920603,0
22.04782105,-43.89543915,1,2.041394711,1,-8.299368858,1,-2.484994173,1,-3.853850603,1,3.663499355,1,-1.085783243,0,0.303659618,0,-1.677594781,0
22.05182266,-17.77732277,1,11.09115887,1,-0.447354496,1,-2.314680815,1,-2.741726875,1,2.867536545,1,-1.089869261,0,0.309126139,0,-1.659132838,0
22.05582047,-21.71518326,1,24.45315933,1,-14.8405323,1,-1.17388916,1,-2.491603374,1,2.114596367,1,-1.092424273,0,0.313170344,0,-1.64458406,0
22.05982018,-23.85545158,1,-0.665063977,1,-18.62440109,1,-0.658490539,1,-1.754321694,1,1.573186874,1,-1.092268467,0,0.315547109,0,-1.633106112,0
22.0638237,-24.82170105,1,13.63486576,1,-7.58134079,1,-0.318931639,1,-1.256431103,1,1.251206994,1,-1.091620445,0,0.317867994,0,-1.624768257,0
22.0678196,-17.65721893,1,12.14939117,1,3.869703531,1,-0.029081509,1,-0.855570793,1,1.385965109,1,-1.09034431,0,0.320418179,0,-1.618328929,0
22.07182121,-27.57085609,1,-9.86502552,1,-0.790960789,1,0.13954246,1,-0.459347755,1,1.404827714,1,-1.088358998,0,0.324343294,0,-1.613103151,0
22.07582283,-19.28161049,1,-24.5198288,1,-3.754013062,1,-0.08589761,1,-0.393264532,1,1.169341803,1,-1.086880565,0,0.328107715,0,-1.609075904,0
22.07982063,2.67736125,1,-20.55751801,1,-10.32697582,1,-0.406780154,1,-0.710596502,1,1.246442556,1,-1.086453199,0,0.331261158,0,-1.604739547,0
22.08382034,4.0405159,1,-14.91046906,1,-15.37028313,1,-0.689299345,1,-0.93220067,1,1.763619542,1,-1.086719394,0,0.335033298,0,-1.598664522,0
22.08782196,-3.207203627,1,-7.125989437,1,-13.45479488,1,-0.737478614,1,-1.217717171,1,1.955234408,1,-1.087049603,0,0.339721203,0,-1.590948701,0
22.09181976,-12.90334702,1,-7.185950756,1,-10.81093407,1,-0.767823517,1,-1.267274737,1,1.878216982,1,-1.087199569,0,0.344178259,0,-1.582406044,0
22.09581947,4.505163193,1,-15.2732029,1,-9.437963486,1,-1.020760775,1,-1.281160831,1,1.991630912,1,-1.087808967,0,0.348599613,0,-1.57387805,0
22.09982109,0.489952773,1,-12.18471241,1,-8.938985825,1,-1.347150803,1,-1.282208323,1,2.11062336,1,-1.089466095,0,0.353515685,0,-1.564947724,0
22.10381889,-7.806521893,1,5.350264072,1,-10.04576015,1,-1.290771127,1,-1.243679047,1,2.06108737,1,-1.091740966,0,0.358629882,0,-1.555983663,0
22.1078167,-10.64127827,1,8.139034271,1,-7.987227917,1,-1.053376198,1,-1.148116231,1,1.768084168,1,-1.093513131,0,0.363248467,0,-1.547702432,0
22.11181831,-12.66871929,1,5.619663239,1,-7.525214195,1,-0.745064795,1,-1.178795218,1,1.469377279,1,-1.094407082,0,0.366895497,0,-1.540112615,0
22.11581612,-10.32133865,1,7.985246181,1,-9.533811569,1,-0.506237566,1,-1.284449816,1,1.2239995,1,-1.094277024,0,0.369384289,0,-1.532790661,0
22.11981583,-6.896149158,1,1.462024212,1,-8.507035255,1,-0.300456822,1,-1.266643047,1,1.07752192,1,-1.093298197,0,0.371094584,0,-1.525670409,0
22.12381744,-3.863927364,1,-8.170909882,1,-8.875890732,1,-0.382874697,1,-1.307025313,1,1.067848563,1,-1.092060804,0,0.372526646,0,-1.518682837,0
22.12781525,-6.020806789,1,-3.954323769,1,-8.918353081,1,-0.51469177,1,-1.318580389,1,1.069837809,1,-1.091284633,0,0.373900324,0,-1.51153636,0
22.13181496,-5.33910656,1,-0.179427996,1,-10.4646492,1,-0.50629735,1,-1.384557009,1,1.029601932,1,-1.090747118,0,0.375150561,0,-1.50433898,0
22.13581657,-4.133528709,1,-0.795309782,1,-12.30282211,1,-0.414987057,1,-1.535250902,1,0.983117938,1,-1.089806676,0,0.3760207,0,-1.496783376,0
22.13981438,-3.628025055,1,-2.275965452,1,-13.38370895,1,-0.437803239,1,-1.749820709,1,0.990545034,1,-1.088430762,0,0.376482815,0,-1.488595128,0
22.14381409,-5.996322155,1,-4.780413151,1,-12.69310379,1,-0.618599653,1,-1.973289371,1,0.989578187,1,-1.087225437,0,0.376522124,0,-1.479503036,0
22.1478157,-4.966635227,1,-3.157135963,1,-13.68722534,1,-0.573696256,1,-2.22070837,1,1.011002421,1,-1.086042285,0,0.376171291,0,-1.469546556,0
22.15181351,-2.472969532,1,-7.453248024,1,-15.45966148,1,-0.623891115,1,-2.523661375,1,1.064486384,1,-1.084239841,0,0.375414431,0,-1.458450198,0
22.15581322,-3.2565763,1,-2.901359081,1,-18.60153008,1,-0.665356159,1,-2.924266577,1,1.078024268,1,-1.082360625,0,0.374099463,0,-1.445953727,0
22.15981484,-1.469979644,1,-1.408431411,1,-19.43716431,1,-0.555467129,1,-3.391604662,1,1.119251132,1,-1.07958436,0,0.37205255,0,-1.431798935,0
22.16381836,-5.361606121,1,-2.432941198,1,-19.92593765,1,-0.630995393,1,-3.87211442,1,1.12270987,1,-1.07612288,0,0.369130313,0,-1.415775895,0
22.16781807,-4.348968029,1,-4.656935692,1,-18.29410362,1,-0.771323919,1,-4.29953146,1,1.185035229,1,-1.072513938,0,0.365392715,0,-1.398004532,0
22.17181969,-0.742907763,1,-2.955514908,1,-19.59166527,1,-0.840362787,1,-4.861549854,1,1.185695529,1,-1.068862081,0,0.360757798,0,-1.378364205,0
22.17581749,-3.519709826,1,-2.124778032,1,-21.50299835,1,-0.697160363,1,-5.243962765,1,1.287307024,1,-1.064405441,0,0.35531497,0,-1.356886983,0
22.17981529,2.398492336,1,-4.659036636,1,-19.29490852,1,-0.666844249,1,-5.655194283,1,1.366035461,1,-1.059127808,0,0.349360794,0,-1.333919525,0
22.18381691,1.876911044,1,-6.036894798,1,-19.1469326,1,-0.710187197,1,-6.229957581,1,1.44219017,1,-1.053429961,0,0.342519403,0,-1.30895555,0
22.18781662,-0.148326054,1,-5.078936577,1,-18.8970089,1,-0.696252227,1,-6.701784611,1,1.599060416,1,-1.063553452,0,0.351684332,0,-1.311505318,0
22.19181633,2.277457237,1,-4.079764366,1,-17.99692345,1,-0.644212067,1,-7.202702522,1,1.738663316,1,-1.056261659,0,0.343933314,0,-1.28223896,0
22.19581795,1.433030367,1,-4.955233574,1,-17.94841003,1,-0.578750253,1,-7.720616817,1,1.919483662,1,-1.048251033,0,0.335448802,0,-1.250866652,0
22.19981575,2.74104166,1,-3.468510389,1,-17.23674202,1,-0.458680302,1,-8.179084778,1,2.039425135,1,-1.039526701,0,0.326336533,0,-1.217585802,0
22.20381355,4.053683281,1,-2.830653906,1,-16.18829155,1,-0.310851723,1,-8.660167694,1,2.170607328,1,-1.030005336,0,0.316354424,0,-1.182561398,0
22.20781517,2.102113247,1,-2.613366604,1,-16.04909515,1,-0.179611236,1,-8.730944633,1,2.33643961,1,-1.019884229,0,0.305968732,0,-1.146351337,0
22.21181297,0.41774556,1,-3.636253119,1,-14.61916924,1,-0.182074979,1,-8.733783722,1,2.560330153,1,-1.009757638,0,0.295816749,0,-1.109900951,0
22.21581268,-0.940927625,1,-3.680038691,1,-14.3020134,1,-0.288766056,1,-8.736344337,1,2.816317797,1,-1.000110149,0,0.286201686,0,-1.073068023,0
22.2198143,-3.133332729,1,-2.952372074,1,-13.47956562,1,-0.32971558,1,-8.738016129,1,2.920313835,1,-0.991113842,0,0.276825666,0,-1.036037326,0
22.2238121,-6.216621399,1,-1.791724086,1,-13.34846306,1,-0.251163691,1,-8.736873627,1,2.973867416,1,-0.982354164,0,0.267384052,0,-0.999021053,0
22.22781181,-15.1389513,1,-0.293489575,1,-15.15382957,1,-0.021276511,1,-8.732043266,1,2.939194679,1,-0.973362863,0,0.257712126,0,-0.962148905,0
22.23181343,-22.87497902,1,1.792560935,1,-15.16421986,1,0.395367324,1,-8.721634865,1,2.766695499,1,-0.963569462,0,0.247330964,0,-0.925770044,0
22.23581123,-23.63330269,1,1.973480344,1,-13.33512497,1,0.936739266,1,-8.710512161,1,2.734620333,1,-0.952332973,0,0.236252517,0,-0.889897883,0
22.23981094,-30.37182426,1,3.527801514,1,-11.93051147,1,1.423371792,1,-8.699875832,1,2.628311396,1,-0.939504385,0,0.224631011,0,-0.854412019,0
22.24381256,-36.527668,1,2.552286148,1,-10.19677353,1,1.90664196,1,-8.620065689,1,2.418813467,1,-0.925314248,0,0.212060601,0,-0.819695771,0
22.24781036,-43.83667755,1,0.470231205,1,-9.381729126,1,2.402721882,1,-7.621667862,1,2.146917105,1,-0.910118937,0,0.199504092,0,-0.787576795,0
22.25181007,-45.05503082,1,-2.288402796,1,-7.608458519,1,2.744180918,1,-6.383536339,1,2.06124258,1,-0.894446075,0,0.188736528,0,-0.759873688,0
22.25581169,-43.33002853,1,-1.898616076,1,-5.833385944,1,2.876203775,1,-5.177218914,1,1.889135361,1,-0.878875613,0,0.180259854,0,-0.736579597,0
22.25980949,-33.36791992,1,-3.568822861,1,-0.574262619,1,2.722855091,1,-4.042572975,1,1.931748033,1,-0.864192963,0,0.174246728,0,-0.717242718,0
22.2638092,-26.50637054,1,-11.10936356,1,1.018766522,1,2.245988369,1,-3.099128246,1,1.894167662,1,-0.851406276,0,0.17074874,0,-0.701288939,0
22.26781273,-26.84522629,1,-18.33410072,1,-1.637791514,1,1.169520974,1,-2.391304731,1,1.98014605,1,-0.842131853,0,0.169290364,0,-0.687744677,0
22.27180862,-22.92219543,1,-17.04494095,1,-0.147457033,1,-0.167296723,1,-2.119997263,1,1.834775805,1,-0.838180959,0,0.169152409,0,-0.675833762,0
22.27580833,-23.87447929,1,-5.825392246,1,-0.255053282,1,-1.257051706,1,-2.073959112,1,1.999599695,1,-0.839169383,0,0.169097081,0,-0.664455295,0
22.27981186,-36.05008698,1,-0.958879888,1,-5.169334888,1,-1.466262221,1,-2.104026794,1,1.948984504,1,-0.842755854,0,0.169241875,0,-0.65258348,0
22.28381348,-27.20907021,1,-3.312894106,1,-4.985553741,1,-1.586061001,1,-1.548845649,1,1.908708215,1,-0.847163618,0,0.170301273,0,-0.641946554,0
22.28781319,-11.15725803,1,0.9521873,1,-2.553672552,1,-1.332187772,1,-1.792737842,1,1.688837528,1,-0.851378918,0,0.171422184,0,-0.63212049,0
22.2918148,-5.773852825,1,4.112220287,1,-2.47470665,1,-0.901306927,1,-2.371400833,1,1.519577742,1,-0.854071856,0,0.170752808,0,-0.62154603,0
22.29581261,-6.561992645,1,4.352415562,1,-1.870848536,1,-0.445122123,1,-3.064606667,1,1.595160007,1,-0.854675651,0,0.168303177,0,-0.609102309,0
22.29981232,-12.65213394,1,2.951515198,1,-3.76097703,1,0.096594334,1,-3.583420515,1,1.620527029,1,-0.852981806,0,0.164390564,0,-0.594554663,0
22.30381393,-18.43115616,1,0.241601631,1,-5.347398281,1,0.59417069,1,-3.768786669,1,1.555001736,1,-0.849073768,0,0.159424514,0,-0.579073906,0
22.30781174,-20.21750069,1,-2.714498043,1,-6.684030056,1,0.908716977,1,-3.805966139,1,1.536004782,1,-0.843572557,0,0.153984115,0,-0.56344378,0
22.31181145,-20.23070717,1,-5.968968391,1,-7.839722157,1,1.04387033,1,-3.773230553,1,1.620441437,1,-0.837276936,0,0.148550645,0,-0.54777652,0
22.31581307,-20.01974869,1,-9.156927109,1,-9.208024979,1,1.002346754,1,-3.736404181,1,1.768918157,1,-0.830843568,0,0.143452659,0,-0.531938076,0
22.31981087,-20.39629364,1,-11.50221634,1,-10.71361351,1,0.820221603,1,-3.659933567,1,1.987065315,1,-0.824902713,0,0.138955772,0,-0.515809059,0
22.32381058,-19.91575813,1,-12.76854706,1,-12.41095638,1,0.5739218,1,-3.565247297,1,2.240113497,1,-0.819835663,0,0.135309756,0,-0.49932003,0
22.3278122,-20.88871956,1,-13.74537277,1,-14.05832863,1,0.308384031,1,-3.495592117,1,2.537337065,1,-0.815807462,0,0.132624075,0,-0.482321531,0
22.33181,-20.48264694,1,-13.53598309,1,-15.38499928,1,0.056021072,1,-3.422378063,1,2.835943699,1,-0.812783003,0,0.130938649,0,-0.464744687,0
22.33580971,-20.26707458,1,-13.76989651,1,-16.16515923,1,-0.134889692,1,-3.418619633,1,3.204303741,1,-0.810572565,0,0.130321607,0,-0.44639799,0
22.33981133,-19.9538269,1,-14.3875351,1,-17.35876274,1,-0.285410464,1,-3.327969551,1,3.579456091,1,-0.808934569,0,0.13087827,0,-0.427201122,0
22.34380913,-19.65487289,1,-15.27827168,1,-18.45791054,1,-0.426332504,1,-3.299763203,1,4.013151646,1,-0.807703674,0,0.13270244,0,-0.406924993,0
22.34780884,-19.15675735,1,-15.98866749,1,-19.3771801,1,-0.571630001,1,-3.278760433,1,4.460972786,1,-0.806820214,0,0.135850236,0,-0.385493368,0
22.35181046,-18.41695023,1,-16.4801178,1,-20.0872879,1,-0.69776386,1,-3.258455038,1,4.891851902,1,-0.80626148,0,0.140305564,0,-0.362912476,0
22.35580826,-17.92987061,1,-16.59807587,1,-20.86157799,1,-0.807627559,1,-3.193077326,1,5.29022646,1,-0.805897892,0,0.146058738,0,-0.339250028,0
22.35980797,-17.17643738,1,-15.78591347,1,-21.68765831,1,-0.877468526,1,-3.153914213,1,5.65216589,1,-0.805623531,0,0.153036878,0,-0.314647645,0
22.36380768,-17.05164337,1,-14.4447794,1,-22.30080605,1,-0.855716467,1,-3.068677187,1,5.942431927,1,-0.805155754,0,0.161135063,0,-0.289269209,0
22.36780739,-17.35750961,1,-12.93635273,1,-22.79646873,1,-0.716694772,1,-2.935308695,1,6.173130035,1,-0.804069877,0,0.170272961,0,-0.263443857,0
22.3718071,-17.82911491,1,-12.03982449,1,-22.92978859,1,-0.48302111,1,-2.730031252,1,6.363380909,1,-0.801962554,0,0.180444524,0,-0.237466455,0
22.37580681,-17.95512581,1,-11.37554455,1,-22.91242409,1,-0.186383605,1,-2.473321676,1,6.515512943,1,-0.79853344,0,0.191692546,0,-0.211598814,0
22.37980461,-18.35580826,1,-11.24173832,1,-22.49622536,1,0.127796248,1,-2.18330431,1,6.631822109,1,-0.793638945,0,0.203964919,0,-0.186037153,0
22.38380432,-18.00003815,1,-11.67135429,1,-21.88487244,1,0.433397114,1,-1.854305625,1,6.729979038,1,-0.787267447,0,0.217296049,0,-0.160949752,0
22.38780594,-17.60467339,1,-12.44596577,1,-21.38060188,1,0.668914914,1,-1.53115499,1,6.820407391,1,-0.779575646,0,0.231639132,0,-0.136358678,0
22.39180374,-16.43037224,1,-13.63208485,1,-20.91858673,1,0.813829422,1,-1.257650733,1,6.91690588,1,-0.770858943,0,0.246887967,0,-0.112152532,0
22.39580345,-15.3968401,1,-14.90585995,1,-20.39524078,1,0.860147476,1,-1.02380681,1,7.010162354,1,-0.761434793,0,0.262922466,0,-0.088163361,0
22.39980507,-14.08958435,1,-16.23675346,1,-20.13748741,1,0.800683737,1,-0.853031456,1,7.102925777,1,-0.751669049,0,0.279594898,0,-0.064197227,0
22.40380859,-12.88749886,1,-17.38383293,1,-20.30935669,1,0.67659831,1,-0.771051168,1,7.185400486,1,-0.741832495,0,0.296644628,0,-0.040036984,0
22.4078083,-11.95840645,1,-18.25408936,1,-20.45252037,1,0.478348017,1,-0.742426753,1,7.259786129,1,-0.732135534,0,0.313833386,0,-0.015479456,0
22.41180992,-11.65320492,1,-19.3814106,1,-20.78916168,1,0.244990915,1,-0.758440495,1,7.312204838,1,-0.722743511,0,0.330979407,0,0.009574566,0
22.41580772,-11.71267414,1,-20.58190346,1,-21.39697838,1,-0.008414706,1,-0.77112931,1,7.326916695,1,-0.713768244,0,0.347949445,0,0.035100091,0
22.41980743,-12.27733135,1,-22.1626091,1,-22.05177307,1,-0.312774777,1,-0.742167234,1,7.285906792,1,-0.705395997,0,0.364693105,0,0.06088493,0
22.42381096,-13.1306181,1,-23.72128105,1,-22.7994442,1,-0.659465909,1,-0.671662927,1,7.163876057,1,-0.697951257,0,0.381186306,0,0.086589225,0
22.42780685,-13.865098,1,-24.38980293,1,-22.28964806,1,-1.119865179,1,-0.502859235,1,6.900104523,1,-0.691978693,0,0.397401214,0,0.11162404,0
22.43180656,-12.66700268,1,-24.65118027,1,-22.30583572,1,-1.688105583,1,-0.271775961,1,6.466053963,1,-0.688284397,0,0.413228124,0,0.135165542,0
22.43581009,-11.60780144,1,-24.57220268,1,-21.19388008,1,-2.289315462,1,0.043473758,1,5.940215111,1,-0.687523663,0,0.42861408,0,0.156520322,0
22.43980789,-11.27488708,1,-24.11941338,1,-20.06521416,1,-2.861513853,1,0.444300443,1,5.335781574,1,-0.695095062,0,0.441594809,0,0.173468679,0
22.4438076,-11.25051403,1,-23.72105408,1,-18.55364037,1,-3.373803616,1,0.9211362,1,4.703578472,1,-0.70100534,0,0.45658505,0,0.188610226,0
22.44780731,-10.44543171,1,-23.41012573,1,-17.01155663,1,-3.863933802,1,1.425312757,1,4.057001591,1,-0.710336089,0,0.471517265,0,0.200120017,0
22.45180321,-8.668868065,1,-22.82941437,1,-15.26895142,1,-4.329349995,1,1.901511669,1,3.426391363,1,-0.723148465,0,0.486368656,0,0.207896054,0
22.45580483,-5.77393961,1,-21.51598167,1,-13.42685223,1,-4.755228996,1,2.322894573,1,2.824819565,1,-0.739381254,0,0.501013517,0,0.212027535,0
22.45980644,-2.342954397,1,-19.94104767,1,-11.69480038,1,-5.079105377,1,2.670081377,1,2.281664133,1,-0.758720756,0,0.515284359,0,0.212776035,0
22.46380425,1.436830401,1,-17.50790977,1,-10.56453896,1,-5.262226105,1,2.924127817,1,1.772929668,1,-0.780573487,0,0.528963268,0,0.210497066,0
22.46780396,4.521208763,1,-14.21994209,1,-9.517364502,1,-5.286437035,1,3.116474152,1,1.281255603,1,-0.804280639,0,0.541787028,0,0.20547621,0
22.47180557,6.870370865,1,-10.67242241,1,-8.203960419,1,-5.088670731,1,3.294355869,1,0.814710736,1,-0.829049945,0,0.553607643,0,0.197881475,0
22.47580338,8.304162025,1,-7.592977047,1,-7.240917683,1,-4.622543335,1,3.456030369,1,0.37139383,1,-0.853850543,0,0.564356685,0,0.187857524,0
22.47980309,7.757399559,1,-5.012333393,1,-6.498945713,1,-3.910437584,1,3.625967979,1,-0.056977861,1,-0.877604067,0,0.574000478,0,0.17554535,0
22.4838047,6.271779537,1,-3.464546919,1,-5.655619621,1,-3.04411602,1,3.874628305,1,-0.46832937,1,-0.899563432,0,0.582617879,0,0.160861224,0
22.48780251,4.921207428,1,-2.967294216,1,-4.603863716,1,-2.147907972,1,4.200383186,1,-0.870213449,1,-0.919490516,0,0.590406537,0,0.143602714,0
22.49180222,4.038842201,1,-3.610876799,1,-3.397446394,1,-1.310097098,1,4.569739819,1,-1.263681412,1,-0.93756783,0,0.597480774,0,0.123590253,0
22.49580383,3.317248106,1,-5.14454174,1,-1.834738255,1,-0.605267704,1,4.999949455,1,-1.615951538,1,-0.954311848,0,0.603985727,0,0.100687191,0
22.49980164,2.86644268,1,-6.762754917,1,-0.688445687,1,-0.053201579,1,5.436514378,1,-1.927581787,1,-0.970305562,0,0.610099494,0,0.074888669,0
22.50380135,2.460282803,1,-8.228218079,1,0.010719519,1,0.330156118,1,5.846720219,1,-2.175876856,1,-0.986106932,0,0.61588496,0,0.046385918,0
22.50780296,2.005341053,1,-9.380857468,1,0.484593868,1,0.562817812,1,6.206235409,1,-2.369449854,1,-1.002210498,0,0.621401727,0,0.015478524,0
22.51180077,1.297521353,1,-10.09621334,1,0.948291659,1,0.689872324,1,6.536109924,1,-2.51731801,1,-1.018966556,0,0.626669705,0,-0.017538797,0
22.51580048,0.542433798,1,-10.42430687,1,1.246375442,1,0.736423194,1,6.827933788,1,-2.632586002,1,-1.036639929,0,0.631652832,0,-0.052435346,0
22.51980019,-0.088625871,1,-10.50369072,1,1.42593646,1,0.74242568,1,7.096652031,1,-2.713840008,1,-1.055338502,0,0.636354804,0,-0.089010514,0
22.52380371,-0.642190337,1,-10.26455784,1,1.469057322,1,0.741849005,1,7.326428413,1,-2.762457132,1,-1.075043082,0,0.640740871,0,-0.127049282,0
22.52780342,-1.561942697,1,-9.734360695,1,1.233353615,1,0.771134734,1,7.521253109,1,-2.786829948,1,-1.095582604,0,0.644776106,0,-0.16633454,0
22.53180504,-2.782367945,1,-9.115582466,1,0.85887444,1,0.847650468,1,7.715824604,1,-2.80604744,1,-1.116725802,0,0.648431838,0,-0.20675157,0
22.53580284,-4.303570271,1,-8.257561684,1,0.485940158,1,0.981382668,1,7.920574665,1,-2.841059446,1,-1.138238311,0,0.651647091,0,-0.248311803,0
22.53980255,-5.928598404,1,-7.593171597,1,0.199998021,1,1.158735037,1,8.130883217,1,-2.903015375,1,-1.159968853,0,0.654309273,0,-0.291101336,0
22.54380417,-7.235604763,1,-7.436822414,1,0.00843933,1,1.362009168,1,8.342213631,1,-2.979082823,1,-1.181776881,0,0.656308889,0,-0.335160971,0
22.54780197,-7.915785313,1,-7.697933674,1,-0.181912914,1,1.56464386,1,8.5477705,1,-3.070319653,1,-1.203594446,0,0.657534003,0,-0.380470395,0
22.55180168,-8.411740303,1,-8.281471252,1,-0.392495692,1,1.737412333,1,8.714583397,1,-3.171787977,1,-1.225344062,0,0.657881916,0,-0.426869512,0
22.5558033,-8.987012863,1,-8.656354904,1,-0.546402931,1,1.885182023,1,8.761445999,1,-3.29326582,1,-1.246896148,0,0.657160819,0,-0.473995388,0
22.5598011,-9.733813286,1,-8.989402771,1,-0.7783885,1,2.016253948,1,8.765347481,1,-3.425781012,1,-1.267951846,0,0.655187368,0,-0.521306455,0
22.56380081,-10.75056076,1,-9.234479904,1,-0.962319553,1,2.119155884,1,8.769120216,1,-3.572128773,1,-1.288486958,0,0.651901901,0,-0.568681359,0
22.56780052,-11.66573143,1,-9.337039948,1,-0.942095518,1,2.195478439,1,8.77036953,1,-3.734713793,1,-1.308507085,0,0.647253156,0,-0.616044164,0
22.57179833,-12.1380043,1,-9.486740112,1,-0.874643147,1,2.263314009,1,8.772452354,1,-3.895106792,1,-1.32797277,0,0.641244948,0,-0.663303554,0
22.57579804,-12.44601536,1,-9.62571907,1,-0.888179481,1,2.323527813,1,8.775136948,1,-4.060296059,1,-1.346828699,0,0.633879364,0,-0.71037519,0
22.57979965,-12.54929066,1,-9.668790817,1,-0.836503625,1,2.381387711,1,8.777220726,1,-4.211213112,1,-1.364980459,0,0.625197351,0,-0.757171988,0
22.58379746,-12.42961788,1,-9.543156624,1,-0.785700679,1,2.444766283,1,8.780156136,1,-4.347247124,1,-1.382327557,0,0.615274549,0,-0.803609133,0
22.58779717,-12.28089619,1,-9.128880501,1,-0.703891933,1,2.516170979,1,8.78249836,1,-4.475314617,1,-1.398756266,0,0.604196727,0,-0.849617779,0
22.59179878,-11.79420376,1,-8.720690727,1,-0.708050668,1,2.601208687,1,8.784843445,1,-4.597169876,1,-1.414165735,0,0.592030585,0,-0.895153046,0
22.59579659,-10.98168945,1,-8.196551323,1,-0.931657016,1,2.707334995,1,8.787362099,1,-4.689698219,1,-1.428425431,0,0.578896165,0,-0.940165162,0
22.5997963,-10.2076664,1,-7.433250904,1,-1.143403888,1,2.847548723,1,8.647665977,1,-4.755572319,1,-1.441267252,0,0.564899206,0,-0.98439002,0
22.60379791,-10.19958591,1,-6.636501312,1,-1.383011699,1,3.039968252,1,8.437213898,1,-4.80994606,1,-1.452125788,0,0.55012697,0,-1.027139664,0
22.60779572,-10.30826664,1,-5.938360214,1,-1.78711319,1,3.277925968,1,8.231286049,1,-4.859726429,1,-1.460789204,0,0.53470999,0,-1.068379283,0
22.61179543,-10.58986664,1,-5.617745399,1,-2.27461791,1,3.522857428,1,8.04299736,1,-4.880955696,1,-1.467213154,0,0.518801153,0,-1.108210206,0
22.61579704,-10.54776573,1,-5.467734814,1,-2.683104515,1,3.763228655,1,7.873262882,1,-4.896526814,1,-1.471503973,0,0.502556324,0,-1.146783471,0
22.61979485,-10.45226192,1,-5.207286835,1,-3.160833597,1,3.995004892,1,7.714241505,1,-4.898890972,1,-1.473733544,0,0.486112922,0,-1.184206367,0
22.62379456,-10.50963879,1,-4.98198843,1,-3.690797806,1,4.221321106,1,7.58471489,1,-4.887331009,1,-1.474048615,0,0.469590336,0,-1.220630169,0
22.62779617,-10.55446053,1,-4.801772594,1,-4.35067749,1,4.425262928,1,7.465048313,1,-4.861116886,1,-1.472579718,0,0.453108519,0,-1.256194353,0
22.63179398,-10.66313839,1,-4.535216808,1,-5.240166187,1,4.61204958,1,7.360801697,1,-4.832417965,1,-1.469491363,0,0.436770052,0,-1.291015863,0
22.63579369,-10.91370296,1,-4.359958172,1,-6.165226936,1,4.772750378,1,7.268691063,1,-4.795957088,1,-1.464926004,0,0.420642316,0,-1.325192213,0
22.6397953,-11.57675934,1,-4.309000015,1,-7.091219902,1,4.910381317,1,7.203373909,1,-4.752908707,1,-1.459060788,0,0.404803425,0,-1.358865261,0
22.64380074,-12.48935986,1,-4.619526863,1,-7.92890358,1,5.031300068,1,7.159794807,1,-4.716456413,1,-1.452044725,0,0.389306366,0,-1.392158508,0
22.64780045,-13.76861954,1,-5.100271225,1,-8.951468468,1,5.114546776,1,7.137485027,1,-4.708522797,1,-1.444048762,0,0.374097764,0,-1.425222754,0
22.65180206,-14.63951683,1,-6.055599689,1,-9.646131516,1,5.107004166,1,7.147357464,1,-4.728844643,1,-1.4354074,0,0.35912782,0,-1.458200455,0
22.65579987,-15.46444988,1,-6.379929066,1,-10.44953918,1,5.015986443,1,7.166748047,1,-4.797460079,1,-1.42652142,0,0.344281614,0,-1.491226196,0
22.65979958,-15.35257816,1,-6.225625038,1,-11.55094337,1,4.868427753,1,7.144114494,1,-4.944465637,1,-1.417663336,0,0.32926929,0,-1.524275303,0
22.66380119,-15.02837276,1,-6.537687778,1,-12.68723011,1,4.670326233,1,7.092169762,1,-5.130703926,1,-1.408993721,0,0.31383729,0,-1.557251573,0
22.667799,-14.80019855,1,-5.715638161,1,-14.03645897,1,4.489168167,1,6.98475647,1,-5.319987297,1,-1.400548697,0,0.297889292,0,-1.589997172,0
22.67179871,-15.31225014,1,-3.241755009,1,-15.2957983,1,4.427499294,1,6.884088039,1,-5.517687798,1,-1.392008424,0,0.281363845,0,-1.622413158,0
22.67580032,-16.18166733,1,-0.989965439,1,-16.32684517,1,4.479734898,1,6.823126316,1,-5.7191782,1,-1.382912397,0,0.264247209,0,-1.654639006,0
22.67979813,-17.57113838,1,0.694348335,1,-17.11852646,1,4.629955292,1,6.827032566,1,-5.915369987,1,-1.37286365,0,0.246629119,0,-1.686921239,0
22.68379593,-18.85115051,1,1.62221384,1,-17.45221329,1,4.819111824,1,6.871952057,1,-6.102002621,1,-1.361637592,0,0.228628471,0,-1.719522715,0
22.68779755,-20.09018707,1,1.545063019,1,-17.43701363,1,4.961760521,1,6.933901787,1,-6.265161037,1,-1.349262476,0,0.210360497,0,-1.752577066,0
22.69179535,-21.22343636,1,0.569769204,1,-17.4175396,1,4.994599342,1,6.985085487,1,-6.416853905,1,-1.35706532,0,0.19252488,0,-1.672875404,0
22.69579697,-21.91434288,1,-0.518003583,1,-17.44278717,1,4.885017395,1,6.983215332,1,-6.551784992,1,-1.343370438,0,0.173319176,0,-1.706383824,0
22.69979858,-22.83600616,1,-1.69795084,1,-17.48588943,1,4.637192726,1,6.8939147,1,-6.6146245,1,-1.329757929,0,0.15414083,0,-1.739956379,0
22.70379639,-24.20575905,1,-2.84137392,1,-17.48642921,1,4.315998077,1,6.749272346,1,-6.623902321,1,-1.316642761,0,0.135158688,0,-1.773265481,0
22.70779419,-26.62281418,1,-3.013674259,1,-17.78373718,1,3.958187819,1,6.553031921,1,-6.615308762,1,-1.304206371,0,0.11641781,0,-1.806064725,0
22.71179581,-29.66645432,1,-2.591469526,1,-17.92192841,1,3.611479044,1,6.346086979,1,-6.582406044,1,-1.292514324,0,0.09793479,0,-1.838202119,0
22.71579361,-33.05755615,1,-1.903181791,1,-17.89592743,1,3.345875263,1,6.13338232,1,-6.548239708,1,-1.281414509,0,0.079714797,0,-1.869638801,0
22.71979523,-36.19820023,1,-1.379540205,1,-17.48359108,1,3.142825127,1,5.90491724,1,-6.505175591,1,-1.270622253,0,0.06173078,0,-1.900346279,0
22.72379494,-38.59805298,1,-0.140528411,1,-16.85463142,1,2.997690439,1,5.598161697,1,-6.432209015,1,-1.259937048,0,0.043965939,0,-1.930124521,0
22.72779465,-41.35814285,1,1.122862697,1,-15.56929111,1,2.948261738,1,5.230242252,1,-6.316274643,1,-1.249072075,0,0.026460547,0,-1.958665609,0
22.73179245,-44.59397888,1,2.767596722,1,-14.22389412,1,3.01665616,1,4.846609592,1,-6.164477825,1,-1.237637639,0,0.009298847,0,-1.985790372,0
22.73579407,-48.36708069,1,4.314002037,1,-12.95565033,1,3.155186653,1,4.457947254,1,-5.986395359,1,-1.225327611,0,-0.007439682,0,-2.011421919,0
22.73979187,-51.48428345,1,4.330909252,1,-11.09065437,1,3.342554331,1,4.099840164,1,-5.733680248,1,-1.211957932,0,-0.023568964,0,-2.03557539,0
22.74379158,-53.78733063,1,2.469663382,1,-8.400562286,1,3.444760561,1,3.765044928,1,-5.417723656,1,-1.197621226,0,-0.038782336,0,-2.058258295,0
22.7477932,-54.16204834,1,0.16584979,1,-5.177004337,1,3.2447083,1,3.368115664,1,-5.025157928,1,-1.183184505,0,-0.052890223,0,-2.079318523,0
22.751791,-51.67963791,1,-1.883008242,1,-1.208355784,1,2.733773232,1,2.891844749,1,-4.531916142,1,-1.170043826,0,-0.065734297,0,-2.098281384,0
22.75579071,-47.86790848,1,-0.482413501,1,2.627191544,1,2.137991905,1,2.269570351,1,-4.014300823,1,-1.159131646,0,-0.077359445,0,-2.114589214,0
22.75979805,-44.12870789,1,4.003436089,1,5.364683628,1,1.655627847,1,1.551803946,1,-3.500904799,1,-1.150509715,0,-0.08800263,0,-2.127706051,0
22.76380348,-41.56259537,1,8.866735458,1,6.816945553,1,1.369233608,1,0.828106821,1,-3.004180431,1,-1.143610954,0,-0.097899735,0,-2.137420893,0
22.76780319,-40.74616241,1,11.4498148,1,7.694008827,1,1.239920259,1,0.193481714,1,-2.541510344,1,-1.137763739,0,-0.107139729,0,-2.143903017,0
22.77180481,-40.1891861,1,10.46771336,1,7.757190228,1,1.159964919,1,-0.272909909,1,-2.081437111,1,-1.13255012,0,-0.115603544,0,-2.147643805,0
22.77580261,-39.6484642,1,9.577562332,1,6.558972359,1,1.061891794,1,-0.636544645,1,-1.677985072,1,-1.1279248,0,-0.123162746,0,-2.149190664,0
22.77980232,-39.81517792,1,9.719116211,1,5.86708498,1,0.992769599,1,-0.869796276,1,-1.359452724,1,-1.1238451,0,-0.12995638,0,-2.149050474,0
22.78380394,-38.87887955,1,9.827163696,1,4.681396008,1,0.896526098,1,-0.990537584,1,-1.104975581,1,-1.1202178,0,-0.136033148,0,-2.147805691,0
22.78780174,-36.35744476,1,9.030506134,1,3.807817459,1,0.756641567,1,-1.06351161,1,-0.863792062,1,-1.117167711,0,-0.141368017,0,-2.145812273,0
22.79180145,-33.20939636,1,7.897966385,1,3.635015965,1,0.547805369,1,-1.17377162,1,-0.626261055,1,-1.114923477,0,-0.146014735,0,-2.14309001,0
22.79580116,-29.49311447,1,6.439321518,1,3.910394669,1,0.284048915,1,-1.323713541,1,-0.339807749,1,-1.113771319,0,-0.149951264,0,-2.139447689,0
22.79979897,-25.47419357,1,6.442532063,1,3.960581303,1,-0.013443165,1,-1.548002124,1,-0.029734556,1,-1.113980889,0,-0.153156489,0,-2.134574652,0
22.80379868,-22.67374229,1,7.436591148,1,3.974920988,1,-0.223724455,1,-1.781979442,1,0.276993096,1,-1.115463972,0,-0.155643418,0,-2.128301859,0
22.80780029,-20.46191597,1,7.711344242,1,3.710886955,1,-0.307075381,1,-1.934656978,1,0.572668731,1,-1.117732763,0,-0.157381311,0,-2.120765448,0
22.8117981,-17.7371006,1,6.762704372,1,3.740090132,1,-0.386171013,1,-2.039993048,1,0.873603761,1,-1.120456219,0,-0.158255532,0,-2.112232924,0
22.81579781,43.68674469,1,-15.7710228,1,-25.71275711,1,-1.767098904,1,-2.706789494,1,1.141134977,1,-1.125289798,0,-0.158462241,0,-2.102170944,0
22.81979942,-14.13016224,1,-2.941228628,1,14.26238155,1,-4.422670364,1,-5.190590382,1,0.388664097,1,-1.14133954,0,-0.163031965,0,-2.08636117,0
22.82379723,-11.17342186,1,4.819732189,1,8.882405281,1,-4.359338284,1,-5.475049973,1,1.698862791,1,-1.163136363,0,-0.167587191,0,-2.064234257,0
22.82779694,45.15747833,1,10.44354725,1,-14.20170116,1,-3.376162052,1,-7.074472904,1,1.390278697,1,-1.182081938,0,-0.171433672,0,-2.039405107,0
22.83179855,19.10245323,1,17.2477932,1,-25.9028511,1,-3.229718685,1,-8.794187546,1,2.227586508,1,-1.202822447,0,-0.176900238,0,-2.005302191,0
22.83579636,2.706017017,1,24.79837227,1,-66.88323975,1,-1.789725542,1,-8.763978958,1,2.311913729,1,-1.218566298,0,-0.180834636,0,-1.968701363,0
22.83979607,-17.42644119,1,20.15946198,1,-78.24459076,1,0.014169903,1,-8.730554581,1,3.007359505,1,-1.228556275,0,-0.182959989,0,-1.931662798,0
22.84379768,-71.40764618,1,6.078052044,1,-71.46414185,1,-0.447161913,1,-8.747294426,1,4.2101717,1,-1.236259937,0,-0.181075618,0,-1.893309712,0
22.84779549,-94.07491302,1,-16.05452538,1,-50.40226746,1,-1.854332089,1,-8.788040161,1,5.958673954,1,-1.247538686,0,-0.173172772,0,-1.852930069,0
22.8517952,-75.38398743,1,-14.3500576,1,-39.15718079,1,-2.933687925,1,-8.420285225,1,7.335247517,1,-1.264428616,0,-0.158377245,0,-1.810910821,0
22.85579681,-68.19788361,1,-11.10085678,1,-28.54116058,1,-2.395248175,1,-6.875543118,1,6.971226692,1,-1.281261444,0,-0.139587328,0,-1.772990346,0
22.85979462,-32.95786667,1,-23.76628494,1,-16.45280266,1,-2.020285606,1,-5.50127697,1,5.941487789,1,-1.293784261,0,-0.121724539,0,-1.74206531,0
22.86379433,-2.468379259,1,-12.38385963,1,6.588080406,1,-2.472051859,1,-5.61673069,1,5.072663784,1,-1.305963039,0,-0.106379762,0,-1.714853287,0
22.86779594,-4.492577553,1,0.489352524,1,6.699176311,1,-3.048657656,1,-6.052022457,1,4.583853245,1,-1.319573641,0,-0.093645543,0,-1.687021971,0
22.87179375,-39.48203278,1,-6.691917419,1,-16.08787537,1,-3.571404696,1,-4.67753315,1,3.483379841,1,-1.335265875,0,-0.082888566,0,-1.661703944,0
22.87579346,-68.18590546,1,6.66454649,1,-24.62070656,1,-2.638338089,1,-1.840959549,1,2.019946098,1,-1.349150658,0,-0.075487264,0,-1.646658063,0
22.87979507,-51.73870087,1,25.81832504,1,-8.601993561,1,-1.335895181,1,-0.892506003,1,1.831439018,1,-1.357614517,0,-0.069083259,0,-1.640030146,0
22.88379288,-12.1161747,1,25.89405251,1,-5.948441982,1,-0.42872721,1,-0.530193329,1,1.646360278,1,-1.361127496,0,-0.062828794,0,-1.63578105,0
22.88779831,-7.147895813,1,-2.992103338,1,-1.268213153,1,-0.200506225,1,-0.673769534,1,1.501908422,1,-1.362550616,0,-0.057148628,0,-1.632229447,0
22.89179993,-23.17806244,1,-28.63591385,1,-5.041443348,1,-0.414618462,1,-0.469410032,1,1.362062693,1,-1.363886118,0,-0.052051622,0,-1.628718495,0
22.89579773,-2.86310935,1,-14.1375761,1,-5.288210392,1,-0.755158782,1,-0.414760113,1,1.320207119,1,-1.366343737,0,-0.047211748,0,-1.626052856,0
22.89979744,-4.069479942,1,-13.23686314,1,-12.04769802,1,-1.026383638,1,-0.492485344,1,1.512817383,1,-1.370112181,0,-0.042055428,0,-1.623023033,0
22.90379906,0.975171864,1,-9.353944778,1,-13.05874538,1,-1.154338837,1,-0.610304475,1,1.695242286,1,-1.374610305,0,-0.036191288,0,-1.619706273,0
22.90779686,-4.553454876,1,-0.457417339,1,-13.71848488,1,-1.034667134,1,-0.905175745,1,1.729218841,1,-1.379209995,0,-0.029978056,0,-1.615352392,0
22.91179657,-9.776296616,1,4.269708633,1,-13.40534115,1,-0.777979612,1,-1.012849212,1,1.503914952,1,-1.382957578,0,-0.024333466,0,-1.610322833,0
22.91579628,-1.996097088,1,-5.666856766,1,-8.158887863,1,-0.747138739,1,-0.986332297,1,1.436770558,1,-1.38599205,0,-0.0193977,0,-1.605291128,0
22.91979408,-3.972788572,1,-12.73738194,1,-7.878031254,1,-0.967097759,1,-0.904559553,1,1.557572603,1,-1.389470816,0,-0.014184235,0,-1.600431561,0
22.92379379,-6.612473488,1,-7.134528637,1,-6.188652039,1,-1.130109787,1,-0.817384124,1,1.554810166,1,-1.39377284,0,-0.008629459,0,-1.595939755,0
22.92779541,-9.728956223,1,0.040411647,1,-8.011650085,1,-1.120672107,1,-0.744176686,1,1.411959767,1,-1.398310065,0,-0.003324008,0,-1.591842651,0
22.93179321,-7.951119423,1,-0.767729759,1,-7.729669094,1,-1.037470341,1,-0.710688293,1,1.302374721,1,-1.402649641,0,0.001527399,0,-1.588081837,0
22.93579292,-7.293771744,1,1.70995903,1,-7.822722912,1,-0.947809458,1,-0.727245629,1,1.146999717,1,-1.406603217,0,0.005871688,0,-1.584463477,0
22.93979454,-9.200964928,1,8.23015213,1,-9.256041527,1,-0.732838035,1,-0.748409986,1,0.970134258,1,-1.426846027,0,-0.046535417,0,-1.528030157,0
22.94379234,-6.511302471,1,1.907978535,1,-8.625488281,1,-0.513995349,1,-0.739573598,1,0.821866095,1,-1.429428339,0,-0.043434508,0,-1.524576306,0
22.94779205,-5.19903183,1,-6.056883335,1,-7.878529549,1,-0.570246041,1,-0.753218532,1,0.809980929,1,-1.431697965,0,-0.04065137,0,-1.521164775,0
22.95179558,-6.408901215,1,-4.040971756,1,-7.770196915,1,-0.643075585,1,-0.698183417,1,0.834939122,1,-1.434271336,0,-0.037787247,0,-1.517803192,0
22.95579147,-4.899348736,1,-1.598137736,1,-9.00972271,1,-0.650244713,1,-0.665029466,1,0.829836309,1,-1.436983347,0,-0.034840841,0,-1.514678359,0
22.95979118,-4.800258636,1,-1.643580914,1,-9.701066971,1,-0.659660459,1,-0.716227531,1,0.796314359,1,-1.439718127,0,-0.031992856,0,-1.511517644,0
22.96379471,-6.028450966,1,-0.036443003,1,-9.8366642,1,-0.623393774,1,-0.787209272,1,0.782596648,1,-1.4423908,0,-0.029253842,0,-1.508129835,0
22.96779251,-6.451686859,1,0.428914219,1,-10.4126339,1,-0.535317481,1,-0.851480126,1,0.737024128,1,-1.444835305,0,-0.026638916,0,-1.504493475,0
22.97179222,-5.251756668,1,-3.968384027,1,-12.00549889,1,-0.533075213,1,-1.022247553,1,0.717765689,1,-1.446988344,0,-0.02423303,0,-1.500448465,0
22.97579384,-4.291160583,1,-4.162957191,1,-12.18597031,1,-0.736101806,1,-1.250759125,1,0.713112056,1,-1.449686527,0,-0.021942707,0,-1.49556613,0
22.97979164,-3.410763025,1,-3.31513238,1,-13.02320576,1,-0.723300636,1,-1.410448551,1,0.743524492,1,-1.452727914,0,-0.019694768,0,-1.489934087,0
22.98379135,-3.17798996,1,-2.968728304,1,-13.80904007,1,-0.714409828,1,-1.646234035,1,0.753424466,1,-1.455724835,0,-0.017415063,0,-1.483542442,0
22.98779297,-3.563070297,1,-2.520545006,1,-14.24672222,1,-0.703775942,1,-1.933125854,1,0.746275067,1,-1.458654881,0,-0.015263973,0,-1.476097465,0
22.99179077,-4.985364914,1,-2.504279613,1,-15.24384022,1,-0.835403621,1,-2.210015297,1,0.736731648,1,-1.461854815,0,-0.013232588,0,-1.467539907,0
22.99579048,-5.015439034,1,-2.472180605,1,-14.78189373,1,-0.84088105,1,-2.528344154,1,0.758171856,1,-1.465295792,0,-0.01129088,0,-1.457804561,0
22.9997921,-4.688974857,1,-2.001379251,1,-16.23846054,1,-0.859121382,1,-2.931897879,1,0.813296556,1,-1.468830466,0,-0.00927846,0,-1.446600795,0
23.0037899,-4.47232008,1,0.975363374,1,-18.07861328,1,-0.738182485,1,-3.284046412,1,0.821936011,1,-1.472178221,0,-0.007275437,0,-1.433932304,0
23.00779533,-0.164970174,1,-0.770449102,1,-18.52325249,1,-0.721251845,1,-3.692605495,1,0.845732152,1,-1.475163341,0,-0.005316461,0,-1.419788122,0
23.01179695,-1.361739635,1,-1.675305367,1,-19.27160454,1,-0.706483066,1,-4.160727978,1,0.893003225,1,-1.478105426,0,-0.003321475,0,-1.403796911,0
23.01579475,-0.539179862,1,-2.310959578,1,-19.08338165,1,-0.660496116,1,-4.624913216,1,0.967226267,1,-1.480879307,0,-0.001218707,0,-1.385969639,0
23.01979446,-0.882916987,1,-2.020609856,1,-19.07459259,1,-0.559046865,1,-5.079020023,1,1.070759654,1,-1.48331356,0,0.001116812,0,-1.366265059,0
23.02379608,0.447360784,1,-3.812984943,1,-18.87364388,1,-0.53957659,1,-5.559472561,1,1.204194307,1,-1.485439301,0,0.003813455,0,-1.344667673,0
23.02779388,0.741793752,1,-4.672460079,1,-18.36211395,1,-0.562188327,1,-6.019294262,1,1.353449821,1,-1.487526774,0,0.006946083,0,-1.321154594,0
23.03179359,1.215726137,1,-4.630608559,1,-17.44378853,1,-0.564986885,1,-6.443291664,1,1.472293735,1,-1.489607453,0,0.010507897,0,-1.29586339,0
23.03579521,2.521602392,1,-3.326959372,1,-17.6676445,1,-0.543858409,1,-6.954668045,1,1.711904883,1,-1.491501331,0,0.014781476,0,-1.268599272,0
23.03979302,2.176203012,1,-2.434262276,1,-16.87353134,1,-0.418438286,1,-7.38952446,1,1.822634339,1,-1.492947102,0,0.019558217,0,-1.239447355,0
23.04379273,1.072072625,1,-2.351255178,1,-16.15954399,1,-0.315661013,1,-7.813346386,1,1.961869359,1,-1.493718624,0,0.024755979,0,-1.208520174,0
23.04779434,-0.241688818,1,-2.902222157,1,-15.73715305,1,-0.260519475,1,-8.181681633,1,2.115644693,1,-1.493965387,0,0.030413905,0,-1.175953388,0
23.05179215,-2.634754419,1,-3.484518528,1,-14.71528435,1,-0.294715166,1,-8.456747055,1,2.291140318,1,-1.493899703,0,0.036620364,0,-1.14207077,0
23.05578995,-0.578673184,1,-3.784131765,1,-13.66210651,1,-0.457977295,1,-8.730855942,1,2.484283686,1,-1.493977904,0,0.043517169,0,-1.107011676,0
23.05979157,0.097035497,1,-3.707108974,1,-11.94355202,1,-0.633581996,1,-8.742551804,1,2.6623137,1,-1.494470239,0,0.051095281,0,-1.071332693,0
23.06379128,-1.336430669,1,-2.622657776,1,-11.01021481,1,-0.75459826,1,-8.746574402,1,2.898163795,1,-1.495279908,0,0.0595189,0,-1.035558105,0
23.06779099,-6.465167999,1,-0.738186479,1,-11.1483984,1,-0.784693241,1,-8.747429848,1,3.09082675,1,-1.496109486,0,0.068878479,0,-0.999691904,0
23.0717926,-14.08329296,1,2.603629112,1,-11.59244919,1,-0.58876729,1,-8.743765831,1,3.036317348,1,-1.496273875,0,0.078560561,0,-0.96378988,0
23.07579041,-17.84535027,1,2.903900623,1,-11.51608658,1,-0.181174904,1,-8.733575821,1,2.879632235,1,-1.494858623,0,0.087696597,0,-0.927922845,0
23.07978821,-18.19536972,1,2.431522369,1,-11.12985897,1,0.177729651,1,-8.726529121,1,2.921638489,1,-1.491536021,0,0.096528366,0,-0.89206022,0
23.08378983,-18.89648438,1,2.421027899,1,-11.09559345,1,0.467652768,1,-8.721130371,1,2.906156778,1,-1.486617923,0,0.105344571,0,-0.856142879,0
23.08778763,-20.22893906,1,2.288560629,1,-9.81939888,1,0.800789297,1,-8.713855743,1,2.909998417,1,-1.480156302,0,0.113880165,0,-0.820178509,0
23.09178925,-21.72013474,1,1.595608711,1,-8.852497101,1,1.171534896,1,-8.705699921,1,2.836558342,1,-1.471977711,0,0.12206997,0,-0.784154296,0
23.09579086,-29.56701088,1,1.11263442,1,-8.253565788,1,1.574870825,1,-8.612652779,1,2.662692308,1,-1.461975098,0,0.129447401,0,-0.748193741,0
23.09978867,-33.37403488,1,-0.544047773,1,-5.92863512,1,2.00358367,1,-7.734156132,1,2.443686008,1,-1.450300336,0,0.135814935,0,-0.714159429,0
23.10378647,-37.42218781,1,-1.381498337,1,-6.312201023,1,2.313346148,1,-6.599215031,1,2.156196356,1,-1.437515974,0,0.141382813,0,-0.684239388,0
23.10778809,-36.5025177,1,-2.163363934,1,-3.796988726,1,2.482288361,1,-5.381963253,1,1.878811359,1,-1.424279809,0,0.145947859,0,-0.659140587,0
23.1117878,-25.70905113,1,-3.418539762,1,-2.227286339,1,2.292525053,1,-4.337542534,1,1.749323249,1,-1.411591768,0,0.150181636,0,-0.638649702,0
23.11578751,-18.13134766,1,-11.35567951,1,0.018603671,1,1.683842778,1,-3.469104528,1,1.727020979,1,-1.401023507,0,0.154430747,0,-0.621995926,0
23.11979103,-20.85861588,1,-18.86829948,1,-0.737526655,1,0.600085437,1,-2.798597336,1,1.584627986,1,-1.39419508,0,0.158875316,0,-0.608300388,0
23.12378693,-20.09314728,1,-22.16291046,1,-2.688339233,1,-0.778803229,1,-2.355620623,1,1.392369866,1,-1.392719746,0,0.162893444,0,-0.597098231,0
23.12779427,-14.23801994,1,-16.24656296,1,-1.407207012,1,-2.123470783,1,-2.325806618,1,1.375873804,1,-1.396933556,0,0.166669399,0,-0.586864233,0
23.13179588,-22.25445175,1,-4.075292587,1,-3.047446251,1,-2.8390553,1,-2.491714239,1,1.343820691,1,-1.405244112,0,0.170546338,0,-0.576258183,0
23.13579369,-27.26377678,1,-1.186725497,1,-6.868321896,1,-3.090250731,1,-2.169569016,1,1.234207869,1,-1.41533041,0,0.174056306,0,-0.565965116,0
23.1397934,-14.88269901,1,-1.047756672,1,-5.940044403,1,-3.147029161,1,-1.993964911,1,1.067947388,1,-1.426392555,0,0.177459285,0,-0.557071447,0
23.14379501,-6.892895699,1,1.995891452,1,-5.945950985,1,-2.743068457,1,-2.176558971,1,0.737951219,1,-1.436648726,0,0.17987591,0,-0.548181534,0
23.14779282,-2.087162018,1,3.56741333,1,-4.248252869,1,-2.180467367,1,-2.674759865,1,0.578269064,1,-1.444707155,0,0.181177795,0,-0.538160741,0
23.15179253,-5.492096424,1,4.384230614,1,-5.331279278,1,-1.690868855,1,-3.233190536,1,0.62902379,1,-1.4502244,0,0.182100654,0,-0.52589339,0
23.15579414,-11.10840893,1,2.239431381,1,-6.884018421,1,-1.200306416,1,-3.59409833,1,0.655779064,1,-1.453450203,0,0.183028027,0,-0.511743963,0
23.15979195,-14.03585625,1,0.357168019,1,-8.382922173,1,-0.729353786,1,-3.722757101,1,0.687803388,1,-1.454545975,0,0.183998287,0,-0.496609628,0
23.16379166,-14.42302895,1,-0.95803076,1,-9.000592232,1,-0.285182863,1,-3.774505854,1,0.71206975,1,-1.453714371,0,0.185020432,0,-0.481119066,0
23.16779327,-14.87084007,1,-2.352372408,1,-9.252248764,1,0.059391398,1,-3.802439451,1,0.801503599,1,-1.451224208,0,0.186231583,0,-0.465440005,0
23.17179108,-15.747159,1,-4.045775414,1,-9.993489265,1,0.271595418,1,-3.761752367,1,0.959715307,1,-1.447595954,0,0.187887445,0,-0.44969514,0
23.17579079,-16.42746353,1,-6.197108269,1,-10.91883278,1,0.348694623,1,-3.655518532,1,1.150918007,1,-1.443414211,0,0.19020015,0,-0.434205025,0
23.1797924,-16.65969276,1,-7.861073494,1,-11.96130562,1,0.317057788,1,-3.535279036,1,1.37942636,1,-1.439165831,0,0.193367124,0,-0.41900593,0
23.18379021,-16.27715111,1,-8.777964592,1,-12.87092304,1,0.226623371,1,-3.437660456,1,1.623924136,1,-1.435172081,0,0.197452247,0,-0.404116541,0
23.18778992,-16.06199646,1,-9.65891552,1,-13.9137764,1,0.097398393,1,-3.337994576,1,1.87497282,1,-1.406171799,0,0.239264265,0,-0.374130487,0
23.19179153,-15.55698013,1,-10.18028069,1,-14.76142502,1,-0.050453931,1,-3.281695843,1,2.154625654,1,-1.402517438,0,0.245017156,0,-0.359311998,0
23.19578934,-15.31919956,1,-10.4528532,1,-15.51142216,1,-0.229299769,1,-3.236545801,1,2.458301306,1,-1.399425507,0,0.251911581,0,-0.344464362,0
23.19978905,-15.10148335,1,-10.37688351,1,-16.05406761,1,-0.381723434,1,-3.191478014,1,2.759835005,1,-1.396870255,0,0.259980887,0,-0.329515278,0
23.20379067,-14.99025059,1,-10.23049831,1,-16.50987816,1,-0.51465404,1,-3.155956984,1,3.0631423,1,-1.394727945,0,0.269243389,0,-0.314452976,0
23.20778847,-15.06806183,1,-9.842175484,1,-17.04567146,1,-0.583450377,1,-3.093265295,1,3.348966837,1,-1.392838001,0,0.279668868,0,-0.299317777,0
23.21178818,-15.04711914,1,-9.360383034,1,-17.49807358,1,-0.615420103,1,-3.025045633,1,3.618550301,1,-1.390989423,0,0.29121244,0,-0.284169137,0
23.21578789,-15.34741783,1,-8.942016602,1,-17.7654953,1,-0.579742193,1,-2.902082682,1,3.876406431,1,-1.388994813,0,0.303829253,0,-0.269148111,0
23.21978569,-15.62227631,1,-8.519757271,1,-18.02668762,1,-0.490544885,1,-2.745584965,1,4.119755745,1,-1.386647344,0,0.317507327,0,-0.25442335,0
23.22378731,-15.81884289,1,-8.609086037,1,-18.30525589,1,-0.354321152,1,-2.545879126,1,4.351747036,1,-1.383781672,0,0.332199037,0,-0.240150005,0
23.22778702,-15.82563591,1,-8.661997795,1,-18.79799652,1,-0.180555254,1,-2.332966805,1,4.569934368,1,-1.380287409,0,0.347898841,0,-0.22643061,0
23.23178673,-15.81241512,1,-9.162130356,1,-19.18458939,1,-0.013007133,1,-2.116600513,1,4.787056923,1,-1.37610054,0,0.364575326,0,-0.213284165,0
23.23578453,-16.12106514,1,-10.31241798,1,-19.51722908,1,0.155046269,1,-1.894238472,1,4.999767303,1,-1.371226788,0,0.382193923,0,-0.200711533,0
23.23978615,-16.42942238,1,-11.60197353,1,-20.16944122,1,0.276179731,1,-1.674818873,1,5.206097126,1,-1.365772009,0,0.400758713,0,-0.188720152,0
23.24378395,-16.14428329,1,-12.8746767,1,-20.70196915,1,0.333948612,1,-1.459804893,1,5.396862507,1,-1.359966159,0,0.42023468,0,-0.17725271,0
23.24778938,-16.10757446,1,-14.09335995,1,-20.87296867,1,0.313629955,1,-1.249162793,1,5.570456982,1,-1.354088783,0,0.440536141,0,-0.166308373,0
23.251791,-15.7284174,1,-15.1465807,1,-21.06525421,1,0.220506191,1,-1.026588202,1,5.689318657,1,-1.348479629,0,0.461541355,0,-0.155916139,0
23.2557888,-14.91159534,1,-15.67155647,1,-20.94865036,1,0.025363276,1,-0.822321236,1,5.750190258,1,-1.343521833,0,0.483029783,0,-0.146146417,0
23.25978851,-14.03991795,1,-16.09347725,1,-20.57389641,1,-0.223789573,1,-0.606719673,1,5.735723495,1,-1.33959794,0,0.504762709,0,-0.137068555,0
23.26379204,-12.99934864,1,-16.45895004,1,-19.65963554,1,-0.53322649,1,-0.39231056,1,5.67798233,1,-1.337017536,0,0.526527047,0,-0.128768057,0
23.26778793,-12.42632675,1,-16.75273323,1,-18.47393227,1,-0.852168441,1,-0.167607278,1,5.586660862,1,-1.336002827,0,0.548186004,0,-0.121404782,0
23.27178764,-12.0395031,1,-17.01600266,1,-17.4144268,1,-1.18637526,1,0.077481873,1,5.466158867,1,-1.33675158,0,0.569641709,0,-0.115132131,0
23.27579117,-11.28710461,1,-17.44726563,1,-16.47091484,1,-1.537336707,1,0.326734513,1,5.346205235,1,-1.339443803,0,0.590871632,0,-0.110115238,0
23.27978897,-10.31486607,1,-17.5156002,1,-15.7550602,1,-1.868522882,1,0.578093946,1,5.203050137,1,-1.344186187,0,0.611830115,0,-0.106443107,0
23.28378868,-9.553265572,1,-17.26929474,1,-14.73364353,1,-2.202997446,1,0.834585607,1,5.029824734,1,-1.351053119,0,0.632422328,0,-0.104228318,0
23.2877903,-8.821412086,1,-16.61462402,1,-14.38577557,1,-2.477499247,1,1.097618699,1,4.795431137,1,-1.360090852,0,0.652455628,0,-0.103687346,0
23.2917881,-7.800493717,1,-15.59032249,1,-14.02359295,1,-2.700021982,1,1.37007916,1,4.496157646,1,-1.371278763,0,0.671669424,0,-0.105001368,0
23.29578781,-7.096975327,1,-13.6982832,1,-13.96446514,1,-2.823481321,1,1.663332105,1,4.126934528,1,-1.384482503,0,0.689778388,0,-0.108390786,0
23.29978943,-6.446105003,1,-11.31597042,1,-13.81761169,1,-2.830201626,1,1.991227269,1,3.691143751,1,-1.399516225,0,0.70647496,0,-0.114140525,0
23.30378723,-5.948070049,1,-9.288311958,1,-13.39159012,1,-2.713941336,1,2.35778141,1,3.19721961,1,-1.416130185,0,0.721488357,0,-0.122525737,0
23.30778694,-5.343329906,1,-7.960306168,1,-12.70903492,1,-2.497397661,1,2.744277239,1,2.672184229,1,-1.434050798,0,0.734585881,0,-0.133758053,0
23.31178856,-4.308869362,1,-7.622148037,1,-11.7318058,1,-2.214979649,1,3.126368046,1,2.156887293,1,-1.453023553,0,0.745651245,0,-0.147888556,0
23.31578636,-3.084842682,1,-7.722593784,1,-10.66334629,1,-1.914570212,1,3.47446847,1,1.671911478,1,-1.472757459,0,0.754680037,0,-0.164717227,0
23.31978607,-2.062268019,1,-7.990986824,1,-9.575282097,1,-1.630597472,1,3.779342651,1,1.248369098,1,-1.493055105,0,0.761760116,0,-0.183909073,0
23.32378769,-1.333941817,1,-7.845887661,1,-8.285167694,1,-1.366145134,1,4.073982239,1,0.858523488,1,-1.513798237,0,0.767012537,0,-0.205227271,0
23.32778549,-0.707615197,1,-7.634021759,1,-7.10500145,1,-1.123514175,1,4.35782671,1,0.48772487,1,-1.53495872,0,0.770474017,0,-0.228497654,0
23.3317852,-0.287382275,1,-7.580433369,1,-5.923311234,1,-0.934912145,1,4.645030022,1,0.115096055,1,-1.556540012,0,0.772123575,0,-0.253570855,0
23.33578682,-0.105422072,1,-7.800608158,1,-4.741179466,1,-0.774976313,1,4.920211315,1,-0.235526294,1,-1.578565955,0,0.771939993,0,-0.280265838,0
23.33978462,-0.451768547,1,-8.08306694,1,-3.14567709,1,-0.66021961,1,5.225753784,1,-0.571917892,1,-1.601096511,0,0.769932866,0,-0.30849272,0
23.34378433,-0.733842075,1,-8.523767471,1,-1.509726048,1,-0.593368113,1,5.549295902,1,-0.878077984,1,-1.624277115,0,0.766118467,0,-0.338256001,0
23.34778595,-0.511543274,1,-8.637617111,1,-0.585251749,1,-0.567720056,1,5.860555649,1,-1.14706409,1,-1.648147583,0,0.760580719,0,-0.36942628,0
23.35178375,0.093112171,1,-8.04722023,1,-0.531153858,1,-0.532469928,1,6.113658905,1,-1.379033089,1,-1.672469854,0,0.753392041,0,-0.401629984,0
23.35578346,0.232501924,1,-6.802514076,1,-0.043871798,1,-0.440419316,1,6.331778526,1,-1.573513627,1,-1.696810007,0,0.744681358,0,-0.434487253,0
23.35978508,-0.138249055,1,-5.456695557,1,0.422276527,1,-0.263691306,1,6.519409657,1,-1.741965413,1,-1.720656753,0,0.734574616,0,-0.467740387,0
23.36378479,-0.237973481,1,-4.399654388,1,0.510113955,1,-0.044096984,1,6.685692787,1,-1.914646506,1,-1.743520021,0,0.723101974,0,-0.501134336,0
23.36779022,0.021850659,1,-3.89311409,1,0.682130814,1,0.204313695,1,6.817568302,1,-2.087299347,1,-1.765073657,0,0.710290432,0,-0.534430981,0
23.37179184,0.040523417,1,-3.952659845,1,0.860657215,1,0.46033144,1,6.917726517,1,-2.236627817,1,-1.785087347,0,0.696247101,0,-0.567412794,0
23.37578964,-0.515227139,1,-4.604706764,1,0.886096239,1,0.701707721,1,6.999246597,1,-2.365177393,1,-1.803426504,0,0.681093335,0,-0.599925876,0
23.37978745,-1.764469981,1,-5.258695602,1,0.556641698,1,0.9108513,1,7.065533638,1,-2.486878872,1,-1.82011497,0,0.664946914,0,-0.63189286,0
23.38378906,-3.342135906,1,-5.858626366,1,0.135932252,1,1.071732402,1,7.136411667,1,-2.613824368,1,-1.835301042,0,0.647874832,0,-0.663293481,0
23.38778687,-5.212757587,1,-6.401090145,1,-0.196422577,1,1.182768703,1,7.243415833,1,-2.755676985,1,-1.849220991,0,0.629826069,0,-0.694205165,0
23.39178658,-6.717414856,1,-6.868979454,1,-0.441426992,1,1.252878428,1,7.38212204,1,-2.926096916,1,-1.862101793,0,0.610710502,0,-0.724768639,0
23.39578819,-7.590031147,1,-7.408095837,1,-0.65487051,1,1.288933516,1,7.520099163,1,-3.111817837,1,-1.874097943,0,0.590435505,0,-0.755022407,0
23.399786,-7.960991383,1,-7.899421692,1,-0.861048579,1,1.287446499,1,7.644926071,1,-3.285706758,1,-1.885313988,0,0.569017053,0,-0.784917653,0
23.40378571,-8.233458519,1,-8.16164875,1,-1.054255843,1,1.25551796,1,7.738529682,1,-3.454154968,1,-1.895826221,0,0.546542645,0,-0.814363837,0
23.40778732,-8.447950363,1,-8.175662994,1,-1.210485935,1,1.223498583,1,7.812796116,1,-3.602493525,1,-1.905594587,0,0.523105919,0,-0.843255281,0
23.41178513,-8.679609299,1,-8.008899689,1,-1.407874703,1,1.204849958,1,7.860382557,1,-3.743579865,1,-1.914583325,0,0.498809129,0,-0.871534348,0
23.41578484,-8.858884811,1,-7.804920197,1,-1.667294741,1,1.216838479,1,7.893493176,1,-3.863635778,1,-1.922671318,0,0.473752737,0,-0.899177909,0
23.41978645,-9.108158112,1,-7.668851376,1,-1.900860906,1,1.274274588,1,7.912571907,1,-3.975137234,1,-1.929716945,0,0.448048115,0,-0.926182806,0
23.42378426,-9.420862198,1,-7.590018272,1,-2.070661545,1,1.351053834,1,7.929419518,1,-4.081171036,1,-1.935594678,0,0.421753049,0,-0.952569067,0
23.42778397,-9.675428391,1,-7.740494251,1,-2.309519529,1,1.452155709,1,7.925179482,1,-4.172231674,1,-1.940225005,0,0.394947767,0,-0.978365719,0
23.43178558,-9.786425591,1,-7.753603935,1,-2.453659773,1,1.539478183,1,7.920598984,1,-4.28030777,1,-1.94362092,0,0.367700815,0,-1.003580451,0
23.43578339,-9.881205559,1,-8.021920204,1,-2.65676856,1,1.620503664,1,7.896524429,1,-4.363536358,1,-1.945845127,0,0.340043962,0,-1.02824223,0
23.4397831,-9.624224663,1,-7.62138319,1,-2.822542429,1,1.71033752,1,7.866533756,1,-4.449793339,1,-2.050983191,0,0.248548165,0,-1.058007121,0
23.44378662,-9.540967941,1,-7.528262615,1,-2.927291393,1,1.832767248,1,7.838399887,1,-4.506873608,1,-2.048575878,0,0.218171403,0,-1.078173637,0
23.44778252,-9.618582726,1,-7.16947031,1,-3.151640415,1,1.982289314,1,7.801705837,1,-4.569765091,1,-2.044949532,0,0.18769753,0,-1.098075032,0
23.45178223,-9.517819405,1,-6.780832291,1,-3.389894009,1,2.137542963,1,7.764347553,1,-4.617050648,1,-2.04009223,0,0.1571825,0,-1.117753506,0
23.45578575,-9.118113518,1,-6.497607231,1,-3.697924852,1,2.306568861,1,7.727241993,1,-4.650909901,1,-2.03396678,0,0.126681745,0,-1.137293577,0
23.45978355,-8.839012146,1,-6.491045952,1,-4.138360977,1,2.481812716,1,7.672645092,1,-4.649836063,1,-2.02655983,0,0.096349403,0,-1.156774521,0
23.46378326,-8.838144302,1,-6.491645813,1,-4.686983585,1,2.661791801,1,7.607515812,1,-4.644740582,1,-2.017853498,0,0.066289,0,-1.176225781,0
23.46778488,-8.860414505,1,-6.24256897,1,-5.469964027,1,2.836024761,1,7.558573246,1,-4.613036633,1,-2.007843971,0,0.036584578,0,-1.195743561,0
23.47178268,-9.772632599,1,-6.277628422,1,-6.478418827,1,3.020559072,1,7.528999329,1,-4.606178284,1,-1.996559739,0,0.007214311,0,-1.215430021,0
23.47578239,-10.28265858,1,-6.418076038,1,-7.145923138,1,3.19127512,1,7.554723263,1,-4.576737881,1,-1.983995914,0,-0.021842966,0,-1.235498428,0
23.47978401,-11.01765537,1,-6.499554157,1,-8.008748055,1,3.365750074,1,7.610750198,1,-4.53929615,1,-1.970133901,0,-0.050569363,0,-1.256163597,0
23.48378182,-11.46210766,1,-6.6054039,1,-8.839688301,1,3.524158239,1,7.710249424,1,-4.511548042,1,-1.954952836,0,-0.078991763,0,-1.277607322,0
23.48778725,-11.9009943,1,-6.564935684,1,-9.617951393,1,3.659310102,1,7.823574066,1,-4.496181965,1,-1.938486338,0,-0.1071546,0,-1.299978733,0
23.49178886,-11.80163383,1,-6.591752529,1,-10.16913605,1,3.754485846,1,7.960682392,1,-4.487173557,1,-1.920822859,0,-0.135058656,0,-1.323401451,0
23.49578667,-11.25526237,1,-6.50266695,1,-10.61441517,1,3.838558912,1,8.059971809,1,-4.463493824,1,-1.901986361,0,-0.1626461,0,-1.347892165,0
23.49978638,-10.55691528,1,-6.447808266,1,-10.99125004,1,3.892622709,1,8.125601768,1,-4.426578522,1,-1.8820436,0,-0.189735219,0,-1.373400211,0
23.50378799,-9.751432419,1,-6.379572868,1,-11.60001373,1,3.952450514,1,8.142015457,1,-4.35904789,1,-1.86102879,0,-0.216145083,0,-1.399823904,0
23.5077858,-9.235352516,1,-6.340994835,1,-12.50592327,1,4.026646137,1,8.123221397,1,-4.275669575,1,-1.838900805,0,-0.241715744,0,-1.427054167,0
23.51178551,-9.500362396,1,-6.262163162,1,-13.62481022,1,4.141117573,1,8.101208687,1,-4.190038681,1,-1.815537214,0,-0.266306847,0,-1.455046654,0
23.51578713,-10.34532356,1,-6.222960472,1,-14.68945313,1,4.281291962,1,8.09017849,1,-4.111121655,1,-1.790788651,0,-0.289917231,0,-1.48383069,0
23.51978493,-11.67031765,1,-6.552117825,1,-15.70162678,1,4.427636147,1,8.101498604,1,-4.043664455,1,-1.764561057,0,-0.312527418,0,-1.513507843,0
23.52378464,-13.30389595,1,-7.147154331,1,-16.55224228,1,4.551770687,1,8.120837212,1,-3.99582696,1,-1.736854553,0,-0.334149599,0,-1.54413867,0
23.52778626,-14.78979969,1,-8.195333481,1,-16.85149193,1,4.619265079,1,8.136919975,1,-3.979864597,1,-1.707830667,0,-0.354828984,0,-1.575728297,0
23.53178406,-15.7392149,1,-9.116436005,1,-16.93019485,1,4.640834808,1,8.116027832,1,-3.99539423,1,-1.677706361,0,-0.374611855,0,-1.608213663,0
23.53578377,-16.27734375,1,-9.358870506,1,-16.71893311,1,4.616527081,1,8.025631905,1,-4.045135975,1,-1.646763563,0,-0.393582821,0,-1.641326189,0
23.53978539,-16.61686134,1,-8.55643177,1,-16.68598175,1,4.584076405,1,7.831546783,1,-4.138999462,1,-1.615289688,0,-0.411823064,0,-1.674692035,0
23.54378319,-17.43385696,1,-8.035514832,1,-16.68161011,1,4.536928177,1,7.579592705,1,-4.277151585,1,-1.583473444,0,-0.429517835,0,-1.707930803,0
23.5477829,-19.11594391,1,-8.315333366,1,-16.34236717,1,4.465517044,1,7.29055357,1,-4.465534687,1,-1.551491737,0,-0.446909368,0,-1.740842819,0
23.55178452,-21.18790627,1,-8.687660217,1,-15.94860554,1,4.324626923,1,6.952418804,1,-4.678019524,1,-1.519635081,0,-0.464170724,0,-1.77326858,0
23.55578232,-23.75875282,1,-8.751345634,1,-15.72926617,1,4.15181303,1,6.57167244,1,-4.901999474,1,-1.488206863,0,-0.48146981,0,-1.805023551,0
23.55978203,-26.67961693,1,-8.622994423,1,-15.3170557,1,3.980741739,1,6.17038393,1,-5.122825623,1,-1.457354546,0,-0.498928696,0,-1.836007118,0
23.56378365,-29.70121574,1,-7.247970104,1,-14.99645329,1,3.836312771,1,5.716850281,1,-5.33305645,1,-1.427108526,0,-0.516627133,0,-1.866069317,0
23.56778145,-32.36005402,1,-4.375375748,1,-14.54870796,1,3.767890453,1,5.220941544,1,-5.525345802,1,-1.39740622,0,-0.534627378,0,-1.895028949,0
23.57178116,-34.60451126,1,0.244283512,1,-14.16186142,1,3.877794743,1,4.663204193,1,-5.668412209,1,-1.367889285,0,-0.552939355,0,-1.922623992,0
23.57578278,-37.06587219,1,5.35570097,1,-13.54690266,1,4.207717896,1,4.080990314,1,-5.774377823,1,-1.337900043,0,-0.571516633,0,-1.948652864,0
23.57978058,-39.87392044,1,8.921813965,1,-12.0729351,1,4.645546913,1,3.526607752,1,-5.774001598,1,-1.306789517,0,-0.59020108,0,-1.973078847,0
23.58378029,-43.34768677,1,8.763401031,1,-9.841193199,1,5.014270306,1,3.077069521,1,-5.672134399,1,-1.274438381,0,-0.608568668,0,-1.996098518,0
23.58778191,-46.14727783,1,5.834615707,1,-7.534811497,1,5.091966152,1,2.661882401,1,-5.465321064,1,-1.241495371,0,-0.626268864,0,-2.017913103,0
23.59177971,-48.29837418,1,2.325406551,1,-5.157387257,1,4.746463299,1,2.264695406,1,-5.160152912,1,-1.209602237,0,-0.642955303,0,-2.03835988,0
23.59577942,-49.88770294,1,-0.21672371,1,-2.966130257,1,4.030400276,1,1.838676691,1,-4.779014587,1,-1.180609703,0,-0.6584512,0,-2.057120562,0
23.59978104,-50.36100006,1,0.669031262,1,-0.950726688,1,3.150564432,1,1.39386034,1,-4.359365463,1,-1.155950904,0,-0.672737658,0,-2.073788881,0
23.60377884,-49.33605957,1,5.132597446,1,1.015331626,1,2.357067823,1,0.924337089,1,-3.937373877,1,-1.136056185,0,-0.685941458,0,-2.088009119,0
23.60778618,-48.11146545,1,11.11192036,1,2.611338854,1,1.811308026,1,0.437284738,1,-3.533416986,1,-1.120461941,0,-0.69827652,0,-2.099496365,0
23.6117878,-47.30542755,1,14.51551151,1,4.185087204,1,1.50839448,1,0.030131388,1,-3.135107994,1,-1.108180523,0,-0.709843874,0,-2.108286142,0
23.6157856,-46.16499329,1,14.14553261,1,5.38015604,1,1.275246978,1,-0.27582252,1,-2.718879938,1,-1.098418713,0,-0.720521331,0,-2.114674091,0
23.61978531,-44.8400383,1,12.27195168,1,6.462829113,1,0.962075949,1,-0.509075105,1,-2.341509342,1,-1.091050029,0,-0.730247498,0,-2.118988752,0
23.62378693,-43.08845901,1,10.16931343,1,6.88079071,1,0.530200839,1,-0.707281291,1,-1.96657455,1,-1.086398959,0,-0.739006042,0,-2.121444702,0
23.62778473,-41.36559677,1,10.07074928,1,6.784464359,1,0.087474026,1,-0.876722515,1,-1.658931494,1,-1.084655404,0,-0.746892273,0,-2.122209549,0
23.63178444,-39.39330292,1,10.87463188,1,7.07354641,1,-0.277040482,1,-1.037481546,1,-1.390927076,1,-1.085559249,0,-0.754076898,0,-2.121473789,0
23.63578606,-36.44332123,1,11.89008427,1,7.379852772,1,-0.527804196,1,-1.215390086,1,-1.133480549,1,-1.088737965,0,-0.760618806,0,-2.119232178,0
23.63978386,-32.76548004,1,12.41811085,1,7.675918102,1,-0.643605828,1,-1.439773917,1,-0.884735107,1,-1.093815088,0,-0.766642749,0,-2.115315676,0
23.64378357,-7.131875515,1,3.568119287,1,-8.211712837,1,-1.036610007,1,-1.867108345,1,-0.582468927,1,-1.101129889,0,-0.772252262,0,-2.109209299,0
23.64778519,0.57400924,1,1.571270704,1,8.151370049,1,-3.219625473,1,-4.278505802,1,-0.85626179,1,-1.118840456,0,-0.779762983,0,-2.095996141,0
23.65178299,-70.45407867,1,-6.039627552,1,35.34220886,1,-5.053915501,1,-5.808939457,1,-0.019864691,1,-1.153688669,0,-0.790431321,0,-2.070550442,0
23.6557827,18.41827583,1,17.86983871,1,5.103853703,1,-4.036692619,1,-6.697800636,1,0.399031162,1,-1.195964456,0,-0.798883319,0,-2.037484646,0
23.65978432,0.232753217,1,14.36976242,1,-7.874519348,1,-4.157519341,1,-8.763823509,1,0.278208256,1,-1.241716385,0,-0.808214247,0,-1.995055795,0
23.66378212,-12.55897713,1,25.12955856,1,-40.62586975,1,-2.857496023,1,-8.777212143,1,0.805334508,1,-1.293765187,0,-0.816650391,0,-1.94532609,0
23.66778183,-5.045629501,1,18.53881454,1,-68.28833008,1,-1.817662477,1,-8.758666039,1,1.214754581,1,-1.339249849,0,-0.821855307,0,-1.894272327,0
23.67178345,-8.302856445,1,19.46204758,1,-82.85597229,1,-0.361966282,1,-8.736505508,1,2.451055288,1,-1.382747531,0,-0.822124004,0,-1.841792822,0
23.67578125,-59.65902328,1,5.818233967,1,-71.93936157,1,-1.041360974,1,-8.756441116,1,3.692997456,1,-1.42435801,0,-0.815776944,0,-1.788282752,0
23.67978096,-69.47825623,1,1.886301517,1,-46.43328857,1,-1.249864221,1,-8.700603485,1,5.495056152,1,-1.46776402,0,-0.801961064,0,-1.734695911,0
23.68378258,-49.05258942,1,12.76984024,1,-33.61837006,1,-1.479487538,1,-7.517437935,1,6.470498085,1,-1.508171082,0,-0.78020072,0,-1.685916781,0
23.68778038,-31.47563553,1,9.606163025,1,-19.12026978,1,-0.93546921,1,-6.644137859,1,6.314676285,1,-1.464208364,0,-0.695247054,0,-1.738295317,0
23.69178009,-28.14014053,1,-1.759195328,1,-10.611166,1,-0.540547669,1,-6.374507904,1,5.901898384,1,-1.490046501,0,-0.673314452,0,-1.701959133,0
23.69578171,-16.98548317,1,-9.576705933,1,0.971468985,1,-0.838153183,1,-6.142694473,1,5.431565285,1,-1.513251424,0,-0.652503312,0,-1.668472052,0
23.69977951,-16.41007614,1,-8.002275467,1,7.890242577,1,-1.247264743,1,-6.241353035,1,4.947272301,1,-1.536833763,0,-0.632954419,0,-1.636353254,0
23.70377922,-23.15273857,1,-20.78059578,1,2.136157513,1,-2.010663271,1,-5.946683407,1,4.746996403,1,-1.561124682,0,-0.613999844,0,-1.605637193,0
23.70778084,-35.13523102,1,-24.50679779,1,-13.56308746,1,-2.681657791,1,-5.18535471,1,4.131682873,1,-1.585962653,0,-0.596006632,0,-1.578351974,0
23.71177864,-60.27061081,1,-19.84962845,1,-25.98549461,1,-3.012396097,1,-3.079785824,1,2.659227848,1,-1.608602166,0,-0.581812501,0,-1.558377981,0
23.71577835,-53.99783707,1,10.3399601,1,-7.380777359,1,-2.023431063,1,-1.120348454,1,1.90585959,1,-1.623795033,0,-0.572913647,0,-1.549452186,0
23.71977997,-22.21479607,1,15.69984055,1,-6.329257965,1,-1.330485463,1,-0.715054154,1,1.976145625,1,-1.632297158,0,-0.564851701,0,-1.545768023,0
23.72377777,-6.061028957,1,2.287983656,1,-10.6414299,1,-1.048161507,1,-0.535790324,1,1.672569752,1,-1.638281703,0,-0.557364047,0,-1.543528676,0
23.7277832,-0.161319211,1,-9.564775467,1,-11.5698061,1,-0.96126014,1,-0.630340219,1,1.596361876,1,-1.643312812,0,-0.550759315,0,-1.541375637,0
23.73178482,-5.645099163,1,-14.15051079,1,-9.569535255,1,-1.137786627,1,-0.717357337,1,1.54067564,1,-1.648811579,0,-0.544276893,0,-1.538750172,0
23.73578262,-3.248101234,1,-12.9327116,1,-9.827523232,1,-1.429392815,1,-0.833511412,1,1.668641329,1,-1.655550241,0,-0.537694514,0,-1.535736561,0
23.73978043,-7.272728443,1,-11.35721493,1,-12.3376255,1,-1.544441104,1,-0.773704886,1,1.753759384,1,-1.663053036,0,-0.530513763,0,-1.532726645,0
23.74378204,-1.496595621,1,-4.044671535,1,-10.87843323,1,-1.572934151,1,-0.967828035,1,1.707175612,1,-1.670930862,0,-0.523297727,0,-1.529536605,0
23.74777985,-9.392681122,1,5.02594614,1,-11.01378441,1,-1.372857571,1,-0.951855898,1,1.557955384,1,-1.678688765,0,-0.516346931,0,-1.52585113,0
23.75178146,-8.822335243,1,3.605975628,1,-8.969388008,1,-1.174018741,1,-0.919524908,1,1.406240702,1,-1.685483456,0,-0.510079145,0,-1.522344351,0
23.75578499,-7.004301548,1,-4.522618771,1,-7.869095325,1,-1.106537938,1,-0.821490884,1,1.31877768,1,-1.691524506,0,-0.504264832,0,-1.519121885,0
23.75978279,-8.169445038,1,-5.992506504,1,-7.078564644,1,-1.156289339,1,-0.760122776,1,1.331466913,1,-1.697430015,0,-0.498584002,0,-1.516250968,0
23.76377869,-8.045692444,1,-0.631301582,1,-7.517275333,1,-1.147593975,1,-0.687039256,1,1.267767072,1,-1.703240156,0,-0.493044525,0,-1.51379776,0
23.76778221,-7.576483727,1,2.129796982,1,-9.142489433,1,-1.039345026,1,-0.619415343,1,1.118179679,1,-1.708667994,0,-0.487965167,0,-1.511599064,0
23.77178001,-5.949499607,1,-0.234735936,1,-9.624207497,1,-0.927101076,1,-0.629949212,1,1.028710961,1,-1.713566542,0,-0.48339203,0,-1.509481788,0
23.77577972,-4.989160061,1,-1.671687126,1,-8.862018585,1,-0.900016725,1,-0.625830233,1,0.933650255,1,-1.718175411,0,-0.479153037,0,-1.507317185,0
23.77978134,-7.287683487,1,2.268843412,1,-8.911006927,1,-0.835834563,1,-0.649588645,1,0.877643943,1,-1.722704768,0,-0.475179434,0,-1.505067945,0
23.78377914,-9.582527161,1,3.503963232,1,-7.950202942,1,-0.675633669,1,-0.624408364,1,0.773041964,1,-1.726768613,0,-0.471522361,0,-1.502787709,0
23.78777885,-6.368646145,1,-3.281697989,1,-7.701272488,1,-0.655966461,1,-0.614328325,1,0.712350786,1,-1.730356336,0,-0.468220264,0,-1.500582576,0
23.79178047,-5.487657547,1,-4.640399456,1,-7.267213345,1,-0.74222225,1,-0.594617784,1,0.71340245,1,-1.734143376,0,-0.465023339,0,-1.498405814,0
23.79577828,-5.995033264,1,-0.482439548,1,-8.028078079,1,-0.741899014,1,-0.544368207,1,0.698271751,1,-1.738016605,0,-0.461859941,0,-1.496408582,0
23.79977799,-5.797810555,1,0.820790231,1,-9.054377556,1,-0.702681661,1,-0.542908847,1,0.610822201,1,-1.741737843,0,-0.458912373,0,-1.49452281,0
23.8037796,-5.49518013,1,-0.276415497,1,-9.442398071,1,-0.686577618,1,-0.58086592,1,0.541251779,1,-1.745415688,0,-0.456273854,0,-1.49250567,0
23.80777741,-5.525194168,1,-1.16456604,1,-9.843584061,1,-0.658131778,1,-0.636457801,1,0.534027159,1,-1.749097466,0,-0.453730464,0,-1.490257144,0
23.81177712,-5.637433052,1,-1.329800606,1,-10.21681023,1,-0.594716966,1,-0.703918517,1,0.535580337,1,-1.752707005,0,-0.451158106,0,-1.487747073,0
23.81577873,-4.848343372,1,-2.783799648,1,-11.44516754,1,-0.606909692,1,-0.852210462,1,0.566048861,1,-1.756319761,0,-0.448450238,0,-1.48482573,0
23.81977844,-4.987430573,1,-3.068768263,1,-10.92780018,1,-0.722915411,1,-1.028735638,1,0.591122746,1,-1.7605896,0,-0.445450068,0,-1.481185079,0
23.82377815,-4.415730953,1,-2.38509202,1,-11.17912483,1,-0.687931657,1,-1.115481496,1,0.594849825,1,-1.765208006,0,-0.442319185,0,-1.477017403,0
23.82777977,-4.003785133,1,-2.082550526,1,-11.45440674,1,-0.672207296,1,-1.255755067,1,0.620002329,1,-1.769887686,0,-0.439008653,0,-1.472419739,0
23.83177757,-4.983222008,1,-2.045709848,1,-11.64376354,1,-0.682745874,1,-1.428885341,1,0.621374249,1,-1.774807334,0,-0.435495108,0,-1.467164993,0
23.83577538,-4.51046896,1,-0.236795664,1,-12.61298561,1,-0.651213884,1,-1.637574792,1,0.608403265,1,-1.780032635,0,-0.431840181,0,-1.461113214,0
23.83977699,-4.487725735,1,-1.805850387,1,-13.53766441,1,-0.7153337,1,-1.838041902,1,0.606115758,1,-1.785613537,0,-0.427989185,0,-1.454191446,0
23.8437748,-4.462780952,1,0.129571155,1,-14.4531517,1,-0.658323646,1,-2.126337767,1,0.59354651,1,-1.791696072,0,-0.423953593,0,-1.446263552,0
23.84778023,-3.963097334,1,-1.282972217,1,-15.43368816,1,-0.659501135,1,-2.438736916,1,0.642627776,1,-1.798060536,0,-0.41951105,0,-1.437122703,0
23.85178185,-4.50195837,1,-1.312575102,1,-16.85658836,1,-0.670042694,1,-2.79598999,1,0.631031752,1,-1.805003047,0,-0.414651483,0,-1.426625609,0
23.85577965,-3.676653862,1,-0.853952527,1,-17.19668579,1,-0.657470524,1,-3.115740061,1,0.688887179,1,-1.812345624,0,-0.409304947,0,-1.414726853,0
23.85977936,-0.971907139,1,-1.095840216,1,-17.85189629,1,-0.683225036,1,-3.54216218,1,0.710596681,1,-1.820316434,0,-0.403326124,0,-1.401403069,0
23.86378098,-1.813725591,1,-0.789405286,1,-17.7802372,1,-0.616237462,1,-3.930114269,1,0.739795446,1,-1.828729153,0,-0.396779358,0,-1.386469841,0
23.86777878,-1.390282035,1,-1.074381948,1,-17.0414505,1,-0.552202582,1,-4.304017544,1,0.808938682,1,-1.837339878,0,-0.389514476,0,-1.370117784,0
23.87177849,-2.039411545,1,-2.178183317,1,-16.40634346,1,-0.486437142,1,-4.633626461,1,0.896856666,1,-1.846000195,0,-0.381459653,0,-1.352505088,0
23.87578011,-1.502486706,1,-4.062229156,1,-16.46229744,1,-0.528151214,1,-4.948091984,1,1.04084897,1,-1.854875326,0,-0.372434735,0,-1.333837986,0
23.87977791,1.484326959,1,-3.388472319,1,-12.60388947,1,-0.495175511,1,-5.218379498,1,0.976436973,1,-1.864182234,0,-0.362879157,0,-1.314568639,0
23.88377762,-1.613879323,1,-3.480187416,1,-16.92110634,1,-0.439536124,1,-5.677784443,1,1.322041631,1,-1.873221397,0,-0.352006823,0,-1.293441534,0
23.88777924,-1.239633679,1,-4.158354282,1,-12.90649319,1,-0.498810798,1,-6.011160374,1,1.47351253,1,-1.882531047,0,-0.339544415,0,-1.271635175,0
23.89177704,0.521931887,1,-2.843617678,1,-14.11706924,1,-0.407744527,1,-6.337399483,1,1.494960546,1,-1.891885757,0,-0.32620284,0,-1.248723269,0
23.89577675,-0.197440431,1,-1.348694801,1,-13.49386406,1,-0.248420119,1,-6.654265881,1,1.641927481,1,-1.900660038,0,-0.312002182,0,-1.22489953,0
23.89977837,-1.861787915,1,-2.343483925,1,-12.78614807,1,-0.166228503,1,-6.9390769,1,1.783144355,1,-1.908834577,0,-0.296592772,0,-1.200327635,0
23.90377617,-3.584313154,1,-2.958511353,1,-12.94163895,1,-0.151890069,1,-7.175566673,1,1.867969155,1,-1.916615367,0,-0.280224144,0,-1.175122857,0
23.90777588,-3.443030357,1,-3.067470312,1,-12.39130306,1,-0.18564409,1,-7.370677471,1,1.981572151,1,-1.924156189,0,-0.263061106,0,-1.14948523,0
23.9117775,-1.492831111,1,-2.591298342,1,-12.20237732,1,-0.255636513,1,-7.586378098,1,2.103021622,1,-1.931587219,0,-0.244934082,0,-1.123497486,0
23.9157753,-1.466810822,1,-2.255124569,1,-11.24873066,1,-0.266427636,1,-7.831521034,1,2.198445559,1,-1.938818097,0,-0.22589992,0,-1.097017169,0
23.91977501,-1.974697113,1,-1.952890873,1,-10.73193455,1,-0.232944012,1,-8.072307587,1,2.322081804,1,-1.945607424,0,-0.205940351,0,-1.07003057,0
23.92377663,-4.324446201,1,-1.6926651,1,-10.80499458,1,-0.215396628,1,-8.264882088,1,2.412677526,1,-1.951827049,0,-0.185068637,0,-1.042615533,0
23.92777443,-9.859887123,1,-1.60783422,1,-11.21625042,1,-0.165737197,1,-8.313014984,1,2.407392979,1,-1.957381964,0,-0.16365245,0,-1.01506567,0
23.93177414,-12.82013416,1,-0.959943771,1,-10.98612213,1,-0.078155026,1,-8.225592613,1,2.289920568,1,-1.962044239,0,-0.142400593,0,-0.987675726,0
23.93577766,-11.39186096,1,-1.417358994,1,-10.09971046,1,0.001681281,1,-8.191347122,1,2.220866203,1,-1.965759635,0,-0.121531695,0,-0.960587859,0
23.93977356,-10.74845123,1,-0.800665557,1,-10.58972645,1,0.083106816,1,-8.202372551,1,2.204673052,1,-1.961119652,0,-0.106614649,0,-0.943392038,0
23.94377327,-13.26477337,1,0.652472019,1,-11.38242054,1,0.289039284,1,-8.163761139,1,2.07406354,1,-1.963050485,0,-0.086183362,0,-0.916255534,0
23.94777679,-16.2650528,1,1.825990438,1,-11.00928688,1,0.631147027,1,-7.959318161,1,1.965531111,1,-1.963267803,0,-0.066416591,0,-0.889448762,0
23.9517746,-16.00173187,1,2.110600948,1,-10.50431919,1,1.022641063,1,-7.813168526,1,1.842150569,1,-1.961466193,0,-0.047319341,0,-0.863176703,0
23.95577431,-20.25589561,1,2.211645126,1,-9.76855278,1,1.47873044,1,-7.543015003,1,1.638635993,1,-1.957468271,0,-0.02918133,0,-0.83731854,0
23.95977593,-23.93001747,1,1.729778528,1,-7.715805531,1,1.93138957,1,-7.048578262,1,1.443062782,1,-1.951133728,0,-0.012569522,0,-0.812498808,0
23.96377373,-23.82523537,1,0.267529696,1,-5.986650467,1,2.224721909,1,-6.437738895,1,1.3452878,1,-1.942903161,0,0.002567294,0,-0.789459705,0
23.96777344,-24.34239769,1,-0.733620703,1,-5.611530304,1,2.381607771,1,-5.780425072,1,1.187063575,1,-1.933467269,0,0.016082861,0,-0.768460393,0
23.97178078,-22.11568069,1,-1.866699219,1,-2.738888264,1,2.389947414,1,-5.138233185,1,1.107070446,1,-1.923469067,0,0.02795041,0,-0.749609649,0
23.9757843,-19.34865379,1,-2.224377155,1,-2.171042204,1,2.237766743,1,-4.644269943,1,1.158143878,1,-1.913629413,0,0.038931847,0,-0.732800841,0
23.97978401,-15.18783188,1,-2.585160255,1,0.664877415,1,1.992466569,1,-4.181247711,1,1.174043417,1,-1.904479384,0,0.049127545,0,-0.717658281,0
23.98378563,-13.75920486,1,-5.832108021,1,1.188307047,1,1.588439822,1,-3.816150188,1,1.34530139,1,-1.896534204,0,0.059080131,0,-0.704165339,0
23.98778343,-18.21173859,1,-8.602069855,1,-0.189251691,1,1.005881667,1,-3.407986164,1,1.354257345,1,-1.890563488,0,0.068813324,0,-0.692114711,0
23.99178314,-19.25144958,1,-9.982069016,1,-2.187115192,1,0.317236125,1,-3.06639719,1,1.28728044,1,-1.887092471,0,0.077879123,0,-0.681469977,0
23.99578476,-16.10611534,1,-10.02186394,1,-3.832905054,1,-0.531177342,1,-2.809178591,1,1.267261267,1,-1.886699796,0,0.086324833,0,-0.671869755,0
23.99978256,-12.17954159,1,-9.2368536,1,-1.806341887,1,-1.340966463,1,-2.849342108,1,1.392880321,1,-1.889667392,0,0.094862506,0,-0.662810087,0
24.00378227,-20.62193298,1,-0.546139657,1,-2.847823858,1,-1.796611786,1,-3.002782106,1,1.383335948,1,-1.895112038,0,0.103993118,0,-0.653391957,0
24.00778389,-26.6485424,1,0.255799055,1,-7.89140892,1,-1.789458752,1,-2.519043446,1,1.119244337,1,-1.901328802,0,0.112254985,0,-0.644333601,0
24.01178169,-14.91889286,1,-1.527458072,1,-7.029359341,1,-1.806723833,1,-2.206131458,1,1.000723839,1,-1.907703757,0,0.119323708,0,-0.636911631,0
24.0157814,-8.067690849,1,-0.751845896,1,-5.866961002,1,-1.661088943,1,-2.394539595,1,0.861343205,1,-1.913781166,0,0.125888184,0,-0.629505277,0
24.01978302,-8.558362961,1,0.932243049,1,-6.253800869,1,-1.417794228,1,-2.683248758,1,0.801686525,1,-1.918831706,0,0.132422715,0,-0.620983124,0
24.02378082,-10.88929939,1,-0.867839754,1,-7.037842751,1,-1.260582089,1,-2.879568815,1,0.90342164,1,-1.922891855,0,0.139442161,0,-0.611565232,0
24.02778053,-11.26036549,1,-1.55938673,1,-7.611430168,1,-1.079179764,1,-3.033867359,1,1.013484955,1,-1.9261868,0,0.147133738,0,-0.601712227,0
24.03178215,-11.86386299,1,-2.089009762,1,-8.194948196,1,-0.853551865,1,-3.157762289,1,1.116830349,1,-1.928515434,0,0.155452773,0,-0.591470063,0
24.03577995,-12.8605051,1,-2.821067333,1,-8.440731049,1,-0.624935627,1,-3.250938892,1,1.237730384,1,-1.929790258,0,0.164356858,0,-0.580959857,0
24.03977966,-13.85889149,1,-3.729038715,1,-8.854105949,1,-0.456641376,1,-3.269026995,1,1.402385354,1,-1.930168271,0,0.173872992,0,-0.570444345,0
24.04378128,-14.09976673,1,-4.412279606,1,-9.364750862,1,-0.357101828,1,-3.261042595,1,1.576408505,1,-1.929938674,0,0.184052989,0,-0.560139179,0
24.04777908,-14.20511532,1,-5.709882736,1,-9.872899055,1,-0.27744621,1,-3.204827547,1,1.742754459,1,-1.929314494,0,0.194781557,0,-0.550204337,0
24.05177879,-14.10541916,1,-6.96791172,1,-10.48359489,1,-0.274433017,1,-3.13954258,1,1.926519632,1,-1.928529263,0,0.206095934,0,-0.54070133,0
24.05578232,-13.99341202,1,-7.805180073,1,-11.0393486,1,-0.299562275,1,-3.08156085,1,2.114521742,1,-1.927765131,0,0.218016505,0,-0.53166604,0
24.05977821,-14.33580399,1,-8.707057953,1,-11.58828449,1,-0.355529994,1,-2.981438398,1,2.338473558,1,-1.927179337,0,0.230607823,0,-0.523181379,0
24.06377792,-14.2541132,1,-8.956088066,1,-12.03375244,1,-0.428914607,1,-2.885874748,1,2.561576128,1,-1.926917553,0,0.243881598,0,-0.515393436,0
24.06778145,-14.01785469,1,-9.143424034,1,-12.42215919,1,-0.493741155,1,-2.797597408,1,2.783415079,1,-1.926994681,0,0.25788027,0,-0.508253992,0
24.07177925,-14.09621334,1,-9.043411255,1,-12.79491329,1,-0.531413615,1,-2.696642399,1,2.995065928,1,-1.927345276,0,0.272546649,0,-0.501760125,0
24.07577896,-14.21877956,1,-8.78296566,1,-13.24287319,1,-0.550393701,1,-2.588722467,1,3.189050436,1,-1.927910566,0,0.287825227,0,-0.495940804,0
24.07978058,-14.50097466,1,-8.619984627,1,-13.69961929,1,-0.526296854,1,-2.460413218,1,3.354465008,1,-1.928591132,0,0.303627074,0,-0.490841329,0
24.08377838,-14.92170334,1,-8.251252174,1,-14.29283714,1,-0.458069891,1,-2.317192554,1,3.500189543,1,-1.929229021,0,0.319824159,0,-0.486492872,0
24.08777809,-15.44183731,1,-8.170333862,1,-15.04884338,1,-0.353905469,1,-2.165442228,1,3.61558938,1,-1.929700255,0,0.336304367,0,-0.482895523,0
24.09179115,-15.98856544,1,-8.231801033,1,-15.84682941,1,-0.219670475,1,-2.025364399,1,3.707436085,1,-1.929878235,0,0.35296768,0,-0.480023652,0
24.0958004,-16.2381134,1,-8.737211227,1,-16.75058556,1,-0.086431943,1,-1.892505765,1,3.778910398,1,-1.92970252,0,0.369733214,0,-0.477808744,0
24.09980774,-16.63031578,1,-9.526638985,1,-17.32999039,1,0.026378591,1,-1.7758075,1,3.840810776,1,-1.929217219,0,0.386587292,0,-0.476168334,0
24.10380936,-16.74818993,1,-10.68864536,1,-17.96676636,1,0.099888809,1,-1.655887842,1,3.915053368,1,-1.928532243,0,0.403523058,0,-0.475104958,0
24.10780716,-16.19707489,1,-11.91166592,1,-18.37193871,1,0.091722794,1,-1.549594283,1,3.967654943,1,-1.927904725,0,0.420532614,0,-0.474567086,0
24.11180687,-15.58247948,1,-13.47816181,1,-18.07766151,1,-0.026143018,1,-1.430833101,1,4.008970737,1,-1.927737713,0,0.437573582,0,-0.474538803,0
24.11580849,-14.48719406,1,-14.669837,1,-17.48940659,1,-0.275211692,1,-1.278909564,1,4.024905205,1,-1.92856741,0,0.454508573,0,-0.475131124,0
24.11980629,-13.51473999,1,-15.83686543,1,-16.38280869,1,-0.62461251,1,-1.109354138,1,4.028209686,1,-1.930927992,0,0.471278012,0,-0.476449668,0
24.123806,-12.85278606,1,-16.4649334,1,-15.10310745,1,-1.038764477,1,-0.914642215,1,4.030111313,1,-1.935228229,0,0.487790912,0,-0.478604764,0
24.12780762,-12.40914631,1,-16.57020378,1,-13.85075569,1,-1.482412815,1,-0.694367945,1,4.018124104,1,-1.941772938,0,0.503970325,0,-0.481761307,0
24.13180542,-12.12752628,1,-16.15017509,1,-13.33830357,1,-1.89181757,1,-0.47556141,1,3.991458654,1,-1.950611353,0,0.519738317,0,-0.486001462,0
24.13580513,-11.70660114,1,-15.25509262,1,-13.1158123,1,-2.235882521,1,-0.252354771,1,3.946920395,1,-1.961586833,0,0.535005093,0,-0.491342306,0
24.13980675,-11.62077332,1,-13.94993401,1,-12.99337292,1,-2.466179609,1,-0.0227651,1,3.861500502,1,-1.974357963,0,0.549632967,0,-0.49780944,0
24.14380455,-11.55007076,1,-12.5327301,1,-12.82725048,1,-2.573971033,1,0.244405702,1,3.721774817,1,-1.988491535,0,0.563387871,0,-0.505414784,0
24.14780426,-11.05815029,1,-10.89338303,1,-12.70337486,1,-2.577977896,1,0.52804476,1,3.530096769,1,-2.003555536,0,0.575974941,0,-0.514192462,0
24.15180588,-9.814183235,1,-9.51291275,1,-12.77594948,1,-2.46939683,1,0.81651181,1,3.277828455,1,-2.019104481,0,0.587156594,0,-0.524067402,0
24.15580368,-8.483589172,1,-7.925621033,1,-13.06840515,1,-2.275263786,1,1.088696957,1,2.975651264,1,-2.034626961,0,0.596715748,0,-0.534836411,0
24.15980339,-7.354051113,1,-6.829138279,1,-13.22278786,1,-2.003241777,1,1.349127769,1,2.620906591,1,-2.04966259,0,0.604486585,0,-0.546270967,0
24.16380501,-6.415489197,1,-6.123642921,1,-13.09354305,1,-1.69500947,1,1.609075308,1,2.22978735,1,-2.063854218,0,0.610314131,0,-0.55816561,0
24.16780281,-5.749607086,1,-6.425379276,1,-12.54198074,1,-1.379875064,1,1.881495833,1,1.829891086,1,-2.07703805,0,0.614099801,0,-0.57040447,0
24.17180252,-4.871925831,1,-7.370437145,1,-11.9662714,1,-1.115319252,1,2.161775351,1,1.415922761,1,-2.089240074,0,0.615789175,0,-0.582931817,0
24.17580414,-3.981264114,1,-8.570308685,1,-11.09064007,1,-0.942682862,1,2.424542665,1,1.030901432,1,-2.100682497,0,0.615425527,0,-0.595650077,0
24.17980194,-2.999473333,1,-9.497747421,1,-10.27588177,1,-0.869511604,1,2.67676115,1,0.681660235,1,-2.111709595,0,0.613161325,0,-0.608528495,0
24.18380165,-2.182708979,1,-9.948917389,1,-9.499053955,1,-0.86271435,1,2.929206371,1,0.362384558,1,-2.122644901,0,0.609121919,0,-0.621560395,0
24.18780327,-1.361957312,1,-10.0322094,1,-8.581700325,1,-0.917213082,1,3.185996532,1,0.059884045,1,-2.187988758,0,0.561482966,0,-0.636880994,0
24.19180107,-0.794634581,1,-9.70503521,1,-7.702860832,1,-0.986075163,1,3.442161083,1,-0.232228637,1,-2.198371887,0,0.553478599,0,-0.649331152,0
24.19580078,-0.173469961,1,-9.045339584,1,-6.880239964,1,-1.062343717,1,3.71248126,1,-0.522004664,1,-2.208983421,0,0.543793023,0,-0.661812246,0
24.1998024,0.345059395,1,-8.283999443,1,-6.14726305,1,-1.11313951,1,3.975717306,1,-0.803201973,1,-2.219730377,0,0.532442451,0,-0.674290299,0
24.2038002,0.861836731,1,-7.307465076,1,-5.384543896,1,-1.119880795,1,4.236318588,1,-1.066874981,1,-2.23045516,0,0.519459724,0,-0.686720133,0
24.20779991,1.411955476,1,-6.18944931,1,-4.869988441,1,-1.086725593,1,4.465598106,1,-1.29803133,1,-2.240952492,0,0.504995048,0,-0.699097633,0
24.21180916,1.931778908,1,-4.930252075,1,-4.288276196,1,-0.987482846,1,4.665453911,1,-1.508137941,1,-2.250938416,0,0.489191741,0,-0.711326122,0
24.21581268,2.396524668,1,-3.86263752,1,-3.760885239,1,-0.828405499,1,4.841564655,1,-1.701086283,1,-2.260155439,0,0.472180843,0,-0.723370552,0
24.21981239,2.604865074,1,-2.956468821,1,-3.413023949,1,-0.611534119,1,4.992664337,1,-1.876906633,1,-2.268312454,0,0.454102278,0,-0.735165119,0
24.22381401,2.44863677,1,-2.177701712,1,-3.260957241,1,-0.320803136,1,5.117701054,1,-2.034889698,1,-2.275151491,0,0.435081035,0,-0.746694207,0
24.22781181,1.723885775,1,-1.211070538,1,-3.282439232,1,0.013090172,1,5.254726887,1,-2.203093052,1,-2.280424118,0,0.415168583,0,-0.757955849,0
24.23181152,0.521815658,1,-0.579575777,1,-3.288861275,1,0.374203861,1,5.41016674,1,-2.380618095,1,-2.283995152,0,0.394300759,0,-0.768993974,0
24.23581314,-0.57098794,1,-0.224450126,1,-3.358958244,1,0.734691679,1,5.591506958,1,-2.558306456,1,-2.285872698,0,0.372430414,0,-0.779947639,0
24.23981094,-1.080450654,1,-0.626016855,1,-3.380605936,1,1.060540915,1,5.793715,1,-2.719042063,1,-2.286140442,0,0.349527836,0,-0.790930927,0
24.24381065,-1.235263824,1,-1.257083893,1,-3.39831543,1,1.344484687,1,5.977782249,1,-2.866467953,1,-2.284987211,0,0.325651944,0,-0.802011609,0
24.24781227,-1.315372586,1,-2.161185026,1,-3.420856476,1,1.571271658,1,6.151040554,1,-2.992556095,1,-2.282613754,0,0.300914824,0,-0.81324625,0
24.25181007,-1.448312879,1,-2.95915103,1,-3.748282909,1,1.736359954,1,6.284240723,1,-3.097605228,1,-2.279232025,0,0.275458455,0,-0.824641645,0
24.25580978,-1.73771584,1,-3.595362902,1,-4.030312538,1,1.830707192,1,6.390827179,1,-3.185071945,1,-2.275078058,0,0.249438748,0,-0.836168468,0
24.2598114,-2.32441783,1,-4.10258913,1,-4.346525669,1,1.87808919,1,6.475542068,1,-3.262913465,1,-2.270371199,0,0.222977683,0,-0.847812653,0
24.2638092,-3.021780491,1,-4.388141632,1,-4.802856922,1,1.886022449,1,6.564766407,1,-3.336167336,1,-2.265286207,0,0.196105868,0,-0.859589159,0
24.26780891,-4.052545547,1,-4.539795399,1,-5.250121117,1,1.88290453,1,6.661509514,1,-3.414551973,1,-2.259915113,0,0.168834969,0,-0.871531487,0
24.27181053,-5.350310326,1,-4.42450428,1,-5.766936779,1,1.874248862,1,6.79463768,1,-3.497127295,1,-2.254287481,0,0.141095191,0,-0.883733332,0
24.27580833,-6.589776039,1,-4.320151329,1,-6.158069611,1,1.866463542,1,6.964503765,1,-3.58723402,1,-2.248396397,0,0.11276494,0,-0.896306276,0
24.27980804,-7.442892075,1,-4.12384367,1,-6.473289013,1,1.88156116,1,7.164964676,1,-3.678633451,1,-2.242181301,0,0.083769359,0,-0.90936023,0
24.28380966,-7.824623585,1,-3.89215064,1,-6.562545776,1,1.908067584,1,7.369781494,1,-3.763397217,1,-2.235546589,0,0.054070797,0,-0.922990024,0
24.28780747,-7.877114773,1,-3.583771467,1,-6.654037952,1,1.951032996,1,7.563504696,1,-3.839799643,1,-2.22838974,0,0.023717541,0,-0.937234223,0
24.29180718,-7.544659615,1,-3.290657043,1,-6.660342216,1,2.008786678,1,7.718112469,1,-3.910426855,1,-2.220600605,0,-0.007175359,0,-0.952085316,0
24.29580689,-7.036070824,1,-2.772418976,1,-6.553241253,1,2.078549385,1,7.827980042,1,-3.962593555,1,-2.212072134,0,-0.038464967,0,-0.967458665,0
24.29980469,-6.113850594,1,-2.338169098,1,-6.431985855,1,2.175431013,1,7.876702309,1,-3.990658522,1,-2.202706575,0,-0.0699457,0,-0.983298838,0
24.3038044,-5.43047142,1,-2.035786867,1,-6.369873047,1,2.293343067,1,7.868770123,1,-3.992246389,1,-2.192376137,0,-0.101357795,0,-0.999496043,0
24.30780602,-4.78004837,1,-1.851161957,1,-6.472514629,1,2.4132967,1,7.803676605,1,-3.967122555,1,-2.181038618,0,-0.132471964,0,-1.01600039,0
24.31180382,-4.274244785,1,-1.545324564,1,-6.925701618,1,2.551758766,1,7.69470787,1,-3.919990301,1,-2.168646812,0,-0.163074911,0,-1.032728791,0
24.31580353,-4.649440765,1,-1.356091976,1,-6.950709343,1,2.69523406,1,7.588284492,1,-3.867139339,1,-2.155156136,0,-0.193034843,0,-1.049685001,0
24.31980515,-5.486695766,1,-1.258707643,1,-7.389757633,1,2.877102137,1,7.50834465,1,-3.810270071,1,-2.140441656,0,-0.222369701,0,-1.066978097,0
24.32380295,-6.335621834,1,-1.525089145,1,-8.033274651,1,3.057919979,1,7.455531597,1,-3.755152464,1,-2.124392509,0,-0.251105458,0,-1.084734917,0
24.32780266,-7.156360149,1,-1.85312295,1,-8.593607903,1,3.209741354,1,7.445878983,1,-3.706476927,1,-2.107032776,0,-0.279305398,0,-1.103129148,0
24.33181,-7.975506306,1,-2.098662138,1,-9.105764389,1,3.335849285,1,7.478090763,1,-3.670090914,1,-2.088387012,0,-0.307054192,0,-1.122323394,0
24.33581543,-8.301917076,1,-2.437287569,1,-9.475166321,1,3.423726797,1,7.521543026,1,-3.649288177,1,-2.068519592,0,-0.334432065,0,-1.142447114,0
24.33981514,-8.314331055,1,-2.778892517,1,-9.918073654,1,3.478390217,1,7.58421278,1,-3.640439272,1,-2.047507286,0,-0.361465275,0,-1.163579822,0
24.34381676,-8.237904549,1,-2.971201658,1,-10.39631176,1,3.523627996,1,7.643555164,1,-3.620634794,1,-2.025359154,0,-0.38810578,0,-1.18582046,0
24.34781456,-8.209890366,1,-2.9954772,1,-10.81387424,1,3.567472696,1,7.690953255,1,-3.606310606,1,-2.002050638,0,-0.414310038,0,-1.209189773,0
24.35181427,-8.040826797,1,-2.880570173,1,-11.19800377,1,3.614833355,1,7.715261936,1,-3.601549625,1,-1.977551699,0,-0.440011978,0,-1.233670115,0
24.35581589,-8.149121284,1,-2.836977005,1,-11.64789295,1,3.67355752,1,7.738389015,1,-3.597777128,1,-1.951782346,0,-0.465167701,0,-1.259266853,0
24.35981369,-8.253777504,1,-2.936540127,1,-12.17324734,1,3.746195555,1,7.773618698,1,-3.598717451,1,-1.924644947,0,-0.48974517,0,-1.286028266,0
24.3638134,-8.501131058,1,-3.173662901,1,-12.76453972,1,3.833244085,1,7.801497459,1,-3.610954046,1,-1.896006346,0,-0.51371491,0,-1.314050674,0
24.36781502,-8.747229576,1,-3.678238392,1,-13.48147392,1,3.902221203,1,7.830795288,1,-3.647876263,1,-1.865833998,0,-0.537076712,0,-1.343345881,0
24.37181282,-9.097400665,1,-4.030431271,1,-14.230196,1,3.948333979,1,7.848047256,1,-3.698943615,1,-1.834172487,0,-0.559836864,0,-1.373930812,0
24.37581253,-9.371792793,1,-4.425008297,1,-15.03626156,1,3.974380732,1,7.855389595,1,-3.766012192,1,-1.801105022,0,-0.581984103,0,-1.405781746,0
24.37981415,-9.987208366,1,-5.196872711,1,-15.8985157,1,3.988968372,1,7.871965408,1,-3.847962141,1,-1.7666471,0,-0.603515029,0,-1.438961983,0
24.38381195,-10.68295765,1,-5.772193432,1,-16.81045914,1,3.97837472,1,7.88654232,1,-3.939724922,1,-1.730786324,0,-0.624426425,0,-1.47352922,0
24.38781166,-11.39648342,1,-6.48282671,1,-17.78046227,1,3.967888355,1,7.876035213,1,-4.028868675,1,-1.693563581,0,-0.64465487,0,-1.509508491,0
24.39181137,-12.40844917,1,-6.986179352,1,-18.82325745,1,3.942826033,1,7.846844673,1,-4.130525112,1,-1.655023217,0,-0.66413933,0,-1.54681313,0
24.39580917,-13.84692478,1,-7.4575634,1,-19.78339195,1,3.919903994,1,7.811950207,1,-4.238272667,1,-1.615202785,0,-0.68284899,0,-1.585425615,0
24.39981079,-15.14278698,1,-7.878562927,1,-20.42791176,1,3.89410758,1,7.789558887,1,-4.360994339,1,-1.574059248,0,-0.700787425,0,-1.625403762,0
24.40381241,-15.90204716,1,-7.875656128,1,-20.77735138,1,3.853508234,1,7.761417866,1,-4.488451958,1,-1.531586647,0,-0.717920542,0,-1.666821361,0
24.40781021,-16.55569839,1,-7.605639935,1,-20.77386665,1,3.817592621,1,7.69493103,1,-4.621942043,1,-1.487854958,0,-0.734218538,0,-1.709578037,0
24.41180801,-17.39980316,1,-7.411172867,1,-20.49321747,1,3.798280478,1,7.581310272,1,-4.74239397,1,-1.44295907,0,-0.749639809,0,-1.753486991,0
24.41580963,-18.73889542,1,-6.948840141,1,-19.82385063,1,3.800671577,1,7.415418625,1,-4.848533154,1,-1.397018194,0,-0.764091313,0,-1.798262477,0
24.41980743,-20.64730835,1,-7.074018955,1,-18.50688934,1,3.793899298,1,7.197127342,1,-4.934195995,1,-1.350236535,0,-0.777563691,0,-1.843588471,0
24.42380714,-22.71207237,1,-7.457819939,1,-17.09568405,1,3.752402306,1,6.920395374,1,-4.984504223,1,-1.303010225,0,-0.789992094,0,-1.889076233,0
24.42780876,-24.9862442,1,-7.631241798,1,-15.58171558,1,3.65145731,1,6.558351994,1,-5.010661125,1,-1.255950928,0,-0.801387846,0,-1.934211969,0
24.43180656,-27.22993279,1,-6.338543892,1,-14.3962183,1,3.54317832,1,6.108853817,1,-5.040269375,1,-1.209663987,0,-0.811939597,0,-1.97841382,0
24.43580627,-29.31604385,1,-3.536118984,1,-13.56365871,1,3.511152983,1,5.567221642,1,-5.07669735,1,-1.164443374,0,-0.821944118,0,-2.021140099,0
24.43980789,-32.06729889,1,0.522852063,1,-13.04574966,1,3.636175632,1,4.980065823,1,-5.150062084,1,-1.166799307,0,-0.780987263,0,-1.960628748,0
24.4438057,-35.14369583,1,3.445515394,1,-12.58191395,1,3.890319109,1,4.411508083,1,-5.236470222,1,-1.12604928,0,-0.792190909,0,-1.99696362,0
24.44780541,-37.85730743,1,4.873149395,1,-11.74581337,1,4.153407574,1,3.889836788,1,-5.319003582,1,-1.085019827,0,-0.803627551,0,-2.031771898,0
24.45181274,-39.73823547,1,4.704823494,1,-9.713990211,1,4.283614159,1,3.425688982,1,-5.334611416,1,-1.043834329,0,-0.81519562,0,-2.065299988,0
24.45581627,-40.15270615,1,3.759501934,1,-7.063551426,1,4.246426105,1,2.978395224,1,-5.247380733,1,-1.003140211,0,-0.826621234,0,-2.097528696,0
24.45981789,-40.15645981,1,4.143370628,1,-4.662189484,1,4.051679611,1,2.510027647,1,-5.086517334,1,-0.963855624,0,-0.837751865,0,-2.128143072,0
24.4638195,-40.53450394,1,6.047404289,1,-2.358431816,1,3.755438089,1,2.021562576,1,-4.875034332,1,-0.926856935,0,-0.84860307,0,-2.156769276,0
24.46781731,-41.68031693,1,7.24341011,1,-0.109174885,1,3.391830206,1,1.534354091,1,-4.558345318,1,-0.892803669,0,-0.85915482,0,-2.182951689,0
24.47181702,-42.68974304,1,8.005184174,1,1.597935438,1,2.949330807,1,1.05696559,1,-4.132469177,1,-0.862406015,0,-0.869235873,0,-2.206223011,0
24.47581863,-43.5892067,1,9.145681381,1,3.309377193,1,2.482197285,1,0.603655696,1,-3.663370848,1,-0.836261272,0,-0.87876004,0,-2.226153374,0
24.47981644,-43.49671555,1,9.866289139,1,4.552237988,1,2.018363237,1,0.199787483,1,-3.148565292,1,-0.814567268,0,-0.887689471,0,-2.242572546,0
24.48381615,-42.71893692,1,10.19451809,1,5.336303711,1,1.537473202,1,-0.146784127,1,-2.626214504,1,-0.797469139,0,-0.895954788,0,-2.255393744,0
24.48781776,-41.68147278,1,10.19392586,1,5.852697849,1,1.039388657,1,-0.411061645,1,-2.138274193,1,-0.784896672,0,-0.903513014,0,-2.26486516,0
24.49181557,-40.21836853,1,10.1970768,1,5.966055393,1,0.515772521,1,-0.620022058,1,-1.677011371,1,-0.776736856,0,-0.910350323,0,-2.271277428,0
24.49581528,-38.66513443,1,10.18314552,1,5.717652321,1,0.027372617,1,-0.800573111,1,-1.263672352,1,-0.772807598,0,-0.916499734,0,-2.274886608,0
24.4998169,-37.50798798,1,9.969851494,1,5.636767387,1,-0.403363705,1,-0.958864748,1,-0.88058722,1,-0.772801042,0,-0.922003746,0,-2.275870323,0
24.5038147,-35.78834152,1,10.22377014,1,5.554639339,1,-0.741816103,1,-1.145887256,1,-0.528160989,1,-0.776350021,0,-0.926966548,0,-2.274330378,0
24.50781441,-33.14810562,1,9.940818787,1,5.748346806,1,-0.990132332,1,-1.366681218,1,-0.215154529,1,-0.783161044,0,-0.931577206,0,-2.270182133,0
24.51181603,-30.19766235,1,8.278279305,1,5.629878521,1,-1.201517224,1,-1.595561624,1,0.067761891,1,-0.79293859,0,-0.935963631,0,-2.263473272,0
24.51581383,-26.13001823,1,5.909071445,1,3.582692146,1,-1.438742638,1,-1.869031072,1,0.296274692,1,-0.805658221,0,-0.940254271,0,-2.2542243,0
24.51981163,15.83928871,1,-1.362419248,1,-9.617267609,1,-2.173744917,1,-3.162895203,1,0.784776986,1,-0.824348211,0,-0.945237637,0,-2.239986897,0
24.52381325,-54.02854919,1,8.701721191,1,17.68990898,1,-2.35561657,1,-4.374492645,1,1.44611454,1,-0.853713453,0,-0.952390373,0,-2.21512413,0
24.52781105,-1.859971046,1,-8.871308327,1,10.76536942,1,-2.842576981,1,-4.440265179,1,1.927411079,1,-0.88905561,0,-0.958361149,0,-2.184381962,0
24.53181267,3.99422121,1,-12.95127678,1,-4.508174896,1,-3.780816555,1,-5.730752468,1,2.670016766,1,-0.932718456,0,-0.963629067,0,-2.146983624,0
24.53581238,-9.228932381,1,-8.262385368,1,-13.44251442,1,-3.945480824,1,-6.711684227,1,3.377939463,1,-0.988786757,0,-0.96798557,0,-2.098172426,0
24.53981018,12.52061558,1,-20.28930855,1,-40.96110535,1,-3.93985939,1,-7.435218811,1,3.844273329,1,-1.050538778,0,-0.970664322,0,-2.042657137,0
24.54380989,23.48826408,1,-23.64734077,1,-54.99690247,1,-3.249697208,1,-8.520960808,1,4.705962181,1,-1.117387295,0,-0.970113695,0,-1.978679419,0
24.54781151,-9.48249054,1,-29.18552399,1,-65.08779907,1,-4.148518562,1,-8.83121109,1,5.184389591,1,-1.190181136,0,-0.966300189,0,-1.908166528,0
24.55180931,-53.52012634,1,-5.474765301,1,-50.63199615,1,-4.431724072,1,-8.838897705,1,5.473835945,1,-1.265443325,0,-0.957987368,0,-1.837340474,0
24.55580902,-59.17320251,1,-3.474346399,1,-36.06105804,1,-4.943850517,1,-8.40310955,1,5.624912739,1,-1.340035677,0,-0.94586134,0,-1.769139647,0
24.55981064,-33.79940796,1,6.688418865,1,-26.38508606,1,-4.39218092,1,-7.655121803,1,5.25666666,1,-1.40743041,0,-0.930499196,0,-1.708864212,0
24.56380844,-27.96494675,1,13.52716637,1,-22.29214096,1,-3.340053558,1,-7.410517693,1,4.366539001,1,-1.465832949,0,-0.915435731,0,-1.655059099,0
24.56780815,-23.10224342,1,19.1408844,1,-14.26375294,1,-2.395752907,1,-6.921044827,1,3.600741863,1,-1.515671015,0,-0.901893616,0,-1.606431961,0
24.57181549,-16.5548954,1,20.17427635,1,-2.161669731,1,-1.611721158,1,-6.579743862,1,3.138000488,1,-1.557772398,0,-0.889501333,0,-1.562614799,0
24.57581902,-16.79495621,1,8.716090202,1,6.138916492,1,-1.355079055,1,-6.336163044,1,3.468974113,1,-1.59492135,0,-0.876259565,0,-1.522043705,0
24.57981873,-27.88373566,1,1.655242324,1,-1.158465505,1,-1.496061802,1,-5.953789711,1,3.905644178,1,-1.629146218,0,-0.86038363,0,-1.484787226,0
24.58382225,-39.17837524,1,-5.491095543,1,-14.09843731,1,-1.679853797,1,-5.084219933,1,3.900160789,1,-1.659293413,0,-0.843095422,0,-1.45294106,0
24.58781815,-44.06739426,1,-11.78312302,1,-13.24287224,1,-2.058684587,1,-3.636541843,1,3.419715405,1,-1.684381366,0,-0.826618254,0,-1.429253936,0
24.59181786,-40.07834244,1,-5.943987846,1,-9.598049164,1,-2.109788656,1,-2.526629686,1,2.768037319,1,-1.704125881,0,-0.812884212,0,-1.413672805,0
24.59582138,-26.92491531,1,2.035600424,1,-8.912600517,1,-1.943174481,1,-1.832000971,1,2.361200333,1,-1.719717979,0,-0.801592112,0,-1.403399825,0
24.59981918,-13.06364346,1,3.301009893,1,-13.03800201,1,-1.77328217,1,-1.323731542,1,2.057261467,1,-1.73215735,0,-0.791883469,0,-1.396469593,0
24.60381889,-3.076057911,1,3.530056953,1,-15.82227898,1,-1.489961028,1,-1.128645778,1,1.891156435,1,-1.742126822,0,-0.783321261,0,-1.391567469,0
24.60782051,-5.301730633,1,0.08247976,1,-17.37034035,1,-1.245285511,1,-1.032551289,1,1.750479102,1,-1.750543237,0,-0.775426149,0,-1.38737154,0
24.61181831,-8.773859978,1,-2.162221909,1,-15.26814842,1,-1.01315546,1,-0.960364223,1,1.59043777,1,-1.75769496,0,-0.768093824,0,-1.383571148,0
24.61581802,-7.575466633,1,-8.027029037,1,-11.86918545,1,-0.909915328,1,-0.90574944,1,1.425766587,1,-1.763854504,0,-0.761490762,0,-1.38016057,0
24.61981964,-0.69212687,1,-11.90262699,1,-9.179984093,1,-1.013311028,1,-1.075817227,1,1.375813007,1,-1.770260215,0,-0.755271137,0,-1.376322746,0
24.62381744,-3.102709532,1,-12.62510681,1,-8.896018028,1,-1.254261494,1,-1.101208687,1,1.405110717,1,-1.777811408,0,-0.748929083,0,-1.371930838,0
24.62781525,-8.379842758,1,-7.012381077,1,-7.938670635,1,-1.358726978,1,-1.034851313,1,1.412895679,1,-1.78587389,0,-0.742503524,0,-1.367822766,0
24.63181686,-8.308184624,1,0.570312202,1,-8.153057098,1,-1.324840903,1,-0.940292835,1,1.307221293,1,-1.793643832,0,-0.736344218,0,-1.364298463,0
24.63581467,-7.30166626,1,4.166771889,1,-10.83320904,1,-1.116155148,1,-0.947447479,1,1.134893417,1,-1.800909281,0,-0.730715394,0,-1.360779881,0
24.63981438,-8.452739716,1,2.895595074,1,-10.86510754,1,-0.902563989,1,-0.838938951,1,1.046753049,1,-1.807144642,0,-0.725691676,0,-1.357471466,0
24.64381599,-6.739997864,1,-1.774613738,1,-10.0688839,1,-0.804567277,1,-0.782556713,1,1.101279855,1,-1.812405229,0,-0.720754921,0,-1.354635835,0
24.6478138,-6.002705574,1,-7.01611042,1,-8.253807068,1,-0.817150772,1,-0.782263935,1,1.100969791,1,-1.817325354,0,-0.715704441,0,-1.352040291,0
24.65181351,-6.309506416,1,-6.973791122,1,-7.469558716,1,-0.885565877,1,-0.776033759,1,1.074286103,1,-1.822410226,0,-0.710719526,0,-1.34946084,0
24.65581513,-6.318178654,1,-2.907111883,1,-7.7577281,1,-0.946448088,1,-0.703513503,1,1.080253839,1,-1.827624321,0,-0.705791056,0,-1.347110987,0
24.65981293,-4.777763367,1,-1.36698842,1,-8.895111084,1,-0.914485872,1,-0.662575483,1,0.997349381,1,-1.832683563,0,-0.701064467,0,-1.34505856,0
24.66381264,-5.591101646,1,0.644842029,1,-9.39915657,1,-0.849901319,1,-0.630445004,1,0.851646304,1,-1.837499619,0,-0.696808636,0,-1.343081236,0
24.66781426,-7.13940382,1,3.70947051,1,-9.220154762,1,-0.72202009,1,-0.659748018,1,0.707406282,1,-1.842060924,0,-0.693129301,0,-1.340893388,0
24.67181206,-9.521102905,1,5.704957485,1,-9.073917389,1,-0.513810158,1,-0.648770034,1,0.566192389,1,-1.846062183,0,-0.689967513,0,-1.3385216,0
24.67581177,-7.53459692,1,2.541195154,1,-8.162603378,1,-0.360251963,1,-0.620236397,1,0.461434036,1,-1.849320769,0,-0.687328696,0,-1.336092949,0
24.67981339,-6.567685604,1,-2.438803434,1,-7.430260658,1,-0.342960507,1,-0.595631063,1,0.43415311,1,-1.852212429,0,-0.684930265,0,-1.33370924,0
24.68381119,-6.089522362,1,-5.526217937,1,-7.593386173,1,-0.389083385,1,-0.554421246,1,0.411488414,1,-1.855061531,0,-0.6826756,0,-1.331466436,0
24.68780899,-4.746618748,1,-5.397352695,1,-8.803882599,1,-0.486445397,1,-0.550108433,1,0.431306422,1,-1.87345612,0,-0.668708682,0,-1.303465843,0
24.69181633,-4.600078106,1,-3.890356302,1,-9.815769196,1,-0.4998748,1,-0.578583181,1,0.449435323,1,-1.876728058,0,-0.666356564,0,-1.301387906,0
24.69581986,-3.926127911,1,-2.91060257,1,-10.04561043,1,-0.50689739,1,-0.623048663,1,0.493859857,1,-1.880083203,0,-0.663842916,0,-1.299213648,0
24.69981957,-5.150971889,1,-3.477939367,1,-9.491910934,1,-0.539007604,1,-0.676958442,1,0.527612031,1,-1.88362658,0,-0.661086977,0,-1.296856046,0
24.70382118,-5.759890556,1,-3.062449694,1,-8.926467896,1,-0.540189326,1,-0.714660883,1,0.554565549,1,-1.887339354,0,-0.658161759,0,-1.294348478,0
24.70781899,-5.437057972,1,-2.57126236,1,-9.386869431,1,-0.559627414,1,-0.74612689,1,0.568169177,1,-1.891104817,0,-0.65511024,0,-1.291746855,0
24.7118187,-5.143128395,1,-0.974232256,1,-9.023684502,1,-0.513113678,1,-0.77989316,1,0.551790297,1,-1.894983172,0,-0.651999533,0,-1.288965702,0
24.71582031,-5.001146317,1,-1.02026403,1,-9.324645996,1,-0.415218443,1,-0.803580761,1,0.541924059,1,-1.898532867,0,-0.648925483,0,-1.286099672,0
24.71981812,-5.604080677,1,-1.59396565,1,-8.753871918,1,-0.416965067,1,-0.87008369,1,0.513173223,1,-1.902066946,0,-0.645829201,0,-1.282985806,0
24.72381783,-5.823020935,1,-2.312997818,1,-9.588508606,1,-0.49513942,1,-0.960778594,1,0.478178978,1,-1.905967832,0,-0.642765701,0,-1.279470563,0
24.72781944,-5.409449577,1,-0.134203553,1,-9.831583023,1,-0.519893944,1,-1.029275537,1,0.43913278,1,-1.910403252,0,-0.639707804,0,-1.275534391,0
24.73181725,-4.967408657,1,0.9312042,1,-10.68274021,1,-0.408633977,1,-1.121935606,1,0.401464999,1,-1.914848685,0,-0.636695027,0,-1.271196723,0
24.73581696,-4.963271141,1,-0.149326682,1,-11.18405533,1,-0.331813782,1,-1.271681428,1,0.376932561,1,-1.919219851,0,-0.633600712,0,-1.266259789,0
24.73981857,-5.0151577,1,-1.126461506,1,-11.3061409,1,-0.353548735,1,-1.420879841,1,0.327386737,1,-1.923948169,0,-0.630426645,0,-1.260587692,0
24.74381638,-4.991388798,1,-0.756103456,1,-11.45769405,1,-0.343396366,1,-1.55203104,1,0.302021831,1,-1.929116726,0,-0.627168775,0,-1.254223943,0
24.74781609,-5.232599258,1,-0.665821612,1,-12.4896574,1,-0.25395,1,-1.713182807,1,0.306663007,1,-1.934429169,0,-0.623726845,0,-1.247209668,0
24.75181961,-3.503481627,1,-2.271782637,1,-11.97291756,1,-0.281386197,1,-1.883530736,1,0.308565766,1,-1.939916611,0,-0.62001884,0,-1.239527106,0
24.75581551,-4.468794823,1,-1.428931117,1,-12.85840416,1,-0.353395939,1,-2.069364548,1,0.282768786,1,-1.946162224,0,-0.61604017,0,-1.23100996,0
24.75981712,-5.585748672,1,-0.152567714,1,-13.66402149,1,-0.327742517,1,-2.266036272,1,0.29308632,1,-1.952910662,0,-0.611759365,0,-1.221695423,0
24.76381874,-4.131779671,1,-0.767481148,1,-13.12397861,1,-0.295356959,1,-2.482659101,1,0.327315241,1,-1.959924459,0,-0.607041895,0,-1.211549163,0
24.76781654,-3.891792297,1,-0.830157638,1,-13.79073238,1,-0.257005572,1,-2.735584021,1,0.319034755,1,-1.967378855,0,-0.601851523,0,-1.200411081,0
24.77181244,-4.929911137,1,-1.578172326,1,-13.98044968,1,-0.227851123,1,-2.94494319,1,0.392760426,1,-1.975111008,0,-0.596107244,0,-1.188413382,0
24.77581596,-2.887856483,1,-2.056669712,1,-13.09537411,1,-0.2041969,1,-3.156218767,1,0.432368636,1,-1.983057976,0,-0.589743733,0,-1.175738096,0
24.77981377,-3.578062534,1,-2.142561674,1,-13.57010651,1,-0.102582969,1,-3.378866673,1,0.461223722,1,-1.991167665,0,-0.582822978,0,-1.162221193,0
24.78381348,-2.660511971,1,-3.106232405,1,-12.67444992,1,-0.068741508,1,-3.57950449,1,0.569910526,1,-1.999224186,0,-0.575225055,0,-1.148088455,0
24.78781509,-2.95608139,1,-3.518317938,1,-12.76294136,1,-0.083931707,1,-3.797874212,1,0.661463261,1,-2.007472038,0,-0.566810489,0,-1.133389592,0
24.7918129,-2.913025141,1,-3.444936037,1,-12.06088638,1,-0.114210747,1,-4.013883114,1,0.755906343,1,-2.016006231,0,-0.557576895,0,-1.118117452,0
24.79581261,-3.92636919,1,-3.936531782,1,-8.721507072,1,-0.208986416,1,-3.981178761,1,0.711065829,1,-2.024810314,0,-0.547833085,0,-1.102658033,0
24.79981422,-3.577801228,1,-0.405521482,1,-14.96931362,1,0.122773334,1,-4.563973427,1,0.946977019,1,-2.033278704,0,-0.537209511,0,-1.086002588,0
24.80381203,-5.963123322,1,-2.823067427,1,-10.12841034,1,0.072077528,1,-4.584839821,1,1.147727251,1,-2.041323423,0,-0.52519989,0,-1.069396496,0
24.80781174,-1.200317025,1,-6.170116901,1,-10.89889812,1,-0.051813915,1,-4.851090431,1,1.100033045,1,-2.049718142,0,-0.512596726,0,-1.052467108,0
24.81181908,-2.895813704,1,-2.991452456,1,-10.69268036,1,-0.002151398,1,-5.011868954,1,1.166197181,1,-2.058356047,0,-0.499453902,0,-1.034852147,0
24.8158226,-4.06206131,1,-3.040217876,1,-10.63031483,1,-0.022499077,1,-5.166306973,1,1.332425594,1,-2.066764593,0,-0.4853881,0,-1.01718235,0
24.81982231,-4.424458981,1,-3.024252415,1,-9.203089714,1,0.00087038,1,-5.291672707,1,1.360932946,1,-2.074982882,0,-0.470675975,0,-0.999448717,0
24.82382393,-3.820581436,1,-2.87001276,1,-9.698192596,1,-0.019892208,1,-5.50743866,1,1.500900745,1,-2.083061218,0,-0.4551332,0,-0.981462002,0
24.82782173,-5.849994659,1,-1.948472261,1,-10.06885719,1,-0.000377216,1,-5.601873398,1,1.566145778,1,-2.090921164,0,-0.438831121,0,-0.963361502,0
24.83181953,-5.493365288,1,-2.349625349,1,-9.41664505,1,-0.01769916,1,-5.694338799,1,1.654310703,1,-2.098451853,0,-0.421954572,0,-0.945394158,0
24.83582115,-4.025292873,1,-3.031678915,1,-9.051195145,1,-0.062709004,1,-5.85069418,1,1.707421303,1,-2.105828762,0,-0.40446341,0,-0.927384138,0
24.83981895,-5.077679634,1,-3.121557474,1,-8.916677475,1,-0.123306118,1,-5.989240646,1,1.786222696,1,-2.113198757,0,-0.386324823,0,-0.909221947,0
24.84381867,-6.31908083,1,-2.644509792,1,-9.084093094,1,-0.179194182,1,-6.066064358,1,1.831608176,1,-2.120484829,0,-0.367600679,0,-0.891091526,0
24.84782028,-8.909021378,1,-2.336189032,1,-9.213213921,1,-0.192139193,1,-6.088582993,1,1.833578825,1,-2.127544403,0,-0.348566115,0,-0.873107612,0
24.85181809,-10.20478439,1,-1.437119126,1,-8.612903595,1,-0.155340761,1,-6.009735584,1,1.830677748,1,-2.13410449,0,-0.329507172,0,-0.855491638,0
24.8558178,-8.021796227,1,-1.782757521,1,-7.91270256,1,-0.137591571,1,-6.031260014,1,1.877330065,1,-2.140095472,0,-0.310349762,0,-0.8382864,0
24.85981941,-6.753881931,1,-1.899011612,1,-7.542531013,1,-0.144039899,1,-6.080375671,1,1.916400194,1,-2.14569068,0,-0.290847182,0,-0.82126987,0
24.86381722,-7.157631397,1,-2.0074718,1,-7.700429916,1,-0.135185689,1,-6.143843651,1,1.908630133,1,-2.150968075,0,-0.271074504,0,-0.804294586,0
24.86781693,-9.144789696,1,-1.371693969,1,-7.62303257,1,-0.057451971,1,-6.140022278,1,1.870425463,1,-2.155742407,0,-0.251234293,0,-0.787351906,0
24.87181854,-9.887809753,1,-0.874785125,1,-7.237338066,1,0.079299159,1,-6.065338612,1,1.839385748,1,-2.159708977,0,-0.231544226,0,-0.770626128,0
24.87581635,-8.168190002,1,-0.008304466,1,-6.496878147,1,0.212948516,1,-6.047680378,1,1.850045323,1,-2.162736416,0,-0.211932585,0,-0.754236341,0
24.87981606,-7.430766582,1,0.504892111,1,-5.787056923,1,0.390807867,1,-6.084652424,1,1.817777872,1,-2.164820671,0,-0.192273274,0,-0.737895846,0
24.88381767,-9.148226738,1,0.593692482,1,-5.796438694,1,0.620416403,1,-6.101867199,1,1.762513161,1,-2.165793419,0,-0.172679886,0,-0.721428156,0
24.88781548,-10.28925991,1,0.808257759,1,-6.154263496,1,0.844813704,1,-6.047609806,1,1.69796598,1,-2.165540695,0,-0.153313085,0,-0.70496285,0
24.89181519,-12.35213089,1,0.846481204,1,-6.571989536,1,1.046660662,1,-5.93062067,1,1.615475178,1,-2.164083481,0,-0.13440159,0,-0.688636482,0
24.8958168,-13.03617096,1,0.186848059,1,-6.223229885,1,1.20466423,1,-5.765888691,1,1.55393362,1,-2.161560297,0,-0.116079837,0,-0.672643244,0
24.89981461,-13.97779083,1,-1.840627313,1,-5.735839844,1,1.255196214,1,-5.578350544,1,1.5076617,1,-2.158263445,0,-0.098387815,0,-0.657066941,0
24.90381432,-15.39952946,1,-2.15097785,1,-5.373260975,1,1.191703439,1,-5.347358704,1,1.42759788,1,-2.154703617,0,-0.081399739,0,-0.642058969,0
24.90781784,-16.84292984,1,-2.467443943,1,-5.139922619,1,1.080489755,1,-5.077031612,1,1.346545577,1,-2.151217222,0,-0.065304093,0,-0.627639234,0
24.91181374,-17.8225174,1,-1.98180151,1,-4.756953239,1,0.932424366,1,-4.765262127,1,1.289323092,1,-2.147968054,0,-0.050131548,0,-0.614011168,0
24.91581535,-16.11043167,1,-2.550532818,1,-4.631003857,1,0.772684753,1,-4.497650146,1,1.268375874,1,-2.1451056,0,-0.035764076,0,-0.601262271,0
24.91981506,-16.00834084,1,-2.592173338,1,-4.275771141,1,0.610928118,1,-4.288795948,1,1.262692213,1,-2.142680645,0,-0.021992579,0,-0.589237154,0
24.92381096,-16.45454979,1,-1.995572209,1,-4.342367172,1,0.462724149,1,-4.088400841,1,1.185008883,1,-2.140717745,0,-0.008824254,0,-0.577781498,0
24.92781448,-15.02902508,1,-1.763189673,1,-4.055356979,1,0.343010396,1,-3.919879436,1,1.227375269,1,-2.139126778,0,0.003850484,0,-0.566889286,0
24.93181419,-15.70840454,1,-2.951454401,1,-3.982076168,1,0.171385944,1,-3.802480459,1,1.273830414,1,-2.137979031,0,0.016379597,0,-0.556550622,0
24.93581772,-15.92888451,1,-5.161806583,1,-4.59692955,1,-0.075444177,1,-3.696193695,1,1.257007957,1,-2.137526274,0,0.028688522,0,-0.546624601,0
24.93981743,-16.67585754,1,-7.353332043,1,-5.838949203,1,-0.403811365,1,-3.577070713,1,1.311490059,1,-2.134446621,0,0.03946624,0,-0.546868861,0
24.94381905,-17.14652634,1,-8.731488228,1,-7.036474705,1,-0.812016964,1,-3.468956709,1,1.333336234,1,-2.13646245,0,0.051490765,0,-0.537811458,0
24.94781685,-16.60699463,1,-9.938529015,1,-8.849337578,1,-1.256747484,1,-3.356078625,1,1.27011764,1,-2.140077114,0,0.063238464,0,-0.529103041,0
24.95181656,-17.03865623,1,-11.05822659,1,-8.196928024,1,-1.76981163,1,-3.366235733,1,1.086133838,1,-2.145541668,0,0.074475981,0,-0.520402849,0
24.95581818,-19.19572639,1,-6.954014301,1,-7.910184383,1,-1.969948769,1,-3.354261398,1,0.916635454,1,-2.152400494,0,0.085166305,0,-0.511250138,0
24.95981598,-23.87645149,1,-5.553058147,1,-9.821243286,1,-1.842740655,1,-3.246731758,1,0.769325137,1,-2.15922761,0,0.095289037,0,-0.502019823,0
24.96381569,-22.36066628,1,-6.980014324,1,-12.10556316,1,-1.810058951,1,-2.921261072,1,0.699651539,1,-2.165624857,0,0.104611546,0,-0.493370205,0
24.96781731,-16.09489822,1,-6.932043552,1,-12.10296154,1,-1.788045526,1,-2.732702017,1,0.625948846,1,-2.171995878,0,0.113135152,0,-0.485542029,0
24.97181511,-11.83829784,1,-5.736513138,1,-11.40961075,1,-1.556544304,1,-2.842037201,1,0.608306468,1,-2.177789211,0,0.121430747,0,-0.477761865,0
24.97581482,-12.45573425,1,-5.530164719,1,-11.95404148,1,-1.306197643,1,-3.041094542,1,0.710543156,1,-2.182467461,0,0.130308822,0,-0.469535232,0
24.97981644,-13.63541031,1,-6.429399014,1,-13.36523151,1,-1.090719223,1,-3.201266527,1,0.880758226,1,-2.186111689,0,0.140103281,0,-0.461073339,0
24.98381424,-14.40646076,1,-7.193130016,1,-15.1129837,1,-0.861286342,1,-3.322659016,1,1.064222217,1,-2.188792467,0,0.150822774,0,-0.452581823,0
24.98781395,-14.51560593,1,-7.515525341,1,-16.83905029,1,-0.614679813,1,-3.451576948,1,1.267985225,1,-2.190437794,0,0.162475049,0,-0.444152713,0
24.99181557,-15.0138483,1,-8.104863167,1,-18.2822094,1,-0.371129632,1,-3.593550682,1,1.495057106,1,-2.190998316,0,0.175145403,0,-0.435761571,0
24.99581337,-16.22011948,1,-9.397889137,1,-19.22682571,1,-0.159898236,1,-3.676187038,1,1.740453243,1,-2.190546036,0,0.188862443,0,-0.427530468,0
24.99981308,-17.68754005,1,-11.00013447,1,-19.88080597,1,-0.034801017,1,-3.659423351,1,2.024990082,1,-2.189413548,0,0.203522071,0,-0.419784725,0
25.00381279,-18.4254837,1,-12.45012283,1,-20.18803596,1,-0.009714062,1,-3.546895504,1,2.28952527,1,-2.188015938,0,0.218916908,0,-0.412863076,0
25.00781059,-18.39705849,1,-14.0374403,1,-19.91325951,1,-0.103047416,1,-3.359289169,1,2.542145252,1,-2.186895847,0,0.234806925,0,-0.407014489,0
25.0118103,-17.91235542,1,-15.24674511,1,-19.09508514,1,-0.314816564,1,-3.097121239,1,2.783017874,1,-2.186625481,0,0.250974983,0,-0.402489275,0
25.01581192,-17.24271774,1,-15.93512058,1,-18.26667976,1,-0.617146432,1,-2.782136679,1,3.034398079,1,-2.187718868,0,0.267268211,0,-0.399512112,0
25.01980972,-16.55151558,1,-15.70334816,1,-17.58390236,1,-0.929487288,1,-2.432485819,1,3.290705204,1,-2.190485239,0,0.283629954,0,-0.398300827,0
25.02380943,-16.06408119,1,-14.84812069,1,-17.58961296,1,-1.195747614,1,-2.069216013,1,3.542423248,1,-2.194942951,0,0.299991637,0,-0.39895913,0
25.02781105,-15.62236595,1,-13.3608427,1,-17.63771629,1,-1.361232519,1,-1.698926449,1,3.77018857,1,-2.200885534,0,0.316258192,0,-0.401564062,0
25.03180885,-15.42091084,1,-11.84167194,1,-17.7612915,1,-1.399806619,1,-1.326525211,1,3.973321199,1,-2.207874298,0,0.332327068,0,-0.406092048,0
25.03580856,-15.09952068,1,-10.38051224,1,-17.78426743,1,-1.320449233,1,-0.953328729,1,4.124457359,1,-2.215478182,0,0.34804672,0,-0.412496507,0
25.03981018,-14.65881443,1,-9.013141632,1,-17.63862419,1,-1.155958772,1,-0.559094369,1,4.224114418,1,-2.223303556,0,0.363197356,0,-0.420695931,0
25.04380798,-13.89298344,1,-7.88720274,1,-17.45393944,1,-0.9226982,1,-0.172604591,1,4.264725208,1,-2.231048822,0,0.377554595,0,-0.430573046,0
25.04780769,-12.95303822,1,-6.836566925,1,-17.22900581,1,-0.642989278,1,0.207905605,1,4.244738102,1,-2.238446474,0,0.390926778,0,-0.441954076,0
25.05180931,-11.85746193,1,-6.1524086,1,-16.82635498,1,-0.328787178,1,0.578572392,1,4.174836636,1,-2.245312929,0,0.403140128,0,-0.454663008,0
25.05582047,-10.86348915,1,-5.888516903,1,-16.23278046,1,-0.040733166,1,0.938909888,1,4.039250851,1,-2.251529217,0,0.414033473,0,-0.468476743,0
25.0598259,-9.651144981,1,-6.378183365,1,-15.43453693,1,0.199641898,1,1.257164359,1,3.890609026,1,-2.257170677,0,0.423554659,0,-0.483177841,0
25.06382752,-8.511329651,1,-7.104374409,1,-14.54298592,1,0.358950049,1,1.546099186,1,3.732521296,1,-2.262430668,0,0.431750476,0,-0.498593301,0
25.06782532,-7.179427147,1,-8.060681343,1,-13.60011005,1,0.429537714,1,1.79637897,1,3.575137138,1,-2.267574549,0,0.438696235,0,-0.514572501,0
25.07182503,-5.700358391,1,-8.955989838,1,-12.53527451,1,0.425659537,1,1.996870399,1,3.429448843,1,-2.272850513,0,0.444523036,0,-0.530968487,0
25.07582665,-4.213861942,1,-9.661794662,1,-11.43446827,1,0.345790088,1,2.15648675,1,3.294826746,1,-2.278509378,0,0.449380696,0,-0.547664762,0
25.07982445,-3.166857481,1,-10.1851511,1,-10.30517769,1,0.194630563,1,2.297332287,1,3.150363207,1,-2.284753323,0,0.453334421,0,-0.564515412,0
25.08382225,-1.92779398,1,-10.90548038,1,-9.551717758,1,-0.011802044,1,2.418591022,1,2.991160154,1,-2.291802168,0,0.456377,0,-0.58142072,0
25.08782387,-0.949285328,1,-11.14146614,1,-8.943555832,1,-0.272370845,1,2.517825127,1,2.81607461,1,-2.299795866,0,0.458523154,0,-0.598246455,0
25.09182167,-0.385482907,1,-10.78641796,1,-8.388055801,1,-0.54200685,1,2.607304811,1,2.615177631,1,-2.308789253,0,0.459736943,0,-0.61485213,0
25.09582138,-0.194434643,1,-10.02829361,1,-8.00282383,1,-0.782873571,1,2.698405743,1,2.376360416,1,-2.318665504,0,0.459923565,0,-0.631106675,0
25.099823,-0.220953286,1,-8.807574272,1,-7.71131134,1,-0.959231257,1,2.822046041,1,2.100487709,1,-2.329187155,0,0.458919019,0,-0.646926105,0
25.1038208,-0.489181012,1,-7.379940033,1,-7.613261223,1,-1.054203987,1,2.983144522,1,1.770715356,1,-2.340008974,0,0.456493974,0,-0.662247121,0
25.10782051,-0.710582614,1,-5.811635494,1,-7.433899403,1,-1.049280286,1,3.177712679,1,1.381669283,1,-2.350703001,0,0.452400982,0,-0.676953971,0
25.11182213,-0.796199143,1,-4.278299332,1,-7.267343998,1,-0.935108602,1,3.401931763,1,0.957641125,1,-2.360780954,0,0.446422696,0,-0.690967739,0
25.11581993,-0.543153286,1,-3.06167388,1,-6.950839043,1,-0.744284332,1,3.628319263,1,0.510997534,1,-2.369829178,0,0.438450724,0,-0.704190671,0
25.11981964,-0.14008455,1,-2.307347536,1,-6.551238537,1,-0.494126141,1,3.851712704,1,0.079520382,1,-2.377521038,0,0.428507477,0,-0.716582477,0
25.12382126,0.351267487,1,-2.230889082,1,-6.096499443,1,-0.206641406,1,4.056360245,1,-0.341668755,1,-2.383659601,0,0.416673958,0,-0.728116989,0
25.12781906,0.577244103,1,-2.360635042,1,-5.604711533,1,0.081054009,1,4.246273518,1,-0.745151281,1,-2.388160229,0,0.40309152,0,-0.738792002,0
25.13181877,0.735949516,1,-2.747587442,1,-5.097343445,1,0.332067639,1,4.428461552,1,-1.121655107,1,-2.391141891,0,0.38786149,0,-0.748677254,0
25.13582039,0.798442006,1,-3.172656298,1,-4.624559402,1,0.552840889,1,4.602056503,1,-1.467391968,1,-2.392753601,0,0.371106923,0,-0.75783813,0
25.13981819,0.869300902,1,-3.593727589,1,-4.194911003,1,0.715016007,1,4.744389057,1,-1.779040098,1,-2.393228531,0,0.352994382,0,-0.766358256,0
25.1438179,0.801737666,1,-4.03608942,1,-3.890880108,1,0.845880389,1,4.872200012,1,-2.050211906,1,-2.392771244,0,0.333682001,0,-0.774305642,0
25.14781952,0.550244212,1,-4.194088936,1,-3.872858524,1,0.936358929,1,4.988845348,1,-2.293490887,1,-2.391575336,0,0.313309103,0,-0.781759977,0
25.15181732,0.307889253,1,-4.231927395,1,-3.861347675,1,1.010025263,1,5.102886677,1,-2.516537189,1,-2.389786005,0,0.291981995,0,-0.788817167,0
25.15581703,-0.331216812,1,-4.125416756,1,-3.952370405,1,1.063748956,1,5.223927975,1,-2.718156576,1,-2.387499332,0,0.269756168,0,-0.795562327,0
25.15981865,-1.000607848,1,-3.929509163,1,-4.099905491,1,1.12027061,1,5.354321957,1,-2.896635771,1,-2.384793997,0,0.246668726,0,-0.802097023,0
25.16381645,-1.657419205,1,-3.745654106,1,-4.33693552,1,1.169215441,1,5.49846077,1,-3.052706242,1,-2.381715536,0,0.222716182,0,-0.808549583,0
25.16781616,-2.010809898,1,-3.607228041,1,-4.480666161,1,1.215523243,1,5.64231348,1,-3.184281588,1,-2.378297806,0,0.197972864,0,-0.815033555,0
25.17181778,-2.330136538,1,-3.538450241,1,-4.773748398,1,1.265084028,1,5.782720089,1,-3.267036438,1,-2.374554396,0,0.172546729,0,-0.821654618,0
25.17582321,-2.703436375,1,-3.322621822,1,-4.863330841,1,1.309472442,1,5.922753334,1,-3.31923008,1,-2.370506048,0,0.146548778,0,-0.828546226,0
25.17982292,-3.00031662,1,-2.903619289,1,-4.976477146,1,1.369277716,1,6.049275875,1,-3.341904402,1,-2.366116047,0,0.120097682,0,-0.83579874,0
25.18382454,-3.376231909,1,-2.426457167,1,-5.094668388,1,1.451901436,1,6.177949905,1,-3.331947327,1,-2.36129427,0,0.093300715,0,-0.843495667,0
25.18782234,-3.503588438,1,-2.08534956,1,-5.185823441,1,1.544695616,1,6.280610561,1,-3.30642128,1,-2.348765373,0,0.09112253,0,-0.823641121,0
25.19182205,-3.629861832,1,-1.830633163,1,-5.500362873,1,1.63944447,1,6.350557804,1,-3.26275897,1,-2.343081713,0,0.064051189,0,-0.832519591,0
25.19582367,-4.136519909,1,-1.71694088,1,-5.826799393,1,1.742657661,1,6.420502186,1,-3.215167046,1,-2.336793184,0,0.036970999,0,-0.841874123,0
25.19982147,-4.77878809,1,-1.863836288,1,-6.10768652,1,1.841196418,1,6.506412983,1,-3.1534307,1,-2.329854965,0,0.0099055,0,-0.851768434,0
25.20381928,-5.300289631,1,-2.128985882,1,-6.44030714,1,1.943544626,1,6.596389294,1,-3.088724375,1,-2.322245836,0,-0.017145639,0,-0.862280667,0
25.20782089,-5.743937492,1,-2.331306219,1,-6.737850189,1,2.038258553,1,6.694744587,1,-3.019661665,1,-2.313940525,0,-0.044175033,0,-0.873480558,0
25.2118187,-6.282374382,1,-2.430161953,1,-7.187253475,1,2.135072947,1,6.793465137,1,-2.959859371,1,-2.304911137,0,-0.071165688,0,-0.885391772,0
25.21581841,-6.8480196,1,-2.160612583,1,-7.633090019,1,2.247025013,1,6.902506351,1,-2.914808035,1,-2.295076132,0,-0.098163679,0,-0.898028493,0
25.21982002,-7.397090435,1,-1.973811269,1,-7.886125565,1,2.369338036,1,7.024465084,1,-2.896992683,1,-2.284350872,0,-0.125252515,0,-0.911427081,0
25.22381783,-7.621542454,1,-1.745623589,1,-8.348602295,1,2.498515368,1,7.132443905,1,-2.887105942,1,-2.272661209,0,-0.152449861,0,-0.925552368,0
25.22781754,-7.798523903,1,-1.772919536,1,-8.514225006,1,2.638893127,1,7.233920574,1,-2.87370038,1,-2.259922981,0,-0.179700673,0,-0.940439403,0
25.23181915,-8.120770454,1,-1.788641453,1,-8.517786026,1,2.800368071,1,7.348878384,1,-2.870033979,1,-2.246031761,0,-0.207009643,0,-0.956135631,0
25.23581696,-8.311532974,1,-1.817056179,1,-8.601985931,1,2.970300913,1,7.438695908,1,-2.891625166,1,-2.23088336,0,-0.234375745,0,-0.972618997,0
25.23981667,-8.482697487,1,-2.149372816,1,-8.626881599,1,3.129720449,1,7.513199329,1,-2.917911291,1,-2.214446783,0,-0.261750758,0,-0.989872932,0
25.24381828,-8.582777023,1,-2.580571175,1,-8.645963669,1,3.265671492,1,7.586174011,1,-2.95981288,1,-2.196745157,0,-0.289125681,0,-1.007894397,0
25.24781609,-8.45588398,1,-3.013757229,1,-8.605512619,1,3.367934465,1,7.623748779,1,-3.008286953,1,-2.177856445,0,-0.316459298,0,-1.026680112,0
25.2518158,-7.997888565,1,-3.33575964,1,-8.598119736,1,3.449381351,1,7.63097477,1,-3.060567617,1,-2.157903671,0,-0.343651235,0,-1.046147823,0
25.25581741,-7.637253284,1,-3.686990023,1,-8.789392471,1,3.502966166,1,7.595532417,1,-3.126681805,1,-2.136979342,0,-0.370631963,0,-1.066209912,0
25.25981522,-7.694404602,1,-4.156939983,1,-9.117753983,1,3.556251764,1,7.539211273,1,-3.201816797,1,-2.115158558,0,-0.397328794,0,-1.086758375,0
25.26381493,-8.084687233,1,-4.690868378,1,-9.503879547,1,3.594313145,1,7.480301857,1,-3.269485235,1,-2.092457771,0,-0.423740774,0,-1.107797503,0
25.26781654,-8.474643707,1,-5.124434471,1,-9.988526344,1,3.596449375,1,7.425397873,1,-3.357590675,1,-2.068938017,0,-0.449850291,0,-1.129373431,0
25.27181435,-8.765039444,1,-5.346036434,1,-10.4760828,1,3.570821285,1,7.374387741,1,-3.465104342,1,-2.044718981,0,-0.475747049,0,-1.151492119,0
25.27581406,-8.774555206,1,-5.349908352,1,-11.14854813,1,3.539094687,1,7.32122612,1,-3.583910704,1,-2.019848824,0,-0.501452386,0,-1.174190521,0
25.27981567,-8.852959633,1,-4.952641964,1,-11.99081326,1,3.55458951,1,7.270176888,1,-3.703420401,1,-1.994211793,0,-0.526984274,0,-1.197490215,0
25.28381348,-9.140756607,1,-4.339298725,1,-12.84227753,1,3.614281178,1,7.229115963,1,-3.814846992,1,-1.967558384,0,-0.552334845,0,-1.221493721,0
25.28781319,-9.578580856,1,-3.387374401,1,-13.72078896,1,3.732267618,1,7.206650257,1,-3.939561129,1,-1.939563513,0,-0.577511787,0,-1.246334434,0
25.2918148,-10.55496502,1,-2.984813213,1,-14.40484428,1,3.905291319,1,7.180478573,1,-4.072134495,1,-1.909953475,0,-0.602526069,0,-1.272109747,0
25.29581833,-11.64238167,1,-2.863868237,1,-14.81855965,1,4.079134941,1,7.169341564,1,-4.197200775,1,-1.878471136,0,-0.627327979,0,-1.298981428,0
25.29981613,-12.47205257,1,-3.565950155,1,-15.13128853,1,4.23726368,1,7.137909889,1,-4.29650259,1,-1.845050693,0,-0.651821494,0,-1.327078104,0
25.30381775,-13.30895233,1,-4.678726673,1,-15.42561531,1,4.341335773,1,7.088537216,1,-4.386902809,1,-1.80979836,0,-0.675847352,0,-1.356423736,0
25.30781555,-14.18097496,1,-5.67577219,1,-15.83145714,1,4.368252277,1,6.986728191,1,-4.458734035,1,-1.772970915,0,-0.699273467,0,-1.386957288,0
25.31181717,-14.95180511,1,-6.704282761,1,-16.28320122,1,4.341655731,1,6.841702938,1,-4.520709515,1,-1.734927416,0,-0.721979856,0,-1.418542981,0
25.31581688,-15.67995071,1,-7.174663067,1,-16.70372581,1,4.261407852,1,6.666893005,1,-4.562709808,1,-1.695995331,0,-0.743863642,0,-1.451002836,0
25.31981468,-16.88521767,1,-7.385317802,1,-17.23603439,1,4.158938885,1,6.485521317,1,-4.595860958,1,-1.656386018,0,-0.764834523,0,-1.484251857,0
25.32381439,-18.55189896,1,-7.281577587,1,-17.78455734,1,4.074997902,1,6.309822083,1,-4.629083633,1,-1.616112232,0,-0.784918547,0,-1.518283844,0
25.32781601,-20.39346313,1,-7.210342884,1,-18.17816162,1,4.006934643,1,6.152346611,1,-4.652621746,1,-1.57505846,0,-0.804089665,0,-1.553179026,0
25.33181381,-22.6217804,1,-7.069480419,1,-18.47591972,1,3.957850218,1,6.032167912,1,-4.666033745,1,-1.533043742,0,-0.822323978,0,-1.589074016,0
25.33581352,-24.96129227,1,-6.93171978,1,-18.25496483,1,3.907258034,1,5.939225674,1,-4.674791336,1,-1.489916205,0,-0.839559793,0,-1.626160145,0
25.33981514,-26.79392433,1,-6.398965359,1,-17.60570526,1,3.855318069,1,5.837413788,1,-4.678014755,1,-1.445661783,0,-0.855742812,0,-1.664479375,0
25.34381294,-28.08371162,1,-5.168988705,1,-16.57628822,1,3.804931879,1,5.684471607,1,-4.680037498,1,-1.400449991,0,-0.870860934,0,-1.703817248,0
25.34781265,-28.77995872,1,-2.733753681,1,-15.40796757,1,3.773649693,1,5.426231861,1,-4.692507744,1,-1.354656935,0,-0.884978533,0,-1.743646622,0
25.35181427,-28.91239166,1,1.559010625,1,-14.34981728,1,3.805769682,1,5.01228857,1,-4.706477642,1,-1.308826804,0,-0.898288608,0,-1.783093691,0
25.35581207,-29.46430397,1,6.762110233,1,-13.28581429,1,3.97614646,1,4.46980381,1,-4.712308407,1,-1.263386607,0,-0.911043882,0,-1.821144342,0
25.35980988,-30.56238937,1,10.65432739,1,-11.90701103,1,4.269421577,1,3.879878998,1,-4.676533222,1,-1.218354821,0,-0.923415899,0,-1.857123613,0
25.36381149,-32.58898544,1,11.99845028,1,-10.3778038,1,4.556625843,1,3.313730955,1,-4.591577053,1,-1.173661947,0,-0.935421944,0,-1.890838385,0
25.3678093,-35.14227676,1,10.62805462,1,-8.7676754,1,4.6288414,1,2.811592579,1,-4.393736362,1,-1.129830837,0,-0.946891367,0,-1.922245026,0
25.37180901,-37.59070969,1,7.30804348,1,-7.116437912,1,4.41739893,1,2.385410309,1,-4.062748432,1,-1.088009,0,-0.957439423,0,-1.951277733,0
25.37581253,-39.83242798,1,5.037043095,1,-5.78708744,1,3.962031364,1,2.022032499,1,-3.635514021,1,-1.049501181,0,-0.966715097,0,-1.977726102,0
25.37981224,-41.33158112,1,5.477437973,1,-5.177155495,1,3.375983238,1,1.711121678,1,-3.186755419,1,-1.015238285,0,-0.974601507,0,-2.001452208,0
25.38380814,-42.44194794,1,8.801064491,1,-4.42929554,1,2.791745663,1,1.432244897,1,-2.778698444,1,-0.985517859,0,-0.98124963,0,-2.022433043,0
25.38781166,-43.84909058,1,12.19150257,1,-3.334993839,1,2.280050039,1,1.230324864,1,-2.384738684,1,-0.960065782,0,-0.98679626,0,-2.040847301,0
25.39180946,-43.83026505,1,14.480896,1,-1.532107949,1,1.869118929,1,1.055316091,1,-2.001441956,1,-0.938366294,0,-0.991264701,0,-2.056904316,0
25.39580917,-42.71543121,1,15.08809566,1,1.074228883,1,1.487670779,1,0.860742867,1,-1.59815526,1,-0.920320988,0,-0.99474591,0,-2.07043314,0
25.39981079,-40.55890274,1,13.84702206,1,3.543616056,1,1.067564487,1,0.613034606,1,-1.152794957,1,-0.906354547,0,-0.997287154,0,-2.080951452,0
25.40380859,-38.46695328,1,12.06465244,1,5.299821854,1,0.558910966,1,0.31599012,1,-0.678685844,1,-0.897283316,0,-0.998998523,0,-2.087855101,0
25.4078083,-37.69967651,1,11.25119686,1,6.273288727,1,0.030184411,1,0.010472464,1,-0.23052831,1,-0.893554747,0,-0.999996662,0,-2.090890646,0
25.41180992,-37.61436462,1,11.30879116,1,6.632201195,1,-0.429103583,1,-0.259888798,1,0.157351062,1,-0.894883335,0,-1.000418425,0,-2.090301514,0
25.41581345,-37.78141022,1,12.07984447,1,6.431729794,1,-0.736531734,1,-0.497359216,1,0.453873008,1,-0.900316119,0,-1.000393748,0,-2.086667776,0
25.41981316,-37.05023575,1,12.92416286,1,5.821084499,1,-0.901836574,1,-0.737316787,1,0.657568455,1,-0.908824205,0,-1.000150204,0,-2.080501318,0
25.42381477,-34.95264816,1,12.19052696,1,5.66501379,1,-0.997173727,1,-0.993182421,1,0.779650271,1,-0.919635832,0,-0.999975085,0,-2.072170734,0
25.42781258,-30.44884491,1,9.030975342,1,2.740617037,1,-1.149821877,1,-1.319072247,1,0.843967319,1,-0.932605267,0,-1.000133991,0,-2.061788559,0
25.43181229,5.354224682,1,-7.885701656,1,-4.712797165,1,-2.671164513,1,-2.660058737,1,1.239359498,1,-0.953170478,0,-1.001256108,0,-2.046036243,0
25.4358139,-41.14793396,1,-0.020745285,1,10.94433117,1,-3.717571974,1,-3.904427052,1,1.817976475,1,-0.9892838,0,-1.003866196,0,-2.019020081,0
25.43981171,-10.84451962,1,10.18522263,1,10.32575989,1,-3.080719471,1,-3.584356546,1,1.754827261,1,-1.080327868,0,-0.921931565,0,-1.892818809,0
25.44381142,8.373353004,1,-4.54468298,1,-8.128396034,1,-3.440943956,1,-4.160825729,1,1.87825501,1,-1.115254998,0,-0.92265743,0,-1.865036488,0
25.44781113,-8.650780678,1,-4.292367458,1,-13.89457035,1,-3.615825176,1,-4.354543686,1,2.398232698,1,-1.155237556,0,-0.922040641,0,-1.833049178,0
25.45180893,1.539335012,1,-6.7429533,1,-26.01608467,1,-3.045807123,1,-4.121387005,1,2.438377619,1,-1.193979263,0,-0.919612169,0,-1.800942898,0
25.45580864,10.44699287,1,-21.37338257,1,-29.33764267,1,-3.664035559,1,-4.263844967,1,2.69705081,1,-1.23235178,0,-0.916043401,0,-1.769563913,0
25.45981026,22.38057327,1,-16.38832855,1,-30.67502785,1,-3.469929457,1,-5.112862587,1,3.620698929,1,-1.274605989,0,-0.909773946,0,-1.734354019,0
25.46380806,10.30576038,1,-16.75827789,1,-31.18459511,1,-4.044923306,1,-6.577315331,1,4.445546627,1,-1.32354033,0,-0.90053308,0,-1.69096899,0
25.46780777,-4.218306541,1,-6.339062214,1,-31.42604065,1,-4.246226311,1,-7.432920456,1,5.307480812,1,-1.379949689,0,-0.887504756,0,-1.640095234,0
25.47180939,-28.93040848,1,0.630111337,1,-28.79247475,1,-4.542840958,1,-7.469405174,1,5.172562122,1,-1.437589765,0,-0.871391594,0,-1.588208914,0
25.47580719,-35.03519821,1,1.705131769,1,-23.16736412,1,-4.430552006,1,-7.084717751,1,4.542396545,1,-1.491996646,0,-0.85511291,0,-1.540567994,0
25.4798069,-30.32147408,1,7.729796886,1,-22.68289948,1,-3.739880323,1,-7.02698946,1,3.443379402,1,-1.541205049,0,-0.840535879,0,-1.496756554,0
25.48380852,-39.56587601,1,6.331993103,1,-19.50807381,1,-3.048480511,1,-6.816316605,1,2.281846285,1,-1.585660458,0,-0.829345465,0,-1.455147743,0
25.48780632,-34.0679512,1,5.705479622,1,-18.58184624,1,-2.418702841,1,-6.194610119,1,1.480651021,1,-1.624439836,0,-0.821105123,0,-1.417151332,0
25.49180603,-21.6665287,1,9.755732536,1,-11.50353146,1,-1.983860135,1,-5.736700535,1,1.423583508,1,-1.658194184,0,-0.813799083,0,-1.382982969,0
25.49580765,-12.23882008,1,12.52052975,1,-8.526025772,1,-1.598401546,1,-5.306609631,1,1.909184337,1,-1.687631369,0,-0.805060506,0,-1.35215044,0
25.49980545,-9.753922462,1,13.91107845,1,-7.88549757,1,-1.302493095,1,-4.938409328,1,2.69985199,1,-1.713095188,0,-0.793231249,0,-1.324711919,0
25.50380516,-14.98360538,1,6.133411407,1,-10.1066761,1,-1.240526557,1,-4.47337532,1,3.321948051,1,-1.734943986,0,-0.778416395,0,-1.300893784,0
25.50780678,-19.80160141,1,-5.558246136,1,-10.2525835,1,-1.426779985,1,-3.920013666,1,3.560796738,1,-1.753964186,0,-0.761831582,0,-1.281295538,0
25.51180458,-24.30717468,1,-9.747994423,1,-8.232340813,1,-1.677719116,1,-3.321557999,1,3.172230721,1,-1.771121264,0,-0.74571842,0,-1.265267253,0
25.51580429,-28.83572197,1,-8.403799057,1,-6.765964508,1,-1.810160995,1,-2.709810972,1,2.285540581,1,-1.786910057,0,-0.732566833,0,-1.252392411,0
25.519804,-28.74449539,1,-9.023133278,1,-8.131401062,1,-1.760502219,1,-1.915999055,1,1.474131227,1,-1.800681949,0,-0.723245442,0,-1.242437601,0
25.5238018,-24.047472,1,-4.437344074,1,-11.52920246,1,-1.692416191,1,-1.107573867,1,1.08017087,1,-1.811782479,0,-0.717012405,0,-1.236210823,0
25.52780151,-11.09304142,1,4.13538599,1,-13.39824772,1,-1.408614874,1,-0.677451968,1,1.11529243,1,-1.819973946,0,-0.711942673,0,-1.233172655,0
25.53180313,-0.369377017,1,5.752402782,1,-13.06529999,1,-1.194032669,1,-0.636744797,1,1.286526918,1,-1.82624507,0,-0.70666045,0,-1.231526613,0
25.53580666,2.369051456,1,1.732540131,1,-12.08439636,1,-1.017176509,1,-0.824249148,1,1.337331772,1,-1.831887245,0,-0.700795233,0,-1.229594707,0
25.53980637,-6.487863541,1,-7.343079567,1,-12.17979527,1,-0.952717483,1,-0.791841924,1,1.192353487,1,-1.837363482,0,-0.695009589,0,-1.227157712,0
25.54380989,-11.76077461,1,-11.46474171,1,-9.43896389,1,-0.937383175,1,-0.68870002,1,1.039917707,1,-1.8424716,0,-0.689958692,0,-1.225014925,0
25.54780579,-1.708695173,1,-11.27771664,1,-7.862555504,1,-1.095324516,1,-0.86489594,1,1.02727592,1,-1.848024487,0,-0.685178816,0,-1.222638845,0
25.5518074,-3.141387701,1,-6.209758759,1,-10.72727203,1,-1.216574788,1,-0.892068624,1,1.086778045,1,-1.854554653,0,-0.680116594,0,-1.219686627,0
25.55580902,-8.660622597,1,1.351480007,1,-10.08705616,1,-1.132983446,1,-0.787555456,1,1.101979375,1,-1.860888004,0,-0.674918652,0,-1.21715045,0
25.55980682,-8.725423813,1,4.911295414,1,-8.611338615,1,-0.94057852,1,-0.744565308,1,0.937393069,1,-1.866428852,0,-0.67010498,0,-1.214942932,0
25.56380653,-9.700529099,1,6.491816998,1,-9.436725616,1,-0.676281273,1,-0.695592999,1,0.735715687,1,-1.871082306,0,-0.666066349,0,-1.212660551,0
25.56780815,-7.244679451,1,2.510888815,1,-9.371097565,1,-0.48986268,1,-0.635371208,1,0.645946681,1,-1.874722838,0,-0.662674129,0,-1.2104702,0
25.57180595,-6.11747694,1,-2.613931179,1,-8.486392975,1,-0.428901851,1,-0.623752654,1,0.655433834,1,-1.877796292,0,-0.659445643,0,-1.208418965,0
25.57580566,-7.634333134,1,-5.223101139,1,-7.48345089,1,-0.425797105,1,-0.578785241,1,0.617472768,1,-1.880658746,0,-0.656264782,0,-1.206496239,0
25.57980728,-7.910945892,1,-3.945622921,1,-7.31317997,1,-0.45191884,1,-0.550670505,1,0.608181298,1,-1.883517504,0,-0.653249741,0,-1.204711437,0
25.58380508,-6.565185547,1,-1.938941956,1,-8.113342285,1,-0.427459836,1,-0.472185224,1,0.562539935,1,-1.886218309,0,-0.650369585,0,-1.203173518,0
25.58780479,-3.691889286,1,-1.576833844,1,-9.547618866,1,-0.400907934,1,-0.485181332,1,0.521223903,1,-1.888722658,0,-0.647713959,0,-1.201761723,0
25.59180641,-4.407614708,1,-0.346791387,1,-9.491364479,1,-0.360965163,1,-0.523582816,1,0.448809445,1,-1.891238451,0,-0.645247042,0,-1.200121999,0
25.59580421,-7.208439827,1,2.570580006,1,-9.187420845,1,-0.22713469,1,-0.531005681,1,0.37170589,1,-1.893548489,0,-0.643019319,0,-1.198258281,0
25.59980393,-7.083053112,1,2.826733112,1,-8.732748032,1,-0.067048937,1,-0.523329258,1,0.281856626,1,-1.895323396,0,-0.641116142,0,-1.196268082,0
25.60380554,-5.722650528,1,-0.355389833,1,-8.598846436,1,0.015150804,1,-0.522826731,1,0.236736953,1,-1.896632195,0,-0.639473557,0,-1.194213629,0
25.60780335,-5.352126598,1,-3.1360569,1,-8.384185791,1,0.012071112,1,-0.526103675,1,0.215609565,1,-1.897826672,0,-0.637948453,0,-1.19208765,0
25.61180115,-5.860213757,1,-3.385637283,1,-8.379738808,1,-0.003669971,1,-0.532497942,1,0.21113649,1,-1.899088979,0,-0.636454344,0,-1.189932704,0
25.61580277,-5.411994457,1,-2.477074623,1,-8.668070793,1,-0.01825547,1,-0.51748246,1,0.215851381,1,-1.900398135,0,-0.634967804,0,-1.187807083,0
25.61980248,-5.093203068,1,-2.339810133,1,-8.868795395,1,-0.018774977,1,-0.517204106,1,0.196911752,1,-1.901702762,0,-0.633522034,0,-1.185712814,0
25.62380219,-4.880401611,1,-2.292214394,1,-8.861352921,1,-0.022806482,1,-0.524719775,1,0.205025569,1,-1.903029561,0,-0.632086456,0,-1.183597803,0
25.6278038,-5.3614254,1,-2.536663294,1,-8.588388443,1,-0.035722442,1,-0.533884943,1,0.212740466,1,-1.904419184,0,-0.630598307,0,-1.181459546,0
25.63180161,-5.563370228,1,-3.116022348,1,-8.55206871,1,-0.047174193,1,-0.537274957,1,0.219371274,1,-1.905839682,0,-0.62909323,0,-1.179308176,0
25.63579941,-5.828631878,1,-2.44001317,1,-8.253182411,1,-0.053189524,1,-0.536986887,1,0.224807605,1,-1.907313466,0,-0.62753886,0,-1.17716229,0
25.63980103,-5.374809742,1,-1.939294219,1,-8.560548782,1,-0.038962789,1,-0.544518709,1,0.220745698,1,-1.908761382,0,-0.625989318,0,-1.175015926,0
25.64379883,-4.906333447,1,-2.172546148,1,-8.857021332,1,-0.044167977,1,-0.575531662,1,0.207524776,1,-1.910239339,0,-0.624452293,0,-1.172777534,0
25.64779854,-5.501602173,1,-1.076842904,1,-8.877484322,1,0.017604096,1,-0.616169393,1,0.195630178,1,-1.911730528,0,-0.622896791,0,-1.170328617,0
25.65180016,-5.110343933,1,-1.620227218,1,-9.589944839,1,0.041664578,1,-0.696982741,1,0.206809193,1,-1.913133025,0,-0.621261895,0,-1.167628646,0
25.65580368,-4.829485416,1,-1.875394464,1,-9.567108154,1,-0.043557271,1,-0.797778368,1,0.174089551,1,-1.9149791,0,-0.619527221,0,-1.164478302,0
25.65980339,-5.143872261,1,-0.456199259,1,-10.27653027,1,0.01472017,1,-0.855900407,1,0.142627433,1,-1.917120695,0,-0.617837429,0,-1.160920858,0
25.66380501,-3.888682365,1,0.132540807,1,-10.49051952,1,0.125502408,1,-0.965412855,1,0.143998742,1,-1.919116259,0,-0.616053581,0,-1.156983972,0
25.66780281,-4.385930061,1,-1.17612052,1,-11.17247963,1,0.190022439,1,-1.097414255,1,0.133591011,1,-1.921072125,0,-0.614113092,0,-1.15246439,0
25.67180252,-4.250919819,1,-1.478574276,1,-10.86142159,1,0.158550248,1,-1.222463489,1,0.13000761,1,-1.923322916,0,-0.612019598,0,-1.147362947,0
25.67580414,-4.409832954,1,-0.677600741,1,-10.96619892,1,0.243653655,1,-1.352479219,1,0.127191082,1,-1.92581892,0,-0.609763563,0,-1.141673565,0
25.67980194,-4.757031918,1,-1.577721953,1,-11.11640835,1,0.348932445,1,-1.462824225,1,0.159781814,1,-1.92814672,0,-0.607275426,0,-1.135477424,0
25.68380165,-3.959969044,1,-3.062667608,1,-10.74079895,1,0.317144632,1,-1.595797896,1,0.182793438,1,-1.930583239,0,-0.604478955,0,-1.128825307,0
25.68780327,-4.990334034,1,-2.805788517,1,-11.21131516,1,0.312442869,1,-1.715598941,1,0.190769896,1,-1.930493474,0,-0.609815776,0,-1.12253058,0
25.69180107,-3.919986248,1,-2.36388135,1,-10.706007,1,0.323396176,1,-1.841105103,1,0.24109596,1,-1.933624387,0,-0.606497049,0,-1.114824653,0
25.69580078,-4.488291264,1,-3.031051397,1,-10.95348167,1,0.323560297,1,-1.974343419,1,0.319889128,1,-1.93695271,0,-0.602741241,0,-1.106630564,0
25.6998024,-4.409460068,1,-3.039230824,1,-10.896698,1,0.252114028,1,-2.103199959,1,0.353902072,1,-1.94069767,0,-0.598541737,0,-1.097983003,0
25.70379829,-4.278547287,1,-2.125561714,1,-10.91367912,1,0.228976876,1,-2.238881588,1,0.372762501,1,-1.944886923,0,-0.594021499,0,-1.088849187,0
25.707798,-4.914993763,1,-1.057357311,1,-10.58251572,1,0.298453182,1,-2.334596395,1,0.400834471,1,-1.949179649,0,-0.589236617,0,-1.079268575,0
25.71179962,-4.355158806,1,-2.060936213,1,-10.26245785,1,0.338123262,1,-2.455250025,1,0.468550682,1,-1.953364134,0,-0.584061921,0,-1.069364429,0
25.71579742,-4.877047539,1,-2.933945417,1,-9.641328812,1,0.335440457,1,-2.544670105,1,0.498866647,1,-1.957620025,0,-0.578506768,0,-1.059148788,0
25.71979713,-4.18854475,1,-3.198986292,1,-9.267443657,1,0.294412225,1,-2.643554211,1,0.5318771,1,-1.962084293,0,-0.572671711,0,-1.048636317,0
25.72379875,-4.374495029,1,-2.984957933,1,-9.026566505,1,0.268905818,1,-2.738476992,1,0.574158728,1,-1.96679461,0,-0.566494882,0,-1.037830591,0
25.72779656,-5.761502743,1,-3.214418411,1,-9.625635147,1,0.185212076,1,-2.702349186,1,0.60975033,1,-1.971622586,0,-0.560020506,0,-1.02694881,0
25.73179627,-1.423080325,1,0.113986775,1,-8.260967255,1,0.4281241,1,-2.973636866,1,0.559277892,1,-1.976377249,0,-0.553637981,0,-1.016043186,0
25.73579788,-8.92812252,1,-1.872793198,1,-9.494408607,1,0.411086202,1,-2.901985884,1,0.730997443,1,-1.980638146,0,-0.546618879,0,-1.00453496,0
25.73979569,-4.490479469,1,-5.017140865,1,-6.533171177,1,0.276719391,1,-2.952200651,1,0.732086003,1,-1.984944582,0,-0.539223909,0,-0.99342829,0
25.7437954,-4.050766945,1,-4.891254902,1,-7.632363796,1,0.19584851,1,-3.080107689,1,0.69644779,1,-1.989961147,0,-0.531704783,0,-0.981915236,0
25.74779892,-6.509829044,1,-2.100910425,1,-7.56649065,1,0.235334858,1,-3.080293894,1,0.750414371,1,-1.994963288,0,-0.524066031,0,-0.970227003,0
25.75179482,-7.038550854,1,-2.986383677,1,-7.168917656,1,0.240672886,1,-3.05295682,1,0.844734251,1,-1.999632835,0,-0.516075373,0,-0.958884537,0
25.75579453,-5.779908657,1,-3.931610584,1,-6.186480999,1,0.223532423,1,-3.062305927,1,0.880152762,1,-2.004126072,0,-0.507821798,0,-0.947801828,0
25.75979805,-5.14565134,1,-4.757400513,1,-6.025156021,1,0.170079648,1,-3.11193943,1,0.901904166,1,-2.008674145,0,-0.499394059,0,-0.936754167,0
25.76379585,-5.703495502,1,-2.334070921,1,-5.814067841,1,0.169023469,1,-3.165012598,1,0.983042836,1,-2.013294697,0,-0.490637124,0,-0.925647914,0
25.76779556,-5.739432812,1,-1.851355314,1,-6.414607525,1,0.196046099,1,-3.192209959,1,1.040202975,1,-2.017709255,0,-0.48150456,0,-0.914637983,0
25.77179527,-6.379566193,1,-3.526472092,1,-6.230154514,1,0.151956826,1,-3.205464602,1,1.080790401,1,-2.021987438,0,-0.47212851,0,-0.903742135,0
25.7757988,-6.453478336,1,-4.155466557,1,-5.647005558,1,0.079706408,1,-3.231312513,1,1.140487194,1,-2.026376009,0,-0.462501019,0,-0.892968178,0
25.77979851,-6.884801865,1,-3.9330585,1,-5.631717205,1,0.026942715,1,-3.251830578,1,1.198517919,1,-2.030880451,0,-0.452574402,0,-0.88229835,0
25.78380013,-6.578531742,1,-3.386112452,1,-5.665447235,1,0.010417273,1,-3.259100199,1,1.242074847,1,-2.035365343,0,-0.442406744,0,-0.871780276,0
25.78779793,-5.8630023,1,-3.378026485,1,-5.657857895,1,0.006639503,1,-3.281610489,1,1.30898571,1,-2.039716959,0,-0.431969225,0,-0.861418068,0
25.79179764,-6.204361439,1,-3.579880953,1,-5.850589275,1,0.024063107,1,-3.315925837,1,1.370408058,1,-2.043899298,0,-0.42120105,0,-0.85117656,0
25.79579926,-6.689067364,1,-3.31763792,1,-5.8132267,1,0.050146144,1,-3.329171181,1,1.430662394,1,-2.047828436,0,-0.410133243,0,-0.841061711,0
25.79979706,-7.094680786,1,-2.939753771,1,-5.43818903,1,0.071968317,1,-3.35160327,1,1.483737946,1,-2.051516533,0,-0.398808777,0,-0.831076741,0
25.80379677,-7.490955353,1,-2.379803658,1,-5.188243866,1,0.109125599,1,-3.380013466,1,1.529616594,1,-2.054948568,0,-0.387218356,0,-0.82118845,0
25.80779839,-8.130357742,1,-1.876477361,1,-5.485117435,1,0.159766302,1,-3.394973278,1,1.556040168,1,-2.058078766,0,-0.375427216,0,-0.81137085,0
25.81179619,-8.358301163,1,-1.102114916,1,-5.312891006,1,0.213772699,1,-3.390228748,1,1.563943267,1,-2.060842514,0,-0.363552332,0,-0.801660836,0
25.8157959,-7.266107082,1,-0.565507054,1,-5.291699409,1,0.275639594,1,-3.412432671,1,1.579350233,1,-2.06322813,0,-0.351594567,0,-0.792029202,0
25.81979752,-6.709647179,1,-0.350338161,1,-5.091625214,1,0.326325744,1,-3.460497618,1,1.577161908,1,-2.065303802,0,-0.339520097,0,-0.782339692,0
25.82379532,-7.55580759,1,-0.453445941,1,-5.405174732,1,0.350079745,1,-3.505400419,1,1.562168121,1,-2.067158461,0,-0.327361047,0,-0.772516727,0
25.82779503,-7.539061546,1,0.196026921,1,-4.199255943,1,0.37820375,1,-3.486948013,1,1.492839217,1,-2.068865299,0,-0.315334797,0,-0.762651622,0
25.83179665,-7.467748642,1,0.068860628,1,-5.095826626,1,0.385775983,1,-3.589276314,1,1.514862299,1,-2.070377588,0,-0.303250849,0,-0.752599239,0
25.83579445,-8.103272438,1,0.399289012,1,-4.979563236,1,0.392953604,1,-3.579994678,1,1.470890403,1,-2.071796417,0,-0.291132808,0,-0.742441714,0
25.83979416,-8.39428997,1,-0.01694919,1,-4.955497742,1,0.384520531,1,-3.600611448,1,1.417877555,1,-2.073107958,0,-0.279168487,0,-0.732217371,0
25.84379578,-8.307034492,1,-0.539055288,1,-4.947441101,1,0.352284163,1,-3.613566637,1,1.385086656,1,-2.074423313,0,-0.267300636,0,-0.721886933,0
25.84779358,-8.03884697,1,-0.813199937,1,-5.097329617,1,0.302115351,1,-3.646655321,1,1.369356632,1,-2.075798035,0,-0.255465329,0,-0.711481988,0
25.85179329,-7.446361542,1,-0.974118471,1,-5.385444641,1,0.272472471,1,-3.68804121,1,1.358612061,1,-2.077254534,0,-0.243589476,0,-0.700968266,0
25.85579491,-7.432737827,1,-0.945599556,1,-5.570124149,1,0.245260015,1,-3.748386383,1,1.357891917,1,-2.078728676,0,-0.231625125,0,-0.690305293,0
25.85979271,-7.973307133,1,-0.859155059,1,-5.735024929,1,0.225359127,1,-3.802522182,1,1.363566637,1,-2.080207109,0,-0.219519943,0,-0.679487407,0
25.86379242,-8.247531891,1,-0.912906289,1,-5.889059544,1,0.210078254,1,-3.855677843,1,1.385210037,1,-2.081653357,0,-0.207251608,0,-0.668547034,0
25.86779404,-8.291920662,1,-0.861857831,1,-6.148657322,1,0.194422081,1,-3.936122656,1,1.39416492,1,-2.083062649,0,-0.194786072,0,-0.657457769,0
25.87179184,-8.4349823,1,-1.171501875,1,-6.345167637,1,0.170277432,1,-4.03039217,1,1.409198046,1,-2.084462166,0,-0.182083935,0,-0.646133304,0
25.87579155,-8.512504578,1,-1.610763669,1,-6.609497547,1,0.134832382,1,-4.133594036,1,1.447320223,1,-2.085870028,0,-0.169079348,0,-0.634552002,0
25.87979317,-8.599427223,1,-2.237401485,1,-6.801713467,1,0.092985801,1,-4.235896111,1,1.484031081,1,-2.087328911,0,-0.155723259,0,-0.622732639,0
25.88379097,-8.833486557,1,-2.797698021,1,-6.859399796,1,0.041360568,1,-4.338775635,1,1.54622674,1,-2.08884716,0,-0.141981378,0,-0.610684752,0
25.88779068,-9.158050537,1,-3.343258381,1,-6.975770473,1,-0.019088522,1,-4.434848309,1,1.619152904,1,-2.090436935,0,-0.127797216,0,-0.598472834,0
25.8917923,-9.20149231,1,-3.443786621,1,-6.979308128,1,-0.067236632,1,-4.53840971,1,1.69269371,1,-2.092100859,0,-0.113124005,0,-0.586122215,0
25.89579582,-9.606092453,1,-3.25933218,1,-7.162148476,1,-0.080275111,1,-4.651905537,1,1.772145391,1,-2.09373641,0,-0.097952209,0,-0.573575258,0
25.89979553,-10.87784386,1,-3.231195927,1,-7.742395878,1,-0.040990885,1,-4.76550436,1,1.826770782,1,-2.095141888,0,-0.082293138,0,-0.560811639,0
25.90379906,-12.30390072,1,-3.247309208,1,-8.414649963,1,0.016562365,1,-4.843789101,1,1.889699936,1,-2.096157312,0,-0.06623625,0,-0.547858894,0
25.90779686,-12.52032948,1,-3.380670071,1,-9.149607658,1,0.092864834,1,-4.949326515,1,1.94841826,1,-2.096711397,0,-0.049777664,0,-0.534766674,0
25.91179657,-14.38392067,1,-3.367947817,1,-10.42896938,1,0.19171606,1,-5.081830978,1,2.001520157,1,-2.096702099,0,-0.032856148,0,-0.521360338,0
25.91579819,-15.12746143,1,-3.754255295,1,-11.0538578,1,0.319318891,1,-5.201499462,1,2.099042654,1,-2.096019506,0,-0.015471658,0,-0.507674277,0
25.91979599,-16.82217598,1,-4.816007614,1,-12.33470726,1,0.432687014,1,-5.381388187,1,2.261641741,1,-2.094579935,0,0.002679813,0,-0.493695587,0
25.92379379,-18.261446,1,-7.134894848,1,-12.64183617,1,0.412969053,1,-5.538321972,1,2.524917364,1,-2.092683315,0,0.021853413,0,-0.479562163,0
25.92779541,-20.96596527,1,-9.733685493,1,-12.82128429,1,0.290560752,1,-5.741616249,1,2.820951223,1,-2.090790272,0,0.042357411,0,-0.465299577,0
25.93179321,-24.60017014,1,-11.84935856,1,-12.80288506,1,0.04910912,1,-5.829856396,1,3.157649279,1,-2.08932066,0,0.064235747,0,-0.45109719,0
25.93579292,-27.98001289,1,-12.34767437,1,-13.31224632,1,-0.266796947,1,-5.803839684,1,3.367583513,1,-2.088709116,0,0.087159179,0,-0.437286556,0
25.93979454,-26.34086227,1,-12.37895775,1,-12.69978619,1,-0.547124326,1,-5.748035431,1,3.619635105,1,-2.081879616,0,0.101867646,0,-0.435880303,0
25.94379425,-24.30509377,1,-12.52909374,1,-11.81688499,1,-0.798306227,1,-5.745547771,1,3.830943584,1,-2.083123684,0,0.126123622,0,-0.423033834,0
25.94779205,-23.80909729,1,-12.40180492,1,-12.50389004,1,-1.010086536,1,-5.662410736,1,3.816842079,1,-2.085044622,0,0.150733382,0,-0.410535097,0
25.95179367,-23.78045273,1,-12.02797031,1,-13.40860939,1,-1.186872125,1,-5.409834862,1,3.769792795,1,-2.087488413,0,0.174848601,0,-0.398534715,0
25.95579147,-24.45530891,1,-11.89083385,1,-14.84431553,1,-1.407783389,1,-5.086227894,1,3.68817544,1,-2.090614319,0,0.19823502,0,-0.387494683,0
25.95979309,-27.44320869,1,-12.79344559,1,-16.78959846,1,-1.594837904,1,-4.650285244,1,3.458479881,1,-2.094568253,0,0.220370039,0,-0.37753135,0
25.96379471,-27.26170731,1,-13.61171055,1,-17.39189339,1,-1.712542176,1,-4.205881596,1,3.246952772,1,-2.099168301,0,0.240818277,0,-0.368698061,0
25.96779251,-25.14214134,1,-15.07077694,1,-17.5406971,1,-1.90728569,1,-3.856059313,1,3.022310734,1,-2.104462624,0,0.259825081,0,-0.360962838,0
25.97179222,-16.9078064,1,-15.0755434,1,-16.03159332,1,-2.198804379,1,-3.756452084,1,2.692677259,1,-2.110703945,0,0.277378291,0,-0.353512555,0
25.97579384,-17.40555,1,-9.445083618,1,-13.27011681,1,-2.11236167,1,-3.905641556,1,2.223841906,1,-2.117153168,0,0.293742657,0,-0.34519875,0
25.97979164,-32.71987915,1,-7.25934267,1,-14.5138979,1,-1.626603603,1,-3.697182417,1,1.829940438,1,-2.12176609,0,0.308656991,0,-0.335791856,0
25.98379135,-31.37447929,1,-11.2278223,1,-18.24910927,1,-1.614557743,1,-2.867956638,1,1.636433244,1,-2.125694275,0,0.321478277,0,-0.327829599,0
25.98779297,-24.34300041,1,-12.7823801,1,-18.37468338,1,-1.702036262,1,-2.139148235,1,1.289011717,1,-2.130566359,0,0.331723273,0,-0.322213531,0
25.99179077,-17.15944672,1,-11.52432728,1,-16.69642639,1,-1.652979374,1,-1.769979835,1,0.956789374,1,-2.135854006,0,0.339615345,0,-0.317821205,0
25.99579048,-13.32212925,1,-9.595479965,1,-14.98120117,1,-1.535443664,1,-1.681902528,1,0.781688809,1,-2.140826464,0,0.346202195,0,-0.313640654,0
25.99979019,-13.19734001,1,-8.53224659,1,-14.22096348,1,-1.447024822,1,-1.637507081,1,0.742101252,1,-2.145332813,0,0.352345675,0,-0.30941543,0
26.0037899,-13.43540192,1,-7.997461319,1,-14.21006775,1,-1.413801074,1,-1.489164472,1,0.746766925,1,-2.149704933,0,0.358271301,0,-0.305529714,0
26.00778961,-12.40439892,1,-6.918633938,1,-13.78543377,1,-1.326492906,1,-1.29359138,1,0.705519736,1,-2.154053926,0,0.363773167,0,-0.302269101,0
26.01178932,-10.9076395,1,-6.00500679,1,-13.13962364,1,-1.146110058,1,-1.121224284,1,0.639267623,1,-2.158047915,0,0.368669212,0,-0.299555659,0
26.01578713,-9.57583046,1,-5.310077667,1,-12.54985046,1,-0.927417576,1,-0.964825511,1,0.575296819,1,-2.161368132,0,0.372998118,0,-0.297288805,0
26.01979256,-9.015944481,1,-4.97134161,1,-11.88624668,1,-0.735223949,1,-0.787540793,1,0.550147653,1,-2.164007902,0,0.376836687,0,-0.295478821,0
26.02379417,-8.208940506,1,-5.072983265,1,-11.28276253,1,-0.596969008,1,-0.589139521,1,0.537158251,1,-2.166244745,0,0.380182028,0,-0.294327796,0
26.02779198,-7.557545662,1,-5.28585434,1,-10.92319679,1,-0.505559742,1,-0.375273585,1,0.523756921,1,-2.168279171,0,0.383025497,0,-0.293889642,0
26.03179169,-6.830846786,1,-5.49134016,1,-10.32241535,1,-0.459295452,1,-0.152915165,1,0.514225066,1,-2.170320988,0,0.38534835,0,-0.294201851,0
26.0357933,-6.055980682,1,-5.634655952,1,-9.729673386,1,-0.45419085,1,0.080068491,1,0.500452638,1,-2.172558069,0,0.387110472,0,-0.295302927,0
26.03979111,-5.434440613,1,-5.509315014,1,-9.11627388,1,-0.47560361,1,0.308173507,1,0.496484905,1,-2.175124168,0,0.388312668,0,-0.297212064,0
26.04379082,-4.618627548,1,-5.369945049,1,-8.657694817,1,-0.5224244,1,0.540277839,1,0.482850939,1,-2.178133011,0,0.388957977,0,-0.299914598,0
26.04779244,-3.925373077,1,-5.072310925,1,-8.20640564,1,-0.593941092,1,0.763500273,1,0.462697715,1,-2.181667089,0,0.389019907,0,-0.303391993,0
26.05179024,-3.12289238,1,-4.864583492,1,-7.77038002,1,-0.667152166,1,0.972943246,1,0.446384549,1,-2.185771465,0,0.388509214,0,-0.307592064,0
26.05578995,-2.385230541,1,-4.582468033,1,-7.341903687,1,-0.755568266,1,1.163918614,1,0.422872454,1,-2.190450191,0,0.387451947,0,-0.312444687,0
26.05979157,-1.773651242,1,-4.206419468,1,-7.054158211,1,-0.840919793,1,1.33580637,1,0.403556168,1,-2.195688009,0,0.385877222,0,-0.317881286,0
26.06378937,-1.40637362,1,-3.762911797,1,-6.718523979,1,-0.922329426,1,1.495911837,1,0.382126153,1,-2.201447487,0,0.38381955,0,-0.323818743,0
26.06778908,-1.263332009,1,-3.346321106,1,-6.431245804,1,-0.995201528,1,1.670611739,1,0.359614909,1,-2.207687616,0,0.381272793,0,-0.330266923,0
26.0717907,-1.192505836,1,-2.95219779,1,-6.311973572,1,-1.049265265,1,1.863238811,1,0.347061008,1,-2.214370012,0,0.378184736,0,-0.337273002,0
26.0757885,-1.151226997,1,-2.680587769,1,-6.163572788,1,-1.073354006,1,2.05741477,1,0.335602403,1,-2.221417665,0,0.37454468,0,-0.344881952,0
26.07978821,-1.090253472,1,-2.242900133,1,-6.077618122,1,-1.085398078,1,2.26829052,1,0.325641096,1,-2.228736162,0,0.37032038,0,-0.353110671,0
26.08379173,-1.029153228,1,-1.869617701,1,-6.029653072,1,-1.07132268,1,2.47390604,1,0.315314114,1,-2.236242056,0,0.365505993,0,-0.361976445,0
26.08778763,-1.031825066,1,-1.534675837,1,-5.950153351,1,-1.032985449,1,2.693806171,1,0.310279906,1,-2.24383378,0,0.360080183,0,-0.371468037,0
26.09178734,-1.215476274,1,-1.125093341,1,-5.850235939,1,-0.960398138,1,2.917306423,1,0.294086605,1,-2.251374006,0,0.35399428,0,-0.381607771,0
26.09579086,-1.603129506,1,-0.726810932,1,-5.884662151,1,-0.857954085,1,3.168447256,1,0.255647272,1,-2.258724689,0,0.347159058,0,-0.392389476,0
26.09978867,-2.070095062,1,-0.333919823,1,-5.974371433,1,-0.731720269,1,3.444872618,1,0.199497476,1,-2.265750408,0,0.339435846,0,-0.403826118,0
26.10378838,-2.501066923,1,-0.116784774,1,-5.933299541,1,-0.577182889,1,3.733390808,1,0.123264708,1,-2.272346258,0,0.330706328,0,-0.415912569,0
26.10778999,-2.833652258,1,-0.00864427,1,-5.940574169,1,-0.432151467,1,4.040190697,1,0.040040031,1,-2.2784338,0,0.320891738,0,-0.428632319,0
26.1117878,-2.943048,1,-0.090209506,1,-5.867884159,1,-0.281282246,1,4.344471455,1,-0.048064396,1,-2.284006834,0,0.309942305,0,-0.44199726,0
26.1157856,-2.896010876,1,-0.265914857,1,-5.673138142,1,-0.148078188,1,4.627999306,1,-0.137712717,1,-2.289040089,0,0.29788515,0,-0.455933869,0
26.11978722,-2.737235069,1,-0.497397602,1,-5.479365349,1,-0.02834525,1,4.894811153,1,-0.227244824,1,-2.293542624,0,0.284760743,0,-0.470379621,0
26.12378502,-2.534475088,1,-0.645580173,1,-5.275658607,1,0.084574744,1,5.128959656,1,-0.312185466,1,-2.297506094,0,0.270658702,0,-0.48524648,0
26.12778473,-2.336973667,1,-0.756649792,1,-5.118307114,1,0.184295535,1,5.329210758,1,-0.405360937,1,-2.300915003,0,0.255660027,0,-0.500429392,0
26.13178635,-2.330357075,1,-0.850452483,1,-4.961891651,1,0.264045715,1,5.501004219,1,-0.49912706,1,-2.30378437,0,0.239840999,0,-0.515814066,0
26.13578606,-2.444895983,1,-1.018654585,1,-4.825709343,1,0.32228148,1,5.651683331,1,-0.599490345,1,-2.306154251,0,0.223267391,0,-0.531314433,0
26.1397953,-2.752786875,1,-1.204918265,1,-4.734370232,1,0.372318447,1,5.785189152,1,-0.698262572,1,-2.308066845,0,0.205978781,0,-0.546882451,0
26.14380264,-2.977952003,1,-1.513940811,1,-4.641171932,1,0.410188764,1,5.912474632,1,-0.803222418,1,-2.309556007,0,0.188010305,0,-0.562476873,0
26.14780808,-3.350589275,1,-1.701108694,1,-4.595618725,1,0.437291294,1,6.028800011,1,-0.912891328,1,-2.310627937,0,0.169383183,0,-0.578069329,0
26.15180779,-3.751863956,1,-1.765734673,1,-4.585851669,1,0.46151185,1,6.132478237,1,-1.030540347,1,-2.311301947,0,0.150109544,0,-0.593603015,0
26.1558094,-4.064478397,1,-1.671805024,1,-4.553287983,1,0.476406932,1,6.229511261,1,-1.162972689,1,-2.311584949,0,0.13018845,0,-0.609043479,0
26.15980721,-4.220624447,1,-1.520442724,1,-4.533515453,1,0.491682589,1,6.312014103,1,-1.296506405,1,-2.311474323,0,0.10963577,0,-0.624349535,0
26.16380692,-4.368925095,1,-1.479199886,1,-4.464918613,1,0.519561112,1,6.37622118,1,-1.43288672,1,-2.310953379,0,0.088473886,0,-0.639471948,0
26.16780853,-4.454807758,1,-1.337374687,1,-4.496741295,1,0.545742571,1,6.428498745,1,-1.577452064,1,-2.309985876,0,0.066751964,0,-0.65437454,0
26.17180634,-4.518629074,1,-1.249830842,1,-4.460318565,1,0.583057046,1,6.45337677,1,-1.717034101,1,-2.308545828,0,0.04453804,0,-0.669013619,0
26.17580605,-4.687709332,1,-1.150333405,1,-4.532773972,1,0.63405633,1,6.455681801,1,-1.853781462,1,-2.306586027,0,0.021903375,0,-0.683344841,0
26.17980766,-4.782182217,1,-0.986657858,1,-4.613293171,1,0.690839469,1,6.445161819,1,-1.983041048,1,-2.304089546,0,-0.001086653,0,-0.697353601,0
26.18380547,-4.987612724,1,-0.830950081,1,-4.708901882,1,0.753491402,1,6.426342487,1,-2.113582134,1,-2.301031351,0,-0.024390852,0,-0.711028397,0
26.18780518,-5.218708038,1,-0.67981565,1,-4.792247295,1,0.822393179,1,6.388817787,1,-2.240533113,1,-2.379616022,0,-0.05745963,0,-0.73423332,0
26.19180679,-5.44813776,1,-0.598846734,1,-4.902265072,1,0.89673841,1,6.352766991,1,-2.364722013,1,-2.375398397,0,-0.0822367,0,-0.745241284,0
26.1958046,-5.723337173,1,-0.626486182,1,-5.125854969,1,0.968049824,1,6.311226368,1,-2.481359482,1,-2.370657444,0,-0.107189588,0,-0.755922854,0
26.1998024,-6.000537395,1,-0.592256427,1,-5.381336689,1,1.047490835,1,6.269936562,1,-2.573857546,1,-2.365374088,0,-0.132257074,0,-0.766341507,0
26.20380402,-6.640152931,1,-0.508270979,1,-5.434222221,1,1.134517789,1,6.240830898,1,-2.658056498,1,-2.359536171,0,-0.157403752,0,-0.77658093,0
26.20780182,-7.376001835,1,-0.52368331,1,-5.535144329,1,1.234940529,1,6.236352921,1,-2.733840227,1,-2.353085518,0,-0.182680517,0,-0.786736131,0
26.21180153,-8.043791771,1,-0.694081604,1,-5.877909184,1,1.337696791,1,6.256920338,1,-2.805127621,1,-2.345955372,0,-0.208111987,0,-0.796923518,0
26.21580315,-8.717572212,1,-0.901881456,1,-6.150720119,1,1.42886734,1,6.291882515,1,-2.876706123,1,-2.338152885,0,-0.233753651,0,-0.807245851,0
26.21980095,-9.1697855,1,-1.134767652,1,-6.282923222,1,1.503826618,1,6.352758884,1,-2.949127436,1,-2.329707861,0,-0.259651273,0,-0.817782581,0
26.22380066,-9.417399406,1,-1.345758438,1,-6.464082241,1,1.560245156,1,6.419018269,1,-3.022841215,1,-2.320658684,0,-0.285847664,0,-0.828620553,0
26.22780228,-9.637405396,1,-1.55731225,1,-6.661537647,1,1.585129261,1,6.489219666,1,-3.095285416,1,-2.311075449,0,-0.31234467,0,-0.839794278,0
26.23180008,-9.54848671,1,-1.829124093,1,-6.780754089,1,1.59182322,1,6.541730881,1,-3.166172981,1,-2.3010149,0,-0.339112043,0,-0.851336837,0
26.23579979,-9.432021141,1,-2.064054966,1,-6.880478859,1,1.569594979,1,6.588936329,1,-3.22749114,1,-2.290569782,0,-0.366099238,0,-0.863258123,0
26.23980141,-9.144647598,1,-2.21152997,1,-7.006909847,1,1.526391983,1,6.612249374,1,-3.274689674,1,-2.279803276,0,-0.3932226,0,-0.87557292,0
26.24379921,-8.951847076,1,-2.239722013,1,-7.15874052,1,1.467176318,1,6.60366106,1,-3.317575693,1,-2.268817663,0,-0.420392215,0,-0.888229728,0
26.24779892,-8.873495102,1,-2.140815496,1,-7.237182617,1,1.412652373,1,6.579555035,1,-3.362925053,1,-2.257599831,0,-0.447516292,0,-0.901197731,0
26.25180054,-8.693293571,1,-1.910838842,1,-7.474177837,1,1.367490768,1,6.540162086,1,-3.401127815,1,-2.246147871,0,-0.474547029,0,-0.914455533,0
26.25579834,-8.646878242,1,-1.617199659,1,-7.661320686,1,1.332044125,1,6.473424911,1,-3.429537058,1,-2.234419823,0,-0.501402736,0,-0.927962184,0
26.25980377,-8.746945381,1,-1.408735633,1,-7.994897366,1,1.3159585,1,6.39650631,1,-3.447285414,1,-2.22235918,0,-0.528019607,0,-0.941716909,0
26.26380539,-8.873271942,1,-1.178126693,1,-8.190460205,1,1.32366395,1,6.318499088,1,-3.457082033,1,-2.209866524,0,-0.554356456,0,-0.95572871,0
26.26780319,-9.096840858,1,-1.093329072,1,-8.588223457,1,1.344015598,1,6.23802948,1,-3.468646288,1,-2.196860552,0,-0.580385745,0,-0.970015526,0
26.2718029,-9.514460564,1,-1.091141701,1,-8.957331657,1,1.388569355,1,6.161798,1,-3.47581172,1,-2.183224916,0,-0.606086254,0,-0.98464942,0
26.27580452,-10.11577415,1,-1.003550649,1,-9.556375504,1,1.443213582,1,6.104901791,1,-3.497809649,1,-2.168845654,0,-0.631511748,0,-0.999672055,0
26.27980232,-11.02232361,1,-1.04264617,1,-10.22277069,1,1.511708498,1,6.084722042,1,-3.527453661,1,-2.153613567,0,-0.656750798,0,-1.01521194,0
26.28380203,-11.99576759,1,-1.097622514,1,-10.84374142,1,1.571326375,1,6.110910892,1,-3.583438635,1,-2.137367249,0,-0.681944013,0,-1.031451583,0
26.28780365,-12.73742676,1,-1.244949937,1,-11.45965385,1,1.602536798,1,6.180127621,1,-3.643645048,1,-2.120018244,0,-0.707209945,0,-1.048624039,0
26.29180145,-12.98977089,1,-1.42327559,1,-11.95570183,1,1.61544013,1,6.263177395,1,-3.700469971,1,-2.10147357,0,-0.732603848,0,-1.066966295,0
26.29580116,-12.79252148,1,-1.612519383,1,-12.40837002,1,1.603136659,1,6.361491203,1,-3.756697655,1,-2.081664801,0,-0.758104861,0,-1.086673975,0
26.29980087,-12.56384373,1,-1.691170216,1,-12.66244411,1,1.582958937,1,6.439872742,1,-3.783341169,1,-2.060500145,0,-0.783627152,0,-1.107903242,0
26.30379868,-12.23697853,1,-1.647756696,1,-12.82088757,1,1.565613627,1,6.48465538,1,-3.8129282,1,-2.037903547,0,-0.809026241,0,-1.130703688,0
26.30780029,-12.10203934,1,-1.611230135,1,-12.95968342,1,1.552856326,1,6.522433281,1,-3.81130147,1,-2.013751507,0,-0.834170103,0,-1.155176282,0
26.3118,-12.07015133,1,-1.779513955,1,-13.07804012,1,1.540078282,1,6.529954433,1,-3.792840004,1,-1.987901926,0,-0.858886242,0,-1.181420565,0
26.31579971,-12.16146374,1,-2.05770278,1,-13.17179966,1,1.512906194,1,6.519788742,1,-3.748502016,1,-1.960313916,0,-0.883015752,0,-1.209496617,0
26.31979752,-12.35845566,1,-2.523251057,1,-13.32519245,1,1.464880824,1,6.490629196,1,-3.682932377,1,-1.930959105,0,-0.9063797,0,-1.239492297,0
26.32379913,-12.75352097,1,-3.104877472,1,-13.56251431,1,1.397535682,1,6.449761391,1,-3.608225346,1,-1.899820685,0,-0.928851843,0,-1.271490216,0
26.32779694,-13.14623833,1,-3.55487752,1,-13.83448982,1,1.318230391,1,6.404129505,1,-3.510774612,1,-1.866912127,0,-0.950313509,0,-1.305516839,0
26.33179665,-13.70665169,1,-3.999366283,1,-14.34871864,1,1.240472436,1,6.360548496,1,-3.401465654,1,-1.832166672,0,-0.970636785,0,-1.341684937,0
26.33580017,-14.77867413,1,-4.515130043,1,-14.78388119,1,1.179451346,1,6.332958698,1,-3.285299063,1,-1.795360804,0,-0.989712417,0,-1.380156636,0
26.33979607,-15.98411369,1,-6.01617527,1,-14.7726593,1,1.097847342,1,6.336052895,1,-3.236194134,1,-1.756374717,0,-1.007640004,0,-1.421067834,0
26.34379768,-16.74793625,1,-6.521772861,1,-15.07129383,1,0.920563519,1,6.361653328,1,-3.176915407,1,-1.715303659,0,-1.024472594,0,-1.464622736,0
26.3477993,-17.57107353,1,-6.107170105,1,-15.42747402,1,0.801746607,1,6.40721941,1,-3.112558365,1,-1.672061324,0,-1.040095806,0,-1.511031866,0
26.3517971,-18.30641937,1,-5.977602005,1,-14.96766853,1,0.804190218,1,6.434456825,1,-3.019831181,1,-1.626116514,0,-1.054349422,0,-1.560370207,0
26.35579681,-18.60363007,1,-5.279170513,1,-14.4186554,1,0.83043313,1,6.39523983,1,-2.937237501,1,-1.577646255,0,-1.067061067,0,-1.612155557,0
26.35979843,-19.29401016,1,-4.105242252,1,-13.86342144,1,0.90864253,1,6.30866003,1,-2.874351263,1,-1.527052641,0,-1.07821095,0,-1.665805697,0
26.36379623,-20.20851517,1,-3.052473783,1,-12.94388771,1,1.075003862,1,6.196504116,1,-2.787737131,1,-1.47457397,0,-1.087778449,0,-1.720744848,0
26.36779594,-21.04969215,1,-2.697548389,1,-11.45088768,1,1.311694503,1,6.040930748,1,-2.656027794,1,-1.420473456,0,-1.095589757,0,-1.776343584,0
26.37179756,-21.14131165,1,-2.770094872,1,-9.827436447,1,1.573574305,1,5.809304237,1,-2.467075348,1,-1.365447044,0,-1.101501226,0,-1.831662178,0
26.37579536,-21.15372467,1,-2.893194914,1,-8.187685013,1,1.812367201,1,5.502240181,1,-2.272389174,1,-1.310681701,0,-1.105505228,0,-1.885409236,0
26.3798008,-21.55019951,1,-2.760974646,1,-6.728864193,1,2.022713423,1,5.121697426,1,-2.062068224,1,-1.257365108,0,-1.107812643,0,-1.936445117,0
26.38380241,-21.92864037,1,-2.167056561,1,-5.270727158,1,2.203579187,1,4.689852238,1,-1.851236343,1,-1.206533432,0,-1.108660102,0,-1.983795762,0
26.38780022,-22.67995834,1,-1.026935697,1,-3.977393627,1,2.388457298,1,4.228306293,1,-1.643690586,1,-1.158892632,0,-1.108376265,0,-2.026762009,0
26.39179802,-23.80366135,1,0.714957237,1,-3.061842918,1,2.606070518,1,3.772046566,1,-1.482207656,1,-1.114572048,0,-1.107319474,0,-2.065139532,0
26.39579964,-24.92540932,1,2.894732952,1,-2.5482831,1,2.87309742,1,3.346721888,1,-1.364894271,1,-1.073174477,0,-1.10582757,0,-2.099188805,0
26.39979744,-26.29203796,1,4.617511272,1,-2.195316792,1,3.132979393,1,2.970434904,1,-1.332335472,1,-1.034054518,0,-1.104258776,0,-2.129520178,0
26.40379715,-27.51113319,1,5.82047987,1,-2.040774345,1,3.32703948,1,2.656526566,1,-1.383852005,1,-0.996518791,0,-1.1029284,0,-2.157057285,0
26.40779877,-28.65626717,1,5.572471619,1,-1.483924985,1,3.367456198,1,2.400987864,1,-1.484039545,1,-0.960183561,0,-1.102039814,0,-2.182716608,0
26.41179657,-29.01069069,1,4.462823391,1,-0.963763356,1,3.19313693,1,2.199295282,1,-1.601574659,1,-0.925163567,0,-1.10163331,0,-2.207204103,0
26.41579628,-28.81814194,1,3.352712393,1,-0.161335543,1,2.828407764,1,1.980881453,1,-1.70414114,1,-0.892021477,0,-1.101713896,0,-2.230811596,0
26.4197979,-28.31865501,1,2.697711229,1,0.709658444,1,2.311084747,1,1.723859787,1,-1.78263998,1,-0.8616274,0,-1.102339864,0,-2.253330469,0
26.4237957,-28.25191116,1,1.90920949,1,1.803139925,1,1.697053432,1,1.428292394,1,-1.790095448,1,-0.834853768,0,-1.103541613,0,-2.274324894,0
26.42779541,-29.03393555,1,1.192674398,1,2.90936923,1,1.054250598,1,1.112399817,1,-1.710802197,1,-0.812449813,0,-1.105237246,0,-2.293246031,0
26.43179703,-30.20458794,1,0.884552956,1,3.932858229,1,0.42413798,1,0.795234501,1,-1.551254869,1,-0.794949889,0,-1.107294798,0,-2.309512854,0
26.43579483,-31.47254753,1,1.260590196,1,5.075630188,1,-0.116847925,1,0.50397259,1,-1.325637341,1,-0.782523096,0,-1.109568,0,-2.32275486,0
26.43979454,-32.02507401,1,2.291637897,1,6.018973827,1,-0.50500524,1,0.222719863,1,-1.044236422,1,-0.833909214,0,-1.128491879,0,-2.270429611,0
26.44379616,-32.04728699,1,3.296952248,1,6.534399509,1,-0.718243241,1,-0.062055018,1,-0.729780197,1,-0.830822945,0,-1.130901456,0,-2.276594162,0
26.44779396,-31.67580605,1,3.75041151,1,6.701677322,1,-0.79336834,1,-0.363479614,1,-0.412971675,1,-0.83193934,0,-1.133161068,0,-2.27872777,0
26.45179367,-30.8055191,1,3.3414011,1,6.682204247,1,-0.7848773,1,-0.679666698,1,-0.11184793,1,-0.83691144,0,-1.135336041,0,-2.276728868,0
26.45579529,-29.65254974,1,2.347934484,1,6.29253149,1,-0.782494366,1,-1.015586734,1,0.130515426,1,-0.845578194,0,-1.137548566,0,-2.270623922,0
26.45979309,-28.59451866,1,1.004726529,1,5.910053253,1,-0.820543408,1,-1.341822386,1,0.315138042,1,-0.857787192,0,-1.139973402,0,-2.260690928,0
26.4637928,-28.34982491,1,-0.297952324,1,4.640040398,1,-0.896192789,1,-1.64009738,1,0.426553935,1,-0.873253167,0,-1.142707586,0,-2.247442007,0
26.46779442,-28.26843452,1,-1.621103287,1,3.526819944,1,-1.01555872,1,-1.886956096,1,0.467130423,1,-0.891636789,0,-1.145802736,0,-2.231434822,0
26.47179222,-28.10476685,1,-1.820028067,1,2.649153233,1,-1.133460879,1,-2.046515465,1,0.42549929,1,-0.912145615,0,-1.149287105,0,-2.213666916,0
26.47579193,-18.25625801,1,-1.943091989,1,-8.727267265,1,-1.138347626,1,-2.196483135,1,0.304838121,1,-0.933915734,0,-1.153182864,0,-2.194917202,0
26.47979164,40.94765091,1,9.650887489,1,-20.23866463,1,0.877631485,1,-2.042686939,1,0.110301472,1,-0.95077008,0,-1.157339573,0,-2.176777601,0
26.48379135,1.530109525,1,-7.267027855,1,-22.10547829,1,-0.142492965,1,-2.486638308,1,-0.177555248,1,-0.965928137,0,-1.162736058,0,-2.158307791,0
26.48779106,-2.662370205,1,-23.37419701,1,-29.24333,1,-0.987752438,1,-1.001641154,1,-0.895162523,1,-0.980249047,0,-1.168772221,0,-2.145386219,0
26.49179077,32.98274994,1,-20.81432152,1,-19.7425251,1,-0.440832198,1,-0.157697722,1,-0.825861096,1,-0.981173933,0,-1.172766805,0,-2.147744417,0
26.49578857,61.74445343,1,-17.73998833,1,-19.41683388,1,-0.314392924,1,-1.234971046,1,0.070169091,1,-0.985830665,0,-1.175507307,0,-2.144232273,0
26.49979401,59.63459778,1,-23.55753708,1,-20.46250725,1,-0.845566154,1,-2.70574522,1,1.006195664,1,-1.006350517,0,-1.177878618,0,-2.124181986,0
26.50379753,51.96742249,1,-25.3732872,1,-11.43855095,1,-1.7128582,1,-4.463562012,1,1.863542318,1,-1.048408628,0,-1.180343509,0,-2.084394932,0
26.50779533,53.38793945,1,-11.65089226,1,-11.77353954,1,-1.853153467,1,-6.808863163,1,2.611519814,1,-1.114301801,0,-1.182886839,0,-2.020917177,0
26.51179504,40.62562561,1,1.888436556,1,-18.16006279,1,-1.259194493,1,-8.761583328,1,3.642848492,1,-1.204300284,0,-1.184151292,0,-1.930934429,0
26.51579666,-6.864918232,1,1.899679303,1,-20.20981789,1,-1.055561423,1,-8.757472038,1,3.507278681,1,-1.301054001,0,-1.181021094,0,-1.830758929,0
26.51979446,-49.17789078,1,0.68561852,1,-20.7760582,1,-1.390991688,1,-8.496873856,1,2.393333435,1,-1.394645452,0,-1.177220345,0,-1.73506856,0
26.52379417,-42.79256439,1,11.33236027,1,-15.05349731,1,-0.965462208,1,-7.764595985,1,1.882280469,1,-1.47854507,0,-1.173196077,0,-1.649311066,0
26.52779579,-38.29712677,1,13.84122849,1,-12.85765743,1,-0.557798088,1,-7.510474205,1,1.668952584,1,-1.554672956,0,-1.167804956,0,-1.569937229,0
26.53179359,-30.31907845,1,12.35129166,1,-11.5816679,1,-0.109610118,1,-7.247337341,1,1.81611526,1,-1.624265552,0,-1.16038847,0,-1.495670676,0
26.5357933,-25.05841827,1,10.10400963,1,-15.25408268,1,0.41188857,1,-6.798280239,1,2.132722139,1,-1.68579793,0,-1.150127172,0,-1.427765727,0
26.53979492,-28.0651989,1,4.458034992,1,-17.99069977,1,0.636101723,1,-6.092932224,1,2.332700729,1,-1.7372154,0,-1.137661099,0,-1.368888259,0
26.54379273,-29.57667351,1,-1.51987958,1,-18.7303524,1,0.727749228,1,-5.081463814,1,2.594313145,1,-1.77725935,0,-1.123836517,0,-1.321617365,0
26.54779244,-29.99014091,1,-9.075572014,1,-16.77809906,1,0.657019317,1,-4.074132442,1,2.647948503,1,-1.806327224,0,-1.109558463,0,-1.286178112,0
26.55179405,-24.36248016,1,-11.293293,1,-12.78233337,1,0.487150073,1,-3.255455732,1,2.544528008,1,-1.826910019,0,-1.095883846,0,-1.260509968,0
26.55579186,-16.32349586,1,-13.40087223,1,-8.242154121,1,0.247775316,1,-2.840651751,1,2.404122829,1,-1.842881918,0,-1.083181858,0,-1.240831852,0
26.55979157,-10.14524269,1,-16.46625328,1,-5.427211285,1,0.042666122,1,-2.732622385,1,2.101756096,1,-1.857456684,0,-1.071431637,0,-1.223626494,0
26.56379318,-6.7111063,1,-18.37470055,1,-4.05038166,1,-0.202828184,1,-2.790049553,1,1.724859357,1,-1.872828484,0,-1.060899973,0,-1.20641017,0
26.56779099,-8.193379402,1,-20.68707466,1,-4.576684475,1,-0.585076272,1,-2.83354497,1,1.335875273,1,-1.890045404,0,-1.051650763,0,-1.188387752,0
26.5717907,-10.42770863,1,-21.03711319,1,-4.121682644,1,-0.992759228,1,-2.7282722,1,1.017338872,1,-1.90888536,0,-1.043577671,0,-1.170278788,0
26.57579231,-7.681051731,1,-18.33612823,1,-4.564561844,1,-1.379208803,1,-2.613683224,1,0.824968398,1,-1.928585291,0,-1.036550999,0,-1.152936578,0
26.57979012,-6.470184803,1,-12.77017307,1,-6.480868816,1,-1.688529134,1,-2.574453592,1,0.872995436,1,-1.948907733,0,-1.029686928,0,-1.136390448,0
26.58378983,-6.323274612,1,-5.748144627,1,-8.056277275,1,-1.891728163,1,-2.452699661,1,1.041404366,1,-1.969162703,0,-1.022330523,0,-1.121148467,0
26.58779144,-7.274872303,1,1.068310022,1,-10.06471252,1,-1.879224896,1,-2.314199448,1,1.233516097,1,-1.988028646,0,-1.014362335,0,-1.107885838,0
26.59178925,-9.015955925,1,4.206413746,1,-11.27727509,1,-1.757990479,1,-2.09962678,1,1.4031986,1,-2.004674435,0,-1.005908847,0,-1.096841931,0
26.59578896,-10.07524872,1,5.324669361,1,-11.86258507,1,-1.56210506,1,-1.886268377,1,1.543159366,1,-2.018635273,0,-0.997151494,0,-1.088165522,0
26.59979057,-11.20941925,1,3.420503139,1,-11.97738457,1,-1.402519345,1,-1.674377084,1,1.599005818,1,-2.030134678,0,-0.98834908,0,-1.081504226,0
26.60378838,-8.30739975,1,2.95247817,1,-9.76925087,1,-1.178909302,1,-1.484956861,1,1.493635654,1,-2.039545298,0,-0.980071068,0,-1.076521873,0
26.60778809,-6.912112713,1,-2.125067711,1,-8.824094772,1,-1.13487649,1,-1.486719489,1,1.375431657,1,-2.048099518,0,-0.972261429,0,-1.071754694,0
26.6117897,-4.929880142,1,-4.308172226,1,-7.603155613,1,-1.089376569,1,-1.537698507,1,1.271117926,1,-2.056719303,0,-0.964788437,0,-1.066653132,0
26.61578751,-4.512013912,1,-6.343882084,1,-7.547455311,1,-1.191619635,1,-1.586183906,1,1.185468197,1,-2.065855026,0,-0.957505882,0,-1.061049819,0
26.61979294,-3.326936722,1,-6.025696754,1,-7.421154499,1,-1.270233393,1,-1.650312543,1,1.140248418,1,-2.075662136,0,-0.950346529,0,-1.055080652,0
26.62379456,-3.12050724,1,-4.208629608,1,-8.204796791,1,-1.341912627,1,-1.715277672,1,1.128953695,1,-2.085976362,0,-0.943098426,0,-1.048812032,0
26.62779236,-3.844877243,1,-2.317867041,1,-9.029670715,1,-1.382427096,1,-1.738406658,1,1.148863554,1,-2.09653759,0,-0.935722113,0,-1.042476654,0
26.63179207,-6.320450783,1,-0.722041786,1,-10.06317139,1,-1.382660508,1,-1.699033737,1,1.169710279,1,-2.106927872,0,-0.928216457,0,-1.036447763,0
26.63579369,-7.754063606,1,0.971668363,1,-10.86505318,1,-1.351258397,1,-1.579571247,1,1.173783302,1,-2.116655588,0,-0.920829892,0,-1.031105757,0
26.63979149,-9.711467743,1,-0.411046058,1,-10.68172073,1,-1.329605341,1,-1.374091387,1,1.17159903,1,-2.125423908,0,-0.91373229,0,-1.02683115,0
26.6437912,-10.26319408,1,0.787977874,1,-10.67632294,1,-1.225760579,1,-1.182972074,1,1.091058016,1,-2.133042336,0,-0.907135308,0,-1.023707032,0
26.64779282,-8.555555344,1,0.049145129,1,-10.02637482,1,-1.151108623,1,-1.068241715,1,0.985342324,1,-2.13975668,0,-0.9012357,0,-1.02120018,0
26.65179062,-9.543707848,1,-0.700703144,1,-10.61331367,1,-1.049948812,1,-0.930106819,1,0.854785919,1,-2.145905018,0,-0.895943224,0,-1.018976092,0
26.65579033,-8.961681366,1,-1.663641334,1,-10.03087902,1,-0.974930465,1,-0.758288682,1,0.759025633,1,-2.15127635,0,-0.891428947,0,-1.017282605,0
26.65979195,-6.391702652,1,-1.283035517,1,-8.932804108,1,-0.894282341,1,-0.706220448,1,0.706697881,1,-2.15600872,0,-0.887386858,0,-1.016008019,0
26.66378975,-6.14125061,1,-1.642229438,1,-9.240674019,1,-0.830866754,1,-0.682304561,1,0.637862802,1,-2.160472155,0,-0.883599043,0,-1.014695525,0
26.66778946,-7.495973587,1,-1.014045358,1,-10.43250847,1,-0.742076635,1,-0.588667631,1,0.565108418,1,-2.164603949,0,-0.880164385,0,-1.013449669,0
26.67179298,-5.383467674,1,-1.435642004,1,-9.203193665,1,-0.696224272,1,-0.513913274,1,0.537458897,1,-2.168141842,0,-0.877141714,0,-1.012571812,0
26.67578888,-5.043198109,1,-2.082587242,1,-8.851167679,1,-0.63716346,1,-0.530500054,1,0.502820671,1,-2.171473503,0,-0.874226689,0,-1.011713624,0
26.67978668,-6.164128304,1,-2.60896945,1,-9.069339752,1,-0.606562734,1,-0.501018703,1,0.442136019,1,-2.174731016,0,-0.871494412,0,-1.01070857,0
26.68379021,-5.071987629,1,-2.106093645,1,-8.616985321,1,-0.571569681,1,-0.450514317,1,0.415244728,1,-2.177758455,0,-0.869028807,0,-1.009819984,0
26.6877861,-5.492381096,1,-1.983039975,1,-8.33193779,1,-0.529082537,1,-0.447055668,1,0.385395586,1,-2.217761278,0,-0.900996208,0,-0.948287368,0
26.69178581,-6.158979416,1,-1.86306572,1,-8.302729607,1,-0.494229853,1,-0.405833393,1,0.347855449,1,-2.220396757,0,-0.898795187,0,-0.947531819,0
26.69578934,-5.550034523,1,-1.593295336,1,-8.242033958,1,-0.444700271,1,-0.366501033,1,0.312839806,1,-2.222797871,0,-0.896815002,0,-0.9468593,0
26.69978714,-5.330850124,1,-1.14343226,1,-8.461789131,1,-0.388015658,1,-0.34428972,1,0.29114145,1,-2.224962473,0,-0.894994676,0,-0.94623214,0
26.70378685,-5.323730946,1,-1.296679854,1,-8.501364708,1,-0.346630931,1,-0.323695034,1,0.263143063,1,-2.226899624,0,-0.893290281,0,-0.945615828,0
26.70778847,-5.176112175,1,-1.588495851,1,-8.430643082,1,-0.304109156,1,-0.307189077,1,0.238734201,1,-2.228679895,0,-0.891720593,0,-0.945003688,0
26.71178627,-4.943651676,1,-1.996776223,1,-8.354747772,1,-0.283436894,1,-0.294140786,1,0.218324095,1,-2.230331659,0,-0.890265703,0,-0.944388032,0
26.71578598,-5.319247723,1,-2.200547218,1,-8.312379837,1,-0.261355907,1,-0.279879242,1,0.197018296,1,-2.231921196,0,-0.888905764,0,-0.943746686,0
26.7197876,-5.156745434,1,-2.2388134,1,-8.171837807,1,-0.25466308,1,-0.259449691,1,0.184484765,1,-2.233428717,0,-0.887643337,0,-0.943144381,0
26.7237854,-5.158193111,1,-1.870675087,1,-8.2847929,1,-0.23671782,1,-0.253262848,1,0.175236136,1,-2.234871387,0,-0.886438787,0,-0.94255507,0
26.72778511,-5.301297665,1,-1.69750762,1,-8.399973869,1,-0.212432921,1,-0.240411073,1,0.163176388,1,-2.236210108,0,-0.885293841,0,-0.941983402,0
26.73178673,-5.4001894,1,-1.636332393,1,-8.216639519,1,-0.195710272,1,-0.228196502,1,0.149709672,1,-2.237451315,0,-0.8842237,0,-0.941430867,0
26.73578453,-5.451688766,1,-1.75195384,1,-8.093385696,1,-0.168640703,1,-0.215989605,1,0.132243872,1,-2.238612413,0,-0.88323772,0,-0.940878868,0
26.73978996,-5.368568897,1,-1.827741742,1,-8.043927193,1,-0.151452571,1,-0.209235832,1,0.11856088,1,-2.239679813,0,-0.882325172,0,-0.940331519,0
26.74379158,-5.118125916,1,-1.876037598,1,-8.107528687,1,-0.134009749,1,-0.201363534,1,0.10841357,1,-2.24069643,0,-0.881463945,0,-0.939759076,0
26.74778938,-5.112388134,1,-1.95049417,1,-8.245132446,1,-0.112328805,1,-0.202222928,1,0.104138948,1,-2.241626501,0,-0.880632758,0,-0.939186573,0
26.75178909,-5.139906883,1,-1.904750586,1,-8.283514023,1,-0.09303309,1,-0.189435557,1,0.096895695,1,-2.242475986,0,-0.879826903,0,-0.938619673,0
26.75579071,-5.12168169,1,-1.853938818,1,-8.294255257,1,-0.072561182,1,-0.192156002,1,0.0909172,1,-2.243243694,0,-0.879050553,0,-0.938050866,0
26.75978851,-5.110464096,1,-1.894446731,1,-8.34141922,1,-0.055753719,1,-0.188479602,1,0.088632047,1,-2.243953943,0,-0.878300428,0,-0.937469363,0
26.76378822,-5.025825977,1,-1.955628991,1,-8.35104084,1,-0.042995341,1,-0.185176983,1,0.090143979,1,-2.244591951,0,-0.877556622,0,-0.936896265,0
26.76778984,-4.997780323,1,-2.121260405,1,-8.294586182,1,-0.024316745,1,-0.181876406,1,0.078902967,1,-2.245159864,0,-0.876823545,0,-0.936328828,0
26.77178764,-4.93441534,1,-2.163705111,1,-8.251867294,1,-0.015572717,1,-0.182576895,1,0.073828325,1,-2.245695829,0,-0.876121163,0,-0.935736358,0
26.77578735,-4.936745644,1,-2.108598471,1,-8.266897202,1,-0.002416173,1,-0.178184643,1,0.073087953,1,-2.246188641,0,-0.875443816,0,-0.935141325,0
26.77978897,-5.033899307,1,-2.103167772,1,-8.297006607,1,0.002121874,1,-0.172689825,1,0.069929108,1,-2.246641397,0,-0.874788225,0,-0.934555471,0
26.78378677,-5.05399847,1,-2.06968236,1,-8.252820015,1,0.009095945,1,-0.160458356,1,0.064499669,1,-2.24703598,0,-0.874165297,0,-0.934009552,0
26.78778648,-5.109838486,1,-2.100029707,1,-8.139028549,1,0.02163998,1,-0.152738884,1,0.063071422,1,-2.247373581,0,-0.873577476,0,-0.933483183,0
26.7917881,-5.153927326,1,-2.037128925,1,-8.117560387,1,0.033519685,1,-0.144021049,1,0.063555956,1,-2.247633457,0,-0.873003006,0,-0.93301034,0
26.7957859,-5.148163319,1,-1.979129076,1,-8.103478432,1,0.040720101,1,-0.13653031,1,0.059445098,1,-2.247826338,0,-0.872460961,0,-0.932568908,0
26.79978371,-5.03546381,1,-1.962143183,1,-8.098191261,1,0.052934114,1,-0.130435348,1,0.053213436,1,-2.24795866,0,-0.871951878,0,-0.932154834,0
26.80378532,-4.941652775,1,-1.897614002,1,-8.113241196,1,0.061580203,1,-0.122749776,1,0.047579415,1,-2.248048067,0,-0.871469259,0,-0.931739569,0
26.80778313,-4.965953827,1,-1.877640009,1,-8.118503571,1,0.070591398,1,-0.11878147,1,0.036175214,1,-2.248099089,0,-0.871032894,0,-0.931331635,0
26.81178284,-4.937792778,1,-1.830704451,1,-8.164754868,1,0.080459341,1,-0.113769263,1,0.031767849,1,-2.248118877,0,-0.870637178,0,-0.93091166,0
26.81578445,-4.994822979,1,-1.730708361,1,-8.219959259,1,0.091144256,1,-0.111733429,1,0.018359868,1,-2.24811101,0,-0.870275557,0,-0.930465639,0
26.81978226,-5.111960888,1,-1.657815576,1,-8.158392906,1,0.096536763,1,-0.106519379,1,0.005465224,1,-2.24809289,0,-0.869963706,0,-0.929989457,0
26.82378197,-5.19487524,1,-1.703857541,1,-8.141480446,1,0.110814869,1,-0.099047408,1,-0.008444685,1,-2.248064756,0,-0.869718313,0,-0.929480791,0
26.82778359,-5.201936245,1,-1.692558646,1,-8.101460457,1,0.11522983,1,-0.096376643,1,-0.023423474,1,-2.248034239,0,-0.869524896,0,-0.928931892,0
26.83178139,-5.200658321,1,-1.765740037,1,-8.020922661,1,0.124729231,1,-0.093209922,1,-0.029221192,1,-2.247989893,0,-0.869368076,0,-0.928361654,0
26.8357811,-5.068186283,1,-1.941038013,1,-8.012986183,1,0.122880504,1,-0.089136302,1,-0.036316615,1,-2.247922659,0,-0.869243324,0,-0.927802026,0
26.83978272,-5.036325455,1,-2.044913769,1,-7.96681118,1,0.124758676,1,-0.085230559,1,-0.035815395,1,-2.247844219,0,-0.869143426,0,-0.92724508,0
26.84378052,-5.082248211,1,-2.151347399,1,-8.013520241,1,0.129282489,1,-0.080853403,1,-0.037962593,1,-2.247741222,0,-0.869044542,0,-0.926711023,0
26.84778023,-5.088288784,1,-2.244707346,1,-7.983316422,1,0.121539302,1,-0.075490318,1,-0.031741776,1,-2.247636557,0,-0.868952394,0,-0.926199436,0
26.85178185,-5.017006397,1,-2.387782574,1,-8.039865494,1,0.122117624,1,-0.07480076,1,-0.033574861,1,-2.247517109,0,-0.86885649,0,-0.92571336,0
26.85577965,-5.012564659,1,-2.456750393,1,-8.003340721,1,0.112012513,1,-0.07236065,1,-0.026563317,1,-2.247397184,0,-0.868767738,0,-0.925248325,0
26.85978699,-4.959714413,1,-2.500528574,1,-7.954534531,1,0.110186197,1,-0.071149364,1,-0.023389501,1,-2.247293234,0,-0.86866802,0,-0.924803436,0
26.86378861,-4.939339161,1,-2.606751442,1,-7.929064751,1,0.097953267,1,-0.066593707,1,-0.016724639,1,-2.247197151,0,-0.868569314,0,-0.924382627,0
26.86778641,-4.836898804,1,-2.557335615,1,-7.906836033,1,0.086678036,1,-0.065409347,1,-0.015825227,1,-2.247112513,0,-0.868455589,0,-0.924009085,0
26.87178612,-4.810306072,1,-2.518027306,1,-7.954562664,1,0.082096316,1,-0.063411452,1,-0.004871623,1,-2.247026682,0,-0.868323505,0,-0.923659563,0
26.87578774,-4.758793831,1,-2.50237298,1,-8.02863884,1,0.073085137,1,-0.054795731,1,0.00733514,1,-2.246934414,0,-0.868174791,0,-0.923367679,0
26.87978554,-4.739675999,1,-2.487687826,1,-8.036946297,1,0.069345295,1,-0.05761658,1,0.008587461,1,-2.246837378,0,-0.868009806,0,-0.923115492,0
26.88378525,-4.851363659,1,-2.46538353,1,-7.987857342,1,0.060343869,1,-0.052322112,1,0.01824083,1,-2.246740818,0,-0.867834747,0,-0.922904372,0
26.88778687,-4.928248405,1,-2.453149796,1,-7.975375652,1,0.058097642,1,-0.046051681,1,0.018189875,1,-2.246626854,0,-0.867660344,0,-0.922737181,0
26.89178467,-4.973449707,1,-2.266236544,1,-7.955864429,1,0.052615181,1,-0.039760921,1,0.018327486,1,-2.246498585,0,-0.867499769,0,-0.92261517,0
26.89578438,-4.947844028,1,-2.232720137,1,-7.950497627,1,0.048664931,1,-0.02893392,1,0.024025675,1,-2.246346474,0,-0.867339432,0,-0.922540307,0
26.899786,-4.930830956,1,-2.11582303,1,-7.995718002,1,0.049385961,1,-0.025708698,1,0.018951343,1,-2.246183634,0,-0.867203653,0,-0.922492802,0
26.9037838,-4.974549294,1,-2.112668514,1,-7.98604393,1,0.050785415,1,-0.021895025,1,0.022089427,1,-2.246016979,0,-0.867074013,0,-0.922461212,0
26.90778351,-4.968269825,1,-2.203154802,1,-7.966119289,1,0.051202159,1,-0.017341919,1,0.020904861,1,-2.245830059,0,-0.866959453,0,-0.92244947,0
26.91178513,-4.890464306,1,-2.308764219,1,-8.030625343,1,0.047437578,1,-0.018882256,1,0.019903634,1,-2.245634556,0,-0.86685282,0,-0.92245084,0
26.91578293,-4.861090183,1,-2.345581532,1,-8.063831329,1,0.043817144,1,-0.013293688,1,0.017381283,1,-2.245452404,0,-0.866756022,0,-0.922459781,0
26.91978264,-4.871276379,1,-2.358943462,1,-8.099473,1,0.038482379,1,-0.012478246,1,0.01874239,1,-2.245284081,0,-0.86666131,0,-0.922470033,0
26.92378426,-4.864162445,1,-2.333933353,1,-8.140701294,1,0.038331043,1,-0.014684954,1,0.022829205,1,-2.245126724,0,-0.866561353,0,-0.922478199,0
26.92778206,-4.88060236,1,-2.265952587,1,-8.202155113,1,0.029360585,1,-0.016805477,1,0.018855322,1,-2.244987011,0,-0.86645484,0,-0.922486365,0
26.93178177,-4.811792374,1,-2.262961388,1,-8.236608505,1,0.034753207,1,-0.02073548,1,0.01791445,1,-2.244871378,0,-0.86634481,0,-0.922464609,0
26.93578339,-4.796363831,1,-2.26339674,1,-8.236596107,1,0.037146285,1,-0.022261895,1,0.021149948,1,-0.4318133,0,-1.098663449,0,-2.682044983,0
26.93978119,-4.822283268,1,-2.328729391,1,-8.26086235,1,0.02844356,1,-0.027865754,1,0.02442654,1,-0.417919159,0,-1.110384583,0,-2.671234846,0
26.9437809,-4.798476219,1,-2.444134474,1,-8.236402512,1,0.027420333,1,-0.030685788,1,0.031343471,1,-0.418125451,0,-1.110443354,0,-2.670876265,0
26.94778252,-4.844703674,1,-2.580406189,1,-8.23476696,1,0.025498293,1,-0.033649921,1,0.040806923,1,-0.418402731,0,-1.110504508,0,-2.670455933,0
26.95178032,-4.900928497,1,-2.73487258,1,-8.135746956,1,0.015351545,1,-0.031072276,1,0.046976171,1,-0.41875273,0,-1.110546589,0,-2.66997838,0
26.95578003,-4.97941494,1,-2.813852787,1,-8.065208435,1,0.000924905,1,-0.030029086,1,0.053141523,1,-0.419186294,0,-1.110574841,0,-2.669460773,0
26.95978165,-4.964999676,1,-2.64372015,1,-8.093672752,1,-0.011043102,1,-0.024861403,1,0.05870305,1,-0.41971004,0,-1.110580444,0,-2.668893814,0
26.96377945,-4.98367691,1,-2.544502974,1,-8.133048058,1,-0.024198122,1,-0.018877003,1,0.068723857,1,-0.420326173,0,-1.110562921,0,-2.668285131,0
26.96777916,-5.081897736,1,-2.482662439,1,-8.090801239,1,-0.026897773,1,-0.016296146,1,0.070395999,1,-0.420994341,0,-1.110512257,0,-2.667654276,0
26.97177887,-5.134670258,1,-2.357256651,1,-8.108769417,1,-0.036332071,1,-0.004785551,1,0.076745242,1,-0.42170468,0,-1.110432386,0,-2.667011976,0
26.97577667,-5.148947716,1,-2.371005774,1,-8.1416502,1,-0.042999916,1,-0.00287437,1,0.072410613,1,-0.422450751,0,-1.110328317,0,-2.666365385,0
26.97977638,-5.081772327,1,-2.400702715,1,-8.089952469,1,-0.048831116,1,0.003095947,1,0.084231533,1,-0.423219144,0,-1.110200047,0,-2.665715933,0
26.98378372,-5.047320843,1,-2.458805799,1,-8.069657326,1,-0.053508021,1,-0.001010637,1,0.081434496,1,-0.424039602,0,-1.11006403,0,-2.66503644,0
26.98778915,-4.940887451,1,-2.479703903,1,-8.128874779,1,-0.058629267,1,9.10E-05,1,0.09169288,1,-0.424895465,0,-1.109913111,0,-2.664333582,0
26.99178886,-4.993029118,1,-2.619431257,1,-8.160152435,1,-0.065565318,1,0.000483109,1,0.095041238,1,-0.425830841,0,-1.10975945,0,-2.663571119,0
26.99579048,-4.864346504,1,-2.638353825,1,-8.168528557,1,-0.072295099,1,-0.000171316,1,0.099425443,1,-0.426825911,0,-1.109595895,0,-2.662772894,0
26.99978828,-4.894462585,1,-2.608263016,1,-8.248093605,1,-0.079099774,1,0.003124493,1,0.108806446,1,-0.427879065,0,-1.109425783,0,-2.661934853,0
27.00378799,-4.811159134,1,-2.558598995,1,-8.263971329,1,-0.084811278,1,-0.002529893,1,0.112137221,1,-0.429030478,0,-1.109246016,0,-2.661026001,0
27.00778961,-4.850720882,1,-2.449986935,1,-8.336194038,1,-0.091692857,1,-0.016624557,1,0.117043316,1,-0.430264801,0,-1.109091401,0,-2.660040855,0
27.01178742,-4.935745239,1,-2.290293455,1,-8.350195885,1,-0.086440079,1,-0.019014301,1,0.125982329,1,-0.43156299,0,-1.108953834,0,-2.658992529,0
27.01578713,-4.882402897,1,-2.206799269,1,-8.346786499,1,-0.08974725,1,-0.027894452,1,0.134288475,1,-0.432953894,0,-1.108815193,0,-2.657835484,0
27.01978874,-4.961282253,1,-2.109285116,1,-8.386603355,1,-0.084667943,1,-0.032040551,1,0.142437845,1,-0.434374213,0,-1.108689427,0,-2.656631231,0
27.02378655,-4.905635357,1,-1.881292343,1,-8.358423233,1,-0.075990096,1,-0.037358422,1,0.143206298,1,-0.435857326,0,-1.108579278,0,-2.655338287,0
27.02778626,-4.885773659,1,-1.877164483,1,-8.396368027,1,-0.066237114,1,-0.043834656,1,0.140554845,1,-0.437317163,0,-1.108484745,0,-2.654020548,0
27.03178787,-4.844407558,1,-1.597511411,1,-8.291412354,1,-0.054588035,1,-0.055727106,1,0.135165259,1,-0.438720107,0,-1.108427882,0,-2.652718067,0
27.03578568,-4.942247868,1,-1.380283833,1,-8.260596275,1,-0.040259376,1,-0.055612192,1,0.132157192,1,-0.440067351,0,-1.108395815,0,-2.651406765,0
27.03978539,-5.045196533,1,-1.16911757,1,-8.239143372,1,-0.016874475,1,-0.056705307,1,0.120723717,1,-0.441308081,0,-1.108378291,0,-2.65015173,0
27.043787,-5.166218281,1,-1.034696937,1,-8.215744972,1,-0.000859969,1,-0.052068852,1,0.107375957,1,-0.442364097,0,-1.108382821,0,-2.649008036,0
27.04778481,-5.222294807,1,-1.191846609,1,-8.155381203,1,0.017349355,1,-0.052203216,1,0.092337132,1,-0.443220377,0,-1.108397245,0,-2.648009062,0
27.05178452,-5.362106323,1,-1.376558423,1,-8.187520981,1,0.030023349,1,-0.043870576,1,0.074081615,1,-0.443884611,0,-1.108426452,0,-2.647161484,0
27.05578613,-5.475056648,1,-1.630939484,1,-8.25368309,1,0.046435975,1,-0.03073935,1,0.058601968,1,-0.444341242,0,-1.108448029,0,-2.646471739,0
27.05978394,-5.491871357,1,-1.924507856,1,-8.382322311,1,0.054904912,1,-0.028908273,1,0.041680206,1,-0.444588363,0,-1.108468056,0,-2.645966291,0
27.06378365,-5.49006319,1,-2.218616009,1,-8.490983009,1,0.060721014,1,-0.024897708,1,0.030863587,1,-0.444703698,0,-1.10849762,0,-2.645573378,0
27.06778526,-5.402457237,1,-2.401300907,1,-8.546311378,1,0.069958471,1,-0.025268264,1,0.027988993,1,-0.444735765,0,-1.108541369,0,-2.645255566,0
27.07178307,-5.344902992,1,-2.68333602,1,-8.581263542,1,0.06786333,1,-0.023769435,1,0.022958348,1,-0.444732606,0,-1.108590007,0,-2.64496088,0
27.07578278,-5.28811121,1,-2.795541763,1,-8.569004059,1,0.067042455,1,-0.027460244,1,0.031244524,1,-0.444752246,0,-1.108627915,0,-2.644627094,0
27.07978439,-5.045869827,1,-2.922972918,1,-8.458431244,1,0.072364196,1,-0.024534365,1,0.044192817,1,-0.444833279,0,-1.108652115,0,-2.644226789,0
27.0837822,-4.823328018,1,-2.957302332,1,-8.426531792,1,0.072449803,1,-0.032508411,1,0.054114345,1,-0.445009679,0,-1.108672976,0,-2.643716097,0
27.08778191,-4.500899792,1,-3.153209448,1,-8.435991287,1,0.077907085,1,-0.054835215,1,0.065258786,1,-0.445283413,0,-1.108736873,0,-2.643071413,0
27.09178352,-4.395675659,1,-3.159569502,1,-8.619944572,1,0.075747207,1,-0.075605579,1,0.076142743,1,-0.445709914,0,-1.108849287,0,-2.642259836,0
27.09578133,-4.460395813,1,-2.961481333,1,-8.646942139,1,0.089404494,1,-0.091409326,1,0.088806383,1,-0.446267784,0,-1.109009981,0,-2.641265869,0
27.09977913,-4.694240093,1,-2.881392479,1,-8.529194832,1,0.09978094,1,-0.099907674,1,0.122181959,1,-0.446994692,0,-1.109173775,0,-2.640025139,0
27.10378838,-4.845079899,1,-2.775511265,1,-8.268240929,1,0.10315714,1,-0.102043487,1,0.149368003,1,-0.447914422,0,-1.109311104,0,-2.63854599,0
27.10778999,-4.923918247,1,-2.742179155,1,-8.069279671,1,0.108239569,1,-0.100717552,1,0.165120095,1,-0.448969513,0,-1.109408379,0,-2.636893511,0
27.11179352,-5.010613918,1,-2.630510807,1,-7.906633854,1,0.1182537,1,-0.084237039,1,0.181645021,1,-0.450100571,0,-1.109433889,0,-2.635124207,0
27.11579514,-5.161362648,1,-2.409179688,1,-7.81675005,1,0.124865957,1,-0.0717334,1,0.192982495,1,-0.451231956,0,-1.109393358,0,-2.633306026,0
27.11979294,-5.2299757,1,-2.16253376,1,-7.725382328,1,0.130135909,1,-0.052111588,1,0.203126132,1,-0.452377766,0,-1.109264135,0,-2.631449699,0
27.12379265,-5.33460474,1,-1.862939596,1,-7.736279964,1,0.155095294,1,-0.036963783,1,0.200333625,1,-0.453444391,0,-1.10906601,0,-2.629624844,0
27.12779427,-5.403663635,1,-1.780335546,1,-7.740619183,1,0.165888622,1,-0.023767324,1,0.199250117,1,-0.454363912,0,-1.108825803,0,-2.627871752,0
27.13179207,-5.414575577,1,-1.731838822,1,-7.765667915,1,0.171850786,1,-0.007295191,1,0.195245951,1,-0.455136657,0,-1.108533621,0,-2.62624979,0
27.13579178,-5.363582134,1,-1.785310626,1,-7.807117462,1,0.162348434,1,0.004959574,1,0.188182488,1,-0.455851555,0,-1.108206749,0,-2.624705553,0
27.1397934,-5.349475861,1,-1.807339072,1,-7.80482769,1,0.154082134,1,0.018022809,1,0.18416734,1,-0.456520349,0,-1.107836127,0,-2.623248816,0
27.1437912,-5.3089118,1,-1.864465833,1,-7.833757877,1,0.14841938,1,0.025592349,1,0.178058967,1,-0.45713383,0,-1.10744071,0,-2.621886969,0
27.147789,-5.237412453,1,-2.021198511,1,-7.830594063,1,0.137991577,1,0.037183225,1,0.159432814,1,-0.457663774,0,-1.107025862,0,-2.620650053,0
27.15179062,-5.235985756,1,-2.161629915,1,-7.871395588,1,0.116184376,1,0.037760574,1,0.143035248,1,-0.458113313,0,-1.106613517,0,-2.619572401,0
27.15578842,-5.245046616,1,-2.11062932,1,-7.8627882,1,0.099941224,1,0.04766544,1,0.125972047,1,-0.458481014,0,-1.106211782,0,-2.618677855,0
27.15978813,-5.233294487,1,-1.984778643,1,-7.89998436,1,0.082648255,1,0.052095108,1,0.098130792,1,-0.458757609,0,-1.105837107,0,-2.617971182,0
27.16378975,-5.215255737,1,-1.851780295,1,-7.996232986,1,0.061543565,1,0.049464095,1,0.073750414,1,-0.458895147,0,-1.105499268,0,-2.617488623,0
27.16778755,-5.180902004,1,-1.56634438,1,-8.059217453,1,0.051582046,1,0.051636927,1,0.047249891,1,-0.458916724,0,-1.105215311,0,-2.617210627,0
27.17178726,-5.182092667,1,-1.484686732,1,-8.074490547,1,0.049071275,1,0.050911944,1,0.017849712,1,-0.45877412,0,-1.104986548,0,-2.617144823,0
27.17578888,-5.202783585,1,-1.536619782,1,-8.067411423,1,0.039472457,1,0.042972937,1,-0.016286876,1,-0.45844391,0,-1.104816437,0,-2.617323399,0
27.17978668,-5.205887318,1,-1.5853616,1,-8.101335526,1,0.038326696,1,0.045574911,1,-0.043151539,1,-0.45792377,0,-1.104710102,0,-2.617736578,0
27.18378639,-5.207128048,1,-1.556405663,1,-8.082675934,1,0.040738225,1,0.04409818,1,-0.063468814,1,-0.457227111,0,-1.104644775,0,-2.618348598,0
27.18778801,-5.163341522,1,-1.778165936,1,-8.086091042,1,0.056283072,1,0.046153221,1,-0.078322895,1,0.026075128,0,-0.938300729,0,-2.916822433,0
27.19178581,-5.103011608,1,-2.049692392,1,-8.000576019,1,0.055836108,1,0.049384467,1,-0.084732689,1,0.026749693,0,-0.938091815,0,-2.917371273,0
27.19578552,-5.093586922,1,-2.359116554,1,-7.987434387,1,0.052966371,1,0.055525545,1,-0.083877154,1,0.027419234,0,-0.937871099,0,-2.917930841,0
27.19978714,-4.972047806,1,-2.496603966,1,-7.967365742,1,0.043978713,1,0.057841193,1,-0.078259751,1,0.028056327,0,-0.937632859,0,-2.918490171,0
27.20378494,-4.96768856,1,-2.584093571,1,-7.9333601,1,0.034655798,1,0.064604923,1,-0.073785715,1,0.028620193,0,-0.937373638,0,-2.918994427,0
27.20778465,-4.961602211,1,-2.595328331,1,-7.945616245,1,0.02123764,1,0.067820109,1,-0.07030648,1,0.029110951,0,-0.937105656,0,-2.919470072,0
27.21178627,-4.997252941,1,-2.507428408,1,-8.003807068,1,0.01130149,1,0.07417392,1,-0.066281624,1,0.029532956,0,-0.936816216,0,-2.919903517,0
27.21578407,-4.963776588,1,-2.379951477,1,-8.075715065,1,0.004461828,1,0.075700313,1,-0.058754984,1,0.029910559,0,-0.936510563,0,-2.920322657,0
27.21978378,-4.886304379,1,-2.250971079,1,-8.133917809,1,0.003633403,1,0.073173799,1,-0.055693947,1,0.03022928,0,-0.936209917,0,-2.920694351,0
27.22379112,-4.829241753,1,-2.198870897,1,-8.202282906,1,0.005339174,1,0.068526193,1,-0.053548507,1,0.030538708,0,-0.935913563,0,-2.921062469,0
27.22779465,-4.809287071,1,-2.179779768,1,-8.25343132,1,0.005545112,1,0.066937573,1,-0.051274739,1,0.030828251,0,-0.935636044,0,-2.921390772,0
27.23179436,-4.814384937,1,-2.21639514,1,-8.263968468,1,0.003291366,1,0.057666365,1,-0.048379641,1,0.03110572,0,-0.935393393,0,-2.921715736,0
27.23579407,-4.801077366,1,-2.202583313,1,-8.284640312,1,0.001713363,1,0.050807446,1,-0.048634846,1,0.03138398,0,-0.935168386,0,-2.922035456,0
27.23979187,-4.814612389,1,-2.279260159,1,-8.262500763,1,0.003946248,1,0.047358196,1,-0.044239219,1,0.031644482,1,-0.934968531,1,-2.922330856,1
27.24379158,-4.798399925,1,-2.256945372,1,-8.225922585,1,0.003937007,1,0.040863942,1,-0.040494267,1,0.031868368,1,-0.934797227,1,-2.922597885,1
27.24779511,-4.881205082,1,-2.266592741,1,-8.227531433,1,0.001012424,1,0.040463764,1,-0.035672802,1,0.032076698,1,-0.934634984,1,-2.922837496,1
27.251791,-4.884431839,1,-2.195195675,1,-8.253754616,1,0.001526874,1,0.032058969,1,-0.034269374,1,0.03225328,1,-0.934483647,1,-2.923053741,1
27.25579071,-4.911336422,1,-2.111500502,1,-8.237370491,1,0.002405856,1,0.029008614,1,-0.034421161,1,0.032426376,1,-0.934357643,1,-2.923261642,1
27.25979424,-4.932305336,1,-2.052049398,1,-8.269144058,1,0.008155406,1,0.021262079,1,-0.035610761,1,0.032639399,1,-0.934256911,1,-2.923493147,1
27.26379204,-4.935236931,1,-2.065334558,1,-8.285763741,1,0.011353846,1,0.018411739,1,-0.03890235,1,0.032878064,1,-0.934169352,1,-2.923734665,1
27.26779175,-4.902030945,1,-2.101412058,1,-8.276437759,1,0.020351175,1,0.012885123,1,-0.039287776,1,0.033136893,1,-0.934096217,1,-2.923982143,1
27.27179337,-4.882965565,1,-2.192178011,1,-8.246875763,1,0.016852796,1,0.010719707,1,-0.03898314,1,0.033417851,1,-0.934045911,1,-2.924242973,1
27.27579117,-4.90955162,1,-2.267003059,1,-8.201761246,1,0.019611599,1,0.007051826,1,-0.03704863,1,0.033705201,1,-0.934007406,1,-2.924501896,1
27.27979088,-4.903125763,1,-2.337740898,1,-8.237481117,1,0.01678326,1,-0.000767336,1,-0.03747138,1,0.033973843,1,-0.933995783,1,-2.924747944,1
27.2837925,-4.882066727,1,-2.382287741,1,-8.205424309,1,0.014428279,1,-0.002242736,1,-0.033166245,1,0.034233827,1,-0.933993876,1,-2.924988985,1
27.2877903,-4.913180828,1,-2.339939117,1,-8.169395447,1,0.008297597,1,-0.004817047,1,-0.0368223,1,0.034472488,1,-0.933994591,1,-2.925231934,1
27.29179001,-4.920750618,1,-2.412570238,1,-8.198478699,1,0.009799691,1,-0.007876746,1,-0.029343318,1,0.034694061,1,-0.934018195,1,-2.925453663,1
27.29579163,-4.934143066,1,-2.455711603,1,-8.117379189,1,0.002235529,1,-0.01245605,1,-0.029980857,1,0.034866508,1,-0.934058547,1,-2.925653934,1
27.29978943,-4.957616329,1,-2.453891993,1,-8.080658913,1,-0.001790349,1,-0.008865681,1,-0.026908278,1,0.03502861,1,-0.934093595,1,-2.925842285,1
27.30378914,-5.025684357,1,-2.432682753,1,-8.073642731,1,-0.01018395,1,-0.007193432,1,-0.023178384,1,0.035136729,1,-0.934120059,1,-2.926002979,1
27.30779076,-5.013283253,1,-2.452155113,1,-8.00513649,1,-0.015458538,1,-0.006990464,1,-0.023395613,1,0.035216179,1,-0.934141278,1,-2.926163197,1
27.31178856,-5.053524017,1,-2.330425501,1,-8.009711266,1,-0.015513918,1,-0.001104146,1,-0.018322121,1,0.035264213,1,-0.934158623,1,-2.926299334,1
27.31578827,-5.113105297,1,-2.230373859,1,-7.99469614,1,-0.015268026,1,0.002932991,1,-0.019422725,1,0.035308972,1,-0.934142649,1,-2.926438808,1
27.31978798,-5.063323498,1,-2.19615078,1,-7.993415356,1,-0.018804489,1,0.012189608,1,-0.025089346,1,0.035374694,1,-0.934099853,1,-2.926601171,1
27.32378578,-5.119575024,1,-2.175604105,1,-8.017034531,1,-0.014619542,1,0.019906156,1,-0.025217634,1,0.035423975,1,-0.934037626,1,-2.926755428,1
27.3277874,-5.067828655,1,-2.131271601,1,-8.054316521,1,-0.016935671,1,0.018224422,1,-0.023463659,1,0.035482414,1,-0.933964133,1,-2.926911831,1
27.33178711,-5.053953171,1,-2.219157219,1,-8.06526947,1,-0.009892517,1,0.027219428,1,-0.030580085,1,0.035565238,1,-0.933869541,1,-2.927087545,1
27.33578682,-5.040265083,1,-2.247992992,1,-8.117974281,1,-0.014306569,1,0.025027359,1,-0.028882168,1,0.035665765,1,-0.933760703,1,-2.927278757,1
27.33978462,-5.09941721,1,-2.274333477,1,-8.121557236,1,-0.01540735,1,0.026182134,1,-0.028699879,1,0.035758603,1,-0.933643579,1,-2.927463293,1
27.34379387,-5.033718109,1,-2.221200466,1,-8.213147163,1,-0.012154057,1,0.028386427,1,-0.03277497,1,0.035854343,1,-0.933535755,1,-2.927657127,1
27.34779739,-5.021664619,1,-2.185046673,1,-8.190037727,1,-0.006851881,1,0.029426357,1,-0.028201643,1,0.03596681,1,-0.933425903,1,-2.927848101,1
27.3517971,-5.035913467,1,-2.138659716,1,-8.211923599,1,-0.006950229,1,0.024463948,1,-0.03575683,1,0.036093,1,-0.933317363,1,-2.928048372,1
27.35579872,-5.03260231,1,-2.152703047,1,-8.193234444,1,-0.007885522,1,0.022887908,1,-0.039497964,1,0.036268707,1,-0.933221281,1,-2.928302526,1
27.35979652,-4.99748373,1,-2.12345624,1,-8.221169472,1,-0.005210963,1,0.020980019,1,-0.042319287,1,0.036458232,1,-0.93312782,1,-2.928570271,1
27.36379433,-4.984287739,1,-2.099326134,1,-8.202335358,1,0.001769496,1,0.015725052,1,-0.046923269,1,0.036682572,1,-0.933049321,1,-2.92885232,1
27.36779594,-5.033162117,1,-2.104775667,1,-8.186742783,1,0.002647194,1,0.017963972,1,-0.046281911,1,0.036933769,1,-0.93297267,1,-2.929153681,1
27.37179375,-4.964510441,1,-2.035104513,1,-8.180976868,1,0.006750799,1,0.011258226,1,-0.052637514,1,0.037212957,1,-0.932897627,1,-2.929484129,1
27.37579536,-4.983298302,1,-2.138783932,1,-8.181200027,1,0.009634816,1,0.013732122,1,-0.054649238,1,0.037543606,1,-0.932838142,1,-2.92985177,1
27.37979889,-4.994805813,1,-2.164847851,1,-8.156944275,1,0.012127094,1,0.009901978,1,-0.056398366,1,0.037881717,1,-0.932782173,1,-2.930224419,1
27.38379479,-4.944408894,1,-2.163159132,1,-8.186224937,1,0.011310453,1,0.009573491,1,-0.060262471,1,0.038230352,1,-0.932726145,1,-2.930605888,1
27.38779259,-4.933948517,1,-2.232770681,1,-8.138957024,1,0.009361359,1,0.00854239,1,-0.058103677,1,0.038598683,1,-0.932688415,1,-2.931006432,1
27.39179611,-4.978954792,1,-2.275408983,1,-8.140620232,1,0.008135097,1,0.010039184,1,-0.055968393,1,0.038947999,1,-0.932643414,1,-2.931391478,1
27.39579201,-4.945218086,1,-2.271843433,1,-8.110539436,1,0.009588329,1,0.011208324,1,-0.056841381,1,0.039294958,1,-0.932588577,1,-2.931772709,1
27.39979172,-4.976903439,1,-2.249701262,1,-8.083888054,1,0.007645205,1,0.007844938,1,-0.062861107,1,0.039651278,1,-0.932546854,1,-2.932163715,1
27.40379524,-5.019062042,1,-2.217500448,1,-8.076046944,1,0.012819287,1,0.012601072,1,-0.059147786,1,0.040005043,1,-0.932489336,1,-2.932549238,1
27.40779305,-5.058144093,1,-2.122396946,1,-8.039638519,1,0.011022824,1,0.015194273,1,-0.05638532,1,0.04034495,1,-0.932421446,1,-2.932926416,1
27.41179276,-5.088564873,1,-2.082230568,1,-8.026158333,1,0.015520652,1,0.020917401,1,-0.056837443,1,0.040719505,1,-0.932340682,1,-2.933324099,1
27.41579437,-5.089747429,1,-2.053827047,1,-8.052188873,1,0.018383676,1,0.025961546,1,-0.068654709,1,0.041125771,1,-0.93223381,1,-2.93374157,1
27.41979218,-5.107044697,1,-2.079045534,1,-8.041091919,1,0.022665033,1,0.029095981,1,-0.068394735,1,0.041559633,1,-0.932108104,1,-2.934185028,1
27.42379189,-5.044126987,1,-2.11763382,1,-8.046263695,1,0.027360242,1,0.033672806,1,-0.069941022,1,0.042026337,1,-0.931973755,1,-2.934638023,1
27.4277935,-5.001348972,1,-2.168761015,1,-8.09244442,1,0.02721208,1,0.0335203,1,-0.074866034,1,0.042510424,1,-0.931823969,1,-2.935104847,1
27.43179131,-5.001978874,1,-2.273384571,1,-8.148778915,1,0.027838347,1,0.03797299,1,-0.069552645,1,0.04299593,1,-0.931661129,1,-2.935566664,1
27.43579102,-4.922270298,1,-2.329568624,1,-8.162264824,1,0.027719714,1,0.039967403,1,-0.072532669,1,0.043483142,1,-0.931492567,1,-2.936032534,1
27.43979263,-4.928845406,1,-2.381093979,1,-8.170488358,1,0.026391808,1,0.03572974,1,-0.067556366,1,0.098942496,1,-0.802629828,1,-3.054008007,1
27.44379044,-4.915122509,1,-2.332198143,1,-8.177477837,1,0.0260015,1,0.038678765,1,-0.067513786,1,0.098213263,1,-0.803485394,1,-3.056652308,1
27.44779015,-4.909613609,1,-2.347049236,1,-8.151312828,1,0.021978809,1,0.035450865,1,-0.062296029,1,0.098557465,1,-0.803311467,1,-3.05700469,1
27.45179176,-4.94652462,1,-2.338049173,1,-8.169895172,1,0.02017442,1,0.039160844,1,-0.056464069,1,0.098872639,1,-0.803143144,1,-3.057332516,1
27.45578957,-4.974900723,1,-2.313494682,1,-8.171363831,1,0.01838042,1,0.03536468,1,-0.060335882,1,0.099161156,1,-0.802972138,1,-3.057634592,1
27.45978928,-4.940672874,1,-2.323940754,1,-8.127666473,1,0.019960834,1,0.037362453,1,-0.054038994,1,0.099451169,1,-0.802802622,1,-3.057934761,1
27.46379662,-4.983931065,1,-2.345733404,1,-8.134427071,1,0.018010756,1,0.037071355,1,-0.049257912,1,0.099734724,1,-0.802630544,1,-3.05821991,1
27.46780014,-4.955766201,1,-2.32212162,1,-8.096869469,1,0.015917396,1,0.04030598,1,-0.054431245,1,0.100013047,1,-0.802453518,1,-3.058505297,1
27.47179985,-4.978265285,1,-2.231079817,1,-8.101920128,1,0.021756275,1,0.041587412,1,-0.051273875,1,0.100287601,1,-0.802268982,1,-3.058782816,1
27.47580147,-4.953074455,1,-2.235005617,1,-8.097768784,1,0.017160442,1,0.043193724,1,-0.057088908,1,0.10056892,1,-0.802084267,1,-3.059070826,1
27.47979927,-4.986945152,1,-2.27325201,1,-8.066643715,1,0.02205056,1,0.041735262,1,-0.052690871,1,0.100851476,1,-0.801897109,1,-3.059364557,1
27.48379898,-5.012895584,1,-2.27738905,1,-8.102253914,1,0.020794861,1,0.04324865,1,-0.057319138,1,0.101153314,1,-0.801702201,1,-3.059664726,1
27.4878006,-4.957446575,1,-2.31371212,1,-8.096848488,1,0.023683598,1,0.04845031,1,-0.058113635,1,0.101456165,1,-0.801496208,1,-3.059968948,1
27.4917984,-4.926949501,1,-2.413779497,1,-8.128769875,1,0.021881141,1,0.050498612,1,-0.057128869,1,0.101757117,1,-0.801279664,1,-3.060273886,1
27.49579811,-4.950723648,1,-2.415495872,1,-8.112807274,1,0.020416813,1,0.053233225,1,-0.054630306,1,0.102038123,1,-0.801053762,1,-3.06056118,1
27.49979973,-4.911454678,1,-2.49566865,1,-8.075053215,1,0.015744578,1,0.049603079,1,-0.051303294,1,0.102294214,1,-0.800827384,1,-3.060823679,1
27.50379753,-4.947848797,1,-2.475059032,1,-8.084105492,1,0.009684988,1,0.047908802,1,-0.045637693,1,0.102520324,1,-0.800606906,1,-3.061073065,1
27.50779724,-4.895694733,1,-2.438732386,1,-8.085998535,1,0.004838068,1,0.05384538,1,-0.0434824,1,0.102712482,1,-0.800376177,1,-3.061298609,1
27.51179886,-4.937942028,1,-2.416282892,1,-8.116658211,1,0.008922582,1,0.053939581,1,-0.045085676,1,0.102904841,1,-0.800141335,1,-3.061525345,1
27.51579666,-4.939476967,1,-2.3088696,1,-8.082884789,1,0.004023232,1,0.059057217,1,-0.047660828,1,0.103080526,1,-0.79990387,1,-3.061742544,1
27.51979637,-4.93696022,1,-2.281862736,1,-8.058145523,1,0.009425127,1,0.055722225,1,-0.047709946,1,0.103285931,1,-0.799660623,1,-3.061983585,1
27.52379608,-4.970759392,1,-2.230478764,1,-8.073230743,1,0.008380267,1,0.058307745,1,-0.048537422,1,0.103488237,1,-0.799416304,1,-3.062231302,1
27.52779388,-4.962389469,1,-2.239377022,1,-8.055448532,1,0.011804982,1,0.055850949,1,-0.05360001,1,0.103714295,1,-0.799170613,1,-3.062500715,1
27.53179741,-4.96539259,1,-2.180296421,1,-8.021553993,1,0.010493232,1,0.053862397,1,-0.060516521,1,0.103976116,1,-0.798925459,1,-3.062798023,1
27.53579712,-4.961951733,1,-2.152611256,1,-8.02054882,1,0.013709198,1,0.05422809,1,-0.065980203,1,0.104259856,1,-0.798684478,1,-3.063125372,1
27.53979302,-4.943683624,1,-2.146716118,1,-8.027109146,1,0.017999386,1,0.052804142,1,-0.073426954,1,0.104600787,1,-0.798449576,1,-3.063499928,1
27.54379273,-4.975802422,1,-2.175238848,1,-7.992887497,1,0.020524768,1,0.049482945,1,-0.082202464,1,0.104977749,1,-0.798214674,1,-3.063915014,1
27.54779625,-4.967916965,1,-2.184617996,1,-8.035902023,1,0.019978147,1,0.047208242,1,-0.090693451,1,0.10538657,1,-0.79798305,1,-3.064373255,1
27.55179405,-5.008429527,1,-2.19833684,1,-8.015205383,1,0.020162184,1,0.046929229,1,-0.099366188,1,0.10582678,1,-0.797752559,1,-3.06487608,1
27.55579376,-4.964887142,1,-2.240129471,1,-8.01603508,1,0.022253418,1,0.044934239,1,-0.104518071,1,0.106303684,1,-0.797533512,1,-3.065429926,1
27.55979729,-4.92675972,1,-2.282669544,1,-8.137717247,1,0.020565348,1,0.041902516,1,-0.109292544,1,0.106801681,1,-0.797315001,1,-3.066006184,1
27.56379509,-4.978151798,1,-2.328723669,1,-8.139690399,1,0.019303245,1,0.046625849,1,-0.107666001,1,0.107307434,1,-0.797089219,1,-3.066602468,1
27.5677948,-4.924144745,1,-2.302980423,1,-8.167782784,1,0.017508915,1,0.051497307,1,-0.110253558,1,0.10779658,1,-0.796845794,1,-3.067192316,1
27.57179642,-4.900307178,1,-2.34312582,1,-8.179546356,1,0.01368848,1,0.056405123,1,-0.111184701,1,0.108281121,1,-0.796590805,1,-3.067786455,1
27.57579422,-4.850745201,1,-2.389243603,1,-8.198831558,1,0.010518446,1,0.05232811,1,-0.10608083,1,0.108757347,1,-0.796333969,1,-3.068392277,1
27.57979393,-4.967623711,1,-2.385728598,1,-8.213123322,1,-0.000287815,1,0.058523919,1,-0.108602919,1,0.109193064,1,-0.796061039,1,-3.068972111,1
27.58380127,-4.910336971,1,-2.454819202,1,-8.188946724,1,0.003705092,1,0.062438767,1,-0.105898671,1,0.109597541,1,-0.795770347,1,-3.069535732,1
27.58780479,-4.965581894,1,-2.465522051,1,-8.188970566,1,-0.006414203,1,0.068352573,1,-0.095845006,1,0.109980457,1,-0.795467496,1,-3.070071459,1
27.5918045,-4.941705704,1,-2.454942703,1,-8.140472412,1,-0.009700252,1,0.072352238,1,-0.099242844,1,0.110308364,1,-0.795136094,1,-3.070579052,1
27.59580421,-4.964696407,1,-2.468796253,1,-8.144091606,1,-0.015469162,1,0.080483787,1,-0.0954118,1,0.110613927,1,-0.794798136,1,-3.071080208,1
27.59980202,-5.003739357,1,-2.508030653,1,-8.14323616,1,-0.023541935,1,0.084739037,1,-0.091151834,1,0.110871308,1,-0.794432998,1,-3.071569443,1
27.60380364,-5.015722275,1,-2.487403631,1,-8.132822037,1,-0.029039498,1,0.085071757,1,-0.091434926,1,0.111100808,1,-0.794055581,1,-3.072043896,1
27.60780525,-4.903342247,1,-2.437602758,1,-8.157758713,1,-0.037111726,1,0.090792447,1,-0.090468757,1,0.111295082,1,-0.793666959,1,-3.072499514,1
27.61180306,-5.014475822,1,-2.461960077,1,-8.222040176,1,-0.043283068,1,0.094566718,1,-0.088489577,1,0.111450747,1,-0.79325664,1,-3.072940826,1
27.61580086,-4.999978065,1,-2.404543161,1,-8.292984009,1,-0.043739334,1,0.1036589,1,-0.081726864,1,0.111575849,1,-0.79281646,1,-3.073352337,1
27.61980248,-5.03127718,1,-2.348335028,1,-8.278219223,1,-0.038659036,1,0.114081763,1,-0.077462293,1,0.111694433,1,-0.792350292,1,-3.073735714,1
27.62380028,-5.016764164,1,-2.323966265,1,-8.310894966,1,-0.035663422,1,0.118786268,1,-0.07639648,1,0.111813098,1,-0.791855931,1,-3.074108601,1
27.62779999,-5.001577854,1,-2.289334297,1,-8.251315117,1,-0.033456165,1,0.12220151,1,-0.078381881,1,0.111929245,1,-0.791348279,1,-3.074464083,1
27.63180161,-4.97772646,1,-2.343776703,1,-8.229943275,1,-0.032302126,1,0.124298736,1,-0.07918261,1,0.112059198,1,-0.790831089,1,-3.074832678,1
27.63580132,-4.86866951,1,-2.357083559,1,-8.23956871,1,-0.027440688,1,0.128238216,1,-0.081420697,1,0.112219542,1,-0.790296555,1,-3.075217962,1
27.63979912,-4.868543148,1,-2.429685116,1,-8.280622482,1,-0.03206737,1,0.129496753,1,-0.084843509,1,0.112377577,1,-0.789754748,1,-3.075605154,1
27.64380074,-4.856270313,1,-2.457776785,1,-8.206933022,1,-0.039318681,1,0.133343711,1,-0.080050685,1,0.112512827,1,-0.789199471,1,-3.075978756,1
27.64779854,-4.78442049,1,-2.513538361,1,-8.223946571,1,-0.038081188,1,0.134155169,1,-0.081238002,1,0.112624012,1,-0.788633764,1,-3.076348066,1
27.65179825,-4.728684425,1,-2.491677523,1,-8.199299812,1,-0.04390613,1,0.130835965,1,-0.074475214,1,0.112711012,1,-0.788077831,1,-3.076707125,1
27.65580177,-4.564679146,1,-2.504987955,1,-8.125630379,1,-0.044976246,1,0.125875026,1,-0.07050135,1,0.112770066,1,-0.787528276,1,-3.077037334,1
27.65979767,-4.513214588,1,-2.459926367,1,-8.277647018,1,-0.046660103,1,0.119019337,1,-0.071688473,1,0.112806827,1,-0.787016451,1,-3.077345371,1
27.66379738,-4.483856201,1,-2.433189392,1,-8.416585922,1,-0.051278874,1,0.115642808,1,-0.058423273,1,0.112817183,1,-0.786518574,1,-3.077636719,1
27.6678009,-4.507038593,1,-2.410117149,1,-8.390616417,1,-0.050769303,1,0.106446438,1,-0.058511365,1,0.112802275,1,-0.786057711,1,-3.077899456,1
27.67179871,-4.622464657,1,-2.43771553,1,-8.412501335,1,-0.048064966,1,0.097070634,1,-0.054445561,1,0.112794206,1,-0.785632014,1,-3.078165054,1
27.67579842,-4.649622917,1,-2.419307947,1,-8.448005676,1,-0.046118926,1,0.090060204,1,-0.050520036,1,0.11277499,1,-0.785234332,1,-3.078404188,1
27.67980003,-4.635745525,1,-2.434741497,1,-8.426961899,1,-0.038967825,1,0.083923489,1,-0.048255112,1,0.112750635,1,-0.784863591,1,-3.078629494,1
27.68379784,-4.660353184,1,-2.399292469,1,-8.430735588,1,-0.042570349,1,0.083180167,1,-0.044303603,1,0.112726644,1,-0.784505844,1,-3.078835011,1
27.68779755,-4.635453701,1,-2.30454731,1,-8.402902603,1,-0.03725576,1,0.076557048,1,-0.041427679,1,0.160310656,1,-0.723923326,1,-3.10834074,1
27.69179916,-4.672517776,1,-2.267951965,1,-8.398788452,1,-0.029602494,1,0.070579864,1,-0.038095098,1,0.160274521,1,-0.723601818,1,-3.108487368,1
27.69579697,-4.698883533,1,-2.216808796,1,-8.407532692,1,-0.026160881,1,0.069579937,1,-0.041194949,1,0.16025427,1,-0.723294139,1,-3.108627796,1
27.69979477,-4.720943451,1,-2.178498745,1,-8.412865639,1,-0.020607695,1,0.062394977,1,-0.0402519,1,0.160260439,1,-0.723003745,1,-3.108781576,1
27.70380211,-4.746860504,1,-2.234935999,1,-8.37931633,1,-0.013257464,1,0.062609173,1,-0.035633046,1,0.160281166,1,-0.722732365,1,-3.108920336,1
27.70780563,-4.759185314,1,-2.206157684,1,-8.354772568,1,-0.011252898,1,0.059579249,1,-0.03901865,1,0.160328552,1,-0.722471416,1,-3.109073162,1
27.71180534,-4.800680637,1,-2.205012083,1,-8.325957298,1,-0.005341057,1,0.057695176,1,-0.03816843,1,0.160385445,1,-0.722222447,1,-3.109219551,1
27.71580696,-4.771537781,1,-2.227411747,1,-8.296285629,1,-0.002562566,1,0.056749843,1,-0.037810273,1,0.160466745,1,-0.721975803,1,-3.109379053,1
27.71980476,-4.827574253,1,-2.239962339,1,-8.268753052,1,-0.003718577,1,0.054358132,1,-0.039872877,1,0.160558194,1,-0.721739531,1,-3.109540462,1
27.72380447,-4.819257259,1,-2.275131226,1,-8.231790543,1,0.000711645,1,0.051839616,1,-0.042226028,1,0.160651833,1,-0.721500218,1,-3.109697342,1
27.72780609,-4.803720951,1,-2.305208206,1,-8.225296974,1,-0.003721335,1,0.05320796,1,-0.040923089,1,0.160757169,1,-0.721262455,1,-3.109875202,1
27.73180389,-4.833291054,1,-2.261785746,1,-8.25647068,1,-0.001303882,1,0.059272204,1,-0.042467248,1,0.160850555,1,-0.721008182,1,-3.110041618,1
27.7358036,-4.838625908,1,-2.309155703,1,-8.214733124,1,-0.007890627,1,0.056696694,1,-0.043796089,1,0.160949588,1,-0.720752597,1,-3.110213757,1
27.73980522,-4.820474625,1,-2.34047699,1,-8.229748726,1,-0.007102344,1,0.065461211,1,-0.04503724,1,0.161045685,1,-0.720483184,1,-3.1103971,1
27.74380302,-4.831950188,1,-2.351084948,1,-8.241438866,1,-0.007421968,1,0.064027473,1,-0.048286997,1,0.16114223,1,-0.720198214,1,-3.11058569,1
27.74780273,-4.816305637,1,-2.386914253,1,-8.231553078,1,-0.007270483,1,0.065489478,1,-0.046722975,1,0.161239684,1,-0.7199108,1,-3.110781431,1
27.75180244,-4.789517403,1,-2.380080938,1,-8.239999771,1,-0.00986035,1,0.070008636,1,-0.049027983,1,0.161331668,1,-0.719611883,1,-3.110967159,1
27.75580025,-4.709381104,1,-2.374670744,1,-8.229190826,1,-0.005570393,1,0.068175443,1,-0.043570276,1,0.161414623,1,-0.719309092,1,-3.111148596,1
27.75979996,-4.597428799,1,-2.384744644,1,-8.237548828,1,-0.007681056,1,0.064817488,1,-0.047284029,1,0.16151315,1,-0.719012439,1,-3.11133337,1
27.76380158,-4.57831049,1,-2.394592524,1,-8.310605049,1,-0.005689513,1,0.058145784,1,-0.044243246,1,0.16160658,1,-0.718741417,1,-3.111521244,1
27.76779938,-4.513633728,1,-2.461080551,1,-8.397224426,1,-0.007106695,1,0.056540981,1,-0.040955584,1,0.161681727,1,-0.718489349,1,-3.111685514,1
27.77179909,-4.578670025,1,-2.54552269,1,-8.35249424,1,-0.009016024,1,0.04854776,1,-0.034921993,1,0.161746472,1,-0.718256474,1,-3.111835003,1
27.77580071,-4.648938179,1,-2.521155119,1,-8.365619659,1,-0.003331411,1,0.043478131,1,-0.030193094,1,0.161804989,1,-0.718054116,1,-3.111972094,1
27.77979851,-4.668386459,1,-2.496162176,1,-8.343812943,1,-0.012863202,1,0.036114108,1,-0.029371999,1,0.161839932,1,-0.71786356,1,-3.112092257,1
27.78379822,-4.691646576,1,-2.446488619,1,-8.36782074,1,-0.007566941,1,0.041988082,1,-0.026227575,1,0.161872327,1,-0.717690051,1,-3.112204313,1
27.78779984,-4.726363659,1,-2.339277506,1,-8.388455391,1,-0.011220739,1,0.038492601,1,-0.027153317,1,0.161896557,1,-0.717519164,1,-3.112309217,1
27.79179764,-4.703506947,1,-2.246408463,1,-8.367099762,1,-0.00611028,1,0.035933957,1,-0.024070464,1,0.161927208,1,-0.717360616,1,-3.112401962,1
27.79579735,-4.705579281,1,-2.228146315,1,-8.308652878,1,-4.70E-06,1,0.035737045,1,-0.021942914,1,0.161964685,1,-0.717196524,1,-3.112484217,1
27.79979897,-4.728981018,1,-2.208193302,1,-8.309274673,1,0.001262371,1,0.034192134,1,-0.023369338,1,0.162028715,1,-0.717038512,1,-3.112574339,1
27.80379677,-4.724558353,1,-2.246344328,1,-8.324921608,1,0.004593473,1,0.036387015,1,-0.02547038,1,0.162112623,1,-0.716896236,1,-3.112673998,1
27.80779648,-4.729371071,1,-2.257321358,1,-8.343969345,1,0.01089272,1,0.032046042,1,-0.025301673,1,0.162214741,1,-0.716755033,1,-3.112776518,1
27.8117981,-4.707258224,1,-2.262886047,1,-8.354763031,1,0.012395273,1,0.032322273,1,-0.0291311,1,0.162338376,1,-0.716620266,1,-3.112891436,1
27.8157959,-4.675228596,1,-2.306206226,1,-8.347506523,1,0.018670455,1,0.023318417,1,-0.026512977,1,0.162479848,1,-0.716490209,1,-3.113008738,1
27.8197937,-4.734707355,1,-2.402374744,1,-8.291692734,1,0.018817823,1,0.024798077,1,-0.024239764,1,0.162632123,1,-0.716375113,1,-3.113123894,1
27.82380295,-4.690423489,1,-2.472971201,1,-8.262875557,1,0.019470844,1,0.025183905,1,-0.027006846,1,0.162779048,1,-0.716256201,1,-3.113234282,1
27.82780647,-4.703615189,1,-2.485026598,1,-8.249637604,1,0.01788158,1,0.029816775,1,-0.026135389,1,0.162927687,1,-0.716133177,1,-3.113341331,1
27.83180618,-4.666029453,1,-2.537914753,1,-8.243565559,1,0.01541187,1,0.027794581,1,-0.023852687,1,0.163058147,1,-0.716017425,1,-3.113446712,1
27.8358078,-4.699820042,1,-2.532912493,1,-8.307012558,1,0.008117762,1,0.025404273,1,-0.013739618,1,0.163153782,1,-0.715900123,1,-3.113530874,1
27.8398056,-4.676114082,1,-2.516857862,1,-8.284653664,1,0.002750717,1,0.025130125,1,-0.016311383,1,0.163216025,1,-0.715777516,1,-3.113596678,1
27.84380531,-4.720238209,1,-2.496167898,1,-8.30629158,1,0.001278265,1,0.022657573,1,-0.017177541,1,0.163262665,1,-0.715675175,1,-3.113660812,1
27.84780693,-4.663727283,1,-2.473416328,1,-8.308601379,1,-0.0059743,1,0.027223924,1,-0.00980732,1,0.163273022,1,-0.715567589,1,-3.113699436,1
27.85180473,-4.686849117,1,-2.442123175,1,-8.283190727,1,-0.004322074,1,0.024232108,1,-0.009557158,1,0.163288116,1,-0.715471506,1,-3.11374402,1
27.85580444,-4.697124481,1,-2.416113853,1,-8.322241783,1,-0.003880894,1,0.018339867,1,-0.008378807,1,0.163288504,1,-0.715374827,1,-3.113774776,1
27.85980606,-4.648169041,1,-2.402119637,1,-8.326112747,1,-0.005688592,1,0.025199518,1,-0.004941989,1,0.163274184,1,-0.715281308,1,-3.113781214,1
27.86380386,-4.660702705,1,-2.344687223,1,-8.301015854,1,-0.003686151,1,0.019171907,1,-0.00537826,1,0.163268521,1,-0.715194464,1,-3.113795042,1
27.86780357,-4.658474445,1,-2.354003429,1,-8.352968216,1,0.00085928,1,0.019249417,1,-0.010062612,1,0.163271084,1,-0.715115666,1,-3.113817215,1
27.87180519,-4.675282478,1,-2.323319912,1,-8.324251175,1,-0.002191566,1,0.017188089,1,-0.00689546,1,0.163285673,1,-0.715038776,1,-3.113842964,1
27.87580299,-4.687037468,1,-2.36121726,1,-8.342132568,1,-0.00194083,1,0.018438524,1,-0.006863012,1,0.163300604,1,-0.714970052,1,-3.11387229,1
27.8798027,-4.703904152,1,-2.291344166,1,-8.359297752,1,0.003318978,1,0.017928381,1,-0.011216919,1,0.163331732,1,-0.714897215,1,-3.11390543,1
27.88380432,-4.661263943,1,-2.355295181,1,-8.360862732,1,0.007559313,1,0.012780382,1,-0.009620098,1,0.163369715,1,-0.714833379,1,-3.113938808,1
27.88780212,-4.670448303,1,-2.453744173,1,-8.423523903,1,0.004594454,1,0.007566228,1,-0.007141191,1,0.163419232,1,-0.714785218,1,-3.113971949,1
27.89180183,-4.620215893,1,-2.486746788,1,-8.348727226,1,0.012588589,1,0.002280724,1,-0.002893101,1,0.163478702,1,-0.714761198,1,-3.114009857,1
27.89580345,-4.681311131,1,-2.543531656,1,-8.337810516,1,0.008001678,1,-0.002632952,1,-0.008112976,1,0.163536891,1,-0.714758754,1,-3.114043951,1
27.89980125,-4.716207504,1,-2.557454824,1,-8.277986526,1,0.006636003,1,-0.004231159,1,-0.002119853,1,0.163575247,1,-0.714770973,1,-3.114062548,1
27.90379906,-4.720274925,1,-2.417881012,1,-8.255543709,1,0.005020356,1,-0.003408284,1,-0.000234223,1,0.163609013,1,-0.714781761,1,-3.114068508,1
27.90780067,-4.731349945,1,-2.332641602,1,-8.252619743,1,0.008936347,1,-0.001889772,1,-0.002537737,1,0.163658485,1,-0.714791179,1,-3.114089251,1
27.91179848,-4.803264618,1,-2.344971418,1,-8.261336327,1,0.004608231,1,0.004359744,1,-0.002662409,1,0.163690627,1,-0.714784384,1,-3.114104748,1
27.9158001,-4.769090176,1,-2.328170776,1,-8.24244976,1,0.00353021,1,0.009455418,1,-0.003072817,1,0.163717926,1,-0.714746773,1,-3.11411953,1
27.91979981,-4.771013737,1,-2.39089036,1,-8.230138779,1,0.006454411,1,0.018768476,1,-0.003082685,1,0.163742483,1,-0.714685619,1,-3.114127398,1
27.92379761,-4.772986412,1,-2.375773907,1,-8.233906746,1,0.012769701,1,0.019037208,1,-0.003789247,1,0.163784653,1,-0.714610398,1,-3.11413908,1
27.92779732,-4.740244865,1,-2.37596488,1,-8.216543198,1,0.009089117,1,0.021501886,1,-0.00471601,1,0.163826853,1,-0.714521527,1,-3.114137173,1
27.93179894,-4.719180107,1,-2.378120899,1,-8.21988678,1,0.012854638,1,0.031280063,1,0.002422072,1,0.163860485,1,-0.714413464,1,-3.114112616,1
27.93579674,-4.729291916,1,-2.446115255,1,-8.217778206,1,0.021225628,1,0.033542145,1,0.010364778,1,0.18796964,1,-0.673631132,1,-3.131106138,1
27.93979645,-4.677795887,1,-2.462882042,1,-8.264256477,1,0.024955533,1,0.037679866,1,0.012005609,1,0.187299013,1,-0.674133658,1,-3.13376379,1
27.9438057,-4.682770252,1,-2.424651861,1,-8.223257065,1,0.029485393,1,0.03861573,1,0.020212669,1,0.18733798,1,-0.674000084,1,-3.133642912,1
27.94780922,-4.686293602,1,-2.371525526,1,-8.223417282,1,0.030889157,1,0.04097062,1,0.021787256,1,0.187368125,1,-0.673853457,1,-3.13350606,1
27.95180893,-4.719029903,1,-2.316675663,1,-8.243704796,1,0.028097376,1,0.043548129,1,0.016140817,1,0.187399745,1,-0.673698008,1,-3.13336134,1
27.95581055,-4.668824673,1,-2.309587479,1,-8.243569374,1,0.026951013,1,0.046931434,1,0.011637382,1,0.187430561,1,-0.673531413,1,-3.133245468,1
27.95980835,-4.711913109,1,-2.308126688,1,-8.238126755,1,0.019430405,1,0.046493504,1,0.010342718,1,0.187468171,1,-0.67335695,1,-3.133143425,1
27.96380806,-4.696142673,1,-2.357703209,1,-8.229922295,1,0.019515334,1,0.048359543,1,0.011044459,1,0.18749021,1,-0.673175454,1,-3.133049965,1
27.96780968,-4.682932854,1,-2.431314468,1,-8.228527069,1,0.012311631,1,0.051313076,1,0.009043889,1,0.187492758,1,-0.672979116,1,-3.132966518,1
27.97180748,-4.651888371,1,-2.42697525,1,-8.238740921,1,0.003718357,1,0.05665236,1,0.004926848,1,0.187473983,1,-0.672774613,1,-3.132890701,1
27.97580719,-4.639715195,1,-2.444553852,1,-8.28818512,1,0.002536102,1,0.056124378,1,0.003476657,1,0.187437743,1,-0.672569692,1,-3.132809639,1
27.97980881,-4.627427101,1,-2.428531647,1,-8.29074192,1,-0.001428978,1,0.054060124,1,0.007728224,1,0.187386483,1,-0.672359228,1,-3.132730484,1
27.98380661,-4.647837639,1,-2.385488272,1,-8.328433037,1,0.002155705,1,0.052105434,1,0.004820455,1,0.187334672,1,-0.672153056,1,-3.132642508,1
27.98780441,-4.637410641,1,-2.346052885,1,-8.351825714,1,0.001642948,1,0.053035207,1,0.01141277,1,0.187282249,1,-0.671963036,1,-3.132555962,1
27.99180603,-4.630598068,1,-2.369758606,1,-8.353467941,1,0.003498635,1,0.039831795,1,0.009016495,1,0.187233716,1,-0.671774805,1,-3.132466078,1
27.99580383,-4.616039753,1,-2.410326481,1,-8.390927315,1,0.005787438,1,0.038448989,1,0.002671092,1,0.187208861,1,-0.671630561,1,-3.132396221,1
