Time,inertial-6253.76535:estCompensatedAccelX,inertial-6253.76535:estCompensatedAccelX:valid,inertial-6253.76535:estCompensatedAccelY,inertial-6253.76535:estCompensatedAccelY:valid,inertial-6253.76535:estCompensatedAccelZ,inertial-6253.76535:estCompensatedAccelZ:valid,inertial-6253.76535:estAngularRateX,inertial-6253.76535:estAngularRateX:valid,inertial-6253.76535:estAngularRateY,inertial-6253.76535:estAngularRateY:valid,inertial-6253.76535:estAngularRateZ,inertial-6253.76535:estAngularRateZ:valid,inertial-6253.76535:estRoll,inertial-6253.76535:estRoll:valid,inertial-6253.76535:estPitch,inertial-6253.76535:estPitch:valid,inertial-6253.76535:estYaw,inertial-6253.76535:estYaw:valid
0,-5.265577793,1,-1.615652204,1,-8.142664909,1,-0.000708606,1,-0.002037057,1,0.003492319,1,0.175678879,1,-0.581256926,1,-0.031435732,1
0.003999744,-5.253951073,1,-1.620882392,1,-8.135085106,1,-0.00214497,1,-0.001433599,1,0.005532622,1,0.175666168,1,-0.581264019,1,-0.031418942,1
0.00800128,-5.272706509,1,-1.606667638,1,-8.139093399,1,0.000329427,1,-0.001546162,1,0.003167478,1,0.175650656,1,-0.581275105,1,-0.031398393,1
0.011998976,-5.275455952,1,-1.602732182,1,-8.120394707,1,-0.0011523,1,-0.003331533,1,0.006431034,1,0.175636485,1,-0.581292748,1,-0.031386502,1
0.015998464,-5.263640881,1,-1.603711009,1,-8.124461174,1,0.000721149,1,-0.005779671,1,0.005666521,1,0.175618172,1,-0.581312835,1,-0.031365249,1
0.02,-5.274838924,1,-1.648280978,1,-8.143375397,1,-0.000560656,1,-0.006070944,1,0.001533915,1,0.175621822,1,-0.581332684,1,-0.031353749,1
0.023997696,-5.283215046,1,-1.595159173,1,-8.141188622,1,0.000935347,1,-0.003868262,1,0.006701355,1,0.175608307,1,-0.58134979,1,-0.031333536,1
0.028003328,-5.279896259,1,-1.595346212,1,-8.14396286,1,-0.002837895,1,-0.003908132,1,0.004047929,1,0.175593331,1,-0.581369162,1,-0.031314041,1
0.03200512,-5.269049644,1,-1.597590208,1,-8.121082306,1,-0.002158936,1,-0.007707259,1,0.005597209,1,0.175578803,1,-0.581387877,1,-0.031295557,1
0.036002815,-5.288937569,1,-1.593279004,1,-8.131396294,1,0.002864153,1,-0.002610753,1,0.003945028,1,0.175570264,1,-0.581402838,1,-0.031285439,1
0.040002305,-5.320448399,1,-1.603997827,1,-8.144576073,1,-0.000889385,1,-0.004437,1,0.007102713,1,0.175946727,1,-0.581143022,1,-0.031186286,1
0.044004351,-5.288348675,1,-1.571033716,1,-8.108528137,1,-0.000852847,1,-0.003922039,1,0.003179492,1,0.175917745,1,-0.581085443,1,-0.032052077,1
0.048002303,-5.254529476,1,-1.573857188,1,-8.100827217,1,-0.000134272,1,-0.003087512,1,0.003764781,1,0.175915673,1,-0.581098497,1,-0.032041654,1
0.052001793,-5.301971436,1,-1.621358395,1,-8.122476578,1,0.002891139,1,-0.004767258,1,0.001235193,1,0.175916269,1,-0.581122518,1,-0.032027058,1
0.056003328,-5.29419136,1,-1.588190436,1,-8.112324715,1,0.000973373,1,-0.005945069,1,0.0019074,1,0.175913736,1,-0.581144989,1,-0.032014817,1
0.06000077,-5.269465446,1,-1.572374582,1,-8.121352196,1,0.001614041,1,-0.003704845,1,0.001460363,1,0.175912187,1,-0.581160545,1,-0.032000776,1
0.06400051,-5.27268362,1,-1.622799635,1,-8.161318779,1,-0.000121186,1,-0.000889867,1,0.004668422,1,0.175903291,1,-0.581175566,1,-0.031986788,1
0.068002306,-5.249392986,1,-1.607958317,1,-8.124286652,1,0.001793453,1,-0.004780209,1,0.003382409,1,0.175902531,1,-0.581194818,1,-0.031973414,1
0.071999997,-5.238853455,1,-1.634579062,1,-8.117843628,1,-0.000388893,1,-0.005286657,1,0.002350246,1,0.175896555,1,-0.581213713,1,-0.031957582,1
0.075999491,-5.250086784,1,-1.612760425,1,-8.118485451,1,0.001474989,1,-0.004570162,1,0.004403336,1,0.175897419,1,-0.5812307,1,-0.031940915,1
0.080001026,-5.278342724,1,-1.58766067,1,-8.114115715,1,0.001136775,1,-0.001520099,1,0.00282743,1,0.175897643,1,-0.581249535,1,-0.031930082,1
0.083998464,-5.246749401,1,-1.612563491,1,-8.122461319,1,0.001761842,1,-0.006502298,1,0.004855478,1,0.17588748,1,-0.581269145,1,-0.03190903,1
0.087998211,-5.289328575,1,-1.623399496,1,-8.103993416,1,-0.000583268,1,-0.00922568,1,0.001988396,1,0.175878122,1,-0.581290245,1,-0.031895496,1
0.091999747,-5.284179688,1,-1.628388405,1,-8.142390251,1,-0.000268177,1,-0.000659561,1,0.006621232,1,0.175863087,1,-0.581311584,1,-0.031871211,1
0.095997438,-5.279212475,1,-1.611775637,1,-8.104597092,1,0.002240835,1,-0.004677149,1,0.006423524,1,0.175843954,1,-0.581331789,1,-0.03184187,1
0.099996924,-5.247315884,1,-1.600545883,1,-8.117977142,1,-0.002929732,1,-0.002812908,1,0.007727044,1,0.175826192,1,-0.581350565,1,-0.031812944,1
0.103998467,-5.301945686,1,-1.608194351,1,-8.118577957,1,0.003049263,1,-0.006180515,1,0.003797778,1,0.175824225,1,-0.581370294,1,-0.03179235,1
0.107996158,-5.261765003,1,-1.583271384,1,-8.125127792,1,-0.001699524,1,-0.003899566,1,0.003996971,1,0.175813809,1,-0.581390023,1,-0.03176973,1
0.111995645,-5.302375317,1,-1.588507295,1,-8.120090485,1,-0.002150616,1,-0.000337831,1,0.005818754,1,0.175798014,1,-0.581415355,1,-0.031753939,1
0.11599718,-5.297842979,1,-1.600374579,1,-8.159132004,1,0.00106884,1,-0.007085924,1,0.003229753,1,0.175783202,1,-0.581434429,1,-0.031735387,1
0.119994879,-5.289464474,1,-1.601328015,1,-8.125007629,1,-0.002549818,1,-0.002440871,1,0.006400244,1,0.175769597,1,-0.581453621,1,-0.031711102,1
0.123994365,-5.281375885,1,-1.581659794,1,-8.128814697,1,0.000365833,1,-0.003717981,1,0.006844886,1,0.175755501,1,-0.581468463,1,-0.031692103,1
0.127996162,-5.289127827,1,-1.590604424,1,-8.130379677,1,0.0013495,1,-0.001773076,1,0.005022341,1,0.175745115,1,-0.581479847,1,-0.031661801,1
0.13199386,-5.288599014,1,-1.601553798,1,-8.118156433,1,-0.001740586,1,-0.001511543,1,0.006255077,1,0.175736904,1,-0.581491351,1,-0.031649757,1
0.135993347,-5.279559135,1,-1.601911187,1,-8.129906654,1,-0.00143328,1,-0.003510719,1,0.003091511,1,0.175722435,1,-0.581507564,1,-0.031629425,1
0.139995143,-5.306240082,1,-1.600826144,1,-8.138524055,1,-0.001237142,1,-0.000155197,1,0.004403595,1,0.175709262,1,-0.581521153,1,-0.031610545,1
0.143992826,-5.259787083,1,-1.625075459,1,-8.133379936,1,-0.000430547,1,-0.002089154,1,0.007009415,1,0.175699264,1,-0.581531048,1,-0.031589862,1
0.148004353,-5.288536549,1,-1.580691457,1,-8.126895905,1,-0.000419256,1,-0.004372796,1,0.001913388,1,0.175685242,1,-0.581538737,1,-0.031572923,1
0.152012035,-5.274053574,1,-1.584929109,1,-8.1297369,1,0.003401894,1,-0.001424823,1,0.005852717,1,0.175681025,1,-0.58155477,1,-0.031557005,1
0.15601562,-5.296963692,1,-1.634910345,1,-8.128113747,1,0.000417439,1,-0.00055483,1,0.002565735,1,0.175675571,1,-0.581567705,1,-0.031536054,1
0.160015106,-5.264160156,1,-1.580685258,1,-8.104821205,1,-0.000173944,1,-0.001777971,1,0.004062797,1,0.175669625,1,-0.581579506,1,-0.031530444,1
0.164016634,-5.296716213,1,-1.578657866,1,-8.106674194,1,0.004203071,1,0.002378949,1,0.005063187,1,0.175665498,1,-0.581587195,1,-0.03151343,1
0.168014333,-5.266129494,1,-1.602615833,1,-8.15226078,1,0.000656094,1,-0.006703936,1,0.004916538,1,0.175659508,1,-0.581600189,1,-0.031499077,1
0.172014087,-5.269700527,1,-1.611338735,1,-8.122172356,1,3.31E-05,1,-0.002126458,1,0.007410351,1,0.175649986,1,-0.581620276,1,-0.031471096,1
0.176015869,-5.274900436,1,-1.626885891,1,-8.143058777,1,-0.001788727,1,-0.00259581,1,0.001323093,1,0.175650001,1,-0.581635058,1,-0.03146093,1
0.180013567,-5.276345253,1,-1.609567523,1,-8.128695488,1,0.001699412,1,-0.004111806,1,0.002876972,1,0.175649062,1,-0.581656992,1,-0.031451318,1
0.184013307,-5.293744087,1,-1.611682177,1,-8.113653183,1,0.002621845,1,-0.004439345,1,0.00509574,1,0.175642818,1,-0.58166647,1,-0.031429105,1
0.18801485,-5.304776669,1,-1.625194788,1,-8.11689949,1,0.001405304,1,-0.005903609,1,0.003926948,1,0.175647303,1,-0.581689596,1,-0.031411164,1
0.192012548,-5.285060406,1,-1.614510059,1,-8.087989807,1,0.003388121,1,-0.001415625,1,0.004278,1,0.175642669,1,-0.581703246,1,-0.031396251,1
0.196012035,-5.277935505,1,-1.596741915,1,-8.133475304,1,0.00088756,1,-0.007521745,1,0.004889531,1,0.175632194,1,-0.581718206,1,-0.031372607,1
0.200013563,-5.282873631,1,-1.623769999,1,-8.150797844,1,-0.001382289,1,-0.002017481,1,0.002748105,1,0.175616607,1,-0.58173269,1,-0.031353317,1
0.204011261,-5.268312931,1,-1.593730807,1,-8.170761108,1,0.001608932,1,-0.002743205,1,0.004350181,1,0.175612181,1,-0.581749201,1,-0.031341944,1
0.208010748,-5.296504021,1,-1.613793135,1,-8.110281944,1,-0.000144257,1,-0.004133343,1,0.003845962,1,0.175600126,1,-0.581764936,1,-0.031325351,1
0.212012291,-5.29405117,1,-1.585284948,1,-8.120960236,1,-0.003042872,1,-0.006688908,1,0.004548165,1,0.175586253,1,-0.581782103,1,-0.031306282,1
0.216009989,-5.275731087,1,-1.576452851,1,-8.14359951,1,-5.66E-05,1,-0.004761925,1,0.001268744,1,0.175577328,1,-0.581801414,1,-0.031291056,1
0.220009476,-5.288086891,1,-1.586647272,1,-8.120480537,1,0.005649867,1,-0.005126559,1,0.004081643,1,0.175570145,1,-0.581819713,1,-0.031277556,1
0.224011004,-5.303507328,1,-1.584938169,1,-8.106801987,1,-0.000302284,1,-0.00058184,1,0.004581129,1,0.175568357,1,-0.581837654,1,-0.031264164,1
0.228008702,-5.286144733,1,-1.591537595,1,-8.136785507,1,-0.001274877,1,-0.002829341,1,0.005004553,1,0.175567687,1,-0.58185631,1,-0.031252731,1
0.232008189,-5.280812263,1,-1.586310267,1,-8.116153717,1,0.002587853,1,-0.001771829,1,0.001499931,1,0.175554603,1,-0.581872463,1,-0.031234151,1
0.236009985,-5.305981636,1,-1.608618736,1,-8.106161118,1,0.000905742,1,-0.001896196,1,0.005374913,1,0.175556511,1,-0.581882954,1,-0.031222293,1
0.240007684,-5.286814213,1,-1.591884732,1,-8.103790283,1,-0.004671917,1,-0.002367601,1,0.005284178,1,0.175544843,1,-0.581894457,1,-0.031208696,1
0.244006917,-5.27617979,1,-1.613136172,1,-8.141994476,1,0.003151033,1,-0.002788085,1,0.006085618,1,0.175530657,1,-0.58190906,1,-0.03119329,1
0.248008445,-5.295639992,1,-1.59832263,1,-8.150435448,1,0.001062309,1,-0.000764473,1,0.002633077,1,0.175523952,1,-0.581917226,1,-0.031173328,1
0.252006143,-5.256799698,1,-1.623907804,1,-8.099118233,1,-0.00141238,1,-6.66E-05,1,0.003871248,1,0.175519377,1,-0.581924736,1,-0.031161845,1
0.256005883,-5.302014351,1,-1.589913964,1,-8.105600357,1,0.000433575,1,-0.001328038,1,0.005421567,1,0.175502926,1,-0.581935763,1,-0.031140603,1
0.260007411,-5.265458584,1,-1.547556758,1,-8.120559692,1,0.000549372,1,-0.002963576,1,0.004034351,1,0.175493523,1,-0.581950009,1,-0.031122351,1
0.264005125,-5.261706352,1,-1.593483448,1,-8.147120476,1,0.002472386,1,-0.001666156,1,0.002054486,1,0.175493836,1,-0.581964254,1,-0.03110693,1
0.268010765,-5.276586533,1,-1.581752777,1,-8.113050461,1,0.003675566,1,-0.001524015,1,0.008669723,1,0.175486967,1,-0.581969798,1,-0.031085681,1
0.272012532,-5.270339012,1,-1.616441488,1,-8.133681297,1,0.000544589,1,-0.003417448,1,0.001834999,1,0.175483987,1,-0.581987202,1,-0.031068187,1
0.276010245,-5.295669556,1,-1.596869707,1,-8.093876839,1,0.002982284,1,-0.008095884,1,0.004049644,1,0.175487623,1,-0.58200264,1,-0.03105825,1
0.280009717,-5.268017769,1,-1.620576978,1,-8.108917236,1,0.000228081,1,-0.002824481,1,0.005675489,1,0.175484225,1,-0.582023323,1,-0.031043155,1
0.284011275,-5.292676926,1,-1.61610198,1,-8.149686813,1,0.002809227,1,-0.002330566,1,0.002694444,1,0.175477937,1,-0.582040727,1,-0.031024629,1
0.288008958,-5.29129982,1,-1.596906781,1,-8.129638672,1,-0.000753432,1,-0.002310945,1,0.005764608,1,0.175471336,1,-0.582045972,1,-0.031009367,1
0.29200846,-5.242713451,1,-1.567973256,1,-8.101435661,1,-0.002536961,1,0.000273222,1,0.003704183,1,0.175809965,1,-0.581721306,1,-0.031808004,1
0.296009988,-5.280045986,1,-1.58096838,1,-8.113698959,1,-0.000611546,1,-0.000903372,1,0.002571241,1,0.175801516,1,-0.581729412,1,-0.031787984,1
0.300007671,-5.297445297,1,-1.593828321,1,-8.129910469,1,-0.001050987,1,-0.000884687,1,-0.002176775,1,0.175795525,1,-0.581745267,1,-0.031771243,1
0.304007173,-5.27971077,1,-1.616003871,1,-8.139040947,1,0.001487394,1,0.000259098,1,0.005249723,1,0.175791308,1,-0.581751108,1,-0.031763159,1
0.308008701,-5.261282921,1,-1.623335242,1,-8.136008263,1,0.000489595,1,-0.001810038,1,0.001703477,1,0.17579855,1,-0.581759691,1,-0.031756375,1
0.312006652,-5.278254032,1,-1.607523918,1,-8.156281471,1,0.000945095,1,-0.004355363,1,0.001065683,1,0.175795481,1,-0.581771672,1,-0.031744651,1
0.316006154,-5.30648756,1,-1.587500572,1,-8.128795624,1,0.003598728,1,0.001053106,1,0.002423588,1,0.175793409,1,-0.581779599,1,-0.03172861,1
0.32000795,-5.292459488,1,-1.569323063,1,-8.14419651,1,0.000653018,1,-0.006167908,1,0.005753158,1,0.175786346,1,-0.581790447,1,-0.031708751,1
0.324005634,-5.278695583,1,-1.570361733,1,-8.135960579,1,0.001332901,1,-0.004471105,1,0.003328779,1,0.175789118,1,-0.581808865,1,-0.031698186,1
0.328005105,-5.283957005,1,-1.579767942,1,-8.122803688,1,0.001019556,1,-0.002139485,1,0.002856604,1,0.175791532,1,-0.581826389,1,-0.031687453,1
0.332006902,-5.270226955,1,-1.574594855,1,-8.09581852,1,0.003783462,1,-0.005059245,1,0.002224423,1,0.175803527,1,-0.581850946,1,-0.031690061,1
0.336004615,-5.295760632,1,-1.597916603,1,-8.114813805,1,0.003907321,1,-0.002657666,1,0.002752522,1,0.175813645,1,-0.581869066,1,-0.031678464,1
0.340004086,-5.30848217,1,-1.597110629,1,-8.114988327,1,0.005194216,1,-0.004362093,1,0.002145753,1,0.175822586,1,-0.581890166,1,-0.031667661,1
0.344005644,-5.293874741,1,-1.634027481,1,-8.114380836,1,0.000670104,1,-0.004820613,1,0.003678374,1,0.175837517,1,-0.581913769,1,-0.031668361,1
0.348003328,-5.268956661,1,-1.604935169,1,-8.103813171,1,0.004452714,1,-0.003329509,1,0.001706671,1,0.175844744,1,-0.581934154,1,-0.031658933,1
0.352003068,-5.279841423,1,-1.598059773,1,-8.135523796,1,-0.000436036,1,-0.007230022,1,0.004654845,1,0.175855443,1,-0.581953228,1,-0.031655278,1
0.356004596,-5.273886681,1,-1.593581319,1,-8.118110657,1,0.004142488,1,-0.003223461,1,0.001551401,1,0.175856695,1,-0.581983507,1,-0.03164462,1
0.360002041,-5.295694351,1,-1.586710572,1,-8.141320229,1,0.000716438,1,-0.003195373,1,-0.000257012,1,0.175867423,1,-0.582001865,1,-0.031644851,1
0.364001542,-5.288348675,1,-1.573258519,1,-8.123030663,1,0.000141055,1,-0.005303029,1,0.004316012,1,0.175864384,1,-0.582020819,1,-0.031632833,1
0.36800307,-5.296601295,1,-1.591902494,1,-8.093863487,1,0.008221633,1,-0.002346396,1,-0.000823015,1,0.175875574,1,-0.582039177,1,-0.031627949,1
0.372000754,-5.263129234,1,-1.57170701,1,-8.105361938,1,-0.000293012,1,-0.004242502,1,0.000285316,1,0.175890014,1,-0.582058728,1,-0.031632505,1
0.376000524,-5.28393507,1,-1.61433363,1,-8.126210213,1,0.003026932,1,-0.001679293,1,0.003555068,1,0.175887644,1,-0.582080603,1,-0.031626899,1
0.380002052,-5.279753685,1,-1.574140668,1,-8.104197502,1,-0.000401274,1,-0.003658411,1,0.00264066,1,0.175889313,1,-0.582083046,1,-0.031619582,1
0.383999735,-5.290474415,1,-1.596573591,1,-8.119765282,1,-0.000820811,1,-0.003462096,1,0.001908583,1,0.175884992,1,-0.582098365,1,-0.031610981,1
0.388005376,-5.275210857,1,-1.586004257,1,-8.103192329,1,0.003527232,1,-0.000641682,1,0.002921403,1,0.175875768,1,-0.582103431,1,-0.031597182,1
0.392006904,-5.2825284,1,-1.594747901,1,-8.107972145,1,0.001644482,1,-0.002909173,1,-0.000252067,1,0.175870284,1,-0.582109749,1,-0.031588845,1
0.396004617,-5.269834518,1,-1.585717916,1,-8.12827301,1,0.004574866,1,0.000782169,1,0.002736024,1,0.175863698,1,-0.582113206,1,-0.031572681,1
0.400004089,-5.286193371,1,-1.585711718,1,-8.117432594,1,0.003557078,1,-0.000362552,1,0.000949036,1,0.175868511,1,-0.582114279,1,-0.031566679,1
0.404005647,-5.278620243,1,-1.608783722,1,-8.131537437,1,0.000641031,1,-0.000798887,1,0.004306726,1,0.175871015,1,-0.58210659,1,-0.031555057,1
0.40800333,-5.277975082,1,-1.609079957,1,-8.10899353,1,-0.000345822,1,0.001488341,1,0.001503214,1,0.17587088,1,-0.582106471,1,-0.031543318,1
0.412002802,-5.287623882,1,-1.57175231,1,-8.119188309,1,-0.000338695,1,-0.000665211,1,0.000888508,1,0.175859079,1,-0.582103729,1,-0.031528346,1
0.416004598,-5.280108929,1,-1.581881762,1,-8.122963905,1,2.75E-06,1,0.003943005,1,0.005248537,1,0.175860554,1,-0.582103968,1,-0.031520505,1
0.420002311,-5.283408642,1,-1.579782367,1,-8.120582581,1,-0.000982389,1,0.004566403,1,0.001700805,1,0.175853059,1,-0.58209753,1,-0.03151197,1
0.424001783,-5.29009676,1,-1.625871301,1,-8.105028152,1,-0.000810897,1,0.004407369,1,-0.000895013,1,0.175854608,1,-0.582086682,1,-0.031502575,1
0.428003341,-5.31385994,1,-1.585834146,1,-8.111780167,1,0.002906282,1,0.000763481,1,0.00397185,1,0.175853968,1,-0.582079291,1,-0.031503439,1
0.432001024,-5.293114662,1,-1.597371101,1,-8.110749245,1,0.0025386,1,0.003646778,1,0.004102439,1,0.175846606,1,-0.582068264,1,-0.031481236,1
0.436000258,-5.276643753,1,-1.590729117,1,-8.113100052,1,-0.002132449,1,0.00173096,1,-0.000586219,1,0.175849244,1,-0.58205533,1,-0.0314744,1
0.440001786,-5.281507015,1,-1.597462893,1,-8.099720001,1,-0.00073409,1,0.005748109,1,-0.00172762,1,0.175849855,1,-0.582031727,1,-0.031474177,1
0.443999499,-5.23370266,1,-1.636013746,1,-8.101074219,1,0.003195606,1,0.002776054,1,-0.00060395,1,0.175847217,1,-0.582010388,1,-0.031463377,1
0.447999239,-5.275066853,1,-1.634253263,1,-8.121165276,1,0.002946964,1,0.010600716,1,-0.000591549,1,0.175853014,1,-0.581993222,1,-0.031453792,1
0.452000767,-5.316461563,1,-1.588969707,1,-8.093117714,1,-0.004906392,1,0.00252294,1,0.002492478,1,0.175847173,1,-0.581969023,1,-0.031442147,1
0.455998451,-5.294572353,1,-1.611443996,1,-8.122922897,1,-0.001771418,1,0.00579743,1,0.00139662,1,0.175836354,1,-0.581953943,1,-0.03143321,1
0.45999822,-5.270700455,1,-1.621070981,1,-8.123849869,1,-3.56E-05,1,0.005907522,1,0.003887734,1,0.17582418,1,-0.581939816,1,-0.031415064,1
0.463999748,-5.2843256,1,-1.603400111,1,-8.134608269,1,-0.001563316,1,0.002724975,1,0.002550781,1,0.175810099,1,-0.581927419,1,-0.031399067,1
0.467997193,-5.26423645,1,-1.611781359,1,-8.113244057,1,0.001862962,1,0.005399108,1,0.006264676,1,0.175803483,1,-0.581918657,1,-0.031389255,1
0.471996933,-5.273480415,1,-1.600817323,1,-8.122971535,1,0.000837709,1,0.004269695,1,0.001838309,1,0.175795734,1,-0.581903577,1,-0.031371407,1
0.475998461,-5.269516468,1,-1.604672909,1,-8.158963203,1,0.000696011,1,0.003897144,1,0.004141795,1,0.175780341,1,-0.581896544,1,-0.03135094,1
0.479996175,-5.290291309,1,-1.5922575,1,-8.103638649,1,-0.001910818,1,0.00283792,1,0.001085833,1,0.175764859,1,-0.581877172,1,-0.031325925,1
0.483995646,-5.298360825,1,-1.607089162,1,-8.112484932,1,-0.000155561,1,0.004590254,1,0.004388148,1,0.175753891,1,-0.581860483,1,-0.031313408,1
0.487997174,-5.250015259,1,-1.595133781,1,-8.129255295,1,0.00501014,1,3.90E-05,1,0.005903446,1,0.175747067,1,-0.581852317,1,-0.031295933,1
0.491994888,-5.285811424,1,-1.572113633,1,-8.124598503,1,-0.004009924,1,0.004603289,1,0.001740424,1,0.175748244,1,-0.581853271,1,-0.031288967,1
0.495994359,-5.275975704,1,-1.602647781,1,-8.138110161,1,0.000486929,1,0.002106643,1,0.003291271,1,0.175748244,1,-0.581853271,1,-0.031288967,1
0.499995917,-5.263098717,1,-1.595588684,1,-8.145137787,1,-0.002168273,1,0.005725592,1,0.002797713,1,0.175748244,1,-0.581853271,1,-0.031288967,1
0.503993571,-5.274103642,1,-1.583418012,1,-8.12550354,1,-0.000441961,1,0.003823182,1,0.003277643,1,0.175748244,1,-0.581853271,1,-0.031288967,1
0.507999241,-5.269639969,1,-1.607318521,1,-8.124564171,1,8.27E-05,1,0.002770227,1,-0.001230408,1,0.175748244,1,-0.581853271,1,-0.031288967,1
0.512001038,-5.254283905,1,-1.605552197,1,-8.145472527,1,0.000541811,1,0.004100326,1,0.001198499,1,0.175748244,1,-0.581853271,1,-0.031288967,1
0.515998721,-5.303231716,1,-1.632760525,1,-8.133625984,1,0.001119143,1,0.00341628,1,0.002349194,1,0.175748244,1,-0.581853271,1,-0.031288967,1
0.519998193,-5.270328045,1,-1.586509585,1,-8.121238708,1,-0.001874365,1,-0.002819431,1,0.004244185,1,0.175748244,1,-0.581853271,1,-0.031288967,1
0.523999989,-5.290581226,1,-1.582815647,1,-8.119492531,1,-0.002739135,1,0.003016931,1,0.003707381,1,0.175748244,1,-0.581853271,1,-0.031288967,1
0.527997673,-5.28899765,1,-1.598825455,1,-8.089164734,1,-0.000255692,1,-0.003030848,1,0.000500115,1,0.175748244,1,-0.581853271,1,-0.031288967,1
0.531997204,-5.275724411,1,-1.601294041,1,-8.101268768,1,0.001258334,1,0.000587186,1,0.003415471,1,0.175748244,1,-0.581853271,1,-0.031288967,1
0.535998702,-5.293147087,1,-1.585686922,1,-8.116924286,1,-0.002814093,1,1.09E-05,1,0.003773923,1,0.175748244,1,-0.581853271,1,-0.031288967,1
0.539996445,-5.276830196,1,-1.578841567,1,-8.121692657,1,-0.004132443,1,0.002717563,1,0.001362217,1,0.176113963,1,-0.581583619,1,-0.031225489,1
0.543996155,-5.269455433,1,-1.605541468,1,-8.096176147,1,-0.004261563,1,0.003935753,1,0.00203518,1,0.176088065,1,-0.581509769,1,-0.032092463,1
0.547997713,-5.286693096,1,-1.623489499,1,-8.126299858,1,0.001271472,1,0.002896571,1,0.001492869,1,0.176088065,1,-0.581509769,1,-0.032092463,1
0.551995158,-5.283398151,1,-1.606913805,1,-8.079472542,1,-0.001220008,1,0.004839378,1,-0.000985898,1,0.176088065,1,-0.581509769,1,-0.032092463,1
0.55599463,-5.29600668,1,-1.628053546,1,-8.124440193,1,0.001359272,1,0.001232705,1,0.001148755,1,0.176088065,1,-0.581509769,1,-0.032092463,1
0.559996188,-5.298846245,1,-1.589899898,1,-8.111392021,1,0.001372747,1,0.002799386,1,0.003355793,1,0.176088065,1,-0.581509769,1,-0.032092463,1
0.563993871,-5.308776855,1,-1.584178686,1,-8.10224247,1,-0.001518944,1,0.002480121,1,0.002034419,1,0.176088065,1,-0.581509769,1,-0.032092463,1
0.567993343,-5.272950172,1,-1.592893243,1,-8.102395058,1,0.000576127,1,0.005194527,1,-0.002019153,1,0.176088065,1,-0.581509769,1,-0.032092463,1
0.571994901,-5.261475563,1,-1.613297701,1,-8.1180439,1,-0.002970733,1,0.005432425,1,0.001762316,1,0.176088065,1,-0.581509769,1,-0.032092463,1
0.575992584,-5.292330265,1,-1.618023276,1,-8.107428551,1,0.002004436,1,0.001922753,1,0.003307451,1,0.176088065,1,-0.581509769,1,-0.032092463,1
0.579992294,-5.308560371,1,-1.621533513,1,-8.12055397,1,-0.001061677,1,0.004011818,1,0.004132073,1,0.176088065,1,-0.581509769,1,-0.032092463,1
0.583994091,-5.281749249,1,-1.600717545,1,-8.138181686,1,-0.000403854,1,0.006833335,1,0.003312453,1,0.176088065,1,-0.581509769,1,-0.032092463,1
0.587992311,-5.290122032,1,-1.609293103,1,-8.136532784,1,-0.000150079,1,0.004710433,1,0.00212231,1,0.176088065,1,-0.581509769,1,-0.032092463,1
0.591991782,-5.250688076,1,-1.597514868,1,-8.150610924,1,-0.001912307,1,0.004210045,1,0.005284076,1,0.176088065,1,-0.581509769,1,-0.032092463,1
0.59599334,-5.285185337,1,-1.616262794,1,-8.120603561,1,-0.001267878,1,0.006140176,1,0.000820213,1,0.176088065,1,-0.581509769,1,-0.032092463,1
0.599991024,-5.257331848,1,-1.591548443,1,-8.115049362,1,0.00284735,1,0.000996233,1,0.001085862,1,0.176088065,1,-0.581509769,1,-0.032092463,1
0.603990555,-5.277637959,1,-1.614436626,1,-8.148461342,1,-0.000422744,1,0.002898136,1,-0.000819472,1,0.176088065,1,-0.581509769,1,-0.032092463,1
0.607992291,-5.262635708,1,-1.603696942,1,-8.127264023,1,0.00290036,1,0.002289956,1,0.000762832,1,0.176088065,1,-0.581509769,1,-0.032092463,1
0.611990035,-5.261203766,1,-1.579783082,1,-8.13576889,1,0.000915429,1,0.002527498,1,0.002487049,1,0.176088065,1,-0.581509769,1,-0.032092463,1
0.615989506,-5.287045002,1,-1.607143641,1,-8.148552895,1,0.000620829,1,-0.000186938,1,0.001578592,1,0.176088065,1,-0.581509769,1,-0.032092463,1
0.619991541,-5.263763905,1,-1.610292912,1,-8.145630836,1,0.000100177,1,0.003326755,1,-3.82E-05,1,0.176088065,1,-0.581509769,1,-0.032092463,1
0.623989522,-5.266255856,1,-1.595160365,1,-8.153430939,1,0.00316499,1,0.001258212,1,0.003196037,1,0.176088065,1,-0.581509769,1,-0.032092463,1
0.627995133,-5.278529644,1,-1.600877047,1,-8.106945038,1,0.001344374,1,0.000991636,1,0.000370221,1,0.176088065,1,-0.581509769,1,-0.032092463,1
0.63199693,-5.255980492,1,-1.606358171,1,-8.135235786,1,0.002533569,1,-0.001312832,1,0.006834338,1,0.176088065,1,-0.581509769,1,-0.032092463,1
0.635994613,-5.275521278,1,-1.599321246,1,-8.114340782,1,0.000647996,1,8.95E-05,1,5.12E-05,1,0.176088065,1,-0.581509769,1,-0.032092463,1
0.639994085,-5.273231506,1,-1.622022748,1,-8.122882843,1,0.001779607,1,4.62E-05,1,0.003891757,1,0.176088065,1,-0.581509769,1,-0.032092463,1
0.643995643,-5.273889065,1,-1.614106655,1,-8.100307465,1,0.000948292,1,-0.000882475,1,-6.66E-05,1,0.176088065,1,-0.581509769,1,-0.032092463,1
0.647993088,-5.278674126,1,-1.59126544,1,-8.07912159,1,-0.002646566,1,0.002301227,1,0.001962475,1,0.176088065,1,-0.581509769,1,-0.032092463,1
0.651992559,-5.261893272,1,-1.638151288,1,-8.154006004,1,0.001332665,1,-0.002285326,1,0.001566272,1,0.176088065,1,-0.581509769,1,-0.032092463,1
0.655994117,-5.270714283,1,-1.618915439,1,-8.135510445,1,0.001121439,1,0.002965597,1,0.004443187,1,0.176088065,1,-0.581509769,1,-0.032092463,1
0.659991562,-5.272139549,1,-1.607307911,1,-8.125001907,1,-0.002499347,1,0.00112557,1,0.001932535,1,0.176088065,1,-0.581509769,1,-0.032092463,1
0.663991034,-5.262729168,1,-1.602615237,1,-8.146805763,1,0.00081947,1,0.001481282,1,0.002195159,1,0.176088065,1,-0.581509769,1,-0.032092463,1
0.667992592,-5.276131153,1,-1.611307144,1,-8.117254257,1,-0.001838823,1,-0.001793664,1,0.001141449,1,0.176088065,1,-0.581509769,1,-0.032092463,1
0.671990275,-5.256708145,1,-1.61456728,1,-8.128271103,1,-0.000437481,1,0.003193999,1,0.001448834,1,0.176088065,1,-0.581509769,1,-0.032092463,1
0.675989747,-5.277961254,1,-1.605297327,1,-8.134958267,1,-0.001687254,1,0.001696494,1,0.002142949,1,0.176088065,1,-0.581509769,1,-0.032092463,1
0.679991305,-5.31153059,1,-1.616432309,1,-8.139512062,1,-0.000863983,1,0.000184546,1,0.004952087,1,0.176088065,1,-0.581509769,1,-0.032092463,1
0.683988988,-5.242355347,1,-1.603087902,1,-8.141896248,1,-0.003580096,1,-0.000717288,1,0.001120694,1,0.176088065,1,-0.581509769,1,-0.032092463,1
0.68798846,-5.272027493,1,-1.587472916,1,-8.150877953,1,-0.000128484,1,-0.002025186,1,0.004893805,1,0.176088065,1,-0.581509769,1,-0.032092463,1
0.691990018,-5.270826817,1,-1.602208972,1,-8.146917343,1,-0.000154962,1,0.000290412,1,0.000652333,1,0.176088065,1,-0.581509769,1,-0.032092463,1
0.695987701,-5.287333965,1,-1.595514894,1,-8.136242867,1,-0.001494338,1,-0.001077877,1,0.005406346,1,0.176088065,1,-0.581509769,1,-0.032092463,1
0.699987173,-5.282510757,1,-1.598772883,1,-8.137602806,1,-0.000131181,1,8.99E-05,1,0.000872937,1,0.176088065,1,-0.581509769,1,-0.032092463,1
0.703988969,-5.273644924,1,-1.598680258,1,-8.123592377,1,0.001845463,1,-0.000202117,1,0.000678316,1,0.176088065,1,-0.581509769,1,-0.032092463,1
0.707986712,-5.30306673,1,-1.554449439,1,-8.123761177,1,-0.000306919,1,0.002721495,1,0.002865646,1,0.176088065,1,-0.581509769,1,-0.032092463,1
0.711986184,-5.257790089,1,-1.606090426,1,-8.142933846,1,0.00157583,1,-0.005209451,1,8.58E-05,1,0.176088065,1,-0.581509769,1,-0.032092463,1
0.71598798,-5.281817913,1,-1.625234604,1,-8.117008209,1,-0.000438562,1,-0.002279135,1,0.005401344,1,0.176088065,1,-0.581509769,1,-0.032092463,1
0.719985664,-5.270033836,1,-1.608176827,1,-8.137479782,1,0.003221123,1,-0.003234037,1,0.00292305,1,0.176088065,1,-0.581509769,1,-0.032092463,1
0.723984897,-5.260637283,1,-1.599071026,1,-8.129851341,1,-0.003773841,1,-0.003981191,1,0.003136046,1,0.176088065,1,-0.581509769,1,-0.032092463,1
0.727986455,-5.273299217,1,-1.566665053,1,-8.146961212,1,0.00308214,1,-0.000969046,1,0.003094634,1,0.176088065,1,-0.581509769,1,-0.032092463,1
0.7319839,-5.271151066,1,-1.600722671,1,-8.137252808,1,0.000910615,1,-0.003041724,1,0.003648091,1,0.176088065,1,-0.581509769,1,-0.032092463,1
0.73598361,-5.289595127,1,-1.59199512,1,-8.111301422,1,-0.002301911,1,-0.000339664,1,0.005675027,1,0.176088065,1,-0.581509769,1,-0.032092463,1
0.739985168,-5.288841724,1,-1.591304421,1,-8.096194267,1,0.000812402,1,-0.000195742,1,0.004052633,1,0.176088065,1,-0.581509769,1,-0.032092463,1
0.743982852,-5.279604435,1,-1.60652864,1,-8.115063667,1,-0.002382464,1,0.000115596,1,0.004021512,1,0.176088065,1,-0.581509769,1,-0.032092463,1
0.747988999,-5.281284809,1,-1.603459001,1,-8.117485046,1,0.001746781,1,-0.003571172,1,-0.001336091,1,0.176091075,1,-0.581512988,1,-0.032094792,1
0.751991034,-5.284715176,1,-1.576554537,1,-8.108531952,1,0.001405287,1,0.001208339,1,0.001936162,1,0.176087365,1,-0.581519365,1,-0.032089151,1
0.755989015,-5.297291279,1,-1.584592342,1,-8.136523247,1,-0.001171599,1,-0.002996557,1,0.004157959,1,0.176085413,1,-0.581519783,1,-0.032079823,1
0.759988487,-5.261523724,1,-1.606923461,1,-8.125079155,1,-0.000957858,1,-0.001852018,1,0.003124769,1,0.176083356,1,-0.581527293,1,-0.032073993,1
0.763990045,-5.276566029,1,-1.598296046,1,-8.121617317,1,0.001598812,1,-0.001992051,1,0.001913348,1,0.176078796,1,-0.581530452,1,-0.032061353,1
0.767987967,-5.294651031,1,-1.613535166,1,-8.118128777,1,0.002338348,1,-0.005141671,1,-0.000746578,1,0.17607908,1,-0.581542373,1,-0.03205204,1
0.771987438,-5.253624439,1,-1.60358727,1,-8.149905205,1,0.000417039,1,-0.004028404,1,0.003646122,1,0.176076829,1,-0.581553221,1,-0.032041106,1
0.775988996,-5.269144058,1,-1.60998106,1,-8.160219193,1,0.002140556,1,-0.005168118,1,0.003067438,1,0.176074758,1,-0.581568122,1,-0.032034282,1
0.77998668,-5.253845215,1,-1.602706671,1,-8.134005547,1,0.002043447,1,-0.004660995,1,0.003470086,1,0.176079661,1,-0.581585348,1,-0.032023493,1
0.783986151,-5.260864258,1,-1.595016718,1,-8.139091492,1,-0.000610068,1,-0.005679003,1,0.0046061,1,0.176074907,1,-0.58159858,1,-0.032005794,1
0.787987709,-5.227039337,1,-1.617600441,1,-8.153838158,1,0.000199,1,-0.003848904,1,0.002671343,1,0.176070243,1,-0.581620336,1,-0.031984791,1
0.791985393,-5.269869328,1,-1.597191811,1,-8.117093086,1,0.001515656,1,-0.007507349,1,0.006409629,1,0.17640914,1,-0.581305861,1,-0.032779071,1
0.795984924,-5.270656109,1,-1.607931614,1,-8.147953033,1,0.002694343,1,-0.004212933,1,0.006460459,1,0.176408127,1,-0.58132714,1,-0.032766998,1
0.799986422,-5.268837929,1,-1.600733519,1,-8.137019157,1,-0.000293742,1,-0.008729378,1,0.003532643,1,0.176399216,1,-0.58135426,1,-0.032755375,1
0.803984106,-5.286098003,1,-1.592191339,1,-8.11306572,1,0.003869833,1,-0.002992819,1,0.003589872,1,0.17640546,1,-0.581382632,1,-0.032748383,1
0.807983637,-5.284016132,1,-1.584267735,1,-8.133722305,1,0.002989876,1,-0.004130712,1,0.004865044,1,0.176400363,1,-0.581410885,1,-0.032727767,1
0.811985433,-5.27289629,1,-1.560498357,1,-8.078092575,1,-0.003271447,1,-0.006278481,1,0.003784209,1,0.176379129,1,-0.581436336,1,-0.032709215,1
0.815983117,-5.281816006,1,-1.620530367,1,-8.10168457,1,0.000704119,1,-0.008349132,1,0.00668904,1,0.176371083,1,-0.581460536,1,-0.032695241,1
0.819982827,-5.301743984,1,-1.544996381,1,-8.104169846,1,-0.000798909,1,-0.00502048,1,0.002781871,1,0.176356465,1,-0.581486285,1,-0.032679833,1
0.823984385,-5.314193726,1,-1.590868711,1,-8.130755424,1,0.000737365,1,-0.003337344,1,0.005727804,1,0.176343828,1,-0.58150202,1,-0.032657988,1
0.82798183,-5.30403614,1,-1.575862169,1,-8.119464874,1,0.000140258,1,-0.003527336,1,0.001864607,1,0.176340714,1,-0.581522346,1,-0.032644656,1
0.83198154,-5.279715538,1,-1.572318435,1,-8.118906021,1,0.001813784,1,-0.003188502,1,0.003137525,1,0.176332906,1,-0.581535757,1,-0.032636367,1
0.835983098,-5.28758812,1,-1.580601096,1,-8.138782501,1,-0.000211807,1,-0.006280587,1,0.003506739,1,0.176330924,1,-0.58155489,1,-0.032622941,1
0.839980543,-5.300899029,1,-1.565690756,1,-8.091392517,1,0.001858803,1,-0.001746977,1,0.003991015,1,0.176325902,1,-0.581580997,1,-0.032617316,1
0.843980014,-5.272129059,1,-1.613052964,1,-8.114592552,1,0.000195652,1,-0.003830439,1,0.000576382,1,0.176322952,1,-0.581592798,1,-0.032609366,1
0.847981572,-5.298980236,1,-1.613230944,1,-8.138916969,1,0.000524606,1,-0.001508748,1,0.004165732,1,0.176318035,1,-0.58160311,1,-0.032596383,1
0.851979494,-5.282467365,1,-1.581218004,1,-8.132878304,1,-0.001201839,1,-0.004266991,1,0.001876665,1,0.176324382,1,-0.581615984,1,-0.032596242,1
0.855979264,-5.270858765,1,-1.579660535,1,-8.107552528,1,0.003452271,1,-0.001782999,1,0.004395796,1,0.176324561,1,-0.58163482,1,-0.03258694,1
0.859980822,-5.280227184,1,-1.615632772,1,-8.088959694,1,0.002527111,1,-0.004565175,1,0.001377976,1,0.176319629,1,-0.5816558,1,-0.032576773,1
0.863978505,-5.294163227,1,-1.568384767,1,-8.132165909,1,-0.000926938,1,-0.00274344,1,0.000890673,1,0.176318735,1,-0.581662893,1,-0.032569073,1
0.867984116,-5.277549744,1,-1.603764176,1,-8.135951996,1,0.003260174,1,-0.001216694,1,0.005885096,1,0.176313728,1,-0.58167845,1,-0.032556742,1
0.871985674,-5.307701588,1,-1.568482399,1,-8.102770805,1,0.001852863,1,-0.001032039,1,0.003419691,1,0.176303163,1,-0.581684232,1,-0.032528792,1
0.875983357,-5.264977932,1,-1.586381555,1,-8.103682518,1,-0.000838697,1,-0.001796308,1,0.002894317,1,0.176309064,1,-0.581690192,1,-0.032522399,1
0.879982829,-5.242751122,1,-1.577165008,1,-8.129486084,1,-0.002418046,1,0.001204554,1,0.001535545,1,0.176304832,1,-0.581696332,1,-0.032515433,1
0.883984625,-5.280362606,1,-1.596929312,1,-8.125085831,1,2.52E-05,1,-0.001710167,1,-0.001138839,1,0.176305771,1,-0.581706345,1,-0.032510564,1
0.887982309,-5.286939144,1,-1.625888228,1,-8.136805534,1,-0.000612252,1,0.00093732,1,0.004112521,1,0.176300749,1,-0.581706464,1,-0.032507107,1
0.89198184,-5.284370422,1,-1.631469131,1,-8.130157471,1,0.001255231,1,-0.001876474,1,0.00117113,1,0.176294327,1,-0.581703246,1,-0.03249209,1
0.895983338,-5.276118755,1,-1.605012178,1,-8.155661583,1,-0.000256989,1,0.000338007,1,0.001359205,1,0.17629844,1,-0.581709743,1,-0.032488372,1
0.899981081,-5.243206024,1,-1.580810666,1,-8.126292229,1,0.003625047,1,1.74E-05,1,0.005318931,1,0.176291868,1,-0.581717074,1,-0.032474741,1
0.903980553,-5.283781052,1,-1.592070103,1,-8.18085289,1,-0.001340346,1,4.77E-05,1,0.001508593,1,0.176288053,1,-0.581716418,1,-0.03246503,1
0.907982349,-5.281002522,1,-1.579343319,1,-8.126607895,1,0.002738279,1,-0.000854607,1,-0.000812353,1,0.176291585,1,-0.58172369,1,-0.0324605,1
0.911980033,-5.279381275,1,-1.583965063,1,-8.120573044,1,0.002205231,1,0.000595525,1,0.000305809,1,0.176287621,1,-0.581727028,1,-0.032452691,1
0.915979803,-5.277285099,1,-1.595099449,1,-8.110339165,1,0.006936433,1,-0.000105284,1,0.003822353,1,0.176294699,1,-0.581724644,1,-0.032451808,1
0.919981301,-5.276461601,1,-1.583836198,1,-8.108859062,1,-0.001541455,1,-0.004214835,1,0.003073637,1,0.176296949,1,-0.581733525,1,-0.032440171,1
0.923978984,-5.279714584,1,-1.626324415,1,-8.129862785,1,0.002592421,1,-0.000919157,1,0.005774124,1,0.17630522,1,-0.581728578,1,-0.03244241,1
0.927978754,-5.271449566,1,-1.596117735,1,-8.141057968,1,0.002524943,1,-0.001077693,1,0.002291038,1,0.176308125,1,-0.581735015,1,-0.032433245,1
0.931980312,-5.281266212,1,-1.603007555,1,-8.131976128,1,-5.63E-05,1,-0.000309142,1,0.00244226,1,0.176300585,1,-0.5817433,1,-0.032423124,1
0.935977757,-5.271269321,1,-1.623767495,1,-8.112024307,1,0.003273823,1,-0.000638148,1,0.002052634,1,0.176294118,1,-0.581752241,1,-0.03241194,1
0.939977229,-5.286148071,1,-1.605231047,1,-8.10206604,1,-0.001123312,1,-0.005423736,1,0.002112797,1,0.176295877,1,-0.581760049,1,-0.032409377,1
0.943978727,-5.249456406,1,-1.59091568,1,-8.125626564,1,-0.00091121,1,0.002226077,1,0.003345236,1,0.176292509,1,-0.581760943,1,-0.032402247,1
0.94797647,-5.302959919,1,-1.545451641,1,-8.127333641,1,-0.000484083,1,-0.001453117,1,0.006224876,1,0.176291585,1,-0.581760764,1,-0.032391544,1
0.951975942,-5.309543133,1,-1.555925965,1,-8.130299568,1,0.002091585,1,0.001309994,1,0.003260482,1,0.176285535,1,-0.581763804,1,-0.032385293,1
0.955977499,-5.312747955,1,-1.593698263,1,-8.098348618,1,-0.00018838,1,0.001356326,1,-0.001338554,1,0.176289886,1,-0.581759691,1,-0.032374319,1
0.959975183,-5.268482685,1,-1.595911741,1,-8.105595589,1,-0.000857061,1,0.003565961,1,0.002667469,1,0.176286861,1,-0.581759572,1,-0.032364491,1
0.963974655,-5.27200222,1,-1.569610715,1,-8.090808868,1,0.002416997,1,-0.001617329,1,0.002885071,1,0.176285565,1,-0.581758142,1,-0.032357015,1
0.967976213,-5.300017834,1,-1.591392636,1,-8.110438347,1,0.002513305,1,0.003460214,1,-0.001512943,1,0.176290214,1,-0.58175391,1,-0.032350559,1
0.971973896,-5.31868124,1,-1.574287415,1,-8.079407692,1,0.003528916,1,-0.000192348,1,-0.000960069,1,0.176295847,1,-0.581744492,1,-0.032349251,1
0.975973368,-5.277597427,1,-1.55218184,1,-8.096224785,1,0.000926178,1,0.001971634,1,0.00015584,1,0.176304206,1,-0.581736267,1,-0.032351278,1
0.979975164,-5.299046516,1,-1.582244396,1,-8.106951714,1,0.002795696,1,0.004970338,1,-0.003829917,1,0.176314503,1,-0.581727087,1,-0.032353029,1
0.983973145,-5.251537323,1,-1.598079801,1,-8.10456562,1,0.00401896,1,0.005606942,1,-0.001891511,1,0.176330939,1,-0.581708312,1,-0.032361243,1
0.987972617,-5.309953213,1,-1.622720361,1,-8.104104996,1,0.000912174,1,0.005178134,1,-0.004234486,1,0.176350817,1,-0.581694186,1,-0.032371644,1
0.991980314,-5.264481544,1,-1.614181995,1,-8.123551369,1,-0.003867363,1,0.003079304,1,-0.000895759,1,0.176353455,1,-0.581680715,1,-0.032372084,1
0.995984137,-5.306220531,1,-1.615844965,1,-8.106026649,1,0.003078738,1,0.000556261,1,-0.001244217,1,0.176361904,1,-0.581667125,1,-0.032378297,1
0.999983847,-5.305670261,1,-1.559555054,1,-8.132882118,1,-0.001451075,1,0.002590858,1,-4.79E-05,1,0.176371604,1,-0.581661165,1,-0.032385077,1
1.003985643,-5.292227268,1,-1.547165871,1,-8.096400261,1,0.00385879,1,0.00465325,1,-0.002985662,1,0.176375493,1,-0.581632376,1,-0.032386802,1
1.007983327,-5.247520924,1,-1.603503227,1,-8.09105587,1,0.001205636,1,0.007440275,1,-0.002087348,1,0.176393479,1,-0.581608951,1,-0.032398984,1
1.011983156,-5.287819386,1,-1.609654546,1,-8.135520935,1,0.00513009,1,0.004621199,1,-0.004401101,1,0.176412284,1,-0.581582487,1,-0.032403201,1
1.015984893,-5.27692461,1,-1.603496671,1,-8.112194061,1,-0.001888027,1,0.005425598,1,-0.003266985,1,0.176419079,1,-0.581558526,1,-0.032407343,1
1.019982576,-5.29142189,1,-1.604730725,1,-8.12407589,1,0.004713498,1,0.00529208,1,-0.002645143,1,0.176430911,1,-0.581530511,1,-0.032417674,1
1.023982882,-5.306542873,1,-1.611186743,1,-8.121703148,1,0.001671928,1,0.007046286,1,-0.001445974,1,0.17643705,1,-0.581501245,1,-0.032421224,1
1.027984381,-5.261382103,1,-1.644688249,1,-8.097910881,1,0.001694312,1,0.007114131,1,-0.00155561,1,0.176440179,1,-0.581469238,1,-0.032418348,1
1.031982064,-5.294541359,1,-1.685366511,1,-8.157761574,1,0.004381602,1,0.00850377,1,0.002345806,1,0.176449195,1,-0.581436217,1,-0.032414462,1
1.035981536,-5.261288166,1,-1.67325151,1,-8.157635689,1,0.014648084,1,0.003995403,1,0.010845076,1,0.176469475,1,-0.581422329,1,-0.032383963,1
1.039983153,-5.263503551,1,-1.728242517,1,-8.162190437,1,0.024906361,1,-0.004038081,1,0.021993648,1,0.176849231,1,-0.581173539,1,-0.032230679,1
1.043980837,-5.235277176,1,-1.765107274,1,-8.182729721,1,0.037939083,1,0.000874404,1,0.038710788,1,0.176878259,1,-0.581124544,1,-0.03295048,1
1.047980547,-5.181762695,1,-1.801668406,1,-8.123819351,1,0.048220944,1,-0.005465546,1,0.052364595,1,0.176946968,1,-0.581169963,1,-0.032743879,1
1.051982045,-5.172183037,1,-1.764167905,1,-8.021648407,1,0.056613121,1,-0.006740144,1,0.064273871,1,0.177017525,1,-0.581233382,1,-0.032480083,1
1.055979729,-5.255278111,1,-1.685020208,1,-8.056990623,1,0.054433249,1,-0.000942262,1,0.069299482,1,0.177063718,1,-0.581289172,1,-0.032175086,1
1.05997932,-5.314028263,1,-1.556182027,1,-8.032356262,1,0.056478634,1,0.009801941,1,0.072868042,1,0.177102178,1,-0.581317604,1,-0.031823516,1
1.063980818,-5.354602337,1,-1.479816914,1,-8.074767113,1,0.052582078,1,0.015174868,1,0.064509198,1,0.177138805,1,-0.581307232,1,-0.03149664,1
1.06797874,-5.356867313,1,-1.43200767,1,-8.12444973,1,0.06122835,1,0.023109686,1,0.05455149,1,0.177201778,1,-0.581275403,1,-0.031199122,1
1.071978211,-5.270321846,1,-1.418524265,1,-8.046693802,1,0.060880419,1,0.023061525,1,0.061536614,1,0.1772746,1,-0.581219554,1,-0.030896606,1
1.075980067,-5.318555355,1,-1.445312381,1,-8.125196457,1,0.067538634,1,0.025869641,1,0.061492477,1,0.177361563,1,-0.581168652,1,-0.030579083,1
1.079977751,-5.350390911,1,-1.688774586,1,-8.084300041,1,0.072797298,1,0.033238214,1,0.060168754,1,0.177485615,1,-0.581103086,1,-0.030281885,1
1.083977222,-5.349322796,1,-1.661232591,1,-8.052535057,1,0.061902322,1,0.038939342,1,0.054647867,1,0.177575275,1,-0.581000626,1,-0.029966263,1
1.087978959,-5.468714237,1,-1.496309757,1,-8.060751915,1,0.056839459,1,0.048074733,1,0.056826152,1,0.177655101,1,-0.580873132,1,-0.029672619,1
1.091976762,-5.478874207,1,-1.57289207,1,-8.058893204,1,0.056022611,1,0.057452336,1,0.051856972,1,0.177719846,1,-0.580699146,1,-0.02936442,1
1.095976233,-5.437961578,1,-1.515960932,1,-8.088804245,1,0.064897306,1,0.067330159,1,0.056552801,1,0.177788243,1,-0.580498099,1,-0.029045573,1
1.09997797,-5.506614208,1,-1.4656533,1,-8.05426693,1,0.070180178,1,0.07688456,1,0.058150839,1,0.177883908,1,-0.580252767,1,-0.028722724,1
1.103975654,-5.51673317,1,-1.459803939,1,-8.031837463,1,0.06660413,1,0.09218242,1,0.046561178,1,0.17797865,1,-0.579960763,1,-0.028403206,1
1.107975483,-5.516611576,1,-1.534621358,1,-8.006082535,1,0.06555783,1,0.111114763,1,0.04246046,1,0.178068325,1,-0.579600692,1,-0.02809638,1
1.111983061,-5.431275845,1,-1.499737263,1,-7.9688797,1,0.057802651,1,0.113139585,1,0.03397416,1,0.178166196,1,-0.579193592,1,-0.027829193,1
1.115986705,-5.129637718,1,-1.474255443,1,-7.994927883,1,0.061408967,1,0.113032155,1,0.027088532,1,0.178281128,1,-0.578771055,1,-0.02759064,1
1.119986653,-5.004598618,1,-1.630657792,1,-8.053809166,1,0.060679406,1,0.115336023,1,0.029875407,1,0.178406313,1,-0.5783512,1,-0.027365996,1
1.123988509,-4.883697987,1,-1.713173389,1,-8.222626686,1,0.052905779,1,0.104437344,1,0.02872422,1,0.178497061,1,-0.57793653,1,-0.027134005,1
1.127986193,-4.934448242,1,-1.920357943,1,-8.205342293,1,0.04366032,1,0.095682599,1,0.024678409,1,0.178572431,1,-0.577556133,1,-0.026918067,1
1.131985664,-5.037226677,1,-1.934174299,1,-8.159957886,1,0.036809605,1,0.081168465,1,0.028761167,1,0.17862995,1,-0.577226877,1,-0.026710838,1
1.135987163,-5.1807971,1,-1.783180594,1,-8.196558952,1,0.028662398,1,0.075374231,1,0.032082889,1,0.17864278,1,-0.576947093,1,-0.026504336,1
1.139984846,-5.180773258,1,-1.678960443,1,-8.179083824,1,0.030528467,1,0.067178875,1,0.028901774,1,0.178652167,1,-0.576679111,1,-0.02631109,1
1.143984437,-5.181801319,1,-1.621595263,1,-8.270557404,1,0.02740767,1,0.061173715,1,0.025253428,1,0.178664535,1,-0.576449633,1,-0.026129447,1
1.147985935,-5.204239368,1,-1.563143611,1,-8.253847122,1,0.037745647,1,0.0580475,1,0.029837171,1,0.178698123,1,-0.576232493,1,-0.025948316,1
1.151983619,-5.223002434,1,-1.583817005,1,-8.191833496,1,0.041156918,1,0.055034731,1,0.02450376,1,0.178755075,1,-0.576022685,1,-0.025766874,1
1.15598309,-5.260971546,1,-1.599118471,1,-8.160247803,1,0.038402919,1,0.05343952,1,0.025103351,1,0.17883113,1,-0.575834095,1,-0.025607124,1
1.159984589,-5.255101681,1,-1.612202168,1,-8.144740105,1,0.041545585,1,0.054426145,1,0.019665785,1,0.178919002,1,-0.575645566,1,-0.025454061,1
1.163982391,-5.255194187,1,-1.632185817,1,-8.160750389,1,0.043369442,1,0.052264791,1,0.019123618,1,0.179015949,1,-0.57545495,1,-0.025320625,1
1.167981863,-5.282719612,1,-1.672679663,1,-8.182687759,1,0.038085792,1,0.049464855,1,0.018907154,1,0.179108247,1,-0.575271368,1,-0.025195168,1
1.1719836,-5.273019791,1,-1.616965175,1,-8.175405502,1,0.038314044,1,0.049658619,1,0.013253029,1,0.179201528,1,-0.575088263,1,-0.025086666,1
1.175981283,-5.28093338,1,-1.624691606,1,-8.151607513,1,0.030394971,1,0.048268259,1,0.009798213,1,0.179291323,1,-0.574900627,1,-0.024993593,1
1.179980755,-5.278947353,1,-1.535653472,1,-8.19698143,1,0.031879511,1,0.046296168,1,0.010099986,1,0.179370701,1,-0.574716926,1,-0.024911657,1
1.183982611,-5.272033215,1,-1.597831011,1,-8.182128906,1,0.028327258,1,0.045900814,1,0.004117225,1,0.179459348,1,-0.574537992,1,-0.024841817,1
1.187980294,-5.284564018,1,-1.541235685,1,-8.143959045,1,0.02435104,1,0.044907793,1,0.000125137,1,0.179537714,1,-0.574356198,1,-0.024798168,1
1.191979527,-5.245164871,1,-1.570770621,1,-8.187444687,1,0.02342689,1,0.045030668,1,-0.001429681,1,0.179609492,1,-0.574183524,1,-0.024762845,1
1.195981622,-5.248228073,1,-1.576599956,1,-8.20502758,1,0.020499246,1,0.048434325,1,-0.004232024,1,0.179681823,1,-0.574002266,1,-0.024743531,1
1.199979544,-5.269871235,1,-1.591089249,1,-8.195345879,1,0.019796964,1,0.043923907,1,-0.003735851,1,0.179756522,1,-0.573818862,1,-0.024719669,1
1.203979254,-5.273390293,1,-1.537336826,1,-8.168135643,1,0.024394611,1,0.046418861,1,-0.007116005,1,0.179845214,1,-0.573637187,1,-0.024706528,1
1.207980752,-5.293547153,1,-1.482655764,1,-8.164092064,1,0.028751854,1,0.049092546,1,-0.007502737,1,0.179939091,1,-0.573439896,1,-0.024691412,1
1.211978197,-5.337373734,1,-1.421707869,1,-8.134186745,1,0.03244913,1,0.052972764,1,-0.011297572,1,0.180071026,1,-0.573232472,1,-0.024694765,1
1.215977669,-5.278188705,1,-1.40602994,1,-8.138505936,1,0.034428596,1,0.051514275,1,-0.013519498,1,0.180209711,1,-0.573021054,1,-0.024708141,1
1.219979525,-5.156303883,1,-1.427411795,1,-8.105931282,1,0.037802462,1,0.053932071,1,-0.011803525,1,0.180366546,1,-0.572791219,1,-0.024729494,1
1.223977208,-5.089146137,1,-1.596021295,1,-8.128856659,1,0.040742077,1,0.049124569,1,-0.016042398,1,0.180532888,1,-0.572576165,1,-0.024761625,1
1.22797668,-5.052615166,1,-1.760825157,1,-8.166677475,1,0.032978125,1,0.048838969,1,-0.013854765,1,0.180682808,1,-0.572380006,1,-0.02478195,1
1.231984615,-5.051697254,1,-1.778572321,1,-8.171388626,1,0.026908342,1,0.042699825,1,-0.008820223,1,0.180803791,1,-0.572195828,1,-0.024793772,1
1.235988498,-5.127227306,1,-1.811146736,1,-8.178254128,1,0.021819651,1,0.039177202,1,-0.006558318,1,0.180903003,1,-0.57202822,1,-0.024789998,1
1.239988685,-5.12334156,1,-1.766224146,1,-8.187212944,1,0.013594812,1,0.034495793,1,-0.003627968,1,0.180969402,1,-0.571886957,1,-0.024784356,1
1.243990302,-5.105227947,1,-1.732544422,1,-8.171279907,1,0.010431742,1,0.027365007,1,-0.001296182,1,0.181013644,1,-0.571755409,1,-0.024767825,1
1.247987986,-5.08811903,1,-1.760451436,1,-8.219896317,1,0.005352771,1,0.025449526,1,0.003816669,1,0.181035474,1,-0.571648061,1,-0.024745289,1
1.251987457,-5.127540588,1,-1.729208946,1,-8.214439392,1,-0.003377341,1,0.021192048,1,0.004863199,1,0.181017414,1,-0.571560979,1,-0.0247075,1
1.255988955,-5.136191368,1,-1.740992785,1,-8.181217194,1,0.00063548,1,0.020557109,1,0.005893082,1,0.180984959,1,-0.571485043,1,-0.024661703,1
1.259986639,-5.177580357,1,-1.719287634,1,-8.177249908,1,-0.003116556,1,0.017071553,1,0.006652944,1,0.180950239,1,-0.571425021,1,-0.024618164,1
1.26398623,-5.142671108,1,-1.620782614,1,-8.22774601,1,-0.00305862,1,0.014090418,1,0.010734454,1,0.180901617,1,-0.571367979,1,-0.024572521,1
1.267987728,-5.131292343,1,-1.538974881,1,-8.204604149,1,-0.00299833,1,0.014829457,1,0.006192917,1,0.180863544,1,-0.571321309,1,-0.024521383,1
1.271985412,-5.152232647,1,-1.582089543,1,-8.202913284,1,0.006325835,1,0.009864458,1,0.005812774,1,0.180847093,1,-0.571278691,1,-0.024479084,1
1.275984883,-5.23068428,1,-1.613710999,1,-8.166947365,1,0.013375271,1,0.013460207,1,0.009503151,1,0.180856019,1,-0.571236908,1,-0.024436036,1
1.279986739,-5.207909584,1,-1.625916243,1,-8.146170616,1,0.014698796,1,0.012602671,1,0.012473588,1,0.180878162,1,-0.571202695,1,-0.024371246,1
1.283984423,-5.247002602,1,-1.638790369,1,-8.102508545,1,0.016501516,1,0.014946074,1,0.009924937,1,0.180915341,1,-0.571156025,1,-0.0243061,1
1.287983894,-5.159723282,1,-1.577730656,1,-8.149262428,1,0.018145138,1,0.01638047,1,0.010141063,1,0.180961221,1,-0.571101904,1,-0.024249805,1
1.291985631,-5.143763542,1,-1.535162926,1,-8.153839111,1,0.019468173,1,0.017436329,1,0.010343927,1,0.181311995,1,-0.570712328,1,-0.02494061,1
1.295983315,-5.182907581,1,-1.528167129,1,-8.151530266,1,0.021801122,1,0.018979821,1,0.005772349,1,0.181363985,1,-0.570649564,1,-0.02488192,1
1.299983144,-5.185232162,1,-1.590054512,1,-8.15149498,1,0.015977386,1,0.017307764,1,0.00478497,1,0.18141523,1,-0.570584953,1,-0.024836518,1
1.303984642,-5.193143368,1,-1.69170022,1,-8.142498016,1,0.017669799,1,0.017350733,1,0.007187054,1,0.18146041,1,-0.570525825,1,-0.024791952,1
1.307982087,-5.171049595,1,-1.73768127,1,-8.129561424,1,0.016408807,1,0.01703391,1,0.007490538,1,0.181508183,1,-0.570465803,1,-0.024752444,1
1.311981559,-5.175125599,1,-1.720580935,1,-8.147435188,1,0.010983573,1,0.014311504,1,0.008670531,1,0.181532174,1,-0.570401967,1,-0.024701152,1
1.315983057,-5.187630177,1,-1.697843075,1,-8.139636993,1,0.005197804,1,0.014817134,1,0.008120922,1,0.181538731,1,-0.570341766,1,-0.024654973,1
1.319980741,-5.185266018,1,-1.718041182,1,-8.151991844,1,-9.45E-05,1,0.014056819,1,0.009050421,1,0.181520745,1,-0.570286512,1,-0.024602856,1
1.323980331,-5.216460228,1,-1.717667699,1,-8.169126511,1,-0.002251469,1,0.018486479,1,0.004727602,1,0.181483462,1,-0.570216835,1,-0.024547575,1
1.32798183,-5.167428017,1,-1.741137862,1,-8.128121376,1,-0.009484067,1,0.0166572,1,0.010366161,1,0.181434557,1,-0.570156872,1,-0.024498766,1
1.331979513,-5.163751602,1,-1.688213587,1,-8.172862053,1,-0.010175155,1,0.018936332,1,0.006121498,1,0.181372404,1,-0.570090532,1,-0.024442604,1
1.335978985,-5.163702965,1,-1.726515055,1,-8.152943611,1,-0.015216837,1,0.017803287,1,0.010775967,1,0.181286171,1,-0.570024788,1,-0.024380112,1
1.339980602,-5.19229126,1,-1.729360461,1,-8.178112984,1,-0.0195006,1,0.019598255,1,0.008177576,1,0.181180269,1,-0.569967389,1,-0.024308331,1
1.343978524,-5.151603699,1,-1.79361248,1,-8.192584038,1,-0.022481943,1,0.014882625,1,0.016583148,1,0.181058675,1,-0.569904745,1,-0.024241816,1
1.347977996,-5.14413929,1,-1.807064056,1,-8.180683136,1,-0.033150934,1,0.020094415,1,0.019377695,1,0.180893555,1,-0.569855809,1,-0.0241473,1
1.351985455,-5.153264999,1,-1.826754689,1,-8.171859741,1,-0.037809633,1,0.01352978,1,0.018558232,1,0.180696368,1,-0.569806397,1,-0.024049563,1
1.355989218,-5.170801163,1,-1.769373775,1,-8.174609184,1,-0.041962638,1,0.014781647,1,0.025561491,1,0.180469006,1,-0.569767773,1,-0.023936074,1
1.359989047,-5.141770363,1,-1.688416958,1,-8.185839653,1,-0.049088333,1,0.015588406,1,0.022081247,1,0.180224866,1,-0.569732368,1,-0.023817202,1
1.363990545,-5.148443222,1,-1.664281845,1,-8.194252014,1,-0.05280029,1,0.01263875,1,0.022556145,1,0.179972395,1,-0.569698036,1,-0.023712115,1
1.367988229,-5.180024624,1,-1.588862777,1,-8.204748154,1,-0.050149124,1,0.009399594,1,0.018993193,1,0.179711595,1,-0.569670379,1,-0.023609985,1
1.3719877,-5.134232521,1,-1.545842409,1,-8.204481125,1,-0.052887198,1,0.009105017,1,0.017827999,1,0.179453939,1,-0.569647133,1,-0.02351811,1
1.375989556,-5.17506361,1,-1.526943088,1,-8.214000702,1,-0.050878268,1,0.011706921,1,0.017544033,1,0.179192722,1,-0.569616437,1,-0.023427509,1
1.37998724,-5.216496944,1,-1.58404243,1,-8.188122749,1,-0.054546256,1,0.009817444,1,0.015742484,1,0.178938687,1,-0.56958735,1,-0.023350259,1
1.383986473,-5.171321869,1,-1.531183243,1,-8.167284012,1,-0.053366914,1,0.011558555,1,0.015094088,1,0.178683907,1,-0.569556713,1,-0.023281971,1
1.387987971,-5.17341423,1,-1.519540429,1,-8.204681396,1,-0.057631623,1,0.012586181,1,0.006745658,1,0.178428739,1,-0.569518626,1,-0.023218537,1
1.391985655,-5.215326309,1,-1.568535447,1,-8.195671082,1,-0.062263932,1,0.009628872,1,0.005354404,1,0.178175181,1,-0.569481254,1,-0.023190003,1
1.395985126,-5.199151516,1,-1.568283439,1,-8.220599174,1,-0.063916631,1,0.007083398,1,0.001093165,1,0.177913204,1,-0.569449782,1,-0.023162026,1
1.399986744,-5.222432613,1,-1.606442928,1,-8.214690208,1,-0.061208498,1,0.007684972,1,0.002970668,1,0.177641362,1,-0.569419384,1,-0.023136321,1
1.403984427,-5.223262787,1,-1.558990359,1,-8.229942322,1,-0.062831588,1,0.009920938,1,-0.000944973,1,0.177386925,1,-0.569390595,1,-0.023132956,1
1.407983899,-5.233459949,1,-1.571337938,1,-8.237395287,1,-0.065840699,1,0.005673667,1,-0.000498893,1,0.177125886,1,-0.569358349,1,-0.023135383,1
1.411985397,-5.196676731,1,-1.593466401,1,-8.229356766,1,-0.066800207,1,0.006256261,1,-0.004556862,1,0.176863387,1,-0.56933707,1,-0.023138564,1
1.415983081,-5.217315197,1,-1.55641818,1,-8.212939262,1,-0.062482916,1,0.005578419,1,-0.006520728,1,0.176606104,1,-0.569313943,1,-0.023153456,1
1.419982553,-5.225252151,1,-1.592112541,1,-8.253697395,1,-0.059673194,1,0.007005253,1,-0.004703359,1,0.176369861,1,-0.569291353,1,-0.023179168,1
1.42398417,-5.197681904,1,-1.573207974,1,-8.231071472,1,-0.063315138,1,0.001022555,1,-0.006378895,1,0.176133141,1,-0.569276631,1,-0.02320045,1
1.427981853,-5.171683311,1,-1.510459065,1,-8.227349281,1,-0.058474969,1,0.00183274,1,-0.009860473,1,0.17591083,1,-0.56926167,1,-0.023233052,1
1.431981325,-5.15860939,1,-1.534351587,1,-8.234942436,1,-0.052977759,1,-0.003115351,1,-0.011562382,1,0.175697923,1,-0.569259226,1,-0.023274409,1
1.435982823,-5.187571049,1,-1.577284694,1,-8.224915504,1,-0.052356303,1,-0.003619519,1,-0.010610377,1,0.1755061,1,-0.569267631,1,-0.023323972,1
1.439980745,-5.15081501,1,-1.62108469,1,-8.27877903,1,-0.052355599,1,-0.00546291,1,-0.014837603,1,0.175340191,1,-0.569282949,1,-0.023390016,1
1.443980336,-5.129200935,1,-1.601009965,1,-8.257035255,1,-0.048608787,1,-0.009751079,1,-0.013902069,1,0.175180733,1,-0.569307625,1,-0.023463299,1
1.447981834,-5.155471325,1,-1.549336791,1,-8.258729935,1,-0.046155233,1,-0.014411013,1,-0.01470359,1,0.175034165,1,-0.569346368,1,-0.02353991,1
1.451979518,-5.147571564,1,-1.586792946,1,-8.220787048,1,-0.043896224,1,-0.015198838,1,-0.012749545,1,0.17489849,1,-0.569391668,1,-0.023611756,1
1.45597899,-5.175277233,1,-1.545311093,1,-8.247514725,1,-0.042774662,1,-0.015205333,1,-0.015229563,1,0.174772337,1,-0.569447696,1,-0.023698667,1
1.459980488,-5.148003578,1,-1.590303898,1,-8.245968819,1,-0.038582504,1,-0.018378668,1,-0.01308639,1,0.174655914,1,-0.569503069,1,-0.023776503,1
1.463978291,-5.206221581,1,-1.583362103,1,-8.218565941,1,-0.033665948,1,-0.025415024,1,-0.013452996,1,0.174551517,1,-0.569579422,1,-0.023858208,1
1.467977762,-5.136395454,1,-1.574447036,1,-8.173872948,1,-0.033548411,1,-0.016331611,1,-0.014295119,1,0.174451903,1,-0.569651127,1,-0.023936929,1
1.471985459,-5.199119091,1,-1.557979703,1,-8.218129158,1,-0.028991826,1,-0.02324786,1,-0.0099156,1,0.17436561,1,-0.569735169,1,-0.024015538,1
1.475988984,-5.230866432,1,-1.580090046,1,-8.206616402,1,-0.033128396,1,-0.022808688,1,-0.012145191,1,0.174274504,1,-0.569817007,1,-0.024084574,1
1.479988456,-5.213083744,1,-1.620364189,1,-8.146011353,1,-0.033992745,1,-0.020055871,1,-0.018116672,1,0.174179301,1,-0.569892466,1,-0.024163214,1
1.483990073,-5.210858822,1,-1.592562556,1,-8.167966843,1,-0.033599716,1,-0.019176412,1,-0.014915125,1,0.174094439,1,-0.569958925,1,-0.024250662,1
1.487987757,-5.216601372,1,-1.607714057,1,-8.150821686,1,-0.0369654,1,-0.021813385,1,-0.009623582,1,0.174002022,1,-0.570030272,1,-0.024333678,1
1.491987228,-5.190707207,1,-1.693317771,1,-8.205666542,1,-0.040173095,1,-0.015185433,1,-0.016972002,1,0.173895419,1,-0.570087969,1,-0.024410192,1
1.495988727,-5.17744875,1,-1.659952283,1,-8.20067215,1,-0.040602222,1,-0.017682604,1,-0.010005154,1,0.173782438,1,-0.570147455,1,-0.024490044,1
1.499986172,-5.135029316,1,-1.658892274,1,-8.212552071,1,-0.041229527,1,-0.018264592,1,-0.011586951,1,0.173656642,1,-0.570202768,1,-0.024564646,1
1.503985882,-5.142379761,1,-1.701388717,1,-8.189339638,1,-0.044089757,1,-0.015693249,1,-0.008784041,1,0.173517019,1,-0.570263803,1,-0.024624912,1
1.507987738,-5.189958572,1,-1.666829586,1,-8.151777267,1,-0.048284117,1,-0.021688107,1,-0.006602563,1,0.173361272,1,-0.570329547,1,-0.024674108,1
1.511985421,-5.165225506,1,-1.710044384,1,-8.160323143,1,-0.05220405,1,-0.013686269,1,-0.004273603,1,0.17318666,1,-0.570392847,1,-0.024712007,1
1.515984893,-5.149364471,1,-1.695025325,1,-8.197250366,1,-0.048111293,1,-0.012481155,1,-0.001721181,1,0.172999799,1,-0.570453286,1,-0.024735427,1
1.519986391,-5.173962116,1,-1.651131392,1,-8.170789719,1,-0.051409338,1,-0.016217921,1,0.001699264,1,0.172803223,1,-0.570514977,1,-0.024746528,1
1.523983836,-5.161856174,1,-1.607085347,1,-8.20197773,1,-0.052476536,1,-0.015748804,1,0.001410828,1,0.17259942,1,-0.570573807,1,-0.024750059,1
1.527983665,-5.189938068,1,-1.541259885,1,-8.205231667,1,-0.048512977,1,-0.016073629,1,0.002553546,1,0.172406435,1,-0.57063508,1,-0.02475515,1
1.531985164,-5.201425076,1,-1.598894119,1,-8.169480324,1,-0.047359753,1,-0.01744418,1,0.001349833,1,0.172211871,1,-0.570709229,1,-0.024750864,1
1.535982847,-5.178444386,1,-1.651001215,1,-8.19479847,1,-0.045941208,1,-0.018811895,1,0.008265156,1,0.172026813,1,-0.570775568,1,-0.024739735,1
1.539982319,-5.169266224,1,-1.68829596,1,-8.19205761,1,-0.050623253,1,-0.012594456,1,0.009571979,1,0.172197163,1,-0.570565939,1,-0.024650011,1
1.543983817,-5.169350624,1,-1.704020262,1,-8.179665565,1,-0.0466538,1,-0.01910319,1,0.011001809,1,0.171959713,1,-0.570563376,1,-0.025474118,1
1.54798162,-5.186079025,1,-1.631186485,1,-8.177894592,1,-0.050058104,1,-0.019864373,1,0.011205857,1,0.171748683,1,-0.570646822,1,-0.025436947,1
1.551981091,-5.176750183,1,-1.64441359,1,-8.215869904,1,-0.048656341,1,-0.019425068,1,0.013276576,1,0.171529725,1,-0.570726812,1,-0.025386332,1
1.555982828,-5.177462101,1,-1.600673437,1,-8.173381805,1,-0.050290465,1,-0.016233964,1,0.013338798,1,0.171301201,1,-0.570804477,1,-0.025330586,1
1.559980512,-5.166007042,1,-1.622418284,1,-8.188234329,1,-0.049480394,1,-0.018253375,1,0.015500532,1,0.171075448,1,-0.570889115,1,-0.02527027,1
1.563979983,-5.211769581,1,-1.64827323,1,-8.182973862,1,-0.048025172,1,-0.015732579,1,0.01936109,1,0.170842156,1,-0.570966125,1,-0.025203913,1
1.567981839,-5.202670097,1,-1.706051946,1,-8.170681953,1,-0.052229788,1,-0.020724135,1,0.021128282,1,0.170603812,1,-0.571053743,1,-0.025131559,1
1.571979523,-5.172293186,1,-1.696784139,1,-8.172825813,1,-0.050591223,1,-0.01920498,1,0.022077005,1,0.170349568,1,-0.57114625,1,-0.025044048,1
1.575978994,-5.15847683,1,-1.617735863,1,-8.173211098,1,-0.057074014,1,-0.01876821,1,0.019416735,1,0.17009367,1,-0.571230471,1,-0.024956513,1
1.579980493,-5.144183159,1,-1.539683223,1,-8.207203865,1,-0.048709445,1,-0.013023033,1,0.029071271,1,0.169827566,1,-0.571320236,1,-0.024852972,1
1.583978295,-5.16981554,1,-1.495298862,1,-8.203087807,1,-0.05304211,1,-0.021412078,1,0.029326715,1,0.169552475,1,-0.571399629,1,-0.024739096,1
1.587978005,-5.186809063,1,-1.542079329,1,-8.195130348,1,-0.052406605,1,-0.015730403,1,0.026331976,1,0.169289753,1,-0.571494758,1,-0.024626158,1
1.591985703,-5.169064999,1,-1.540297508,1,-8.180784225,1,-0.05306311,1,-0.020668041,1,0.027557697,1,0.169019371,1,-0.571582377,1,-0.024510717,1
1.595989466,-5.176399231,1,-1.559720397,1,-8.189243317,1,-0.050222717,1,-0.018488217,1,0.030090392,1,0.168745741,1,-0.571679592,1,-0.024390385,1
1.599989533,-5.177345753,1,-1.552210808,1,-8.200687408,1,-0.051698353,1,-0.021932922,1,0.031945359,1,0.168482617,1,-0.571773708,1,-0.024269685,1
1.603991032,-5.174262047,1,-1.604902625,1,-8.210188866,1,-0.049615484,1,-0.016374212,1,0.035941228,1,0.168201327,1,-0.571871519,1,-0.024130125,1
1.607988715,-5.170194626,1,-1.556867838,1,-8.230600357,1,-0.053407919,1,-0.023707498,1,0.036428332,1,0.167917475,1,-0.571975827,1,-0.023980418,1
1.611988425,-5.129480839,1,-1.585341215,1,-8.217105865,1,-0.048560508,1,-0.020908296,1,0.035224449,1,0.167640924,1,-0.572087348,1,-0.023840556,1
1.615990043,-5.197753429,1,-1.558997393,1,-8.246693611,1,-0.05436888,1,-0.021799048,1,0.033711031,1,0.167344451,1,-0.572194576,1,-0.023674296,1
1.619987488,-5.17301321,1,-1.59286499,1,-8.251964569,1,-0.048748892,1,-0.02808563,1,0.040826898,1,0.16705437,1,-0.572313428,1,-0.023511741,1
1.623987198,-5.145563602,1,-1.659342051,1,-8.231616974,1,-0.053923141,1,-0.028385773,1,0.039541587,1,0.166755825,1,-0.572440088,1,-0.023338692,1
1.627988696,-5.170154572,1,-1.568360209,1,-8.265478134,1,-0.046155915,1,-0.031318683,1,0.04376236,1,0.166456163,1,-0.572585881,1,-0.023164317,1
1.63198638,-5.191371441,1,-1.543571472,1,-8.281537056,1,-0.049716715,1,-0.03366255,1,0.047724977,1,0.166144878,1,-0.572740257,1,-0.022981878,1
1.63598597,-5.139392376,1,-1.52643168,1,-8.266832352,1,-0.051686965,1,-0.034782331,1,0.045779806,1,0.165829733,1,-0.572902143,1,-0.022790153,1
1.639987469,-5.121350288,1,-1.62170589,1,-8.289438248,1,-0.054646704,1,-0.043774549,1,0.04758811,1,0.165522352,1,-0.573082685,1,-0.022601001,1
1.643985152,-5.143957615,1,-1.56223166,1,-8.287216187,1,-0.045859948,1,-0.048058383,1,0.05060536,1,0.165212154,1,-0.573293507,1,-0.022403572,1
1.647984624,-5.150316715,1,-1.674553633,1,-8.283490181,1,-0.056247793,1,-0.048183691,1,0.054137375,1,0.164895415,1,-0.57351476,1,-0.022207795,1
1.65198648,-5.207585335,1,-1.731233835,1,-8.33712101,1,-0.059597064,1,-0.056047771,1,0.055664577,1,0.164535925,1,-0.573756158,1,-0.021985302,1
1.655984402,-5.171083927,1,-1.748239994,1,-8.320807457,1,-0.064364642,1,-0.058921754,1,0.054605629,1,0.164174169,1,-0.574020147,1,-0.021767067,1
1.659983873,-5.137430668,1,-1.736945987,1,-8.308804512,1,-0.069029331,1,-0.064819634,1,0.061443795,1,0.163784206,1,-0.574296951,1,-0.021535203,1
1.66398561,-5.188177109,1,-1.643211961,1,-8.373428345,1,-0.074119389,1,-0.067512304,1,0.066199973,1,0.163362205,1,-0.57460314,1,-0.021283438,1
1.667983413,-5.1796031,1,-1.573692203,1,-8.375547409,1,-0.074028112,1,-0.071155496,1,0.065662995,1,0.162928373,1,-0.574925005,1,-0.021030301,1
1.671982884,-5.233681679,1,-1.517233133,1,-8.31883812,1,-0.076760128,1,-0.074846707,1,0.070882551,1,0.162487984,1,-0.575257003,1,-0.020784168,1
1.675984383,-5.236048698,1,-1.562549472,1,-8.308251381,1,-0.077841252,1,-0.085895531,1,0.06593962,1,0.162045851,1,-0.575625598,1,-0.020535931,1
1.679982066,-5.28738451,1,-1.521594524,1,-8.328866959,1,-0.078366913,1,-0.087026447,1,0.067282714,1,0.161588281,1,-0.57600385,1,-0.020285876,1
1.683981776,-5.328186989,1,-1.536486506,1,-8.301141739,1,-0.077490881,1,-0.082313128,1,0.066943541,1,0.16115196,1,-0.576389909,1,-0.020051468,1
1.687983632,-5.278056622,1,-1.483475924,1,-8.316656113,1,-0.084757991,1,-0.088610724,1,0.064342268,1,0.16068843,1,-0.576771379,1,-0.019813655,1
1.691981316,-5.331448555,1,-1.468225718,1,-8.312488556,1,-0.085362837,1,-0.085770987,1,0.063496336,1,0.16022341,1,-0.577159047,1,-0.01958205,1
1.695981026,-5.269188404,1,-1.563064337,1,-8.257193565,1,-0.088082969,1,-0.092258781,1,0.056429192,1,0.159759372,1,-0.577552199,1,-0.019358918,1
1.699982643,-5.299274445,1,-1.695140958,1,-8.262155533,1,-0.088368118,1,-0.088482171,1,0.063864313,1,0.159273401,1,-0.577950656,1,-0.019131435,1
1.703980327,-5.295795918,1,-1.828527927,1,-8.376134872,1,-0.08041779,1,-0.098859668,1,0.071136378,1,0.158799827,1,-0.578355789,1,-0.018886887,1
1.707979798,-5.172908783,1,-1.912112474,1,-8.319535255,1,-0.074358061,1,-0.10514053,1,0.078830913,1,0.158336118,1,-0.578803658,1,-0.018617367,1
1.711987495,-5.10693264,1,-2.007326841,1,-8.429821014,1,-0.069275998,1,-0.114579223,1,0.097965881,1,0.15787138,1,-0.579291046,1,-0.018292513,1
1.71599102,-4.935894966,1,-2.153690338,1,-8.544756889,1,-0.044221111,1,-0.132935956,1,0.123007931,1,0.157409221,1,-0.579839528,1,-0.017865242,1
1.71999073,-4.663511276,1,-2.261024237,1,-8.66108799,1,-0.013909931,1,-0.162235186,1,0.15890047,1,0.156985685,1,-0.580503881,1,-0.01731302,1
1.723992348,-4.23445034,1,-2.599661112,1,-8.937496185,1,0.009001724,1,-0.210947886,1,0.216759861,1,0.156557217,1,-0.581353366,1,-0.01657152,1
1.72799027,-3.689077854,1,-3.38953495,1,-9.130817413,1,0.045843933,1,-0.279494286,1,0.314890981,1,0.156086937,1,-0.582471728,1,-0.015510036,1
1.731989741,-3.846963406,1,-3.637635946,1,-9.193943977,1,0.085081838,1,-0.357492119,1,0.421079904,1,0.155528635,1,-0.583969414,1,-0.014006031,1
1.73599124,-3.968422174,1,-3.808666706,1,-8.816205978,1,0.105326474,1,-0.414681524,1,0.523005128,1,0.154823363,1,-0.585787535,1,-0.01204798,1
1.739989042,-5.266657829,1,-3.401366234,1,-9.277846336,1,0.097700328,1,-0.434648365,1,0.559028864,1,0.153961539,1,-0.587811291,1,-0.009760573,1
1.743988514,-5.305077553,1,-2.367547512,1,-10.36836147,1,0.086593539,1,-0.496070504,1,0.508942544,1,0.153098166,1,-0.589968562,1,-0.007544339,1
1.747990012,-6.084617615,1,-1.64642179,1,-9.979234695,1,0.135030314,1,-0.613248885,1,0.402236193,1,0.152555704,1,-0.592433035,1,-0.005761095,1
1.751987696,-5.73629427,1,-0.633671939,1,-9.712070465,1,0.17350252,1,-0.62872082,1,0.293868631,1,0.152481034,1,-0.595110536,1,-0.004561075,1
1.755987167,-4.720468998,1,-1.959000349,1,-10.68059921,1,0.219724149,1,-0.679682553,1,0.259947658,1,0.152823791,1,-0.597845078,1,-0.003756721,1
1.759989023,-4.674142361,1,-3.18099165,1,-10.68702412,1,0.220030755,1,-0.75230062,1,0.281860411,1,0.153268188,1,-0.600851655,1,-0.002985709,1
1.763986707,-5.275622368,1,-3.127468348,1,-11.11833763,1,0.218201563,1,-0.777880907,1,0.271352172,1,0.153708965,1,-0.604047835,1,-0.00221139,1
1.767986178,-5.719851494,1,-3.581663132,1,-12.6033783,1,0.212321103,1,-0.851673126,1,0.236498415,1,0.154223248,1,-0.607411206,1,-0.001594647,1
1.771987915,-6.412322044,1,-3.574193478,1,-12.76634121,1,0.161659762,1,-0.934778094,1,0.189413384,1,0.154766589,1,-0.611045361,1,-0.001234385,1
1.775985718,-6.110146046,1,-4.523181915,1,-12.02005005,1,0.078668132,1,-0.99205333,1,0.190620556,1,0.155162975,1,-0.614982426,1,-0.001054728,1
1.779984951,-7.344260216,1,-3.389241695,1,-11.99165154,1,0.041122172,1,-1.10345757,1,0.285728961,1,0.155203313,1,-0.619263351,1,-0.000714973,1
1.783986449,-8.159453392,1,-4.786273003,1,-12.01618862,1,-0.076931693,1,-1.193021655,1,0.411266744,1,0.154671505,1,-0.624042273,1,0.000129332,1
1.787984133,-7.544426918,1,-5.289773941,1,-11.89150143,1,-0.314002693,1,-1.197098851,1,0.53238517,1,0.153155893,1,-0.629092813,1,0.001520595,1
1.791983843,-9.41583252,1,-6.41086483,1,-11.00772762,1,-0.416734904,1,-1.296847343,1,0.606031656,1,0.150622562,1,-0.634223819,1,0.002496903,1
1.795985699,-9.639910698,1,-5.947877884,1,-11.4379921,1,-0.695812821,1,-1.374903321,1,0.702481687,1,0.147022769,1,-0.63991791,1,0.004765495,1
1.799983382,-10.16323376,1,-5.956222057,1,-11.94087887,1,-0.913809717,1,-1.40484798,1,0.720103621,1,0.142272905,1,-0.645846844,1,0.007280424,1
1.803983092,-12.94536018,1,-5.108086586,1,-12.96581364,1,-1.032711506,1,-1.32443893,1,0.709906518,1,0.136789188,1,-0.65166533,1,0.009873748,1
1.807984591,-14.08503342,1,-3.80748868,1,-14.52580261,1,-1.007040739,1,-1.182138801,1,0.675826073,1,0.131058395,1,-0.657014847,1,0.012515994,1
1.811982393,-13.2485981,1,-3.805063009,1,-15.78079605,1,-0.911654174,1,-0.951630712,1,0.629244566,1,0.125648856,1,-0.661600828,1,0.015094057,1
1.815981865,-11.24738407,1,-3.861667633,1,-16.07320595,1,-0.859921873,1,-0.707171559,1,0.60942471,1,0.120511606,1,-0.665186882,1,0.017691527,1
1.81998384,-8.781578064,1,-3.5395751,1,-15.42366695,1,-0.811006606,1,-0.569018304,1,0.632666409,1,0.115471013,1,-0.667974412,1,0.020434435,1
1.82398212,-5.843550205,1,-3.48619175,1,-14.35201931,1,-0.762791276,1,-0.526449561,1,0.721453309,1,0.110410288,1,-0.670435786,1,0.023533994,1
1.827981591,-3.848904371,1,-3.658013821,1,-13.23737812,1,-0.71315372,1,-0.558949351,1,0.85226047,1,0.105117381,1,-0.672882438,1,0.027219377,1
1.83198905,-2.294654608,1,-3.707705259,1,-12.34865093,1,-0.715714693,1,-0.689450026,1,1.053882599,1,0.099473536,1,-0.675781727,1,0.031731699,1
1.835992813,-2.012678385,1,-4.190160751,1,-12.65385628,1,-0.744880497,1,-0.79560262,1,1.261978865,1,0.09307953,1,-0.679183185,1,0.037280757,1
1.839992523,-2.188602448,1,-4.443953037,1,-12.83318329,1,-0.792983711,1,-0.877302349,1,1.451286674,1,0.085865684,1,-0.683009386,1,0.043851558,1
1.843994141,-1.763123989,1,-4.611702919,1,-12.83761787,1,-0.845770299,1,-0.928866744,1,1.628822446,1,0.077808358,1,-0.687120259,1,0.051407255,1
1.847991824,-1.458149195,1,-4.186325073,1,-13.0524559,1,-0.855934381,1,-0.941254377,1,1.767186522,1,0.069043986,1,-0.691361248,1,0.059831575,1
1.851991296,-1.849350333,1,-4.041377068,1,-13.65986061,1,-0.836869776,1,-0.912895679,1,1.884841442,1,0.059782255,1,-0.695538461,1,0.069025159,1
1.855993032,-2.09681201,1,-4.381647587,1,-14.24274445,1,-0.823071182,1,-0.83964318,1,1.967783451,1,0.050166782,1,-0.699469864,1,0.07882338,1
1.859990835,-1.637884021,1,-4.746660233,1,-14.32586956,1,-0.804774284,1,-0.736968935,1,2.014805079,1,0.040313542,1,-0.702985048,1,0.089052469,1
1.863990307,-0.809150934,1,-5.020802975,1,-14.18239594,1,-0.788938403,1,-0.628642261,1,2.029919863,1,0.030334171,1,-0.705997586,1,0.099547379,1
1.867992043,-0.274142742,1,-5.206891537,1,-14.15059185,1,-0.775282323,1,-0.529954195,1,2.027256489,1,0.020324605,1,-0.708525598,1,0.110141419,1
1.871989727,0.337179035,1,-5.3299613,1,-14.04614449,1,-0.753892183,1,-0.439970672,1,2.011315823,1,0.010360018,1,-0.710584223,1,0.120753348,1
1.875989199,1.130800605,1,-5.444023132,1,-13.79058552,1,-0.724635363,1,-0.354135334,1,1.971996069,1,0.000536065,1,-0.712209284,1,0.131270334,1
1.879990816,1.903146863,1,-5.30032444,1,-13.53835106,1,-0.676242471,1,-0.281522632,1,1.918696284,1,-0.009003136,1,-0.713445425,1,0.141568929,1
1.883988261,2.39854002,1,-5.188169956,1,-13.36923504,1,-0.617545366,1,-0.219586968,1,1.84841013,1,-0.018131411,1,-0.714346647,1,0.151556,1
1.887987971,2.638740063,1,-5.179821968,1,-13.28775883,1,-0.546673536,1,-0.158776551,1,1.770529509,1,-0.026762096,1,-0.714938998,1,0.161164984,1
1.89198947,3.228203535,1,-5.331999779,1,-13.1507616,1,-0.457871765,1,-0.099626362,1,1.66371274,1,-0.034775987,1,-0.715233028,1,0.170290515,1
1.895987153,3.050834417,1,-5.397799015,1,-13.05135727,1,-0.378111273,1,-0.04190173,1,1.547646999,1,-0.042024717,1,-0.715277493,1,0.178801954,1
1.899986744,3.138206959,1,-5.509737968,1,-12.9120903,1,-0.304576039,1,0.019726314,1,1.423138142,1,-0.048560292,1,-0.715046167,1,0.186681643,1
1.903988719,3.289718151,1,-5.525837898,1,-12.8438549,1,-0.24239631,1,0.100337937,1,1.287037611,1,-0.054338969,1,-0.714531779,1,0.193837434,1
1.907986641,2.953054667,1,-5.614421844,1,-12.7842226,1,-0.186508849,1,0.179242522,1,1.146687746,1,-0.059365738,1,-0.713699818,1,0.200225681,1
1.911986232,4.100231647,1,-5.570291042,1,-12.53898048,1,-0.118334211,1,0.248066023,1,0.986213148,1,-0.063635714,1,-0.712543547,1,0.205788836,1
1.91598773,3.886521101,1,-5.409496307,1,-12.25168705,1,-0.067387618,1,0.298097283,1,0.832081437,1,-0.067079008,1,-0.711218536,1,0.210489929,1
1.919985414,4.157466888,1,-5.093597412,1,-12.18742371,1,-0.026682094,1,0.361893475,1,0.672934234,1,-0.069781289,1,-0.709691048,1,0.214326635,1
1.923984885,4.374579906,1,-4.914442539,1,-12.04839039,1,0.039635185,1,0.415235609,1,0.513137698,1,-0.07167948,1,-0.707967699,1,0.217282638,1
1.927986383,4.696547031,1,-4.799719334,1,-11.8104353,1,0.082306482,1,0.443939626,1,0.359174639,1,-0.072813168,1,-0.706130445,1,0.219409928,1
1.931984425,4.25805521,1,-4.60471344,1,-11.89538383,1,0.099304259,1,0.497217745,1,0.206363335,1,-0.073283613,1,-0.704185665,1,0.220724285,1
1.935983896,4.599889755,1,-4.447174072,1,-11.84144211,1,0.16622819,1,0.522774458,1,0.049181912,1,-0.073020115,1,-0.702118993,1,0.221185848,1
1.939985394,4.625158787,1,-4.273654461,1,-11.66989994,1,0.200394422,1,0.563370466,1,-0.099203244,1,-0.072066829,1,-0.69995904,1,0.22084789,1
1.943983078,4.505307198,1,-4.015981197,1,-11.65910053,1,0.230642289,1,0.611383379,1,-0.240316406,1,-0.070498087,1,-0.69766736,1,0.219751567,1
1.947982907,4.547116756,1,-3.774857283,1,-11.53484917,1,0.265367031,1,0.664600909,1,-0.380731851,1,-0.068306394,1,-0.69520247,1,0.217901126,1
1.951990485,4.676174641,1,-3.513285398,1,-11.43281174,1,0.290826499,1,0.711901069,1,-0.515790164,1,-0.06555818,1,-0.692571402,1,0.21533756,1
1.955994129,4.699213982,1,-3.198913097,1,-11.31284618,1,0.318859726,1,0.760672331,1,-0.638585031,1,-0.062273331,1,-0.689779103,1,0.212100029,1
1.959993839,4.816544056,1,-2.898652554,1,-11.18299675,1,0.335999429,1,0.806744933,1,-0.753032863,1,-0.058528624,1,-0.686816156,1,0.208274022,1
1.963995337,4.80527544,1,-2.641220331,1,-11.07689953,1,0.350728273,1,0.853780448,1,-0.858299971,1,-0.054366395,1,-0.683680415,1,0.203873694,1
1.96799314,4.903542519,1,-2.339937687,1,-10.9487133,1,0.368480444,1,0.899603903,1,-0.958640993,1,-0.049829543,1,-0.680363655,1,0.198958501,1
1.971992612,4.809089661,1,-2.023845673,1,-10.82634735,1,0.386304647,1,0.949956357,1,-1.045662403,1,-0.044955332,1,-0.67685616,1,0.193594977,1
1.97599411,4.757207394,1,-1.883740783,1,-10.72447586,1,0.395929545,1,1.009408355,1,-1.124107361,1,-0.039777488,1,-0.67312485,1,0.187825993,1
1.979991794,4.662574768,1,-1.683300257,1,-10.62709427,1,0.410818428,1,1.078075171,1,-1.184743762,1,-0.034382299,1,-0.669127584,1,0.18174617,1
1.983991504,4.593312263,1,-1.540604949,1,-10.57636833,1,0.418938518,1,1.142984271,1,-1.23935461,1,-0.02879883,1,-0.664847016,1,0.175398096,1
1.987993121,4.354749203,1,-1.331116438,1,-10.51333904,1,0.428595603,1,1.233550668,1,-1.278667331,1,-0.023077777,1,-0.660226107,1,0.168852836,1
1.991990805,4.173034191,1,-1.101315737,1,-10.42385674,1,0.44400987,1,1.336730242,1,-1.316601515,1,-0.017240955,1,-0.655195653,1,0.162154064,1
1.995990276,4.044840813,1,-0.888941526,1,-10.36250591,1,0.457631856,1,1.438654423,1,-1.340245724,1,-0.01131742,1,-0.649721861,1,0.155357063,1
1.999992013,4.013321877,1,-0.768511355,1,-10.27675533,1,0.473340333,1,1.544451475,1,-1.356957316,1,-0.005352298,1,-0.643797338,1,0.148526043,1
2.003989697,3.995985508,1,-0.621655583,1,-10.17275906,1,0.487539947,1,1.645778179,1,-1.367583275,1,0.000640473,1,-0.637433767,1,0.141710594,1
2.007989168,3.952086687,1,-0.517074823,1,-10.03796101,1,0.506239593,1,1.747036576,1,-1.362202287,1,0.006632222,1,-0.63063097,1,0.134953797,1
2.011990786,3.898000956,1,-0.461001605,1,-9.899951935,1,0.522572994,1,1.842149496,1,-1.352483153,1,0.012579456,1,-0.62339735,1,0.128328994,1
2.015988588,3.793328047,1,-0.441125035,1,-9.747139931,1,0.527175725,1,1.929144859,1,-1.335502386,1,0.018432066,1,-0.615773499,1,0.121870391,1
2.01998806,3.624370337,1,-0.426194727,1,-9.675147057,1,0.543036819,1,2.004014015,1,-1.308679223,1,0.024158817,1,-0.607795417,1,0.11561501,1
2.023989439,3.479752302,1,-0.301147401,1,-9.555932045,1,0.551352203,1,2.079951525,1,-1.281918764,1,0.029766919,1,-0.599483967,1,0.109590538,1
2.02798748,3.233609676,1,-0.148591861,1,-9.48707962,1,0.573960423,1,2.154585361,1,-1.244137406,1,0.035250179,1,-0.590853572,1,0.103813782,1
2.031986952,3.065592766,1,-0.015032807,1,-9.41443634,1,0.602253795,1,2.221995115,1,-1.213441372,1,0.040646162,1,-0.581911027,1,0.098310366,1
2.035988331,2.793834686,1,0.124405965,1,-9.300326347,1,0.641835213,1,2.287171364,1,-1.179438353,1,0.045995131,1,-0.57269311,1,0.093065605,1
2.039985895,2.470492363,1,0.169182435,1,-9.250052452,1,0.69176811,1,2.362432241,1,-1.144037008,1,0.056540422,1,-0.546123147,1,0.08093264,1
2.043985367,2.191992521,1,0.183714896,1,-9.138333321,1,0.733815551,1,2.429155588,1,-1.114450693,1,0.061709229,1,-0.536213994,1,0.075874709,1
2.047987223,2.001804352,1,0.1298282,1,-8.960763931,1,0.776494384,1,2.501328707,1,-1.078897595,1,0.066932455,1,-0.526093006,1,0.071536101,1
2.051984787,1.857239246,1,-0.028146336,1,-8.781707764,1,0.811221778,1,2.558005095,1,-1.046306014,1,0.07213252,1,-0.515710294,1,0.067457825,1
2.05598402,1.685290575,1,-0.124818549,1,-8.617589951,1,0.847698927,1,2.600937605,1,-1.011944771,1,0.077320956,1,-0.505113065,1,0.063633218,1
2.059985638,1.412251353,1,-0.086825393,1,-8.540271759,1,0.877075613,1,2.635700703,1,-0.990334153,1,0.08248774,1,-0.494352639,1,0.060046092,1
2.063983202,1.040549755,1,-0.089271396,1,-8.447846413,1,0.909841061,1,2.659970045,1,-0.965462804,1,0.087644704,1,-0.483473897,1,0.056654148,1
2.067982912,0.554573059,1,-0.166532248,1,-8.369502068,1,0.932162046,1,2.682687283,1,-0.947868526,1,0.092812054,1,-0.472486943,1,0.053445242,1
2.071984291,0.038952075,1,-0.307614237,1,-8.268771172,1,0.952415824,1,2.71425128,1,-0.940377057,1,0.097955666,1,-0.461383402,1,0.050390169,1
2.075988054,-0.437582433,1,-0.359189302,1,-8.177895546,1,0.972101092,1,2.751710176,1,-0.931025267,1,0.103092484,1,-0.450132757,1,0.047473345,1
2.079987764,-0.836229324,1,-0.439428866,1,-8.137590408,1,0.978011966,1,2.77812171,1,-0.915128469,1,0.108178616,1,-0.438757598,1,0.044699997,1
2.08398962,-1.189458013,1,-0.506456017,1,-8.097202301,1,0.987516165,1,2.805177689,1,-0.905246496,1,0.1132202,1,-0.427250624,1,0.042064186,1
2.087987185,-1.46312201,1,-0.504126608,1,-8.113874435,1,0.996874332,1,2.825889111,1,-0.891331255,1,0.11820358,1,-0.415642887,1,0.03957871,1
2.091986656,-1.74388361,1,-0.462495744,1,-8.034853935,1,1.014612317,1,2.831917763,1,-0.870285392,1,0.1231566,1,-0.403984785,1,0.037250165,1
2.095988274,-2.022363424,1,-0.427293926,1,-8.132322311,1,1.043706298,1,2.827295303,1,-0.843976557,1,0.128105193,1,-0.392320514,1,0.035086077,1
2.0999856,-2.531657934,1,-0.36467734,1,-8.289180756,1,1.094839215,1,2.829273939,1,-0.814544201,1,0.133125186,1,-0.380677551,1,0.03311637,1
2.103985071,-3.259145737,1,-0.378614575,1,-8.505865097,1,1.152618408,1,2.826107979,1,-0.79816699,1,0.138268992,1,-0.369033098,1,0.031326368,1
2.107986689,-3.972084522,1,-0.356494486,1,-8.522120476,1,1.211846828,1,2.838717461,1,-0.785216928,1,0.143582866,1,-0.357371807,1,0.029676247,1
2.111984491,-4.569975853,1,-0.423554093,1,-8.544519424,1,1.26328361,1,2.84964323,1,-0.782021463,1,0.149058238,1,-0.345661938,1,0.028135508,1
2.115984201,-5.064530373,1,-0.525737107,1,-8.564840317,1,1.304324865,1,2.861976147,1,-0.789833248,1,0.154677734,1,-0.333880484,1,0.026680559,1
2.11998558,-5.251981258,1,-0.657722354,1,-8.559333801,1,1.346178532,1,2.860559702,1,-0.798297644,1,0.160441175,1,-0.322074592,1,0.025276359,1
2.123983383,-5.258594036,1,-0.624481857,1,-8.473511696,1,1.381247163,1,2.846652508,1,-0.802510023,1,0.166326657,1,-0.310289025,1,0.023899458,1
2.127983093,-5.437366009,1,-0.732907474,1,-8.444795609,1,1.417729616,1,2.79947257,1,-0.810266316,1,0.172334611,1,-0.298611224,1,0.022544203,1
2.131984949,-5.572535992,1,-0.776040912,1,-8.399609566,1,1.447170854,1,2.729793549,1,-0.814443111,1,0.178449497,1,-0.287155092,1,0.021214209,1
2.135982513,-5.940993786,1,-0.679454982,1,-8.20516777,1,1.478478074,1,2.663623571,1,-0.818852246,1,0.184662223,1,-0.27595365,1,0.019894952,1
2.139981985,-6.264089584,1,-0.56769377,1,-8.02028656,1,1.511016488,1,2.584680319,1,-0.821754336,1,0.190994248,1,-0.26502797,1,0.018584102,1
2.143983841,-6.486780167,1,-0.63000536,1,-7.894526958,1,1.535173416,1,2.499836206,1,-0.823065877,1,0.197422847,1,-0.254419357,1,0.01727587,1
2.147981644,-6.593036652,1,-0.539661586,1,-7.776187897,1,1.558629394,1,2.406857967,1,-0.824196875,1,0.203942776,1,-0.2441407,1,0.015963912,1
2.151981115,-6.691016674,1,-0.548804581,1,-7.631879807,1,1.568465829,1,2.307337999,1,-0.820345581,1,0.21051307,1,-0.234226823,1,0.014645656,1
2.155982494,-6.839898109,1,-0.589032114,1,-7.504178524,1,1.57737112,1,2.199177504,1,-0.818002522,1,0.217109561,1,-0.22471568,1,0.013322054,1
2.159980297,-6.81692028,1,-0.571494699,1,-7.309555531,1,1.56832099,1,2.083762646,1,-0.814403772,1,0.22369425,1,-0.215633124,1,0.011972744,1
2.163980007,-6.682788372,1,-0.489043444,1,-7.224517822,1,1.558980227,1,1.947237611,1,-0.800624788,1,0.230231449,1,-0.20704402,1,0.010600177,1
2.167981625,-6.655200958,1,-0.436271727,1,-7.214589596,1,1.558742285,1,1.797237635,1,-0.789284587,1,0.236746132,1,-0.199028522,1,0.009213252,1
2.171979189,-7.044727325,1,-0.257944465,1,-7.360095978,1,1.557977438,1,1.642992377,1,-0.773165166,1,0.243246377,1,-0.191611171,1,0.007780196,1
2.175978661,-7.780740738,1,-0.119550586,1,-7.424928188,1,1.555783391,1,1.493219852,1,-0.777222335,1,0.249766648,1,-0.184774533,1,0.006276367,1
2.179980278,-8.663329124,1,-0.084880494,1,-7.470243454,1,1.551054835,1,1.368060112,1,-0.78073144,1,0.256268173,1,-0.178459287,1,0.004674469,1
2.183978081,-9.532143593,1,-0.097570442,1,-7.447606564,1,1.530789733,1,1.270848274,1,-0.780054688,1,0.262731612,1,-0.172559902,1,0.002988218,1
2.187977791,-10.12637615,1,-0.18911539,1,-7.426011562,1,1.488101482,1,1.191293955,1,-0.785804391,1,0.26907444,1,-0.166991785,1,0.001231235,1
2.19197917,-10.68867493,1,-0.270807981,1,-7.407515526,1,1.424934506,1,1.108419657,1,-0.783647656,1,0.275197566,1,-0.161715567,1,-0.000585561,1
2.195982933,-11.06056499,1,-0.207096756,1,-7.24530983,1,1.361653566,1,1.036122322,1,-0.779750109,1,0.281071812,1,-0.156732395,1,-0.002432815,1
2.199982643,-11.50012875,1,-0.086221546,1,-7.208295345,1,1.294012666,1,0.944774806,1,-0.759507179,1,0.286664754,1,-0.152067527,1,-0.004294395,1
2.203984022,-12.04845333,1,0.183906674,1,-7.066148758,1,1.229944825,1,0.862694502,1,-0.74423939,1,0.291994005,1,-0.147739172,1,-0.006174102,1
2.207981825,-12.56931019,1,0.670717418,1,-6.874324322,1,1.191057086,1,0.772553146,1,-0.729273736,1,0.297093272,1,-0.143745884,1,-0.008059655,1
2.211981297,-13.12290764,1,1.21084106,1,-6.459486961,1,1.155222297,1,0.679717302,1,-0.699232996,1,0.302042663,1,-0.140118867,1,-0.009946817,1
2.215982914,-13.37523651,1,1.705539942,1,-5.90103817,1,1.141909361,1,0.573627412,1,-0.662155092,1,0.306897521,1,-0.13690874,1,-0.011811245,1
2.219980478,-13.56432819,1,1.896224618,1,-5.449206829,1,1.136412382,1,0.433919281,1,-0.615338743,1,0.311695218,1,-0.134199888,1,-0.013651393,1
2.22397995,-13.98916435,1,1.710410118,1,-4.959447384,1,1.124051332,1,0.280579984,1,-0.551743925,1,0.316459626,1,-0.132116303,1,-0.015447026,1
2.227981806,-14.50481319,1,1.583050132,1,-4.487541676,1,1.091868043,1,0.115706638,1,-0.476816833,1,0.321129084,1,-0.130714431,1,-0.017164331,1
2.231979847,-15.25415897,1,1.429870605,1,-3.925031424,1,1.042701125,1,-0.063540339,1,-0.396955699,1,0.325619638,1,-0.130058184,1,-0.018799584,1
2.235979319,-15.88661194,1,1.223944664,1,-3.318524122,1,0.976185679,1,-0.251152664,1,-0.29494983,1,0.329858541,1,-0.130210772,1,-0.020324521,1
2.239980698,-16.18116951,1,1.106531143,1,-2.762988091,1,0.891066253,1,-0.442160279,1,-0.19935748,1,0.333780169,1,-0.131204396,1,-0.021725615,1
2.2439785,-16.60302544,1,1.024184585,1,-2.260337353,1,0.794917762,1,-0.642446995,1,-0.096820615,1,0.337330103,1,-0.133059815,1,-0.023015887,1
2.247977972,-17.14840317,1,0.968015134,1,-1.835743546,1,0.684120655,1,-0.84263587,1,-0.00203173,1,0.340453804,1,-0.135800242,1,-0.024203835,1
2.251979828,-17.68695259,1,0.795055509,1,-1.562638402,1,0.566505134,1,-1.038552165,1,0.102434412,1,0.343102306,1,-0.139422283,1,-0.025276218,1
2.255977392,-18.11783218,1,0.552167892,1,-1.322829485,1,0.449233174,1,-1.224813342,1,0.207992971,1,0.345263958,1,-0.143901125,1,-0.026221281,1
2.259977102,-18.60733986,1,0.416249603,1,-1.15791595,1,0.323238939,1,-1.397717714,1,0.315014303,1,0.346926838,1,-0.149196342,1,-0.027030852,1
2.26397872,-18.90744209,1,0.193016961,1,-1.28424716,1,0.203352079,1,-1.548052788,1,0.418653488,1,0.348095,1,-0.15523316,1,-0.027679989,1
2.267976522,-6.745966911,1,-9.396745682,1,-5.863665581,1,-0.417317152,1,-2.045552015,1,0.68808943,1,0.347977459,1,-0.162463397,1,-0.027986974,1
2.271975994,-31.0451355,1,-2.100554466,1,3.410792828,1,-1.261127234,1,-2.968687057,1,1.07356751,1,0.344588876,1,-0.173294261,1,-0.02816358,1
2.275977373,-19.24026299,1,-2.513999224,1,7.503236294,1,-1.835241795,1,-3.333873272,1,1.373490214,1,0.338237911,1,-0.186781809,1,-0.027725579,1
2.279974937,-11.87182903,1,2.230394363,1,6.021689415,1,-1.84309864,1,-4.123026848,1,1.686487079,1,0.330591142,1,-0.20284842,1,-0.026818082,1
2.283974409,-9.725326538,1,3.608539343,1,1.497054696,1,-1.792384744,1,-4.626011848,1,1.846037865,1,0.323140681,1,-0.221752748,1,-0.025699554,1
2.287976027,-13.82321262,1,2.01457715,1,-7.488089085,1,-1.872532606,1,-5.143218517,1,1.863499761,1,0.315588593,1,-0.242690235,1,-0.02475035,1
2.291973829,-19.62627983,1,-0.712129951,1,-16.05211639,1,-1.773704886,1,-5.038757801,1,1.671640873,1,0.308055013,1,-0.264311552,1,-0.024523063,1
2.295973539,-21.53355408,1,-2.821355343,1,-23.3086319,1,-1.634170651,1,-4.522436142,1,1.402751923,1,0.301217437,1,-0.284497261,1,-0.024400922,1
2.299975157,-23.63675308,1,-3.744591951,1,-24.25904083,1,-1.424440861,1,-3.807435274,1,1.06569922,1,0.295194149,1,-0.301887035,1,-0.024577362,1
2.30397296,-23.58418083,1,-3.825698376,1,-23.79179764,1,-1.271265745,1,-3.11467886,1,0.864145815,1,0.289873779,1,-0.31620878,1,-0.024921622,1
2.30797267,-19.10388565,1,-4.028123379,1,-21.21846581,1,-1.133275747,1,-2.627917767,1,0.772159398,1,0.285139799,1,-0.328080118,1,-0.025049513,1
2.311974049,-15.46255207,1,-3.901068211,1,-17.42770004,1,-1.12795639,1,-2.420267105,1,0.834102571,1,0.280533463,1,-0.338612378,1,-0.024791766,1
2.315977812,-11.89113522,1,-0.922350645,1,-14.47254753,1,-1.096112013,1,-2.376652241,1,0.952321291,1,0.275774151,1,-0.348783076,1,-0.023930615,1
2.319977283,-9.942135811,1,0.510164082,1,-12.16896629,1,-1.036474586,1,-2.426044941,1,1.066266656,1,0.271062553,1,-0.359120905,1,-0.02255634,1
2.323978901,-9.163443565,1,0.534057379,1,-11.27410316,1,-1.001111507,1,-2.421934128,1,1.154368997,1,0.266319901,1,-0.369669586,1,-0.020722864,1
2.327976704,-9.494809151,1,-0.490772814,1,-10.58098602,1,-0.950653672,1,-2.315624237,1,1.195986867,1,0.261602134,1,-0.380077839,1,-0.018495416,1
2.331976175,-10.21786499,1,-1.171113849,1,-9.730182648,1,-0.914440334,1,-2.088100433,1,1.202067256,1,0.256910503,1,-0.389853001,1,-0.0159298,1
2.335977793,-8.739134789,1,-1.807733417,1,-8.39495945,1,-0.908866525,1,-1.790598512,1,1.176081538,1,0.252144128,1,-0.398558915,1,-0.013047789,1
2.339975357,-5.660247326,1,-2.186961412,1,-6.872674942,1,-0.904456556,1,-1.582433343,1,1.153895736,1,0.247309059,1,-0.406212479,1,-0.009952262,1
2.343974829,-2.247340679,1,-2.153950453,1,-5.470314026,1,-0.895408928,1,-1.538867712,1,1.13102901,1,0.242428094,1,-0.41334337,1,-0.006745335,1
2.347976685,1.120714426,1,-2.08418417,1,-4.825114727,1,-0.887897134,1,-1.645770669,1,1.118785024,1,0.237591848,1,-0.420553744,1,-0.003619199,1
2.351974487,2.39050436,1,-2.808319807,1,-5.304514408,1,-0.940194488,1,-1.872595072,1,1.114511013,1,0.232733503,1,-0.42841056,1,-0.000653802,1
2.355974197,1.469422698,1,-2.913395405,1,-5.55244875,1,-1.008123398,1,-2.088008881,1,1.130955696,1,0.227665469,1,-0.437182039,1,0.002184088,1
2.359975576,-0.45763585,1,-2.229217291,1,-6.001504421,1,-1.035160661,1,-2.230290413,1,1.123403788,1,0.222405106,1,-0.44661364,1,0.004907325,1
2.363973379,-4.819859982,1,-2.885394812,1,-7.960586548,1,-1.130146503,1,-2.340299368,1,1.187235832,1,0.216885418,1,-0.456525832,1,0.007651681,1
2.367973089,-9.488741875,1,-1.69077158,1,-8.918621063,1,-1.235456586,1,-2.252051592,1,1.30651021,1,0.210737586,1,-0.466637492,1,0.010936481,1
2.371974707,-15.33190918,1,-0.975378335,1,-10.30258942,1,-1.350038528,1,-2.062650204,1,1.476743817,1,0.203656822,1,-0.476275146,1,0.015032089,1
2.375972271,-17.77472687,1,-0.140948713,1,-10.94416237,1,-1.418113828,1,-1.628120661,1,1.565836906,1,0.195702493,1,-0.484718114,1,0.020128775,1
2.379971743,-16.84487724,1,1.073668957,1,-11.59848595,1,-1.37931776,1,-1.203377008,1,1.52815783,1,0.187415808,1,-0.491432577,1,0.025816899,1
2.38397336,-15.13661575,1,1.901502252,1,-11.71605301,1,-1.257815003,1,-0.885159135,1,1.514081717,1,0.179318532,1,-0.496637493,1,0.03173539,1
2.387971401,-9.742900848,1,1.108849406,1,-11.39290237,1,-1.203894973,1,-0.658842444,1,1.419637442,1,0.171571732,1,-0.500630558,1,0.037726656,1
2.391970873,-5.699371338,1,0.284016371,1,-9.862677574,1,-1.179046869,1,-0.644524574,1,1.323086262,1,0.164043233,1,-0.50411129,1,0.043419201,1
2.39597249,-2.498828411,1,-1.209997296,1,-8.910135269,1,-1.198085785,1,-0.775166452,1,1.186517835,1,0.156807184,1,-0.507689297,1,0.048558362,1
2.399970531,-4.456894875,1,-2.724526644,1,-9.875537872,1,-1.232740641,1,-0.936257243,1,1.054230928,1,0.149809688,1,-0.511787891,1,0.0530602,1
2.403970003,-12.05627346,1,-3.308844805,1,-13.21241856,1,-1.278378725,1,-0.689161897,1,0.874682128,1,0.142809123,1,-0.515728176,1,0.056861114,1
2.407971621,-10.0839777,1,0.814973295,1,-12.17106056,1,-0.934383154,1,-0.263868243,1,0.808459163,1,0.136667743,1,-0.51801908,1,0.06037835,1
2.411969185,-6.773416996,1,2.298587561,1,-9.709381104,1,-0.814187527,1,-0.165366575,1,0.838744879,1,0.131412461,1,-0.519260049,1,0.064004436,1
2.415968657,-6.342142105,1,0.619686067,1,-8.873049736,1,-0.765568793,1,-0.148663417,1,0.810033739,1,0.126402289,1,-0.520279706,1,0.067715511,1
2.419970512,-5.416683674,1,0.031510182,1,-9.253391266,1,-0.660387635,1,-0.20095256,1,0.691434383,1,0.121885523,1,-0.521332502,1,0.07106068,1
2.423968315,-5.008255005,1,-0.707364619,1,-9.667724609,1,-0.63248688,1,-0.21653223,1,0.567677259,1,0.117918968,1,-0.522462904,1,0.073823184,1
2.427967787,-4.531010628,1,-0.687765002,1,-9.37802124,1,-0.60383743,1,-0.262292475,1,0.506493688,1,0.114299372,1,-0.523667574,1,0.076143712,1
2.431969166,-5.982954979,1,0.169533327,1,-9.640761375,1,-0.605454683,1,-0.159956694,1,0.544788063,1,0.110740148,1,-0.524789393,1,0.078426875,1
2.435972929,-6.236813068,1,1.10022366,1,-8.594507217,1,-0.524903476,1,-0.009439953,1,0.578459442,1,0.107169859,1,-0.525310159,1,0.080998279,1
2.439972639,-4.034193516,1,-0.782754421,1,-8.306163788,1,-0.466644228,1,-0.02630901,1,0.558141768,1,0.103922889,1,-0.525603056,1,0.08359798,1
2.443974495,-4.657095909,1,-2.66322279,1,-8.571207047,1,-0.461520195,1,-0.035086364,1,0.548025787,1,0.10081692,1,-0.525975049,1,0.086117037,1
2.447972059,-5.503642082,1,-3.488936424,1,-7.918741226,1,-0.497085989,1,-0.022592412,1,0.537231088,1,0.097636163,1,-0.52630651,1,0.088604912,1
2.451971769,-4.575401783,1,-3.976931572,1,-7.746071339,1,-0.525936425,1,0.024886996,1,0.56650877,1,0.094314151,1,-0.526544154,1,0.09113656,1
2.455973625,-3.174427032,1,-3.010291815,1,-8.734805107,1,-0.568169653,1,0.047532666,1,0.614122212,1,0.090747267,1,-0.526555359,1,0.093870655,1
2.459971428,-5.639363766,1,-0.514815152,1,-9.668470383,1,-0.613397479,1,0.035087496,1,0.645361364,1,0.086887963,1,-0.526641607,1,0.096826077,1
2.4639709,-5.333076954,1,-0.143984169,1,-9.93242836,1,-0.530278265,1,0.024293529,1,0.584078729,1,0.083169773,1,-0.526687443,1,0.099671043,1
2.467972279,-5.934371948,1,0.989183128,1,-10.34379387,1,-0.527710497,1,-0.064377062,1,0.544111609,1,0.079770371,1,-0.526969731,1,0.102226004,1
2.471969843,-3.824967861,1,1.982149601,1,-10.20676613,1,-0.42325452,1,-0.115462527,1,0.510290682,1,0.076609306,1,-0.527442396,1,0.104619771,1
2.475969315,-4.008280277,1,1.564555407,1,-9.792981148,1,-0.347998619,1,-0.209155485,1,0.491686463,1,0.073954426,1,-0.528266847,1,0.106877029,1
2.479970932,-4.739371777,1,0.423035175,1,-9.258747101,1,-0.295865983,1,-0.251060188,1,0.463154227,1,0.07158529,1,-0.52934283,1,0.109006375,1
2.483968735,-5.080857754,1,-0.292961866,1,-8.898719788,1,-0.272500396,1,-0.279149294,1,0.449879587,1,0.069455668,1,-0.530522406,1,0.111008316,1
2.487968206,-6.287074089,1,-0.470508903,1,-7.733711243,1,-0.299363375,1,-0.249010965,1,0.457810283,1,0.06723509,1,-0.531769335,1,0.11308869,1
2.491969824,-6.315546989,1,-1.081208825,1,-8.75074482,1,-0.202311724,1,-0.261571974,1,0.413288713,1,0.065298699,1,-0.532885015,1,0.115009524,1
2.495967388,-5.174688816,1,-0.302824974,1,-9.289899826,1,-0.195285976,1,-0.2867558,1,0.419628412,1,0.063556455,1,-0.534062445,1,0.116839327,1
2.49996686,-5.13094902,1,0.296297222,1,-9.086794853,1,-0.174906403,1,-0.305560648,1,0.417301267,1,0.061881784,1,-0.535348177,1,0.118692614,1
2.503968477,-7.011490345,1,0.38081935,1,-9.965042114,1,-0.176176578,1,-0.341462582,1,0.416300446,1,0.060266834,1,-0.536725402,1,0.120531224,1
2.50796628,-4.933960438,1,0.94695735,1,-8.907441139,1,-0.076206818,1,-0.3207286,1,0.356641173,1,0.058869068,1,-0.538089871,1,0.122210093,1
2.51196599,-5.006397724,1,1.218424082,1,-8.849590302,1,-0.036909241,1,-0.397873223,1,0.313452959,1,0.057914313,1,-0.539593577,1,0.123664752,1
2.515967846,-5.467385769,1,1.238051653,1,-9.124200821,1,-0.004403838,1,-0.409521878,1,0.294565618,1,0.057140291,1,-0.541308641,1,0.124971315,1
2.51996541,-5.438024998,1,-0.257175267,1,-9.022421837,1,0.018616717,1,-0.457885414,1,0.247537717,1,0.056567609,1,-0.543084621,1,0.126137361,1
2.523964882,-5.383934975,1,-0.101637863,1,-9.148229599,1,0.011197235,1,-0.479509473,1,0.225393414,1,0.056129992,1,-0.545008123,1,0.127118811,1
2.527966499,-6.279268742,1,-0.436429203,1,-10.23219204,1,-0.009787763,1,-0.530844927,1,0.24869442,1,0.055660307,1,-0.547056139,1,0.128084943,1
2.531964064,-4.433601379,1,-0.576143265,1,-9.016018867,1,0.001012634,1,-0.526338339,1,0.20507291,1,0.055130277,1,-0.54916209,1,0.128995329,1
2.535963535,-5.468029022,1,-0.787187457,1,-9.466673851,1,-0.041360263,1,-0.581541479,1,0.201541007,1,0.05463909,1,-0.551445127,1,0.129794478,1
2.539965391,-4.580629349,1,0.274196565,1,-9.810577393,1,-0.049915612,1,-0.627338231,1,0.193079278,1,0.054013684,1,-0.553877294,1,0.130553707,1
2.543963194,-4.86345005,1,-0.159506336,1,-9.718269348,1,-0.027685488,1,-0.715483129,1,0.182906359,1,0.053511851,1,-0.556546569,1,0.131373584,1
2.547962666,-4.643680573,1,-0.531324208,1,-10.30508327,1,-0.062168952,1,-0.811536372,1,0.159540936,1,0.05300349,1,-0.559627473,1,0.131995946,1
2.551964045,-4.635970592,1,0.251655281,1,-10.49774456,1,-0.049579524,1,-0.925867081,1,0.142067447,1,0.05251858,1,-0.563147128,1,0.132496491,1
2.555967808,-4.661361694,1,0.119717151,1,-11.10075951,1,-0.043204129,1,-1.062630415,1,0.127090022,1,0.052125957,1,-0.567144811,1,0.132876053,1
2.559967518,-4.650972366,1,0.641427934,1,-11.15190601,1,0.034862489,1,-1.221227169,1,0.113789402,1,0.051933989,1,-0.571721256,1,0.133162841,1
2.563969135,-4.58667326,1,-1.710919261,1,-11.15999222,1,0.016979044,1,-1.359200716,1,0.12071225,1,0.051953778,1,-0.576906085,1,0.133413941,1
2.567966461,-4.750394821,1,-1.194060087,1,-11.95904064,1,-0.071179114,1,-1.515630603,1,0.101345353,1,0.051736802,1,-0.582678676,1,0.133597538,1
2.571966171,-4.043494701,1,-0.623501956,1,-11.75728226,1,-0.022807932,1,-1.677568197,1,0.127813533,1,0.051487502,1,-0.589087784,1,0.133760244,1
2.575967789,-4.565380096,1,-0.981665969,1,-13.09341431,1,-0.037967555,1,-1.855136752,1,0.132796735,1,0.051257972,1,-0.596164703,1,0.133961871,1
2.579965591,-3.626530409,1,-0.83819592,1,-12.25695419,1,-0.060254831,1,-2.052010775,1,0.150166318,1,0.050960444,1,-0.603951573,1,0.134161085,1
2.583965302,-4.787373066,1,-1.191856742,1,-13.16607666,1,-0.109375566,1,-2.267480612,1,0.151797697,1,0.050515495,1,-0.612626016,1,0.134365171,1
2.587966681,-4.42636919,1,-1.82585907,1,-12.90098763,1,-0.225652218,1,-2.51986289,1,0.152270079,1,0.049745984,1,-0.622218311,1,0.134535193,1
2.591964483,-4.074615479,1,-1.397081256,1,-13.73966789,1,-0.297342926,1,-2.748825312,1,0.133097231,1,0.048655525,1,-0.632770956,1,0.134593651,1
2.595963955,-4.679739952,1,-1.219601035,1,-14.89085007,1,-0.304001898,1,-3.009912491,1,0.14368777,1,0.047480151,1,-0.644307017,1,0.134570181,1
2.599965334,-2.563367128,1,-2.260004759,1,-13.94629383,1,-0.372489184,1,-3.281474829,1,0.154949635,1,0.0461239,1,-0.656893671,1,0.13458164,1
2.603963137,-2.803119421,1,-2.401541948,1,-15.00386143,1,-0.401223838,1,-3.594613552,1,0.163219184,1,0.044555131,1,-0.670664668,1,0.134576634,1
2.607962608,-3.751627207,1,-2.758197069,1,-14.8503294,1,-0.440035373,1,-3.90283227,1,0.248730496,1,0.042748921,1,-0.685690343,1,0.134807751,1
2.611964464,-2.454545498,1,-3.805480242,1,-14.51085281,1,-0.518692076,1,-4.223536968,1,0.266404957,1,0.040540397,1,-0.701969266,1,0.135266662,1
2.615962029,-3.660224199,1,-4.374382496,1,-15.43729115,1,-0.584624469,1,-4.554561138,1,0.355490685,1,0.037905294,1,-0.719555438,1,0.135955766,1
2.6199615,-3.502290249,1,-4.179320335,1,-15.55136776,1,-0.666672945,1,-4.828829765,1,0.454036057,1,0.034516003,1,-0.738403976,1,0.13725552,1
2.623963356,-1.182413697,1,-4.752789974,1,-14.11356831,1,-0.709444165,1,-5.130996227,1,0.532930434,1,0.030554548,1,-0.758329511,1,0.139039427,1
2.627961159,-1.556902647,1,-5.040474415,1,-14.79845428,1,-0.709965289,1,-5.466110229,1,0.686862469,1,0.02597334,1,-0.77958858,1,0.141546175,1
2.63196063,-2.490284681,1,-5.73910284,1,-13.8799305,1,-0.724026024,1,-5.736988544,1,0.884216428,1,0.020463299,1,-0.802077115,1,0.145274863,1
2.635962009,-1.283291817,1,-6.881725788,1,-13.1844759,1,-0.792653561,1,-6.020991325,1,1.100902319,1,0.013644763,1,-0.825646043,1,0.150480956,1
2.639959812,-1.185726762,1,-6.333967686,1,-13.11315727,1,-0.917341173,1,-6.317829609,1,1.297443986,1,0.005148613,1,-0.850360632,1,0.157303125,1
2.643959522,-1.940209389,1,-5.076906204,1,-12.42551804,1,-1.011849284,1,-6.532506943,1,1.443466306,1,-0.005130635,1,-0.876102448,1,0.165732712,1
2.64796114,-3.160833836,1,-3.778586864,1,-11.98957825,1,-1.038509369,1,-6.715583324,1,1.558555007,1,-0.01709347,1,-0.902527094,1,0.175774798,1
2.651958704,-4.150156498,1,-3.163271904,1,-12.19146824,1,-1.093045712,1,-6.907373905,1,1.652443647,1,-0.030598339,1,-0.929590583,1,0.187432557,1
2.655958891,-5.089941025,1,-2.669858217,1,-11.04811001,1,-1.154432416,1,-7.064993382,1,1.718579769,1,-0.045868009,1,-0.957265079,1,0.20073095,1
2.65996027,-4.121469498,1,-2.540786028,1,-10.31234837,1,-1.232189059,1,-7.239215851,1,1.765473008,1,-0.063119449,1,-0.985451818,1,0.215852112,1
2.663958073,-5.851539612,1,-1.791068912,1,-9.173882484,1,-1.280824661,1,-7.307328701,1,1.763408303,1,-0.082439177,1,-1.01406467,1,0.232815355,1
2.667957544,-5.522165298,1,-0.207669601,1,-9.942688942,1,-1.2497437,1,-7.4074893,1,1.822900534,1,-0.103909627,1,-1.042670131,1,0.252000868,1
2.671958923,-7.801220894,1,-0.469260037,1,-9.444849014,1,-1.217255712,1,-7.348455906,1,1.832992911,1,-0.127721295,1,-1.071148396,1,0.27368468,1
2.675962687,-9.024597168,1,-0.189074442,1,-9.481827736,1,-1.137411356,1,-7.318902016,1,1.848278761,1,-0.154072419,1,-1.09916389,1,0.298142254,1
2.679962397,-12.56231689,1,0.505691886,1,-10.22595119,1,-1.100978017,1,-7.221721172,1,1.856407046,1,-0.183257356,1,-1.126606584,1,0.325700849,1
2.683964014,-12.35143661,1,2.03100276,1,-8.447967529,1,-0.99864167,1,-6.926689625,1,1.863694549,1,-0.21565339,1,-1.152916431,1,0.356655002,1
2.687961578,-10.2158041,1,1.975448728,1,-8.489686012,1,-0.933645725,1,-6.779610634,1,1.850484252,1,-0.251101732,1,-1.177821875,1,0.391058683,1
2.69196105,-9.197526932,1,2.103268147,1,-8.316034317,1,-0.836913764,1,-6.710996151,1,1.770106077,1,-0.290179133,1,-1.201896429,1,0.429317862,1
2.695962667,-10.25176334,1,2.550018072,1,-8.576470375,1,-0.64117986,1,-6.622804165,1,1.58887136,1,-0.332207531,1,-1.225272059,1,0.470992506,1
2.699960232,-13.06698895,1,3.021440983,1,-8.539302826,1,-0.434331149,1,-6.346236706,1,1.486929893,1,-0.376878619,1,-1.247498393,1,0.516018033,1
2.703959703,-12.41610909,1,1.269462824,1,-7.318552494,1,-0.36318934,1,-6.119026184,1,1.483220816,1,-0.425259858,1,-1.268097639,1,0.56524837,1
2.707961559,-11.06607246,1,0.340284705,1,-7.393668652,1,-0.371728152,1,-6.003744125,1,1.375360727,1,-0.479061007,1,-1.28737092,1,0.619877756,1
2.711959362,-17.20470619,1,1.199052572,1,-7.419051647,1,-0.283296853,1,-5.795769691,1,1.183101773,1,-0.537269354,1,-1.30560267,1,0.67893821,1
2.715958834,-19.41964912,1,1.955333829,1,-7.034439087,1,-0.095273793,1,-5.414117336,1,1.006731629,1,-0.597983122,1,-1.32215178,1,0.740931988,1
2.71996069,-19.33746147,1,0.793808401,1,-5.643102646,1,0.044262242,1,-4.988330841,1,0.928139031,1,-0.660325825,1,-1.336728454,1,0.805049241,1
2.723958254,-16.10186768,1,-1.403144598,1,-4.702127457,1,0.039345089,1,-4.651575565,1,0.99507302,1,-0.725900471,1,-1.349069357,1,0.872593343,1
2.727957726,-14.217453,1,-3.340506315,1,-3.440535784,1,-0.115837932,1,-4.381483555,1,0.980784059,1,-0.795611739,1,-1.359429479,1,0.943832219,1
2.731959581,-15.21166992,1,-3.449415684,1,-3.39618516,1,-0.32310915,1,-4.123200417,1,0.971436918,1,-0.869032621,1,-1.367977619,1,1.017960191,1
2.735957623,-14.70090008,1,-2.624134064,1,-1.067585707,1,-0.576982379,1,-3.81391263,1,0.968480468,1,-0.944351196,1,-1.374762535,1,1.092982173,1
2.739957333,-15.36842155,1,-2.061905146,1,0.390822679,1,-0.793872952,1,-3.520959377,1,1.044668317,1,-1.020722389,1,-1.379537702,1,1.167983294,1
2.743958712,-16.70292282,1,0.006661456,1,0.439591557,1,-0.896567166,1,-3.164011002,1,0.994759023,1,-1.095384717,1,-1.382557631,1,1.240521193,1
2.747956514,-15.31345367,1,1.540821195,1,0.395453691,1,-0.928914249,1,-2.789438486,1,0.995331585,1,-1.164714932,1,-1.384029746,1,1.3073771,1
2.751955986,-14.49992657,1,3.164535046,1,-0.32129088,1,-0.922968805,1,-2.406098604,1,1.055976748,1,-1.227743626,1,-1.384029746,1,1.36769104,1
2.755957603,-9.807772636,1,3.780827761,1,-6.152122974,1,-0.604222476,1,-1.86621666,1,1.043877959,1,-1.280553937,1,-1.382704139,1,1.41824019,1
2.759955168,-12.69950771,1,2.799939632,1,-10.76446629,1,-0.323537946,1,-1.261464,1,1.045846939,1,-1.319878817,1,-1.380369425,1,1.456451654,1
2.763954878,-12.30537224,1,1.635630846,1,-9.152287483,1,-0.34785682,1,-0.841208577,1,1.124610305,1,-1.346467257,1,-1.377135992,1,1.482239246,1
2.767956495,-20.3787632,1,4.690205097,1,-8.852373123,1,-0.298475802,1,-0.712350845,1,1.183873534,1,-1.368720889,1,-1.373212218,1,1.503519416,1
2.77195406,-25.58372688,1,4.205394745,1,-12.8482914,1,-0.002881465,1,-0.136322245,1,0.990686834,1,-1.382001638,1,-1.369322777,1,1.516401768,1
2.77595377,-15.75667381,1,0.347775847,1,-8.867217064,1,0.218674362,1,0.29026863,1,0.901046693,1,-1.383199096,1,-1.365558624,1,1.518200517,1
2.779955149,-5.233973026,1,1.42068553,1,-7.052052021,1,0.261916161,1,0.185920611,1,0.886925757,1,-1.380284548,1,-1.361852407,1,1.516198635,1
2.783952951,-5.837346554,1,0.672555923,1,-5.154651165,1,0.296179026,1,-0.080801263,1,0.906805277,1,-1.381517768,1,-1.358290076,1,1.518614888,1
2.787952423,-7.606487274,1,-1.015755653,1,-4.679934025,1,0.289385945,1,-0.194229901,1,0.962617457,1,-1.386046767,1,-1.354726434,1,1.524464965,1
2.791953802,-8.419445992,1,-3.670506477,1,-4.719572067,1,0.177615285,1,-0.337100059,1,1.017033458,1,-1.39267695,1,-1.351008892,1,1.532329321,1
2.795957565,-9.171476364,1,-5.07617569,1,-5.390755177,1,-0.043177258,1,-0.515213549,1,1.092088461,1,-1.403104663,1,-1.347158551,1,1.543324947,1
2.799957037,-8.301782608,1,-5.773924828,1,-5.900025845,1,-0.30590719,1,-0.755954981,1,1.145616651,1,-1.417682648,1,-1.343153596,1,1.557567835,1
2.803958893,-8.575455666,1,-6.214135647,1,-6.382624626,1,-0.623896301,1,-1.05350697,1,1.257015228,1,-1.437790155,1,-1.33892262,1,1.576324821,1
2.807956457,-9.094080925,1,-6.327147961,1,-6.801817417,1,-0.956151903,1,-1.318105221,1,1.388877988,1,-1.463398337,1,-1.334227443,1,1.599400163,1
2.811955929,-9.09896183,1,-6.406197071,1,-7.533249855,1,-1.27890861,1,-1.569921613,1,1.514103413,1,-1.493702054,1,-1.328976154,1,1.625984311,1
2.815957785,-9.487443924,1,-7.108044147,1,-8.034350395,1,-1.570596576,1,-1.788104892,1,1.674024701,1,-1.527726889,1,-1.323031068,1,1.655178785,1
2.819955349,-9.49706459,1,-7.38336277,1,-8.53768158,1,-1.825989246,1,-2.027421951,1,1.867901921,1,-1.5649122,1,-1.316152215,1,1.686560869,1
2.823955059,-10.11202145,1,-8.210021973,1,-9.96454525,1,-2.132019758,1,-2.230184078,1,2.112164974,1,-1.604589105,1,-1.3080796,1,1.719420314,1
2.827956676,-10.49531269,1,-8.29029274,1,-11.2589817,1,-2.434111357,1,-2.421267509,1,2.340206146,1,-1.645869374,1,-1.298686504,1,1.752744675,1
2.831954479,-10.99673271,1,-7.576721668,1,-12.58333778,1,-2.67917943,1,-2.576868773,1,2.561709642,1,-1.687726736,1,-1.287966132,1,1.785608172,1
2.835954189,-11.64283276,1,-6.302748203,1,-15.12661266,1,-2.796929359,1,-2.726722479,1,2.759189367,1,-1.729194403,1,-1.275960684,1,1.817369819,1
2.839956045,-12.97440052,1,-4.866777897,1,-16.62803078,1,-2.794681311,1,-2.825041771,1,2.927181482,1,-1.769092083,1,-1.262790799,1,1.847386718,1
2.843953609,-14.32835102,1,-3.708383083,1,-19.11782455,1,-2.681143522,1,-2.900622606,1,3.043772221,1,-1.806535244,1,-1.248648286,1,1.875228405,1
2.84795332,-16.27028465,1,-3.014999628,1,-20.89358711,1,-2.47771883,1,-2.906484604,1,3.110497952,1,-1.8408041,1,-1.233811855,1,1.900524855,1
2.851954937,-18.76999092,1,-3.288788557,1,-22.31975746,1,-2.237098217,1,-2.815936089,1,3.125359058,1,-1.871141076,1,-1.218608379,1,1.922743082,1
2.855952501,-20.55746078,1,-4.599826813,1,-23.23827362,1,-2.032731771,1,-2.596808672,1,3.094076395,1,-1.896898866,1,-1.203416705,1,1.941160202,1
2.859952211,-20.92058563,1,-6.333451271,1,-23.92045212,1,-1.920783401,1,-2.2863276,1,3.040352583,1,-1.917913437,1,-1.18861413,1,1.955264568,1
2.86395359,-19.99995995,1,-8.22704792,1,-23.75812531,1,-1.89034164,1,-1.926640391,1,2.993504763,1,-1.934576273,1,-1.174369574,1,1.965057135,1
2.867951393,-19.33140373,1,-9.604277611,1,-23.44040298,1,-1.947704196,1,-1.563209772,1,2.953443527,1,-1.947457552,1,-1.160743117,1,1.970732331,1
2.871950865,-18.21029854,1,-10.62163162,1,-22.84310913,1,-2.071569681,1,-1.176043868,1,2.947898626,1,-1.957019687,1,-1.147745967,1,1.972400188,1
2.875952721,-17.07740974,1,-10.94636345,1,-22.0081768,1,-2.215283871,1,-0.749097764,1,2.935500383,1,-1.963533998,1,-1.135413408,1,1.970132709,1
2.879950523,-15.79010963,1,-10.82274342,1,-20.97929955,1,-2.349129438,1,-0.389577031,1,2.955335855,1,-1.967529297,1,-1.123655677,1,1.964437723,1
2.883949995,-13.56995678,1,-10.05928326,1,-20.96308327,1,-2.414777756,1,-0.109760188,1,2.974127769,1,-1.969453573,1,-1.112367868,1,1.955978394,1
2.887951851,-12.56186867,1,-7.562241554,1,-19.98259354,1,-2.361937046,1,0.145348936,1,2.983045816,1,-1.969650388,1,-1.101394653,1,1.945467353,1
2.891949654,-10.06342316,1,-6.89043951,1,-20.21492958,1,-2.219497204,1,0.298139185,1,2.989305019,1,-1.968137741,1,-1.090755224,1,1.933439374,1
2.895949125,-7.839996815,1,-5.903678894,1,-19.4345417,1,-2.020120621,1,0.376537919,1,2.984594107,1,-1.965499282,1,-1.080256104,1,1.920863867,1
2.899950743,-6.40642786,1,-4.663507462,1,-18.72216034,1,-1.75012219,1,0.398472607,1,2.905042887,1,-1.962050557,1,-1.069958806,1,1.908361554,1
2.903948545,-4.720814228,1,-4.778253078,1,-17.96469879,1,-1.460495591,1,0.440334707,1,2.827083826,1,-1.957782269,1,-1.05999589,1,1.896152854,1
2.907948017,-3.831884146,1,-4.778413773,1,-17.31916237,1,-1.191398382,1,0.446521103,1,2.739627361,1,-1.952827692,1,-1.050327182,1,1.884375453,1
2.911955595,-3.482163668,1,-5.030790806,1,-16.8391037,1,-0.925812364,1,0.481187791,1,2.612576485,1,-1.947235703,1,-1.04106915,1,1.873008609,1
2.915959597,-3.333113909,1,-5.323943615,1,-15.99075413,1,-0.679902673,1,0.54350996,1,2.448571205,1,-1.940999508,1,-1.032366395,1,1.86204052,1
2.919959307,-3.511783123,1,-5.547592163,1,-14.95459652,1,-0.454945236,1,0.635830462,1,2.24616313,1,-1.934038997,1,-1.024428487,1,1.851262331,1
2.923960924,-3.94667387,1,-6.114703655,1,-14.37368584,1,-0.275268376,1,0.796395004,1,1.99358809,1,-1.92626369,1,-1.017496109,1,1.840442657,1
2.927958488,-3.284836531,1,-6.9252038,1,-13.62568569,1,-0.181240737,1,0.987763762,1,1.711675167,1,-1.917682886,1,-1.011769891,1,1.829287529,1
2.931958199,-2.446602345,1,-6.635446072,1,-12.67159271,1,-0.121804871,1,1.205323219,1,1.393386006,1,-1.908382297,1,-1.00738132,1,1.817590475,1
2.935960054,-0.780962229,1,-6.258493423,1,-11.78942394,1,-0.052723445,1,1.387497663,1,1.062915802,1,-1.898444772,1,-1.004427671,1,1.805404425,1
2.939957857,0.753709137,1,-5.217524052,1,-10.93645382,1,0.060073957,1,1.556297064,1,0.717555463,1,-1.887892962,1,-1.0029037,1,1.792902231,1
2.943957329,2.155636787,1,-4.128921986,1,-10.20861149,1,0.225709438,1,1.70010519,1,0.363796353,1,-1.876568913,1,-1.002838612,1,1.780126452,1
2.947958708,2.787078857,1,-2.676896811,1,-9.436811447,1,0.462344259,1,1.844539881,1,-0.016229119,1,-1.864246607,1,-1.00427556,1,1.7671386,1
2.951956511,3.922021866,1,-1.787260532,1,-8.618605614,1,0.735846639,1,1.984340906,1,-0.393492639,1,-1.850629568,1,-1.007221222,1,1.753850937,1
2.955955982,4.882095337,1,-1.154154778,1,-8.00467968,1,1.043411493,1,2.109797478,1,-0.768520892,1,-1.835518718,1,-1.01166904,1,1.740193009,1
2.9599576,5.35916853,1,-0.798196971,1,-7.78417778,1,1.353972435,1,2.215640545,1,-1.137779474,1,-1.818815231,1,-1.017564058,1,1.726166248,1
2.963955164,5.586588383,1,-0.661615312,1,-7.737186909,1,1.64487648,1,2.324107885,1,-1.500457287,1,-1.800441861,1,-1.024842262,1,1.711669445,1
2.967954636,5.752986908,1,-0.663242817,1,-7.909351349,1,1.911328554,1,2.428737402,1,-1.852716446,1,-1.780318379,1,-1.033457518,1,1.696496129,1
2.971956253,5.305475712,1,-0.655673385,1,-8.176942825,1,2.127420902,1,2.545589924,1,-2.187964916,1,-1.758383989,1,-1.043354511,1,1.680423141,1
2.975953817,4.571617126,1,-0.423602968,1,-8.416906357,1,2.314053774,1,2.716503859,1,-2.526272535,1,-1.734351277,1,-1.054477572,1,1.662955046,1
2.979953289,3.843439102,1,-0.02864849,1,-8.969062805,1,2.46851325,1,2.911663055,1,-2.849014997,1,-1.707740068,1,-1.066797018,1,1.643439412,1
2.983954906,2.799572229,1,0.608686209,1,-9.336947441,1,2.605712414,1,3.168027401,1,-3.151651382,1,-1.678070664,1,-1.080197692,1,1.621235132,1
2.987952709,2.218859434,1,1.350354552,1,-9.633826256,1,2.751870871,1,3.43900609,1,-3.415225744,1,-1.644557476,1,-1.094478488,1,1.595484138,1
2.991952181,1.50957489,1,2.014772177,1,-9.944999695,1,2.911863565,1,3.733001232,1,-3.625148535,1,-1.606516719,1,-1.109333515,1,1.565531731,1
2.995954037,1.080575705,1,2.79331398,1,-10.31324768,1,3.07964921,1,4.039352417,1,-3.797092199,1,-1.563118458,1,-1.124406576,1,1.530571699,1
2.999951601,0.803615987,1,3.264353991,1,-10.74359512,1,3.250388861,1,4.331479073,1,-3.918912172,1,-1.513739228,1,-1.139311194,1,1.490020156,1
3.003951073,0.349327594,1,3.795872927,1,-11.17815685,1,3.408140421,1,4.637982368,1,-4.008115292,1,-1.45787859,1,-1.153589249,1,1.443332434,1
3.007952929,0.407258302,1,4.23925209,1,-11.52769279,1,3.571104288,1,4.877708912,1,-4.048794746,1,-1.395311952,1,-1.166812658,1,1.3903265,1
3.011950493,-0.194141269,1,4.199374199,1,-11.95631027,1,3.66971159,1,5.114135265,1,-4.019722462,1,-1.326336145,1,-1.178435683,1,1.331225753,1
3.015950441,-0.979710698,1,4.075004101,1,-12.24871159,1,3.714586735,1,5.366028309,1,-3.935301065,1,-1.251369953,1,-1.187905312,1,1.266234398,1
3.019952059,-1.502575278,1,3.745481014,1,-12.69698429,1,3.69170022,1,5.607479572,1,-3.80846262,1,-1.171320677,1,-1.194700718,1,1.196030617,1
3.023949862,-2.113431692,1,3.392398834,1,-13.25773525,1,3.602775812,1,5.848825932,1,-3.616747141,1,-1.087834835,1,-1.198340654,1,1.12202239,1
3.027949572,-2.542160988,1,3.425823689,1,-13.47122765,1,3.493255854,1,6.055981636,1,-3.396710634,1,-1.002894878,1,-1.198530674,1,1.046049595,1
3.031951189,-2.873930454,1,4.418766975,1,-14.08499813,1,3.418841124,1,6.249816418,1,-3.157627583,1,-0.918468118,1,-1.19515729,1,0.970234156,1
3.035948515,-2.93611598,1,5.824430943,1,-15.06380558,1,3.397335052,1,6.420785427,1,-2.907623529,1,-0.836440265,1,-1.188287497,1,0.896602869,1
3.039954424,-3.404983282,1,7.414888382,1,-15.36380291,1,3.443888426,1,6.579264641,1,-2.661034346,1,-0.758169055,1,-1.178086162,1,0.82681644,1
3.04395628,-4.44071722,1,8.685732841,1,-15.81697464,1,3.579319239,1,6.753818035,1,-2.454037905,1,-0.684013307,1,-1.164853215,1,0.761974812,1
3.047953844,-4.841057301,1,9.340556145,1,-16.30472374,1,3.75998807,1,6.914601326,1,-2.272441387,1,-0.614594162,1,-1.148777962,1,0.702177525,1
3.051953316,-5.227409363,1,9.417606354,1,-16.49768066,1,3.942547798,1,7.056272984,1,-2.106203556,1,-0.549900949,1,-1.130243301,1,0.647934914,1
3.055954933,-5.489474297,1,9.10214901,1,-16.82288933,1,4.109050274,1,7.189737797,1,-1.96322155,1,-0.489968538,1,-1.109551907,1,0.599251628,1
3.059952736,-5.638903618,1,8.579109192,1,-17.00452042,1,4.253626823,1,7.306893349,1,-1.843521714,1,-0.434595883,1,-1.086992264,1,0.555882156,1
3.063952446,-6.008835793,1,7.93241024,1,-17.21582413,1,4.369915009,1,7.4187603,1,-1.738076687,1,-0.383535147,1,-1.062798858,1,0.517456055,1
3.067953825,-6.436664581,1,7.303794861,1,-17.41352463,1,4.443096161,1,7.523123741,1,-1.662489772,1,-0.336461574,1,-1.037219405,1,0.48351711,1
3.071951866,-6.780220985,1,6.892096519,1,-17.61034203,1,4.483148575,1,7.616829395,1,-1.620219111,1,-0.292948604,1,-1.010444283,1,0.453500867,1
3.075951338,-7.001688957,1,6.673644066,1,-17.75892448,1,4.51224947,1,7.696775436,1,-1.611274004,1,-0.252576351,1,-0.982692778,1,0.426862836,1
3.079953194,-6.904786587,1,6.689130783,1,-17.91769028,1,4.528357029,1,7.752850533,1,-1.625293374,1,-0.214953765,1,-0.954129755,1,0.403124958,1
3.083950758,-6.908191681,1,6.480987072,1,-17.88526917,1,4.528222084,1,7.812877178,1,-1.668502927,1,-0.179673895,1,-0.924886107,1,0.381857753,1
3.08795023,-6.526682854,1,6.571462154,1,-18.26949501,1,4.584605694,1,7.825057983,1,-1.72157824,1,-0.146308675,1,-0.895133257,1,0.362695754,1
3.091952085,-6.839263439,1,5.972888947,1,-18.83453941,1,4.653707504,1,7.838689804,1,-1.802529335,1,-0.114467219,1,-0.864972591,1,0.345339179,1
3.095949888,-7.800773621,1,5.804524899,1,-19.11378288,1,4.720444679,1,7.861967087,1,-1.934659839,1,-0.083742969,1,-0.834472358,1,0.329392046,1
3.09994936,-9.117652893,1,5.572462559,1,-18.69271851,1,4.765587807,1,7.895376205,1,-2.118622303,1,-0.053801537,1,-0.803610802,1,0.314398646,1
3.103951216,-10.66659355,1,4.980981827,1,-17.76424408,1,4.781366348,1,7.972552299,1,-2.352100372,1,-0.024475692,1,-0.772253633,1,0.299979806,1
3.10794878,-11.53869724,1,3.729438782,1,-17.33323288,1,4.771051884,1,8.043664932,1,-2.611125469,1,0.004286489,1,-0.740308225,1,0.285905719,1
3.11194849,-12.08697319,1,3.479223967,1,-17.27440262,1,4.744590759,1,8.02543354,1,-2.877434254,1,0.032504469,1,-0.707955241,1,0.272043943,1
3.115950108,-12.8013134,1,3.580175877,1,-16.8342514,1,4.688193321,1,7.969440937,1,-3.166584253,1,0.06014761,1,-0.67542845,1,0.258302748,1
3.119947672,-13.11996555,1,3.522203684,1,-16.55496407,1,4.586019993,1,7.863646507,1,-3.471885681,1,0.087164707,1,-0.64285779,1,0.244506106,1
3.123947382,-13.30056572,1,3.547245026,1,-16.29716682,1,4.45510006,1,7.692371368,1,-3.778110266,1,0.113443553,1,-0.610433698,1,0.230539069,1
3.127948999,-13.89529991,1,3.756276846,1,-16.32458115,1,4.329521179,1,7.49327755,1,-4.063695908,1,0.138942495,1,-0.57832551,1,0.216368884,1
3.131946802,-15.29789066,1,4.33456707,1,-16.56699753,1,4.233176231,1,7.266788483,1,-4.309587479,1,0.163698211,1,-0.546615601,1,0.202043906,1
3.135946512,-17.89081955,1,4.387935638,1,-17.00144386,1,4.163104534,1,7.064725399,1,-4.518509388,1,0.187756345,1,-0.515313089,1,0.187674001,1
3.13994813,-21.17709351,1,3.962123156,1,-17.01482582,1,4.057246685,1,6.918325901,1,-4.683263779,1,0.211039186,1,-0.484270364,1,0.173428699,1
3.143945694,-24.39731789,1,3.171399593,1,-16.68657684,1,3.856650352,1,6.825044632,1,-4.784201622,1,0.233189434,1,-0.453291118,1,0.15949437,1
3.147945642,-27.16888237,1,2.513601303,1,-15.80905628,1,3.560937405,1,6.74411869,1,-4.833429337,1,0.253742039,1,-0.422317475,1,0.146076098,1
3.15194726,-29.56768799,1,1.937212348,1,-14.67191601,1,3.198788404,1,6.671396255,1,-4.794810772,1,0.272300065,1,-0.391405672,1,0.133394718,1
3.155945301,-32.42188263,1,1.043755651,1,-12.97997379,1,2.784818888,1,6.603482246,1,-4.679094315,1,0.288572043,1,-0.360652268,1,0.121688895,1
3.159950733,-34.60843277,1,0.672628105,1,-11.07995701,1,2.320553303,1,6.518238544,1,-4.463856697,1,0.302334428,1,-0.33019346,1,0.111203045,1
3.163952351,-36.35048676,1,1.914575577,1,-9.30632782,1,1.855570912,1,6.349018097,1,-4.194576263,1,0.313515067,1,-0.300391734,1,0.102050677,1
3.167950392,-37.45230484,1,4.355573654,1,-7.271290302,1,1.488165498,1,6.074249268,1,-3.866358519,1,0.32238239,1,-0.271724284,1,0.094182968,1
3.171949863,-39.01121902,1,6.837521076,1,-4.194215775,1,1.219081879,1,5.729694843,1,-3.508343697,1,0.329584956,1,-0.244625703,1,0.087567672,1
3.175951719,-40.16063309,1,10.26399231,1,-3.377680302,1,1.220131993,1,5.311370373,1,-3.101752281,1,0.335665941,1,-0.219427407,1,0.082120389,1
3.179949284,-42.31745529,1,12.20791626,1,-1.026539326,1,1.293016791,1,4.849602699,1,-2.652661085,1,0.341519356,1,-0.196414188,1,0.077914067,1
3.183948755,-45.09206009,1,11.99624252,1,1.047662258,1,1.462190151,1,4.394405365,1,-2.16680932,1,0.347578019,1,-0.175763279,1,0.075028107,1
3.18795085,-47.38565826,1,10.44127274,1,3.650622606,1,1.580224991,1,3.974938154,1,-1.676172495,1,0.353935897,1,-0.157398388,1,0.07355389,1
3.191948891,-48.76778412,1,8.046537399,1,6.175632,1,1.522685051,1,3.528516769,1,-1.208339572,1,0.360213637,1,-0.141324073,1,0.073396228,1
3.195948362,-48.57736969,1,6.243420601,1,8.301327705,1,1.288601279,1,3.033663034,1,-0.79968828,1,0.365744203,1,-0.127629295,1,0.07432685,1
3.19994998,-48.14278412,1,5.567725182,1,9.684801102,1,0.952528,1,2.508465528,1,-0.43410936,1,0.370034218,1,-0.116401739,1,0.076050669,1
3.203947783,-47.16632843,1,6.078237057,1,10.90680599,1,0.619306684,1,1.990893245,1,-0.156279355,1,0.372919768,1,-0.107600488,1,0.078245692,1
3.207947493,-45.71918869,1,6.751431942,1,12.1068964,1,0.35482198,1,1.485433102,1,0.063020959,1,0.374604046,1,-0.101067603,1,0.080632798,1
3.211949348,-43.67386246,1,7.484802723,1,13.37118149,1,0.178192958,1,0.99789077,1,0.223594666,1,0.375416338,1,-0.09666349,1,0.083004966,1
3.215946913,-41.07335663,1,7.825926304,1,14.09611607,1,0.069543466,1,0.515052855,1,0.3423298,1,0.375672251,1,-0.094270587,1,0.085191682,1
3.219946861,-39.01931381,1,7.940873146,1,14.47569752,1,0.03234572,1,0.054212138,1,0.414798021,1,0.375704527,1,-0.093784668,1,0.087037578,1
3.22394824,-36.90472794,1,7.282012463,1,14.4343338,1,0.016465819,1,-0.37755096,1,0.451935887,1,0.375672728,1,-0.095028751,1,0.088424087,1
3.227945805,-35.47835159,1,5.999523163,1,14.12577057,1,-0.023509821,1,-0.745229721,1,0.483867973,1,0.375581264,1,-0.097827405,1,0.089349158,1
3.231945515,-33.67044067,1,4.672958851,1,13.62225342,1,-0.069136292,1,-1.054617524,1,0.501834631,1,0.375360757,1,-0.101920597,1,0.089867912,1
3.235946894,-32.06237411,1,3.895114183,1,12.75586414,1,-0.105664998,1,-1.290520787,1,0.474462986,1,0.374983639,1,-0.107026286,1,0.089976855,1
3.239944935,-29.84477043,1,3.510186672,1,11.79490089,1,-0.126722679,1,-1.462022066,1,0.402571499,1,0.374557376,1,-0.112799913,1,0.089598194,1
3.243944645,-26.42049217,1,3.141062021,1,11.21172619,1,-0.134490833,1,-1.610608697,1,0.29381144,1,0.374155164,1,-0.119025566,1,0.088647418,1
3.247946262,-22.05781174,1,2.447700739,1,10.9455719,1,-0.159028172,1,-1.767595291,1,0.154409736,1,0.373757005,1,-0.125635892,1,0.087011702,1
3.251943827,-11.69859219,1,-4.101196289,1,4.38833189,1,-0.380198449,1,-1.985068679,1,0.021076865,1,0.373186976,1,-0.132723033,1,0.084564567,1
3.255943537,1.092656612,1,-25.41988564,1,8.47821331,1,-3.19694972,1,-3.734576464,1,-0.185366422,1,0.367004454,1,-0.142473862,1,0.080459319,1
3.259944916,-50.11608887,1,-5.564618587,1,30.39480591,1,-4.873422623,1,-5.15367651,1,0.527819455,1,0.350887179,1,-0.160312101,1,0.074432179,1
3.263942719,44.96068573,1,5.101624966,1,8.187755585,1,-3.767541885,1,-5.508820057,1,0.015501357,1,0.334737957,1,-0.180203497,1,0.068624303,1
3.267942429,-6.986411572,1,7.347958088,1,-5.732990742,1,-4.109047413,1,-7.048763275,1,0.073868454,1,0.320767999,1,-0.204396635,1,0.060246095,1
3.271944284,-28.63484955,1,4.752025604,1,-17.30114746,1,-4.484703541,1,-7.454001427,1,-0.075278431,1,0.305244625,1,-0.232035518,1,0.051047675,1
3.275941849,-12.3640461,1,20.43393707,1,-37.45455551,1,-2.729910135,1,-7.683541775,1,0.122070916,1,0.293255478,1,-0.261022687,1,0.042029627,1
3.279947519,-38.83441544,1,15.02248573,1,-47.85090256,1,-3.065054655,1,-7.862091541,1,0.552848041,1,0.283308923,1,-0.291239858,1,0.03365447,1
3.283949614,-45.9839325,1,18.70061111,1,-51.55673981,1,-2.523163319,1,-7.301207542,1,1.409534216,1,0.273703694,1,-0.321429402,1,0.028947232,1
3.287947416,-54.6641922,1,26.12613297,1,-49.93562698,1,-1.913565755,1,-6.459287643,1,2.400235653,1,0.264532775,1,-0.350108981,1,0.028882096,1
3.291947126,-51.55696106,1,25.36303711,1,-39.56344604,1,-1.252626419,1,-5.290253162,1,3.225205421,1,0.25631088,1,-0.375579834,1,0.03416964,1
3.295948744,-40.83885956,1,14.20374775,1,-28.46910858,1,-0.87371403,1,-4.044407845,1,3.40232563,1,0.248632967,1,-0.396915436,1,0.04251074,1
3.299946547,-15.99565029,1,-1.107767582,1,-15.68978214,1,-0.442343354,1,-3.440706015,1,3.329474926,1,0.242004901,1,-0.414380133,1,0.052881029,1
3.303946257,-4.770002842,1,-9.427059174,1,-4.4466362,1,-0.482148737,1,-3.719062328,1,3.062849998,1,0.23613359,1,-0.431371748,1,0.062861398,1
3.307948112,9.134140968,1,-10.48897839,1,0.666896224,1,-0.586014748,1,-4.096251011,1,2.528069973,1,0.230594039,1,-0.449034363,1,0.070948415,1
3.311945677,1.241422415,1,-12.36798954,1,3.994870663,1,-1.049204946,1,-4.731575489,1,2.13033247,1,0.224981785,1,-0.46843487,1,0.076552749,1
3.315945387,-16.28040123,1,-15.65106297,1,0.331751108,1,-1.595165014,1,-4.579069138,1,1.833529234,1,0.217855126,1,-0.488551438,1,0.080563962,1
3.319947004,-35.37103271,1,-9.685567856,1,-9.935359955,1,-2.234185934,1,-3.657755852,1,1.676238894,1,0.208354875,1,-0.506361306,1,0.084374182,1
3.32394433,-44.1006546,1,5.110041618,1,-21.5943222,1,-1.982022166,1,-1.835625768,1,1.649567246,1,0.197320834,1,-0.518607914,1,0.089177549,1
3.327944279,-23.40703583,1,20.5562458,1,-14.88543129,1,-1.32183516,1,-0.711279571,1,1.798325777,1,0.187307969,1,-0.524536848,1,0.095996141,1
3.331945658,1.510120392,1,8.468651772,1,-9.364971161,1,-1.025004148,1,-0.758393764,1,1.638307929,1,0.179144382,1,-0.528471351,1,0.103279315,1
3.335943699,3.127408504,1,-3.820904016,1,-7.983180523,1,-1.110806346,1,-1.144553304,1,1.460595608,1,0.171685472,1,-0.533427835,1,0.10958764,1
3.339943171,-24.94508171,1,-9.712000847,1,-12.25960827,1,-0.923241854,1,-0.66678071,1,1.173926353,1,0.164828762,1,-0.538077235,1,0.114903823,1
3.343944788,-5.390007496,1,-8.408132553,1,-5.301943302,1,-0.867946029,1,-0.553002119,1,1.080931664,1,0.159043267,1,-0.540882885,1,0.119574346,1
3.347942352,-4.554763317,1,-3.256992817,1,-11.57897282,1,-1.165092349,1,-0.829537392,1,1.127035618,1,0.152460426,1,-0.544462681,1,0.124201469,1
3.351941824,-11.89873123,1,5.170145988,1,-15.076581,1,-0.913249016,1,-0.622713983,1,1.016153812,1,0.145888984,1,-0.54794538,1,0.128698945,1
3.355943441,-1.107707977,1,6.101047039,1,-10.8300972,1,-0.752234519,1,-0.899824679,1,0.946145892,1,0.140519395,1,-0.5514732,1,0.132702962,1
3.359941006,-9.914672852,1,2.288380146,1,-11.86663246,1,-0.567460656,1,-0.778412163,1,0.818547249,1,0.135978863,1,-0.555350184,1,0.136307806,1
3.363940716,-5.651954651,1,-4.910004139,1,-8.684430122,1,-0.553963244,1,-0.800483346,1,0.741334379,1,0.132172361,1,-0.55886507,1,0.139395714,1
3.367942333,-10.19412708,1,-2.670629501,1,-9.37347126,1,-0.564810634,1,-0.715300202,1,0.678841054,1,0.128339961,1,-0.56227386,1,0.14230454,1
3.371940374,-7.887228966,1,1.387939692,1,-8.279290199,1,-0.459038824,1,-0.728365123,1,0.576925755,1,0.124914229,1,-0.56542325,1,0.144805908,1
3.375939846,-5.085905552,1,2.099565744,1,-9.181940079,1,-0.376120001,1,-0.71519506,1,0.48321104,1,0.122178607,1,-0.568524063,1,0.146840394,1
3.379941463,-6.399460316,1,-1.418850541,1,-8.99563694,1,-0.400090188,1,-0.705785692,1,0.477712393,1,0.119684525,1,-0.571597993,1,0.148697898,1
3.383939028,-7.006185532,1,-2.451889038,1,-7.790380955,1,-0.379447371,1,-0.66035825,1,0.428837806,1,0.117175132,1,-0.574487567,1,0.150462463,1
3.387938499,-8.393120766,1,0.666525781,1,-8.496677399,1,-0.320724666,1,-0.658487976,1,0.428090036,1,0.114842027,1,-0.577295542,1,0.152113274,1
3.391940355,-7.762571335,1,-0.35077104,1,-7.837090969,1,-0.275811344,1,-0.639809966,1,0.444159091,1,0.11271479,1,-0.580071509,1,0.153848603,1
3.395938158,-7.320063114,1,-2.955496311,1,-7.956003189,1,-0.304057747,1,-0.659270525,1,0.385002851,1,0.110656925,1,-0.582841516,1,0.155486181,1
3.399943829,-6.658340454,1,-1.003302574,1,-8.301077843,1,-0.368137032,1,-0.659947515,1,0.341802806,1,0.108508065,1,-0.585624218,1,0.156898156,1
3.403945684,-6.407366276,1,1.632561326,1,-9.32711792,1,-0.331302196,1,-0.648515642,1,0.20304063,1,0.106579661,1,-0.588318944,1,0.157875523,1
3.407943487,-6.309749126,1,1.734383345,1,-10.16138172,1,-0.278065801,1,-0.746409178,1,0.071829975,1,0.105203465,1,-0.591139138,1,0.15815939,1
3.411943197,-6.657732964,1,1.19718039,1,-10.15666485,1,-0.23100926,1,-0.853143215,1,0.007648901,1,0.104303233,1,-0.59433341,1,0.157928512,1
3.415944815,-5.675633907,1,-1.974941134,1,-10.3574419,1,-0.2542741,1,-0.997420728,1,0.027418273,1,0.103579231,1,-0.598028839,1,0.157531857,1
3.419942379,-5.61553812,1,-2.364793777,1,-9.686364174,1,-0.242256492,1,-1.061432004,1,0.064676493,1,0.102737695,1,-0.602176011,1,0.157219648,1
3.423942089,-4.297068119,1,-2.809911251,1,-10.97668362,1,-0.117979057,1,-1.167367578,1,0.175847918,1,0.102030672,1,-0.606614828,1,0.157231316,1
3.427943707,-4.413406849,1,-4.210206985,1,-11.13057518,1,-0.319869488,1,-1.299354196,1,0.247469798,1,0.100884877,1,-0.611641645,1,0.157694981,1
3.431941271,-3.700380564,1,-0.717741966,1,-11.79646492,1,-0.205540672,1,-1.436574221,1,0.313778579,1,0.099415965,1,-0.617177248,1,0.158349961,1
3.435940981,-4.503770351,1,-0.365479887,1,-12.23565865,1,-0.181999952,1,-1.611227393,1,0.383286238,1,0.098094553,1,-0.623370826,1,0.159353331,1
3.43994236,-4.496824741,1,-0.179071367,1,-12.39429188,1,-0.193181708,1,-1.783713341,1,0.358935088,1,0.096737228,1,-0.630260229,1,0.160338253,1
3.443940163,-4.349424839,1,-0.935893953,1,-12.62618542,1,-0.221525043,1,-1.962919116,1,0.395285547,1,0.095349573,1,-0.637878239,1,0.161317781,1
3.447939634,-4.406125546,1,-1.131515861,1,-11.9053669,1,-0.221173719,1,-2.15659523,1,0.391227871,1,0.093846366,1,-0.646223366,1,0.162315652,1
3.45194149,-5.289712906,1,-2.760631323,1,-12.09259033,1,-0.250367343,1,-2.368963242,1,0.408698291,1,0.092360646,1,-0.655389011,1,0.16325523,1
3.455939531,-4.641294956,1,-2.266034126,1,-12.71272755,1,-0.334004819,1,-2.566121578,1,0.393661469,1,0.090629153,1,-0.665357471,1,0.164146036,1
3.459939003,-5.055740833,1,-1.977939487,1,-13.83692551,1,-0.361291438,1,-2.79454565,1,0.405680388,1,0.08875677,1,-0.676171541,1,0.164945826,1
3.463940859,-2.881399155,1,-1.85737586,1,-13.67270279,1,-0.50506556,1,-3.070354462,1,0.377311468,1,0.086575724,1,-0.687974155,1,0.165672883,1
3.467938662,-3.323454857,1,-1.50240922,1,-14.7499218,1,-0.543046772,1,-3.421177387,1,0.307533234,1,0.084272482,1,-0.701011419,1,0.16595608,1
3.471938133,-4.524233341,1,-1.355675936,1,-15.24010849,1,-0.512049019,1,-3.776829243,1,0.364831924,1,0.082039565,1,-0.715507209,1,0.166134134,1
3.475939989,-2.486823082,1,-2.580133438,1,-14.78773022,1,-0.499032825,1,-4.10701561,1,0.358835995,1,0.079869419,1,-0.731313586,1,0.166376799,1
3.47993803,-4.086045742,1,-4.191522121,1,-16.09010887,1,-0.503089964,1,-4.479071617,1,0.414840579,1,0.077719823,1,-0.748564959,1,0.166593477,1
3.483937502,-1.431083083,1,-4.814009666,1,-14.72381115,1,-0.594756603,1,-4.826533794,1,0.507142246,1,0.075149626,1,-0.767257214,1,0.167180613,1
3.487939358,-1.060075879,1,-5.280441284,1,-15.30425262,1,-0.733700156,1,-5.225972652,1,0.605356753,1,0.071766101,1,-0.787464619,1,0.168207571,1
3.491936922,-1.837407351,1,-5.126767635,1,-15.24948215,1,-0.812047899,1,-5.575638771,1,0.730335414,1,0.067440726,1,-0.809209585,1,0.169892892,1
3.495936871,-0.150572464,1,-4.776257038,1,-14.21255302,1,-0.76701504,1,-5.945363045,1,0.89691627,1,0.062395003,1,-0.832394421,1,0.172458246,1
3.499938488,-0.581740439,1,-5.642586231,1,-14.65347195,1,-0.713778496,1,-6.342679977,1,1.097780347,1,0.056636274,1,-0.857180119,1,0.176211059,1
3.503936291,-2.835889339,1,-6.262417793,1,-14.65450001,1,-0.693617582,1,-6.737748623,1,1.328365207,1,0.049717955,1,-0.883582115,1,0.181610093,1
3.507936001,-0.738639116,1,-6.472142696,1,-13.15223503,1,-0.796946347,1,-6.995280743,1,1.463311076,1,0.041336361,1,-0.911274195,1,0.1885432,1
3.511937857,-0.040319707,1,-5.811023712,1,-13.29809093,1,-0.943210959,1,-7.315311909,1,1.608544707,1,0.031077527,1,-0.94009459,1,0.19703725,1
3.515935421,-2.535741806,1,-3.595924616,1,-13.83570862,1,-1.011114001,1,-7.581038952,1,1.754530072,1,0.018643379,1,-0.970075846,1,0.207424909,1
3.519941092,-3.63847065,1,-2.559934378,1,-12.86584473,1,-0.99144429,1,-7.852060795,1,1.856838465,1,0.004241039,1,-1.001015902,1,0.219904304,1
3.523942709,-0.868288159,1,-2.038370609,1,-12.48602962,1,-0.906976223,1,-8.199428558,1,1.897346854,1,-0.011875639,1,-1.033052325,1,0.234393835,1
3.527940512,-1.339784622,1,-1.323569775,1,-12.82058334,1,-0.839529991,1,-8.543450356,1,1.981674552,1,-0.030089255,1,-1.066383362,1,0.251371175,1
3.53194046,-4.022734642,1,-0.470091999,1,-13.66479588,1,-0.809117138,1,-8.744740486,1,2.07708168,1,-0.051336449,1,-1.100731134,1,0.271709412,1
3.535941839,-4.772616386,1,0.322574407,1,-12.35339832,1,-0.717223585,1,-8.744001389,1,2.125439405,1,-0.076305836,1,-1.135100961,1,0.296038687,1
3.539939642,-6.235219479,1,0.97457248,1,-12.82667923,1,-0.58795774,1,-8.74180603,1,2.20562458,1,-0.105461568,1,-1.16914165,1,0.3250705,1
3.543939114,-11.11750984,1,3.10063982,1,-10.51201057,1,-0.341998518,1,-8.736021996,1,2.085048914,1,-0.138653919,1,-1.202710271,1,0.358088046,1
3.547940969,-9.215924263,1,2.501167536,1,-11.14538479,1,-0.15017049,1,-8.732376099,1,2.159008503,1,-0.177555263,1,-1.235868692,1,0.398579478,1
3.551938772,-12.28727055,1,3.963846922,1,-10.66785526,1,0.12710458,1,-8.727074623,1,2.108910084,1,-0.224038288,1,-1.268396497,1,0.447431713,1
3.555938244,-11.88864136,1,3.426817417,1,-10.66750622,1,0.389451683,1,-8.721067429,1,2.02113843,1,-0.279851198,1,-1.300132275,1,0.506678104,1
3.5599401,-15.79302311,1,2.694576263,1,-10.74553108,1,0.724618137,1,-8.711901665,1,1.895629764,1,-0.347362876,1,-1.330903769,1,0.578736603,1
3.563937902,-16.5535202,1,2.706013203,1,-10.7532711,1,1.011802554,1,-8.618832588,1,1.796640635,1,-0.431252599,1,-1.360282898,1,0.668372929,1
3.567937374,-14.66964149,1,2.325759649,1,-9.229180336,1,1.162592411,1,-8.392396927,1,1.759482145,1,-0.537613928,1,-1.387131691,1,0.781288385,1
3.571938992,-12.66196823,1,-1.11238265,1,-6.534181595,1,1.280883312,1,-8.338681221,1,1.815019369,1,-0.676144361,1,-1.410574555,1,0.926833034,1
3.575936794,-31.24988937,1,-1.002770424,1,-10.48069,1,1.385029078,1,-7.706346512,1,1.857391,1,-0.853086829,1,-1.428839207,1,1.111189485,1
3.579936266,-32.55266571,1,-3.414695978,1,-9.619276047,1,1.287188888,1,-6.751319885,1,1.934823275,1,-1.050782204,1,-1.439464211,1,1.31621182,1
3.583937883,-28.52782631,1,-6.79873848,1,-6.881637573,1,1.019001722,1,-6.084774017,1,1.925295591,1,-1.250286818,1,-1.44287312,1,1.522052646,1
3.587935448,-32.30447769,1,-6.548509121,1,-5.640956879,1,0.683179855,1,-5.35144949,1,1.824508429,1,-1.432563424,1,-1.440752149,1,1.709279299,1
3.591935396,-30.72413063,1,-7.817202091,1,-2.070954561,1,0.288814873,1,-4.430032253,1,1.902891517,1,-1.580251217,1,-1.434644222,1,1.860330582,1
3.595937014,-27.00907707,1,-8.264142036,1,-0.764362812,1,-0.257516384,1,-3.578038692,1,1.900278091,1,-1.689604998,1,-1.425914645,1,1.970800996,1
3.599934816,-21.13392067,1,-6.292363644,1,1.423961043,1,-0.625531614,1,-2.828198671,1,1.905220032,1,-1.767223001,1,-1.416477084,1,2.047478199,1
3.603934288,-11.61693192,1,-5.59232235,1,2.626327515,1,-0.973335683,1,-2.295503616,1,2.024390936,1,-1.821382284,1,-1.40655005,1,2.099083662,1
3.607935905,-4.060073376,1,-4.136985779,1,1.88659215,1,-1.289449215,1,-2.097153664,1,2.143041611,1,-1.861961722,1,-1.396181941,1,2.135649204,1
3.611933708,-0.709089398,1,-3.328637838,1,2.053214788,1,-1.535185695,1,-2.156303883,1,2.360423803,1,-1.896917939,1,-1.385109425,1,2.165407896,1
3.615933418,-2.839843512,1,-1.061654925,1,-3.576560974,1,-1.484295487,1,-2.064244032,1,2.679047585,1,-1.926808715,1,-1.372716069,1,2.189569712,1
3.619935036,-13.92881107,1,4.330918312,1,-1.894067764,1,-1.373223066,1,-2.166593552,1,2.937557459,1,-1.95079875,1,-1.359220743,1,2.208325863,1
3.6239326,-31.42323494,1,6.339809895,1,-7.599881172,1,-1.368228912,1,-1.680696607,1,3.026676893,1,-1.968546152,1,-1.345102787,1,2.220840931,1
3.627932072,-28.32942581,1,4.956665993,1,-10.66686535,1,-1.039574385,1,-0.950708508,1,2.974884033,1,-1.974005342,1,-1.332004428,1,2.221471548,1
3.631934166,-13.18620205,1,2.096336603,1,-9.066446304,1,-0.783571541,1,-0.635810077,1,2.80969882,1,-1.970628858,1,-1.320164919,1,2.214240789,1
3.635932446,-7.121283054,1,1.741067052,1,-7.135522366,1,-0.49644956,1,-0.728287518,1,2.712515116,1,-1.966364384,1,-1.308977842,1,2.20719552,1
3.639938116,-8.895308495,1,0.498808324,1,-7.128435135,1,-0.274685383,1,-0.871239543,1,2.667639971,1,-1.963782668,1,-1.297794819,1,2.202935696,1
3.643939495,-9.701852798,1,-0.455444217,1,-8.184879303,1,-0.108842328,1,-0.92976141,1,2.612581015,1,-1.961986065,1,-1.28665328,1,2.200267792,1
3.647937298,-9.979836464,1,-1.138473511,1,-8.38143158,1,0.036638681,1,-1.067790389,1,2.501548767,1,-1.961393476,1,-1.275671721,1,2.1994946,1
3.651936769,-10.84916401,1,-1.595908642,1,-8.722065926,1,0.200187504,1,-1.218034387,1,2.398254871,1,-1.962480307,1,-1.264870286,1,2.201142311,1
3.655938625,-11.52085495,1,-2.642850399,1,-8.914012909,1,0.333534956,1,-1.372460008,1,2.327867746,1,-1.965058804,1,-1.254159927,1,2.204989195,1
3.65993619,-11.91678333,1,-3.849796057,1,-9.118089676,1,0.411496103,1,-1.516297817,1,2.281288862,1,-1.968860149,1,-1.243426323,1,2.21059823,1
3.663935661,-12.08935833,1,-4.963466167,1,-9.33321476,1,0.425963104,1,-1.633205295,1,2.25020957,1,-1.973751903,1,-1.232614279,1,2.217556238,1
3.667937517,-12.48775768,1,-6.180746555,1,-9.853754997,1,0.376213908,1,-1.726384759,1,2.224233389,1,-1.979493737,1,-1.22174108,1,2.225376129,1
3.67193532,-12.68571663,1,-7.367622852,1,-10.28380013,1,0.277248681,1,-1.823101282,1,2.214268923,1,-1.986175895,1,-1.210757971,1,2.233904839,1
3.67593503,-12.9831686,1,-8.331477165,1,-10.98206997,1,0.125732034,1,-1.928174734,1,2.225344181,1,-1.993799448,1,-1.199602604,1,2.242949724,1
3.679936886,-13.63143349,1,-9.341337204,1,-11.4067831,1,-0.072184913,1,-2.007350683,1,2.280315161,1,-2.002357244,1,-1.188141346,1,2.252272129,1
3.68393445,-14.46817303,1,-10.51543236,1,-12.14571667,1,-0.334246308,1,-2.071399927,1,2.362022877,1,-2.011634827,1,-1.176294208,1,2.261434078,1
3.68793416,-14.87589359,1,-11.07144356,1,-12.72071648,1,-0.652126968,1,-2.112733603,1,2.435513735,1,-2.021652699,1,-1.164043427,1,2.270176888,1
3.691935778,-15.76704597,1,-11.24588013,1,-13.38093662,1,-0.972055852,1,-2.149764776,1,2.496451855,1,-2.032516479,1,-1.151421309,1,2.278503418,1
3.695933104,-15.60234165,1,-10.88557625,1,-14.14101124,1,-1.310418725,1,-2.208226681,1,2.569277525,1,-2.044136524,1,-1.138437986,1,2.286253214,1
3.699932814,-15.67850971,1,-10.38305664,1,-14.95373058,1,-1.609238744,1,-2.248286486,1,2.622799158,1,-2.056624651,1,-1.125103712,1,2.293566227,1
3.703934431,-15.49985123,1,-10.07455635,1,-16.0651989,1,-1.894213676,1,-2.319322348,1,2.692600012,1,-2.06984663,1,-1.111411452,1,2.300466537,1
3.707932234,-15.54605293,1,-9.180669785,1,-17.00719452,1,-2.104217291,1,-2.384032011,1,2.738476753,1,-2.083766937,1,-1.097346544,1,2.307079077,1
3.711931705,-16.49981117,1,-7.889892578,1,-17.91592216,1,-2.231870651,1,-2.439652681,1,2.758968353,1,-2.098041058,1,-1.082993984,1,2.31337595,1
3.715933084,-17.38193512,1,-7.005906582,1,-18.50445938,1,-2.296025991,1,-2.47752738,1,2.766134977,1,-2.112377882,1,-1.068449974,1,2.319347858,1
3.719931126,-18.46494293,1,-6.424100399,1,-18.8012867,1,-2.309406519,1,-2.41602993,1,2.735594034,1,-2.126288652,1,-1.053939223,1,2.324717522,1
3.723930597,-19.08424187,1,-6.221883297,1,-18.70296669,1,-2.281215906,1,-2.28648138,1,2.669238567,1,-2.139301538,1,-1.0397681,1,2.329144955,1
3.727932215,-19.94560242,1,-6.724413395,1,-18.64689827,1,-2.258136272,1,-2.088783741,1,2.582229376,1,-2.151150465,1,-1.026166439,1,2.332373857,1
3.731930017,-20.56489563,1,-7.601910591,1,-18.64622116,1,-2.252757072,1,-1.802557111,1,2.498488426,1,-2.161607742,1,-1.013408303,1,2.334067822,1
3.735929489,-20.79896736,1,-7.811224937,1,-18.19621086,1,-2.240384579,1,-1.454200506,1,2.38218379,1,-2.170482874,1,-1.001665115,1,2.333920479,1
3.739931107,-21.53807449,1,-7.462976933,1,-17.883461,1,-2.191277981,1,-1.060940862,1,2.2614398,1,-2.17762208,1,-0.991151214,1,2.331864119,1
3.743928909,-22.28270912,1,-7.172068596,1,-17.93556023,1,-2.124803782,1,-0.616255224,1,2.138031244,1,-2.182811737,1,-0.981996953,1,2.327731848,1
3.747928381,-21.48625946,1,-7.023230076,1,-17.96203232,1,-2.025685072,1,-0.157951489,1,2.004796743,1,-2.185919046,1,-0.974363446,1,2.321469545,1
3.751929998,-18.76116371,1,-6.752109528,1,-18.014328,1,-1.895195961,1,0.24106209,1,1.877698421,1,-2.186961174,1,-0.96815449,1,2.313220501,1
3.755927801,-16.16593933,1,-6.520058155,1,-17.8859272,1,-1.726853371,1,0.579273701,1,1.764415264,1,-2.186183214,1,-0.963164449,1,2.303445101,1
3.759933472,-13.25316811,1,-6.125236511,1,-17.47457123,1,-1.553246498,1,0.854307592,1,1.665770531,1,-2.183700085,1,-0.959205389,1,2.292410135,1
3.763935328,-9.540337563,1,-6.220702648,1,-16.90221405,1,-1.382830262,1,0.994804919,1,1.582874298,1,-2.179923534,1,-0.956030726,1,2.280632734,1
3.767932892,-8.648939133,1,-5.568112373,1,-16.35457039,1,-1.174817801,1,1.123943567,1,1.476024508,1,-2.175227165,1,-0.953400075,1,2.26860404,1
3.771932364,-6.353222847,1,-5.180653572,1,-15.5575285,1,-0.981080115,1,1.2156142,1,1.384400964,1,-2.169543505,1,-0.951350033,1,2.256336212,1
3.775934219,-4.626459122,1,-4.770009995,1,-14.45694828,1,-0.765667319,1,1.302834153,1,1.309255719,1,-2.162964344,1,-0.949735045,1,2.243946075,1
3.779932022,-4.567469597,1,-4.240939617,1,-13.59466648,1,-0.522927344,1,1.359023333,1,1.232029676,1,-2.155460119,1,-0.948460698,1,2.231548786,1
3.783931732,-4.453294277,1,-4.993824959,1,-12.6180954,1,-0.318595499,1,1.482043147,1,1.195635676,1,-2.146819353,1,-0.947511256,1,2.218847275,1
3.787933111,-3.722843885,1,-5.414857864,1,-11.79317474,1,-0.162420437,1,1.632728815,1,1.156919718,1,-2.136941671,1,-0.946934998,1,2.205500364,1
3.791930914,-3.067337513,1,-5.564576626,1,-11.0929594,1,-0.021475907,1,1.748122334,1,1.119551539,1,-2.126137018,1,-0.946803629,1,2.19008255,1
3.795930624,-2.228959799,1,-5.283941746,1,-10.27392578,1,0.134005904,1,1.877993226,1,1.058519959,1,-2.114187956,1,-0.946871459,1,2.175616264,1
3.799932241,-1.451553941,1,-4.720134735,1,-9.943870544,1,0.272166491,1,2.011523724,1,0.96414119,1,-2.101193666,1,-0.947363377,1,2.160624743,1
3.803929806,-0.998802423,1,-3.967553616,1,-9.273972511,1,0.402768284,1,2.204078436,1,0.838026702,1,-2.087191343,1,-0.948433876,1,2.145040751,1
3.807929277,-0.353794783,1,-3.446109056,1,-8.579916954,1,0.538860083,1,2.440777302,1,0.661243916,1,-2.071938038,1,-0.950334668,1,2.128605127,1
3.811931133,0.114108227,1,-2.836776257,1,-7.886027336,1,0.678501248,1,2.705330849,1,0.443001866,1,-2.055327654,1,-0.953245282,1,2.111194372,1
3.815929651,0.481615514,1,-2.28069973,1,-7.250773907,1,0.82540977,1,3.002087116,1,0.187271446,1,-2.037162066,1,-0.957350969,1,2.092625856,1
3.819929361,0.8891505,1,-1.977624536,1,-6.789633274,1,0.988831699,1,3.317646742,1,-0.090486839,1,-2.017196417,1,-0.962737262,1,2.072680235,1
3.823930979,1.191238403,1,-1.715664983,1,-6.486950397,1,1.157686114,1,3.605492592,1,-0.380428165,1,-1.995321274,1,-0.969436824,1,2.051300287,1
3.827928543,1.228142738,1,-1.313085675,1,-6.243687153,1,1.326864123,1,3.896452427,1,-0.684073448,1,-1.971393108,1,-0.977401972,1,2.028369427,1
3.831928015,1.197854757,1,-1.130794525,1,-6.110360622,1,1.486381531,1,4.194508553,1,-0.995129347,1,-1.945204616,1,-0.986623406,1,2.003658295,1
3.835929632,1.38847208,1,-0.669007301,1,-5.893463612,1,1.630292892,1,4.482882023,1,-1.311684251,1,-1.916614652,1,-0.997058988,1,1.976935625,1
3.839927197,1.910366297,1,-0.296233177,1,-5.629214764,1,1.767048597,1,4.752910137,1,-1.616665959,1,-1.885407448,1,-1.008591533,1,1.947971582,1
3.843926668,2.296761036,1,-0.061613686,1,-5.663190365,1,1.935851336,1,4.979344845,1,-1.900385499,1,-1.851369739,1,-1.021026611,1,1.916605949,1
3.847928524,2.302146673,1,0.495085716,1,-5.629453182,1,2.114973307,1,5.187755108,1,-2.180359602,1,-1.814215302,1,-1.034170985,1,1.882679224,1
3.851926327,2.028403997,1,0.911657929,1,-5.700408459,1,2.288231373,1,5.373005867,1,-2.442958355,1,-1.773722649,1,-1.047867417,1,1.845962882,1
3.855926275,1.653907061,1,1.258069515,1,-5.852874279,1,2.449270487,1,5.549861908,1,-2.701848507,1,-1.729619145,1,-1.061935306,1,1.806144118,1
3.859928131,0.947436273,1,1.490181446,1,-6.079767227,1,2.59667325,1,5.705236435,1,-2.960341454,1,-1.681628466,1,-1.07619071,1,1.762928247,1
3.863925695,0.159553647,1,1.513855219,1,-6.170328617,1,2.725582838,1,5.866959095,1,-3.198652029,1,-1.629442811,1,-1.090418696,1,1.715916514,1
3.867925167,-0.325922966,1,1.436816931,1,-6.262465,1,2.820240736,1,6.024469852,1,-3.427819014,1,-1.572728276,1,-1.104386687,1,1.664667726,1
3.871926785,-0.799731076,1,1.280101299,1,-6.436543465,1,2.863856792,1,6.166278839,1,-3.644954205,1,-1.511303306,1,-1.11783433,1,1.60882473,1
3.875924587,-1.263706803,1,1.199579597,1,-6.614696026,1,2.894918919,1,6.305599213,1,-3.834853649,1,-1.445012569,1,-1.130425215,1,1.54810667,1
3.879930019,-1.779881358,1,1.454958916,1,-6.850913525,1,2.894752979,1,6.419959545,1,-4.013650894,1,-1.373859525,1,-1.141833067,1,1.482428551,1
3.883931875,-2.098962545,1,1.606079459,1,-6.918405056,1,2.876933336,1,6.513991833,1,-4.165001869,1,-1.298117638,1,-1.151721954,1,1.411992908,1
3.887929678,-2.321262836,1,1.604354978,1,-7.035782337,1,2.840796232,1,6.577864647,1,-4.279420376,1,-1.218294978,1,-1.159753919,1,1.337283969,1
3.89192915,-2.615926743,1,1.623707294,1,-7.207027435,1,2.808577299,1,6.625732899,1,-4.363295078,1,-1.13520658,1,-1.16558218,1,1.259072065,1
3.895930767,-2.781680107,1,1.552441001,1,-7.330694675,1,2.766866684,1,6.651021481,1,-4.415894508,1,-1.049871087,1,-1.168960214,1,1.178420782,1
3.899928808,-2.911204338,1,1.499771237,1,-7.45719862,1,2.722151756,1,6.662407875,1,-4.440924644,1,-0.963535011,1,-1.169687152,1,1.096570492,1
3.903928518,-2.868673563,1,1.577872634,1,-7.683592319,1,2.682935238,1,6.65623188,1,-4.422459602,1,-0.877613425,1,-1.167680144,1,1.01496315,1
3.907930136,-2.763541698,1,1.760872841,1,-8.115405083,1,2.645632982,1,6.631055832,1,-4.369771481,1,-0.793540239,1,-1.162900567,1,0.935071588,1
3.9119277,-3.417407513,1,1.965635777,1,-8.241609573,1,2.656166792,1,6.627686501,1,-4.290339947,1,-0.712441504,1,-1.155396342,1,0.858135939,1
3.91592741,-4.404135704,1,2.210555553,1,-8.520095825,1,2.694619179,1,6.652695656,1,-4.20468998,1,-0.634972632,1,-1.145240426,1,0.784994006,1
3.919928789,-5.071620464,1,2.114633083,1,-8.856595993,1,2.736699343,1,6.703299046,1,-4.09299612,1,-0.561698914,1,-1.132520914,1,0.716280162,1
3.92392683,-5.78096056,1,1.815395474,1,-9.187281609,1,2.775094271,1,6.774353027,1,-3.972560406,1,-0.493116975,1,-1.117344737,1,0.652496994,1
3.927926302,-6.540904045,1,1.636699557,1,-9.525262833,1,2.814205647,1,6.877435207,1,-3.838137388,1,-0.429471135,1,-1.099847794,1,0.593878865,1
3.931927919,-7.02327919,1,1.549332976,1,-9.702161789,1,2.845677137,1,6.993428707,1,-3.701200962,1,-0.370785773,1,-1.080177069,1,0.540471613,1
3.935925484,-7.211479187,1,1.549312472,1,-9.853738785,1,2.884260654,1,7.120669842,1,-3.560771942,1,-0.317015857,1,-1.058497548,1,0.492230237,1
3.939925194,-7.119133472,1,1.632950068,1,-9.999969482,1,2.915924311,1,7.254634857,1,-3.393167257,1,-0.268018365,1,-1.034971952,1,0.449043393,1
3.94392705,-6.957297325,1,1.772780299,1,-9.949010849,1,2.9890697,1,7.383627892,1,-3.209951162,1,-0.223572806,1,-1.009792209,1,0.410787642,1
3.947924852,-7.269679546,1,2.292434216,1,-9.858943939,1,3.085121155,1,7.513030529,1,-3.003579855,1,-0.183318466,1,-0.983125389,1,0.377305984,1
3.951924324,-7.306843281,1,2.640607357,1,-9.776438713,1,3.255785942,1,7.629069328,1,-2.773336411,1,-0.146789238,1,-0.955133915,1,0.348367661,1
3.955925941,-8.116134644,1,2.987366199,1,-9.84851265,1,3.491667271,1,7.73662138,1,-2.537565947,1,-0.113403939,1,-0.926048219,1,0.323733211,1
3.959923744,-9.300018311,1,3.008685589,1,-10.00919151,1,3.753308535,1,7.862470627,1,-2.328950405,1,-0.082491837,1,-0.895950615,1,0.30297038,1
3.963923216,-9.976428032,1,2.137258291,1,-9.836344719,1,3.965584278,1,7.976653576,1,-2.126648664,1,-0.053670079,1,-0.864953101,1,0.285635293,1
3.967924833,-10.75514889,1,1.091710925,1,-9.651463509,1,4.098054886,1,8.084040642,1,-1.968930125,1,-0.026760673,1,-0.833182275,1,0.271308154,1
3.971922398,-11.13473129,1,-0.405554205,1,-9.431436539,1,4.148409843,1,8.163887978,1,-1.844359517,1,-0.00163246,1,-0.800801754,1,0.259506404,1
3.975922108,-11.38923359,1,-1.450751662,1,-9.607728958,1,4.123757362,1,8.2047472,1,-1.788667202,1,0.021839999,1,-0.767982125,1,0.249735221,1
3.979923964,-12.08656025,1,-2.427771568,1,-9.825118065,1,4.028862,1,8.22379303,1,-1.793807268,1,0.043828826,1,-0.734908104,1,0.241442412,1
3.983921766,-12.77986622,1,-2.603383303,1,-10.21090412,1,3.889849663,1,8.199892998,1,-1.862537026,1,0.064485244,1,-0.701714933,1,0.234130859,1
3.987921476,-13.52130318,1,-2.315940619,1,-10.5719099,1,3.726994991,1,8.149281502,1,-2.00532198,1,0.084018931,1,-0.668529987,1,0.227316976,1
3.991922855,-13.9992609,1,-1.912997723,1,-11.05735207,1,3.58266449,1,8.057459831,1,-2.187182426,1,0.102673367,1,-0.635475874,1,0.22063756,1
3.995920658,-14.54729176,1,-1.10677588,1,-11.45151901,1,3.480282307,1,7.950841904,1,-2.425118208,1,0.120764025,1,-0.602618158,1,0.213770121,1
3.999926567,-15.44250298,1,-0.051835481,1,-11.927742,1,3.438828468,1,7.822013855,1,-2.706867456,1,0.138636947,1,-0.570010245,1,0.206462607,1
4.003928185,-16.80303383,1,0.787401795,1,-12.22602654,1,3.453536749,1,7.683827877,1,-3.000818253,1,0.15656364,1,-0.537655234,1,0.198554263,1
4.007926464,-18.76340103,1,1.140305638,1,-12.23205662,1,3.500495672,1,7.537727356,1,-3.287340164,1,0.174708515,1,-0.505553126,1,0.190028623,1
4.011925697,-20.92381477,1,0.816395164,1,-11.86144829,1,3.551487207,1,7.398387909,1,-3.555201292,1,0.193083256,1,-0.473676383,1,0.180967033,1
4.015927315,-23.38779259,1,0.094749756,1,-11.14618015,1,3.547825336,1,7.265994072,1,-3.792591333,1,0.211505532,1,-0.441994131,1,0.171485215,1
4.019925117,-25.56259346,1,-0.884768486,1,-10.25088596,1,3.477594137,1,7.112764835,1,-4.024504185,1,0.229647577,1,-0.410505265,1,0.161641777,1
4.023924351,-27.59707069,1,-1.971511483,1,-9.303391457,1,3.27636528,1,6.921575069,1,-4.238838673,1,0.247118235,1,-0.379303873,1,0.151424035,1
4.027925968,-29.38798141,1,-2.578815937,1,-8.401217461,1,2.949509382,1,6.675405025,1,-4.419128895,1,0.263358772,1,-0.348607242,1,0.140836626,1
4.031923771,-31.49410629,1,-2.464640141,1,-7.777552128,1,2.597780228,1,6.363589287,1,-4.563699722,1,0.2780343,1,-0.318656504,1,0.129894584,1
4.035923481,-33.90540314,1,-1.736953855,1,-7.051038265,1,2.266734838,1,6.0189147,1,-4.661661625,1,0.29112038,1,-0.289685905,1,0.118608691,1
4.039925098,-36.40225601,1,-0.363534302,1,-6.315954685,1,2.022378445,1,5.611185074,1,-4.712711334,1,0.30281502,1,-0.261938781,1,0.107036494,1
4.043922901,-39.67479706,1,1.861571431,1,-4.975889683,1,1.83482945,1,5.178931236,1,-4.733203411,1,0.31237936,1,-0.235057995,1,0.094023965,1
4.047922611,-42.11279678,1,4.064854145,1,-4.18311882,1,1.835701108,1,4.704630375,1,-4.678958416,1,0.32231012,1,-0.210389793,1,0.081982307,1
4.051924229,-45.4628334,1,5.320146561,1,-2.004117489,1,1.936165214,1,4.258128643,1,-4.554697037,1,0.332193881,1,-0.187488571,1,0.070013702,1
4.055922031,-48.60669327,1,6.224955082,1,0.230804265,1,2.086463451,1,3.800307989,1,-4.361181259,1,0.342283517,1,-0.166373342,1,0.058312804,1
4.059921265,-50.02532959,1,6.701322079,1,2.747097969,1,2.220008135,1,3.263997793,1,-4.083329678,1,0.352661133,1,-0.147287399,1,0.047090288,1
4.063922882,-51.30853653,1,7.510462761,1,5.135044098,1,2.252625942,1,2.586348772,1,-3.711750269,1,0.363078117,1,-0.130833715,1,0.036472678,1
4.067920685,-51.84091568,1,8.025877953,1,7.349881649,1,2.253354073,1,1.815431118,1,-3.309253216,1,0.373359382,1,-0.117555156,1,0.026465287,1
4.071919918,-52.14630508,1,8.215569496,1,9.349782944,1,2.100112438,1,0.97272259,1,-2.88470602,1,0.383172572,1,-0.107787915,1,0.016951205,1
4.075922012,-51.58191681,1,9.309969902,1,11.00120068,1,1.800726652,1,0.138635784,1,-2.468365192,1,0.391945541,1,-0.10167709,1,0.007830341,1
4.079919815,-50.51081467,1,10.79376411,1,12.11890697,1,1.429502249,1,-0.637440205,1,-2.108926296,1,0.399309695,1,-0.099098362,1,-0.001046513,1
4.083919048,-49.11021805,1,11.69889259,1,12.58371639,1,1.038459182,1,-1.287736535,1,-1.775917888,1,0.405115008,1,-0.099632777,1,-0.009752561,1
4.087920666,-48.11959457,1,11.69351578,1,11.77516747,1,0.654604495,1,-1.756121993,1,-1.466098189,1,0.409347773,1,-0.102693692,1,-0.018170586,1
4.091918468,-46.70348358,1,11.44362259,1,10.57759953,1,0.288279027,1,-2.061160803,1,-1.170497775,1,0.412058771,1,-0.107627854,1,-0.026098987,1
4.095918179,-45.25497055,1,11.76679611,1,9.403833389,1,-0.037178852,1,-2.231104374,1,-0.901417017,1,0.413359553,1,-0.113845803,1,-0.033388719,1
4.099919796,-42.57486343,1,11.78988075,1,9.501405716,1,-0.326032013,1,-2.285446644,1,-0.638385475,1,0.413395643,1,-0.120912366,1,-0.039910022,1
4.103917599,-37.43475342,1,11.00615597,1,9.66799736,1,-0.586191356,1,-2.329716206,1,-0.321967632,1,0.412270308,1,-0.128574908,1,-0.045431558,1
4.107916832,-0.617652833,1,-17.37539482,1,-0.745894432,1,-2.493938208,1,-3.176745415,1,0.207905561,1,0.407517195,1,-0.138191134,1,-0.049792036,1
4.111918449,-61.60964584,1,1.01406467,1,25.11096382,1,-5.062491417,1,-5.143904686,1,0.914417863,1,0.392907262,1,-0.154537514,1,-0.054687884,1
4.115916252,-15.34393597,1,10.2405386,1,25.88123131,1,-5.587271214,1,-5.707357883,1,1.398691058,1,0.37123847,1,-0.176503643,1,-0.058287717,1
4.119916439,7.772270679,1,18.74796867,1,6.399782658,1,-5.015600204,1,-6.50847435,1,1.464547634,1,0.35121721,1,-0.201493084,1,-0.061529577,1
4.123924255,-33.22932434,1,21.0835247,1,-13.11851788,1,-5.126097202,1,-7.088609219,1,1.466631293,1,0.331588507,1,-0.229341865,1,-0.065126374,1
4.127928257,-34.6250267,1,25.06374741,1,-36.73250961,1,-4.088517666,1,-6.716561317,1,1.180661201,1,0.313404471,1,-0.25723058,1,-0.069200195,1
4.131927967,-30.23696518,1,15.79596233,1,-47.74886703,1,-3.388271093,1,-6.314186096,1,0.999301791,1,0.300500005,1,-0.283392489,1,-0.072936356,1
4.135929585,-42.43647766,1,10.65774918,1,-53.84174347,1,-3.388078213,1,-6.164125919,1,1.700679779,1,0.287425101,1,-0.308821082,1,-0.075255297,1
4.139927387,-41.08800125,1,16.19311142,1,-50.41605759,1,-2.958171368,1,-6.04980135,1,2.751945257,1,0.2740435,1,-0.334697723,1,-0.073503844,1
4.14392662,-37.6371727,1,25.32236099,1,-43.23609924,1,-2.33318615,1,-5.642295361,1,3.808141947,1,0.261034667,1,-0.360704601,1,-0.066522546,1
4.147928715,-33.65235138,1,16.34262657,1,-30.07515717,1,-2.05347085,1,-4.851198673,1,4.319642544,1,0.247956276,1,-0.385347217,1,-0.055168062,1
4.151926041,-13.71618843,1,0.424949706,1,-16.42887497,1,-1.70542264,1,-4.034970284,1,4.528390884,1,0.235204905,1,-0.40656817,1,-0.041132249,1
4.155925751,-0.061961781,1,-7.572983742,1,-6.979381561,1,-1.743179679,1,-4.38353014,1,4.606492043,1,0.221986845,1,-0.426904649,1,-0.025667507,1
4.159927368,0.510035515,1,-8.539567947,1,-1.105274677,1,-1.874168515,1,-4.670276165,1,4.455821514,1,0.208504304,1,-0.448635995,1,-0.010408936,1
4.163925171,-3.691518307,1,-18.69545746,1,-0.491870791,1,-2.584053278,1,-4.640697479,1,3.610733986,1,0.193396807,1,-0.470111638,1,0.003353218,1
4.167924881,-26.40896606,1,-22.33144188,1,-5.395917892,1,-3.443588018,1,-4.595062256,1,2.627271175,1,0.176917329,1,-0.490798205,1,0.013150608,1
4.171926498,-65.35530853,1,-16.1199646,1,-19.54440689,1,-3.617085934,1,-2.345059633,1,1.661450505,1,0.158909902,1,-0.506329358,1,0.020014198,1
4.175924301,-50.46962738,1,19.67313385,1,-10.73820019,1,-2.445815086,1,-0.512170136,1,1.991371036,1,0.143390045,1,-0.512603521,1,0.027419548,1
4.179924011,5.573348522,1,24.48810196,1,-10.79447079,1,-2.224686861,1,-0.203902557,1,2.028383493,1,0.129904836,1,-0.514805019,1,0.036314566,1
4.183925629,-4.595584869,1,16.38536263,1,-13.32334328,1,-1.853688002,1,-0.600875735,1,1.761959791,1,0.117270254,1,-0.51754576,1,0.044983216,1
4.187923431,-17.53069115,1,-0.330004096,1,-11.61854649,1,-1.225798368,1,-0.262725145,1,0.992904067,1,0.108293861,1,-0.519927144,1,0.050938558,1
4.191922665,-5.058072567,1,-1.560586929,1,-6.471991062,1,-1.236683369,1,-0.446083903,1,0.939784408,1,0.101364754,1,-0.521586061,1,0.055048425,1
4.195924282,-12.0979023,1,-0.429642677,1,-12.34374237,1,-1.099380732,1,-0.251964271,1,0.904235125,1,0.094562799,1,-0.523427427,1,0.059165649,1
4.199922085,-1.480973482,1,0.960308075,1,-10.46264935,1,-0.953386962,1,-0.454170138,1,0.836772203,1,0.088516995,1,-0.525024474,1,0.063042648,1
4.203921795,-11.10882473,1,5.184075356,1,-12.20302773,1,-0.717285812,1,-0.500749826,1,0.678780735,1,0.08347638,1,-0.527272224,1,0.066361509,1
4.207923412,-6.593473911,1,2.316169977,1,-9.280950546,1,-0.520501196,1,-0.490715355,1,0.593486726,1,0.079670846,1,-0.529364228,1,0.069089077,1
4.211920738,-5.859228134,1,-6.114968777,1,-9.356874466,1,-0.511763573,1,-0.513692677,1,0.521149457,1,0.076464146,1,-0.531578362,1,0.071488135,1
4.215920448,-4.076424122,1,-4.272463799,1,-9.161991119,1,-0.598602533,1,-0.546381235,1,0.50788641,1,0.073097482,1,-0.533837259,1,0.073671252,1
4.219922066,-5.873857021,1,3.474632502,1,-10.10449314,1,-0.558220983,1,-0.566419959,1,0.521639287,1,0.069605678,1,-0.536189675,1,0.075873561,1
4.223919392,-7.848472118,1,4.214061737,1,-9.74687767,1,-0.355376691,1,-0.639704704,1,0.47907275,1,0.066705666,1,-0.538730741,1,0.07802774,1
4.227919102,-7.562522411,1,-0.285308063,1,-8.781215668,1,-0.274794549,1,-0.700595438,1,0.427701801,1,0.064505093,1,-0.541540205,1,0.079909466,1
4.231920719,-6.826782227,1,-1.379803777,1,-8.39315033,1,-0.250165761,1,-0.663357377,1,0.477082044,1,0.062466629,1,-0.544393778,1,0.081803679,1
4.235918522,-4.451494217,1,-1.030063391,1,-10.13821125,1,-0.224597171,1,-0.670137048,1,0.528737307,1,0.060420662,1,-0.547139168,1,0.083974749,1
4.239918232,-3.935307026,1,-0.250626683,1,-9.741978645,1,-0.19921878,1,-0.730856001,1,0.51490128,1,0.058280036,1,-0.55010283,1,0.086251944,1
4.24393177,-4.747817516,1,-1.720578074,1,-10.91813469,1,-0.191608205,1,-0.836762905,1,0.526168644,1,0.056395672,1,-0.553343832,1,0.088466436,1
4.247941494,-5.138194561,1,-2.188159227,1,-10.49461269,1,-0.225552663,1,-0.919284761,1,0.56048429,1,0.054349177,1,-0.556978285,1,0.090781406,1
4.251947403,-5.768421173,1,-2.521669388,1,-10.50156116,1,-0.198274747,1,-1.025254369,1,0.626056612,1,0.052177656,1,-0.560990334,1,0.093329027,1
4.25594902,-5.720773697,1,-2.243150234,1,-10.45151901,1,-0.320437074,1,-1.121546149,1,0.651321709,1,0.049638998,1,-0.565413892,1,0.096101411,1
4.259946823,-4.963015079,1,-0.583518744,1,-11.01066971,1,-0.278273404,1,-1.256979346,1,0.669224203,1,0.046900336,1,-0.570291102,1,0.098962016,1
4.263946533,-4.494237423,1,-1.177489519,1,-12.22115993,1,-0.375572085,1,-1.409469962,1,0.639579773,1,0.044072986,1,-0.575735807,1,0.101801805,1
4.267948151,-4.384127617,1,0.56803143,1,-13.64687824,1,-0.405459702,1,-1.638239264,1,0.621935606,1,0.04101789,1,-0.581915379,1,0.10449896,1
4.271945953,-4.26747036,1,-0.374863595,1,-14.42342854,1,-0.457777113,1,-1.901576996,1,0.596184194,1,0.037912384,1,-0.589086056,1,0.107099876,1
4.275945663,-4.125149727,1,1.330296397,1,-15.74444675,1,-0.562717855,1,-2.185476303,1,0.534018636,1,0.034481365,1,-0.597293139,1,0.109449856,1
4.279946804,-2.955537081,1,-0.167622998,1,-16.46874237,1,-0.529096365,1,-2.531061649,1,0.48421821,1,0.031185394,1,-0.606775463,1,0.111539923,1
4.283944607,-2.21096015,1,-0.449998498,1,-17.14364433,1,-0.580179811,1,-2.880711555,1,0.402637929,1,0.027912471,1,-0.617624581,1,0.113347515,1
4.287944317,-3.589809656,1,-1.810142159,1,-17.99563599,1,-0.711044073,1,-3.310368061,1,0.375109971,1,0.024475481,1,-0.6300776,1,0.11486657,1
4.291945934,-3.757261276,1,-2.258846283,1,-18.57865524,1,-0.931824565,1,-3.741197586,1,0.294157565,1,0.020421078,1,-0.643900096,1,0.11570444,1
4.295944214,-3.034674644,1,-0.813472569,1,-18.54008484,1,-1.049693346,1,-4.181225777,1,0.302792609,1,0.015760848,1,-0.659796834,1,0.116826199,1
4.299943924,-0.995432317,1,-1.6861341,1,-19.45157433,1,-1.06802237,1,-4.715386868,1,0.275149971,1,0.010779758,1,-0.67757839,1,0.117974967,1
4.303945065,-1.88202703,1,-2.665593863,1,-18.9424305,1,-1.051401138,1,-5.25919342,1,0.362547398,1,0.005643954,1,-0.697568119,1,0.119406067,1
4.307942867,0.734717607,1,-5.960455894,1,-18.5723896,1,-1.119766951,1,-5.786055088,1,0.453059882,1,-1.45E-05,1,-0.71966511,1,0.121476151,1
4.311942101,-1.236960411,1,-6.668410778,1,-18.3350563,1,-1.19839716,1,-6.267784119,1,0.587882459,1,-0.006554536,1,-0.743775785,1,0.124332182,1
4.315943718,1.959262609,1,-7.517033577,1,-17.42696381,1,-1.337296963,1,-6.706867695,1,0.796992004,1,-0.01453238,1,-0.769707203,1,0.128534898,1
4.319941521,1.178151846,1,-8.159991264,1,-17.88160133,1,-1.345835805,1,-7.220712185,1,1.065798879,1,-0.024142934,1,-0.797471166,1,0.134521991,1
4.323941231,1.752553582,1,-7.550013065,1,-16.73820686,1,-1.309656978,1,-7.664653778,1,1.334729314,1,-0.035487279,1,-0.827091515,1,0.142829999,1
4.327943325,2.445206881,1,-7.978335381,1,-16.08299255,1,-1.351935506,1,-8.075600624,1,1.582726121,1,-0.048772994,1,-0.858305573,1,0.153530091,1
4.331940651,3.031555414,1,-7.907781601,1,-16.03370667,1,-1.487060666,1,-8.492752075,1,1.881060123,1,-0.065016404,1,-0.89100194,1,0.167286798,1
4.335939884,1.952543616,1,-7.168035984,1,-16.67382813,1,-1.660590529,1,-8.76390934,1,2.129739046,1,-0.084884048,1,-0.924953997,1,0.184525311,1
4.339941978,-0.090085752,1,-5.742485523,1,-15.45261955,1,-1.825074196,1,-8.768275261,1,2.185286999,1,-0.108376577,1,-0.959019601,1,0.204931974,1
4.343939781,-0.392962515,1,-2.84313345,1,-16.02435303,1,-2.021862745,1,-8.773253441,1,2.38596487,1,-0.135693997,1,-0.99272567,1,0.228739902,1
4.347939014,-1.935840011,1,-1.120020509,1,-14.93400764,1,-2.021664381,1,-8.773134232,1,2.402646065,1,-0.167346656,1,-1.025974274,1,0.256476641,1
4.351940632,-3.373585939,1,-0.304359376,1,-16.66775322,1,-1.931831717,1,-8.771421432,1,2.379371405,1,-0.202462807,1,-1.058708549,1,0.287925422,1
4.355938435,-3.453202963,1,1.425867438,1,-15.59449005,1,-1.771006227,1,-8.767056465,1,2.411124229,1,-0.241425261,1,-1.090826392,1,0.323738337,1
4.359938145,-3.444286585,1,2.29218626,1,-15.32448673,1,-1.54107058,1,-8.763544083,1,2.420432091,1,-0.284998834,1,-1.122157574,1,0.365054667,1
4.363945961,-10.2457552,1,2.705344677,1,-16.24333382,1,-1.280802727,1,-8.756586075,1,2.337837458,1,-0.333309948,1,-1.152647972,1,0.412037224,1
4.367949963,-14.90898037,1,4.164600849,1,-16.57849312,1,-0.993151605,1,-8.750764847,1,2.288572788,1,-0.387236416,1,-1.182142496,1,0.46567151,1
4.371949673,-16.55824661,1,5.76944685,1,-15.18882465,1,-0.581780136,1,-8.742519379,1,2.171982527,1,-0.447095633,1,-1.210535526,1,0.526650548,1
4.37595129,-21.55870247,1,6.711551189,1,-12.79783249,1,-0.069126211,1,-8.730000496,1,1.964069128,1,-0.51351887,1,-1.23771441,1,0.595785797,1
4.379949093,-25.83842659,1,5.871119022,1,-12.43654537,1,0.573414564,1,-8.715558052,1,1.818034887,1,-0.586943507,1,-1.263531327,1,0.674186051,1
4.383948803,-30.35831833,1,6.860672474,1,-13.12374401,1,1.109285712,1,-8.703800201,1,1.731857657,1,-0.669757903,1,-1.287565827,1,0.764318645,1
4.38795042,-39.55574036,1,6.15555191,1,-12.8589468,1,1.42671454,1,-8.396530151,1,1.678513646,1,-0.764244437,1,-1.309111595,1,0.867727041,1
4.391948223,-41.21913147,1,-0.216673523,1,-10.34042931,1,1.462400675,1,-7.277180195,1,1.734905839,1,-0.864413738,1,-1.325737834,1,0.977253914,1
4.395947933,-39.06090927,1,-3.946095467,1,-10.43753815,1,1.121531606,1,-6.292340279,1,1.655248046,1,-0.964475572,1,-1.336832047,1,1.085595965,1
4.399949074,-35.46184921,1,-2.869149685,1,-6.334421635,1,0.637979746,1,-5.281322956,1,1.653163791,1,-1.059128284,1,-1.343599319,1,1.186469078,1
4.403946877,-29.1003933,1,-2.744924068,1,-5.271494865,1,0.143003255,1,-4.305618286,1,1.64583993,1,-1.145169973,1,-1.346333981,1,1.276324272,1
4.40794611,-17.29261398,1,-3.947757959,1,-2.299598932,1,-0.292217493,1,-3.396571636,1,1.787083745,1,-1.219009042,1,-1.345825434,1,1.351776481,1
4.411948204,-9.417176247,1,-9.692131042,1,-1.676989079,1,-0.863115311,1,-2.748259783,1,2.027716398,1,-1.281756043,1,-1.342493415,1,1.413857698,1
4.41594553,-10.33110905,1,-8.179657936,1,-5.906088352,1,-1.633863926,1,-2.334908962,1,2.439400196,1,-1.338210464,1,-1.336451292,1,1.466710448,1
4.41994524,-18.12153244,1,-0.387574077,1,-3.94458127,1,-2.275704384,1,-2.339055538,1,2.790722132,1,-1.391726017,1,-1.328214407,1,1.513641,1
4.423947334,-42.64749908,1,6.502177715,1,-11.09885883,1,-2.285044432,1,-2.086605072,1,2.947354555,1,-1.443757057,1,-1.318075895,1,1.557691693,1
4.427945137,-36.42216492,1,5.430246353,1,-15.60969257,1,-1.971206784,1,-1.225857139,1,2.957493544,1,-1.481884718,1,-1.30706048,1,1.588359952,1
4.43194437,-15.98277473,1,4.728503227,1,-12.62084389,1,-1.722171903,1,-1.035885572,1,2.848638296,1,-1.508029699,1,-1.29580617,1,1.607790709,1
4.435945988,-8.737633705,1,5.501497746,1,-9.221487999,1,-1.307201266,1,-1.400397062,1,2.758158922,1,-1.532717109,1,-1.284846783,1,1.627142072,1
4.43994379,-11.28652763,1,4.280861378,1,-8.887405396,1,-0.89246285,1,-1.74484992,1,2.848504305,1,-1.559153676,1,-1.273853064,1,1.650177717,1
4.443943024,-13.56653786,1,1.433395624,1,-9.990814209,1,-0.598553419,1,-1.894957542,1,3.008222818,1,-1.585480809,1,-1.262120485,1,1.674666286,1
4.447944641,-15.37192249,1,-0.439174861,1,-10.81890965,1,-0.379011065,1,-1.947516799,1,3.074859858,1,-1.610060453,1,-1.249727964,1,1.698475361,1
4.451942444,-17.01337814,1,-2.531265974,1,-11.04933739,1,-0.204536065,1,-1.998708606,1,3.089884758,1,-1.632615566,1,-1.237017035,1,1.721081853,1
4.455942154,-17.72689056,1,-5.705446243,1,-11.33650684,1,-0.13045375,1,-2.033581972,1,3.160090923,1,-1.653413773,1,-1.223981619,1,1.742477417,1
4.459943771,-17.23345375,1,-8.946909904,1,-11.77972507,1,-0.223741427,1,-2.058894634,1,3.275385618,1,-1.672938228,1,-1.210416675,1,1.762574196,1
4.463941574,-15.68199825,1,-11.51316166,1,-12.47764301,1,-0.460267097,1,-2.107377291,1,3.375286102,1,-1.691912174,1,-1.196253896,1,1.781463385,1
4.467941284,-14.4059,1,-13.28775787,1,-13.45107079,1,-0.778099,1,-2.197906733,1,3.442712784,1,-1.711187601,1,-1.181592822,1,1.799580693,1
4.471943378,-13.89129925,1,-14.15371895,1,-14.59094524,1,-1.133626342,1,-2.308667183,1,3.466362476,1,-1.731340408,1,-1.166576505,1,1.817283988,1
4.475940228,-13.83320332,1,-14.10993671,1,-15.81857681,1,-1.494694829,1,-2.434594154,1,3.446717024,1,-1.752622247,1,-1.151322126,1,1.834762931,1
4.479939461,-14.0852499,1,-13.45060158,1,-16.96524811,1,-1.796771884,1,-2.574596167,1,3.40086031,1,-1.775024295,1,-1.135960102,1,1.852131486,1
4.483947754,-14.6412611,1,-12.53949928,1,-18.05077744,1,-2.040201187,1,-2.701153755,1,3.32177496,1,-1.798404813,1,-1.120553732,1,1.869497895,1
4.487951279,-15.63518429,1,-11.82520199,1,-18.85570908,1,-2.233919144,1,-2.757481098,1,3.243826389,1,-1.822198868,1,-1.105204582,1,1.886483073,1
4.491950989,-15.79163742,1,-10.72001934,1,-19.47509193,1,-2.37061882,1,-2.813817978,1,3.114921331,1,-1.845941305,1,-1.090011239,1,1.902792215,1
4.495953083,-15.44134712,1,-10.05447578,1,-19.88957977,1,-2.427412033,1,-2.842751503,1,2.989145994,1,-1.869436264,1,-1.075093508,1,1.918506622,1
4.499950409,-16.54593658,1,-9.544887543,1,-20.47763443,1,-2.46393466,1,-2.837774754,1,2.865081787,1,-1.892445683,1,-1.060477018,1,1.933596492,1
4.503950119,-16.30593491,1,-8.977584839,1,-20.64842033,1,-2.423940182,1,-2.758766174,1,2.777044058,1,-1.914346814,1,-1.046157718,1,1.947539687,1
4.507951736,-16.21598625,1,-9.126029968,1,-21.35063362,1,-2.379822254,1,-2.71476984,1,2.733525515,1,-1.934909105,1,-1.032041907,1,1.960222363,1
4.511949539,-15.30017757,1,-8.897875786,1,-21.48498726,1,-2.297068834,1,-2.606033087,1,2.71485877,1,-1.954023242,1,-1.018027186,1,1.971647024,1
4.515948772,-14.28781223,1,-8.360164642,1,-21.86183357,1,-2.18787837,1,-2.518789768,1,2.726787806,1,-1.971480846,1,-1.004054904,1,1.981664896,1
4.51995039,-13.57378101,1,-7.560454369,1,-22.71638298,1,-2.04570365,1,-2.472726345,1,2.738335133,1,-1.987418413,1,-0.990055144,1,1.990549564,1
4.523948193,-13.13358879,1,-6.794158459,1,-23.9797821,1,-1.830408096,1,-2.426474333,1,2.749551535,1,-2.001807928,1,-0.976017237,1,1.998506546,1
4.527947903,-13.65896606,1,-5.962392807,1,-25.68920135,1,-1.568588495,1,-2.371953249,1,2.74014473,1,-2.01453352,1,-0.961982191,1,2.005665064,1
4.53194952,-14.66061401,1,-5.820492744,1,-26.92561722,1,-1.266493559,1,-2.288415432,1,2.689397812,1,-2.025416851,1,-0.948126316,1,2.012029886,1
4.535947323,-16.34415627,1,-7.060852528,1,-27.11586761,1,-1.021440625,1,-2.101850271,1,2.615214586,1,-2.034347057,1,-0.934710503,1,2.017460585,1
4.539947033,-17.47595978,1,-8.339655876,1,-27.00473213,1,-0.890265644,1,-1.818008542,1,2.460245609,1,-2.041408539,1,-0.922087193,1,2.021536589,1
4.54394865,-17.3370266,1,-10.77622604,1,-25.76131439,1,-0.923167944,1,-1.399980903,1,2.296815872,1,-2.046237946,1,-0.910821259,1,2.023687601,1
4.547946453,-17.31006813,1,-12.54596138,1,-24.72712517,1,-1.078756332,1,-0.952039719,1,2.121168852,1,-2.050384283,1,-0.900789678,1,2.023864985,1
4.551946163,-16.81778336,1,-14.06907082,1,-23.12845421,1,-1.315514207,1,-0.457789809,1,1.969967127,1,-2.053525448,1,-0.892253458,1,2.021785498,1
4.555948257,-16.38652039,1,-14.2872057,1,-22.12702751,1,-1.573441625,1,0.00365567,1,1.81918025,1,-2.055969238,1,-0.885121405,1,2.017493963,1
4.559945583,-12.48359871,1,-13.91664791,1,-21.07364464,1,-1.834780455,1,0.355640769,1,1.734968185,1,-2.057912588,1,-0.879224598,1,2.011214972,1
4.563944817,-14.13912106,1,-13.53955078,1,-20.45209312,1,-2.051834583,1,0.738627434,1,1.562407851,1,-2.059739113,1,-0.874392867,1,2.003461838,1
4.567946911,-7.5853405,1,-13.16375065,1,-18.88852501,1,-2.23433423,1,0.922719181,1,1.490273952,1,-2.061313868,1,-0.870574832,1,1.994355559,1
4.571944237,-4.605676174,1,-12.48289585,1,-17.27858734,1,-2.392107964,1,1.081764221,1,1.418470621,1,-2.06318903,1,-0.867319643,1,1.984666109,1
4.575944424,-2.875133991,1,-11.53135967,1,-16.93417168,1,-2.490394354,1,1.179587483,1,1.345241308,1,-2.065217972,1,-0.86458528,1,1.974451065,1
4.579945564,0.006665392,1,-9.553114891,1,-15.55545902,1,-2.468240499,1,1.331601262,1,1.220164299,1,-2.067122459,1,-0.862463176,1,1.963879585,1
4.583943367,2.62064743,1,-7.844935894,1,-14.85473919,1,-2.32948637,1,1.39402318,1,1.097050309,1,-2.06858778,1,-0.861004233,1,1.953139544,1
4.587943077,2.466398001,1,-4.024524689,1,-13.04406738,1,-2.033899069,1,1.544420004,1,0.921746016,1,-2.069200277,1,-0.860179305,1,1.942319989,1
4.591944695,2.67382288,1,-3.82360363,1,-13.09934807,1,-1.641879797,1,1.79421556,1,0.750154674,1,-2.06789422,1,-0.860473633,1,1.930835485,1
4.595942497,4.016228676,1,-1.951481819,1,-11.62671089,1,-1.080893755,1,1.998667002,1,0.585758328,1,-2.064123154,1,-0.8617149,1,1.918643475,1
4.59994173,4.850525379,1,-0.68248564,1,-10.67333031,1,-0.44495368,1,2.224274874,1,0.413385421,1,-2.057398558,1,-0.863924861,1,1.905750275,1
4.60394907,5.384780884,1,0.081420921,1,-9.911448479,1,0.247614294,1,2.485675097,1,0.232808188,1,-2.047296286,1,-0.867139041,1,1.891953588,1
4.607953072,5.706983089,1,0.418031722,1,-9.008768082,1,0.96044153,1,2.787506104,1,0.023237517,1,-2.033488512,1,-0.871448278,1,1.877035618,1
4.611952782,6.299300671,1,0.013821836,1,-8.092300415,1,1.617760658,1,3.103681803,1,-0.192811668,1,-2.015833139,1,-0.876922011,1,1.860772491,1
4.615954399,6.771744728,1,-1.37509346,1,-7.147788525,1,2.182346106,1,3.405596495,1,-0.417951375,1,-1.994521618,1,-0.883508503,1,1.843027472,1
4.619952202,6.793854237,1,-2.872476816,1,-6.418832779,1,2.619655132,1,3.684777737,1,-0.65008229,1,-1.969966888,1,-0.891141653,1,1.823783875,1
4.623951435,6.502141476,1,-3.976834297,1,-5.962977886,1,2.93001318,1,3.948957205,1,-0.897286952,1,-1.942629099,1,-0.899738431,1,1.803017735,1
4.627952576,5.841103554,1,-4.602119923,1,-5.606003761,1,3.113975763,1,4.226330757,1,-1.164170146,1,-1.912867904,1,-0.909296274,1,1.780574322,1
4.631950378,5.137633324,1,-4.570643425,1,-5.58080864,1,3.236751318,1,4.511492252,1,-1.454625845,1,-1.880824804,1,-0.919839263,1,1.756178379,1
4.635950089,4.433457375,1,-3.9354105,1,-5.65513134,1,3.320865631,1,4.789770603,1,-1.767032623,1,-1.846513867,1,-0.931376696,1,1.729655027,1
4.639951706,3.469632387,1,-3.05914402,1,-5.985787868,1,3.431748152,1,5.076564789,1,-2.094347715,1,-1.809679031,1,-0.94387275,1,1.700709581,1
4.643949509,2.72112751,1,-1.568330169,1,-6.139593124,1,3.571502686,1,5.373011589,1,-2.451159954,1,-1.769876719,1,-0.95727247,1,1.669006467,1
4.647949219,2.320238113,1,-0.356563658,1,-6.557883739,1,3.733911037,1,5.636206627,1,-2.816812038,1,-1.726697087,1,-0.971539259,1,1.634226322,1
4.651951313,1.587578535,1,0.988770783,1,-6.859141827,1,3.909782887,1,5.893157482,1,-3.199800014,1,-1.679777384,1,-0.986512423,1,1.596108198,1
4.655948639,1.406830668,1,1.877267718,1,-7.304322243,1,4.118400097,1,6.09075737,1,-3.569405556,1,-1.628683805,1,-1.002008557,1,1.554319859,1
4.659948349,0.981756091,1,2.329129696,1,-7.542480469,1,4.292254448,1,6.265450954,1,-3.896152258,1,-1.57326436,1,-1.017696977,1,1.508745313,1
4.663949966,0.592104614,1,2.287201405,1,-7.925709248,1,4.419556618,1,6.399900913,1,-4.185103416,1,-1.513341427,1,-1.033163428,1,1.459055066,1
4.667947292,0.196456969,1,2.150879145,1,-8.187556267,1,4.492240906,1,6.507871628,1,-4.424164295,1,-1.449000955,1,-1.048019052,1,1.405148745,1
4.671947479,-0.492985636,1,2.179198265,1,-8.550552368,1,4.511778831,1,6.578410149,1,-4.620462418,1,-1.380395412,1,-1.061840653,1,1.34701252,1
4.67594862,-1.226736069,1,2.14431715,1,-8.93224144,1,4.493029118,1,6.642948627,1,-4.779126167,1,-1.307818413,1,-1.07423234,1,1.284758329,1
4.679946423,-2.09346056,1,2.049120665,1,-9.444379807,1,4.432837486,1,6.708202362,1,-4.903027534,1,-1.231553793,1,-1.084809661,1,1.218523383,1
4.683946133,-3.204447031,1,2.094907999,1,-9.887562752,1,4.365097523,1,6.768745422,1,-4.99784708,1,-1.152046561,1,-1.093236446,1,1.148672581,1
4.68794775,-4.246765137,1,2.096825838,1,-10.3378582,1,4.279838562,1,6.839274883,1,-5.067035198,1,-1.069854379,1,-1.099204183,1,1.075725555,1
4.691945553,-4.807824135,1,2.139413118,1,-10.79507637,1,4.182655811,1,6.917090416,1,-5.119712353,1,-0.985785246,1,-1.102435589,1,1.000437379,1
4.695945263,-5.378153801,1,2.051880121,1,-11.10877705,1,4.077043056,1,6.994736671,1,-5.150776863,1,-0.900874317,1,-1.102732897,1,0.923802555,1
4.69994688,-5.946613312,1,2.006932497,1,-11.58687305,1,3.975492239,1,7.095535278,1,-5.163356304,1,-0.816158056,1,-1.099936485,1,0.846875191,1
4.703944683,-5.864293575,1,2.370580196,1,-12.40508366,1,3.899422646,1,7.157162666,1,-5.161454678,1,-0.732724249,1,-1.094000697,1,0.770820141,1
4.707943916,-6.079351902,1,3.199232578,1,-12.81100941,1,3.870931864,1,7.236312389,1,-5.128428459,1,-0.651690125,1,-1.084977269,1,0.69691509,1
4.711945534,-7.143077374,1,4.029666901,1,-12.85809994,1,3.933801174,1,7.350597858,1,-5.087576389,1,-0.573591948,1,-1.072864056,1,0.62601465,1
4.715943336,-8.156889915,1,4.504361629,1,-13.08204556,1,4.0504632,1,7.491769791,1,-5.044379711,1,-0.49874258,1,-1.057686925,1,0.55872339,1
4.71994257,-8.369112968,1,4.036374092,1,-13.15795994,1,4.169057369,1,7.643504143,1,-4.966867924,1,-0.427622676,1,-1.039545774,1,0.49565202,1
4.723950386,-8.48587513,1,3.381727457,1,-13.12029266,1,4.255349636,1,7.772697926,1,-4.849972248,1,-0.360931456,1,-1.018629551,1,0.437501669,1
4.727954388,-8.401670456,1,2.699026346,1,-13.14921188,1,4.304217339,1,7.903729439,1,-4.685739517,1,-0.299189031,1,-0.995144546,1,0.384727716,1
4.731954098,-8.504834175,1,2.381197691,1,-13.12451267,1,4.336634159,1,8.042515755,1,-4.48768425,1,-0.242615059,1,-0.969313145,1,0.337517202,1
4.735956192,-8.630887032,1,2.481345177,1,-13.08484459,1,4.362761974,1,8.174733162,1,-4.280385494,1,-0.191121191,1,-0.941413999,1,0.295768738,1
4.739953518,-8.816738129,1,2.924003124,1,-12.91770458,1,4.398560524,1,8.301363945,1,-4.042401314,1,-0.144404367,1,-0.911695182,1,0.259259641,1
4.743953228,-9.483141899,1,3.022543907,1,-12.28329086,1,4.446854591,1,8.460084915,1,-3.793067694,1,-0.102111273,1,-0.880363226,1,0.22774291,1
4.747955322,-9.744037628,1,2.915145397,1,-12.13043308,1,4.544960976,1,8.580242157,1,-3.513192892,1,-0.063756265,1,-0.847601116,1,0.200951755,1
4.751953125,-10.14939022,1,2.802081108,1,-12.20483208,1,4.673578739,1,8.671070099,1,-3.206136942,1,-0.028875798,1,-0.813762307,1,0.17867364,1
4.755952835,-10.80029488,1,2.698163033,1,-12.31137371,1,4.806715488,1,8.740674973,1,-2.926646709,1,0.003080282,1,-0.779093206,1,0.160512879,1
4.759953976,-10.91679382,1,2.404227495,1,-12.62174416,1,4.92254591,1,8.790856361,1,-2.693058491,1,0.032657593,1,-0.743812323,1,0.145859599,1
4.763951302,-11.28682709,1,1.942240596,1,-12.78160381,1,4.984015465,1,8.811115265,1,-2.518202543,1,0.06027649,1,-0.708165646,1,0.134141773,1
4.767951012,-11.94547462,1,1.406364322,1,-13.08082771,1,5.018472672,1,8.802930832,1,-2.406354427,1,0.086255111,1,-0.672312021,1,0.124768168,1
4.771952629,-12.80257797,1,0.741741002,1,-13.44211483,1,5.042442799,1,8.760704041,1,-2.356584311,1,0.110992521,1,-0.636416018,1,0.117207766,1
4.775950432,-14.32454777,1,0.33739239,1,-14.06893444,1,5.02356863,1,8.703137398,1,-2.391597986,1,0.134789541,1,-0.600595772,1,0.110920355,1
4.779950142,-15.59967613,1,0.040247962,1,-14.66439438,1,4.948593616,1,8.632815361,1,-2.525287151,1,0.15780817,1,-0.564860165,1,0.105348535,1
4.783951759,-16.79350853,1,-0.536027431,1,-15.09343147,1,4.828473091,1,8.537890434,1,-2.735592365,1,0.180166304,1,-0.529234588,1,0.099986799,1
4.787950039,-17.8381691,1,-0.666047156,1,-15.5052948,1,4.670865059,1,8.429093361,1,-3.012571573,1,0.20187819,1,-0.493730426,1,0.094445705,1
4.791949272,-19.07017517,1,-0.236704379,1,-15.83682156,1,4.505109787,1,8.301150322,1,-3.346040487,1,0.221042797,1,-0.457038909,1,0.086454198,1
4.79595089,-20.54014206,1,0.828873634,1,-16.05326843,1,4.344041348,1,8.157213211,1,-3.705538273,1,0.241633788,1,-0.421761662,1,0.079635113,1
4.799948692,-22.38720703,1,2.040157318,1,-15.99022484,1,4.226977825,1,8.007465363,1,-4.054700851,1,0.261748582,1,-0.386583447,1,0.072041452,1
4.803948402,-24.47204781,1,2.820996046,1,-15.31428432,1,4.161549091,1,7.859526157,1,-4.384654522,1,0.28150776,1,-0.351483583,1,0.063722149,1
4.807950497,-26.21485329,1,3.270509481,1,-14.45514297,1,4.113895893,1,7.698750019,1,-4.662438393,1,0.300985515,1,-0.316466391,1,0.05481239,1
4.811947823,-28.1771946,1,2.817378998,1,-13.77388668,1,4.00327158,1,7.49548769,1,-4.877182961,1,0.319990456,1,-0.281684637,1,0.045499746,1
4.815948009,-30.25355911,1,2.052458525,1,-13.64627838,1,3.805668116,1,7.231675625,1,-5.002419949,1,0.338114977,1,-0.247411966,1,0.035971019,1
4.819949627,-33.41975784,1,1.605182171,1,-13.58407307,1,3.537419558,1,6.908000469,1,-5.032986641,1,0.35497418,1,-0.213969976,1,0.026438339,1
4.82394743,-36.69232178,1,1.503364205,1,-13.40198231,1,3.286442041,1,6.56490469,1,-4.953197002,1,0.370465398,1,-0.181650311,1,0.017109638,1
4.827946663,-42.12958145,1,3.300844908,1,-13.62529087,1,3.065289974,1,6.224262714,1,-4.882249832,1,0.38463521,1,-0.150621191,1,0.008125634,1
4.83194828,-44.82036972,1,5.15802145,1,-12.75739288,1,2.916351795,1,5.824717045,1,-4.713448048,1,0.397732705,1,-0.121015079,1,-0.000522976,1
4.835946083,-49.73126984,1,7.181937695,1,-10.84480476,1,2.821722507,1,5.453655243,1,-4.530118942,1,0.410080314,1,-0.093017496,1,-0.008710275,1
4.839945793,-53.34680939,1,8.810833931,1,-9.088445663,1,2.842916012,1,5.109475613,1,-4.279827595,1,0.422055304,1,-0.066564262,1,-0.016322643,1
4.843953133,-56.8921814,1,9.23080349,1,-6.815618038,1,2.814794779,1,4.726197243,1,-3.976526499,1,0.433760136,1,-0.041789912,1,-0.023193125,1
4.847957134,-59.19079971,1,10.59416962,1,-4.056246281,1,2.72476387,1,4.218570709,1,-3.628278971,1,0.445016325,1,-0.019099349,1,-0.029368138,1
4.851956844,-60.53961563,1,10.26133347,1,-0.862548113,1,2.572724104,1,3.644804239,1,-3.189527512,1,0.455678642,1,0.001018988,1,-0.034814134,1
4.855958462,-60.7458725,1,9.838008881,1,2.237717152,1,2.232849121,1,2.95791316,1,-2.662141562,1,0.465300292,1,0.018084653,1,-0.039444402,1
4.859956264,-60.20350647,1,10.08648777,1,5.658219337,1,1.707688689,1,2.242033482,1,-2.100019693,1,0.473135769,1,0.031666156,1,-0.043244373,1
4.863955975,-57.99722672,1,11.994874,1,8.333153725,1,1.133396268,1,1.511847138,1,-1.591045737,1,0.478700459,1,0.041723289,1,-0.046349835,1
4.867957115,-54.51551437,1,13.85316944,1,10.10085487,1,0.594144821,1,0.815998793,1,-1.109107614,1,0.482010216,1,0.048339933,1,-0.048990916,1
4.871954918,-51.7485733,1,15.5327425,1,10.77129078,1,0.111434467,1,0.205311596,1,-0.678438783,1,0.483287543,1,0.0517851,1,-0.051211737,1
4.875954151,-49.37015152,1,15.7668457,1,10.65398979,1,-0.287667692,1,-0.298480511,1,-0.272123009,1,0.482822537,0,0.052472074,0,-0.052992519,0
4.879955769,-47.03608322,1,16.17076683,1,9.76197052,1,-0.567288339,1,-0.678766549,1,0.097960629,1,0.481025755,0,0.050878257,0,-0.054207195,0
4.883953571,-45.49858856,1,16.98262787,1,8.560801506,1,-0.699799657,1,-0.936926007,1,0.423407435,1,0.47843045,0,0.047509599,0,-0.054771569,0
4.887953281,-43.81797028,1,16.10108566,1,7.64735651,1,-0.758631647,1,-1.070882678,1,0.731133223,1,0.475525439,0,0.042862225,0,-0.05457953,0
4.891954899,-41.2412529,1,14.0243969,1,7.436298847,1,-0.860240936,1,-1.142751098,1,1.026827335,1,0.472343266,0,0.037296139,0,-0.053470746,0
4.895952225,-37.14400864,1,12.18767452,1,7.848922729,1,-1.010212898,1,-1.23085916,1,1.284234524,1,0.468679577,0,0.03096989,0,-0.051494073,0
4.899951458,-30.93949509,1,9.868348122,1,6.901894569,1,-1.212018609,1,-1.388923645,1,1.485843778,1,0.464334399,0,0.023823073,0,-0.048892796,0
4.903953552,10.34323883,1,-18.98732567,1,-5.072654247,1,-3.423184395,1,-2.406012297,1,1.829839826,1,0.456020743,0,0.014644657,0,-0.046032839,0
4.907950878,-63.66165543,1,-14.64535999,1,25.79962921,1,-7.186192036,1,-4.569045067,1,2.331539631,1,0.434731811,0,-0.001845288,0,-0.044888753,0
4.911951065,0.639845252,1,8.420809746,1,22.99229813,1,-6.634106636,1,-4.905141354,1,2.857753754,1,0.405963361,0,-0.023311468,0,-0.043079667,0
4.915952682,7.08825922,1,10.22324276,1,0.309408754,1,-6.919962406,1,-6.407527447,1,3.004543066,1,0.379361838,0,-0.048645679,0,-0.041036747,0
4.919950485,-35.38077927,1,17.9905777,1,-16.71756935,1,-6.50272131,1,-7.280622482,1,2.76155448,1,0.352377295,0,-0.078607008,0,-0.039685499,0
4.923949718,-18.07675934,1,16.71251869,1,-52.11254501,1,-5.00754118,1,-7.272841454,1,2.561196327,1,0.328363776,0,-0.109723955,0,-0.039826941,0
4.927951336,-30.2039547,1,-6.329399586,1,-60.5975914,1,-5.508067131,1,-7.535805225,1,2.31810689,1,0.308425695,0,-0.140820622,0,-0.039729927,0
4.931949139,-40.30895615,1,-3.062739134,1,-66.45051575,1,-5.617695332,1,-7.612466335,1,3.150699377,1,0.285919487,0,-0.173018649,0,-0.038117707,0
4.935948849,-53.09587479,1,11.74358654,1,-58.51882553,1,-5.791954041,1,-7.217123032,1,3.869684935,1,0.261847466,0,-0.205752373,0,-0.032603558,0
4.939949989,-46.25910187,1,30.38407707,1,-40.25249863,1,-5.220410824,1,-6.097742558,1,4.262532711,1,0.237654343,0,-0.235575855,0,-0.023047963,0
4.943947792,-26.74463081,1,34.99411392,1,-26.93287277,1,-4.029174805,1,-5.588316441,1,3.987605095,1,0.216321558,0,-0.261811405,0,-0.011661022,0
4.947947502,-15.33245277,1,26.5356617,1,-14.21061325,1,-2.897178888,1,-5.680839062,1,3.425106287,1,0.199820504,0,-0.286922067,0,-0.001438156,0
4.95194912,-6.800603867,1,13.27787399,1,-4.861866474,1,-2.186060905,1,-5.784362316,1,2.995896816,1,0.187262326,0,-0.311835468,0,0.007069713,0
4.955946922,-4.434891701,1,5.279051781,1,2.473578215,1,-1.998725772,1,-6.039064407,1,2.899995565,1,0.176539361,0,-0.337268353,0,0.01476317,0
4.959946632,-8.843827248,1,-3.261115313,1,4.227318764,1,-2.14463973,1,-5.993941784,1,2.865399122,1,0.165694311,0,-0.363002539,0,0.022452079,0
4.963953972,-22.26456261,1,-8.74647522,1,-0.300596744,1,-2.484360933,1,-5.664553642,1,2.833566427,1,0.153524771,0,-0.387909383,0,0.030589715,0
4.967957497,-41.42256165,1,-5.529691696,1,-13.29784966,1,-2.749019146,1,-4.690642834,1,2.546844721,1,0.139814585,0,-0.41023016,0,0.03884444,0
4.971957207,-53.09710312,1,4.088458538,1,-26.49666405,1,-2.560094595,1,-2.590910435,1,1.687663198,1,0.125892401,0,-0.426035106,0,0.046063412,0
4.975958824,-30.34441566,1,16.35506439,1,-13.79572678,1,-1.664619327,1,-1.178444028,1,1.289811015,1,0.115365095,0,-0.433646202,0,0.051388238,0
4.979956627,-4.953248024,1,10.91571236,1,-8.624152184,1,-1.159070134,1,-1.045351386,1,1.31875813,1,0.107604735,0,-0.438583404,0,0.056563672,0
4.983956337,2.14435935,1,3.98675251,1,-13.96127033,1,-1.292689919,1,-0.955022752,1,1.387302995,1,0.100579292,0,-0.44315213,0,0.061965264,0
4.987957954,-15.80132866,1,-0.745788395,1,-14.60284233,1,-1.080553412,1,-0.654409111,1,1.538672805,1,0.092958756,0,-0.446979165,0,0.068167783,0
4.99195528,-13.60836124,1,-9.359676361,1,-9.097545624,1,-0.886888385,1,-0.596925437,1,1.184056282,1,0.086572357,0,-0.449783802,0,0.074062474,0
4.995954514,-1.898657084,1,-7.273611546,1,-10.82089329,1,-1.124103665,1,-0.954583704,1,0.93339175,1,0.080746718,0,-0.45324713,0,0.078311987,0
4.999956608,-10.36936092,1,3.091982126,1,-14.1591959,1,-1.028900862,1,-0.806172848,1,1.012186766,1,0.07457646,0,-0.457202584,0,0.082288668,0
5.003954411,-4.285518169,1,9.116311073,1,-8.200569153,1,-0.776700079,1,-0.739077032,1,1.042568564,1,0.069057025,0,-0.460413516,0,0.086678818,0
5.007954121,-12.01139069,1,5.080275536,1,-10.67979527,1,-0.454617381,1,-0.75425303,1,0.863741934,1,0.064755857,0,-0.463767409,0,0.090761706,0
5.011955738,-4.939798355,1,-2.958381891,1,-8.301650047,1,-0.339288235,1,-0.690423369,1,0.757716775,1,0.061723169,0,-0.466762424,0,0.094116718,0
5.015953541,-7.982346058,1,-5.378632545,1,-10.41408443,1,-0.384707838,1,-0.668104112,1,0.796307087,1,0.058826197,0,-0.469714195,0,0.097414076,0
5.019952774,-4.813462734,1,-4.241860867,1,-9.191492081,1,-0.415953219,1,-0.658484101,1,0.748514175,1,0.055731546,0,-0.472446322,0,0.100716643,0
5.023954391,-7.625385284,1,2.153339148,1,-11.22478199,1,-0.328056782,1,-0.700458765,1,0.695647001,1,0.052792702,0,-0.475363642,0,0.103798121,0
5.027952194,-6.814632893,1,4.976304054,1,-11.11720943,1,-0.162744105,1,-0.829163432,1,0.700159073,1,0.050449669,0,-0.478551924,0,0.106739335,0
5.031951427,-7.205485821,1,1.550399899,1,-10.58037853,1,-0.010808851,1,-0.931122065,1,0.693594098,1,0.04875844,0,-0.482209563,0,0.10969907,0
5.035953045,-5.553392887,1,-1.600954056,1,-10.34321117,1,0.002440953,1,-0.997440338,1,0.669041395,1,0.047442578,0,-0.486190856,0,0.112556018,0
5.039950848,-5.687314987,1,-1.417662859,1,-10.41306973,1,-0.080204114,1,-1.060982585,1,0.689502358,1,0.045910776,0,-0.490442246,0,0.115409911,0
5.043950558,-5.250578403,1,-3.254023075,1,-10.51307201,1,-0.111118622,1,-1.148723841,1,0.684174061,1,0.044216059,0,-0.494544625,0,0.118623801,0
5.047952175,-6.834524632,1,-2.11497426,1,-10.71713448,1,-0.1769429,1,-1.250204086,1,0.690134108,1,0.042229921,0,-0.499465168,0,0.12149895,0
5.051949978,-6.581934452,1,-2.364723921,1,-11.48008919,1,-0.257333875,1,-1.384076118,1,0.728293657,1,0.039946713,0,-0.504830241,0,0.124479778,0
5.055949211,-6.461495399,1,-1.127676368,1,-11.59909821,1,-0.298212022,1,-1.517399192,1,0.752568543,1,0.03722636,0,-0.510746717,0,0.127630651,0
5.059950829,-4.239058018,1,-4.51372242,1,-13.37860203,1,-0.540208161,1,-1.704350352,1,0.722111523,1,0.034156334,0,-0.517302096,0,0.130764753,0
5.063948631,-3.361553192,1,1.150711298,1,-15.18027306,1,-0.589281559,1,-1.939167976,1,0.648497581,1,0.030355562,0,-0.524643421,0,0.133633032,0
5.067947865,-2.371433973,1,-0.058204398,1,-16.49114799,1,-0.625806868,1,-2.256357908,1,0.636445165,1,0.026612638,0,-0.533103704,0,0.136345223,0
5.071949959,-4.477761745,1,-1.137542725,1,-18.35162163,1,-0.685754061,1,-2.657695055,1,0.586662173,1,0.022631403,0,-0.542976439,0,0.138920024,0
5.075947285,-2.899640322,1,-1.833628893,1,-17.92246437,1,-0.704626441,1,-3.059410572,1,0.530407906,1,0.018670443,0,-0.55440861,0,0.141255021,0
5.079947472,-3.635313749,1,-1.908220053,1,-18.62325859,1,-0.808773458,1,-3.489396334,1,0.516906381,1,0.01448705,0,-0.567539513,0,0.143483013,0
5.083948612,-4.053850651,1,-2.344140291,1,-20.44297218,1,-1.005172968,1,-3.989367485,1,0.484612644,1,0.009689224,0,-0.582529664,0,0.145659626,0
5.08795166,-3.85309124,1,-2.050535679,1,-20.41334915,1,-1.172045827,1,-4.466832161,1,0.577029824,1,0.003984983,0,-0.599471509,0,0.148083672,0
5.091951847,1.04983294,1,-2.166675329,1,-20.37259483,1,-1.346398592,1,-5.070089817,1,0.593363047,1,-0.002721004,0,-0.61849612,0,0.150919929,0
5.095953465,-1.276606798,1,-2.059687376,1,-22.09742355,1,-1.345934033,1,-5.66885376,1,0.68312639,1,-0.010044153,0,-0.639962733,0,0.154195696,0
5.099951267,-0.136655688,1,-3.930535555,1,-19.69901657,1,-1.351229787,1,-6.202006817,1,0.818085015,1,-0.018018503,0,-0.663698435,0,0.15839693,0
5.103950977,1.375026941,1,-5.403000355,1,-19.42122269,1,-1.277709842,1,-6.687618732,1,0.905572057,1,-0.026497468,0,-0.689409375,0,0.163540974,0
5.107952595,2.954017878,1,-7.606311798,1,-19.05460358,1,-1.321797252,1,-7.226194382,1,1.118904591,1,-0.035774961,0,-0.717086673,0,0.169925764,0
5.111950397,2.792701006,1,-7.278767586,1,-19.06820488,1,-1.481525302,1,-7.750947952,1,1.344839096,1,-0.04694384,0,-0.746864974,0,0.178285152,0
5.115949631,4.632769108,1,-5.802651405,1,-18.74078369,1,-1.550507665,1,-8.231823921,1,1.498144031,1,-0.060086645,0,-0.778446078,0,0.188476294,0
5.119951248,5.49798584,1,-3.440942287,1,-18.13160896,1,-1.505144596,1,-8.727358818,1,1.752434731,1,-0.07517606,0,-0.81188643,0,0.201017112,0
5.123949051,2.380806208,1,-2.819552183,1,-18.02867317,1,-1.488648891,1,-8.759192467,1,1.950208426,1,-0.092412502,0,-0.846142054,0,0.216327161,0
5.127948761,1.324987173,1,-2.773978472,1,-17.34547806,1,-1.582840204,1,-8.762361526,1,2.019309759,1,-0.111931734,0,-0.880191445,0,0.233997449,0
5.131950378,1.439017177,1,-2.026275635,1,-16.83081627,1,-1.744205236,1,-8.76540947,1,2.074695349,1,-0.134157762,0,-0.913977504,0,0.253884912,0
5.135948181,0.174250796,1,0.154244229,1,-15.43923092,1,-1.768746257,1,-8.766050339,1,2.181918144,1,-0.15940769,0,-0.947421968,0,0.276556551,0
5.139947891,-1.042607546,1,2.060235739,1,-17.01329994,1,-1.681658268,1,-8.764760017,1,2.209055901,1,-0.187481716,0,-0.980439067,0,0.302359521,0
5.143949509,-2.594024897,1,2.604768753,1,-16.57849312,1,-1.45261538,1,-8.759226799,1,2.158156395,1,-0.218085319,0,-1.013007283,0,0.331178486,0
5.147946835,-4.454785347,1,3.260181427,1,-18.40735435,1,-1.077474833,1,-8.751104355,1,2.09377718,1,-0.25031507,0,-1.045105934,0,0.362921834,0
5.151946545,-10.73114967,1,4.304327965,1,-17.94132423,1,-0.715315461,1,-8.742489815,1,2.04797101,1,-0.284795642,0,-1.076658487,0,0.398270607,0
5.155948162,-13.21343613,1,5.359860897,1,-19.2671833,1,-0.346706331,1,-8.734666824,1,1.892981172,1,-0.32155484,0,-1.107663989,0,0.437301368,0
5.159945965,-20.72038078,1,7.614795208,1,-16.05014801,1,0.169000506,1,-8.721469879,1,1.507327318,1,-0.359745622,0,-1.138279557,0,0.47920385,0
5.163945198,-28.7277298,1,8.135016441,1,-15.85927391,1,0.744009316,1,-8.708433151,1,1.281020045,1,-0.398359776,0,-1.16864717,0,0.523547232,0
5.167946815,-26.46852875,1,6.305105209,1,-12.99255848,1,1.074144125,1,-8.701182365,1,1.170644283,1,-0.440455854,0,-1.198451757,0,0.572994769,0
5.171944618,-38.91861725,1,6.739272118,1,-14.01076126,1,1.24889791,1,-8.696913719,1,1.046368122,1,-0.48831448,0,-1.227555275,0,0.62900269,0
5.175944328,-41.60868454,1,1.405081987,1,-12.00244331,1,1.299039364,1,-8.00465107,1,0.978372812,1,-0.541897774,0,-1.255062819,0,0.691100717,0
5.179945946,-44.74032974,1,0.071984112,1,-13.32779789,1,1.010664225,1,-6.860378265,1,0.890765727,1,-0.598710954,0,-1.278079271,0,0.755535066,0
5.183944225,-42.92739868,1,-0.468369365,1,-9.392299652,1,0.640942097,1,-5.520785809,1,0.929248989,1,-0.654956341,0,-1.29605484,0,0.817577481,0
5.187943935,-33.76033783,1,-3.373145819,1,-6.617088318,1,0.111591712,1,-4.396623135,1,0.8795892,1,-0.709303856,0,-1.309146166,0,0.875525832,0
5.191945553,-19.47662544,1,-6.475712299,1,-3.062873363,1,-0.452382207,1,-3.408358335,1,0.96247977,1,-0.759842038,0,-1.318266511,0,0.927097499,0
5.195943356,-7.69674778,1,-10.91910267,1,-3.963764191,1,-1.161109805,1,-2.788248062,1,1.193074107,1,-0.808713555,0,-1.323925138,0,0.974269509,0
5.199942589,-6.72922039,1,-5.20259428,1,-5.515868187,1,-1.914911628,1,-2.733025551,1,1.581460834,1,-0.862119019,0,-1.327130318,0,1.022859216,0
5.203944683,-24.49155235,1,4.338296413,1,-6.605320454,1,-2.428661585,1,-2.804031849,1,2.068125248,1,-0.92440623,0,-1.328529,0,1.078021765,0
5.207954407,-45.53032684,1,9.117917061,1,-15.91755199,1,-2.34335947,1,-2.421697378,1,2.164104223,1,-0.989132583,0,-1.327635169,0,1.134678364,0
5.211960316,-32.9285965,1,7.741070271,1,-17.93440437,1,-1.944039464,1,-1.718037605,1,2.241658926,1,-1.044177175,0,-1.324442983,0,1.182570934,0
5.215961933,-13.01564789,1,5.379061222,1,-14.15676975,1,-1.537518382,1,-1.798828363,1,2.147353649,1,-1.091434836,0,-1.320033789,0,1.224124074,0
5.219959736,-9.097935677,1,5.857680321,1,-10.52690315,1,-1.149285436,1,-2.30316186,1,2.186951876,1,-1.139897704,0,-1.315901756,0,1.268683791,0
5.223958969,-11.47599602,1,4.614287376,1,-9.687316895,1,-0.883443117,1,-2.754520178,1,2.413491488,1,-1.193203449,0,-1.311442733,0,1.319606543,0
5.227961063,-15.45716763,1,1.865423679,1,-11.35792637,1,-0.637304783,1,-2.922789812,1,2.603844643,1,-1.249121666,0,-1.305916309,0,1.374361515,0
5.231958389,-16.38509178,1,0.077228092,1,-12.38100624,1,-0.440919906,1,-3.004605532,1,2.710817814,1,-1.303595901,0,-1.299177766,0,1.428626657,0
5.235958099,-19.97781944,1,-3.247167826,1,-13.99750233,1,-0.300677687,1,-2.888526917,1,2.799939156,1,-1.354692101,0,-1.291254282,0,1.480187535,0
5.239959717,-19.91453934,1,-6.979070663,1,-13.83915997,1,-0.31055057,1,-2.94854188,1,2.975426912,1,-1.40271914,0,-1.282181501,0,1.528990388,0
5.243957043,-19.85402107,1,-10.22233772,1,-14.87700176,1,-0.493605524,1,-2.908225775,1,3.17016983,1,-1.448495269,0,-1.271698356,0,1.575176835,0
5.24795723,-17.90562057,1,-12.45955467,1,-15.19714451,1,-0.787503898,1,-2.898441315,1,3.328248262,1,-1.491949797,0,-1.259928823,0,1.618056655,0
5.25195837,-16.83626938,1,-12.79855919,1,-16.55717087,1,-1.118295074,1,-2.901800632,1,3.404255629,1,-1.533363581,0,-1.247123003,0,1.657638788,0
5.255955219,-16.2818737,1,-12.5916996,1,-17.51607895,1,-1.434729576,1,-2.993569136,1,3.434598923,1,-1.573471904,0,-1.233649611,0,1.694648504,0
5.259955406,-17.09228706,1,-12.12358952,1,-18.66672897,1,-1.711476207,1,-3.062996626,1,3.418805122,1,-1.612691522,0,-1.219664931,0,1.729608059,0
5.263957024,-17.59687805,1,-11.48265457,1,-19.6924057,1,-1.944608927,1,-3.134104252,1,3.361946106,1,-1.650821924,0,-1.205354929,0,1.762497187,0
5.267954826,-18.19655037,1,-11.25525188,1,-20.53710938,1,-2.134711981,1,-3.208863497,1,3.283989191,1,-1.68796587,0,-1.190876842,0,1.793605804,0
5.271954536,-18.80123901,1,-11.23768616,1,-21.35381126,1,-2.29319644,1,-3.250024557,1,3.209808111,1,-1.723928452,0,-1.176266909,0,1.822867155,0
5.275956154,-18.6148243,1,-11.42849255,1,-21.85050583,1,-2.436878204,1,-3.31051445,1,3.142105103,1,-1.758728623,0,-1.161514997,0,1.850404263,0
5.279953957,-18.23190689,1,-12.06682396,1,-21.90357208,1,-2.560112,1,-3.36033392,1,3.103144646,1,-1.792484283,0,-1.146581054,0,1.87638855,0
5.28395319,-17.8803997,1,-12.35562325,1,-22.02380562,1,-2.696772337,1,-3.402315855,1,3.090670347,1,-1.825215697,0,-1.131363988,0,1.90085721,0
5.28795433,-17.71634674,1,-12.63777447,1,-22.27978706,1,-2.826521873,1,-3.445201874,1,3.101506948,1,-1.856923699,0,-1.11578238,0,1.92377007,0
5.29195261,-16.88996315,1,-12.99058723,1,-22.87065315,1,-2.904606342,1,-3.476405621,1,3.145030499,1,-1.88536799,0,-1.099884272,0,1.940505028,0
5.295951843,-16.62418938,1,-11.9132967,1,-22.99946022,1,-2.969027519,1,-3.486736298,1,3.184401035,1,-1.914627552,0,-1.083388805,0,1.960201502,0
5.299953461,-16.53944969,1,-11.34463978,1,-23.00724602,1,-2.935526609,1,-3.460713863,1,3.232291222,1,-1.942199945,0,-1.066499114,0,1.978120565,0
5.303951263,-16.76478386,1,-9.944594383,1,-23.36925888,1,-2.813074827,1,-3.406370163,1,3.245780706,1,-1.967726111,0,-1.049311161,0,1.994205117,0
5.307950974,-16.95342255,1,-8.903234482,1,-23.90935135,1,-2.605764627,1,-3.316292048,1,3.247086763,1,-1.990854263,0,-1.032037139,0,2.008430481,0
5.311953068,-16.63030815,1,-7.285275936,1,-25.47245216,1,-2.291850567,1,-3.228583813,1,3.206847429,1,-2.011324883,0,-1.01484251,0,2.020909548,0
5.315950394,-16.49274063,1,-5.706140041,1,-27.29617119,1,-1.881757975,1,-3.123740435,1,3.126443148,1,-2.02904582,0,-0.997894168,0,2.031984568,0
5.319950104,-16.20575905,1,-5.259762287,1,-28.38150597,1,-1.448322892,1,-3.015956879,1,3.021299124,1,-2.04401803,0,-0.981374681,0,2.041912317,0
5.323951721,-18.32563972,1,-6.49353981,1,-28.89162064,1,-1.012481451,1,-2.737791538,1,2.834471226,1,-2.056013346,0,-0.965679586,0,2.05053091,0
5.327954769,-18.6321373,1,-10.93185329,1,-29.14900017,1,-0.791490555,1,-2.349675655,1,2.671801805,1,-2.064993858,0,-0.951174498,0,2.057187557,0
5.331954479,-17.70763397,1,-14.97181034,1,-27.89893532,1,-0.884809494,1,-1.90041399,1,2.519443512,1,-2.07178092,0,-0.937990665,0,2.06152153,0
5.335956573,-15.96373463,1,-18.97945976,1,-26.45264053,1,-1.242656231,1,-1.37921989,1,2.388777494,1,-2.077331781,0,-0.926253498,0,2.063202143,0
5.339954376,-14.6615324,1,-20.51037216,1,-24.67482567,1,-1.736563444,1,-0.884719908,1,2.289545059,1,-2.082483768,0,-0.915878832,0,2.062205791,0
5.343953609,-13.61860275,1,-20.03795052,1,-23.11152458,1,-2.245040894,1,-0.356105477,1,2.190577269,1,-2.087591171,0,-0.906850159,0,2.058553219,0
5.34795475,-11.741539,1,-18.82301331,1,-21.55467987,1,-2.667353153,1,0.116703533,1,2.123191595,1,-2.09250617,0,-0.899134874,0,2.05227375,0
5.351952553,-8.397829056,1,-17.25432587,1,-20.56917763,1,-3.000651598,1,0.53745991,1,2.059536695,1,-2.097191095,0,-0.892556071,0,2.043725729,0
5.355952263,-3.980388641,1,-14.97305489,1,-19.06972504,1,-3.229354858,1,0.86045295,1,2.001884699,1,-2.101638079,0,-0.886958003,0,2.033354759,0
5.35995388,-1.640484929,1,-11.65604019,1,-18.13363457,1,-3.229905367,1,1.181566358,1,1.885707259,1,-2.105484486,0,-0.882347465,0,2.02154541,0
5.363951683,1.092578292,1,-8.412723541,1,-16.95500183,1,-3.023979425,1,1.467742562,1,1.73972261,1,-2.108026505,0,-0.878799379,0,2.008553028,0
5.367950916,4.214670181,1,-4.942470551,1,-15.33839321,1,-2.590732574,1,1.766142368,1,1.54747057,1,-2.108570337,0,-0.876461327,0,1.994587302,0
5.371952057,6.84167099,1,-2.733152866,1,-14.70607758,1,-1.940911412,1,2.020616531,1,1.342997313,1,-2.106302261,0,-0.875378668,0,1.979764819,0
5.37594986,7.789020061,1,-0.957130909,1,-13.4459734,1,-1.198188066,1,2.229610443,1,1.153965592,1,-2.100812197,0,-0.87539041,0,1.964415789,0
5.37994957,8.243243217,1,-0.362486899,1,-11.89183331,1,-0.413219005,1,2.564444065,1,0.966320097,1,-2.091579437,0,-0.876534462,0,1.948175907,0
5.383951187,10.42403698,1,-0.943430901,1,-10.43097019,1,0.401072115,1,2.907176971,1,0.821185052,1,-2.078007936,0,-0.878801942,0,1.930505753,0
5.38794899,11.81613827,1,-1.363816738,1,-9.203854561,1,1.193579316,1,3.223972559,1,0.659724474,1,-2.060055494,0,-0.882050455,0,1.911374807,0
5.3919487,12.18257332,1,-1.595021844,1,-8.154388428,1,1.908799171,1,3.558929682,1,0.458197325,1,-2.037889957,0,-0.886282742,0,1.890759945,0
5.395950794,11.91214275,1,-1.567098856,1,-7.157388687,1,2.56136179,1,3.923012972,1,0.200320825,1,-2.011651039,0,-0.891649604,0,1.868507028,0
5.39994812,11.03898621,1,-1.885295033,1,-6.305810928,1,3.12023592,1,4.305015564,1,-0.129005134,1,-1.981484294,0,-0.89829576,0,1.844444036,0
5.403947353,9.674049377,1,-2.503823996,1,-5.634338856,1,3.551737785,1,4.685385227,1,-0.52527386,1,-1.947718143,0,-0.906394124,0,1.818465948,0
5.407949448,8.661549568,1,-3.052869081,1,-5.031023979,1,3.825870514,1,5.06946516,1,-0.953959286,1,-1.910688996,0,-0.916003406,0,1.790320635,0
5.411946774,8.778967857,1,-3.631134272,1,-4.625912666,1,3.980964899,1,5.395797253,1,-1.387964368,1,-1.870783806,0,-0.927049935,0,1.759854078,0
5.41594696,9.141419411,1,-3.335556984,1,-4.40106535,1,4.060751438,1,5.665490627,1,-1.821841836,1,-1.828352094,0,-0.93931216,0,1.727074265,0
5.419948101,9.099411964,1,-2.517895699,1,-4.850057602,1,4.100533009,1,5.847602367,1,-2.264362574,1,-1.783610225,0,-0.952634096,0,1.692034721,0
5.423945904,8.137206078,1,-1.093817115,1,-5.200222015,1,4.137750626,1,6.040331364,1,-2.694346905,1,-1.736453533,0,-0.966856778,0,1.65457654,0
5.427945614,7.146624565,1,0.583273828,1,-5.868785858,1,4.189152718,1,6.220088005,1,-3.141925097,1,-1.686435342,0,-0.981845796,0,1.614249587,0
5.431947231,5.816388607,1,1.832265615,1,-6.380599022,1,4.267999172,1,6.37820816,1,-3.562903404,1,-1.633147359,0,-0.997453034,0,1.570720077,0
5.435945034,4.160650253,1,2.604241848,1,-7.272494793,1,4.331115723,1,6.562283993,1,-3.943433285,1,-1.575981617,0,-1.013347626,0,1.523397326,0
5.439944267,2.576122522,1,3.084288597,1,-8.053544998,1,4.373791218,1,6.767439365,1,-4.280547619,1,-1.514371753,0,-1.029120088,0,1.471561551,0
5.443945408,1.445678234,1,3.301073551,1,-8.677570343,1,4.390844345,1,6.981376648,1,-4.557070255,1,-1.447852015,0,-1.044280171,0,1.414650559,0
5.447949409,0.279352605,1,3.347258329,1,-9.299131393,1,4.374720097,1,7.189332962,1,-4.768145561,1,-1.376233339,0,-1.058241367,0,1.352354884,0
5.451949596,-0.71260345,1,3.375512362,1,-9.817371368,1,4.304868698,1,7.382653713,1,-4.916113377,1,-1.299682021,0,-1.070394278,0,1.284675121,0
5.455950737,-1.574986815,1,3.318639994,1,-10.19580173,1,4.203476429,1,7.577305317,1,-4.992741585,1,-1.218699932,0,-1.080108047,0,1.21197927,0
5.45994854,-1.721614838,1,3.326313972,1,-10.5848484,1,4.073348999,1,7.731991768,1,-5.012813568,1,-1.134222746,0,-1.08683002,0,1.135134697,0
5.46394825,-2.177030563,1,3.38467598,1,-10.85390949,1,3.930638552,1,7.84435463,1,-4.980902195,1,-1.047772884,0,-1.090186357,0,1.05563724,0
5.467949867,-2.444947958,1,3.523644447,1,-11.17105579,1,3.776953697,1,7.937417984,1,-4.898290634,1,-0.960922539,0,-1.089914441,0,0.975078821,0
5.47194767,-2.589440823,1,4.047254562,1,-11.63693047,1,3.640862703,1,7.986252785,1,-4.775443554,1,-0.87539959,0,-1.085946202,0,0.895256341,0
5.475946903,-2.958749533,1,4.96834898,1,-12.27369595,1,3.545809507,1,8.018078804,1,-4.611317635,1,-0.792690158,0,-1.078346372,0,0.817860484,0
5.479948997,-3.280376196,1,6.341845512,1,-12.96495342,1,3.533900499,1,8.043609619,1,-4.414849281,1,-0.713884234,0,-1.067267895,0,0.74426645,0
5.483946323,-4.743175507,1,7.578117847,1,-13.36431026,1,3.625440121,1,8.138074875,1,-4.205126286,1,-0.639446437,0,-1.052834272,0,0.675316691,0
5.487945557,-6.2882061,1,8.321958542,1,-13.72760105,1,3.834972858,1,8.273867607,1,-3.989631653,1,-0.56928575,0,-1.035143733,0,0.611397088,0
5.491948128,-7.295500278,1,8.738973618,1,-14.28697586,1,4.094511509,1,8.430846214,1,-3.775654316,1,-0.503349125,0,-1.014361143,0,0.552802801,0
5.495946407,-7.865600109,1,8.941184044,1,-14.51113796,1,4.336161137,1,8.607092857,1,-3.549437284,1,-0.441741854,0,-0.990683615,0,0.499731243,0
5.499946117,-7.957037926,1,9.517755508,1,-14.67018509,1,4.620573521,1,8.784449577,1,-3.31677413,1,-0.384466499,0,-0.964331329,0,0.452245474,0
5.503947258,-8.099157333,1,9.968690872,1,-14.46950626,1,4.938985348,1,8.823484421,1,-3.060834408,1,-0.33135289,0,-0.935782671,0,0.410474151,0
5.507944584,-7.803425789,1,10.4137001,1,-14.34337425,1,5.301352024,1,8.829128265,1,-2.805152655,1,-0.28213495,0,-0.905673563,0,0.374358833,0
5.511944294,-8.026248932,1,10.19857216,1,-13.90908337,1,5.65546608,1,8.834630013,1,-2.526902676,1,-0.236271605,0,-0.874264181,0,0.343571723,0
5.515945911,-8.215441704,1,9.714445114,1,-13.63104916,1,5.998075485,1,8.840656281,1,-2.242266417,1,-0.193463385,0,-0.841760695,0,0.317803681,0
5.519943714,-8.347708702,1,8.317381859,1,-12.86080742,1,6.282290936,1,8.844197273,1,-1.937704444,1,-0.153350025,0,-0.808366179,0,0.296671271,0
5.523943424,-8.588274002,1,6.729595661,1,-12.49256229,1,6.465317726,1,8.846348763,1,-1.644093037,1,-0.115811199,0,-0.774270892,0,0.279801339,0
5.527945042,-9.598955154,1,5.381639481,1,-11.82113934,1,6.564651012,1,8.846693993,1,-1.380041122,1,-0.080763929,0,-0.739650667,0,0.266749442,0
5.531942368,-10.82877064,1,3.015943766,1,-10.8873806,1,6.500978947,1,8.84394455,1,-1.139115214,1,-0.048148643,0,-0.704668522,0,0.257010877,0
5.535942078,-10.73461437,1,0.798994184,1,-11.35976887,1,6.326755047,1,8.8393507,1,-0.873053193,1,-0.018219931,0,-0.669459701,0,0.25030005,0
5.539943218,-11.0524931,1,1.091335416,1,-12.43435764,1,6.166602612,1,8.835107803,1,-0.691506326,1,0.009249869,0,-0.63412869,0,0.246197745,0
5.543941498,-11.87176514,1,0.751870334,1,-12.95776272,1,6.003926277,1,8.831715584,1,-0.613647461,1,0.029898213,0,-0.594313323,0,0.2372251,0
5.547940731,-12.93356323,1,0.232329637,1,-13.60869598,1,5.770394325,1,8.825296402,1,-0.646862626,1,0.054123491,0,-0.558927298,0,0.236029536,0
5.551942825,-13.62473869,1,-0.530391455,1,-14.05976391,1,5.533212662,1,8.821644783,1,-0.778701544,1,0.077050358,0,-0.523522735,0,0.235435992,0
5.555940151,-14.60859013,1,-0.275265127,1,-14.69374657,1,5.318257809,1,8.818861008,1,-1.018123865,1,0.098999806,0,-0.4880642,0,0.234912172,0
5.559939861,-15.38649464,1,0.381830215,1,-15.43002033,1,5.148510933,1,8.817205429,1,-1.332410812,1,0.120314054,0,-0.452492028,0,0.234022766,0
5.563941479,-16.26040268,1,1.874544978,1,-15.9973402,1,5.055776596,1,8.817381859,1,-1.716900706,1,0.141355306,0,-0.416730851,0,0.232443109,0
5.567944527,-17.1255455,1,3.439703703,1,-16.13550186,1,5.047904015,1,8.725862503,1,-2.150426626,1,0.162520364,0,-0.380841464,0,0.229923874,0
5.571944237,-18.11677551,1,4.210890293,1,-16.00183105,1,5.116886616,1,8.608698845,1,-2.597115755,1,0.184100315,0,-0.345036983,0,0.226330757,0
5.575946331,-19.72401619,1,4.367402077,1,-15.49425983,1,5.207085133,1,8.455337524,1,-3.058842182,1,0.20626834,0,-0.309353769,0,0.221605375,0
5.579944134,-21.29707146,1,4.195897579,1,-15.15606499,1,5.24827528,1,8.279436111,1,-3.533035755,1,0.228882983,0,-0.273825735,0,0.215701565,0
5.583943844,-23.01952171,1,3.781014681,1,-15.41203117,1,5.188249111,1,8.021882057,1,-3.990867615,1,0.251577079,0,-0.23857373,0,0.208605632,0
5.587945461,-25.50757217,1,2.991043091,1,-15.81688309,1,5.040483475,1,7.748963833,1,-4.423624516,1,0.273869932,0,-0.20373553,0,0.200331956,0
5.591943264,-28.36291885,1,1.969941378,1,-16.47577858,1,4.796387672,1,7.412499428,1,-4.789264679,1,0.295290589,0,-0.169436947,0,0.190989703,0
5.595942974,-32.60337448,1,1.563038468,1,-17.20352554,1,4.477041245,1,7.019818306,1,-5.087744236,1,0.315401971,0,-0.135954633,0,0.180684388,0
5.599944592,-37.63806152,1,1.698107123,1,-17.58606911,1,4.160280228,1,6.601436138,1,-5.263356686,1,0.333979428,0,-0.103517972,0,0.169651687,0
5.603942394,-43.5278511,1,2.254965544,1,-17.27381897,1,3.884078741,1,6.204893589,1,-5.354949474,1,0.351062417,0,-0.072262295,0,0.158172697,0
5.607941628,-49.50396729,1,3.658457279,1,-16.42733765,1,3.633566141,1,5.837482452,1,-5.330854893,1,0.366737068,0,-0.042214245,0,0.146587268,0
5.611942768,-52.70444489,1,6.183362007,1,-13.65256977,1,3.391316175,1,5.464708805,1,-5.197599888,1,0.381083012,0,-0.013491085,0,0.135207072,0
5.615940571,-55.86064148,1,6.884955883,1,-10.94122028,1,3.271971226,1,5.09485054,1,-4.930749416,1,0.394387305,0,0.013799868,0,0.124426216,0
5.619940281,-62.49346161,1,11.62317657,1,-8.331789017,1,3.220116377,1,4.705639839,1,-4.681913376,1,0.407073081,0,0.039302532,0,0.114360601,0
5.623942375,-60.1411438,1,11.53397942,1,-4.606311798,1,3.08569026,1,4.067063808,1,-4.194870949,1,0.419181168,0,0.062571317,0,0.105084367,0
5.627939701,-63.527565,1,12.99167633,1,0.154625282,1,2.793228865,1,3.333559036,1,-3.676566601,1,0.430461109,0,0.082551934,0,0.096857861,0
5.631939411,-64.03489685,1,13.07208633,1,1.212522149,1,2.476650476,1,2.464953423,1,-3.163536787,1,0.440339297,0,0.098877363,0,0.089335479,0
5.635941029,-63.04042435,1,13.69993591,1,4.992904663,1,1.911232114,1,1.593684912,1,-2.657390118,1,0.448419452,0,0.111165568,0,0.082268432,0
5.639939308,-59.77271271,1,15.98590565,1,7.830415249,1,1.34653759,1,0.757933319,1,-2.204389572,1,0.454167753,0,0.119631767,0,0.075529628,0
5.643939018,-58.30688858,1,17.85330009,1,9.370146751,1,0.844468057,1,0.021604657,1,-1.777970672,1,0.457703024,0,0.124479629,0,0.069004007,0
5.647940159,-56.43932724,1,18.07027626,1,9.826169968,1,0.419967979,1,-0.516230106,1,-1.380312324,1,0.459452331,0,0.126339599,0,0.062832609,0
5.651937962,-54.7209053,1,17.05796814,1,9.91904068,1,0.052079204,1,-0.871714532,1,-0.989093244,1,0.459684074,0,0.125928253,0,0.057300795,0
5.655937195,-51.94607162,1,16.2818985,1,9.636796951,1,-0.24350068,1,-1.114454746,1,-0.623622298,1,0.458669096,0,0.123787671,0,0.052597746,0
5.659938812,-49.59024048,1,16.78985596,1,9.106565475,1,-0.411794811,1,-1.32676661,1,-0.273503393,1,0.456877977,0,0.120194413,0,0.048810225,0
5.663936615,-47.29208755,1,15.87187195,1,9.5884552,1,-0.501727819,1,-1.472985148,1,0.091540076,1,0.454705834,0,0.11531435,0,0.045981873,0
5.667936325,-43.0856514,1,13.96883965,1,10.1488018,1,-0.531272233,1,-1.590969324,1,0.514497101,1,0.452437162,0,0.109303132,0,0.044379178,0
5.671937943,-37.01819992,1,12.25365353,1,10.2533102,1,-0.578567982,1,-1.842829704,1,0.932232559,1,0.450194091,0,0.101885557,0,0.043997347,0
5.675935745,-1.178204179,1,-13.66794014,1,-9.351477623,1,-1.543735027,1,-2.321549654,1,1.486842155,1,0.446806908,0,0.092461132,0,0.044727463,0
5.679934978,-39.37705994,1,-17.37545967,1,17.9480648,1,-5.6377635,1,-4.749544144,1,1.627498865,1,0.432881176,0,0.077439182,0,0.044531293,0
5.683936596,-45.1819191,1,0.600293279,1,34.51085663,1,-7.437561512,1,-5.523572445,1,2.327156782,1,0.404563099,0,0.054563675,0,0.043038245,0
5.687940121,23.76452637,1,12.95924377,1,2.761485577,1,-6.544373989,1,-6.504812241,1,2.311159611,1,0.377483159,0,0.029300217,0,0.043020669,0
5.691939831,-33.30268478,1,17.95280457,1,-13.37117672,1,-6.941317081,1,-7.87005806,1,2.39975667,1,0.350486726,0,-0.001286244,0,0.041634191,0
5.695941448,-28.81676102,1,27.07335281,1,-49.7415657,1,-5.336279869,1,-7.784149647,1,1.900539398,1,0.324477971,0,-0.033978872,0,0.039028171,0
5.699939251,-29.48034096,1,0.836838126,1,-60.52448273,1,-5.263531208,1,-7.732816219,1,1.656110406,1,0.304868966,0,-0.065432094,0,0.036234189,0
5.703938961,-32.8906517,1,-0.72773689,1,-67.2616806,1,-5.33362627,1,-8.17769146,1,2.587388039,1,0.283683002,0,-0.098192006,0,0.035159044,0
5.707941055,-47.67789078,1,12.29881763,1,-62.10352707,1,-5.388001919,1,-8.405447006,1,3.598867416,1,0.2617383,0,-0.133851394,0,0.038002871,0
5.711938381,-43.3593483,1,31.58959961,1,-44.4497757,1,-4.722858429,1,-7.440788746,1,4.202430725,1,0.24022007,0,-0.168481752,0,0.045494255,0
5.715938091,-32.19877625,1,28.76679039,1,-28.99325752,1,-3.867924929,1,-6.895468235,1,4.064338207,1,0.221064687,0,-0.200085327,0,0.055354837,0
5.719939709,-13.8263588,1,22.30190849,1,-14.66179848,1,-2.820225,1,-6.926140308,1,3.619386196,1,0.205851555,0,-0.230215833,0,0.06480258,0
5.723937511,-8.053649902,1,10.31789684,1,-2.088489294,1,-2.215280533,1,-7.082798958,1,3.442583084,1,0.193870977,0,-0.260515213,0,0.073211037,0
5.727937222,-6.502476692,1,2.955141306,1,3.633354425,1,-2.35719347,1,-7.164103508,1,3.570399046,1,0.182343483,0,-0.291212738,0,0.08202143,0
5.731938362,-12.12798786,1,-1.716197729,1,7.295008659,1,-2.645421267,1,-6.932013512,1,3.524125576,1,0.169582725,0,-0.3214342,0,0.091535196,0
5.735936165,-40.78164673,1,-7.743248463,1,-5.461159706,1,-3.250842094,1,-6.133567333,1,3.385834932,1,0.154534444,0,-0.349872947,0,0.101545058,0
5.739935875,-75.41229248,1,-5.997832298,1,-34.15013123,1,-3.271132469,1,-3.236981869,1,2.32020545,1,0.137717068,0,-0.370621741,0,0.110772885,0
5.743937492,-56.98484039,1,18.95079231,1,-14.81353378,1,-2.107868433,1,-1.030049801,1,1.573255539,1,0.124216124,0,-0.37900123,0,0.117793866,0
5.747935295,-7.229808331,1,12.41061974,1,-8.071508408,1,-1.169393301,1,-1.192212343,1,1.213260531,1,0.115984797,0,-0.384145319,0,0.123296082,0
5.751935005,-1.146095157,1,16.48563194,1,-14.23140621,1,-1.188986182,1,-1.020497561,1,1.325834155,1,0.109305717,0,-0.389120311,0,0.127891034,0
5.755936146,-9.98451519,1,2.37693882,1,-11.67400742,1,-0.931020021,1,-0.651272357,1,1.59894681,1,0.102799155,0,-0.393002093,0,0.134048507,0
5.759933949,-10.86099243,1,-14.31445885,1,-7.921311855,1,-0.866989791,1,-0.754151821,1,1.115720749,1,0.097134992,0,-0.396223366,0,0.139686555,0
5.763933182,-12.14360905,1,-10.40183163,1,-13.9770956,1,-0.973255515,1,-0.81643939,1,0.893114746,1,0.091944017,0,-0.399832159,0,0.14353998,0
5.767934799,-0.931853354,1,2.01697278,1,-12.09397125,1,-0.952582061,1,-0.838388324,1,1.05388701,1,0.0865715,0,-0.403372169,0,0.147401288,0
5.771933079,-9.20833683,1,5.908495426,1,-12.14335251,1,-0.79716146,1,-0.903943241,1,1.011692405,1,0.081322283,0,-0.407274336,0,0.151665598,0
5.775932312,-12.58406544,1,2.512827635,1,-8.186469078,1,-0.538952947,1,-0.812837124,1,0.777587056,1,0.077277362,0,-0.410964131,0,0.155240208,0
5.779934406,-7.34002018,1,-3.104162455,1,-9.409245491,1,-0.483790964,1,-0.822107375,1,0.767092288,1,0.074031726,0,-0.41450873,0,0.158316612,0
5.783931732,-2.719122887,1,-4.480231762,1,-8.912078857,1,-0.588119805,1,-0.772909403,1,0.770290196,1,0.070641734,0,-0.417845607,0,0.161413297,0
5.787931442,-8.678229332,1,1.8675735,1,-9.021709442,1,-0.563931108,1,-0.758996904,1,0.733465075,1,0.067044824,0,-0.421112686,0,0.164471567,0
5.791933537,-10.86647034,1,5.000931263,1,-9.209065437,1,-0.372655541,1,-0.764366984,1,0.720413983,1,0.063719884,0,-0.422260106,0,0.181053534,0
5.795931339,-8.686664581,1,0.324237317,1,-9.599046707,1,-0.190633729,1,-0.794158399,1,0.682569921,1,0.061421555,0,-0.425533235,0,0.183952272,0
5.799931049,-4.235571384,1,-1.866732478,1,-10.98914814,1,-0.19253391,1,-0.87768209,1,0.60988307,1,0.059633784,0,-0.42902559,0,0.186547101,0
5.803932667,-3.304833651,1,2.556959629,1,-12.29820633,1,-0.171762452,1,-1.019873142,1,0.616038024,1,0.057814874,0,-0.432945758,0,0.188994288,0
5.807936668,-4.617088318,1,0.881889522,1,-12.80491066,1,-0.044091128,1,-1.189494014,1,0.567853451,1,0.056416042,0,-0.437478304,0,0.191325009,0
5.811936378,-5.614840031,1,-1.133847594,1,-12.55347157,1,-0.071833819,1,-1.412326217,1,0.550010502,1,0.05528355,0,-0.442803532,0,0.193462983,0
5.815937996,-6.15654707,1,-2.853416204,1,-12.18632603,1,-0.098155573,1,-1.543211937,1,0.600431681,1,0.05403877,0,-0.448833048,0,0.195628077,0
5.819935322,-5.797485352,1,-3.811590433,1,-11.85374355,1,-0.17550762,1,-1.698560596,1,0.624695897,1,0.052426465,0,-0.455432713,0,0.197994992,0
5.823934555,-5.698112488,1,-2.450026035,1,-12.90102673,1,-0.125274569,1,-1.836411715,1,0.647019982,1,0.050786592,0,-0.462601423,0,0.200415745,0
5.827936172,-3.90715313,1,0.017870078,1,-15.41178417,1,-0.315252095,1,-2.08911109,1,0.641506553,1,0.048708368,0,-0.470533907,0,0.202908918,0
5.831933975,-2.911253452,1,-2.731958628,1,-16.79084015,1,-0.382984787,1,-2.452716589,1,0.650221407,1,0.046354413,0,-0.479758501,0,0.205272287,0
5.835933685,-4.380582333,1,-0.783453643,1,-19.02613258,1,-0.467724651,1,-2.851243258,1,0.60681808,1,0.043422602,0,-0.49043709,0,0.207595289,0
5.839935303,-2.652006626,1,-2.380084753,1,-19.77527428,1,-0.480041623,1,-3.248239756,1,0.584438205,1,0.040575553,0,-0.502722204,0,0.209690064,0
5.843933105,-1.708567381,1,-3.373327971,1,-21.28348732,1,-0.645186901,1,-3.802834034,1,0.581043005,1,0.037352417,0,-0.516881466,0,0.211739555,0
5.847932816,-3.874863386,1,-2.608652115,1,-23.26371384,1,-0.792040229,1,-4.40171814,1,0.590115666,1,0.03345317,0,-0.533330142,0,0.213751286,0
5.851934433,0.703541577,1,-4.598874569,1,-22.40005493,1,-1.009741068,1,-5.045537949,1,0.666418254,1,0.028781747,0,-0.552244484,0,0.216005996,0
5.855931759,0.171152845,1,-3.635355234,1,-24.18956757,1,-1.247221589,1,-5.777281761,1,0.751878262,1,0.02273247,0,-0.574012578,0,0.218704998,0
5.859930992,1.861997008,1,-4.452398777,1,-22.96640778,1,-1.256969333,1,-6.473614693,1,0.877960324,1,0.015875967,0,-0.598544598,0,0.222032845,0
5.863933086,2.323251724,1,-5.803596497,1,-22.44283295,1,-1.161534071,1,-7.133767605,1,1.021936774,1,0.00860513,0,-0.625844896,0,0.226244867,0
5.867930412,2.696537495,1,-10.00690269,1,-20.76351547,1,-1.211989045,1,-7.782516003,1,1.279592872,1,0.000606929,0,-0.655668318,0,0.231760308,0
5.871930599,4.329496861,1,-10.87183666,1,-21.81818962,1,-1.384841561,1,-8.359625816,1,1.58364141,1,-0.009277171,0,-0.687946141,0,0.23931624,0
5.875932217,6.843220711,1,-9.588406563,1,-20.45503998,1,-1.455688238,1,-8.757676125,1,1.823701382,1,-0.021239618,0,-0.722241163,0,0.248933107,0
5.879930019,6.063897133,1,-6.656942368,1,-20.17292976,1,-1.455091834,1,-8.758872032,1,2.117756844,1,-0.035135332,0,-0.757035494,0,0.260902703,0
5.883929729,3.188689947,1,-6.983772278,1,-20.13057899,1,-1.517173052,1,-8.763654709,1,2.438784838,1,-0.051400475,0,-0.79164952,0,0.275786102,0
5.887931347,1.877195597,1,-6.126470089,1,-18.69528198,1,-1.62371242,1,-8.766049385,1,2.622607708,1,-0.07051567,0,-0.826027811,0,0.293475688,0
5.89192915,3.101583242,1,-4.249525547,1,-17.976408,1,-1.664772868,1,-8.767935753,1,2.830092669,1,-0.092578925,0,-0.860088229,0,0.314150721,0
5.89592886,2.09000659,1,-1.443333983,1,-18.13941193,1,-1.628861666,1,-8.76833725,1,3.029844284,1,-0.117635377,0,-0.893734574,0,0.338161111,0
5.899930477,-2.25099206,1,0.769521594,1,-18.93445778,1,-1.483323693,1,-8.765725136,1,3.177169561,1,-0.145756587,0,-0.926864088,0,0.365816176,0
5.90392828,-5.412402153,1,2.627735853,1,-19.60001183,1,-1.03329885,1,-8.755972862,1,3.120772123,1,-0.175680295,0,-0.959440947,0,0.396545947,0
5.90792799,-11.17632389,1,5.51156044,1,-17.54011536,1,-0.59964931,1,-8.74875927,1,3.135222912,1,-0.206876501,0,-0.991440713,0,0.430251986,0
5.911930084,-16.24398041,1,5.882595539,1,-13.58775425,1,-0.023089739,1,-8.734370232,1,3.156556606,1,-0.23979114,0,-1.022752285,0,0.46770367,0
5.91592741,-21.05854988,1,8.359539986,1,-14.60906792,1,0.496360391,1,-8.725348473,1,3.161947489,1,-0.274705946,0,-1.053304553,0,0.509308755,0
5.919926643,-28.935709,1,9.430486679,1,-15.84044361,1,1.325775743,1,-8.706535339,1,2.999940395,1,-0.310886323,0,-1.083126783,0,0.55471915,0
5.923928261,-36.02981186,1,12.13971519,1,-13.84834385,1,2.325748682,1,-8.685782433,1,2.905205488,1,-0.34713006,0,-1.112264872,0,0.603704095,0
5.927931786,-48.07139206,1,12.83969116,1,-13.09011841,1,3.120459795,1,-8.668190002,1,2.854969025,1,-0.38493371,0,-1.140540481,0,0.657704949,0
5.931931496,-51.67914581,1,8.547203064,1,-8.379051208,1,3.652722359,1,-8.657284737,1,2.83775115,1,-0.425716668,0,-1.167929769,0,0.717173457,0
5.93593359,-54.64403534,1,5.287369251,1,-7.078765869,1,3.853412151,1,-8.107357025,1,2.777099848,1,-0.4711909,0,-1.193781495,0,0.782634258,0
5.939930916,-46.79553986,1,3.72039938,1,-2.010409355,1,3.828850508,1,-6.531579494,1,2.976336718,1,-0.518520176,0,-1.214161634,0,0.849809349,0
5.943931103,-33.66907883,1,1.179918289,1,2.430330515,1,3.721896648,1,-4.848428249,1,2.993623018,1,-0.563420653,0,-1.227443218,0,0.913676262,0
5.947932243,-21.17700768,1,-12.17833519,1,3.041944265,1,3.308629751,1,-3.366957664,1,3.16532588,1,-0.603626966,0,-1.23436296,0,0.97143048,0
5.951930046,-11.91358757,1,-20.5578022,1,1.7580688,1,1.806583047,1,-2.485284805,1,3.426573515,1,-0.643277824,0,-1.235942125,0,1.024530649,0
5.955929279,-22.84107971,1,-5.238992691,1,3.55971694,1,-0.065242574,1,-2.533876181,1,4.060295582,1,-0.690541744,0,-1.23454392,0,1.078160048,0
5.959930897,-62.70904541,1,-2.250050068,1,-13.41854477,1,-0.850128472,1,-1.510725975,1,3.831920385,1,-0.7426458,0,-1.230617404,0,1.131160975,0
5.963928699,-35.54149628,1,-6.59544754,1,-12.92639637,1,-1.614371777,1,-0.268429995,1,3.785821438,1,-0.784418225,0,-1.222357392,0,1.170373678,0
5.96792841,-7.324945927,1,-4.632750988,1,-7.379702568,1,-2.281846285,1,-0.562690735,1,3.769629717,1,-0.823355496,0,-1.212442636,0,1.203428149,0
5.971930027,-2.122992516,1,1.189123869,1,-4.387042046,1,-2.565673351,1,-1.510062337,1,3.859003067,1,-0.867766261,0,-1.203802228,0,1.240525961,0
5.97592783,-7.418612003,1,0.523100138,1,-4.223884106,1,-2.629458189,1,-2.290094614,1,4.030409336,1,-0.919115067,0,-1.196294069,0,1.284402132,0
5.97992754,-11.51987362,1,1.814373493,1,-6.053724766,1,-2.527965546,1,-2.751832724,1,4.041303635,1,-0.974013448,0,-1.189094543,0,1.332340002,0
5.983929157,-14.5508604,1,1.655762911,1,-7.222615719,1,-2.293881178,1,-3.083179712,1,3.874169588,1,-1.029035568,0,-1.182012796,0,1.381271482,0
5.98792696,-18.47736359,1,-1.572871566,1,-7.897334576,1,-2.023034573,1,-3.326643705,1,3.698013067,1,-1.082827568,0,-1.175220132,0,1.430162072,0
5.99192667,-22.09284592,1,-5.275315762,1,-10.7824173,1,-1.897295713,1,-3.257152557,1,3.495525122,1,-1.133739352,0,-1.16821456,0,1.476966858,0
5.995928288,-21.61544228,1,-8.697197914,1,-11.78427124,1,-1.973224401,1,-3.185793161,1,3.261936665,1,-1.181548119,0,-1.16099596,0,1.520631671,0
5.999925137,-20.97393417,1,-11.428792,1,-12.95795441,1,-2.165003777,1,-3.03320837,1,3.005914927,1,-1.226540446,0,-1.153741241,0,1.560703635,0
6.003924847,-19.7213459,1,-12.30732822,1,-14.08444881,1,-2.387726307,1,-2.94775176,1,2.725777864,1,-1.269105911,0,-1.146662712,0,1.597365618,0
6.007926941,-19.4592247,1,-11.98916912,1,-15.14799213,1,-2.60849762,1,-2.933106899,1,2.474144459,1,-1.31022191,0,-1.139942884,0,1.631562829,0
6.011924267,-19.54625702,1,-11.24261475,1,-16.17817307,1,-2.772332668,1,-2.918159962,1,2.251375198,1,-1.350359559,0,-1.133559227,0,1.663927674,0
6.015924454,-18.78209496,1,-10.00213242,1,-17.09606934,1,-2.834460974,1,-2.965456963,1,2.032673597,1,-1.389678955,0,-1.127503276,0,1.694963932,0
6.019926071,-18.7204113,1,-8.942940712,1,-17.78259087,1,-2.79596591,1,-3.057492971,1,1.841328144,1,-1.428417802,0,-1.121797085,0,1.725400686,0
6.023923874,-18.67608833,1,-8.36719799,1,-18.40040588,1,-2.682725668,1,-3.107460499,1,1.693852425,1,-1.466367006,0,-1.116305232,0,1.755398989,0
6.027923584,-18.62437248,1,-8.302687645,1,-18.54953766,1,-2.562744617,1,-3.187427998,1,1.598923922,1,-1.503501773,0,-1.11083889,0,1.78508687,0
6.031925201,-18.85146332,1,-8.682299614,1,-19.84070015,1,-2.464386702,1,-3.238812685,1,1.525792837,1,-1.539889574,0,-1.105225444,0,1.814528823,0
6.035923004,-18.48763847,1,-9.810052872,1,-20.50585747,1,-2.424375296,1,-3.246678591,1,1.506931901,1,-1.57545805,0,-1.099340677,0,1.843449593,0
6.039922237,-18.35869408,1,-10.74640465,1,-21.34703445,1,-2.418154478,1,-3.231496096,1,1.530885696,1,-1.610081077,0,-1.092976689,0,1.871488571,0
6.043923378,-18.01853943,1,-10.97489929,1,-21.80906677,1,-2.402911901,1,-3.176106691,1,1.594712138,1,-1.639636993,0,-1.084991455,0,1.900323391,0
6.04792738,-18.44806862,1,-11.05957222,1,-22.64469147,1,-2.365585804,1,-3.093655348,1,1.69502461,1,-1.671564221,0,-1.077362061,0,1.92567575,0
6.05192709,-17.82980156,1,-10.53204632,1,-22.96397209,1,-2.318122864,1,-2.978671789,1,1.81033361,1,-1.701666713,0,-1.06899333,0,1.949249506,0
6.055928707,-17.79240036,1,-9.742434502,1,-23.28969193,1,-2.213888168,1,-2.860777855,1,1.907263041,1,-1.729691505,0,-1.059944391,0,1.970913529,0
6.05992651,-16.96571541,1,-9.134253502,1,-23.50187302,1,-2.084470034,1,-2.719287872,1,1.999514103,1,-1.755342484,0,-1.050335288,0,1.990490913,0
6.063925743,-15.97659206,1,-8.306290627,1,-23.46883392,1,-1.906110525,1,-2.559117317,1,2.084004641,1,-1.778447747,0,-1.040268064,0,2.007952452,0
6.067927361,-14.62122631,1,-7.404448032,1,-23.61510277,1,-1.683183074,1,-2.437880754,1,2.163979292,1,-1.798973322,0,-1.029810309,0,2.023463488,0
6.071925163,-13.63816833,1,-6.962145805,1,-23.63906479,1,-1.450413585,1,-2.326812983,1,2.24484396,1,-1.817080975,0,-1.018998027,0,2.037314415,0
6.075924397,-13.02009201,1,-6.65451622,1,-23.93403435,1,-1.16821301,1,-2.244222164,1,2.312307596,1,-1.832855225,0,-1.007884741,0,2.049709797,0
6.079926491,-11.56977081,1,-7.302125454,1,-24.47594261,1,-0.924396813,1,-2.180544376,1,2.425597668,1,-1.846386433,0,-0.996436238,0,2.060832977,0
6.083923817,-14.4516964,1,-7.82565546,1,-25.96782303,1,-0.685423553,1,-2.112939358,1,2.471901178,1,-1.858245134,0,-0.984543979,0,2.071042061,0
6.087923527,-11.87559795,1,-9.35447216,1,-25.90441322,1,-0.530282855,1,-2.01400423,1,2.577250004,1,-1.867983937,0,-0.972521782,0,2.079910278,0
6.091925621,-12.04527092,1,-11.76521969,1,-26.36580658,1,-0.449451268,1,-1.916462541,1,2.654600382,1,-1.876299262,0,-0.960195243,0,2.087669849,0
6.095923424,-11.55998993,1,-14.60553265,1,-25.87715912,1,-0.552181482,1,-1.684532762,1,2.724615812,1,-1.883338451,0,-0.94775331,0,2.093887568,0
6.099923134,-11.75085735,1,-17.49275398,1,-25.34685516,1,-0.817939103,1,-1.415553093,1,2.768673897,1,-1.889483452,0,-0.935363889,0,2.09814024,0
6.103924751,-9.806694984,1,-20.1366024,1,-24.2514782,1,-1.309588313,1,-1.074262857,1,2.814554691,1,-1.895256281,0,-0.923178256,0,2.10010004,0
6.107922554,-10.76207733,1,-20.87278175,1,-23.0746727,1,-1.79654479,1,-0.643532217,1,2.765713453,1,-1.901011467,0,-0.911516547,0,2.099585533,0
6.111921787,-11.53276157,1,-20.3044281,1,-22.57924271,1,-2.334820986,1,-0.099602908,1,2.69167614,1,-1.906581044,0,-0.900669336,0,2.096142292,0
6.115923405,-10.08118153,1,-20.22649956,1,-21.12777138,1,-2.856401682,1,0.457164437,1,2.586196661,1,-1.911736965,0,-0.890965819,0,2.089438677,0
6.119921684,-7.976079941,1,-18.46350479,1,-20.20234108,1,-3.261893272,1,0.972325981,1,2.445471764,1,-1.916546345,0,-0.882440567,0,2.079813004,0
6.123920918,-5.468344212,1,-16.26536942,1,-19.12541199,1,-3.532324791,1,1.491766691,1,2.258355141,1,-1.920705795,0,-0.875275731,0,2.067511082,0
6.127922535,-2.620449305,1,-13.68747711,1,-18.05158424,1,-3.611324072,1,1.961883783,1,2.044687748,1,-1.92377007,0,-0.869559526,0,2.052796364,0
6.131920815,0.29517296,1,-10.84345055,1,-17.35990906,1,-3.490026236,1,2.37890029,1,1.81272018,1,-1.925264716,0,-0.865332782,0,2.036079884,0
6.135920048,3.267623663,1,-8.056167603,1,-16.69872093,1,-3.171503067,1,2.75965023,1,1.543584704,1,-1.924604416,0,-0.862604499,0,2.017625809,0
6.139921188,5.219652176,1,-5.4564147,1,-15.78226089,1,-2.654817104,1,3.107510328,1,1.265514135,1,-1.921193838,0,-0.861373901,0,1.997726202,0
6.143918991,7.126533031,1,-3.288323641,1,-14.55529022,1,-1.947010756,1,3.438566208,1,0.975236952,1,-1.914316535,0,-0.861624539,0,1.976462126,0
6.147918701,9.534938812,1,-2.196877241,1,-13.24648094,1,-1.067208886,1,3.700174809,1,0.678866982,1,-1.903362274,0,-0.863257527,0,1.954045773,0
6.151920795,9.407848358,1,-0.987371743,1,-13.06339455,1,-0.123029783,1,3.874272108,1,0.386326969,1,-1.888139606,0,-0.866081357,0,1.930887222,0
6.155918121,8.992845535,1,-1.296505213,1,-12.07208252,1,0.814446628,1,4.117193222,1,0.12714909,1,-1.868410945,0,-0.869944811,0,1.906861544,0
6.159918308,9.43026638,1,-2.475589514,1,-10.95653152,1,1.670781612,1,4.401218891,1,-0.137896791,1,-1.843953848,0,-0.874758065,0,1.881442666,0
6.163919926,9.414876938,1,-4.532561779,1,-9.903086662,1,2.375123978,1,4.683960915,1,-0.418663442,1,-1.815021992,0,-0.880478561,0,1.854410887,0
6.167917728,8.358481407,1,-6.442426205,1,-8.882202148,1,2.910666704,1,5.010982037,1,-0.736934185,1,-1.782022476,0,-0.887085259,0,1.82545054,0
6.171923637,6.729429722,1,-7.625935555,1,-8.151275635,1,3.302273989,1,5.371851921,1,-1.104988217,1,-1.745249152,0,-0.894674301,0,1.794164538,0
6.175925255,4.806536674,1,-9.024284363,1,-7.521430969,1,3.511585951,1,5.77710104,1,-1.533755541,1,-1.704878926,0,-0.903312981,0,1.760081768,0
6.179923058,3.76393795,1,-9.585015297,1,-7.339643478,1,3.541027308,1,6.187272072,1,-1.971184492,1,-1.661261797,0,-0.912964523,0,1.722682238,0
6.183923244,3.324599981,1,-9.203041077,1,-7.060343266,1,3.464864254,1,6.553804398,1,-2.431064129,1,-1.614732027,0,-0.923462629,0,1.681757212,0
6.187924862,3.463219881,1,-8.055938721,1,-6.900865078,1,3.369925022,1,6.852599621,1,-2.870757341,1,-1.565442681,0,-0.934577346,0,1.637277365,0
6.191923141,3.664057255,1,-6.323227406,1,-6.968055725,1,3.317658663,1,7.054845333,1,-3.295799494,1,-1.513443112,0,-0.946047068,0,1.589438081,0
6.195922852,3.392722368,1,-4.137760639,1,-7.302009106,1,3.337750435,1,7.181566715,1,-3.699421883,1,-1.458631873,0,-0.957593799,0,1.538456917,0
6.199924946,2.692472935,1,-2.377042294,1,-7.638372898,1,3.442033768,1,7.267366409,1,-4.068260193,1,-1.400783539,0,-0.968927264,0,1.484498262,0
6.203922272,1.509740233,1,-1.122548938,1,-8.201641083,1,3.593686581,1,7.328054428,1,-4.409398556,1,-1.339608073,0,-0.979733348,0,1.427549124,0
6.207921982,-0.044985063,1,-0.510658205,1,-8.893048286,1,3.761419773,1,7.378541946,1,-4.710448742,1,-1.274962544,0,-0.989696562,0,1.367607832,0
6.211924076,-2.018463612,1,-0.098403424,1,-9.382000923,1,3.917361975,1,7.452623367,1,-4.989976406,1,-1.206817865,0,-0.99844861,0,1.304643393,0
6.215922832,-3.626639843,1,-0.676727176,1,-10.25677586,1,4.02285099,1,7.54219532,1,-5.21824789,1,-1.135263085,0,-1.005597711,0,1.238584995,0
6.219922543,-5.514940262,1,-1.268582582,1,-10.78883457,1,4.055833817,1,7.663067818,1,-5.387986183,1,-1.060829759,0,-1.010657668,0,1.169726014,0
6.22392416,-7.08163023,1,-1.759401441,1,-11.37387657,1,4.028347015,1,7.804102898,1,-5.527329922,1,-0.984209239,0,-1.013180614,0,1.098457098,0
6.227921963,-8.186356544,1,-2.181850195,1,-11.84041214,1,3.931923389,1,7.965502262,1,-5.616532803,1,-0.906336725,0,-1.012796998,0,1.025464058,0
6.231921673,-8.773081779,1,-2.357403755,1,-12.20277405,1,3.784260988,1,8.129973412,1,-5.663584709,1,-0.828409553,0,-1.009183526,0,0.951738,0
6.23592329,-9.11457634,1,-2.16528964,1,-12.55503941,1,3.626128435,1,8.283922195,1,-5.657678604,1,-0.751652479,0,-1.002167106,0,0.878418028,0
6.23992157,-9.464306831,1,-1.587888956,1,-12.8614645,1,3.505743027,1,8.421854019,1,-5.595033646,1,-0.677206635,0,-0.991663873,0,0.806756675,0
6.24392128,-9.623289108,1,-0.649361908,1,-13.27535152,1,3.437302351,1,8.550307274,1,-5.488305569,1,-0.60595423,0,-0.977727473,0,0.737885594,0
6.247923851,-9.399642944,1,0.593349159,1,-13.84829521,1,3.425852537,1,8.64217186,1,-5.346775055,1,-0.538557351,0,-0.960540891,0,0.672771215,0
6.251921177,-10.21149445,1,1.430696726,1,-13.6404314,1,3.481037617,1,8.781662941,1,-5.163618565,1,-0.475349545,0,-0.940272748,0,0.612045586,0
6.255921364,-11.14629269,1,1.962308645,1,-13.66159248,1,3.61754775,1,8.805841446,1,-4.980042458,1,-0.416364729,0,-0.917257726,0,0.556128681,0
6.259922981,-11.42429066,1,1.913937449,1,-13.56334782,1,3.7722826,1,8.808543205,1,-4.776031971,1,-0.361590147,0,-0.892058611,0,0.505273223,0
6.263921261,-11.15330029,1,1.365247011,1,-13.3045969,1,3.907557964,1,8.810881615,1,-4.550721645,1,-0.310947359,0,-0.864946783,0,0.459460735,0
6.267920971,-10.90455914,1,0.944279969,1,-12.88780308,1,4.024663925,1,8.812041283,1,-4.299250126,1,-0.264337271,0,-0.83616662,0,0.418573916,0
6.271923065,-10.52563095,1,0.721609592,1,-12.33223534,1,4.11134243,1,8.811384201,1,-4.039273739,1,-0.221554607,0,-0.805966258,0,0.3823708,0
6.275920868,-9.360497475,1,0.468459636,1,-11.84088898,1,4.200590611,1,8.811450958,1,-3.772144556,1,-0.182316393,0,-0.774570227,0,0.350569427,0
6.279920578,-8.738724709,1,0.536418617,1,-11.46586227,1,4.269358635,1,8.811217308,1,-3.495885849,1,-0.146318838,0,-0.742173553,0,0.322883844,0
6.283922195,-8.007381439,1,0.882229805,1,-11.37586975,1,4.3576684,1,8.812180519,1,-3.21824646,1,-0.11322017,0,-0.708960772,0,0.299000561,0
6.287920475,-7.350698471,1,1.553629279,1,-11.56987286,1,4.483506203,1,8.813526154,1,-2.9347682,1,-0.082518026,0,-0.675081909,0,0.278610945,0
6.291932583,-7.645905018,1,2.267143011,1,-11.84292221,1,4.674046516,1,8.815387726,1,-2.670644522,1,-0.054216225,0,-0.637708247,0,0.25889647,0
6.295940399,-8.12305069,1,2.283525467,1,-12.22135353,1,4.894683361,1,8.818808556,1,-2.422741652,1,-0.02680948,0,-0.602884829,0,0.244639426,0
6.299944401,-9.382331848,1,2.226922989,1,-12.57643795,1,5.118000507,1,8.822703362,1,-2.237202883,1,-0.00027644,0,-0.567734838,0,0.232900575,0
6.303944588,-10.43371391,1,1.689808249,1,-13.21754932,1,5.284698009,1,8.825352669,1,-2.119875193,1,0.025616553,0,-0.532335639,0,0.223212704,0
6.307946682,-11.16342163,1,0.614477396,1,-14.23619461,1,5.388502121,1,8.826347351,1,-2.045772791,1,0.050930128,0,-0.496744514,0,0.21520713,0
6.311944485,-12.5367384,1,-0.959390938,1,-15.20676613,1,5.386022091,1,8.82738018,1,-2.038820505,1,0.075560749,0,-0.460994482,0,0.208552048,0
6.315944672,-14.42362976,1,-2.054069757,1,-16.21207809,1,5.317751884,1,8.824742317,1,-2.112707138,1,0.099453121,0,-0.42510131,0,0.20283851,0
6.319946289,-16.320961,1,-2.647955894,1,-17.41931915,1,5.16315937,1,8.823883057,1,-2.279963255,1,0.122505032,0,-0.389051139,0,0.197615698,0
6.323944569,-18.48869514,1,-2.612215996,1,-18.57225037,1,4.952929497,1,8.821268082,1,-2.531596899,1,0.144627988,0,-0.352797031,0,0.192439958,0
6.327944279,-20.67737007,1,-1.819234252,1,-19.43379784,1,4.765927315,1,8.799593925,1,-2.884346962,1,0.165900543,0,-0.316303372,0,0.18689692,0
6.331945896,-22.2418251,1,-0.834612668,1,-20.28885269,1,4.603682995,1,8.772377968,1,-3.290314198,1,0.186453179,0,-0.279528946,0,0.180641368,0
6.335943699,-24.00102425,1,0.26956442,1,-20.47795868,1,4.474415779,1,8.749466896,1,-3.740991592,1,0.206445694,0,-0.24241133,0,0.173455134,0
6.339943409,-25.65516472,1,1.710136175,1,-20.06552505,1,4.424616337,1,8.718390465,1,-4.232924461,1,0.226074949,0,-0.204855099,0,0.165186316,0
6.343945503,-27.48633003,1,2.52569747,1,-19.43256187,1,4.371272564,1,8.652709961,1,-4.712114334,1,0.245409802,0,-0.16688858,0,0.155747503,0
6.347943783,-29.38870239,1,2.331977844,1,-18.67852402,1,4.282507896,1,8.551159859,1,-5.162654877,1,0.264299005,0,-0.128595799,0,0.145188168,0
6.351943493,-31.4622364,1,1.525294423,1,-17.66426659,1,4.106389523,1,8.366418839,1,-5.555276394,1,0.282371879,0,-0.09020175,0,0.133582771,0
6.355945587,-35.06855392,1,0.408590823,1,-17.50951958,1,3.852077246,1,8.098160744,1,-5.851831436,1,0.299182117,0,-0.052100994,0,0.121133342,0
6.359943867,-38.8426857,1,0.129963562,1,-17.01444054,1,3.546859503,1,7.747534752,1,-6.015167236,1,0.31442979,0,-0.014671131,0,0.108064003,0
6.363943577,-44.57928085,1,-0.177904546,1,-16.39509964,1,3.244517088,1,7.344016075,1,-6.072088242,1,0.327942461,0,0.021552803,0,0.094632246,0
6.367945671,-48.45047379,1,1.752765775,1,-15.38777828,1,3.042763948,1,6.891271591,1,-6.073398113,1,0.339962602,0,0.056473292,0,0.080989815,0
6.371943474,-52.20791245,1,4.740324497,1,-13.71893501,1,2.902844906,1,6.362278461,1,-5.95124054,1,0.350834131,0,0.089573093,0,0.067271039,0
6.375943184,-56.28158188,1,5.092037678,1,-11.87396431,1,2.866713524,1,5.813677788,1,-5.705168247,1,0.360851467,0,0.120527595,0,0.053793661,0
6.379944801,-62.28230667,1,11.83434868,1,-10.50892448,1,2.972650766,1,5.355126381,1,-5.406784058,1,0.37077108,0,0.149279743,0,0.040872011,0
6.383942604,-65.66230011,1,9.606105804,1,-6.115472317,1,2.865721464,1,4.765852928,1,-4.972386837,1,0.380316854,0,0.175775498,0,0.028810803,0
6.387942791,-67.41335297,1,11.60208416,1,-2.694046259,1,2.955123901,1,4.1260252,1,-4.352278709,1,0.390036345,0,0.199279949,0,0.017984603,0
6.391945362,-70.35719299,1,11.35203934,1,0.489447176,1,2.856259823,1,3.470412254,1,-3.695544243,1,0.39980641,0,0.219533384,0,0.008764963,0
6.395942688,-69.7173233,1,13.02016449,1,3.871147156,1,2.577793121,1,2.668896914,1,-2.993453979,1,0.408980697,0,0.236068591,0,0.001113516,0
6.399942875,-67.73915863,1,16.26007652,1,7.312678337,1,2.168515682,1,1.847849488,1,-2.347470284,1,0.416970223,0,0.248610899,0,-0.005199979,0
6.403944492,-64.42362976,1,20.61369514,1,10.05733395,1,1.794986844,1,1.006988406,1,-1.820417404,1,0.423562109,0,0.257205367,0,-0.010650259,0
6.407942772,-60.25824356,1,22.28600693,1,11.75859833,1,1.37113297,1,0.243046477,1,-1.342217326,1,0.428679168,0,0.262065202,0,-0.015537155,0
6.411948681,-57.00169373,1,21.0676403,1,12.73917484,1,0.860220551,1,-0.402190059,1,-0.889366567,1,0.432002842,0,0.263607591,0,-0.019898279,0
6.415950775,-55.10091019,1,18.60842896,1,12.37402916,1,0.306814343,1,-0.929044187,1,-0.441946507,1,0.433403283,0,0.262278587,0,-0.023572611,0
6.419949055,-53.79003906,1,17.37803078,1,11.11369324,1,-0.235603869,1,-1.333086252,1,-0.020109193,1,0.432795942,0,0.25853166,0,-0.026411764,0
6.423948765,-53.42098999,1,17.59252548,1,10.05454731,1,-0.677874088,1,-1.591819167,1,0.372282594,1,0.430444837,0,0.252874792,0,-0.028296448,0
6.427950382,-52.04580688,1,17.24782562,1,9.31666851,1,-0.983374536,1,-1.693498969,1,0.759004295,1,0.426925004,0,0.245946318,0,-0.029001152,0
6.431948662,-48.10625458,1,17.02546692,1,9.100891113,1,-1.138115883,1,-1.790217757,1,1.144828677,1,0.422792643,0,0.238039941,0,-0.02836174,0
6.435948372,-42.77574539,1,16.30516624,1,9.25166893,1,-1.179333329,1,-1.95095408,1,1.491797447,1,0.418551236,0,0.229075655,0,-0.026535809,0
6.439950466,-35.10754776,1,12.39963055,1,7.128140926,1,-1.261823416,1,-2.210227728,1,1.822442055,1,0.414363086,0,0.21881628,0,-0.023755992,0
6.443948269,11.53766155,1,-23.2881279,1,-2.588983297,1,-4.244434357,1,-3.500663519,1,1.996877313,1,0.405108839,0,0.205865741,0,-0.0206747,0
6.447947979,-71.24131012,1,-2.231856346,1,31.30535698,1,-7.75498867,1,-5.907795906,1,2.397899628,1,0.379888177,0,0.184538856,0,-0.020452725,0
6.451950073,18.16491318,1,8.333529472,1,11.73703766,1,-6.345584393,1,-5.566170216,1,2.653983831,1,0.352225184,0,0.159827664,0,-0.018580563,0
6.455948353,-5.078165054,1,6.85214901,1,-16.35168648,1,-6.842006683,1,-7.327033043,1,2.864505529,1,0.326182485,0,0.131950811,0,-0.017113922,0
6.459948063,-28.0024929,1,14.09902477,1,-36.9513588,1,-6.719781876,1,-8.097529411,1,2.548332691,1,0.297342777,0,0.09888082,0,-0.01641804,0
6.46394968,-20.95502472,1,-1.857933164,1,-64.17604065,1,-6.159545898,1,-8.521664619,1,2.333252192,1,0.273675293,0,0.064408913,0,-0.016253304,0
6.46794796,-37.39860916,1,-11.02327061,1,-73.37572479,1,-6.665510178,1,-8.875097275,1,3.275982141,1,0.247941345,0,0.027750589,0,-0.014592632,0
6.471948147,-60.17438507,1,8.258227348,1,-74.47481537,1,-6.961262226,1,-8.885624886,1,4.250545979,1,0.220673829,0,-0.010277748,0,-0.008238718,0
6.475950241,-68.2000885,1,37.16666031,1,-48.7718277,1,-6.451472282,1,-8.219688416,1,4.540498734,1,0.19342199,0,-0.048034355,0,0.002088612,0
6.479947567,-41.0593338,1,39.21728516,1,-26.90361404,1,-4.875184059,1,-7.03348732,1,4.145789146,1,0.169857308,0,-0.080928393,0,0.013827417,0
6.483947754,-21.01525688,1,34.61687088,1,-16.7644558,1,-3.410801888,1,-7.461834908,1,3.608937263,1,0.152436972,0,-0.111836493,0,0.024536077,0
6.487949371,-6.403471947,1,15.39118099,1,-5.163172245,1,-2.618926525,1,-7.177577019,1,3.661024332,1,0.139330238,0,-0.14301993,0,0.034546331,0
6.491947174,4.375393867,1,12.8929348,1,7.411705494,1,-2.60152936,1,-7.431289196,1,3.931286573,1,0.127193093,0,-0.173915893,0,0.045999743,0
6.495946884,-12.51670837,1,6.380143642,1,2.075740576,1,-2.705420732,1,-7.035263538,1,3.738369226,1,0.114553541,0,-0.204695418,0,0.057990454,0
6.499948502,-64.43928528,1,-1.41782403,1,-29.06613541,1,-3.092617035,1,-4.992589474,1,2.869435549,1,0.100306787,0,-0.230937436,0,0.068997249,0
6.503946781,-91.40090179,1,10.3126049,1,-24.33562469,1,-1.965912342,1,-1.601237655,1,1.616657972,1,0.088021532,0,-0.243980199,0,0.076850198,0
6.507946968,-28.81628418,1,14.89482212,1,-4.725513458,1,-0.392251134,1,-1.565895796,1,0.890832126,1,0.082450241,0,-0.25049594,0,0.081561841,0
6.511948586,6.108479023,1,11.32141018,1,-11.04162884,1,-0.580838919,1,-1.554796934,1,0.696633041,1,0.079948224,0,-0.256951123,0,0.083860405,0
6.515946388,-4.658280849,1,10.59149265,1,-15.79068375,1,-0.331722379,1,-1.225682974,1,1.356245875,1,0.077126548,0,-0.26297766,0,0.08773727,0
6.519946098,-13.14496613,1,-12.64388084,1,-8.566108704,1,-0.194532841,1,-0.994486451,1,1.064462781,1,0.074874781,0,-0.267554194,0,0.09265282,0
6.523948193,-12.15700626,1,-17.95194626,1,-11.6615057,1,-0.347905695,1,-1.293159604,1,0.705386579,1,0.072950639,0,-0.272446096,0,0.095817551,0
6.527946472,-3.699266911,1,-3.457582235,1,-13.95691395,1,-0.524629474,1,-1.187542439,1,0.94974798,1,0.070383586,0,-0.277568579,0,0.098762371,0
6.531951904,-8.784092903,1,2.948001385,1,-11.87857056,1,-0.520712078,1,-1.232925057,1,1.13521409,1,0.067065112,0,-0.282780409,0,0.102877259,0
6.535953999,-7.79029274,1,-2.704507589,1,-9.276960373,1,-0.398056775,1,-1.178163409,1,0.951367795,1,0.06416925,0,-0.287745506,0,0.106873281,0
6.539952278,-5.298540115,1,-8.476311684,1,-10.45254612,1,-0.512368083,1,-1.228467941,1,1.018202901,1,0.0613227,0,-0.292896271,0,0.110634744,0
6.543951988,-5.394088745,1,-7.636327267,1,-9.11196804,1,-0.649407685,1,-1.184098363,1,1.060732126,1,0.057707179,0,-0.293776184,0,0.096960448,0
6.547953606,-12.15454388,1,3.253897905,1,-8.144922256,1,-0.543424845,1,-1.173079014,1,1.044698834,1,0.054068413,0,-0.29875508,0,0.101084366,0
6.551951408,-10.49079609,1,5.692173958,1,-8.105597496,1,-0.337688357,1,-1.082762122,1,1.021844506,1,0.051047534,0,-0.303488076,0,0.105182804,0
6.555951118,-5.539290905,1,-1.501224995,1,-9.797351837,1,-0.282580107,1,-1.096306324,1,0.919356406,1,0.048711639,0,-0.307967812,0,0.109043963,0
6.559952736,-4.757325172,1,3.143763304,1,-11.38987732,1,-0.171504661,1,-1.174475074,1,0.824483216,1,0.04663736,0,-0.312657923,0,0.112443663,0
6.563950539,-3.827583075,1,4.898520947,1,-12.9949007,1,0.047525398,1,-1.35528791,1,0.788922131,1,0.045457911,0,-0.317843676,0,0.115597129,0
6.567950726,-7.343175888,1,-1.972583055,1,-12.3722868,1,0.149619848,1,-1.58658278,1,0.738945007,1,0.045000333,0,-0.323860288,0,0.118532784,0
6.57195282,-7.430311203,1,-5.43026495,1,-11.25494003,1,-0.03078663,1,-1.782343745,1,0.768836498,1,0.044289552,0,-0.330748498,0,0.121381857,0
6.575950623,-5.905984879,1,-4.520692348,1,-12.36890793,1,-0.023602828,1,-1.903883934,1,0.831271648,1,0.043202937,0,-0.338254601,0,0.124434039,0
6.579950809,-4.324728012,1,-1.570010185,1,-15.79883957,1,-0.213633254,1,-2.159352779,1,0.781635702,1,0.041682456,0,-0.34646225,0,0.127556294,0
6.583952427,-2.347500324,1,0.4557513,1,-18.42228699,1,-0.346131265,1,-2.523540735,1,0.755729318,1,0.039561357,0,-0.355865031,0,0.130415753,0
6.58795023,-3.144873142,1,-2.163071394,1,-18.22713852,1,-0.519889057,1,-2.945138216,1,0.726281047,1,0.036960967,0,-0.366952211,0,0.133143395,0
6.59194994,-4.932643414,1,-1.974502206,1,-18.45271301,1,-0.702727497,1,-3.402703762,1,0.654044926,1,0.033539545,0,-0.379797161,0,0.135624141,0
6.595951557,-2.170537949,1,-1.575486183,1,-18.39461708,1,-0.746942818,1,-3.825729609,1,0.603142142,1,0.029775536,0,-0.394267768,0,0.137852386,0
6.59994936,-4.675962448,1,-2.476731777,1,-22.74394608,1,-0.712408006,1,-4.357983112,1,0.638790965,1,0.026042281,0,-0.410680801,0,0.139998272,0
6.60394907,0.503322303,1,-6.013193607,1,-20.23013878,1,-0.927407205,1,-4.861942291,1,0.642931461,1,0.021882264,0,-0.429130107,0,0.142356753,0
6.607950687,-1.61074543,1,-6.844990253,1,-24.07921219,1,-1.326415062,1,-5.662455082,1,0.708495617,1,0.01628367,0,-0.450196594,0,0.144814938,0
6.611948967,-1.020213008,1,-3.276492357,1,-22.86031151,1,-1.449837565,1,-6.209947109,1,0.910104752,1,0.009205489,0,-0.474008471,0,0.148104742,0
6.615948677,3.231953859,1,-4.847107887,1,-22.55826378,1,-1.406515837,1,-6.938920975,1,0.955060124,1,0.001538706,0,-0.500280797,0,0.152190849,0
6.619950771,3.42422533,1,-8.340296745,1,-21.16142654,1,-1.341626644,1,-7.668110847,1,1.114382744,1,-0.0062601,0,-0.529509544,0,0.156967327,0
6.623948574,3.651169538,1,-11.02180958,1,-22.0010376,1,-1.472443938,1,-8.350132942,1,1.47734344,1,-0.015202305,0,-0.56150049,0,0.163448304,0
6.627948761,5.317639351,1,-10.31588459,1,-20.97423172,1,-1.57232976,1,-8.759437561,1,1.666773915,1,-0.025886944,0,-0.595713615,0,0.171776682,0
6.631950378,6.777767181,1,-8.098700523,1,-21.30849266,1,-1.578908324,1,-8.761538506,1,1.991787672,1,-0.03811755,0,-0.630504608,0,0.182050169,0
6.635948658,5.084661484,1,-6.448042393,1,-19.95726585,1,-1.64949739,1,-8.765213966,1,2.295672655,1,-0.052281588,0,-0.665132165,0,0.194819421,0
6.639948368,4.743515491,1,-7.210697174,1,-20.4798069,1,-1.860942245,1,-8.769249916,1,2.506167889,1,-0.068761803,0,-0.699553251,0,0.209931344,0
6.643949986,2.229712725,1,-4.774438381,1,-19.40717506,1,-1.905000925,1,-8.771623611,1,2.694539547,1,-0.087775506,0,-0.733720005,0,0.227253482,0
6.647948265,2.435773611,1,-2.17711854,1,-18.58893585,1,-1.916151404,1,-8.773085594,1,2.919669867,1,-0.109150425,0,-0.767533958,0,0.247302726,0
6.651954174,0.316013068,1,1.491266608,1,-21.45446396,1,-1.665803313,1,-8.768920898,1,3.110697031,1,-0.132553801,0,-0.800909281,0,0.270187259,0
6.655955791,-4.715328693,1,3.686476231,1,-22.02833557,1,-1.16287291,1,-8.758442879,1,3.108313084,1,-0.156808391,0,-0.833795369,0,0.295666724,0
6.659954071,-7.652940273,1,3.492763042,1,-20.80792999,1,-0.68394506,1,-8.748543739,1,3.056281567,1,-0.181061342,0,-0.866244018,0,0.322962403,0
6.663953781,-13.34079266,1,4.804306984,1,-18.79522896,1,-0.117901698,1,-8.736998558,1,3.065850258,1,-0.205456972,0,-0.89820987,0,0.352453828,0
6.667955875,-19.16680717,1,4.948890686,1,-15.82505131,1,0.417251706,1,-8.726075172,1,3.070448875,1,-0.230181083,0,-0.929654062,0,0.384468079,0
6.671954155,-26.69251633,1,7.02146244,1,-16.11050606,1,1.102443099,1,-8.711590767,1,3.047403812,1,-0.255152702,0,-0.960575759,0,0.419007391,0
6.675953865,-37.10302353,1,4.936387539,1,-16.20339394,1,1.633149624,1,-8.701345444,1,3.175951719,1,-0.280809402,0,-0.990900636,0,0.456611991,0
6.679955482,-44.78479385,1,9.089859009,1,-12.31723881,1,2.213662386,1,-8.690267563,1,3.285538197,1,-0.308726013,0,-1.02041173,0,0.49869895,0
6.683953285,-56.11198425,1,2.97541213,1,-12.05796337,1,2.658461094,1,-8.679142952,1,3.118671894,1,-0.338107288,0,-1.049260616,0,0.544224501,0
6.687952995,-68.13990784,1,2.096834898,1,-14.65224266,1,2.830491543,1,-8.675065994,1,2.847324371,1,-0.368908525,0,-1.077670574,0,0.592141688,0
6.691954613,-63.3234787,1,3.606962681,1,-10.54537106,1,2.982649088,1,-7.099933147,1,2.529011488,1,-0.399316341,0,-1.103293657,0,0.639512539,0
6.695952415,-45.51522446,1,-1.019257545,1,-3.669828415,1,2.981283188,1,-5.206430435,1,2.179597139,1,-0.424685597,0,-1.122088552,0,0.681123793,0
6.699952126,-24.58470345,1,-15.94479656,1,1.649132848,1,2.342933655,1,-3.387551785,1,2.21017909,1,-0.445714772,0,-1.133927226,0,0.716442943,0
6.703953743,-5.193987846,1,-24.47963142,1,0.287535787,1,0.585807383,1,-2.258174658,1,2.283854723,1,-0.467641443,0,-1.139796734,0,0.747329533,0
6.707951546,-5.14730978,1,-11.0886879,1,3.61668849,1,-1.166558385,1,-2.637409687,1,2.411380291,1,-0.495818108,0,-1.14406836,0,0.776822686,0
6.711951733,-55.92197037,1,-4.191906929,1,-8.624921799,1,-1.915736556,1,-2.497112036,1,2.695921183,1,-0.53415066,0,-1.148456454,0,0.811882019,0
6.715953827,-49.13450241,1,-8.014554024,1,-14.49958897,1,-2.636614561,1,-1.145428538,1,2.875546694,1,-0.572678804,0,-1.148717165,0,0.844249785,0
6.719952106,-16.00357819,1,-2.504793882,1,-11.62945271,1,-3.260389328,1,-1.0982337,1,2.955407381,1,-0.611225307,0,-1.145587206,0,0.873423755,0
6.723951817,-4.876183033,1,3.502492666,1,-9.172311783,1,-3.23478508,1,-1.988165259,1,3.023641825,1,-0.653355241,0,-1.143489599,0,0.905317783,0
6.727953434,-5.710143566,1,2.479955912,1,-5.851850986,1,-3.133517742,1,-2.905724049,1,3.347611427,1,-0.701333761,0,-1.143174529,0,0.944035411,0
6.731951237,-11.01375961,1,2.272613764,1,-7.917158127,1,-2.880080462,1,-3.580352068,1,3.640510798,1,-0.755555093,0,-1.143591523,0,0.99034369,0
6.735950947,-16.03145027,1,4.429396152,1,-10.2675333,1,-2.427402735,1,-3.795178652,1,3.666869879,1,-0.812031567,0,-1.143735886,0,1.04068017,0
6.739952564,-18.33466148,1,2.585220337,1,-11.73817062,1,-1.845656633,1,-3.900312662,1,3.554158211,1,-0.86693871,0,-1.143258691,0,1.091613412,0
6.743950844,-22.17891502,1,-0.403930426,1,-13.79200268,1,-1.332623363,1,-3.852717161,1,3.470579624,1,-0.919080138,0,-1.14207828,0,1.14198184,0
6.747950554,-23.9590683,1,-5.147870541,1,-15.34509945,1,-1.012141585,1,-3.664779663,1,3.401502848,1,-0.967905581,0,-1.139782667,0,1.190592527,0
6.751952171,-22.73604774,1,-8.997735977,1,-16.9045372,1,-0.897628725,1,-3.448612928,1,3.286272049,1,-1.013302565,0,-1.136380434,0,1.236442685,0
6.755950451,-20.79144287,1,-11.39252853,1,-17.98328018,1,-0.91384697,1,-3.292634964,1,3.148372412,1,-1.055813909,0,-1.132193089,0,1.27937746,0
6.759950161,-19.33408928,1,-12.08242035,1,-18.9619503,1,-0.974042475,1,-3.240992546,1,3.031400919,1,-1.09634006,0,-1.12751317,0,1.320018291,0
6.763952255,-18.05618858,1,-12.26000118,1,-19.46471214,1,-1.075353265,1,-3.274104834,1,2.924146891,1,-1.135795832,0,-1.122524619,0,1.359236836,0
6.767950535,-18.58367538,1,-11.27293301,1,-20.80558968,1,-1.054193497,1,-3.303466558,1,2.811168671,1,-1.174525738,0,-1.117333651,0,1.3974998,0
6.771956921,-17.88237,1,-10.89829731,1,-21.16920662,1,-0.987933636,1,-3.435456276,1,2.683437347,1,-1.21239543,0,-1.11209321,0,1.435128093,0
6.775958538,-19.3134594,1,-10.76620483,1,-21.59560776,1,-0.911578596,1,-3.513988256,1,2.564249039,1,-1.249658346,0,-1.106836081,0,1.472495437,0
6.779956341,-19.28631592,1,-11.26223564,1,-22.26597977,1,-0.829379737,1,-3.569557905,1,2.453282118,1,-1.285926819,0,-1.101488948,0,1.509222984,0
6.783956051,-18.48094749,1,-11.97774887,1,-22.54881477,1,-0.817522943,1,-3.602310896,1,2.374648571,1,-1.321275949,0,-1.095966697,0,1.545237064,0
6.787957668,-18.30377769,1,-12.58749294,1,-22.8516407,1,-0.864532232,1,-3.640509129,1,2.318611383,1,-1.356039882,0,-1.090164661,0,1.580604196,0
6.791955471,-18.17726135,1,-12.75628376,1,-23.19512939,1,-0.935439765,1,-3.620875359,1,2.28657794,1,-1.385421991,0,-1.088008761,0,1.578364134,0
6.795955181,-18.19781494,1,-12.41295815,1,-23.68348885,1,-0.998535812,1,-3.580050945,1,2.255796671,1,-1.419045448,0,-1.081476808,0,1.612018704,0
6.799956799,-19.26223183,1,-11.79774189,1,-24.09410667,1,-1.020404816,1,-3.44776082,1,2.220359564,1,-1.45132184,0,-1.074500322,0,1.644058943,0
6.803955078,-19.96856689,1,-10.83804417,1,-24.30539322,1,-0.993491352,1,-3.239701748,1,2.182683229,1,-1.481430769,0,-1.067146897,0,1.673771143,0
6.807954788,-20.12730026,1,-9.793653488,1,-24.19281387,1,-0.918261945,1,-2.963836908,1,2.140913486,1,-1.508685589,0,-1.059469342,0,1.700569987,0
6.811956882,-19.6449337,1,-9.680632591,1,-23.86489677,1,-0.85378921,1,-2.659483433,1,2.111108541,1,-1.532823563,0,-1.051542401,0,1.724250913,0
6.815955162,-18.42605019,1,-9.077784538,1,-24.0157547,1,-0.803335786,1,-2.388785839,1,2.046720266,1,-1.553990364,0,-1.043467283,0,1.744853735,0
6.819954872,-16.66342926,1,-9.054903984,1,-23.46322823,1,-0.752972484,1,-2.161474705,1,2.006361246,1,-1.572663665,0,-1.035450935,0,1.762925267,0
6.82395649,-14.51668835,1,-9.353136063,1,-23.09878349,1,-0.722193599,1,-1.982725024,1,1.987913728,1,-1.589234114,0,-1.027400255,0,1.77882576,0
6.827954292,-13.60164356,1,-9.151807785,1,-23.14719391,1,-0.73421669,1,-1.89117527,1,1.992624998,1,-1.604497194,0,-1.019230127,0,1.79328084,0
6.831954002,-12.63633156,1,-9.156233788,1,-23.12670326,1,-0.753102481,1,-1.834149599,1,2.014645576,1,-1.618905067,0,-1.0109272,0,1.806740403,0
6.83595562,-11.67919254,1,-9.42074585,1,-23.24442673,1,-0.78583169,1,-1.816078186,1,2.064008474,1,-1.632785678,0,-1.002380371,0,1.819548368,0
6.839953423,-10.97777939,1,-9.930883408,1,-23.77236748,1,-0.834649146,1,-1.832255006,1,2.108229637,1,-1.646396399,0,-0.993555486,0,1.831888199,0
6.843953133,-9.950512886,1,-10.28221416,1,-24.11254692,1,-0.939802527,1,-1.833169341,1,2.160717249,1,-1.659957767,0,-0.984434426,0,1.843883038,0
6.84795475,-10.01711464,1,-11.06874752,1,-24.08404732,1,-1.079372764,1,-1.808201432,1,2.173012495,1,-1.673628807,0,-0.97508502,0,1.855478764,0
6.85195303,-9.123556137,1,-12.02069092,1,-23.66357422,1,-1.30355072,1,-1.705314159,1,2.162593603,1,-1.687183619,0,-0.965705276,0,1.866167068,0
6.855952263,-8.241379738,1,-13.60086155,1,-23.44017982,1,-1.619246602,1,-1.567486644,1,2.128942728,1,-1.700786114,0,-0.956380785,0,1.875673652,0
6.859954357,-7.985375404,1,-14.07193184,1,-22.28728104,1,-2.015449762,1,-1.316509843,1,2.05883646,1,-1.714499116,0,-0.947284698,0,1.883588433,0
6.86395216,-8.950375557,1,-13.78522682,1,-21.16540718,1,-2.391925573,1,-0.984882355,1,1.988861561,1,-1.727975845,0,-0.938583136,0,1.889333129,0
6.867952347,-8.94638443,1,-12.76020908,1,-20.2195034,1,-2.688897848,1,-0.554110706,1,1.909061551,1,-1.740544677,0,-0.930400431,0,1.892306328,0
6.871953964,-9.728703499,1,-11.57310677,1,-19.29863358,1,-2.884094477,1,-0.022647761,1,1.761779547,1,-1.751624823,0,-0.92293328,0,1.892166853,0
6.875952244,-8.102790833,1,-10.31128407,1,-18.25195122,1,-2.985620975,1,0.56214273,1,1.627150059,1,-1.760350347,0,-0.916457415,0,1.888356924,0
6.879951954,-6.145542622,1,-8.442268372,1,-17.04349327,1,-2.959189892,1,1.168877602,1,1.469807625,1,-1.766346335,0,-0.911032796,0,1.880848646,0
6.883953571,-3.268854141,1,-6.529596806,1,-15.80643559,1,-2.780213833,1,1.762753248,1,1.29511261,1,-1.769088507,0,-0.906758904,0,1.869733453,0
6.887951374,-0.198710352,1,-4.561667442,1,-14.679492,1,-2.485366106,1,2.33826828,1,1.106796265,1,-1.768206,0,-0.903654873,0,1.855181932,0
6.891957283,3.794450521,1,-3.478598118,1,-13.47607231,1,-2.073524714,1,2.834668159,1,0.902775824,1,-1.763479352,0,-0.90172714,0,1.837506533,0
6.8959589,5.725970745,1,-2.230477333,1,-13.04683304,1,-1.579993606,1,3.273918152,1,0.707545161,1,-1.754874468,0,-0.900851429,0,1.817185163,0
6.89995718,8.560876846,1,-2.014031172,1,-12.22099972,1,-1.025363684,1,3.594322205,1,0.5490219,1,-1.742415071,0,-0.900821686,0,1.794656754,0
6.90395689,8.336090088,1,-1.106623888,1,-11.30118561,1,-0.453886598,1,3.953497887,1,0.408667803,1,-1.726214528,0,-0.901398659,0,1.77021122,0
6.907958984,9.476203918,1,-1.22560966,1,-10.08733082,1,0.136105865,1,4.330227852,1,0.28761062,1,-1.705857038,0,-0.902404785,0,1.743436694,0
6.911956787,9.301762581,1,-1.478211284,1,-8.940294266,1,0.685112298,1,4.78127718,1,0.116255887,1,-1.681172132,0,-0.903837562,0,1.714115977,0
6.915956974,8.731574059,1,-1.896418214,1,-8.241857529,1,1.184365869,1,5.272859573,1,-0.094932869,1,-1.651921868,0,-0.905701995,0,1.681674838,0
6.919958591,6.887207031,1,-2.118576288,1,-7.468046665,1,1.634757042,1,5.759035587,1,-0.365466416,1,-1.618235111,0,-0.908029079,0,1.646065116,0
6.923956394,5.177041054,1,-2.709220886,1,-6.911492348,1,2.016964912,1,6.245811462,1,-0.656882107,1,-1.580139399,0,-0.910746813,0,1.607084751,0
6.927956104,3.674578428,1,-3.288606644,1,-6.303528786,1,2.270615339,1,6.726799011,1,-0.951782048,1,-1.537955165,0,-0.91366148,0,1.564619064,0
6.931957722,3.304143429,1,-3.996072054,1,-5.66832304,1,2.414530754,1,7.171608925,1,-1.235388517,1,-1.49214375,0,-0.916481674,0,1.518675923,0
6.935956001,3.612665176,1,-4.378249645,1,-5.131592751,1,2.484051943,1,7.548240662,1,-1.505910516,1,-1.443291664,0,-0.918910086,0,1.469521761,0
6.939955711,3.866629839,1,-4.348797321,1,-4.79142046,1,2.517313719,1,7.858231068,1,-1.754239082,1,-1.391986132,0,-0.920665503,0,1.417599678,0
6.943957329,3.822720289,1,-3.671265841,1,-4.740139008,1,2.560337782,1,8.085913658,1,-1.97916615,1,-1.338725448,0,-0.921470761,0,1.363449931,0
6.947955608,3.270369291,1,-2.599566936,1,-4.908120632,1,2.628981352,1,8.242865562,1,-2.179344654,1,-1.283953905,0,-0.921128452,0,1.30769968,0
6.951955318,2.174696922,1,-1.298859835,1,-5.13618803,1,2.766178846,1,8.365712166,1,-2.360393763,1,-1.227963567,0,-0.919473529,0,1.250871658,0
6.955957413,0.609927237,1,-0.22307995,1,-5.41570425,1,2.956711054,1,8.464004517,1,-2.541750193,1,-1.170858622,0,-0.916385114,0,1.193387747,0
6.959954739,-1.291592956,1,0.56381315,1,-5.854471684,1,3.179795504,1,8.564529419,1,-2.731134653,1,-1.112725496,0,-0.911812723,0,1.135479808,0
6.963954926,-3.131592512,1,0.633395553,1,-6.354021549,1,3.397702217,1,8.664144516,1,-2.91996336,1,-1.053715587,0,-0.905649185,0,1.077353716,0
6.967956543,-4.462631226,1,0.089960188,1,-6.84671402,1,3.571704388,1,8.760396004,1,-3.09201622,1,-0.994201124,0,-0.897791624,0,1.019282103,0
6.971954346,-5.576177597,1,-0.812796295,1,-7.251180649,1,3.662968397,1,8.797623634,1,-3.252386332,1,-0.934839785,0,-0.888191223,0,0.961686373,0
6.975954056,-6.58250761,1,-1.575447917,1,-7.659147739,1,3.691614389,1,8.799601555,1,-3.404369593,1,-0.876431942,0,-0.876947165,0,0.905143797,0
6.979955673,-7.458603859,1,-1.988148451,1,-8.042500496,1,3.669203043,1,8.799806595,1,-3.526277781,1,-0.81949234,0,-0.864064693,0,0.849940419,0
6.983953476,-8.343829155,1,-2.221100807,1,-8.370816231,1,3.642130136,1,8.799991608,1,-3.616137981,1,-0.764372647,0,-0.849497795,0,0.796365142,0
6.987953186,-9.272812843,1,-2.111409187,1,-8.768710136,1,3.618577242,1,8.800355911,1,-3.671720028,1,-0.711295128,0,-0.8332569,0,0.744644701,0
6.991954803,-10.3556118,1,-2.002957106,1,-8.813584328,1,3.616095781,1,8.800543785,1,-3.716556549,1,-0.660367727,0,-0.81536901,0,0.694976091,0
6.995953083,-10.98498058,1,-1.967929959,1,-8.558665276,1,3.621886492,1,8.798240662,1,-3.736272335,1,-0.611632228,0,-0.795904636,0,0.647478521,0
6.999952793,-11.11086559,1,-2.195765257,1,-8.246576309,1,3.626978397,1,8.799620628,1,-3.729472876,1,-0.565154374,0,-0.774910927,0,0.602287173,0
7.003954887,-11.25994968,1,-2.315265656,1,-7.908278465,1,3.625310898,1,8.799584389,1,-3.699266911,1,-0.521028817,0,-0.752456486,0,0.559482396,0
7.00795269,-10.10181999,1,-2.108403444,1,-7.637510777,1,3.648349047,1,8.799761772,1,-3.652925968,1,-0.479260683,0,-0.72862339,0,0.519118786,0
7.011958599,-10.39682484,1,-1.641734004,1,-7.211319923,1,3.708627462,1,8.800822258,1,-3.571749687,1,-0.439706266,0,-0.703478932,0,0.481262714,0
7.015960693,-10.62459469,1,-0.795599878,1,-7.027645588,1,3.835891008,1,8.802724838,1,-3.484315395,1,-0.402101129,0,-0.677112341,0,0.445900857,0
7.019958973,-10.64627934,1,-0.423399448,1,-6.860488415,1,3.985330105,1,8.805268288,1,-3.381714106,1,-0.366206944,0,-0.649612427,0,0.41298753,0
7.023958683,-10.4513464,1,-0.066618353,1,-6.747204304,1,4.172026157,1,8.80759716,1,-3.258768082,1,-0.331797183,0,-0.621055365,0,0.382497966,0
7.027960777,-10.38457012,1,0.650478661,1,-6.619732857,1,4.418005466,1,8.812412262,1,-3.133222342,1,-0.298618793,0,-0.591513813,0,0.354415894,0
7.03195858,-10.38226509,1,1.640803695,1,-6.503238201,1,4.700472832,1,8.818772316,1,-3.01709342,1,-0.266340554,0,-0.561078668,0,0.328610659,0
7.03595829,-10.44980907,1,2.29880619,1,-6.070046902,1,5.016506195,1,8.823802948,1,-2.91421175,1,-0.23461245,0,-0.529836178,0,0.304942369,0
7.039959908,-10.0817194,1,2.613727093,1,-5.873313904,1,5.339217663,1,8.830487251,1,-2.831771374,1,-0.203231409,0,-0.497866571,0,0.283256143,0
7.043958187,-9.526501656,1,2.297611237,1,-5.823485374,1,5.593835831,1,8.774380684,1,-2.780335188,1,-0.176898107,0,-0.460794687,0,0.259663284,0
7.04795742,-9.147274971,1,1.313817739,1,-5.805242538,1,5.74303484,1,8.676040649,1,-2.740837097,1,-0.146330371,0,-0.428111374,0,0.241365224,0
7.051959515,-8.900989532,1,0.302678406,1,-6.132265091,1,5.803400517,1,8.540459633,1,-2.700817108,1,-0.116543144,0,-0.395389348,0,0.224672347,0
7.055957317,-9.215976715,1,-0.664816141,1,-6.764613152,1,5.794564724,1,8.398144722,1,-2.657120228,1,-0.087712876,0,-0.362791061,0,0.209486231,0
7.059957027,-10.03921986,1,-1.226674914,1,-7.734494686,1,5.727766991,1,8.279255867,1,-2.642914534,1,-0.059947323,0,-0.3303231,0,0.195653617,0
7.063959122,-11.41275406,1,-1.494346023,1,-9.053192139,1,5.631143093,1,8.195557594,1,-2.664070129,1,-0.033305161,0,-0.297889054,0,0.182900503,0
7.067957401,-13.57967854,1,-1.421644568,1,-10.16727448,1,5.534540653,1,8.147542953,1,-2.74824667,1,-0.007657046,0,-0.265447766,0,0.170962214,0
7.071957111,-15.51759434,1,-0.95419699,1,-11.68622589,1,5.44357872,1,8.105510712,1,-2.915634394,1,0.017142717,0,-0.232892707,0,0.159451082,0
7.075958729,-16.9329052,1,-0.027296059,1,-13.43564606,1,5.391021252,1,8.03623867,1,-3.14635849,1,0.041251082,0,-0.200257644,0,0.14802976,0
7.079956532,-18.68909454,1,1.358329296,1,-15.05110073,1,5.395722389,1,7.965913296,1,-3.417201281,1,0.064917549,0,-0.167600811,0,0.13643755,0
7.083956242,-20.8201828,1,2.668506145,1,-15.73679161,1,5.460990429,1,7.963536263,1,-3.73670578,1,0.088416323,0,-0.134760365,0,0.124487706,0
7.087957859,-22.3999958,1,3.415004969,1,-16.47241211,1,5.575305462,1,7.974025726,1,-4.086457253,1,0.111917794,0,-0.101458572,0,0.112020113,0
7.091955662,-23.82805824,1,3.64891243,1,-16.27293587,1,5.672530174,1,7.978163719,1,-4.46875,1,0.135541305,0,-0.06769184,0,0.098929122,0
7.095955372,-24.81428528,1,3.297145605,1,-16.20140648,1,5.671405315,1,7.973395348,1,-4.841975689,1,0.158955947,0,-0.033391979,0,0.085170038,0
7.099957466,-26.27578735,1,3.31382513,1,-16.37444115,1,5.604632854,1,7.904428959,1,-5.206214905,1,0.181747764,0,0.001328859,0,0.070749104,0
7.103955746,-28.43507576,1,3.438689232,1,-16.78327751,1,5.45460701,1,7.776618958,1,-5.541213512,1,0.203597069,0,0.036242921,0,0.055651605,0
7.107955933,-30.47458649,1,2.967235565,1,-16.811203,1,5.216178894,1,7.58245039,1,-5.782938957,1,0.224155322,0,0.071098521,0,0.039967503,0
7.11195755,-36.02909088,1,3.540322304,1,-17.98871994,1,4.951680183,1,7.364640236,1,-6.005909443,1,0.243058652,0,0.10561353,0,0.023875186,0
7.115955353,-40.22294998,1,3.520212173,1,-18.20406723,1,4.66638279,1,7.155178547,1,-6.137081146,1,0.260286659,0,0.139792606,0,0.007432546,0
7.119955063,-45.28743362,1,4.70641613,1,-18.03026009,1,4.3592906,1,6.944048405,1,-6.170172691,1,0.275765479,0,0.173494115,0,-0.009052872,0
7.12395668,-49.24227905,1,5.716710567,1,-17.33771706,1,4.072331429,1,6.716382027,1,-6.101830482,1,0.289548099,0,0.206593037,0,-0.025318112,0
7.127954483,-51.42129898,1,7.089111805,1,-15.9335556,1,3.793250561,1,6.410118103,1,-5.897404194,1,0.30181095,0,0.238738656,0,-0.041038409,0
7.131954193,-53.86207199,1,9.325371742,1,-14.13042164,1,3.552661896,1,5.999809265,1,-5.563185215,1,0.312780142,0,0.269352764,0,-0.055882983,0
7.135962009,-56.82239151,1,10.66044426,1,-11.80410004,1,3.337088346,1,5.533695221,1,-5.107719421,1,0.32273066,0,0.297953069,0,-0.069516443,0
7.139966011,-60.12859344,1,13.15253448,1,-9.629062653,1,3.120868921,1,4.976670742,1,-4.551019192,1,0.331945091,0,0.324091971,0,-0.081644468,0
7.143966198,-64.68177795,1,16.63005447,1,-6.000608921,1,2.93074131,1,4.29936552,1,-3.875499725,1,0.340601683,0,0.347139478,0,-0.091990702,0
7.147967815,-68.10554504,1,15.86635685,1,-3.674998045,1,2.840936899,1,3.834042549,1,-3.181884766,1,0.349169075,0,0.367283672,0,-0.100353807,0
7.151966095,-66.03220367,1,15.01515484,1,2.314476013,1,2.58263278,1,3.024074554,1,-2.307218552,1,0.357920796,0,0.383842975,0,-0.106353432,0
7.155965805,-66.47694397,1,16.27844429,1,3.863400459,1,2.093949318,1,2.289482594,1,-1.486006141,1,0.365957558,0,0.396477938,0,-0.109900638,0
7.159967899,-60.15854263,1,16.07231522,1,8.857265472,1,1.627377272,1,1.594345808,1,-0.768987,1,0.372761905,0,0.405384719,0,-0.111356236,0
7.163965225,-61.01698303,1,17.94806671,1,11.35163593,1,1.145604014,1,0.91459471,1,-0.201825544,1,0.378315151,0,0.410627276,0,-0.111303113,0
7.167965412,-57.93699265,1,18.37922478,1,12.17203999,1,0.71013546,1,0.290045887,1,0.286712229,1,0.382509232,0,0.412802279,0,-0.110156991,0
7.17196703,-55.67556381,1,17.05764008,1,12.01414299,1,0.270098329,1,-0.249621749,1,0.69168663,1,0.385273933,0,0.412086248,0,-0.108153068,0
7.175964832,-53.48716354,1,16.8516655,1,11.77108192,1,0.006070966,1,-0.708086848,1,0.967674494,1,0.386825442,0,0.409095258,0,-0.105544925,0
7.179964542,-48.60146332,1,16.70967293,1,11.24392319,1,-0.203640386,1,-1.194660664,1,1.202441692,1,0.387550414,0,0.403890014,0,-0.102757655,0
7.18396616,-44.08082581,1,15.07772827,1,10.72729206,1,-0.325915605,1,-1.631009221,1,1.433084846,1,0.387631595,0,0.396671712,0,-0.099765241,0
7.187963963,-39.76315308,1,13.33592224,1,9.602567673,1,-0.457901359,1,-1.986640692,1,1.637865186,1,0.387272298,0,0.387642711,0,-0.096546941,0
7.191963673,-36.42704391,1,12.08385944,1,8.610107422,1,-0.558834851,1,-2.313078165,1,1.757691264,1,0.386472762,0,0.377080381,0,-0.093250513,0
7.19596529,-13.31352139,1,-10.22207928,1,-8.908463478,1,-1.46425581,1,-2.665219069,1,1.905854225,1,0.38435638,0,0.365179539,0,-0.090018786,0
7.199964046,-26.34849358,1,-25.06678391,1,13.01191616,1,-6.148611069,1,-4.793741703,1,1.604276061,1,0.370001912,0,0.349388361,0,-0.088595413,0
7.203963757,-55.4483223,1,0.747139394,1,37.82615662,1,-8.396585464,1,-6.076240063,1,2.206186295,1,0.338558227,0,0.325380385,0,-0.089411922,0
7.207965851,23.45627785,1,12.8715086,1,3.928604364,1,-7.390933037,1,-6.62236166,1,2.222699642,1,0.308063447,0,0.298921287,0,-0.088543244,0
7.211963177,-26.65760803,1,15.72927189,1,-12.08536243,1,-7.864724636,1,-8.195022583,1,2.541039705,1,0.277929723,0,0.267654926,0,-0.08787173,0
7.215963364,-31.07813644,1,31.64461899,1,-48.47983932,1,-5.988638401,1,-8.285606384,1,2.195350647,1,0.248392746,0,0.233001813,0,-0.087700002,0
7.219964981,-37.03350067,1,4.027472973,1,-62.18110657,1,-6.430370331,1,-8.141695023,1,2.280165195,1,0.224380866,0,0.199253932,0,-0.086878702,0
7.223963261,-51.95000458,1,-0.412294269,1,-66.88779449,1,-6.719403744,1,-8.259775162,1,3.544843197,1,0.198715627,0,0.164823964,0,-0.082263142,0
7.227962971,-64.07482147,1,22.44558907,1,-69.90772247,1,-6.627532482,1,-7.859355927,1,4.887020588,1,0.173354432,0,0.129719362,0,-0.071640171,0
7.231964588,-55.03584671,1,36.87426758,1,-48.64075851,1,-6.120048523,1,-6.677663803,1,5.429141998,1,0.149232447,0,0.097679742,0,-0.055442266,0
7.235962868,-29.64195061,1,33.27745056,1,-26.36212349,1,-4.960410118,1,-6.122373104,1,4.694253922,1,0.128319502,0,0.069993488,0,-0.038644005,0
7.239962101,-14.48627281,1,21.6972084,1,-12.61328602,1,-3.463173151,1,-6.541642666,1,3.804381609,1,0.112221159,0,0.042762574,0,-0.024886824,0
7.243963718,10.49612617,1,8.697787285,1,2.560072184,1,-2.962961912,1,-6.910965919,1,3.557231188,1,0.09996032,0,0.014663028,0,-0.013209002,0
7.247961998,5.395746708,1,-0.497440726,1,4.285636425,1,-3.012912035,1,-7.28198719,1,3.250053883,1,0.088074923,0,-0.015166682,0,-0.002123299,0
7.251961708,-22.08965683,1,-3.825496674,1,-4.755242348,1,-3.793701172,1,-6.716617584,1,2.798658133,1,0.074267961,0,-0.044208508,0,0.007411393,0
7.255970001,-80.9156723,1,7.645888329,1,-37.29750443,1,-3.679813862,1,-3.430719137,1,2.379532814,1,0.058313049,0,-0.066210173,0,0.016483409,0
7.259973526,-75.8495636,1,34.65028381,1,-11.37273598,1,-1.867793441,1,-1.072650552,1,1.99941361,1,0.046366975,0,-0.074416935,0,0.024849955,0
7.263973713,0.19587177,1,14.4467907,1,-7.170443535,1,-0.939185143,1,-1.362747073,1,0.974628627,1,0.04100078,0,-0.079360113,0,0.03059271,0
7.267975807,-2.106690645,1,18.84245491,1,-16.42920303,1,-0.625048995,1,-1.622252107,1,0.954479992,1,0.037365768,0,-0.08581344,0,0.033903543,0
7.271974087,-17.9115448,1,1.82951355,1,-14.82971954,1,-0.132833526,1,-0.959464252,1,1.128042936,1,0.035664462,0,-0.091119535,0,0.038018472,0
7.275973797,-1.133670568,1,-12.29407501,1,-5.445664406,1,-0.228227809,1,-1.281972408,1,0.99446547,1,0.03458114,0,-0.095504552,0,0.042108815,0
7.279975414,-17.49880219,1,-14.36872196,1,-15.69380188,1,-0.335787863,1,-1.032897592,1,0.71534127,1,0.03318195,0,-0.100429758,0,0.045339268,0
7.283973217,-5.866198063,1,-2.392391443,1,-10.66786575,1,-0.53493011,1,-1.18809247,1,0.981087267,1,0.031038791,0,-0.104967654,0,0.048562869,0
7.287972927,-5.535947323,1,0.727584362,1,-11.23840141,1,-0.469189525,1,-1.076551318,1,0.985699832,1,0.028582197,0,-0.109528989,0,0.052426107,0
7.291974545,-5.202373981,1,-2.72221303,1,-12.21590519,1,-0.437977999,1,-1.197673082,1,0.943860471,1,0.019319028,0,-0.097565405,0,0.014238346,0
7.295973301,-8.161314011,1,-2.577537775,1,-9.990345955,1,-0.441483736,1,-1.231159568,1,0.940630019,1,0.017177602,0,-0.102516405,0,0.017926356,0
7.299973011,-11.08443546,1,3.00266242,1,-8.60226059,1,-0.364754289,1,-1.20422864,1,0.899279475,1,0.015126863,0,-0.107426986,0,0.021557344,0
7.303975105,-10.08657455,1,4.788746834,1,-7.561275005,1,-0.100965105,1,-1.166600347,1,0.81837821,1,0.013836595,0,-0.112229012,0,0.024951581,0
7.307972431,-6.668863297,1,-1.275030732,1,-8.803079605,1,-0.068104424,1,-1.089094996,1,0.762413263,1,0.013180896,0,-0.11676044,0,0.028078318,0
7.311972141,-6.352883339,1,0.186185375,1,-9.738145828,1,-0.040604617,1,-1.116590977,1,0.697461188,1,0.012533103,0,-0.121215068,0,0.03096934,0
7.315974236,-5.110579014,1,2.736009121,1,-11.7884407,1,0.094968945,1,-1.188762665,1,0.716050386,1,0.012335319,0,-0.125815123,0,0.033741318,0
7.319972515,-7.279056549,1,-0.267970532,1,-11.73542023,1,0.216205001,1,-1.350845814,1,0.72962904,1,0.012571524,0,-0.130924091,0,0.036598612,0
7.323972225,-7.519754887,1,-6.312118053,1,-11.37067795,1,0.187160224,1,-1.503269553,1,0.770448267,1,0.013094436,0,-0.136691928,0,0.039537039,0
7.327974319,-5.475859642,1,-5.263143539,1,-12.69452381,1,-0.044198323,1,-1.64538312,1,0.810998023,1,0.012879271,0,-0.143029332,0,0.042657435,0
7.331972122,-3.880096436,1,-2.202445269,1,-15.50047302,1,-0.063634485,1,-1.862377167,1,0.81350261,1,0.012246928,0,-0.15003714,0,0.045834202,0
7.335971832,-2.871913195,1,-1.400995493,1,-17.48662949,1,-0.259416819,1,-2.244696856,1,0.768308401,1,0.011088854,0,-0.158261284,0,0.048979178,0
7.33997345,-4.460053444,1,-2.298682928,1,-18.77514648,1,-0.331249565,1,-2.727871895,1,0.755866945,1,0.009470996,0,-0.168269485,0,0.051927127,0
7.343971252,-4.42694521,1,-1.944564342,1,-20.01812744,1,-0.464852482,1,-3.236638308,1,0.727472663,1,0.007344938,0,-0.180188864,0,0.054839954,0
7.347970963,-1.294677138,1,-1.298356533,1,-20.22953796,1,-0.643705785,1,-3.738307238,1,0.656163812,1,0.004548508,0,-0.194107011,0,0.05760853,0
7.351973057,-1.83281064,1,-0.567924201,1,-21.74856377,1,-0.483863592,1,-4.352561474,1,0.617065072,1,0.001783863,0,-0.210284188,0,0.060129117,0
7.35597086,-3.443616867,1,-3.992133617,1,-25.79575539,1,-0.531766117,1,-5.052750587,1,0.64996177,1,-0.000734371,0,-0.229072779,0,0.062669553,0
7.359971046,-0.038502641,1,-8.468870163,1,-24.21126747,1,-0.899609745,1,-5.7879529,1,0.79727459,1,-0.004239776,0,-0.250689924,0,0.065732941,0
7.363972664,3.333576679,1,-7.362967968,1,-26.57029915,1,-1.254650831,1,-6.637658596,1,0.902900934,1,-0.009609877,0,-0.275510758,0,0.069406845,0
7.367970943,2.792773962,1,-5.282701492,1,-26.8006115,1,-1.244778752,1,-7.456254005,1,1.192024231,1,-0.015986668,0,-0.303688824,0,0.074092001,0
7.371970654,2.43080616,1,-6.174694538,1,-26.5261879,1,-1.061921954,1,-8.240062714,1,1.480775356,1,-0.022553815,0,-0.334993422,0,0.080396734,0
7.375977993,7.041231632,1,-8.257379532,1,-24.77539444,1,-0.966639221,1,-8.747235298,1,1.687295079,1,-0.029247005,0,-0.369080365,0,0.088089675,0
7.379982471,8.781074524,1,-7.570585251,1,-25.53094482,1,-0.947569013,1,-8.749052048,1,1.986601233,1,-0.036573496,0,-0.403811574,0,0.097223803,0
7.383982182,10.46653938,1,-7.633615971,1,-24.4800663,1,-0.931957185,1,-8.750011444,1,2.284346342,1,-0.044748869,0,-0.438431978,0,0.108122297,0
7.387983799,8.85061264,1,-8.080704689,1,-24.34205818,1,-1.069886684,1,-8.755185127,1,2.681379557,1,-0.054442517,0,-0.472904325,0,0.121088043,0
7.391981602,3.099161863,1,-5.08128643,1,-22.03293228,1,-1.145932794,1,-8.758589745,1,3.085564137,1,-0.066198573,0,-0.507169962,0,0.136575982,0
7.395981312,1.871338606,1,-1.17378056,1,-18.49492073,1,-0.972000837,1,-8.756511688,1,3.274694204,1,-0.079346105,0,-0.541180253,0,0.154197216,0
7.399982929,1.203472733,1,1.188649178,1,-14.28750896,1,-0.618905365,1,-8.749979973,1,3.532540083,1,-0.092752509,0,-0.574899673,0,0.17361699,0
7.403980732,-5.504797935,1,4.980162621,1,-13.47912312,1,-0.44183895,1,-8.749876976,1,4.038825035,1,-0.107319422,0,-0.608210623,0,0.195986316,0
7.407980442,-13.02208614,1,10.57473564,1,-15.13523293,1,0.013665168,1,-8.737852097,1,3.953410625,1,-0.122809075,0,-0.641103566,0,0.220718473,0
7.411983013,-30.51916695,1,14.33227253,1,-14.60830307,1,0.845297158,1,-8.720983505,1,3.899226665,1,-0.136619657,0,-0.673697591,0,0.246056736,0
7.415981293,-42.24482346,1,18.11989212,1,-15.10576153,1,2.008806944,1,-8.696228027,1,3.729368448,1,-0.147527948,0,-0.706005573,0,0.272156566,0
7.419981003,-48.75228882,1,12.76804447,1,-11.29082584,1,2.952527046,1,-8.675767899,1,3.669033766,1,-0.154894739,0,-0.738146603,0,0.298391432,0
7.42398262,-54.11026382,1,8.982984543,1,-13.35918808,1,3.520366907,1,-8.665773392,1,3.810855627,1,-0.160950676,0,-0.770030379,0,0.326265603,0
7.427980423,-68.42993927,1,7.205840588,1,-9.478908539,1,4.011448383,1,-8.65459156,1,3.670649529,1,-0.166154295,0,-0.801780283,0,0.355046272,0
7.431980133,-71.98137665,1,2.446788549,1,-8.568857193,1,3.947246075,1,-8.654887199,1,3.527992487,1,-0.17157954,0,-0.833460212,0,0.384518951,0
7.43598175,-63.35546494,1,-0.082772307,1,-2.298986435,1,3.698071718,1,-8.659852982,1,3.336954355,1,-0.178429246,0,-0.865182102,0,0.414044112,0
7.43998003,-41.15823746,1,-9.93620491,1,3.852047443,1,3.096301556,1,-6.973959446,1,2.923215151,1,-0.186628029,0,-0.894050479,0,0.442392945,0
7.44397974,-25.31139946,1,-32.09732437,1,4.822354794,1,1.404266238,1,-5.071932793,1,2.576510191,1,-0.19668752,0,-0.91558075,0,0.46720627,0
7.447981358,-1.37947464,1,-28.58606911,1,11.18302631,1,-1.289628029,1,-4.589808941,1,2.33581996,1,-0.213714465,0,-0.931648731,0,0.488681704,0
7.451979637,-64.5402298,1,-12.73470974,1,-7.309384823,1,-2.900697947,1,-4.551782131,1,2.68875885,1,-0.24257122,0,-0.948053539,0,0.513528705,0
7.455979347,-68.97011566,1,-10.65296364,1,-15.6001873,1,-3.967021465,1,-2.4557271,1,2.531651497,1,-0.275326252,0,-0.95893842,0,0.53708756,0
7.459981441,-28.73679543,1,-11.22923565,1,-11.91534233,1,-5.097792149,1,-1.619781256,1,2.488278866,1,-0.310433865,0,-0.963205159,0,0.55759418,0
7.463979244,-9.554318428,1,0.701310456,1,-11.79945278,1,-5.371288776,1,-2.417703152,1,2.447235584,1,-0.348743379,0,-0.967623651,0,0.578501821,0
7.467978954,-1.511688828,1,5.542987347,1,-9.012827873,1,-5.185367584,1,-3.526944399,1,2.808727026,1,-0.390341461,0,-0.974802852,0,0.60325104,0
7.471980572,-5.411141872,1,5.972826958,1,-8.725995064,1,-4.809510708,1,-4.763428211,1,3.192675591,1,-0.436886966,0,-0.985252917,0,0.635127544,0
7.475978374,-16.45728683,1,9.06580925,1,-11.16607571,1,-4.027532578,1,-5.391835213,1,3.371285915,1,-0.486611813,0,-0.997719169,0,0.673323691,0
7.479978085,-24.50021744,1,10.02586269,1,-13.79208183,1,-3.064781666,1,-5.490783215,1,3.380835056,1,-0.536197007,0,-1.010141969,0,0.715246081,0
7.483979702,-27.35911751,1,8.500571251,1,-15.32157135,1,-2.069581509,1,-5.346656322,1,3.310778856,1,-0.583349645,0,-1.021414518,0,0.758675873,0
7.487977505,-30.83181763,1,2.439233065,1,-16.5109024,1,-1.251593471,1,-5.02855587,1,3.307419777,1,-0.627449334,0,-1.031002402,0,0.802531719,0
7.491977215,-30.88348961,1,-2.76028347,1,-17.63924217,1,-0.771712899,1,-4.565078735,1,3.229236841,1,-0.668476582,0,-1.038421512,0,0.845644891,0
7.495985031,-27.97500229,1,-7.755989075,1,-18.80243683,1,-0.66068536,1,-4.160021782,1,3.163497686,1,-0.707026124,0,-1.043748736,0,0.887079597,0
7.499989986,-25.60717392,1,-10.99257374,1,-19.28835869,1,-0.734325171,1,-3.883837461,1,3.118670225,1,-0.744387329,0,-1.047442079,0,0.927077234,0
7.503990173,-24.21518517,1,-12.36193848,1,-19.81839752,1,-0.894800663,1,-3.707366467,1,3.110778332,1,-0.781472385,0,-1.049794912,0,0.966105759,0
7.507992268,-23.7234211,1,-12.2528019,1,-20.22919083,1,-1.055045009,1,-3.627405643,1,3.121811867,1,-0.818868279,0,-1.051054955,0,1.004695415,0
7.51199007,-23.76377487,1,-11.8321104,1,-20.66338921,1,-1.178117633,1,-3.61534214,1,3.113583088,1,-0.85674417,0,-1.051471949,0,1.043189883,0
7.51598978,-23.83280563,1,-11.31176949,1,-21.25698853,1,-1.271374226,1,-3.616811514,1,3.087531567,1,-0.894967198,0,-1.051201105,0,1.081562877,0
7.519991875,-23.95309448,1,-10.8856945,1,-21.55842018,1,-1.329370141,1,-3.649882317,1,3.044385195,1,-0.933372676,0,-1.050363183,0,1.119807005,0
7.523989677,-24.16972542,1,-10.70017338,1,-22.30622482,1,-1.34746027,1,-3.700513601,1,3.003626823,1,-0.971796274,0,-1.049031258,0,1.157935619,0
7.527989388,-23.93017006,1,-10.9228611,1,-22.87963676,1,-1.359032393,1,-3.761743069,1,2.968600988,1,-1.010250688,0,-1.047226906,0,1.196059227,0
7.531991005,-23.90718269,1,-11.28871822,1,-23.42090225,1,-1.367003679,1,-3.816616058,1,2.966039181,1,-1.048700809,0,-1.044865847,0,1.234193802,0
7.535989285,-23.90407562,1,-11.46601677,1,-24.0670414,1,-1.375954032,1,-3.861247301,1,2.970048666,1,-1.08712697,0,-1.041872859,0,1.272307992,0
7.539988518,-23.69533348,1,-11.47449398,1,-24.72145844,1,-1.377839684,1,-3.883332253,1,2.97025609,1,-1.125309825,0,-1.038195014,0,1.310195088,0
7.543990135,-23.73323822,1,-11.43191338,1,-25.22169685,1,-1.359837294,1,-3.875042915,1,2.961133003,1,-1.151893377,0,-1.032827258,0,1.296105027,0
7.547988415,-23.75851059,1,-11.58082867,1,-25.5007782,1,-1.350200653,1,-3.801161528,1,2.941037416,1,-1.188569427,0,-1.027948737,0,1.332551718,0
7.551988125,-23.1111927,1,-11.83939362,1,-25.68188858,1,-1.32948947,1,-3.717129707,1,2.940131664,1,-1.223974228,0,-1.022316456,0,1.367702365,0
7.555990219,-22.25141907,1,-12.00338745,1,-25.90529442,1,-1.332574606,1,-3.622833967,1,2.936619043,1,-1.258075237,0,-1.015953064,0,1.40149641,0
7.559988022,-21.11324501,1,-12.14796829,1,-25.85458183,1,-1.364374876,1,-3.507502794,1,2.931338072,1,-1.290801048,0,-1.008900642,0,1.433726788,0
7.563987732,-19.6523304,1,-12.5148344,1,-25.94332123,1,-1.400438309,1,-3.379713297,1,2.933365107,1,-1.32207191,0,-1.001170635,0,1.464236617,0
7.567989826,-18.38606644,1,-11.93287277,1,-25.95506096,1,-1.432545781,1,-3.301370382,1,2.896432638,1,-1.352038622,0,-0.992916942,0,1.493161321,0
7.571987629,-16.80002022,1,-11.92092896,1,-25.71166229,1,-1.429073095,1,-3.228882551,1,2.880301237,1,-1.380733132,0,-0.984257102,0,1.520658493,0
7.575987339,-15.86104107,1,-12.19571877,1,-25.95189285,1,-1.449405432,1,-3.18118906,1,2.89893961,1,-1.408329129,0,-0.975135922,0,1.546969891,0
7.579988956,-15.21501923,1,-12.17075539,1,-26.20949745,1,-1.469187975,1,-3.112911463,1,2.922369003,1,-1.434877753,0,-0.9654966,0,1.572080374,0
7.583987236,-13.15134811,1,-12.5560236,1,-26.60981178,1,-1.49700439,1,-3.09976387,1,2.968327761,1,-1.460492849,0,-0.955332398,0,1.596088409,0
7.587986946,-12.26111794,1,-12.09825611,1,-27.02729034,1,-1.48837173,1,-3.104353905,1,3.004191637,1,-1.485371113,0,-0.944655478,0,1.619324684,0
7.591988564,-11.01124001,1,-12.1317606,1,-28.65018272,1,-1.463919878,1,-3.1060884,1,3.022254705,1,-1.509405375,0,-0.933534861,0,1.641798377,0
7.595986843,-10.54484558,1,-11.80756569,1,-29.71546555,1,-1.46097517,1,-3.03591013,1,3.017920017,1,-1.53248167,0,-0.922065556,0,1.663328409,0
7.599986553,-10.53015614,1,-12.11474991,1,-30.45412827,1,-1.474484444,1,-2.863653183,1,2.978676558,1,-1.554207802,0,-0.910394907,0,1.683307648,0
7.603988647,-10.69139385,1,-13.33944893,1,-30.6281395,1,-1.513379335,1,-2.555131197,1,2.91454196,1,-1.574104071,0,-0.898679614,0,1.701038837,0
7.607985973,-10.84812355,1,-14.52283764,1,-30.2618618,1,-1.673867702,1,-2.073428631,1,2.801285982,1,-1.591827035,0,-0.887124658,0,1.715646982,0
7.611985683,-10.32478714,1,-15.5552597,1,-29.4240551,1,-1.939409852,1,-1.468394995,1,2.649323225,1,-1.607280731,0,-0.876021504,0,1.726341248,0
7.615993977,-9.796292305,1,-15.69681931,1,-28.01480865,1,-2.236937523,1,-0.742069364,1,2.485341787,1,-1.620391011,0,-0.865563869,0,1.732544899,0
7.619997501,-9.250231743,1,-14.9026823,1,-26.91957092,1,-2.479698896,1,0.05745101,1,2.332789898,1,-1.630843759,0,-0.855876327,0,1.733849049,0
7.623998165,-7.279649258,1,-14.12401772,1,-25.74717712,1,-2.624020815,1,0.890403509,1,2.214286327,1,-1.638272047,0,-0.846928775,0,1.730107307,0
7.628000259,-3.898037672,1,-13.44676018,1,-24.16793251,1,-2.692600489,1,1.692041755,1,2.12750411,1,-1.642472744,0,-0.838639319,0,1.721459985,0
7.631998062,0.077112943,1,-11.79306507,1,-22.18224335,1,-2.675314188,1,2.399611473,1,2.040098906,1,-1.643533468,0,-0.830916524,0,1.708372951,0
7.635997772,4.392545223,1,-9.778578758,1,-20.064291,1,-2.52695179,1,3.051136732,1,1.963995695,1,-1.641509771,0,-0.823705554,0,1.691425562,0
7.63999939,9.441812515,1,-7.262304783,1,-18.17182541,1,-2.189580679,1,3.599395275,1,1.871645093,1,-1.63616693,0,-0.816946387,0,1.671154261,0
7.643997192,14.46102142,1,-4.915336609,1,-16.49765778,1,-1.647044659,1,3.991413832,1,1.749501824,1,-1.62733376,0,-0.810641706,0,1.648384452,0
7.647996902,17.56076622,1,-3.03852582,1,-15.6172657,1,-1.001620054,1,4.257794857,1,1.638035536,1,-1.615039825,0,-0.804715157,0,1.6240201,0
7.65199852,17.80469322,1,-1.898233652,1,-13.58630085,1,-0.266190797,1,4.553537369,1,1.546199918,1,-1.599192023,0,-0.798988521,0,1.598393321,0
7.655996323,18.34880066,1,-1.188662767,1,-11.51129723,1,0.538519084,1,4.941590786,1,1.419283509,1,-1.579156518,0,-0.793402076,0,1.571112871,0
7.659996033,19.15390587,1,-2.040682316,1,-9.597683907,1,1.294179082,1,5.375139236,1,1.227411628,1,-1.554631948,0,-0.78801018,0,1.541799426,0
7.663998127,18.56357574,1,-3.199198246,1,-8.308888435,1,1.959012151,1,5.809606552,1,0.944595397,1,-1.525874853,0,-0.782964587,0,1.510366797,0
7.667995453,16.40077782,1,-3.695902109,1,-7.138235092,1,2.543954611,1,6.273288727,1,0.567501307,1,-1.493141413,0,-0.778436899,0,1.476682305,0
7.671995163,12.61613941,1,-4.590023994,1,-6.468336582,1,3.005481243,1,6.782732487,1,0.131444871,1,-1.456622362,0,-0.774539232,0,1.440462708,0
7.675997257,9.623553276,1,-5.462743759,1,-5.993612289,1,3.321414948,1,7.340953827,1,-0.35240373,1,-1.416566133,0,-0.771192253,0,1.401260972,0
7.67999506,7.879885674,1,-5.983632088,1,-5.544116974,1,3.503620386,1,7.886112213,1,-0.872170031,1,-1.373425841,0,-0.768266737,0,1.358912945,0
7.68399477,6.917940617,1,-5.921031475,1,-5.300193787,1,3.590903997,1,8.36692524,1,-1.407975793,1,-1.327677965,0,-0.76561904,0,1.31345582,0
7.687996387,6.268176556,1,-5.256917,1,-5.332001209,1,3.62682724,1,8.766396523,1,-1.937196493,1,-1.279800653,0,-0.763021111,0,1.265159845,0
7.691994667,5.236845016,1,-4.306153774,1,-5.685619831,1,3.635585785,1,8.792678833,1,-2.435954094,1,-1.230816007,0,-0.760429323,0,1.215242743,0
7.695994377,4.321641445,1,-2.704244137,1,-6.314743519,1,3.673030138,1,8.795833588,1,-2.911388397,1,-1.181396723,0,-0.757888079,0,1.16467154,0
7.699995995,2.342282057,1,-1.512878299,1,-6.783705711,1,3.732167482,1,8.800842285,1,-3.32267499,1,-1.131447434,0,-0.755138099,0,1.113465905,0
7.703994274,-0.209084138,1,-0.674890876,1,-7.468476772,1,3.824049473,1,8.80440712,1,-3.693368435,1,-1.080890179,0,-0.751911223,0,1.061673164,0
7.707993984,-2.695514679,1,-0.196737289,1,-8.6549263,1,3.916535854,1,8.807275772,1,-4.007453918,1,-1.029762745,0,-0.747956991,0,1.009407759,0
7.711996078,-4.94135046,1,-0.196262628,1,-9.533636093,1,3.974425316,1,8.810343742,1,-4.296360493,1,-0.97827673,0,-0.743072689,0,0.956789315,0
7.715993404,-6.625028133,1,-0.767630696,1,-10.33529091,1,3.981760979,1,8.812036514,1,-4.532509804,1,-0.92677176,0,-0.737036884,0,0.904029071,0
7.719993114,-7.921852589,1,-1.365677238,1,-11.14013195,1,3.945855618,1,8.811957359,1,-4.714417934,1,-0.875653803,0,-0.729662001,0,0.851373613,0
7.723995209,-9.493313789,1,-1.770374179,1,-11.74918747,1,3.860975027,1,8.810427666,1,-4.834815979,1,-0.825381398,0,-0.720777333,0,0.79912436,0
7.727993488,-10.74240589,1,-2.126288414,1,-12.2912817,1,3.770675421,1,8.808468819,1,-4.900542259,1,-0.776331902,0,-0.710231304,0,0.747636259,0
7.731993198,-11.57675171,1,-2.284911871,1,-12.62278938,1,3.670459032,1,8.807488441,1,-4.89219141,1,-0.728827298,0,-0.697911501,0,0.697263837,0
7.736001015,-12.56129551,1,-2.524680138,1,-12.89034557,1,3.578277826,1,8.804934502,1,-4.836763382,1,-0.683171153,0,-0.683734715,0,0.648389459,0
7.740005016,-13.24492073,1,-2.91515708,1,-12.94253731,1,3.480883121,1,8.80227375,1,-4.73566103,1,-0.639591455,0,-0.66770488,0,0.601301074,0
7.744005203,-13.58729362,1,-3.212529898,1,-12.96344471,1,3.375429153,1,8.799498558,1,-4.594641685,1,-0.598281264,0,-0.649862885,0,0.556235552,0
7.748006821,-13.54820824,1,-3.290878773,1,-12.95253181,1,3.266995668,1,8.797319412,1,-4.413751125,1,-0.559425533,0,-0.630259097,0,0.513422191,0
7.752004623,-13.2858057,1,-2.964159489,1,-12.90316677,1,3.182046413,1,8.793678284,1,-4.196438313,1,-0.523070335,0,-0.608982027,0,0.47302267,0
7.756004333,-14.06610203,1,-2.544668436,1,-12.56754398,1,3.159278631,1,8.791513443,1,-3.939642429,1,-0.489130318,0,-0.586104393,0,0.435196459,0
7.760005951,-14.18728924,1,-1.317851424,1,-12.28586388,1,3.244066,1,8.791110992,1,-3.678407431,1,-0.457215726,0,-0.56174463,0,0.399968207,0
7.764003754,-14.56526184,1,-0.495073527,1,-11.80040264,1,3.406286478,1,8.793179512,1,-3.374571085,1,-0.426929384,0,-0.536000729,0,0.367367804,0
7.768003464,-14.44253635,1,0.54836607,1,-11.25594425,1,3.675189257,1,8.796424866,1,-3.037187815,1,-0.397907376,0,-0.508912921,0,0.337537229,0
7.772005558,-13.96691608,1,1.878403425,1,-10.75708771,1,4.067527294,1,8.803405762,1,-2.665376425,1,-0.369631231,0,-0.480551064,0,0.310538828,0
7.776002884,-13.90582085,1,3.370970964,1,-10.31709385,1,4.578325272,1,8.812145233,1,-2.290764332,1,-0.341516912,0,-0.450982988,0,0.286405176,0
7.780002594,-13.95792294,1,4.587259293,1,-9.761254311,1,5.206231117,1,8.821315765,1,-1.93457973,1,-0.312959552,0,-0.420304805,0,0.265082598,0
7.784004688,-14.77012825,1,5.208932877,1,-9.115935326,1,5.876683712,1,8.834694862,1,-1.620600343,1,-0.283439219,0,-0.388641924,0,0.246410653,0
7.788003445,-15.26769733,1,4.660888672,1,-8.807429314,1,6.489968777,1,8.845070839,1,-1.386081576,1,-0.252759635,0,-0.356138408,0,0.230149761,0
7.792003155,-15.3613224,1,2.894115686,1,-8.331000328,1,6.936317444,1,8.854529381,1,-1.218271017,1,-0.215326771,0,-0.326915443,0,0.22241354,0
7.796004295,-15.19653797,1,0.114766307,1,-7.91360569,1,7.144147873,1,8.857135773,1,-1.11028111,1,-0.18340078,0,-0.293114781,0,0.21026583,0
7.800002575,-14.84814548,1,-2.288990259,1,-7.746479988,1,7.139378071,1,8.856581688,1,-1.078811646,1,-0.151882499,0,-0.258912027,0,0.199659869,0
7.804002285,-14.65140152,1,-3.738465071,1,-8.288201332,1,6.946675777,1,8.85307312,1,-1.148395061,1,-0.121391304,0,-0.224426821,0,0.190172717,0
7.808003902,-14.61001205,1,-4.74237442,1,-8.835792542,1,6.596039772,1,8.848219872,1,-1.279924035,1,-0.092480712,0,-0.189745396,0,0.181397021,0
7.812001705,-14.19651604,1,-4.431543827,1,-9.894877434,1,6.218035221,1,8.840008736,1,-1.464009881,1,-0.065429144,0,-0.154911071,0,0.173031047,0
7.816001415,-14.66343689,1,-3.391792059,1,-10.80977345,1,5.925785065,1,8.835165024,1,-1.687859893,1,-0.040053513,0,-0.119942442,0,0.164815277,0
7.82000351,-15.27978039,1,-1.44120717,1,-12.13566589,1,5.788991451,1,8.766768456,1,-2.009166479,1,-0.015793817,0,-0.084889837,0,0.156425938,0
7.824002266,-16.70368385,1,0.52468878,1,-13.55901718,1,5.736931801,1,8.528274536,1,-2.419635296,1,0.007852562,0,-0.050344937,0,0.147423804,0
7.828001976,-17.84253693,1,1.847156644,1,-14.939291,1,5.738816261,1,8.332269669,1,-2.875347614,1,0.031117219,0,-0.01641706,0,0.137492031,0
7.832003593,-18.87136078,1,3.375878811,1,-16.09597397,1,5.831600189,1,8.130163193,1,-3.342518091,1,0.054228555,0,0.017008897,0,0.126470208,0
7.836001873,-20.54617882,1,4.847588539,1,-16.75009537,1,6.031348228,1,7.971624374,1,-3.828248024,1,0.077522203,0,0.050073024,0,0.114264175,0
7.84000206,-22.553545,1,5.880435467,1,-17.25622368,1,6.252064705,1,7.832702637,1,-4.339092731,1,0.101197585,0,0.083008565,0,0.100785829,0
7.844003677,-24.48826599,1,5.737252712,1,-17.67278481,1,6.404513359,1,7.724532604,1,-4.847044945,1,0.125061631,0,0.11599648,0,0.085964724,0
7.84800148,-26.7932682,1,5.011708736,1,-18.65200996,1,6.441426277,1,7.605680466,1,-5.340720177,1,0.148660928,0,0.149172276,0,0.069821067,0
7.85200119,-28.72455597,1,4.069875717,1,-19.57019234,1,6.346047401,1,7.452385426,1,-5.77978611,1,0.171415865,0,0.182463944,0,0.052404754,0
7.856009007,-31.73460197,1,2.954291105,1,-20.80191612,1,6.128798962,1,7.264793396,1,-6.146025658,1,0.192734286,0,0.215735108,0,0.033907507,0
7.860013008,-35.65692139,1,2.663501978,1,-21.76918793,1,5.835915565,1,7.069325447,1,-6.436350822,1,0.212198868,0,0.248886809,0,0.014496654,0
7.864013195,-39.322052,1,2.951250792,1,-22.32604218,1,5.512895107,1,6.861138821,1,-6.678906441,1,0.229606524,0,0.281832844,0,-0.00571579,0
7.868015289,-43.06655121,1,3.647392511,1,-21.9689045,1,5.155077457,1,6.613438129,1,-6.827873707,1,0.244826972,0,0.314374238,0,-0.026594069,0
7.872013092,-45.27885056,1,4.469926834,1,-21.75894928,1,4.873506069,1,6.22633028,1,-6.809272289,1,0.257976681,0,0.346125245,0,-0.047761772,0
7.876013279,-52.99547577,1,6.355282307,1,-19.78896523,1,4.603289604,1,6.128543377,1,-6.882061481,1,0.269355983,0,0.377129257,0,-0.06919238,0
7.880014896,-55.30192947,1,8.142803192,1,-18.2787571,1,4.385416031,1,5.803454876,1,-6.798539639,1,0.279095054,0,0.40753603,0,-0.090710968,0
7.884012699,-57.97501755,1,9.679586411,1,-14.99682999,1,4.153692245,1,5.437223434,1,-6.578466415,1,0.287462234,0,0.436595649,0,-0.112032786,0
7.888012409,-60.41337585,1,12.41768265,1,-12.62532711,1,3.937341928,1,4.915481091,1,-6.244487286,1,0.294617712,0,0.463833034,0,-0.132710904,0
7.892014027,-63.18645477,1,14.63148212,1,-9.187408447,1,3.733323812,1,4.351234913,1,-5.735748291,1,0.300905287,0,0.488619208,0,-0.152420133,0
7.896012783,-64.11763,1,14.79820633,1,-4.366823196,1,3.512968063,1,3.784561872,1,-5.047156811,1,0.306914091,0,0.5105865,0,-0.170361012,0
7.900012493,-63.51247787,1,14.20595074,1,-2.112395287,1,3.162698269,1,3.238016129,1,-4.263367176,1,0.312451124,0,0.529820621,0,-0.185931623,0
7.904014111,-61.02787781,1,14.16209793,1,6.218129158,1,2.460044146,1,2.416143179,1,-3.233308554,1,0.317337632,0,0.545025826,0,-0.198384911,0
7.908011913,-58.72826767,1,13.45598316,1,5.894496918,1,1.846341372,1,1.87046361,1,-2.383369207,1,0.321113348,0,0.55683285,0,-0.207774386,0
7.912011623,-57.70790863,1,15.2892952,1,7.819806576,1,1.050753117,1,1.337769151,1,-1.409107089,1,0.32368803,0,0.565256596,0,-0.213790298,0
7.916013718,-57.68615723,1,17.10568237,1,9.2996521,1,0.568403304,1,0.913703561,1,-0.706140459,1,0.325255811,0,0.570816576,0,-0.216840878,0
7.920011044,-54.76771927,1,17.02283287,1,9.238798141,1,0.194760397,1,0.536052346,1,-0.05968393,1,0.326443732,0,0.574078679,0,-0.217438072,0
7.92401123,-54.20046997,1,17.17293549,1,9.058465958,1,-0.133848518,1,0.215168506,1,0.473460972,1,0.327378422,0,0.575115621,0,-0.215928242,0
7.928012848,-49.9419136,1,18.35370064,1,9.176918983,1,-0.239432484,1,-0.078154035,1,0.867193878,1,0.328282416,0,0.574617147,0,-0.212730557,0
7.932011127,-46.98994827,1,17.7046833,1,9.477650642,1,-0.221504375,1,-0.459196717,1,1.221315265,1,0.329692125,0,0.572229207,0,-0.208418906,0
7.936010838,-44.21876907,1,14.90255547,1,8.824636459,1,-0.246264964,1,-0.767131507,1,1.54339087,1,0.331608117,0,0.568110466,0,-0.203144118,0
7.940012455,-40.62872696,1,11.00343323,1,8.23363018,1,-0.339478374,1,-1.188404322,1,1.819869399,1,0.333711684,0,0.562199712,0,-0.197115257,0
7.944010735,-38.41714096,1,9.083034515,1,7.410792828,1,-0.503552854,1,-1.601041198,1,1.985211134,1,0.335400522,0,0.554439723,0,-0.190751299,0
7.948010445,-36.06039047,1,8.328927994,1,6.639692783,1,-0.687983096,1,-1.99563992,1,2.036937714,1,0.336234272,0,0.544980168,0,-0.184596732,0
7.952012062,-33.22752762,1,7.847283363,1,6.665045261,1,-0.84077388,1,-2.368018389,1,1.996586084,1,0.336029083,0,0.534064174,0,-0.179049999,0
7.956009865,-29.39489937,1,6.359534264,1,7.076169968,1,-0.981203854,1,-2.72789216,1,1.873837948,1,0.334715903,0,0.521893561,0,-0.174437627,0
7.960009575,23.91849327,1,-34.09427643,1,-15.87468529,1,-3.356289387,1,-3.536684275,1,1.75764811,1,0.329176456,0,0.507978439,0,-0.171020895,0
7.964011669,-59.34713745,1,-1.972871065,1,23.40992928,1,-5.946003437,1,-6.832686424,1,2.008515358,1,0.309076786,0,0.486094594,0,-0.171072111,0
7.968008995,11.52759075,1,-13.92803192,1,20.65909386,1,-5.471238613,1,-6.116844654,1,2.233110905,1,0.286732912,0,0.458524764,0,-0.170029357,0
7.972009182,11.7563076,1,-15.0514698,1,-13.38862133,1,-7.041738987,1,-8.27407074,1,2.686363935,1,0.262365013,0,0.428801775,0,-0.16876772,0
7.976016998,-23.29221535,1,-4.036573887,1,-26.23021126,1,-7.645079613,1,-8.893582344,1,3.008523941,1,0.232714787,0,0.392058551,0,-0.165857881,0
7.980020523,-21.10650826,1,-9.950453758,1,-66.03301239,1,-7.427820683,1,-8.891964912,1,3.391509533,1,0.206006721,0,0.354578614,0,-0.160671338,0
7.98402071,-59.32407379,1,-21.55120277,1,-80.99172974,1,-8.606679916,1,-8.923143387,1,4.808903694,1,0.176514938,0,0.316525459,0,-0.151038006,0
7.988022327,-92.85667419,1,19.11886215,1,-75.66238403,1,-8.615571976,1,-8.931708336,1,6.256034374,1,0.147002414,0,0.277721226,0,-0.134141728,0
7.99202013,-84.87521362,1,48.87105942,1,-51.77046204,1,-8.523734093,1,-8.194954872,1,6.659990311,1,0.118256278,0,0.239579603,0,-0.112106562,0
7.99601984,-50.9642334,1,56.07224655,1,-36.73714066,1,-6.04730463,1,-7.454647541,1,5.36961031,1,0.093970791,0,0.206529304,0,-0.09055049,0
8.000021935,-24.64157295,1,33.30093384,1,-17.42969704,1,-3.860079527,1,-7.105154037,1,4.134285927,1,0.077351846,0,0.175553858,0,-0.074057393,0
8.004018784,15.35553265,1,22.3211689,1,3.678174973,1,-3.309676647,1,-7.694214344,1,4.004871368,1,0.065785617,0,0.145326391,0,-0.059899013,0
8.008018494,11.68678474,1,9.843993187,1,10.82796669,1,-3.432729721,1,-8.122238159,1,3.767161846,1,0.054241396,0,0.112517573,0,-0.046037227,0
8.012021065,-54.73514175,1,-7.893115044,1,-30.25101852,1,-4.073278904,1,-5.847561836,1,2.707799435,1,0.040278215,0,0.082797483,0,-0.034247741,0
8.016018867,-125.4208145,1,13.07620335,1,-25.2737751,1,-2.821846724,1,-1.396212459,1,1.75867486,1,0.026356805,0,0.069014743,0,-0.02611289,0
8.020018578,-35.08483124,1,22.14811897,1,5.594760418,1,-0.786849678,1,-1.352543712,1,0.805792332,1,0.02013666,0,0.063806452,0,-0.020783285,0
8.024020195,12.10602093,1,24.27581215,1,-7.51040554,1,-0.962544322,1,-1.898572326,1,0.701156855,1,0.016474683,0,0.057240486,0,-0.018338503,0
8.028017998,-21.17259979,1,21.5416584,1,-21.06458473,1,0.050530814,1,-0.871736467,1,1.018857002,1,0.015170373,0,0.0513076,0,-0.01490593,0
8.032017708,6.298466206,1,-15.91746235,1,-0.654841661,1,-0.058834817,1,-1.212260246,1,0.974156916,1,0.015455594,0,0.047514532,0,-0.010979644,0
8.036019325,-27.09119034,1,-26.04022408,1,-17.66275597,1,-0.222612947,1,-0.899703443,1,0.637589097,1,0.015090572,0,0.042967223,0,-0.007791515,0
8.040017128,4.009096146,1,-17.02179909,1,-10.48421097,1,-0.759564817,1,-1.091012359,1,1.063224912,1,0.013268856,0,0.039098706,0,-0.004615633,0
8.044016838,-8.057042122,1,0.695975482,1,-14.61217499,1,-0.932155371,1,-1.022259235,1,1.28065443,1,0.009898548,0,0.034764674,0,0.000201998,0
8.048018456,-5.420246601,1,5.715125084,1,-13.00048542,1,-0.692721367,1,-1.218670249,1,1.165751696,1,-0.013407884,0,0.067222975,0,-0.049483836,0
8.052016258,-6.219347,1,0.253244609,1,-12.59694958,1,-0.550319791,1,-1.292153001,1,1.109182,1,-0.01553209,0,0.062228262,0,-0.044853523,0
8.056015968,-7.621287346,1,-1.943468094,1,-10.9555645,1,-0.531783998,1,-1.390832901,1,0.988886595,1,-0.017475842,0,0.056958534,0,-0.040540062,0
8.060017586,-11.8288765,1,4.971533298,1,-7.139808655,1,-0.3688851,1,-1.39603889,1,0.95563525,1,-0.019023091,0,0.051391445,0,-0.036617994,0
8.064015388,-8.107715607,1,-0.704722703,1,-7.821864128,1,-0.264479756,1,-1.297885299,1,0.997033,1,-0.020032901,0,0.046107713,0,-0.032559391,0
8.068016052,-5.598741531,1,-3.801941156,1,-8.732753754,1,-0.264169365,1,-1.263188004,1,0.873568296,1,-0.020949734,0,0.041070446,0,-0.028706763,0
8.07201767,-5.011185646,1,4.640408039,1,-11.12773228,1,-0.192871243,1,-1.263700724,1,0.891683102,1,-0.021787046,0,0.036122594,0,-0.025106108,0
8.076015472,-5.641232491,1,2.380060196,1,-12.30360508,1,0.071331456,1,-1.463176727,1,0.895032346,1,-0.021863015,0,0.030794552,0,-0.021379,0
8.080015182,-8.035085678,1,-6.440486908,1,-11.66584301,1,-0.045352455,1,-1.657389402,1,0.874030709,1,-0.021644961,0,0.024628162,0,-0.017734384,0
8.0840168,-6.915997982,1,-3.858151197,1,-12.34867096,1,-0.063945264,1,-1.808727145,1,0.95789659,1,-0.02181291,0,0.017774072,0,-0.013932039,0
8.088014603,-3.258281231,1,-4.909452438,1,-15.98637867,1,-0.425368458,1,-2.046233892,1,0.977316201,1,-0.022647765,0,0.010191704,0,-0.009833522,0
8.092014313,-2.098252058,1,0.844644427,1,-19.2556057,1,-0.598252654,1,-2.472947836,1,0.865648329,1,-0.024801519,0,0.00128781,0,-0.005942761,0
8.096022606,-2.707419157,1,1.992229223,1,-20.79815865,1,-0.592314839,1,-2.979940891,1,0.858375967,1,-0.027177973,0,-0.009469035,0,-0.002229162,0
8.100026131,-4.008427143,1,-0.722743809,1,-18.99230385,1,-0.674714923,1,-3.477128983,1,0.765916526,1,-0.029726069,0,-0.022275513,0,0.001415225,0
8.104025841,-4.501768589,1,-0.407057613,1,-19.56620979,1,-0.695727527,1,-3.997929335,1,0.692485511,1,-0.032578368,0,-0.037158165,0,0.004776786,0
8.108027458,-3.693939209,1,-2.532842875,1,-24.00320053,1,-0.785174191,1,-4.584265709,1,0.695633888,1,-0.035660323,0,-0.054165222,0,0.00813942,0
8.112025261,-0.040098701,1,-6.193882942,1,-24.82329941,1,-0.978415668,1,-5.224541664,1,0.79665345,1,-0.039347149,0,-0.073585548,0,0.011863434,0
8.116024971,2.681723595,1,-6.564135075,1,-26.74312782,1,-1.303959489,1,-6.100951195,1,0.844204307,1,-0.044291776,0,-0.096064091,0,0.016075805,0
8.120026588,1.793256283,1,-6.011058807,1,-26.43419075,1,-1.437394023,1,-6.970692635,1,1.054813743,1,-0.050367072,0,-0.12201608,0,0.021104634,0
8.124024391,2.853067875,1,-6.145827293,1,-26.39221573,1,-1.373110294,1,-7.720561504,1,1.263101697,1,-0.056857098,0,-0.151127458,0,0.027375067,0
8.128023148,4.910128117,1,-8.42281723,1,-25.49699402,1,-1.29383266,1,-8.536048889,1,1.512263775,1,-0.063425496,0,-0.183200583,0,0.03493911,0
8.132025719,8.566977501,1,-9.864203453,1,-25.69152641,1,-1.350874901,1,-8.756124496,1,1.812871575,1,-0.070516847,0,-0.217476353,0,0.044065904,0
8.136022568,10.36461163,1,-9.129108429,1,-24.03384781,1,-1.415688515,1,-8.757951736,1,2.12281394,1,-0.078556642,0,-0.251819581,0,0.054804187,0
8.140023232,9.663070679,1,-7.463067055,1,-23.48644066,1,-1.501134634,1,-8.761007309,1,2.459824324,1,-0.087746881,0,-0.28597793,0,0.067284271,0
8.144024849,5.021541119,1,-4.609414577,1,-23.73371887,1,-1.571337938,1,-8.765109062,1,2.694084883,1,-0.098184265,0,-0.319916725,0,0.081516974,0
8.148022652,4.461179256,1,-3.073235273,1,-21.90140152,1,-1.4961555,1,-8.765079498,1,2.891513348,1,-0.109432146,0,-0.353630602,0,0.097099781,0
8.152022362,2.240160704,1,-1.246942043,1,-22.09456444,1,-1.368381262,1,-8.76337719,1,3.094027042,1,-0.12145409,0,-0.38707149,0,0.114221089,0
8.156023979,-1.304225206,1,2.423643351,1,-21.73923492,1,-0.905394793,1,-8.754570961,1,3.3884058,1,-0.133475751,0,-0.42018491,0,0.132962823,0
8.160021782,-0.242207333,1,8.289940834,1,-24.18226242,1,-0.284597039,1,-8.740979195,1,3.263067484,1,-0.144334212,0,-0.45297423,0,0.153029263,0
8.164021492,-14.60385799,1,6.909300804,1,-15.98814774,1,0.289463878,1,-8.729929924,1,3.218586206,1,-0.153408915,0,-0.485621244,0,0.173079312,0
8.168023109,-26.6007061,1,10.30865669,1,-15.49884319,1,0.984060645,1,-8.715686798,1,3.375272751,1,-0.161053002,0,-0.518003762,0,0.194235042,0
8.172020912,-50.98921585,1,15.99505997,1,-18.26330566,1,1.936512232,1,-8.693875313,1,3.055725574,1,-0.166360602,0,-0.550235391,0,0.215762913,0
8.176020622,-53.20545578,1,9.918982506,1,-16.69571114,1,2.914529562,1,-8.672978401,1,2.940796852,1,-0.167470589,0,-0.582516789,0,0.236371234,0
8.18002224,-64.1166153,1,9.437271118,1,-18.10499191,1,3.531300545,1,-8.660387039,1,2.928904772,1,-0.166389883,0,-0.614739597,0,0.257423967,0
8.184020042,-66.35359955,1,2.698373318,1,-12.25306606,1,3.728944063,1,-8.655297279,1,2.954204798,1,-0.164356843,0,-0.646966279,0,0.278803647,0
8.188019753,-65.025383,1,0.80536598,1,-7.550338745,1,3.460280895,1,-8.661534309,1,2.826867104,1,-0.163274899,0,-0.679236233,0,0.300554812,0
8.19202137,-47.77326584,1,-3.259698391,1,-3.028113365,1,2.919630051,1,-7.583403587,1,2.867981195,1,-0.164366633,0,-0.710158408,0,0.322331488,0
8.196019173,-28.17955208,1,-14.03646851,1,4.583252907,1,1.971834779,1,-5.784318447,1,2.745936394,1,-0.167963207,0,-0.734567046,0,0.342842519,0
8.200018883,-18.05841446,1,-27.87320328,1,1.539823532,1,0.026784265,1,-4.29588604,1,2.672664881,1,-0.176827326,0,-0.752550244,0,0.362143338,0
8.2040205,-9.222956657,1,-12.27358055,1,5.200843811,1,-1.857528329,1,-4.360596657,1,2.835655689,1,-0.19341892,0,-0.766711831,0,0.38042891,0
8.208019257,-70.84417725,1,-1.993538022,1,-11.85938835,1,-2.655569792,1,-4.095551014,1,3.01275444,1,-0.21799016,0,-0.781754375,0,0.4021056,0
8.212018013,-60.12179184,1,-7.141273022,1,-18.48951149,1,-3.350845337,1,-2.24638772,1,3.024728298,1,-0.244548857,0,-0.791324914,0,0.422836721,0
8.21601963,-22.3576088,1,-4.695364475,1,-13.38309193,1,-3.971475601,1,-1.953403473,1,3.140692472,1,-0.273464352,0,-0.795704961,0,0.442644954,0
8.220024109,-6.975141048,1,5.479249477,1,-12.99565887,1,-3.98924613,1,-2.95510006,1,3.306514025,1,-0.305007339,0,-0.801395893,0,0.464310497,0
8.224023819,-4.49506712,1,5.858952045,1,-10.97419262,1,-3.723865032,1,-3.949321747,1,3.654552698,1,-0.338754177,0,-0.810115993,0,0.489628494,0
8.228025436,-9.112314224,1,4.627192497,1,-10.34418964,1,-3.268713713,1,-4.871353149,1,4.039824963,1,-0.374728978,0,-0.821308732,0,0.519755661,0
8.232023239,-20.93256187,1,7.947388649,1,-14.02677345,1,-2.578035355,1,-5.244995594,1,4.226054192,1,-0.411663294,0,-0.83379972,0,0.553939223,0
8.236022949,-25.51999092,1,7.331809044,1,-15.63408566,1,-1.732454538,1,-5.191608429,1,4.31580925,1,-0.447305501,0,-0.845697522,0,0.590218902,0
8.240024567,-32.01913834,1,2.799969673,1,-17.81375885,1,-1.000194907,1,-4.729224682,1,4.305342674,1,-0.480442822,0,-0.855747461,0,0.627114475,0
8.244022369,-29.50646782,1,-2.679465771,1,-17.56684875,1,-0.570151806,1,-4.357997894,1,4.301214695,1,-0.511131108,0,-0.863520861,0,0.663573623,0
8.248022079,-27.83879852,1,-7.394178867,1,-18.02602005,1,-0.409462988,1,-4.016987801,1,4.244794846,1,-0.540305614,0,-0.869419932,0,0.699373007,0
8.252023697,-25.56879807,1,-11.47167397,1,-19.08370399,1,-0.503027856,1,-3.700792074,1,4.170796871,1,-0.568767428,0,-0.873669982,0,0.734224796,0
8.2560215,-22.60913086,1,-13.65631008,1,-19.72756195,1,-0.742339015,1,-3.522880316,1,4.080491543,1,-0.597254395,0,-0.876620412,0,0.768095076,0
8.26002121,-21.13952637,1,-14.19354343,1,-19.96445465,1,-1.003147721,1,-3.470793724,1,3.981783867,1,-0.626293242,0,-0.878793359,0,0.80130136,0
8.264022827,-20.66186714,1,-13.78868675,1,-20.10417366,1,-1.224610925,1,-3.547818422,1,3.864198446,1,-0.656107664,0,-0.880628824,0,0.834185958,0
8.26802063,-21.36008072,1,-13.21521664,1,-20.39175987,1,-1.392531991,1,-3.637896299,1,3.711262941,1,-0.686615407,0,-0.882454216,0,0.866917253,0
8.27202034,-21.61480331,1,-12.24632168,1,-21.18131256,1,-1.512578249,1,-3.736261606,1,3.514082432,1,-0.71750164,0,-0.884376109,0,0.89933306,0
8.276021957,-22.1262989,1,-11.83485126,1,-21.75534821,1,-1.573847651,1,-3.793741941,1,3.30505991,1,-0.748425841,0,-0.886450469,0,0.931282699,0
8.28001976,-22.13064766,1,-11.29181957,1,-22.33057213,1,-1.600599408,1,-3.844426632,1,3.082878828,1,-0.779089212,0,-0.888651252,0,0.962631047,0
8.28401947,-21.94808006,1,-11.23517513,1,-23.17217064,1,-1.61395812,1,-3.920059443,1,2.868680954,1,-0.809470594,0,-0.891043007,0,0.993472099,0
8.288021088,-21.63175011,1,-11.56476593,1,-23.61509705,1,-1.62930584,1,-3.978326797,1,2.675384998,1,-0.839680314,0,-0.893640459,0,1.023946643,0
8.29201889,-21.49692726,1,-11.82865429,1,-24.01599884,1,-1.675251961,1,-4.012761593,1,2.524692774,1,-0.839895129,0,-0.873676181,0,0.990980864,0
8.2960186,-21.11122322,1,-11.88029861,1,-24.26468658,1,-1.726677537,1,-4.019670486,1,2.417324781,1,-0.86898309,0,-0.876779377,0,1.020013928,0
8.300021172,-20.6802845,1,-11.77234936,1,-24.40680695,1,-1.762905359,1,-4.013936043,1,2.335592508,1,-0.898211002,0,-0.879636467,0,1.048906803,0
8.304018021,-20.01402283,1,-11.45451927,1,-24.25349808,1,-1.78675437,1,-3.986866951,1,2.293452263,1,-0.927519798,0,-0.882093251,0,1.077689767,0
8.308017731,-19.0508213,1,-11.09041786,1,-24.24577141,1,-1.779280424,1,-3.955912113,1,2.272637129,1,-0.956835628,0,-0.884064436,0,1.106387973,0
8.312020302,-19.12713623,1,-10.9179306,1,-24.35660553,1,-1.775525928,1,-3.890812635,1,2.2575562,1,-0.986019671,0,-0.885452271,0,1.134913802,0
8.316018105,-17.98442078,1,-10.15435982,1,-24.21960449,1,-1.741335273,1,-3.830008984,1,2.217872381,1,-1.014894009,0,-0.886257887,0,1.163117528,0
8.320017815,-16.66356277,1,-10.27379131,1,-24.92048073,1,-1.70945406,1,-3.805588007,1,2.214427233,1,-1.043350577,0,-0.886508703,0,1.190921903,0
8.324019432,-16.83221817,1,-9.707925797,1,-24.38162994,1,-1.645302296,1,-3.741593361,1,2.217935801,1,-1.071544051,0,-0.886222363,0,1.2186867,0
8.328017235,-15.45791531,1,-9.761917114,1,-24.89830017,1,-1.571950078,1,-3.706496477,1,2.217403173,1,-1.099148154,0,-0.885321438,0,1.246015429,0
8.332016945,-15.61103344,1,-10.73079967,1,-25.25497246,1,-1.527320743,1,-3.628643036,1,2.212207556,1,-1.126209617,0,-0.883867204,0,1.273013949,0
8.336018562,-14.04987144,1,-10.23396301,1,-26.3263588,1,-1.514391065,1,-3.567047119,1,2.185940027,1,-1.15264082,0,-0.881859303,0,1.299329758,0
8.340022087,-13.90967369,1,-10.66071415,1,-27.3848896,1,-1.484692097,1,-3.539382696,1,2.140357018,1,-1.178586006,0,-0.879505873,0,1.325221419,0
8.344021797,-13.9702692,1,-10.66406536,1,-28.76437378,1,-1.461735129,1,-3.419628382,1,2.052620411,1,-1.203818917,0,-0.876859903,0,1.350352049,0
8.348023415,-13.34578037,1,-11.28463364,1,-30.30781364,1,-1.503655434,1,-3.268627882,1,1.944554687,1,-1.228113055,0,-0.87399888,0,1.374279022,0
8.352021217,-10.58808231,1,-11.72478676,1,-30.52326393,1,-1.655656815,1,-3.107134342,1,1.84606111,1,-1.251636028,0,-0.870954335,0,1.396802068,0
8.356020927,-13.82960987,1,-12.92903137,1,-30.49705124,1,-1.815535188,1,-2.630867481,1,1.585152745,1,-1.274024963,0,-0.867914498,0,1.417101622,0
8.360023499,-13.32678032,1,-15.08170223,1,-29.33509445,1,-2.159827948,1,-2.024708271,1,1.310938239,1,-1.294438601,0,-0.864984274,0,1.433493853,0
8.364020348,-9.894465446,1,-15.65655613,1,-27.95578194,1,-2.549614668,1,-1.349033952,1,1.083095074,1,-1.312805176,0,-0.862165809,0,1.445270658,0
8.368020058,-10.29474831,1,-15.26937008,1,-26.54785728,1,-2.92924428,1,-0.699021399,1,0.881054401,1,-1.329574347,0,-0.859373391,0,1.452911973,0
8.372022629,-9.657090187,1,-14.07583427,1,-25.0558815,1,-3.221924305,1,0.042966101,1,0.71239531,1,-1.344238758,0,-0.856593966,0,1.455995917,0
8.376020432,-6.537912369,1,-12.75649834,1,-23.78765297,1,-3.415921688,1,0.763786912,1,0.571976602,1,-1.356357098,0,-0.853733003,0,1.454436541,0
8.380020142,-0.99204582,1,-11.21555805,1,-22.20726395,1,-3.496636629,1,1.365998507,1,0.500090003,1,-1.365854263,0,-0.850768209,0,1.448654652,0
8.384020805,0.538395226,1,-9.259572983,1,-19.91816711,1,-3.44707346,1,1.973621488,1,0.405059785,1,-1.372833371,0,-0.84768492,0,1.439430833,0
8.388019562,6.085371971,1,-7.047087193,1,-17.86559677,1,-3.236723185,1,2.49391675,1,0.367151886,1,-1.376658201,0,-0.844430804,0,1.426624775,0
8.392018318,10.25758266,1,-4.658067703,1,-16.12829971,1,-2.853933811,1,2.938606977,1,0.327839643,1,-1.377216935,0,-0.840961337,0,1.410969853,0
8.396019936,14.11864853,1,-2.063607216,1,-14.66174126,1,-2.293966293,1,3.322354317,1,0.288920134,1,-1.374111176,0,-0.837328434,0,1.392905831,0
8.400018692,16.77609825,1,-0.541904092,1,-13.86236286,1,-1.589916945,1,3.614111662,1,0.275800854,1,-1.367088795,0,-0.833477199,0,1.372948408,0
8.404017448,17.18643379,1,0.6200037,1,-12.66989899,1,-0.808702469,1,3.971727848,1,0.298324466,1,-1.355937839,0,-0.829223812,0,1.351334333,0
8.408019066,17.98898125,1,0.738985062,1,-11.206213,1,0.01160534,1,4.403330803,1,0.307150215,1,-1.340085983,0,-0.82435298,0,1.327626348,0
8.412017822,18.96945,1,-0.02811436,1,-10.05093098,1,0.79648006,1,4.861037254,1,0.291094005,1,-1.319412231,0,-0.818760037,0,1.301619291,0
8.416016579,18.16522026,1,-1.707387447,1,-9.255468369,1,1.462198973,1,5.39013195,1,0.209305242,1,-1.294145942,0,-0.812432826,0,1.273142099,0
8.42001915,16.43551826,1,-2.869706392,1,-8.81705761,1,2.013342142,1,5.942538261,1,0.051843848,1,-1.264578581,0,-0.805408895,0,1.241915822,0
8.424015999,14.2256031,1,-4.478954792,1,-8.673193932,1,2.440191507,1,6.498256683,1,-0.146986902,1,-1.231202602,0,-0.797691822,0,1.207915783,0
8.428015709,12.14558887,1,-5.62860918,1,-8.492539406,1,2.708335876,1,7.05440712,1,-0.38202855,1,-1.194695473,0,-0.789179683,0,1.171200156,0
8.43201828,10.64934921,1,-6.008222103,1,-8.475390434,1,2.845308781,1,7.581085205,1,-0.671757281,1,-1.15580523,0,-0.779824257,0,1.131902218,0
8.436016083,9.195268631,1,-5.576075554,1,-8.103272438,1,2.931012154,1,8.079361916,1,-1.015653372,1,-1.11506021,0,-0.769676805,0,1.090187669,0
8.440015793,8.730275154,1,-4.06751585,1,-8.370586395,1,3.029903889,1,8.498952866,1,-1.399448276,1,-1.072764754,0,-0.758722842,0,1.046285033,0
8.44401741,8.370066643,1,-2.514949799,1,-9.090862274,1,3.174229622,1,8.778973579,1,-1.803679705,1,-1.029212594,0,-0.747075975,0,1.000720739,0
8.448015213,6.506162167,1,-0.987977922,1,-9.865510941,1,3.364422321,1,8.786460876,1,-2.221379042,1,-0.985039949,0,-0.735103846,0,0.954641759,0
8.452014923,3.584681273,1,0.151883826,1,-10.58981609,1,3.586440563,1,8.792224884,1,-2.642759323,1,-0.940407276,0,-0.722996712,0,0.908501804,0
8.456016541,0.515590131,1,0.363680691,1,-11.16420364,1,3.80440259,1,8.799138069,1,-3.058081388,1,-0.895230889,0,-0.710675001,0,0.862243831,0
8.460020065,-2.486347198,1,0.120474301,1,-11.79034328,1,3.988594294,1,8.805400848,1,-3.455315113,1,-0.849600792,0,-0.698017836,0,0.815854788,0
8.464019775,-4.84743166,1,-0.514097273,1,-12.28777027,1,4.089876175,1,8.810178757,1,-3.838720798,1,-0.803778768,0,-0.684883356,0,0.769381464,0
8.468021393,-6.656365395,1,-1.047200561,1,-12.65646648,1,4.116549015,1,8.812713623,1,-4.187930584,1,-0.758172452,0,-0.67114985,0,0.722878456,0
8.472020149,-7.779382706,1,-1.525624394,1,-12.98853683,1,4.068754196,1,8.814001083,1,-4.474651814,1,-0.713230014,0,-0.656642556,0,0.676526666,0
8.476018906,-8.656122208,1,-1.905480742,1,-12.96526241,1,3.991058111,1,8.813016891,1,-4.685156345,1,-0.669338226,0,-0.641170204,0,0.630585849,0
8.480020523,-9.329009056,1,-1.837840319,1,-13.17427349,1,3.904444218,1,8.812468529,1,-4.835481167,1,-0.62680006,0,-0.624568224,0,0.585350871,0
8.484018326,-10.30668068,1,-1.469430566,1,-13.2680769,1,3.844516039,1,8.810772896,1,-4.907958984,1,-0.585769713,0,-0.606714904,0,0.54112035,0
8.488018036,-11.38926506,1,-1.199641347,1,-13.44495964,1,3.796420097,1,8.810303688,1,-4.927145481,1,-0.546338916,0,-0.587522805,0,0.498170108,0
8.492019653,-12.38469696,1,-1.181829333,1,-13.4422493,1,3.772023678,1,8.809804916,1,-4.883852959,1,-0.508586287,0,-0.566954315,0,0.456756771,0
8.496017456,-12.9829731,1,-1.390373468,1,-13.36545849,1,3.757648706,1,8.808585167,1,-4.792113781,1,-0.47259602,0,-0.54499191,0,0.417109221,0
8.500017166,-13.41364574,1,-1.619591951,1,-13.22966671,1,3.727702856,1,8.807214737,1,-4.66074419,1,-0.438431889,0,-0.521673739,0,0.379384845,0
8.504018784,-13.22306442,1,-1.504793882,1,-13.09325314,1,3.698120117,1,8.805345535,1,-4.474068642,1,-0.406202793,0,-0.497034222,0,0.343751073,0
8.508016586,-13.27284431,1,-0.832068086,1,-12.90777206,1,3.717544317,1,8.803850174,1,-4.242706299,1,-0.375848532,0,-0.471119493,0,0.310373247,0
8.512016296,-13.9861021,1,-0.25621599,1,-12.33677292,1,3.832643509,1,8.805609703,1,-3.985025406,1,-0.347045392,0,-0.444000065,0,0.279322147,0
8.516017914,-14.30634403,1,0.042313289,1,-12.22053528,1,4.018367767,1,8.808202744,1,-3.694603682,1,-0.319408894,0,-0.415738642,0,0.250671595,0
8.520015717,-15.11786652,1,-0.719001114,1,-11.63947105,1,4.21207428,1,8.81067276,1,-3.369033575,1,-0.292719483,0,-0.386398762,0,0.224502951,0
8.524015427,-15.83911419,1,-1.757086635,1,-11.04801464,1,4.417191029,1,8.812297821,1,-3.00381732,1,-0.26689586,0,-0.356050372,0,0.200902507,0
8.528017044,-16.63912582,1,-2.183943748,1,-10.38961697,1,4.625413895,1,8.813384056,1,-2.636770725,1,-0.24179621,0,-0.324772954,0,0.17991966,0
8.532014847,-17.46873283,1,-2.528681517,1,-9.820658684,1,4.848617077,1,8.816984177,1,-2.296161413,1,-0.217229396,0,-0.292681754,0,0.161426693,0
8.536014557,-17.75499153,1,-2.516374111,1,-9.521608353,1,5.044187546,1,8.819429398,1,-2.056146622,1,-0.192980379,0,-0.259919226,0,0.145127863,0
8.540016174,-17.51309204,1,-2.701461554,1,-9.49797821,1,5.17362833,1,8.820508957,1,-1.890018344,1,-0.169028118,0,-0.226634651,0,0.130603701,0
8.544013977,-17.12724686,1,-2.616616488,1,-9.573186874,1,5.285396576,1,8.821648598,1,-1.79005909,1,-0.133622929,0,-0.208424523,0,0.131839305,0
8.548013687,-16.71197319,1,-1.562412858,1,-10.1578455,1,5.423460007,1,8.825172424,1,-1.745800138,1,-0.110025473,0,-0.174253181,0,0.120325126,0
8.552016258,-17.01206017,1,-0.634525776,1,-10.47980022,1,5.570131302,1,8.829086304,1,-1.74887681,1,-0.086374365,0,-0.139801502,0,0.109788388,0
8.556013107,-17.16308594,1,-0.340540111,1,-11.23370171,1,5.810977459,1,8.833508492,1,-1.768176675,1,-0.062436603,0,-0.105097689,0,0.100072034,0
8.560013771,-17.96712303,1,-0.049908202,1,-11.34070873,1,6.076818943,1,8.839766502,1,-1.854314089,1,-0.037867706,0,-0.070160069,0,0.091035195,0
8.564015388,-18.31454849,1,0.938719094,1,-11.77536964,1,6.339019775,1,8.847107887,1,-2.035095453,1,-0.012569595,0,-0.034993719,0,0.082377046,0
8.568013191,-19.70936394,1,-0.327819675,1,-12.02104759,1,6.510654926,1,8.851249695,1,-2.29088378,1,0.013331652,0,0.00040739,0,0.073748887,0
8.572012901,-20.71050072,1,-1.513139844,1,-12.40538883,1,6.535922527,1,8.854480743,1,-2.598629475,1,0.039292384,0,0.036062893,0,0.064912714,0
8.576014519,-21.74790955,1,-2.0202775,1,-12.89437008,1,6.415878773,1,8.852937698,1,-2.944639206,1,0.064729102,0,0.072004847,0,0.055679414,0
8.580018044,-22.66117859,1,-1.767431855,1,-13.16659355,1,6.26668787,1,8.791079521,1,-3.307644606,1,0.0892042,0,0.108211264,0,0.0458978,0
8.584017754,-24.0550499,1,-1.308169484,1,-13.16911221,1,6.139977932,1,8.610318184,1,-3.710492849,1,0.112688698,0,0.144246385,0,0.035359863,0
8.588019371,-25.12611008,1,-0.486010373,1,-13.2581234,1,6.013720036,1,8.448526382,1,-4.148756504,1,0.135123208,0,0.18004705,0,0.023837566,0
8.592017174,-25.89849281,1,0.320868522,1,-13.59017467,1,5.852351189,1,8.271608353,1,-4.627552032,1,0.156340033,0,0.215685368,0,0.011090905,0
8.596016884,-27.01956558,1,1.055541754,1,-14.85692978,1,5.658156395,1,8.081682205,1,-5.12851572,1,0.176091209,0,0.251166552,0,-0.003123697,0
8.600018501,-27.30959892,1,1.416200161,1,-16.44737053,1,5.38260603,1,7.832921028,1,-5.592535019,1,0.194010228,0,0.286429793,0,-0.018906811,0
8.604016304,-31.11442947,1,3.462032557,1,-18.97384834,1,5.255284786,1,7.571521759,1,-6.09692049,1,0.21002464,0,0.321300387,0,-0.036447406,0
8.608016014,-34.60110855,1,5.088324547,1,-20.60692024,1,5.202952862,1,7.305212975,1,-6.515340328,1,0.224489763,0,0.355803609,0,-0.055771507,0
8.612018585,-40.35921478,1,7.566329956,1,-21.89796066,1,5.252452374,1,7.069544792,1,-6.917849541,1,0.237717122,0,0.389903665,0,-0.076763146,0
8.616015434,-44.58755875,1,8.021753311,1,-21.97301674,1,5.347720623,1,6.911575794,1,-7.201122761,1,0.250025183,0,0.423905253,0,-0.099328019,0
8.620015144,-48.92688751,1,7.806116104,1,-21.1307621,1,5.345620155,1,6.658548355,1,-7.324394226,1,0.261382014,0,0.457489997,0,-0.12284214,0
8.624017715,-52.40164566,1,5.028822422,1,-18.6905365,1,5.218528271,1,6.440371037,1,-7.313611031,1,0.271576345,0,0.490497053,0,-0.146881327,0
8.628015518,-54.26631546,1,3.816422939,1,-16.68590736,1,4.838071823,1,6.091052532,1,-7.158523083,1,0.280073166,0,0.522531211,0,-0.170926049,0
8.632015228,-56.66553497,1,3.498862267,1,-15.06287861,1,4.284314632,1,5.660768986,1,-6.884176731,1,0.286061347,0,0.553029478,0,-0.194686919,0
8.636016846,-60.22745895,1,4.085123539,1,-12.19189453,1,3.661227942,1,5.084969044,1,-6.447731495,1,0.289596021,0,0.58122009,0,-0.21777235,0
8.640014648,-63.61478424,1,7.953582764,1,-9.948367119,1,3.049416304,1,4.433551788,1,-5.932481289,1,0.290634513,0,0.606593549,0,-0.239831656,0
8.644014359,-71.04120636,1,15.34124184,1,-6.768207073,1,2.69149971,1,3.894157648,1,-5.368873119,1,0.290017843,0,0.628966868,0,-0.260593593,0
8.648015976,-67.80410767,1,14.58641243,1,-1.471231461,1,2.524945021,1,3.3007617,1,-4.545005322,1,0.28932035,0,0.648484349,0,-0.279211789,0
8.652013779,-66.68019104,1,16.21357155,1,2.72702837,1,2.276015282,1,2.603595734,1,-3.597431898,1,0.289497375,0,0.664429605,0,-0.294680119,0
8.656013489,-64.05651093,1,16.2566452,1,5.823564053,1,1.952566862,1,1.947536707,1,-2.598814249,1,0.29062444,0,0.676688075,0,-0.306521684,0
8.660015106,-62.29196167,1,17.37907219,1,9.05255127,1,1.521221042,1,1.352658033,1,-1.623116136,1,0.292559087,0,0.685410857,0,-0.314494103,0
8.664012909,-60.54541397,1,18.80327225,1,10.34577274,1,1.066139698,1,0.832804918,1,-0.742175341,1,0.29505229,0,0.690952599,0,-0.318713784,0
8.668012619,-58.01182938,1,20.20228577,1,11.67098904,1,0.613984287,1,0.345329255,1,0.055858307,1,0.297900885,0,0.693605781,0,-0.319517076,0
8.672014236,-55.08165359,1,19.79494858,1,11.62905025,1,0.107859142,1,-0.084489793,1,0.795499384,1,0.300838113,0,0.693601668,0,-0.317189366,0
8.676012039,-51.83139038,1,19.45446205,1,10.46129417,1,-0.353679121,1,-0.528020322,1,1.459721446,1,0.303599775,0,0.69107157,0,-0.312027603,0
8.680011749,-49.87611771,1,19.33521843,1,8.983931541,1,-0.64394784,1,-0.913097382,1,2.010721445,1,0.306313962,0,0.686196566,0,-0.304562807,0
8.684013367,-48.14519501,1,18.11474037,1,7.303751945,1,-0.829255641,1,-1.162456155,1,2.496225595,1,0.309325814,0,0.679484487,0,-0.29509908,0
8.688011169,-45.81785965,1,15.84771729,1,5.494416714,1,-0.990154266,1,-1.340720892,1,2.889448643,1,0.312692046,0,0.671388328,0,-0.283884525,0
8.69201088,-41.85149384,1,14.19582748,1,4.154990196,1,-1.138761044,1,-1.527790189,1,3.123822451,1,0.31607455,0,0.662232161,0,-0.271532387,0
8.696012497,-37.16794968,1,12.87019539,1,3.936564445,1,-1.294059038,1,-1.765343904,1,3.2295084,1,0.318979204,0,0.65199703,0,-0.258853108,0
8.700016975,-31.73741531,1,11.40032673,1,4.829993725,1,-1.480092168,1,-2.057061434,1,3.233458519,1,0.320935786,0,0.640702963,0,-0.246435344,0
8.704016685,-24.79555321,1,7.527510643,1,3.426610708,1,-1.718460202,1,-2.428081989,1,3.114544868,1,0.321395934,0,0.62818414,0,-0.234977588,0
8.708018303,17.69779396,1,-27.41626549,1,-2.835137606,1,-4.879218578,1,-4.141524792,1,3.065249681,1,0.314681709,0,0.612718463,0,-0.225116938,0
8.712016106,-58.28384399,1,11.51684475,1,28.7940464,1,-5.281857014,1,-6.340458393,1,3.778385162,1,0.297618657,0,0.587202549,0,-0.217480898,0
8.716015816,39.55439377,1,-24.2281208,1,3.63617897,1,-5.547469139,1,-5.719561577,1,3.231956482,1,0.281437278,0,0.561069191,0,-0.209259003,0
8.720017433,-11.97060013,1,-19.38076401,1,-10.27627087,1,-7.352549553,1,-7.879918575,1,4.019669056,1,0.259585142,0,0.531141043,0,-0.201569363,0
8.724015236,-13.50788784,1,-9.068806648,1,-31.85177422,1,-7.08587122,1,-8.885891914,1,3.864115,1,0.233410463,0,0.494416565,0,-0.193696231,0
8.728014946,-30.7534008,1,-29.36985397,1,-64.42810822,1,-7.774180889,1,-8.903668404,1,4.146369934,1,0.20933494,0,0.456223935,0,-0.184897467,0
8.732016563,-73.98452759,1,-31.39039421,1,-77.68119812,1,-8.610479355,1,-8.927392006,1,5.427969933,1,0.181173503,0,0.41756025,0,-0.172026679,0
8.736014366,-99.84962463,1,7.870814323,1,-71.04725647,1,-8.616535187,1,-8.934773445,1,6.708641052,1,0.154282615,0,0.378287643,0,-0.152472436,0
8.740014076,-80.13549042,1,54.05172729,1,-44.52830887,1,-8.635914803,1,-7.030947208,1,6.081833839,1,0.127782926,0,0.342199326,0,-0.129752159,0
8.744015694,-38.88276291,1,53.11601639,1,-27.60611725,1,-5.944655418,1,-7.059085369,1,4.183667183,1,0.103884734,0,0.312161386,0,-0.11157053,0
8.748013496,-1.360855222,1,42.02076721,1,-14.79025936,1,-4.26431942,1,-7.180749893,1,3.632021666,1,0.087836288,0,0.28255108,0,-0.098521896,0
8.752013206,22.97123337,1,30.98166466,1,1.632394671,1,-3.584203005,1,-7.905525208,1,3.967581987,1,0.075572215,0,0.251226962,0,-0.085498877,0
8.756014824,-7.800796509,1,15.99791527,1,-2.727361679,1,-3.589648962,1,-7.74828577,1,3.97370553,1,0.064767145,0,0.218291909,0,-0.071225896,0
8.760012627,-80.04357147,1,2.904711246,1,-43.18839264,1,-3.673447847,1,-3.416591167,1,2.788501501,1,0.052490972,0,0.194202811,0,-0.058726832,0
8.764012337,-105.6381607,1,24.6230545,1,-5.45815897,1,-1.710309386,1,-1.485975623,1,1.916647434,1,0.042947959,0,0.185439721,0,-0.049642853,0
8.768013954,-3.468429565,1,2.501526833,1,3.494036913,1,-0.745846927,1,-1.856656671,1,0.270706266,1,0.03970395,0,0.178745493,0,-0.045476843,0
8.772011757,-8.286874771,1,28.25948524,1,-17.86926079,1,-0.496832937,1,-1.88242197,1,0.417870581,1,0.036619395,0,0.170679301,0,-0.044909399,0
8.776011467,2.574169159,1,20.28431511,1,-8.810564995,1,0.199265182,1,-1.066264033,1,1.098567367,1,0.036942571,0,0.165081143,0,-0.041803453,0
8.780014038,-15.58219242,1,-13.96506119,1,-9.058586121,1,0.059917595,1,-1.21997869,1,0.916474462,1,0.038036156,0,0.160204142,0,-0.037689008,0
8.784010887,-11.94894886,1,-28.84520149,1,-11.93926907,1,-0.063863941,1,-0.996713698,1,0.469769746,1,0.038641222,0,0.15588738,0,-0.035309914,0
8.788010597,-4.212520599,1,-10.94195938,1,-14.16495419,1,-0.568428576,1,-1.211711884,1,0.998864114,1,0.037693188,0,0.151143357,0,-0.032511875,0
8.792013168,-2.216540813,1,0.758090973,1,-12.88328362,1,-0.617700994,1,-1.148568153,1,1.180441499,1,0.02780441,0,0.156808317,0,-0.052058943,0
8.796010971,-5.616287231,1,-0.855324388,1,-12.9723568,1,-0.582906783,1,-1.290534377,1,1.166881561,1,0.026090207,0,0.151811153,0,-0.047428075,0
8.800010681,-7.297178268,1,-2.997161865,1,-11.8972044,1,-0.565734982,1,-1.369176865,1,1.152946115,1,0.024480039,0,0.146375477,0,-0.0428597,0
8.804012299,-10.32988071,1,1.247759819,1,-9.208760262,1,-0.437076867,1,-1.437410593,1,1.083136201,1,0.023072071,0,0.140647486,0,-0.038471624,0
8.808010101,-9.908660889,1,3.857613087,1,-7.297207832,1,-0.27537933,1,-1.371932387,1,1.04265523,1,0.022259725,0,0.134907261,0,-0.034335714,0
8.812009811,-6.049033165,1,-0.69408977,1,-8.555253029,1,-0.2143417,1,-1.336176157,1,0.995318055,1,0.021848749,0,0.129406452,0,-0.030311724,0
8.816011429,-6.348062992,1,0.884717405,1,-9.545046806,1,-0.059390552,1,-1.352377534,1,0.870090842,1,0.021747794,0,0.123954669,0,-0.026690962,0
8.820014954,-5.801690578,1,5.523774147,1,-11.90365696,1,0.098414361,1,-1.4373945,1,0.871193707,1,0.022184143,0,0.118335076,0,-0.023322459,0
8.824014664,-7.002217293,1,-1.173829198,1,-12.17351246,1,0.28225264,1,-1.652933002,1,0.84764564,1,0.023419468,0,0.112083808,0,-0.020007988,0
8.828016281,-7.638424397,1,-7.089332581,1,-11.72052097,1,0.168106675,1,-1.818310499,1,0.850582302,1,0.024671724,0,0.105053686,0,-0.016782602,0
8.832014084,-5.9716506,1,-7.151468754,1,-13.86202526,1,0.072889417,1,-1.99067986,1,0.944090843,1,0.025608003,0,0.097361408,0,-0.013386212,0
8.836013794,-2.40049386,1,-2.682288885,1,-17.71502686,1,-0.326246679,1,-2.296645164,1,0.932285368,1,0.025363354,0,0.088757806,0,-0.009763468,0
8.840014458,-1.648145318,1,0.177449614,1,-19.73238373,1,-0.331010014,1,-2.780967236,1,0.887039721,1,0.024365507,0,0.078482658,0,-0.006412466,0
8.844013214,-4.49305582,1,0.998028398,1,-20.20794296,1,-0.296143144,1,-3.349745035,1,0.839986622,1,0.023313586,0,0.06615039,0,-0.003251713,0
8.848012924,-3.815658092,1,0.575506806,1,-19.79100227,1,-0.283466071,1,-3.874135017,1,0.746577919,1,0.022266615,0,0.051662963,0,-0.000399598,0
8.852014542,-3.064581871,1,-2.067412138,1,-22.54006767,1,-0.298566937,1,-4.470129013,1,0.709409297,1,0.021266168,0,0.034886088,0,0.002147534,0
8.856012344,-2.951545954,1,-5.003797054,1,-26.14720154,1,-0.439283639,1,-5.106020927,1,0.76911962,1,0.01986197,0,0.015660074,0,0.004677972,0
8.860011101,2.850245953,1,-9.239311218,1,-26.84846497,1,-0.844209492,1,-5.957975388,1,0.85549891,1,0.017381066,0,-0.006457978,0,0.007525081,0
8.864013672,3.118548632,1,-6.42986393,1,-26.97060776,1,-1.055235982,1,-6.856776237,1,1.02420032,1,0.013427192,0,-0.032156486,0,0.010851412,0
8.868012428,2.663980007,1,-6.04454422,1,-27.29234886,1,-1.068280458,1,-7.677829266,1,1.319879174,1,0.008928273,0,-0.061264362,0,0.015215349,0
8.872011185,4.674103737,1,-7.002972603,1,-26.49160957,1,-0.887757301,1,-8.518318176,1,1.533248067,1,0.004577613,0,-0.093717903,0,0.020721348,0
8.876012802,7.688634396,1,-9.611465454,1,-25.81353569,1,-0.910668373,1,-8.746127129,1,1.865331769,1,0.000289888,0,-0.128484443,0,0.027421258,0
8.880010605,7.06545496,1,-9.368518829,1,-25.4875679,1,-0.895070136,1,-8.748045921,1,2.206720591,1,-0.004541004,0,-0.163454846,0,0.035750337,0
8.884010315,10.24574471,1,-9.900151253,1,-25.24084854,1,-0.977812886,1,-8.751179695,1,2.447010756,1,-0.010021893,0,-0.19838421,0,0.045497864,0
8.888011932,8.974816322,1,-8.699944496,1,-24.78921127,1,-1.081997156,1,-8.756092072,1,2.861125708,1,-0.016563967,0,-0.233255103,0,0.056750774,0
8.892010689,2.202131748,1,-5.52475214,1,-22.9150486,1,-1.076066256,1,-8.75867939,1,3.362168789,1,-0.02426156,0,-0.268022984,0,0.07035666,0
8.896010399,1.278219342,1,-3.58187294,1,-20.90839958,1,-0.804413319,1,-8.753700256,1,3.555620432,1,-0.032536317,0,-0.302642584,0,0.085857168,0
8.900012016,-3.355131149,1,-0.393346399,1,-14.77204704,1,-0.569701254,1,-8.750834465,1,3.837088823,1,-0.040448364,0,-0.337086797,0,0.102695383,0
8.904009819,-0.83264333,1,5.130391121,1,-12.78474522,1,-0.662510812,1,-8.754880905,1,4.358032703,1,-0.049556695,0,-0.371322602,0,0.121871874,0
8.908009529,-35.2804451,1,9.11178112,1,-17.31759834,1,-0.020720106,1,-8.741670609,1,4.27761364,1,-0.059066486,0,-0.405317277,0,0.142772555,0
8.912011147,-53.68582916,1,14.74159718,1,-17.2467041,1,1.230139613,1,-8.713912964,1,4.089795113,1,-0.065054737,0,-0.439120203,0,0.163382217,0
8.916008949,-53.76379395,1,11.87162399,1,-17.52853394,1,2.327611685,1,-8.690154076,1,3.995885849,1,-0.066869199,0,-0.472783327,0,0.183860123,0
8.920008659,-47.73794174,1,5.439700603,1,-14.61035252,1,3.095879793,1,-8.675965309,1,4.088992119,1,-0.065885291,0,-0.506362677,0,0.204779103,0
8.924010277,-65.75920105,1,5.198654175,1,-15.55729389,1,3.51647377,1,-8.667572021,1,4.173660278,1,-0.063294224,0,-0.539904237,0,0.226459488,0
8.92800808,-78.14664459,1,3.572030067,1,-14.00017071,1,3.668297529,1,-8.663378716,1,3.763994694,1,-0.060206048,0,-0.573506355,0,0.247840062,0
8.93200779,-67.96658325,1,2.668782473,1,-8.380420685,1,3.585062981,1,-8.279957771,1,3.280362606,1,-0.056300465,0,-0.606901228,0,0.267005831,0
8.936009407,-42.97847748,1,-6.537377357,1,-2.165867805,1,3.301969528,1,-5.994991302,1,2.755428553,1,-0.052232202,0,-0.634640992,0,0.283705235,0
8.940013885,-21.71354485,1,-24.31916618,1,-1.499047399,1,1.78894937,1,-4.175739765,1,2.472670078,1,-0.050187573,0,-0.654370666,0,0.298040092,0
8.944014549,4.115141869,1,-21.00355911,1,5.030788898,1,-0.419075996,1,-3.804389,1,2.405804873,1,-0.05541553,0,-0.668768287,0,0.310787201,0
8.948016167,-59.82824707,1,-11.02900219,1,-10.71176243,1,-1.681496143,1,-4.311003685,1,2.84322238,1,-0.069810569,0,-0.685435891,0,0.32633543,0
8.952013969,-72.42640686,1,-14.80410099,1,-19.86463928,1,-2.665028572,1,-2.257742643,1,2.679299593,1,-0.088251717,0,-0.697892487,0,0.34193033,0
8.95601368,-31.32951927,1,-14.05616283,1,-14.62819767,1,-3.868394852,1,-1.359432697,1,2.858666658,1,-0.111168928,0,-0.703245997,0,0.357082218,0
8.960015297,-9.193473816,1,-3.677013874,1,-12.87339306,1,-4.546021938,1,-2.268647432,1,3.082386017,1,-0.138967767,0,-0.708811104,0,0.373769253,0
8.9640131,-5.252669334,1,3.982059002,1,-12.09993935,1,-4.754449368,1,-3.514370918,1,3.373767376,1,-0.17023471,0,-0.718222082,0,0.392968774,0
8.96801281,-12.62275982,1,5.500431538,1,-11.97793102,1,-4.488196373,1,-4.488320827,1,3.646636724,1,-0.203770369,0,-0.731472552,0,0.415480137,0
8.972014427,-18.42318916,1,7.996053219,1,-14.20327282,1,-3.793406248,1,-4.991372108,1,3.774392605,1,-0.237427816,0,-0.746787488,0,0.440755069,0
8.97601223,-24.53866959,1,8.532173157,1,-15.77418423,1,-2.922209501,1,-5.166460514,1,3.80230999,1,-0.269493937,0,-0.762722135,0,0.467922956,0
8.98001194,-29.18178558,1,6.846535206,1,-17.64558792,1,-2.073642015,1,-5.08381319,1,3.830254555,1,-0.299266577,0,-0.778154016,0,0.49638325,0
8.984013557,-31.31964684,1,3.756389618,1,-18.75331497,1,-1.362851024,1,-4.851088524,1,3.8535285,1,-0.326842755,0,-0.792352259,0,0.525722682,0
8.98801136,-31.64435768,1,-0.784360349,1,-19.64998817,1,-0.864210546,1,-4.546180248,1,3.871459961,1,-0.352647424,0,-0.804928064,0,0.55558157,0
8.99201107,-31.29664993,1,-5.603072166,1,-20.55858231,1,-0.610838294,1,-4.198153973,1,3.891144276,1,-0.377329409,0,-0.815734327,0,0.585676968,0
8.996012688,-29.12791634,1,-9.341817856,1,-21.31819344,1,-0.575208902,1,-3.904106617,1,3.948027372,1,-0.401786387,0,-0.824754477,0,0.615931153,0
9.00001049,-27.11987495,1,-11.74150944,1,-21.45562172,1,-0.703743577,1,-3.757189035,1,4.020052433,1,-0.426923215,0,-0.832325518,0,0.646594405,0
9.004010201,-26.29913902,1,-12.70368004,1,-21.49860382,1,-0.926233053,1,-3.720880985,1,4.106788158,1,-0.453490883,0,-0.83890146,0,0.678027153,0
9.008011818,-26.03454018,1,-13.00885296,1,-21.67245483,1,-1.159203649,1,-3.74869442,1,4.144046307,1,-0.481701851,0,-0.844784856,0,0.710253716,0
9.012009621,-25.49504471,1,-13.41459751,1,-22.0639782,1,-1.390147805,1,-3.818609953,1,4.122713089,1,-0.511454403,0,-0.850203633,0,0.743130326,0
9.016009331,-24.77506638,1,-14.15898037,1,-22.62850189,1,-1.620037198,1,-3.928621054,1,4.064935207,1,-0.54258883,0,-0.855345488,0,0.776492715,0
9.020011902,-24.22666359,1,-14.80364513,1,-23.36116982,1,-1.861863375,1,-4.072278023,1,3.985995293,1,-0.575157404,0,-0.860371828,0,0.810337961,0
9.024008751,-23.94546509,1,-15.06054211,1,-24.01657486,1,-2.105803967,1,-4.237055779,1,3.878367662,1,-0.60918653,0,-0.86538434,0,0.844677329,0
9.028009415,-23.81643486,1,-14.98671627,1,-24.57608795,1,-2.324624538,1,-4.389183044,1,3.747747183,1,-0.644594908,0,-0.870417118,0,0.879461229,0
9.032011032,-23.85515785,1,-14.49191189,1,-25.12961006,1,-2.498383045,1,-4.519452095,1,3.603701353,1,-0.681166172,0,-0.875421166,0,0.914582908,0
9.036008835,-23.66104698,1,-14.06726551,1,-25.45762253,1,-2.620374918,1,-4.60676384,1,3.448955774,1,-0.71858573,0,-0.880305946,0,0.949896574,0
9.040008545,-23.60282707,1,-13.84880543,1,-25.99126053,1,-2.690021992,1,-4.665709496,1,3.319985867,1,-0.7565763,0,-0.884913683,0,0.985314846,0
9.044010162,-23.21888924,1,-13.25270844,1,-26.26934242,1,-2.702958107,1,-4.697228432,1,3.157864094,1,-0.779119134,0,-0.878508389,0,1.003659248,0
9.048007965,-23.03386688,1,-12.43475437,1,-26.71899605,1,-2.65972209,1,-4.704832077,1,2.995898247,1,-0.816580534,0,-0.882838488,0,1.038313031,0
9.052007675,-22.62872314,1,-11.56214333,1,-27.07605171,1,-2.580578566,1,-4.678617954,1,2.830849409,1,-0.853624105,0,-0.886797428,0,1.072628498,0
9.056015015,-22.44088745,1,-11.35668373,1,-27.47704506,1,-2.48937273,1,-4.632019997,1,2.676570177,1,-0.890051782,0,-0.890353322,0,1.106494784,0
9.060019493,-21.95016289,1,-11.66468811,1,-27.80109596,1,-2.391481876,1,-4.550591946,1,2.527781963,1,-0.925688684,0,-0.893453121,0,1.139752388,0
9.064020157,-20.43730164,1,-12.24676704,1,-27.83651161,1,-2.312576056,1,-4.430247784,1,2.397710323,1,-0.960404634,0,-0.896040678,0,1.172209263,0
9.068021774,-19.64685822,1,-13.46501827,1,-28.35272026,1,-2.272488356,1,-4.352635384,1,2.308172226,1,-0.9944309,0,-0.898080349,0,1.204014778,0
9.072019577,-17.84249687,1,-14.22576809,1,-28.50534058,1,-2.26945281,1,-4.248004913,1,2.22905612,1,-1.027879596,0,-0.899530828,0,1.235151887,0
9.076019287,-16.62039566,1,-14.71665478,1,-28.62514687,1,-2.291588545,1,-4.15093565,1,2.166897058,1,-1.060874224,0,-0.900360882,0,1.265625715,0
9.080020905,-15.37230015,1,-14.7361536,1,-29.82857513,1,-2.31415391,1,-4.04696703,1,2.094937086,1,-1.093384266,0,-0.900622129,0,1.295368195,0
9.084018707,-13.17806816,1,-13.8701601,1,-31.00702095,1,-2.349646091,1,-3.953944445,1,1.973214149,1,-1.125352502,0,-0.900448561,0,1.324257731,0
9.088018417,-9.523469925,1,-12.38992691,1,-32.03475952,1,-2.344771385,1,-3.922393322,1,1.87221992,1,-1.156792045,0,-0.900027156,0,1.352386355,0
9.092020035,-11.077775,1,-11.16611099,1,-33.0336647,1,-2.232455969,1,-3.749547243,1,1.662031531,1,-1.187341928,0,-0.899482131,0,1.379652977,0
9.096017838,-9.924676895,1,-11.4403944,1,-33.04813004,1,-2.117630482,1,-3.442491293,1,1.447706103,1,-1.21577549,0,-0.898871601,0,1.40488565,0
9.100017548,-8.729579926,1,-12.67022514,1,-32.4296608,1,-2.080464363,1,-2.980697632,1,1.196972847,1,-1.241580844,0,-0.898216844,0,1.427154422,0
9.104019165,-6.816595554,1,-14.09941578,1,-30.95879555,1,-2.202648401,1,-2.464804411,1,0.931391239,1,-1.264802933,0,-0.897589803,0,1.445950627,0
9.108016968,-4.957397461,1,-15.43606949,1,-29.31473732,1,-2.429182053,1,-1.834318519,1,0.682697296,1,-1.285553217,0,-0.897020221,0,1.460667491,0
9.112016678,-3.352020502,1,-15.71965694,1,-27.35798264,1,-2.671128035,1,-1.138841629,1,0.487818062,1,-1.303735971,0,-0.89640528,0,1.470871687,0
9.116018295,-2.385510921,1,-14.840518,1,-25.54338837,1,-2.857669115,1,-0.380155951,1,0.33902806,1,-1.319027185,0,-0.895595789,0,1.476271987,0
9.120016098,0.290921301,1,-14.23976803,1,-23.64908028,1,-3.00777483,1,0.35992384,1,0.234044507,1,-1.331135869,0,-0.894508481,0,1.476756692,0
9.124015808,3.937583208,1,-13.26276588,1,-21.42148972,1,-3.123949289,1,1.076411486,1,0.183060333,1,-1.340191722,0,-0.893041849,0,1.472601771,0
9.128018379,8.163450241,1,-12.12085342,1,-18.84784317,1,-3.148424387,1,1.747536302,1,0.169205189,1,-1.346131802,0,-0.891099691,0,1.464074492,0
9.132015228,12.64848042,1,-9.857426643,1,-16.50064087,1,-3.011694193,1,2.364938021,1,0.199165061,1,-1.348775268,0,-0.888556123,0,1.451565266,0
9.136014938,17.14196205,1,-6.962434292,1,-14.06782818,1,-2.686472654,1,2.902700663,1,0.263595432,1,-1.34787631,0,-0.885330856,0,1.435615778,0
9.140018463,21.68477058,1,-3.635872841,1,-13.57657909,1,-2.093028545,1,3.330402851,1,0.3512595,1,-1.34295857,0,-0.881343067,0,1.416812778,0
9.14401722,23.10180855,1,-0.606960773,1,-13.0603714,1,-1.343117714,1,3.641802311,1,0.48580575,1,-1.333965659,0,-0.876523733,0,1.396172285,0
9.14801693,22.41859245,1,1.863919139,1,-11.25520134,1,-0.415893674,1,4.145639896,1,0.626240432,1,-1.320168138,0,-0.870612502,0,1.373535633,0
9.152018547,22.56717682,1,2.45476675,1,-9.372817039,1,0.62099117,1,4.751701355,1,0.720969081,1,-1.300345063,0,-0.863416255,0,1.348068953,0
9.15601635,21.28761864,1,1.473863006,1,-7.9456563,1,1.609085917,1,5.406839371,1,0.706528723,1,-1.274188161,0,-0.854960084,0,1.319473147,0
9.16001606,18.40398216,1,0.161290541,1,-7.277489662,1,2.517332792,1,6.126651287,1,0.578664958,1,-1.241833329,0,-0.845398426,0,1.287413597,0
9.164017677,14.40196991,1,-0.412016183,1,-6.716469765,1,3.2613132,1,6.850428104,1,0.342386246,1,-1.20372057,0,-0.83480072,0,1.251794815,0
9.16801548,10.74305248,1,-1.372925282,1,-5.931524277,1,3.780623674,1,7.617927551,1,0.048427124,1,-1.160675406,0,-0.82308507,0,1.212584496,0
9.17201519,8.657258987,1,-2.650993347,1,-5.27216053,1,4.116724491,1,8.288511276,1,-0.310911655,1,-1.113854647,0,-0.810180247,0,1.170080543,0
9.176016808,7.913733482,1,-3.353874445,1,-4.244688034,1,4.297762394,1,8.79528141,1,-0.733532071,1,-1.064494252,0,-0.796138167,0,1.12493372,0
9.18001461,7.603207111,1,-3.084559441,1,-3.36295557,1,4.348375797,1,8.799893379,1,-1.218129158,1,-1.014630675,0,-0.781660318,0,1.07907474,0
9.184020042,8.037376404,1,-1.876340866,1,-3.363692999,1,4.336015224,1,8.801920891,1,-1.725988269,1,-0.965303421,0,-0.767261505,0,1.033377171,0
9.188022614,7.652697086,1,-0.070737183,1,-3.866483688,1,4.316701412,1,8.804765701,1,-2.216135025,1,-0.916535974,0,-0.752889514,0,0.987698078,0
9.19202137,5.734846115,1,1.207510114,1,-4.797384739,1,4.329298019,1,8.808814049,1,-2.684595585,1,-0.868221879,0,-0.738419175,0,0.941977978,0
9.19602108,4.38406229,1,1.682871342,1,-6.069435596,1,4.362771511,1,8.812275887,1,-3.111949444,1,-0.820294797,0,-0.72367847,0,0.896234691,0
9.200021744,0.850721598,1,1.935088396,1,-7.349853992,1,4.379415512,1,8.813873291,1,-3.505105257,1,-0.772809148,0,-0.708497822,0,0.850549757,0
9.204019547,-1.748181224,1,0.771971345,1,-8.223098755,1,4.333910465,1,8.815429688,1,-3.841051102,1,-0.726018608,0,-0.692707062,0,0.80503118,0
9.208019257,-4.519740105,1,-0.266121745,1,-9.604581833,1,4.243504047,1,8.815105438,1,-4.117450714,1,-0.680345654,0,-0.676100016,0,0.759934306,0
9.212020874,-7.066100597,1,-1.119306445,1,-10.53086662,1,4.090584755,1,8.813939095,1,-4.383383751,1,-0.636055946,0,-0.658606529,0,0.715349317,0
9.216018677,-8.874218941,1,-2.168784857,1,-11.50854111,1,3.862541437,1,8.810091019,1,-4.599620342,1,-0.593544543,0,-0.640183687,0,0.671372533,0
9.220018387,-10.47266674,1,-2.792647362,1,-12.13387585,1,3.609663486,1,8.805477142,1,-4.772837639,1,-0.553155482,0,-0.620755076,0,0.628212452,0
9.224020004,-11.95033455,1,-2.950445175,1,-12.62826538,1,3.36152339,1,8.800855637,1,-4.883676052,1,-0.515030563,0,-0.600275397,0,0.586040854,0
9.228017807,-12.94805908,1,-2.491933346,1,-12.96294117,1,3.156121492,1,8.797582626,1,-4.952550888,1,-0.479213655,0,-0.578721344,0,0.545037508,0
9.232017517,-13.2753973,1,-1.643345594,1,-12.99779034,1,3.022569418,1,8.794872284,1,-4.984544277,1,-0.445536554,0,-0.556101978,0,0.505318463,0
9.236019135,-13.43580151,1,-0.897294044,1,-13.05699921,1,2.947626352,1,8.793138504,1,-4.962429523,1,-0.413776696,0,-0.532411575,0,0.467040211,0
9.240016937,-14.03936386,1,-0.456739396,1,-13.23840809,1,2.9651196,1,8.793290138,1,-4.89094305,1,-0.383747727,0,-0.507654309,0,0.43036294,0
9.244016647,-14.27373028,1,0.385501057,1,-12.9227972,1,3.04699254,1,8.793745041,1,-4.797565937,1,-0.355133414,0,-0.481849879,0,0.395390809,0
9.248018265,-14.38220692,1,0.608707011,1,-12.46171856,1,3.18999505,1,8.79535675,1,-4.654179096,1,-0.327678323,0,-0.455031067,0,0.362222433,0
9.252016068,-14.33272266,1,0.453014433,1,-12.04202271,1,3.355732918,1,8.798510551,1,-4.472903252,1,-0.301237017,0,-0.427217245,0,0.330980986,0
9.256014824,-13.96966648,1,0.464217931,1,-11.09740448,1,3.533701897,1,8.801493645,1,-4.26432085,1,-0.275710404,0,-0.398445249,0,0.301753432,0
9.260016441,-13.5505619,1,0.286491662,1,-10.40855503,1,3.711035252,1,8.802841187,1,-4.040893078,1,-0.251039147,0,-0.3687796,0,0.274566114,0
9.264014244,-12.50785351,1,0.498760939,1,-9.891507149,1,3.888072491,1,8.806437492,1,-3.80664587,1,-0.227130815,0,-0.338277519,0,0.249434143,0
9.268013954,-11.62406158,1,1.269607544,1,-9.624777794,1,4.085165977,1,8.807713509,1,-3.558087587,1,-0.203855976,0,-0.307015836,0,0.226320565,0
9.272015572,-11.11336803,1,2.486883879,1,-9.455382347,1,4.329693317,1,8.812113762,1,-3.332806826,1,-0.180970415,0,-0.275066614,0,0.205165371,0
9.276013374,-10.92948437,1,3.879954576,1,-9.433937073,1,4.63807869,1,8.817950249,1,-3.122435331,1,-0.158112362,0,-0.242495611,0,0.185851827,0
9.280013084,-11.0402174,1,4.897430897,1,-9.320451736,1,5.004951954,1,8.823670387,1,-2.946336031,1,-0.134890199,0,-0.209366471,0,0.168257803,0
9.284015656,-11.25128365,1,5.316392899,1,-9.258660316,1,5.378507137,1,8.831339836,1,-2.801083803,1,-0.111041538,0,-0.175734758,0,0.152228117,0
9.288013458,-11.25442123,1,5.095778465,1,-9.45436573,1,5.720158577,1,8.836491585,1,-2.677965403,1,-0.086519741,0,-0.141654909,0,0.137652084,0
9.292013168,-11.53390789,1,4.679195404,1,-9.555215836,1,5.988446712,1,8.84239006,1,-2.559687138,1,-0.072526373,0,-0.073267862,0,0.120562993,0
9.296015739,-12.24984455,1,3.270642281,1,-9.100057602,1,6.177201748,1,8.84521389,1,-2.429790735,1,-0.047510576,0,-0.038560778,0,0.108445331,0
9.300012589,-12.79750156,1,2.281186581,1,-9.184500694,1,6.315045834,1,8.847414017,1,-2.322728872,1,-0.022263197,0,-0.003532511,0,0.097711459,0
9.304018974,-13.6836586,1,1.046019316,1,-9.455852509,1,6.33869648,1,8.848278046,1,-2.251197338,1,0.002943374,0,0.031767804,0,0.088233881,0
9.308020592,-14.26423359,1,-0.248723045,1,-10.03285217,1,6.227270126,1,8.845589638,1,-2.212046862,1,0.02769109,0,0.067283362,0,0.079869084,0
9.312019348,-14.73361874,1,-0.964099407,1,-10.68179703,1,6.022325039,1,8.842404366,1,-2.222360849,1,0.051570855,0,0.102977343,0,0.072403446,0
9.316019058,-15.05804348,1,-1.151524186,1,-11.33448124,1,5.768445015,1,8.836090088,1,-2.296894789,1,0.074330799,0,0.138829246,0,0.065571539,0
9.320020676,-15.31126404,1,-0.529244602,1,-12.42390919,1,5.517007351,1,8.831793785,1,-2.424024105,1,0.095877334,0,0.17484042,0,0.059092414,0
9.324018478,-16.01004028,1,0.687680125,1,-13.325284,1,5.313602924,1,8.828565598,1,-2.593561888,1,0.116305992,0,0.211023152,0,0.052748073,0
9.328018188,-17.2478466,1,2.055121183,1,-13.87550926,1,5.20914793,1,8.82790947,1,-2.798731327,1,0.135866299,0,0.247408375,0,0.046340197,0
9.332019806,-19.08537865,1,3.850753069,1,-14.34478474,1,5.19879055,1,8.823914528,1,-3.090374708,1,0.154889241,0,0.284046173,0,0.039602928,0
9.336017609,-21.28005028,1,5.622825146,1,-14.95784378,1,5.243301392,1,8.751225471,1,-3.494170666,1,0.173522145,0,0.320872337,0,0.032038093,0
9.340017319,-23.03103638,1,6.229112148,1,-15.96790123,1,5.258503914,1,8.66277504,1,-3.951159,1,0.191609189,0,0.35782963,0,0.023222562,0
9.34401989,-25.1091671,1,5.701229095,1,-17.22567368,1,5.220810413,1,8.546577454,1,-4.397720337,1,0.208813608,0,0.394879103,0,0.012992394,0
9.348016739,-27.83150673,1,4.790630341,1,-18.64539337,1,5.110759735,1,8.411481857,1,-4.820697308,1,0.224794164,0,0.431967467,0,0.001292373,0
9.352016449,-31.37738037,1,3.652021646,1,-20.14520836,1,4.917714596,1,8.263892174,1,-5.205653667,1,0.239123464,0,0.469030768,0,-0.011882891,0
9.35601902,-35.04479599,1,2.356828451,1,-20.93107986,1,4.648310184,1,8.135400772,1,-5.510678768,1,0.251446933,0,0.506076276,0,-0.026407503,0
9.360016823,-38.66044617,1,2.419610977,1,-21.73430634,1,4.378894329,1,7.967247486,1,-5.748267174,1,0.261618912,0,0.542948008,0,-0.042131156,0
9.364016533,-41.31453705,1,3.457152128,1,-21.85412216,1,4.105019093,1,7.75123024,1,-5.930086136,1,0.269613475,0,0.57943666,0,-0.059009526,0
9.36801815,-40.82223129,1,3.446541309,1,-20.31708908,1,3.77371192,1,7.43948698,1,-5.920464039,1,0.27541405,0,0.615163088,0,-0.076821849,0
9.372015953,-47.587883,1,4.365358829,1,-19.06686401,1,3.593660831,1,7.157018661,1,-5.986194134,1,0.279223323,0,0.649689376,0,-0.095345706,0
9.376015663,-48.32229614,1,4.224729061,1,-17.47286034,1,3.31051898,1,6.752521992,1,-5.879125118,1,0.281142354,0,0.683039963,0,-0.114593156,0
9.380017281,-50.70953369,1,4.523492336,1,-15.76387024,1,2.978361845,1,6.279594898,1,-5.654939651,1,0.281160861,0,0.714523137,0,-0.13415052,0
9.384015083,-54.96291351,1,5.683038712,1,-14.48352718,1,2.608194113,1,5.700870037,1,-5.319591522,1,0.279392719,0,0.743648887,0,-0.153553054,0
9.388014793,-60.50887299,1,9.187351227,1,-11.71249485,1,2.361752033,1,5.112089157,1,-4.874765396,1,0.276351869,0,0.770042062,0,-0.172436073,0
9.392015457,-65.33641815,1,10.99568367,1,-8.521292686,1,2.272786856,1,4.585418701,1,-4.255888939,1,0.273317099,0,0.793643892,0,-0.189815551,0
9.39601326,-67.75839233,1,9.975244522,1,-3.630450249,1,2.134779692,1,4.176487923,1,-3.530594349,1,0.271536082,0,0.81468761,0,-0.204683885,0
9.40001297,-64.95096588,1,9.125910759,1,0.307152629,1,1.888207555,1,3.685213566,1,-2.677316904,1,0.271233857,0,0.833178699,0,-0.21619235,0
9.404014587,-63.25094223,1,10.54219246,1,4.769656658,1,1.524232507,1,3.124171019,1,-1.828390598,1,0.272411615,0,0.848692238,0,-0.223678172,0
9.408013344,-62.5864296,1,16.27034569,1,9.505508423,1,1.411579251,1,2.617774248,1,-1.13295567,1,0.275116235,0,0.861312687,0,-0.227669522,0
9.412013054,-53.8031311,1,16.83864594,1,9.182168007,1,1.231347442,1,1.850338459,1,-0.439106792,1,0.279764056,0,0.870810568,0,-0.228466108,0
9.416013718,-53.5932312,1,22.72206879,1,10.39861584,1,1.144256353,1,1.155193448,1,0.00022875,1,0.2855483,0,0.876794457,0,-0.22710596,0
9.420012474,-54.65504074,1,20.64856339,1,11.08637333,1,1.006718159,1,0.528514266,1,0.313989848,1,0.291749775,0,0.879820824,0,-0.224626094,0
9.42401886,-54.33352661,1,15.58042336,1,9.466667175,1,0.584281802,1,0.077331245,1,0.561228454,1,0.297522306,0,0.880402386,0,-0.221473575,0
9.428020477,-50.91889954,1,12.05448818,1,10.33204079,1,0.01056007,1,-0.468901455,1,0.796609998,1,0.301566094,0,0.878873467,0,-0.217705831,0
9.43201828,-48.77045441,1,13.05106544,1,9.417340279,1,-0.494734138,1,-0.97444582,1,0.966711342,1,0.303577691,0,0.875060737,0,-0.213773429,0
9.43601799,-47.67664719,1,14.92138767,1,8.148490906,1,-0.831493258,1,-1.353566527,1,1.110581636,1,0.303916097,0,0.869338632,0,-0.209810898,0
9.440019608,-44.91921616,1,15.03102303,1,7.501521587,1,-0.994223177,1,-1.678836107,1,1.299022555,1,0.303480446,0,0.862125993,0,-0.205537409,0
9.44401741,-41.5343399,1,12.38031673,1,7.424282551,1,-1.115061283,1,-2.067764759,1,1.60389936,1,0.303064167,0,0.853268266,0,-0.200519264,0
9.44801712,-37.79969025,1,10.23538876,1,7.50590086,1,-1.222225189,1,-2.528656006,1,1.968783617,1,0.303001881,0,0.842378557,0,-0.194353536,0
9.452018738,-15.65068913,1,-4.967105389,1,-8.670776367,1,-1.710875988,1,-3.049143553,1,2.411085844,1,0.303066969,0,0.82916379,0,-0.186927557,0
9.456017494,-11.93962669,1,-16.1353302,1,4.914327145,1,-4.720659256,1,-5.227486134,1,2.529786348,1,0.296003222,0,0.811113954,0,-0.179726854,0
9.460016251,-58.25334549,1,-4.982040882,1,33.19213867,1,-6.284904003,1,-6.252882957,1,3.415676117,1,0.277277231,0,0.784508407,0,-0.173358098,0
9.464017868,37.27668762,1,-17.35129738,1,-4.685256481,1,-6.132555485,1,-6.106251717,1,3.496863842,1,0.260579288,0,0.75801754,0,-0.163072884,0
9.468016624,-22.53948212,1,-20.85366631,1,-14.05999756,1,-8.370575905,1,-8.331678391,1,4.10232687,1,0.238673151,0,0.726019144,0,-0.152824059,0
9.472016335,-2.352779865,1,-2.873011351,1,-48.67852783,1,-7.079759598,1,-8.887259483,1,4.154269695,1,0.213934481,0,0.688506722,0,-0.142056823,0
9.476017952,-23.89041328,1,-31.05613899,1,-69.55545044,1,-8.573155403,1,-8.922039032,1,4.654323578,1,0.190371037,0,0.650170803,0,-0.129739597,0
9.480015755,-57.09462738,1,-8.925965309,1,-69.09877014,1,-8.610281944,1,-8.926785469,1,5.511870384,1,0.166085243,0,0.61140883,0,-0.112577125,0
9.484015465,-88.24184418,1,25.84144974,1,-50.97921753,1,-8.614063263,1,-8.932813644,1,6.249546051,1,0.14361845,0,0.572480977,0,-0.091091141,0
9.488016129,-73.34860229,1,51.7735672,1,-33.94736481,1,-8.369047165,1,-8.924160004,1,5.587265968,1,0.121423796,0,0.533848584,0,-0.068228856,0
9.492013931,-54.53384781,1,49.48187637,1,-36.638134,1,-6.178731441,1,-8.843631744,1,3.645820379,1,0.100382425,0,0.496487826,0,-0.051891785,0
9.496013641,-20.45508003,1,41.40179825,1,-16.47486496,1,-4.563126564,1,-8.15530014,1,3.372404575,1,0.084633894,0,0.461535305,0,-0.040027533,0
9.500015259,19.48337936,1,36.90794373,1,1.703129053,1,-3.775811911,1,-8.242547989,1,3.68224144,1,0.073760152,0,0.427911311,0,-0.02737971,0
9.504013062,-27.32494736,1,19.40613556,1,-17.7647171,1,-3.810374975,1,-6.962098122,1,3.687339306,1,0.064260103,0,0.395379305,0,-0.013358678,0
9.508012772,-112.8209915,1,24.88544273,1,-32.30812836,1,-2.583563566,1,-2.113265276,1,3.152307987,1,0.056105841,0,0.376570255,0,0.000237133,0
9.512014389,-68.56777191,1,3.104512691,1,6.337746143,1,-0.52224642,1,-1.559412956,1,1.097581148,1,0.053579554,0,0.369905889,0,0.009498475,0
9.516012192,-1.687831879,1,-0.997344077,1,-2.302631378,1,-0.902712584,1,-2.469666243,1,-0.09312281,1,0.051167984,0,0.361621022,0,0.010352906,0
9.520011902,-15.69520378,1,36.84366226,1,-22.00873184,1,0.180630133,1,-1.427454829,1,0.643680096,1,0.049838822,0,0.353531301,0,0.010845301,0
9.524014473,12.01940918,1,2.380693197,1,-3.341331959,1,0.214967132,1,-1.420506597,1,1.26230526,1,0.052294355,0,0.347863317,0,0.014896099,0
9.528011322,-34.40532303,1,-27.14280701,1,-12.32585144,1,0.105319463,1,-1.156924963,1,0.543904185,1,0.054176748,0,0.34232688,0,0.01867442,0
9.532011986,-0.523039341,1,-22.31674576,1,-7.434336662,1,-0.421074957,1,-1.366124153,1,0.775538921,1,0.054279488,0,0.337345958,0,0.02069575,0
9.536013603,-5.509275913,1,-3.730317593,1,-13.66474628,1,-0.733868241,1,-1.033919454,1,1.254369974,1,0.053229168,0,0.332382321,0,0.024878113,0
9.54001236,-4.178970814,1,-1.48191452,1,-12.81437969,1,-0.727489591,1,-1.201533794,1,1.276479363,1,0.051960595,0,0.327647626,0,0.030047268,0
9.544016838,-6.459103584,1,-2.276274204,1,-12.71436691,1,-0.698127985,1,-1.295852184,1,1.239560366,1,0.042144608,0,0.318846464,0,0.004164932,0
9.548019409,-4.648283482,1,-6.205191612,1,-11.35988903,1,-0.715966821,1,-1.371454835,1,1.239404678,1,0.040854402,0,0.313310683,0,0.00915671,0
9.552017212,-12.26990128,1,2.21127367,1,-8.221953392,1,-0.738866687,1,-1.37367034,1,1.21732223,1,0.039452687,0,0.307626247,0,0.014058113,0
9.556016922,-11.80254745,1,6.528695107,1,-6.799577236,1,-0.518784285,1,-1.285458922,1,1.245460868,1,0.038336687,0,0.302089632,0,0.019040307,0
9.560018539,-4.938535213,1,-2.72482276,1,-8.024043083,1,-0.368721008,1,-1.239566088,1,1.06933856,1,0.03800166,0,0.296920359,0,0.023731517,0
9.564016342,-4.397323608,1,5.228589058,1,-10.21542263,1,-0.342790306,1,-1.233313084,1,0.933001637,1,0.03773855,0,0.291805118,0,0.027671941,0
9.568016052,-4.826191425,1,9.912755966,1,-13.57108974,1,-0.185005769,1,-1.389838099,1,0.837610662,1,0.03767141,0,0.286513269,0,0.03120595,0
9.572016716,-8.485095978,1,2.108600378,1,-12.57459259,1,0.063195772,1,-1.688207865,1,0.67699796,1,0.038218133,0,0.280231178,0,0.034092288,0
9.576014519,-6.187958717,1,-8.470973015,1,-13.61740398,1,-0.212831169,1,-1.948693514,1,0.763532877,1,0.038817808,0,0.272850931,0,0.036747903,0
9.580015182,-5.283708572,1,-5.267651081,1,-15.43182373,1,-0.464522064,1,-2.173915386,1,0.778862834,1,0.038092859,0,0.264500976,0,0.039634597,0
9.584017754,-1.130707026,1,-2.563862324,1,-18.48341942,1,-0.646253049,1,-2.477889538,1,0.786918461,1,0.03666687,0,0.255124718,0,0.042509325,0
9.588015556,-0.366239429,1,2.444598198,1,-20.61047173,1,-0.71748817,1,-2.94828558,1,0.668884873,1,0.034504961,0,0.24422735,0,0.045124665,0
9.592015266,-3.517516851,1,1.598479271,1,-20.36457253,1,-0.630924821,1,-3.494230032,1,0.602308393,1,0.032323215,0,0.231284529,0,0.047251955,0
9.596016884,-5.270241261,1,-2.144506931,1,-20.39380074,1,-0.744003892,1,-4.039560318,1,0.583897829,1,0.030057648,0,0.216130272,0,0.049231328,0
9.600014687,-5.06614542,1,-4.47166872,1,-22.03287125,1,-0.987038791,1,-4.573648453,1,0.693178117,1,0.027053658,0,0.198821396,0,0.051270574,0
9.604014397,1.549304843,1,-5.974687576,1,-23.7472477,1,-1.236389399,1,-5.214676857,1,0.716257989,1,0.023047747,0,0.179261968,0,0.053658977,0
9.608016014,2.265458822,1,-5.172530174,1,-26.25978088,1,-1.382162094,1,-6.060126781,1,0.825549722,1,0.018234992,0,0.156629875,0,0.056261007,0
9.612013817,1.509771585,1,-4.404085636,1,-25.41354942,1,-1.364950061,1,-6.807462692,1,1.0048033,1,0.013135364,0,0.130840436,0,0.059556521,0
9.616013527,4.285088539,1,-5.385918617,1,-25.31641579,1,-1.27767086,1,-7.562920094,1,1.158330202,1,0.008336557,0,0.102072455,0,0.063614629,0
9.620015144,5.313188076,1,-8.067533493,1,-24.9839344,1,-1.337048769,1,-8.373270035,1,1.306248307,1,0.003590663,0,0.070135795,0,0.068355709,0
9.624012947,6.436038971,1,-8.701460838,1,-24.93003845,1,-1.468731046,1,-8.756626129,1,1.522223115,1,-0.001761389,0,0.03558274,0,0.073972665,0
9.628012657,9.285744667,1,-8.633182526,1,-23.36481667,1,-1.605226398,1,-8.76149559,1,1.778194666,1,-0.007775612,0,0.000581739,0,0.080743924,0
9.632014275,7.23880434,1,-8.329039574,1,-23.35368729,1,-1.761386752,1,-8.764703751,1,2.025879145,1,-0.014636629,0,-0.034382489,0,0.088769764,0
9.636012077,4.867452145,1,-7.069374084,1,-23.73411751,1,-1.825678587,1,-8.767877579,1,2.235124588,1,-0.022313872,0,-0.069282912,0,0.097938702,0
9.640011787,6.11142683,1,-6.728393078,1,-21.90984344,1,-1.913915873,1,-8.771327019,1,2.56094861,1,-0.030659324,0,-0.104093269,0,0.108460553,0
9.644013405,1.699447751,1,-3.102264166,1,-22.63589096,1,-1.831077576,1,-8.770380974,1,2.824514627,1,-0.039659299,0,-0.138775289,0,0.120540828,0
9.648011208,-0.007488308,1,0.694945693,1,-23.67296791,1,-1.507172227,1,-8.765564919,1,3.063423157,1,-0.048397481,0,-0.17329298,0,0.134042159,0
9.652010918,-3.477040529,1,2.247956038,1,-25.13890648,1,-1.099227548,1,-8.757383347,1,3.094903469,1,-0.056415331,0,-0.207641244,0,0.148535132,0
9.656012535,-16.90526581,1,4.775334358,1,-23.09017754,1,-0.375577122,1,-8.741977692,1,2.983697414,1,-0.062631257,0,-0.241858527,0,0.16302526,0
9.660010338,-24.77471924,1,6.067752361,1,-20.18071938,1,0.593850672,1,-8.721243858,1,2.948378563,1,-0.065986611,0,-0.275948524,0,0.177587032,0
9.664016724,-37.07525253,1,6.341989517,1,-15.54024792,1,1.246780992,1,-8.707087517,1,2.871715546,1,-0.066380024,0,-0.309955955,0,0.192068055,0
9.668018341,-34.72920227,1,5.850964546,1,-13.16128445,1,1.77398479,1,-8.69640255,1,2.948574781,1,-0.06502945,0,-0.343919754,0,0.206763938,0
9.672016144,-45.33195877,1,4.018904686,1,-11.19899559,1,2.218069553,1,-8.687651634,1,3.095128536,1,-0.062540241,0,-0.377843738,0,0.222074866,0
9.676015854,-59.93211746,1,2.584687948,1,-11.04162502,1,2.548717499,1,-8.681365967,1,3.029236078,1,-0.058890048,0,-0.411766618,0,0.237682953,0
9.680017471,-67.09985352,1,-0.693935931,1,-9.72218132,1,2.599101782,1,-8.679405212,1,2.708539963,1,-0.054687701,0,-0.445771366,0,0.252550811,0
9.684015274,-63.7804985,1,-4.39187336,1,-3.24973917,1,2.268946886,1,-8.447196007,1,2.324880838,1,-0.050776515,0,-0.479685545,0,0.265721262,0
9.688014984,-40.89689636,1,-12.04452133,1,2.485222578,1,1.613307834,1,-6.571641922,1,1.78392148,1,-0.04814294,0,-0.509229541,0,0.276712686,0
9.692016602,-25.41928864,1,-24.7007103,1,6.073338509,1,0.112315752,1,-5.003894329,1,1.399939895,1,-0.048666902,0,-0.531942487,0,0.285374343,0
9.696014404,-8.68726635,1,-26.90769386,1,2.697072268,1,-2.095871449,1,-3.709379911,1,0.75478965,1,-0.055866186,0,-0.548992753,0,0.29161036,0
9.700014114,-31.70414543,1,0.739334762,1,4.263696671,1,-3.236439228,1,-4.39569664,1,0.925734222,1,-0.069340184,0,-0.564832807,0,0.296336412,0
9.704015732,-69.44638062,1,-3.151684761,1,-11.7415638,1,-3.380853176,1,-3.188895464,1,0.829614103,1,-0.085553914,0,-0.580084383,0,0.301845431,0
9.708013535,-44.05161667,1,-9.731660843,1,-13.49243736,1,-4.100166321,1,-1.609883189,1,1.052052617,1,-0.103497297,0,-0.589034498,0,0.307341605,0
9.712013245,-16.01362038,1,-2.024783611,1,-10.46577263,1,-4.4988451,1,-1.883870006,1,1.307415128,1,-0.124525093,0,-0.595057487,0,0.313910663,0
9.716014862,-5.373568535,1,4.72199297,1,-10.4551897,1,-4.415855885,1,-2.798394442,1,1.647019744,1,-0.147266924,0,-0.603499115,0,0.32247752,0
9.720012665,-7.128170013,1,6.9489398,1,-9.694727898,1,-4.033909798,1,-3.759819984,1,2.104695082,1,-0.170887902,0,-0.615314484,0,0.334073067,0
9.724014282,-12.89217186,1,8.836565971,1,-10.24016762,1,-3.290620327,1,-4.434772015,1,2.516022444,1,-0.194288015,0,-0.62983048,0,0.348960906,0
9.728016853,-19.16660118,1,11.92590237,1,-12.53987789,1,-2.338251352,1,-4.714797974,1,2.801842213,1,-0.216114596,0,-0.645666182,0,0.366645902,0
9.732013702,-24.99860954,1,10.80538559,1,-13.06482697,1,-1.298713923,1,-4.73415041,1,3.015906096,1,-0.235400975,0,-0.661551237,0,0.386357963,0
9.736013412,-28.45151138,1,7.408671856,1,-15.24876976,1,-0.332608134,1,-4.370353222,1,3.164786577,1,-0.251517504,0,-0.676263034,0,0.407164812,0
9.740015984,-28.47389984,1,3.412145376,1,-15.70419312,1,0.352888227,1,-4.05465889,1,3.362906933,1,-0.265188396,0,-0.689214647,0,0.429006755,0
9.744013786,-28.33609009,1,-1.296374798,1,-16.08230782,1,0.777343333,1,-3.696218252,1,3.545232296,1,-0.277430981,0,-0.700452328,0,0.451740324,0
9.748013496,-26.43885231,1,-5.114334106,1,-16.99969864,1,0.971950829,1,-3.337239504,1,3.72828126,1,-0.289099723,0,-0.709863067,0,0.475228459,0
9.752015114,-24.23667526,1,-7.645011902,1,-17.45532227,1,0.952392578,1,-3.104532719,1,3.922008991,1,-0.3011356,0,-0.71770829,0,0.499539852,0
9.756012917,-22.92317581,1,-8.736935616,1,-17.62001991,1,0.835424423,1,-2.986790657,1,4.125214577,1,-0.314271927,0,-0.724414051,0,0.524870932,0
9.760012627,-22.08831596,1,-9.141849518,1,-17.83114815,1,0.677616119,1,-2.984505177,1,4.318489075,1,-0.328853428,0,-0.730381668,0,0.551346242,0
9.764014244,-22.16892242,1,-9.222393036,1,-18.44976616,1,0.511487186,1,-3.045659781,1,4.482102394,1,-0.345038354,0,-0.735938191,0,0.579076409,0
9.768012047,-22.07727242,1,-9.45356369,1,-18.95909309,1,0.346977532,1,-3.133807659,1,4.611654758,1,-0.362760276,0,-0.741225958,0,0.607936382,0
9.772011757,-22.13354874,1,-9.369276047,1,-19.58893394,1,0.219680399,1,-3.253392696,1,4.699546814,1,-0.381869555,0,-0.746346354,0,0.637840986,0
9.776013374,-22.33701515,1,-9.528877258,1,-20.32033539,1,0.10282848,1,-3.385234118,1,4.763765812,1,-0.402213812,0,-0.751375973,0,0.66866231,0
9.780011177,-22.79823875,1,-9.814088821,1,-21.05083656,1,-0.026773969,1,-3.516226292,1,4.807200432,1,-0.423715085,0,-0.756339669,0,0.700312138,0
9.784016609,-23.3751297,1,-10.31077766,1,-21.77280617,1,-0.171791896,1,-3.619217873,1,4.820179462,1,-0.446352661,0,-0.761175752,0,0.732656479,0
9.788018227,-23.58590508,1,-11.22416496,1,-22.1359272,1,-0.310129404,1,-3.673099756,1,4.832258224,1,-0.470061004,0,-0.76574415,0,0.765550435,0
9.792016029,-24.38272285,1,-11.22704124,1,-22.87437057,1,-0.473006159,1,-3.722467184,1,4.81735754,1,-0.505843818,0,-0.760930657,0,0.771091104,0
9.796015739,-24.41260719,1,-11.49485683,1,-23.33024025,1,-0.626058161,1,-3.717930794,1,4.779839039,1,-0.531018913,0,-0.76434195,0,0.804353356,0
9.800018311,-23.74726295,1,-11.76895332,1,-23.58946419,1,-0.758086205,1,-3.686894894,1,4.729396343,1,-0.55680865,0,-0.767174244,0,0.837568045,0
9.80401516,-22.55895996,1,-12.03149891,1,-23.75281334,1,-0.90701443,1,-3.637099028,1,4.669867039,1,-0.583080828,0,-0.769354224,0,0.870578468,0
9.808015823,-21.21563148,1,-11.91798019,1,-23.9472332,1,-1.044285774,1,-3.600599289,1,4.582581997,1,-0.609729052,0,-0.770939708,0,0.903250098,0
9.812017441,-19.74155998,1,-11.68095303,1,-23.96603584,1,-1.166459084,1,-3.577455521,1,4.479019165,1,-0.636618137,0,-0.772023439,0,0.935459137,0
9.816016197,-18.21669579,1,-11.41457844,1,-23.97172546,1,-1.264933586,1,-3.575143814,1,4.342694759,1,-0.663604856,0,-0.772726297,0,0.967160583,0
9.820015907,-17.22719383,1,-10.88047981,1,-23.98847198,1,-1.316280365,1,-3.583583832,1,4.197214127,1,-0.690513968,0,-0.7731812,0,0.998294473,0
9.824017525,-16.02718735,1,-10.77507782,1,-24.18107986,1,-1.375915408,1,-3.598058224,1,4.049038887,1,-0.717242062,0,-0.773457766,0,1.028845429,0
9.828015327,-14.97152615,1,-11.28591061,1,-24.59111214,1,-1.41879189,1,-3.613772869,1,3.902602434,1,-0.743802786,0,-0.773584664,0,1.058856726,0
9.832015038,-14.2041111,1,-11.76068401,1,-25.26452446,1,-1.459760308,1,-3.638988018,1,3.755769491,1,-0.770174384,0,-0.773609757,0,1.088353038,0
9.836017609,-14.2176342,1,-11.6860981,1,-26.73651123,1,-1.524215341,1,-3.649925709,1,3.593713999,1,-0.796367884,0,-0.773568392,0,1.117313266,0
9.840015411,-12.89594746,1,-12.09444141,1,-27.5292778,1,-1.671842813,1,-3.589581013,1,3.445129871,1,-0.822393358,0,-0.773412228,0,1.145517588,0
9.844015121,-16.39289093,1,-13.03128815,1,-29.97986603,1,-1.660791636,1,-3.477530241,1,3.182621479,1,-0.848189592,0,-0.773100734,0,1.172747254,0
9.848016739,-12.41483688,1,-14.33906841,1,-30.36724472,1,-1.772243857,1,-3.249946833,1,2.972527504,1,-0.872752964,0,-0.772516489,0,1.198140383,0
9.852015495,-12.21847916,1,-15.60442829,1,-30.78177834,1,-2.008734226,1,-2.929360628,1,2.694847345,1,-0.896609783,0,-0.771600246,0,1.221605301,0
9.856015205,-10.43594742,1,-16.32684708,1,-30.33361626,1,-2.356159449,1,-2.489701509,1,2.329976082,1,-0.919643283,0,-0.77034986,0,1.242149711,0
9.860016823,-7.705165863,1,-16.75873756,1,-29.39155769,1,-2.733080149,1,-2.008195162,1,1.966682315,1,-0.941798568,0,-0.768845677,0,1.259370804,0
9.864014626,-6.727281094,1,-16.24617195,1,-28.37363434,1,-3.071730137,1,-1.41426003,1,1.591157913,1,-0.962825596,0,-0.767037809,0,1.27289021,0
9.868014336,-6.824350834,1,-15.30268574,1,-26.61617088,1,-3.322049141,1,-0.744620025,1,1.262733579,1,-0.982175469,0,-0.764782667,0,1.282292247,0
9.872015953,-7.586111546,1,-14.65234661,1,-25.32351303,1,-3.483855963,1,0.033435259,1,0.998169601,1,-0.999305606,0,-0.761811674,0,1.287362814,0
9.876013756,-5.526247501,1,-15.23262119,1,-24.44690514,1,-3.589758396,1,0.829883516,1,0.807012677,1,-1.013894558,0,-0.757847011,0,1.287982821,0
9.880013466,-2.147797108,1,-14.48790169,1,-22.87303543,1,-3.639711618,1,1.560631156,1,0.686973631,1,-1.0260185,0,-0.752806962,0,1.284525514,0
9.884016037,2.154981613,1,-12.23994637,1,-20.87335777,1,-3.543114424,1,2.217837095,1,0.623525858,1,-1.035636544,0,-0.746680439,0,1.277489185,0
9.888012886,7.079826355,1,-10.38377762,1,-19.34275055,1,-3.236256123,1,2.758762598,1,0.603145003,1,-1.042501688,0,-0.739501059,0,1.267549515,0
9.892012596,12.65198421,1,-8.141958237,1,-18.19901657,1,-2.769061327,1,3.192934275,1,0.632164121,1,-1.046304226,0,-0.731374264,0,1.255245447,0
9.896015167,13.77435207,1,-6.307562828,1,-16.34259033,1,-2.217120886,1,3.590977192,1,0.690975428,1,-1.047054052,0,-0.722310185,0,1.241348267,0
9.900013924,14.06644058,1,-4.626415253,1,-13.9343853,1,-1.53032136,1,4.137852669,1,0.747479558,1,-1.044196486,0,-0.712086976,0,1.225532055,0
9.904019356,15.01255035,1,-3.745126486,1,-11.50552845,1,-0.735208809,1,4.706756592,1,0.795123875,1,-1.037051678,0,-0.700473547,0,1.207535386,0
9.908020973,14.22755909,1,-3.460609913,1,-9.512136459,1,0.07864143,1,5.314061642,1,0.759992123,1,-1.025408626,0,-0.687508345,0,1.187273264,0
9.912018776,13.1289463,1,-3.678342819,1,-8.255317688,1,0.861890435,1,5.966141701,1,0.655085087,1,-1.009205937,0,-0.67322582,0,1.164529204,0
9.916018486,12.16172218,1,-4.550727367,1,-7.019341946,1,1.582933545,1,6.612345695,1,0.497277915,1,-0.988672853,0,-0.657659709,0,1.139216781,0
9.920020103,11.12976933,1,-5.436805248,1,-5.947422028,1,2.16859436,1,7.228163242,1,0.307760864,1,-0.964411199,0,-0.640810609,0,1.11154294,0
9.924017906,10.43764496,1,-6.81842947,1,-5.07720089,1,2.611327171,1,7.761083603,1,0.099750131,1,-0.93729043,0,-0.622718394,0,1.081880093,0
9.928017616,10.07435799,1,-7.735306263,1,-4.356315136,1,2.945239544,1,8.209396362,1,-0.150146335,1,-0.908192098,0,-0.603498757,0,1.050640702,0
9.932020187,10.16163731,1,-8.100772858,1,-4.151246548,1,3.148011923,1,8.600534439,1,-0.415703803,1,-0.877839804,0,-0.583262801,0,1.01815629,0
9.936017036,9.533906937,1,-8.322677612,1,-3.807524681,1,3.288704395,1,8.776017189,1,-0.71651119,1,-0.846944809,0,-0.562312186,0,0.984933496,0
9.940016747,8.388243675,1,-7.713438034,1,-3.886126518,1,3.390992403,1,8.778504372,1,-1.021501064,1,-0.816181183,0,-0.541218281,0,0.951725006,0
9.944019318,6.407118797,1,-6.409415722,1,-4.303369045,1,3.514175653,1,8.783851624,1,-1.356758475,1,-0.785641015,0,-0.520172715,0,0.918658137,0
9.948016167,4.222681522,1,-4.873522282,1,-4.941379547,1,3.670372725,1,8.788692474,1,-1.705830812,1,-0.755136728,0,-0.49921152,0,0.885585845,0
9.95201683,2.383223534,1,-3.430470467,1,-5.701907635,1,3.896539927,1,8.795437813,1,-2.071038961,1,-0.724442065,0,-0.478324324,0,0.852419257,0
9.956018448,0.251425385,1,-2.791894674,1,-6.655840397,1,4.137869358,1,8.803318024,1,-2.446655989,1,-0.69332087,0,-0.457486629,0,0.819061935,0
9.960016251,-2.298498631,1,-2.731833935,1,-7.530915737,1,4.349615574,1,8.809526443,1,-2.801561832,1,-0.661820531,0,-0.436626732,0,0.785499215,0
9.964015961,-4.311168194,1,-3.190690279,1,-8.715996742,1,4.505739212,1,8.81417942,1,-3.148581982,1,-0.630147338,0,-0.415643334,0,0.751758695,0
9.968017578,-6.350424767,1,-4.0906353,1,-9.384856224,1,4.611656189,1,8.819343567,1,-3.468562603,1,-0.598540485,0,-0.394454658,0,0.717870474,0
9.972016335,-8.352867126,1,-5.194958687,1,-10.07991505,1,4.632579327,1,8.821232796,1,-3.750363588,1,-0.567317903,0,-0.37294808,0,0.683925629,0
9.976016045,-10.0650425,1,-6.380877972,1,-10.5433321,1,4.588523388,1,8.820855141,1,-4.001198292,1,-0.53685385,0,-0.351032376,0,0.650023818,0
9.980017662,-11.92542648,1,-7.58275032,1,-10.99060154,1,4.488523006,1,8.822075844,1,-4.211521149,1,-0.507420897,0,-0.328642219,0,0.616249323,0
9.984015465,-13.36130714,1,-8.222066879,1,-11.40893841,1,4.337750435,1,8.818293571,1,-4.406870365,1,-0.479275614,0,-0.305731416,0,0.582684517,0
9.988015175,-14.42979622,1,-8.512312889,1,-11.8661871,1,4.139814854,1,8.815690041,1,-4.58739233,1,-0.452646136,0,-0.28229636,0,0.549350858,0
9.992016792,-15.06149101,1,-8.232187271,1,-12.21219254,1,3.937780857,1,8.811805725,1,-4.751935959,1,-0.427644789,0,-0.258359849,0,0.516227007,0
9.996014595,-15.49473476,1,-7.568848133,1,-12.41120052,1,3.767830372,1,8.809938431,1,-4.89261961,1,-0.404235721,0,-0.233912706,0,0.483348727,0
10.00001431,-15.67602444,1,-6.54259634,1,-12.30294228,1,3.663170338,1,8.806782722,1,-4.996171474,1,-0.382244676,0,-0.208946854,0,0.450783134,0
10.00401592,-15.67408562,1,-5.255271912,1,-11.97452927,1,3.657781601,1,8.808776855,1,-5.050201416,1,-0.361355215,0,-0.183424324,0,0.418641567,0
10.00801373,-15.52524471,1,-4.145244122,1,-11.66762352,1,3.752025366,1,8.810417175,1,-5.052307129,1,-0.341201991,0,-0.157295927,0,0.387073725,0
10.01201344,-14.8509016,1,-3.120836258,1,-11.31863594,1,3.91210103,1,8.813446045,1,-4.977190018,1,-0.321469724,0,-0.130498096,0,0.356306583,0
10.01601505,-14.93098164,1,-2.283169031,1,-10.59414482,1,4.177310944,1,8.818453789,1,-4.849033356,1,-0.301851362,0,-0.102963917,0,0.326576054,0
10.02001286,-14.89283276,1,-1.308594704,1,-10.40424156,1,4.522292137,1,8.82349205,1,-4.659805775,1,-0.28193754,0,-0.074653119,0,0.298077881,0
10.02401924,-14.82591534,1,-0.832823575,1,-10.14399624,1,4.909822464,1,8.830491066,1,-4.420868397,1,-0.261447996,0,-0.045517784,0,0.271049768,0
10.02802086,-14.36015224,1,-0.380783051,1,-10.04412174,1,5.314590454,1,8.837558746,1,-4.132987499,1,-0.240225956,0,-0.015540887,0,0.245681703,0
10.03201962,-13.80560493,1,0.351892024,1,-9.886439323,1,5.743466854,1,8.844363213,1,-3.809290171,1,-0.218104616,0,0.015285519,0,0.222181842,0
10.03601933,-13.79818058,1,1.169597149,1,-9.65440464,1,6.199600697,1,8.851566315,1,-3.475509405,1,-0.194890752,0,0.046934437,0,0.200657845,0
10.04002094,-14.31125927,1,1.434577465,1,-9.600105286,1,6.672925472,1,8.859400749,1,-3.138684511,1,-0.170372456,0,0.079360165,0,0.181180805,0
10.04401875,-15.07341957,1,1.809676409,1,-9.84936142,1,7.104430199,1,8.867683411,1,-2.843907356,1,-0.130499408,0,0.071003146,0,0.10663496,0
10.04801846,-15.97509289,1,0.990591526,1,-10.10032368,1,7.411977291,1,8.871706963,1,-2.586541414,1,-0.102744065,0,0.104973517,0,0.091666497,0
10.05202007,-16.88654327,1,-0.762369633,1,-9.962175369,1,7.635671616,1,8.875033379,1,-2.362884283,1,-0.074197739,0,0.139451727,0,0.078588158,0
10.05601788,-17.3240757,1,-1.821064234,1,-9.666152954,1,7.704751492,1,8.875983238,1,-2.204900265,1,-0.04525388,0,0.174343318,0,0.067238726,0
10.06001759,-16.70433235,1,0.029597178,1,-11.2294693,1,7.687511921,1,8.842639923,1,-2.207407951,1,-0.016364919,0,0.209526524,0,0.057190154,0
10.0640192,-17.65863228,1,-1.237642765,1,-11.65965843,1,7.564751148,1,8.757618904,1,-2.317019463,1,0.012073182,0,0.244685605,0,0.047848802,0
10.06801701,-17.08096695,1,-0.917766869,1,-13.13352776,1,7.359223843,1,8.636124611,1,-2.46017909,1,0.039597705,0,0.279746443,0,0.038912997,0
10.07201672,-17.15595436,1,0.721117318,1,-14.34496689,1,7.198527813,1,8.463297844,1,-2.685531855,1,0.066101462,0,0.3144449,0,0.030076049,0
10.07601833,-17.99147034,1,2.560728312,1,-15.17401791,1,7.124498844,1,8.308860779,1,-2.982775688,1,0.091775455,0,0.348777592,0,0.020933766,0
10.08001614,-19.31842232,1,3.770918608,1,-15.65926647,1,7.05749464,1,8.187234879,1,-3.352721214,1,0.116633847,0,0.382903159,0,0.011132313,0
10.08401585,-21.36863136,1,4.467071056,1,-15.85029221,1,7.008622169,1,8.10811615,1,-3.795170546,1,0.140546516,0,0.417042196,0,0.000303411,0
10.08801746,-22.97241402,1,4.863120556,1,-16.10665703,1,6.930569172,1,8.037757874,1,-4.293996334,1,0.163287327,0,0.45142135,0,-0.011920424,0
10.09201622,-23.91369247,1,5.135820389,1,-17.02482986,1,6.746020317,1,7.929854393,1,-4.851049423,1,0.184364349,0,0.486057252,0,-0.025910759,0
10.09601593,-24.81585884,1,4.70823288,1,-18.14246368,1,6.46118784,1,7.807426929,1,-5.387475491,1,0.203057885,0,0.520911574,0,-0.041933529,0
10.1000185,-25.3482132,1,4.745494366,1,-19.89320564,1,6.088604927,1,7.600409031,1,-5.875039101,1,0.218866557,0,0.55579859,0,-0.060097419,0
10.1040163,-27.59117126,1,5.861817837,1,-22.54014778,1,5.749189854,1,7.333406448,1,-6.295968056,1,0.231480271,0,0.59034127,0,-0.080410711,0
10.10801601,-30.93889427,1,7.398088932,1,-24.7445488,1,5.484641552,1,7.071416855,1,-6.654058933,1,0.241090238,0,0.624417722,0,-0.102868631,0
10.11201763,-35.99063873,1,9.399700165,1,-26.61014366,1,5.316131592,1,6.835552216,1,-6.934922218,1,0.248012379,0,0.65797317,0,-0.127393827,0
10.11601543,-41.85755539,1,10.85289383,1,-27.61489105,1,5.178268909,1,6.680145741,1,-7.148445129,1,0.252480358,0,0.691135466,0,-0.153813556,0
10.12001514,-46.96053314,1,10.61141014,1,-26.79137611,1,5.062267303,1,6.566278934,1,-7.254675865,1,0.254771203,0,0.723997831,0,-0.181794226,0
10.12401676,-51.84204865,1,9.610453606,1,-25.29657745,1,4.839065552,1,6.556736946,1,-7.275801182,1,0.254961878,0,0.756758273,0,-0.210944444,0
10.12801552,-53.48438263,1,8.410363197,1,-21.7857914,1,4.410585403,1,6.398255825,1,-7.117683411,1,0.252700359,0,0.789118767,0,-0.240828067,0
10.13201428,-56.49077225,1,10.60026264,1,-19.4574585,1,3.98839426,1,6.055428028,1,-6.818660259,1,0.247790098,0,0.820148408,0,-0.270819306,0
10.13601589,-59.58186722,1,11.50689697,1,-18.15213966,1,3.52747941,1,5.649423599,1,-6.520398617,1,0.240354255,0,0.849468708,0,-0.301050931,0
10.1400137,-63.47047806,1,14.83849621,1,-12.33945942,1,3.258203268,1,5.115812778,1,-5.938145161,1,0.231561229,0,0.876245975,0,-0.330587417,0
10.14401913,-68.19648743,1,14.13218117,1,-7.566123486,1,3.070302486,1,4.694964409,1,-5.328783512,1,0.222329691,0,0.9003582,0,-0.358550072,0
10.14802265,-67.73891449,1,10.27731991,1,-2.299766064,1,2.643971205,1,4.093247414,1,-4.544538498,1,0.213833317,0,0.92183578,0,-0.383847058,0
10.1520195,-62.93770981,1,9.368011475,1,3.92777586,1,2.149615049,1,3.430227518,1,-3.635891914,1,0.20615457,0,0.939996421,0,-0.405394495,0
10.15602016,-58.64581299,1,12.28032494,1,7.840388298,1,1.713198781,1,2.681771755,1,-2.775475502,1,0.199815676,0,0.954555213,0,-0.422640413,0
10.16002178,-55.04523849,1,19.10154152,1,9.513043404,1,1.57648325,1,1.960373402,1,-2.043399334,1,0.195482373,0,0.965538681,0,-0.435871601,0
10.16401959,-53.35225296,1,25.53241539,1,9.740968704,1,1.715338826,1,1.300076604,1,-1.505446434,1,0.193740383,0,0.973254561,0,-0.445905656,0
10.1680193,-52.91240692,1,26.57299995,1,10.23280621,1,1.85208416,1,0.855356455,1,-1.113691688,1,0.194595575,0,0.97845763,0,-0.453546196,0
10.17202091,-50.86889648,1,21.49730301,1,10.69710541,1,1.710821033,1,0.442013174,1,-0.76441741,1,0.197085723,0,0.981748998,0,-0.459270269,0
10.17601872,-48.55532455,1,14.76470566,1,10.91928673,1,1.132759452,1,0.044628631,1,-0.366991013,1,0.199786156,0,0.98315239,0,-0.46295464,0
10.18001843,-45.41509247,1,10.76435947,1,10.49886894,1,0.337713242,1,-0.383695424,1,0.035205875,1,0.201582655,0,0.982632041,0,-0.464376807,0
10.18401909,-42.42499161,1,12.15259457,1,9.571958542,1,-0.40840739,1,-0.833551884,1,0.435917228,1,0.20206295,0,0.980052292,0,-0.463583529,0
10.18801785,-40.4947319,1,16.28207588,1,8.196473122,1,-0.859667778,1,-1.220052838,1,0.803475559,1,0.201824352,0,0.975514948,0,-0.460709363,0
10.19201756,-39.09379196,1,17.47262192,1,6.897576809,1,-1.001192212,1,-1.52572906,1,1.166583776,1,0.202077672,0,0.969335139,0,-0.455836147,0
10.19601917,-36.60071182,1,15.42748642,1,6.11930418,1,-1.035044312,1,-1.812648892,1,1.560714602,1,0.203759059,0,0.961714864,0,-0.448828846,0
10.20001698,-33.14487076,1,12.95680809,1,6.156019688,1,-1.044484496,1,-2.152660131,1,1.971488237,1,0.207115605,0,0.952516496,0,-0.439624906,0
10.20401669,-30.08682632,1,11.24088764,1,6.020381451,1,-0.994816124,1,-2.477908373,1,2.319659233,1,0.212041557,0,0.941658735,0,-0.428525299,0
10.2080183,-24.88577461,1,5.781248093,1,3.306467772,1,-1.037268639,1,-2.739307642,1,2.633476496,1,0.218152538,0,0.929345608,0,-0.416012317,0
10.21201611,25.34767342,1,-31.15214157,1,-7.101415634,1,-3.977819681,1,-3.934915066,1,2.842784405,1,0.219937459,0,0.914615273,0,-0.402372986,0
10.21601582,-61.52185822,1,2.048234701,1,25.65908432,1,-5.787983894,1,-6.180751324,1,3.473228216,1,0.208437935,0,0.891377926,0,-0.390467197,0
10.22001743,33.43053055,1,-26.33609772,1,8.399558067,1,-5.919631481,1,-5.406748772,1,3.573013306,1,0.196993589,0,0.866534114,0,-0.37552762,0
10.22401524,5.928110123,1,-20.7348156,1,-10.75348282,1,-8.062594414,1,-7.953742504,1,4.281712532,1,0.180718556,0,0.837732434,0,-0.360159039,0
10.22801495,1.727138758,1,-6.319333553,1,-34.64512253,1,-8.158289909,1,-8.912486076,1,4.383470535,1,0.159173831,0,0.8007164,0,-0.343896449,0
10.23201656,-13.61246109,1,-22.72816086,1,-66.77456665,1,-8.542302132,1,-8.920742989,1,4.708641052,1,0.139717713,0,0.76275897,0,-0.325943291,0
10.23601437,-55.30831909,1,-24.09600449,1,-77.43965912,1,-8.612981796,1,-8.930275917,1,5.867900372,1,0.120191813,0,0.724652588,0,-0.304001272,0
10.24001408,-88.92097473,1,15.31994915,1,-52.01702499,1,-8.618916512,1,-8.938088417,1,7.215841293,1,0.104352102,0,0.686238766,0,-0.275262594,0
10.24401569,-74.40821075,1,46.85566711,1,-31.67728233,1,-8.620318413,1,-8.939487457,1,7.381112576,1,0.090496056,0,0.647751272,0,-0.241920874,0
10.2480135,-53.11912537,1,50.44325638,1,-38.66061783,1,-7.879493713,1,-8.908829689,1,4.836391449,1,0.072597325,0,0.610126436,0,-0.2150518,0
10.25201321,-45.28022003,1,39.48061752,1,-31.42048264,1,-5.787141323,1,-8.85675621,1,3.258282185,1,0.054713916,0,0.573675752,0,-0.198816031,0
10.25601578,-28.24161911,1,37.76692581,1,-13.84619808,1,-4.955957413,1,-7.949407101,1,2.769478083,1,0.040028475,0,0.538968444,0,-0.186602041,0
10.26001263,-52.20223618,1,37.54039001,1,-18.07703018,1,-3.655490637,1,-5.258627415,1,2.646972895,1,0.028125834,0,0.511826873,0,-0.175634846,0
10.26401234,-89.12546539,1,45.51290894,1,-15.19111824,1,-1.611688733,1,-1.71699965,1,2.68921566,1,0.023367027,0,0.497772396,0,-0.163517043,0
10.26802063,-23.67893982,1,-10.72234344,1,2.147860289,1,-0.639579713,1,-1.707969427,1,1.154177785,1,0.023685396,0,0.491683871,0,-0.154484704,0
10.27202416,-23.65373802,1,-0.190354481,1,-2.023703575,1,-0.733916223,1,-2.357897758,1,-0.035851393,1,0.021539906,0,0.483053952,0,-0.15277639,0
10.27602387,-8.930438995,1,32.56727219,1,-11.02012253,1,0.005482683,1,-1.36436975,1,0.440500349,1,0.020449314,0,0.47559309,0,-0.152337924,0
10.28002644,-6.191454411,1,12.24461174,1,-9.47008419,1,0.413924158,1,-1.189285159,1,0.902394056,1,0.022860585,0,0.470358193,0,-0.149005577,0
10.28402424,-9.017749786,1,-22.92984772,1,-7.911671638,1,0.28092581,1,-1.0286057,1,0.265576184,1,0.025404014,0,0.466097981,0,-0.146604434,0
10.28802395,-10.18489933,1,-24.73965836,1,-10.67761898,1,-0.24256359,1,-1.067248106,1,0.578303218,1,0.026122656,0,0.46187827,0,-0.14515847,0
10.29202557,-4.432958126,1,-12.5219183,1,-14.06409454,1,-0.682861865,1,-0.975090444,1,1.119488955,1,0.045015659,0,0.403702796,0,-0.144030422,0
10.29602432,-5.770168781,1,-1.791878104,1,-12.5315361,1,-0.767169952,1,-1.122061968,1,1.238837838,1,0.043979224,0,0.399228513,0,-0.139003098,0
10.30002308,-4.793432713,1,0.66424489,1,-15.14544296,1,-0.691259801,1,-1.210575938,1,1.219566584,1,0.043022361,0,0.394356161,0,-0.133860275,0
10.3040247,0.620938182,1,-2.972360373,1,-13.69181919,1,-0.669399321,1,-1.349211693,1,1.080974936,1,0.042175997,0,0.389070451,0,-0.12913245,0
10.3080225,-7.629553795,1,-1.454919815,1,-10.66256332,1,-0.664852738,1,-1.469820857,1,1.047944546,1,0.041100129,0,0.383248091,0,-0.124843664,0
10.31202221,-15.72763634,1,6.078285217,1,-5.96724844,1,-0.622508109,1,-1.433433414,1,1.18859005,1,0.040114306,0,0.377202988,0,-0.120307423,0
10.31602383,-9.010912895,1,-1.607860923,1,-6.112709045,1,-0.417973876,1,-1.272481084,1,1.075129986,1,0.039856263,0,0.371630132,0,-0.115592174,0
10.32002163,-2.94024229,1,0.486575991,1,-8.349606514,1,-0.397448897,1,-1.221385837,1,0.882235825,1,0.039619677,0,0.366517246,0,-0.111654058,0
10.32402134,-4.703344345,1,7.874548912,1,-10.78768635,1,-0.333704263,1,-1.208879232,1,0.879631221,1,0.039423544,0,0.361543894,0,-0.108104922,0
10.32802296,-6.890387535,1,2.981738091,1,-11.99183655,1,-0.215111613,1,-1.404174566,1,0.75475502,1,0.039469838,0,0.356231153,0,-0.104795635,0
10.33202076,-7.275205135,1,-2.273078203,1,-13.35985279,1,-0.144833297,1,-1.666893363,1,0.730975568,1,0.039863646,0,0.349981189,0,-0.101979092,0
10.33602047,-5.19062233,1,-2.62989521,1,-14.4082098,1,-0.411993682,1,-1.889550447,1,0.837345719,1,0.039716586,0,0.342745006,0,-0.09890303,0
10.34002209,-4.672379017,1,-4.685353756,1,-16.164505,1,-0.328138679,1,-2.176819324,1,0.77004379,1,0.039315864,0,0.334514648,0,-0.095823362,0
10.34401989,-0.940646827,1,-3.269638777,1,-18.68280602,1,-0.668723643,1,-2.502971411,1,0.746283829,1,0.038272619,0,0.32507509,0,-0.092963755,0
10.3480196,-1.596612334,1,2.605030537,1,-20.55402946,1,-0.748626292,1,-2.9607656,1,0.668370187,1,0.036158688,0,0.314059436,0,-0.090425298,0
10.35202122,-4.229106426,1,1.537621021,1,-20.25349808,1,-0.683359563,1,-3.50903511,1,0.660742104,1,0.034020063,0,0.301031351,0,-0.088105239,0
10.35601902,-5.957951546,1,-2.208178997,1,-21.91013336,1,-0.764572442,1,-4.045595646,1,0.645006478,1,0.031771734,0,0.285878241,0,-0.085945487,0
10.36001873,-0.431228429,1,-5.235396862,1,-22.08086205,1,-0.91252315,1,-4.546016693,1,0.747182786,1,0.02909472,0,0.268654466,0,-0.083615445,0
10.36402035,1.832573414,1,-7.083348274,1,-24.02199554,1,-1.088194132,1,-5.300470829,1,0.84572643,1,0.025782788,0,0.248911038,0,-0.080864914,0
10.36801815,0.648446083,1,-6.968070984,1,-25.27326584,1,-1.214748025,1,-6.08495903,1,1.074349284,1,0.021956809,0,0.22602959,0,-0.077507429,0
10.37201786,2.223330975,1,-5.429671764,1,-24.88694,1,-1.198242784,1,-6.771533966,1,1.252440095,1,0.017991647,0,0.200216591,0,-0.073233239,0
10.37602043,5.081394196,1,-5.831036091,1,-23.65516853,1,-1.108822703,1,-7.514584541,1,1.441735506,1,0.014327422,0,0.171594352,0,-0.068238378,0
10.38001728,5.385835648,1,-7.926960945,1,-23.95666122,1,-1.121414542,1,-8.401477814,1,1.691355467,1,0.010815128,0,0.139684528,0,-0.062297601,0
10.38401699,6.511106491,1,-7.440406322,1,-22.89823532,1,-1.22056663,1,-8.75209713,1,1.870880485,1,0.00693134,0,0.105039023,0,-0.055411838,0
10.38803196,7.91900301,1,-6.191540718,1,-23.0418911,1,-1.319675565,1,-8.756101608,1,2.063369036,1,0.002511542,0,0.069985315,0,-0.047737714,0
10.39204121,6.330188751,1,-4.22358036,1,-23.50033951,1,-1.326142192,1,-8.757059097,1,2.252428293,1,-0.00232732,0,0.034959178,0,-0.0390319,0
10.39604759,5.116130352,1,-3.928060055,1,-21.61805725,1,-1.350214005,1,-8.759016991,1,2.432784319,1,-0.007460346,0,-2.66E-05,0,-0.029570425,0
10.40004921,2.960673332,1,-4.186572075,1,-22.13447571,1,-1.487581015,1,-8.762724876,1,2.663089991,1,-0.013378978,0,-0.03496151,0,-0.018973686,0
10.40404797,-3.443711281,1,-0.827341557,1,-22.16794586,1,-1.333966494,1,-8.760812759,1,2.845738173,1,-0.019687306,0,-0.069822498,0,-0.007365497,0
10.40804672,-2.694912434,1,4.050880432,1,-23.30653954,1,-0.99380362,1,-8.754675865,1,3.001638651,1,-0.025485473,0,-0.104577646,0,0.005190773,0
10.41204834,-13.26388168,1,8.118073463,1,-24.66296768,1,-0.340283722,1,-8.740497589,1,2.851819754,1,-0.029860824,0,-0.139228269,0,0.018091464,0
10.41604614,-26.94721031,1,9.043179512,1,-22.02043152,1,0.62781918,1,-8.719136238,1,2.652926922,1,-0.031182034,0,-0.173794687,0,0.030200642,0
10.42004585,-28.33400917,1,8.951028824,1,-16.81534386,1,1.506201863,1,-8.70010376,1,2.624415159,1,-0.029216453,0,-0.208293751,0,0.042120185,0
10.42404842,-34.98683167,1,9.695289612,1,-12.39974117,1,2.473946571,1,-8.680559158,1,2.599286079,1,-0.023860188,0,-0.242765099,0,0.053664371,0
10.42804718,-40.24249268,1,10.33405399,1,-8.75392437,1,3.347824097,1,-8.663407326,1,2.747192621,1,-0.01522646,0,-0.277236402,0,0.065374345,0
10.43204594,-55.28659439,1,10.15180016,1,-7.760519505,1,3.849304676,1,-8.654052734,1,3.0247612,1,-0.004392131,0,-0.311751962,0,0.077907123,0
10.43604755,-65.9115448,1,7.821808338,1,-3.38184762,1,4.075878143,1,-8.649435997,1,3.063039064,1,0.007437695,0,-0.346372128,0,0.090700813,0
10.44004631,-68.17247009,1,5.232786655,1,1.880204439,1,3.955298185,1,-8.651089668,1,2.831435919,1,0.019221213,0,-0.381123662,0,0.10284362,0
10.44404602,-51.8314476,1,2.695666552,1,4.445405483,1,3.539737701,1,-7.088475227,1,2.856523037,1,0.02987227,0,-0.413126051,0,0.114396386,0
10.44804859,-36.28342438,1,-12.47397423,1,8.783722878,1,2.748601198,1,-5.30291748,1,2.706565142,1,0.037982948,0,-0.438258469,0,0.125637263,0
10.45204544,-18.3454895,1,-27.07827568,1,6.223066807,1,0.744968891,1,-3.841141701,1,2.707479477,1,0.040397756,0,-0.456851184,0,0.136941671,0
10.45604515,-17.94236946,1,-6.306154728,1,8.673609734,1,-1.192726731,1,-4.188107491,1,3.058076143,1,0.033883434,0,-0.472659707,0,0.14876999,0
10.46004772,-76.88829041,1,-4.047445297,1,-9.905073166,1,-1.968712091,1,-3.456405163,1,3.13455534,1,0.020957036,0,-0.488953114,0,0.162341431,0
10.46404553,-56.03134918,1,-9.744961739,1,-13.97313786,1,-2.858300209,1,-1.805712581,1,3.289938688,1,0.004604658,0,-0.499451935,0,0.176802084,0
10.46804524,-22.51026917,1,-5.211938858,1,-11.70640182,1,-3.694489717,1,-1.810551286,1,3.373203278,1,-0.016015805,0,-0.506159425,0,0.192108214,0
10.4720459,-6.08513689,1,4.058106422,1,-11.32889938,1,-3.73711729,1,-2.837822437,1,3.369092226,1,-0.038707335,0,-0.514904141,0,0.207716972,0
10.47604466,-7.83769846,1,4.154743671,1,-8.123825073,1,-3.667286396,1,-3.831423998,1,3.678341627,1,-0.062053606,0,-0.52745384,0,0.224807426,0
10.48004437,-12.14060497,1,3.844988108,1,-8.087368011,1,-3.286364794,1,-4.726929188,1,3.916887522,1,-0.085843176,0,-0.543519855,0,0.243914306,0
10.48404503,-21.41609192,1,5.863886356,1,-11.00855923,1,-2.637401104,1,-5.053936958,1,3.977626085,1,-0.108595513,0,-0.561598182,0,0.264692813,0
10.48804379,-26.05383873,1,5.897739887,1,-13.07158279,1,-1.917826295,1,-4.993509769,1,3.880065203,1,-0.129311174,0,-0.579729557,0,0.286117792,0
10.4920435,-27.5359993,1,3.533704758,1,-14.35071087,1,-1.196960211,1,-4.830057144,1,3.727076769,1,-0.147399202,0,-0.597096324,0,0.307495445,0
10.49604416,-29.5659256,1,0.620951355,1,-15.68427563,1,-0.626521289,1,-4.559226513,1,3.567290545,1,-0.162988275,0,-0.613420725,0,0.328565896,0
10.50004292,-28.58866882,1,-3.474884987,1,-16.6398983,1,-0.281437755,1,-4.209303856,1,3.425985575,1,-0.176714927,0,-0.628337979,0,0.349146038,0
10.50404263,-25.52106285,1,-7.1013484,1,-17.34391403,1,-0.174049646,1,-3.925077677,1,3.309737206,1,-0.18952103,0,-0.64185226,0,0.369265467,0
10.50804997,-23.26263237,1,-9.211285591,1,-17.72911072,1,-0.214977279,1,-3.757491589,1,3.255338192,1,-0.202265769,0,-0.654344261,0,0.389151573,0
10.51205444,-22.43894005,1,-10.13319016,1,-17.96122932,1,-0.347844034,1,-3.676442146,1,3.252720594,1,-0.215660438,0,-0.666187286,0,0.409166634,0
10.51605415,-21.90055847,1,-10.54585743,1,-18.12197685,1,-0.531058073,1,-3.645622253,1,3.28040266,1,-0.230109245,0,-0.677571654,0,0.429576695,0
10.52005577,-21.74821663,1,-10.9587326,1,-18.24599266,1,-0.741624475,1,-3.652578354,1,3.319048166,1,-0.245890781,0,-0.688638151,0,0.450543046,0
10.52405357,-21.85997772,1,-11.08908939,1,-18.92267418,1,-0.958085954,1,-3.647161007,1,3.339128494,1,-0.263078481,0,-0.69940865,0,0.472090513,0
10.52805328,-21.85536766,1,-11.78681183,1,-19.13277435,1,-1.196635008,1,-3.680213213,1,3.381494045,1,-0.281741381,0,-0.709907353,0,0.49424684,0
10.5320549,-21.78661156,1,-11.98729992,1,-19.81092072,1,-1.438206077,1,-3.736641645,1,3.420352221,1,-0.302025884,0,-0.720200539,0,0.517150462,0
10.5360527,-22.11617279,1,-12.26364803,1,-20.52093887,1,-1.665173411,1,-3.807846069,1,3.447110653,1,-0.323952913,0,-0.730324447,0,0.540837526,0
10.54005241,-22.16307259,1,-12.44166279,1,-21.3915863,1,-1.88011384,1,-3.890575409,1,3.479128122,1,-0.347467095,0,-0.740304112,0,0.565321445,0
10.54405403,-22.45256042,1,-12.21850872,1,-22.53789139,1,-2.057958364,1,-3.979727268,1,3.473419905,1,-0.40253967,0,-0.775255442,0,0.601166844,0
10.54805183,-22.89178467,1,-12.28306866,1,-23.44170189,1,-2.199362278,1,-4.062950134,1,3.447633266,1,-0.430031478,0,-0.784376204,0,0.628132403,0
10.55205154,-23.31355858,1,-12.0433712,1,-24.31310272,1,-2.305474043,1,-4.123854637,1,3.398071766,1,-0.458580464,0,-0.793281913,0,0.655662954,0
10.55605316,-23.47953796,1,-11.99905586,1,-25.08271599,1,-2.389040709,1,-4.172745705,1,3.333000422,1,-0.488016963,0,-0.801920772,0,0.683666825,0
10.56005096,-23.4342041,1,-12.10866261,1,-25.81805038,1,-2.456639767,1,-4.19043541,1,3.253864527,1,-0.518170893,0,-0.810221732,0,0.712009609,0
10.56405067,-23.04890442,1,-12.36889648,1,-26.39808846,1,-2.507471561,1,-4.19827795,1,3.174506426,1,-0.548853278,0,-0.818119645,0,0.740564048,0
10.56805229,-22.50578308,1,-12.69154167,1,-26.85794449,1,-2.56693697,1,-4.188342571,1,3.090500116,1,-0.580051839,0,-0.825597942,0,0.769297123,0
10.5720501,-22.10325432,1,-13.14904118,1,-27.26277161,1,-2.630460739,1,-4.163484097,1,3.007430077,1,-0.611696243,0,-0.832581282,0,0.798115849,0
10.57604981,-21.57353973,1,-13.65548992,1,-27.54349709,1,-2.701155663,1,-4.126877308,1,2.933137894,1,-0.643759251,0,-0.839030027,0,0.826980472,0
10.58005238,-20.68513298,1,-14.14562893,1,-27.77085114,1,-2.779139042,1,-4.086577415,1,2.866787434,1,-0.676251411,0,-0.844905376,0,0.855856359,0
10.58404923,-19.37920761,1,-14.51513004,1,-27.95249748,1,-2.875772953,1,-4.058959007,1,2.81471777,1,-0.709240735,0,-0.850186646,0,0.884764194,0
10.58804894,-17.96028137,1,-14.56072807,1,-28.0698204,1,-2.976992369,1,-4.046234608,1,2.763296843,1,-0.742809534,0,-0.854903996,0,0.913793802,0
10.59205055,-16.9054985,1,-14.57126331,1,-28.00995255,1,-3.064234018,1,-4.035063744,1,2.715578318,1,-0.776931286,0,-0.85906893,0,0.942929029,0
10.5960474,-15.82267094,1,-14.07403278,1,-28.1589489,1,-3.116948128,1,-4.009809971,1,2.664537191,1,-0.811413884,0,-0.862670958,0,0.972100854,0
10.60004616,-13.94486713,1,-14.05114841,1,-28.74442673,1,-3.144487143,1,-4.026375294,1,2.607761621,1,-0.846168578,0,-0.865758657,0,1.001320243,0
10.60404873,-12.58913136,1,-13.62591171,1,-29.31457138,1,-3.160830975,1,-4.035765171,1,2.550412178,1,-0.88113451,0,-0.868377507,0,1.030618548,0
10.60804653,-11.30132294,1,-12.62433147,1,-30.55663872,1,-3.112186193,1,-4.044977188,1,2.472783566,1,-0.916090667,0,-0.870583236,0,1.059926391,0
10.61204624,-10.02706814,1,-11.59311676,1,-31.91548157,1,-3.003519773,1,-4.017659664,1,2.360615253,1,-0.95059669,0,-0.872416079,0,1.089011192,0
10.61604691,-9.780212402,1,-11.10961628,1,-32.85352707,1,-2.85353899,1,-3.8782444,1,2.218735933,1,-0.984062433,0,-0.873852849,0,1.117399335,0
10.62004471,-10.04492092,1,-11.84673214,1,-32.97662354,1,-2.689312935,1,-3.571298599,1,2.042714119,1,-1.015724659,0,-0.87474823,0,1.144221902,0
10.62404347,-10.0899086,1,-13.20357132,1,-32.07188797,1,-2.610210419,1,-3.031323195,1,1.808401704,1,-1.04465723,0,-0.874951124,0,1.168142676,0
10.6280508,-8.682993889,1,-14.3316555,1,-30.79802132,1,-2.661156416,1,-2.333751202,1,1.509369612,1,-1.070302486,0,-0.874452949,0,1.187862873,0
10.63205433,-6.609981537,1,-15.46543026,1,-28.57447052,1,-2.798677683,1,-1.52962935,1,1.232110739,1,-1.09245944,0,-0.873265147,0,1.202516079,0
10.63605499,-5.559081554,1,-15.12701225,1,-26.7677784,1,-2.87824297,1,-0.679100811,1,1.000788689,1,-1.110940814,0,-0.87130034,0,1.211791635,0
10.64005566,-4.143582344,1,-14.20072651,1,-25.13136292,1,-2.875971079,1,0.213211626,1,0.822591722,1,-1.125339508,0,-0.868442893,0,1.215555668,0
10.64405346,-0.74724704,1,-14.43895721,1,-22.89330101,1,-2.828684807,1,1.129920244,1,0.706443071,1,-1.135395765,0,-0.864557743,0,1.213790655,0
10.64805317,3.751089811,1,-14.8711977,1,-20.66498375,1,-2.777422667,1,1.952973843,1,0.623206556,1,-1.141356468,0,-0.859555364,0,1.206866264,0
10.65205383,10.06908703,1,-13.54745865,1,-18.54276466,1,-2.681929111,1,2.66266346,1,0.557175338,1,-1.143687844,0,-0.853560209,0,1.195480347,0
10.65605164,15.08075809,1,-11.73984814,1,-15.87243652,1,-2.502553701,1,3.256272793,1,0.524475932,1,-1.142849922,0,-0.846687675,0,1.180496097,0
10.66005135,20.27709579,1,-9.599276543,1,-13.66059113,1,-2.075784922,1,3.762683392,1,0.525205851,1,-1.138684392,0,-0.838912904,0,1.162570357,0
10.66405296,24.53097916,1,-5.984832287,1,-13.09763527,1,-1.483927011,1,4.069489479,1,0.495464683,1,-1.131060362,0,-0.83042872,0,1.142651916,0
10.66805077,23.71947289,1,-4.019201756,1,-11.37460041,1,-0.795960486,1,4.480044365,1,0.491953641,1,-1.11989224,0,-0.821304619,0,1.121222496,0
10.67204952,24.86546898,1,-2.386004448,1,-8.997938156,1,0.018906251,1,5.01122427,1,0.434627473,1,-1.104260325,0,-0.811247468,0,1.09757781,0
10.67605114,25.8122673,1,-1.746937037,1,-7.476153851,1,0.915061712,1,5.615459919,1,0.2699866,1,-1.083397985,0,-0.800175071,0,1.071189761,0
10.68004894,22.89405632,1,-2.289119244,1,-6.329827309,1,1.758535743,1,6.19470787,1,-0.023199994,1,-1.057239532,0,-0.788407028,0,1.042043447,0
10.68404865,19.0724659,1,-1.893220901,1,-5.735844612,1,2.50244832,1,6.860640049,1,-0.4103598,1,-1.025867105,0,-0.775964499,0,1.009672046,0
10.68804932,16.05604172,1,-2.603349447,1,-5.619826794,1,3.124863863,1,7.452073574,1,-0.855803251,1,-0.989801347,0,-0.76280582,0,0.974045396,0
10.69204712,13.71894932,1,-3.464753628,1,-4.471385002,1,3.55638504,1,8.031435013,1,-1.314512372,1,-0.949988127,0,-0.748867154,0,0.935545325,0
10.69604683,12.98880386,1,-3.68903923,1,-3.617602587,1,3.819922924,1,8.507032394,1,-1.78503406,1,-0.907515049,0,-0.73399663,0,0.894547403,0
10.70004845,13.25937939,1,-2.905718088,1,-3.178674936,1,3.949482441,1,8.798331261,1,-2.300051928,1,-0.86344707,0,-0.718290448,0,0.851623535,0
10.70404625,13.59977818,1,-1.707107186,1,-4.173142433,1,4.07866621,1,8.804358482,1,-2.811156511,1,-0.818978667,0,-0.702445567,0,0.808014274,0
10.70804596,11.05811405,1,-0.221509323,1,-5.413236141,1,4.212640285,1,8.809091568,1,-3.300458431,1,-0.774278641,0,-0.686561704,0,0.764101863,0
10.71204662,6.549438953,1,-0.224981755,1,-7.199749947,1,4.302377224,1,8.814340591,1,-3.723168373,1,-0.72954011,0,-0.670413077,0,0.719990015,0
10.71604443,2.306054115,1,-0.490977824,1,-8.808002472,1,4.283342361,1,8.815483093,1,-4.106302738,1,-0.685198545,0,-0.653790295,0,0.675837994,0
10.72004318,-0.916409373,1,-1.092066169,1,-9.867519379,1,4.200158596,1,8.816248894,1,-4.444482327,1,-0.641727984,0,-0.636540294,0,0.631784439,0
10.7240448,-3.677340746,1,-1.755925417,1,-10.81399059,1,4.084458828,1,8.815426826,1,-4.729743004,1,-0.599463224,0,-0.618512511,0,0.588021457,0
10.7280426,-6.200456619,1,-2.560305834,1,-11.6758976,1,3.908311605,1,8.813321114,1,-4.986561298,1,-0.55864805,0,-0.599639416,0,0.544654131,0
10.73204231,-7.637030602,1,-3.096925974,1,-12.51017475,1,3.664043665,1,8.809854507,1,-5.187497139,1,-0.519668758,0,-0.579840064,0,0.501862586,0
10.73604393,-9.311221123,1,-3.600586176,1,-13.05932522,1,3.339947462,1,8.803015709,1,-5.317694664,1,-0.483023524,0,-0.559047461,0,0.459878296,0
10.74004078,-10.42739391,1,-3.454025745,1,-13.66219807,1,3.003510475,1,8.796268463,1,-5.396813393,1,-0.44898361,0,-0.537228763,0,0.418907821,0
10.74404049,-11.72820091,1,-3.254612684,1,-14.06477356,1,2.692222357,1,8.79026413,1,-5.415799141,1,-0.417625368,0,-0.514392734,0,0.379121095,0
10.74804783,-12.63123608,1,-2.904070139,1,-14.44857693,1,2.416543961,1,8.785121918,1,-5.365458012,1,-0.388945639,0,-0.490529358,0,0.340736747,0
10.75205135,-13.20711422,1,-2.082204819,1,-14.75187588,1,2.223056555,1,8.778719902,1,-5.252859592,1,-0.362770975,0,-0.465651184,0,0.303954422,0
10.75605106,-13.75972176,1,-1.771424174,1,-15.0372076,1,2.100436687,1,8.775679588,1,-5.067241192,1,-0.338815004,0,-0.439776182,0,0.268964201,0
10.76005268,-14.09870148,1,-0.704513252,1,-15.29355431,1,2.067124367,1,8.774537086,1,-4.836695194,1,-0.316843897,0,-0.412927926,0,0.235940427,0
10.76405048,-14.56485939,1,0.058330648,1,-15.37755775,1,2.11978054,1,8.773817062,1,-4.574288845,1,-0.296453297,0,-0.385151803,0,0.204969898,0
10.76805019,-15.108675,1,0.300792098,1,-15.05161095,1,2.261358023,1,8.774947166,1,-4.266875744,1,-0.277245104,0,-0.356495321,0,0.176110148,0
10.77205086,-14.98210049,1,0.75680089,1,-14.79165077,1,2.476344347,1,8.776432037,1,-3.919066906,1,-0.258848995,0,-0.326989204,0,0.149470866,0
10.77604866,-15.2711525,1,0.576990426,1,-14.1691103,1,2.742718697,1,8.781250954,1,-3.536626816,1,-0.240969554,0,-0.296654224,0,0.125165239,0
10.78004837,-15.47533703,1,1.080650926,1,-13.85389996,1,3.069478273,1,8.784399986,1,-3.155774355,1,-0.223271579,0,-0.265547365,0,0.103196256,0
10.78404999,-14.78938389,1,1.672947884,1,-13.99528122,1,3.431016207,1,8.790122986,1,-2.794463634,1,-0.205395207,0,-0.233737141,0,0.08347667,0
10.78804779,-14.45860958,1,1.626924276,1,-13.43689537,1,3.815088511,1,8.795484543,1,-2.394459248,1,-0.187134609,0,-0.201267391,0,0.066018663,0
10.79204655,-14.92602539,1,1.194335461,1,-12.70999241,1,4.241012096,1,8.802288055,1,-1.975107193,1,-0.192341313,0,-0.159092665,0,0.092713095,0
10.79604816,-14.78140831,1,1.233701944,1,-12.02009296,1,4.699972153,1,8.810173988,1,-1.568804264,1,-0.172544867,0,-0.125741437,0,0.07921762,0
10.80004597,-14.71188259,1,1.21856308,1,-11.37462902,1,5.17774868,1,8.816691399,1,-1.210708022,1,-0.151584089,0,-0.091848977,0,0.067982405,0
10.80404568,-14.4223814,1,1.105183363,1,-10.60491085,1,5.63196516,1,8.825828552,1,-0.912522674,1,-0.129266188,0,-0.057508931,0,0.058819301,0
10.8080473,-14.25092983,1,0.187658176,1,-10.84852219,1,6.055969715,1,8.833450317,1,-0.684913993,1,-0.105589345,0,-0.022809228,0,0.05154207,0
10.8120451,-14.18083763,1,-0.184326023,1,-11.13506222,1,6.37563324,1,8.838096619,1,-0.570573568,1,-0.080657005,0,0.012146725,0,0.045778625,0
10.81604385,-14.47078514,1,-0.609032631,1,-11.46350956,1,6.531059265,1,8.841346741,1,-0.553120494,1,-0.054939635,0,0.047269929,0,0.041141819,0
10.82004547,-14.39388466,1,-1.378289342,1,-11.91514969,1,6.623026371,1,8.844477654,1,-0.596589386,1,-0.028865622,0,0.082513124,0,0.037379526,0
10.82404232,-15.568923,1,-2.902688742,1,-11.87731743,1,6.679688454,1,8.845611572,1,-0.697999179,1,-0.002560142,0,0.117845915,0,0.034230977,0
10.82804203,-16.10762024,1,-4.141531944,1,-12.74911785,1,6.639602184,1,8.846193314,1,-0.861829221,1,0.023740297,0,0.153257549,0,0.0314692,0
10.83204365,-16.52898407,1,-4.983489513,1,-14.15015793,1,6.537390709,1,8.845267296,1,-1.109242439,1,0.049658597,0,0.188760981,0,0.028815012,0
10.83604145,-16.36488533,1,-4.881792068,1,-15.71451759,1,6.387877941,1,8.843462944,1,-1.461273551,1,0.074921742,0,0.224388555,0,0.025860045,0
10.84004116,-16.71422768,1,-3.698249578,1,-17.55864525,1,6.231450558,1,8.843272209,1,-1.901061177,1,0.099256292,0,0.260210127,0,0.022169938,0
10.84404182,-17.34423256,1,-1.311583161,1,-19.6085701,1,6.173069,1,8.845930099,1,-2.436682701,1,0.122679561,0,0.296331316,0,0.017288866,0
10.84803963,-18.46954155,1,1.370735884,1,-21.13906288,1,6.251470566,1,8.850805283,1,-3.003801346,1,0.145503372,0,0.332860827,0,0.010925578,0
10.85203934,-19.55939102,1,3.451325893,1,-22.07481956,1,6.483680248,1,8.858577728,1,-3.562196016,1,0.168223903,0,0.369896948,0,0.003000722,0
10.85604,-19.70183563,1,3.42484951,1,-22.37971687,1,6.720582962,1,8.8663311,1,-4.076996326,1,0.191106036,0,0.407510817,0,-0.006426691,0
10.8600378,-24.19523811,1,3.845700264,1,-23.35157585,1,6.983825207,1,8.754961014,1,-4.698924541,1,0.213958934,0,0.445575982,0,-0.017496839,0
10.86403751,-24.40295601,1,1.639505744,1,-23.72846794,1,7.061977386,1,8.552649498,1,-5.238662243,1,0.23625797,0,0.48379612,0,-0.030543391,0
10.86804581,-26.21154976,1,0.151727796,1,-25.08665085,1,6.870192528,1,8.293723106,1,-5.733163357,1,0.256966919,0,0.521848619,0,-0.045433667,0
10.87204933,-28.7037487,1,-1.459450722,1,-26.22478867,1,6.527853489,1,8.051172256,1,-6.197202206,1,0.275127143,0,0.559649527,0,-0.062280092,0
10.87604904,-32.00295639,1,-1.943714499,1,-27.62727547,1,6.099630356,1,7.771911144,1,-6.588341236,1,0.290103853,0,0.597179592,0,-0.081068575,0
10.88005161,-37.07508469,1,-0.329928666,1,-28.85843277,1,5.732758045,1,7.500379086,1,-6.974191666,1,0.301676512,0,0.63428098,0,-0.101942882,0
10.88404846,-41.49998856,1,-0.778654873,1,-29.04077148,1,5.367803097,1,7.254413605,1,-7.20639658,1,0.309982419,0,0.670996904,0,-0.124825411,0
10.88804817,-47.94209671,1,0.602763474,1,-29.03530693,1,5.126373768,1,7.005172729,1,-7.408972263,1,0.315226138,0,0.7071473,0,-0.149526581,0
10.89204979,-50.74880981,1,2.210114479,1,-27.94157219,1,4.87216568,1,6.616994858,1,-7.422733784,1,0.317763031,0,0.742342055,0,-0.175909266,0
10.89604664,-55.17602158,1,4.29622364,1,-25.84675789,1,4.581335068,1,6.142042637,1,-7.266514301,1,0.317741752,0,0.775754035,0,-0.203432098,0
10.9000473,-58.62802505,1,9.165811539,1,-23.87596893,1,4.47898531,1,5.676970959,1,-7.013373375,1,0.315810025,0,0.807154953,0,-0.231617957,0
10.90404797,-64.18774414,1,12.5927906,1,-19.32016945,1,4.393421173,1,5.244853497,1,-6.528096676,1,0.312957227,0,0.836256623,0,-0.259623021,0
10.90804577,-66.14136505,1,9.80317688,1,-15.12933254,1,4.246748447,1,4.871283531,1,-5.793675423,1,0.310620248,0,0.863081992,0,-0.28582564,0
10.91204548,-68.00506592,1,6.326215267,1,-10.12688637,1,3.713804007,1,4.500789165,1,-4.83268261,1,0.309180856,0,0.887463152,0,-0.308561176,0
10.9160471,-66.36243439,1,5.138214588,1,-5.025314808,1,2.929884672,1,4.033280373,1,-3.813168526,1,0.308341682,0,0.909021854,0,-0.326644927,0
10.9200449,-60.17983627,1,11.77675438,1,0.093138963,1,2.221310377,1,3.353065491,1,-2.860762119,1,0.307856113,0,0.927184224,0,-0.340146482,0
10.92404461,-54.87185287,1,26.54599571,1,3.184499025,1,1.997613311,1,2.404413223,1,-2.126728296,1,0.308083624,0,0.941172421,0,-0.350163341,0
10.92804623,-54.00406265,1,33.90018845,1,5.997405529,1,2.130497217,1,1.683921695,1,-1.522379518,1,0.310125172,0,0.951092005,0,-0.357800901,0
10.93204403,-52.67385101,1,32.60651398,1,7.72046423,1,2.143966198,1,1.090681434,1,-1.063580513,1,0.314222872,0,0.957943141,0,-0.363360405,0
10.93604279,-51.16365433,1,24.65088654,1,9.480161667,1,1.744749308,1,0.574852645,1,-0.606239855,1,0.319069117,0,0.962137997,0,-0.367101133,0
10.9400444,-50.71011734,1,17.6468029,1,10.2783432,1,0.868107736,1,0.099268302,1,-0.163934231,1,0.322896481,0,0.963869333,0,-0.368916988,0
10.94404221,-48.89907074,1,14.96027851,1,9.799066544,1,-0.178551614,1,-0.275806397,1,0.231756732,1,0.324304551,0,0.963466167,0,-0.368873119,0
10.94804192,-47.51194382,1,16.73854256,1,9.182602882,1,-1.029020548,1,-0.545971036,1,0.624158561,1,0.323344052,0,0.961324811,0,-0.366997808,0
10.95204258,-45.52275085,1,19.86159515,1,7.621576786,1,-1.502622604,1,-0.759469986,1,1.010963559,1,0.321430326,0,0.957835853,0,-0.363010585,0
10.95604134,-42.27511978,1,20.56663704,1,7.684847832,1,-1.59623003,1,-1.008856177,1,1.386813045,1,0.320005894,0,0.952973962,0,-0.357087433,0
10.96004009,-38.87107849,1,16.8851757,1,7.292006016,1,-1.664013147,1,-1.344616532,1,1.752557158,1,0.319820285,0,0.946545124,0,-0.349338651,0
10.96404171,-34.96339417,1,11.53198719,1,7.570293903,1,-1.838022351,1,-1.7409091,1,1.988781452,1,0.320013642,0,0.938347042,0,-0.340477347,0
10.96803951,-29.05990219,1,5.395527363,1,6.336070061,1,-2.172538757,1,-2.22000885,1,2.090311289,1,0.319184363,0,0.92829144,0,-0.33158654,0
10.97203922,27.07456207,1,-3.648894548,1,-16.24694633,1,-2.820144892,1,-3.639761686,1,2.631097794,1,0.316195756,0,0.91503644,0,-0.322799772,0
10.97604084,-64.65563965,1,7.662180901,1,30.79908562,1,-2.826756239,1,-6.114199638,1,3.622128248,1,0.312234432,0,0.891421735,0,-0.313415855,0
10.98003864,21.50921631,1,-48.82401657,1,16.0959053,1,-4.555498123,1,-4.81554842,1,3.271787405,1,0.3062751,0,0.866989613,0,-0.303019226,0
10.98403835,14.80887985,1,-36.80086517,1,-10.26551819,1,-6.858883381,1,-8.013923645,1,4.886318207,1,0.292011201,0,0.838469267,0,-0.291230977,0
10.98804665,4.67201376,1,-61.45462799,1,-21.34627914,1,-8.588011742,1,-8.927330017,1,5.481433868,1,0.271849066,0,0.799264967,0,-0.27602464,0
10.99205017,37.46271515,1,-78.21116638,1,-64.71255493,1,-8.619152069,1,-8.936944962,1,7.132601261,1,0.252366334,0,0.758217812,0,-0.254712731,0
10.99604988,-33.51081848,1,-60.69693756,1,-69.96635437,1,-8.618701935,1,-8.937487602,1,7.159704685,1,0.235523731,0,0.716543794,0,-0.22848317,0
11.0000515,-92.1324234,1,19.27003288,1,-35.12734222,1,-8.612815857,1,-8.931548119,1,6.217469692,1,0.216110021,0,0.675733507,0,-0.20502679,0
11.0040493,-71.93766785,1,64.69522095,1,-0.630674899,1,-8.60291481,1,-8.921675682,1,4.338346481,1,0.192468956,0,0.636350632,0,-0.187355191,0
11.00804901,-64.23617554,1,65.73869324,1,-27.90530205,1,-8.431594849,1,-8.903429031,1,1.952147722,1,0.162511095,0,0.599041641,0,-0.18001835,0
11.01205063,-77.70317078,1,63.22155762,1,-34.61103821,1,-6.556132793,1,-8.861029625,1,1.578077912,1,0.133047312,0,0.562988877,0,-0.178909838,0
11.01604748,-64.72710419,1,92.00634766,1,-23.46891975,1,-4.684995174,1,-8.650510788,1,2.522730827,1,0.112734787,0,0.527028918,0,-0.17422007,0
11.02004719,-57.24243546,1,56.46804047,1,-14.59808159,1,-2.820418835,1,-6.736175537,1,3.387358427,1,0.102672502,0,0.495220542,0,-0.16470927,0
11.02404785,-49.94019318,1,24.35651779,1,-18.68664932,1,-1.803773046,1,-4.77151823,1,3.995656013,1,0.100222103,0,0.470811188,0,-0.150431275,0
11.02804565,-51.45494843,1,-25.5772686,1,-15.87292099,1,-1.216431022,1,-2.599123716,1,2.219075203,1,0.100023501,0,0.454901695,0,-0.137464374,0
11.03204536,-58.655159,1,-24.63732719,1,-4.457537174,1,-1.021962285,1,-2.230041504,1,-0.277269185,1,0.096781053,0,0.445105404,0,-0.134425893,0
11.03604698,-17.22072601,1,20.0950489,1,1.816585541,1,-0.672380269,1,-1.821583867,1,-0.403096288,1,0.091909617,0,0.437281132,0,-0.137553632,0
11.04004479,-4.299129963,1,47.93955612,1,-17.39786911,1,0.3567141,1,-1.29665339,1,1.013644695,1,0.091575682,0,0.43106994,0,-0.136754051,0
11.04404354,5.372622013,1,-0.169658348,1,-14.20064259,1,0.728436232,1,-1.624454379,1,1.070641041,1,0.090486825,0,0.462317199,0,-0.110193297,0
11.04804516,-8.365775108,1,-29.87734032,1,-11.0221796,1,0.46563378,1,-1.808672428,1,0.484948069,1,0.094083749,0,0.455170691,0,-0.107570864,0
11.05204296,-4.67122364,1,-25.95498276,1,-14.30778217,1,-0.078645334,1,-1.841865301,1,0.859424949,1,0.095786318,0,0.447630525,0,-0.105690211,0
11.05604267,1.624009132,1,-16.08139992,1,-14.49729252,1,-0.674607098,1,-1.938491464,1,1.43114543,1,0.096092664,0,0.439749599,0,-0.101223819,0
11.06004334,-6.953337193,1,-4.139228821,1,-10.19210339,1,-0.814902723,1,-2.075803757,1,1.442901015,1,0.09539251,0,0.431044579,0,-0.095709838,0
11.06404114,-10.72274208,1,6.719194889,1,-7.991645336,1,-0.746092558,1,-1.848070741,1,1.34763658,1,0.094386764,0,0.422710001,0,-0.090435944,0
11.06804085,-7.990646839,1,0.84763211,1,-5.662267685,1,-0.626826763,1,-1.629410267,1,1.220139384,1,0.09367957,0,0.415323079,0,-0.085570678,0
11.07204342,-6.986876965,1,-4.76187706,1,-6.253094673,1,-0.636901438,1,-1.433167815,1,1.085646272,1,0.092926443,0,0.408804327,0,-0.081168495,0
11.07604027,-7.085765362,1,5.04282856,1,-8.17670536,1,-0.69558543,1,-1.383548141,1,0.951546431,1,0.091712333,0,0.402834773,0,-0.07731773,0
11.08003998,-11.02527046,1,14.90558529,1,-8.354781151,1,-0.294495881,1,-1.304205894,1,0.814656258,1,0.090949111,0,0.397191346,0,-0.074053504,0
11.0840416,-8.111461639,1,3.704084873,1,-8.84943676,1,0.007753837,1,-1.30399859,1,0.688012362,1,0.091486052,0,0.391744196,0,-0.071317643,0
11.08803845,-9.352725029,1,-2.364902496,1,-10.11211109,1,0.01994176,1,-1.258287072,1,0.631597638,1,0.092528641,0,0.386306703,0,-0.06904678,0
11.09203911,-8.574004173,1,-2.084409475,1,-8.548140526,1,0.315202981,1,-1.422408342,1,0.706438124,1,0.093890928,0,0.380954921,0,-0.066863336,0
11.09603977,-6.093689442,1,-4.353879452,1,-9.081306458,1,-0.049375013,1,-1.452879667,1,0.810957432,1,0.095222481,0,0.375007987,0,-0.06415271,0
11.10003758,-4.026910782,1,-8.654808044,1,-12.34673595,1,0.154431418,1,-1.501369357,1,0.852679789,1,0.096623786,0,0.368761718,0,-0.061233498,0
11.10403729,-4.693125248,1,-3.635686874,1,-12.43687534,1,-0.253442168,1,-1.786784053,1,0.969519198,1,0.097460255,0,0.36190027,0,-0.057971489,0
11.10804462,-7.752458572,1,0.751924992,1,-12.91614723,1,-0.279854804,1,-1.976750851,1,0.856486738,1,0.097509429,0,0.354028821,0,-0.054841783,0
11.1120491,-5.472559929,1,5.67063427,1,-14.03373718,1,-0.348232865,1,-2.185981035,1,0.720143855,1,0.097020738,0,0.345463604,0,-0.052345354,0
11.11604691,-6.516345978,1,2.582189322,1,-15.23531055,1,-0.18742305,1,-2.455312252,1,0.616404712,1,0.096618354,0,0.335950911,0,-0.050514266,0
11.12004948,-5.13903141,1,-0.47588101,1,-15.14898205,1,-0.256100833,1,-2.698961258,1,0.52493,1,0.096168831,0,0.325484276,0,-0.04916402,0
11.12404823,-3.984885454,1,-0.383723557,1,-16.19677162,1,-0.267319262,1,-3.015884876,1,0.455299944,1,0.095342837,0,0.313964367,0,-0.04827046,0
11.12804794,-5.913559914,1,-1.806402564,1,-17.52554131,1,-0.200576857,1,-3.376226664,1,0.513219118,1,0.094635934,0,0.301042795,0,-0.047572095,0
11.13204956,-4.124378204,1,-5.582351208,1,-17.5995903,1,-0.298836529,1,-3.748188734,1,0.541388869,1,0.093938611,0,0.286675513,0,-0.046738453,0
11.13604736,-4.993226051,1,-3.561891794,1,-18.47203636,1,-0.532126069,1,-4.148337364,1,0.612083435,1,0.092509776,0,0.270716429,0,-0.045878511,0
11.14004612,-2.031671524,1,0.854790211,1,-18.69424438,1,-0.541547537,1,-4.526605129,1,0.593123436,1,0.090528287,0,0.253224045,0,-0.045015711,0
11.14404774,-0.712806523,1,1.191297531,1,-20.14864731,1,-0.410604626,1,-5.003283978,1,0.582030296,1,0.088766247,0,0.234056428,0,-0.044378269,0
11.14804554,-1.592316389,1,-0.842137754,1,-19.61741638,1,-0.378714055,1,-5.460812092,1,0.614459276,1,0.087320499,0,0.212987483,0,-0.043836854,0
11.1520443,1.026030779,1,-2.431465387,1,-18.80806732,1,-0.393919468,1,-5.975646496,1,0.693480372,1,0.085916206,0,0.189991891,0,-0.043210126,0
11.15604591,-0.747966528,1,-3.379201889,1,-18.9816761,1,-0.438640207,1,-6.497340679,1,0.779515266,1,0.084382139,0,0.164854318,0,-0.042387966,0
11.16004372,0.308071166,1,-3.039898157,1,-19.23629951,1,-0.437686861,1,-6.88954401,1,0.829412639,1,0.082757927,0,0.13790597,0,-0.041397046,0
11.16404343,1.471374273,1,-2.988308907,1,-19.30429077,1,-0.392653674,1,-7.449572563,1,0.938619971,1,0.081250802,0,0.109052889,0,-0.040222198,0
11.16804504,-1.160419106,1,-3.644094467,1,-19.99811363,1,-0.488826454,1,-7.953441143,1,1.076246619,1,0.079629041,0,0.078006208,0,-0.038638078,0
11.17204285,1.390673637,1,-3.024498701,1,-18.74167442,1,-0.513795137,1,-8.458802223,1,1.071558118,1,0.077736564,0,0.044956733,0,-0.03692995,0
11.1760416,2.821255207,1,-4.001435757,1,-17.77402496,1,-0.567608356,1,-8.735219955,1,1.204781175,1,0.075610764,0,0.010087918,0,-0.035074707,0
11.18004322,-3.315405607,1,-3.04860568,1,-18.13213539,1,-0.584625304,1,-8.737288475,1,1.445014834,1,0.073259063,0,-0.025155405,0,-0.032384288,0
11.18404102,-9.407449722,1,-1.751369715,1,-17.44351959,1,-0.541972637,1,-8.73678875,1,1.605563521,1,0.070843808,0,-0.060454533,0,-0.028774291,0
11.18803978,-14.23970604,1,-0.917075217,1,-17.26852608,1,-0.385009676,1,-8.735029221,1,1.680123568,1,0.068622217,0,-0.095770538,0,-0.024637677,0
11.1920414,-16.70292854,1,-0.608445287,1,-15.70307541,1,-0.12625736,1,-8.730215073,1,1.829287648,1,0.06708087,0,-0.131090492,0,-0.020001251,0
11.1960392,-18.46830368,1,1.420744777,1,-15.34248447,1,0.12660569,1,-8.725500107,1,1.962256432,1,0.066281147,0,-0.166431665,0,-0.014652517,0
11.20003891,-25.98093224,1,4.210009575,1,-15.50443459,1,0.488579243,1,-8.50481987,1,1.787348509,1,0.066466652,0,-0.201531053,0,-0.009290431,0
11.20403957,-21.8319931,1,2.900570869,1,-11.93684196,1,0.990154505,1,-8.187129021,1,1.708201885,1,0.068534859,0,-0.23513633,0,-0.004530483,0
11.20803738,-26.07547951,1,1.299773693,1,-13.72230625,1,1.278390646,1,-7.635329247,1,1.743066072,1,0.071899526,0,-0.2672683,0,0.000283939,0
11.21203709,-30.04043007,1,-0.351543605,1,-10.39729118,1,1.349213123,1,-7.021593094,1,1.831552267,1,0.075821161,0,-0.296993822,0,0.005407557,0
11.21603775,-23.91374207,1,-3.274643421,1,-7.165178299,1,1.107423544,1,-6.555418015,1,2.034194231,1,0.078977965,0,-0.324628145,0,0.011345576,0
11.22003555,-22.23835373,1,-1.092152834,1,-5.478262424,1,0.722764671,1,-6.218479633,1,2.08009696,1,0.080469303,0,-0.350779295,0,0.017869906,0
11.22403526,-21.7079258,1,0.3337152,1,-5.134429932,1,0.543109894,1,-5.700627327,1,2.217430115,1,0.080388017,0,-0.375207067,0,0.025048865,0
11.22803688,-27.53344917,1,0.670998394,1,-6.718857288,1,0.44023931,1,-5.353346348,1,2.153175116,1,0.079604886,0,-0.398007959,0,0.032441333,0
11.23204041,-30.24482346,1,0.251118541,1,-8.584413528,1,0.407757908,1,-4.848398209,1,2.420258522,1,0.078055002,0,-0.419057608,0,0.040580239,0
11.23604012,-29.17403793,1,-1.310002804,1,-10.03298664,1,0.325308651,1,-4.402663231,1,2.80327177,1,0.075462312,0,-0.438212514,0,0.050487429,0
11.24004078,-25.96843529,1,-0.261782795,1,-6.435595512,1,-0.039091781,1,-4.189726353,1,3.019488811,1,0.071071535,0,-0.456118315,0,0.062037393,0
11.24403858,-40.26512146,1,1.522611499,1,-8.850060463,1,-0.243365273,1,-4.111101151,1,3.165845871,1,0.064833909,0,-0.473697722,0,0.074580595,0
11.24803829,-36.90992355,1,-1.827232838,1,-11.46676922,1,-0.390172005,1,-3.395715237,1,3.188661814,1,0.057471942,0,-0.489482403,0,0.087840423,0
11.25203991,-23.18527412,1,-4.417624474,1,-11.00876141,1,-0.683246136,1,-2.99484086,1,3.090336561,1,0.048871327,0,-0.502787292,0,0.101391941,0
11.25603771,-17.49417305,1,-3.044475555,1,-10.89863968,1,-0.85920161,1,-2.938627958,1,2.989029646,1,0.039270412,0,-0.515114546,0,0.114662103,0
11.26003742,-14.49917221,1,-1.526693702,1,-9.075131416,1,-0.839966536,1,-3.182070494,1,2.887095213,1,0.029323922,0,-0.527675152,0,0.127729133,0
11.26403809,-17.11555672,1,-1.796113372,1,-9.302979469,1,-0.763398349,1,-3.524670124,1,2.844439268,1,0.019544365,0,-0.541422367,0,0.140663162,0
11.26803589,-19.23463821,1,-2.511527538,1,-10.46162891,1,-0.69765532,1,-3.607126236,1,2.677898884,1,0.009952956,0,-0.555875778,0,0.15340361,0
11.27203465,-17.21624374,1,-3.17290926,1,-10.48401737,1,-0.540805697,1,-3.664780617,1,2.451657534,1,0.0010324,0,-0.570470214,0,0.16543901,0
11.27603626,-14.88742065,1,-3.473653078,1,-10.17715645,1,-0.36364904,1,-3.787485123,1,2.255791426,1,-0.006929819,0,-0.585333049,0,0.17671138,0
11.28003407,-14.48806381,1,-3.940060139,1,-10.29040909,1,-0.225418285,1,-3.924137115,1,2.096295834,1,-0.014053488,0,-0.600675464,0,0.187380031,0
11.28403378,-14.57132912,1,-4.312952518,1,-11.11812305,1,-0.133867308,1,-4.005822182,1,1.976741552,1,-0.020620044,0,-0.61641109,0,0.197624788,0
11.28803444,-14.21719646,1,-5.215031624,1,-11.92166901,1,-0.062195785,1,-4.035033703,1,1.92018199,1,-0.026903065,0,-0.632323742,0,0.207678631,0
11.29203224,-13.81860256,1,-6.4828825,1,-12.56944561,1,-0.002800253,1,-4.039128304,1,1.949531794,1,-0.009885974,0,-0.616264224,0,0.214206725,0
11.296031,-13.4329586,1,-7.133839607,1,-13.17677689,1,0.027241549,1,-4.073721409,1,2.04116559,1,-0.0157139,0,-0.632383287,0,0.224276453,0
11.30003262,-13.0318985,1,-7.43780899,1,-14.05595779,1,0.026097097,1,-4.111093521,1,2.192641497,1,-0.022134649,0,-0.64859277,0,0.235206991,0
11.30403042,-12.93892956,1,-7.356964588,1,-15.0989418,1,0.010736466,1,-4.153697968,1,2.378428459,1,-0.029430961,0,-0.664890647,0,0.247281358,0
11.30803013,-13.51904869,1,-7.714859009,1,-16.22216797,1,0.019080533,1,-4.17255497,1,2.574328661,1,-0.037712578,0,-0.681198955,0,0.260648668,0
11.31203175,-14.42879868,1,-8.065710068,1,-17.16689873,1,0.047911078,1,-4.165883064,1,2.767870903,1,-0.046944745,0,-0.697423697,0,0.275382996,0
11.3160286,-15.61215973,1,-8.984442711,1,-18.10333061,1,0.030790925,1,-4.138584137,1,2.968002081,1,-0.057250567,0,-0.713428319,0,0.291547656,0
11.32002831,-16.72478676,1,-10.18208218,1,-19.32355881,1,-0.006319987,1,-4.095050335,1,3.158601046,1,-0.068842784,0,-0.729097366,0,0.309217334,0
11.32402992,-16.89023209,1,-11.28887558,1,-20.17852402,1,-0.133815497,1,-4.050887585,1,3.319705725,1,-0.081924692,0,-0.744379282,0,0.328316748,0
11.32802677,-17.55894089,1,-11.96769428,1,-20.9901123,1,-0.287454277,1,-3.993834257,1,3.436634064,1,-0.096695453,0,-0.759200275,0,0.34872058,0
11.33202648,-17.71495438,1,-12.40817165,1,-21.48487663,1,-0.473326057,1,-3.928899288,1,3.498295784,1,-0.11310491,0,-0.773517013,0,0.370189965,0
11.3360281,-17.55342484,1,-12.52767086,1,-21.94758606,1,-0.676225901,1,-3.871928215,1,3.515167475,1,-0.131077453,0,-0.78729856,0,0.392471105,0
11.3400259,-16.95108795,1,-12.76173878,1,-22.07425308,1,-0.879422307,1,-3.811195135,1,3.496825218,1,-0.15052405,0,-0.800543308,0,0.415363848,0
11.34402561,-16.17724419,1,-12.9833231,1,-21.92943573,1,-1.081024885,1,-3.765668869,1,3.459320068,1,-0.171319887,0,-0.813273847,0,0.438732386,0
11.34802628,-15.44598675,1,-13.19532967,1,-21.77958679,1,-1.301758885,1,-3.709106207,1,3.395545244,1,-0.193432435,0,-0.825501084,0,0.462465227,0
11.35203648,-14.21887875,1,-13.3050766,1,-21.51385498,1,-1.528192401,1,-3.667165995,1,3.320263863,1,-0.216783598,0,-0.837206542,0,0.486421108,0
11.35604191,-13.12565613,1,-13.00466633,1,-21.34829903,1,-1.75267005,1,-3.654424667,1,3.235551596,1,-0.24142307,0,-0.848486304,0,0.51061517,0
11.36004448,-12.46706676,1,-12.3888731,1,-21.30801964,1,-1.943921685,1,-3.651976585,1,3.153986216,1,-0.267228901,0,-0.859420538,0,0.535030544,0
11.36404133,-12.10504341,1,-11.6802454,1,-21.51548958,1,-2.071950674,1,-3.631690025,1,3.069325924,1,-0.294045985,0,-0.869973183,0,0.55970192,0
11.36804104,-11.73297691,1,-10.72865677,1,-21.83172417,1,-2.145920753,1,-3.613132238,1,2.981588364,1,-0.321567506,0,-0.880120218,0,0.584542155,0
11.37204266,-11.13646698,1,-9.927135468,1,-22.5731411,1,-2.167422295,1,-3.60691905,1,2.90102458,1,-0.349601626,0,-0.889884531,0,0.609588027,0
11.37603951,-9.758600235,1,-8.881270409,1,-23.77881813,1,-2.130732775,1,-3.634408474,1,2.82940793,1,-0.377967447,0,-0.899327517,0,0.634917438,0
11.38003922,-8.97403717,1,-7.666562557,1,-24.99153709,1,-2.027668953,1,-3.690971613,1,2.738631964,1,-0.406516194,0,-0.908611298,0,0.660637915,0
11.38404179,-9.310578346,1,-8.067082405,1,-26.12013817,1,-1.882791877,1,-3.668339252,1,2.635384798,1,-0.434827477,0,-0.917669177,0,0.686529875,0
11.38803959,-9.974247932,1,-9.409030914,1,-25.83275223,1,-1.800296426,1,-3.571483135,1,2.524176598,1,-0.462748945,0,-0.926270962,0,0.712346494,0
11.3920393,-9.876813889,1,-11.76828289,1,-25.70863724,1,-1.85661149,1,-3.363914251,1,2.367735863,1,-0.490250319,0,-0.934125483,0,0.737579584,0
11.39603996,-9.524741173,1,-14.64665794,1,-25.15400505,1,-2.127349854,1,-3.066634655,1,2.180433035,1,-0.517507434,0,-0.941008687,0,0.761580527,0
11.40003777,-9.600239754,1,-16.27926064,1,-23.6523037,1,-2.599201679,1,-2.66065073,1,1.961795688,1,-0.544801891,0,-0.946717083,0,0.783679605,0
11.40403748,-9.370776176,1,-17.10342979,1,-22.23078918,1,-3.160398722,1,-2.159593105,1,1.762422562,1,-0.572277308,0,-0.950953245,0,0.803301215,0
11.40803814,-8.436527252,1,-15.93894958,1,-21.43855858,1,-3.631430626,1,-1.618878722,1,1.569151521,1,-0.599582672,0,-0.953572929,0,0.820092082,0
11.41203594,-6.999689102,1,-12.79307747,1,-20.91786003,1,-3.913722515,1,-1.074376345,1,1.340796709,1,-0.625807881,0,-0.954626501,0,0.833687067,0
11.41603565,-5.485076427,1,-9.725894928,1,-20.16030121,1,-4.040864468,1,-0.502393126,1,1.048856139,1,-0.649831176,0,-0.954312205,0,0.843587875,0
11.42003727,-2.58331728,1,-7.034539223,1,-19.22615433,1,-4.02131176,1,0.040858138,1,0.717936456,1,-0.670712471,0,-0.95287025,0,0.849384964,0
11.42403507,0.694016218,1,-4.918740273,1,-18.12838554,1,-3.843283176,1,0.546740055,1,0.351472437,1,-0.68777889,0,-0.95059514,0,0.850987911,0
11.42803383,3.258872271,1,-4.954202652,1,-16.62761497,1,-3.572870255,1,1.032382488,1,-0.048413176,1,-0.700447142,0,-0.947782159,0,0.848315597,0
11.43203545,5.984843731,1,-5.371165276,1,-14.92735291,1,-3.335095167,1,1.464517713,1,-0.436866283,1,-0.708684742,0,-0.944593787,0,0.841476023,0
11.43603325,7.310003757,1,-6.130853176,1,-13.40239239,1,-3.151433468,1,1.817964792,1,-0.745409548,1,-0.713251591,0,-0.941175461,0,0.831086099,0
11.44003296,8.219700813,1,-5.64903307,1,-12.16181946,1,-2.932240248,1,2.197633028,1,-0.992466211,1,-0.714660168,0,-0.937397242,0,0.817717314,0
11.44403362,10.34739208,1,-4.104290962,1,-10.43859863,1,-2.623504877,1,2.60349822,1,-1.232796669,1,-0.712719798,0,-0.933058023,0,0.801473558,0
11.44803143,13.16604233,1,-2.917009592,1,-8.458974838,1,-2.242855072,1,3.049881458,1,-1.470395446,1,-0.707085192,0,-0.928016961,0,0.782293618,0
11.45203114,14.68263531,1,-1.265402913,1,-7.121873856,1,-1.788972616,1,3.540998459,1,-1.741604328,1,-0.697389483,0,-0.922102928,0,0.760030687,0
11.45603275,15.57309818,1,0.999201596,1,-6.395356655,1,-1.241857886,1,4.060360432,1,-2.064565897,1,-0.683095634,0,-0.915210783,0,0.73440069,0
11.46003056,14.94182682,1,2.832557678,1,-6.02274847,1,-0.638085544,1,4.535516262,1,-2.378861666,1,-0.664070308,0,-0.90731436,0,0.705556929,0
11.46402931,13.21449852,1,4.143760681,1,-5.794453144,1,0.004865411,1,4.986384869,1,-2.664733648,1,-0.640529931,0,-0.89830786,0,0.673958778,0
11.46803093,11.14488792,1,5.059016705,1,-5.435726643,1,0.636275232,1,5.417667866,1,-2.895027161,1,-0.612852335,0,-0.887982488,0,0.640086114,0
11.47203445,10.51074219,1,5.272524357,1,-4.96553278,1,1.231554747,1,5.846179008,1,-3.045915604,1,-0.581754148,0,-0.876008213,0,0.604630172,0
11.47603321,9.538991928,1,4.906196594,1,-4.199439049,1,1.724041104,1,6.165353775,1,-3.126494169,1,-0.548222244,0,-0.862351537,0,0.568522155,0
11.48003578,8.808196068,1,3.26439023,1,-3.834172726,1,2.088568449,1,6.486769676,1,-3.079458475,1,-0.513506889,0,-0.846810341,0,0.532660127,0
11.48403263,7.88888216,1,2.144813538,1,-3.766906977,1,2.313863516,1,6.755146027,1,-2.939512491,1,-0.478861541,0,-0.829253078,0,0.497947484,0
11.48803234,6.726808071,1,1.596728563,1,-4.071761608,1,2.428663969,1,7.014342308,1,-2.729463816,1,-0.445327222,0,-0.809645832,0,0.465070873,0
11.49203396,5.048614025,1,2.084117651,1,-4.512587547,1,2.489921093,1,7.253221512,1,-2.50297308,1,-0.413497537,0,-0.788071394,0,0.434403628,0
11.49603081,3.317837238,1,2.943985224,1,-5.079454422,1,2.551152945,1,7.506342411,1,-2.266583681,1,-0.383540839,0,-0.764569283,0,0.40604049,0
11.50003052,2.413148642,1,3.413860559,1,-5.846556187,1,2.619423628,1,7.756092548,1,-2.014176369,1,-0.355427802,0,-0.739181399,0,0.380028129,0
11.50403214,0.929321706,1,3.691391945,1,-6.769465923,1,2.676202059,1,7.981170177,1,-1.798279762,1,-0.329095602,0,-0.712095559,0,0.356317341,0
11.50802898,-0.801439166,1,4.451918125,1,-7.17461729,1,2.751532316,1,8.252906799,1,-1.624890924,1,-0.304322869,0,-0.68339473,0,0.334658563,0
11.51202965,-1.345276594,1,4.940875053,1,-7.864769936,1,2.877181053,1,8.533723831,1,-1.494469047,1,-0.280703306,0,-0.653037965,0,0.31471619,0
11.51603127,-2.202689886,1,5.083255768,1,-8.655269623,1,3.016366482,1,8.750277519,1,-1.373118639,1,-0.258025318,0,-0.621237874,0,0.296401799,0
11.52002907,-2.995020866,1,5.126810074,1,-9.2295084,1,3.199362278,1,8.777021408,1,-1.294624567,1,-0.236081615,0,-0.588531256,0,0.279682964,0
11.52402782,-3.68751359,1,4.695693493,1,-9.921463013,1,3.379055977,1,8.78059864,1,-1.23754406,1,-0.214709133,0,-0.555436134,0,0.2644898,0
11.52802944,-4.658361912,1,4.175952911,1,-10.50269508,1,3.544652462,1,8.783163071,1,-1.213233471,1,-0.193732873,0,-0.522031426,0,0.250606567,0
11.53202725,-5.384800434,1,3.444375277,1,-10.90451527,1,3.66409111,1,8.786160469,1,-1.217181444,1,-0.173108816,0,-0.488368869,0,0.237819031,0
11.53602696,-5.528023243,1,2.764873981,1,-11.17149734,1,3.744092941,1,8.787622452,1,-1.23947382,1,-0.152899504,0,-0.454485387,0,0.225982785,0
11.54002762,-5.308275223,1,2.135512352,1,-11.42809772,1,3.814527273,1,8.788338661,1,-1.267983675,1,-0.133120462,0,-0.420405298,0,0.214977607,0
11.54402542,-5.261482716,1,1.791942477,1,-11.76309013,1,3.87668705,1,8.790801048,1,-1.293430567,1,-0.085746564,0,-0.43168816,0,0.180158064,0
11.54802513,-5.520058155,1,2.09313941,1,-12.09319878,1,3.94961977,1,8.79269886,1,-1.331992626,1,-0.066628285,0,-0.397024989,0,0.171515033,0
11.55202675,-5.63126564,1,2.649515867,1,-12.40310764,1,4.053691864,1,8.795812607,1,-1.377357602,1,-0.04767235,0,-0.362218618,0,0.163514838,0
11.5560236,-5.898751736,1,3.114943743,1,-12.75424385,1,4.198405266,1,8.798527718,1,-1.419205546,1,-0.028686224,0,-0.327271283,0,0.156139448,0
11.56002331,-5.815620422,1,3.328613043,1,-13.19328117,1,4.367526531,1,8.802534103,1,-1.458024144,1,-0.009501587,0,-0.292187691,0,0.149393708,0
11.56402397,-6.87978363,1,3.054448843,1,-13.53541946,1,4.527995586,1,8.805877686,1,-1.467928171,1,0.009948901,0,-0.256971508,0,0.143320158,0
11.56802177,-6.358184814,1,3.468440533,1,-14.2202425,1,4.740724087,1,8.810009956,1,-1.469598651,1,0.029756641,0,-0.221632674,0,0.137981951,0
11.57202148,-7.382923603,1,3.760196209,1,-14.72170448,1,4.954743862,1,8.813233376,1,-1.462792158,1,0.050073802,0,-0.186179355,0,0.133423358,0
11.5760231,-8.230504036,1,3.928752422,1,-15.10548496,1,5.187699795,1,8.818546295,1,-1.438064814,1,0.070991464,0,-0.150628299,0,0.129693434,0
11.58002091,-8.972707748,1,3.8158319,1,-15.55099773,1,5.406828403,1,8.823223114,1,-1.384164572,1,0.092542805,0,-0.11500176,0,0.126917556,0
11.58401966,-9.375472069,1,3.998675108,1,-16.07682228,1,5.642830372,1,8.827158928,1,-1.281140804,1,0.114804618,0,-0.079341255,0,0.125252709,0
11.58802128,-9.921789169,1,4.451784134,1,-16.61459351,1,5.911043167,1,8.832587242,1,-1.132483006,1,0.137928948,0,-0.043696802,0,0.124900676,0
11.59202385,-10.90615559,1,4.817120075,1,-16.99888802,1,6.198246956,1,8.838047028,1,-0.959908187,1,0.162118062,0,-0.008130901,0,0.126036853,0
11.59602356,-11.83633614,1,5.229293823,1,-17.37958908,1,6.510214806,1,8.842704773,1,-0.79328078,1,0.187574506,0,0.027300892,0,0.128725067,0
11.60002518,-12.41590118,1,4.934287071,1,-17.91535568,1,6.817260742,1,8.847815514,1,-0.619084299,1,0.214426458,0,0.06253048,0,0.133023515,0
11.60402298,-12.92556286,1,3.498259306,1,-19.02087212,1,7.087936878,1,8.852600098,1,-0.493315697,1,0.242729247,0,0.097510166,0,0.138907075,0
11.60802269,-14.02275944,1,2.913885355,1,-20.16160774,1,7.251740456,1,8.855987549,1,-0.465301901,1,0.272273898,0,0.132242471,0,0.146133721,0
11.61202526,-14.63175297,1,2.595557451,1,-21.16582298,1,7.292696953,1,8.85668087,1,-0.493898481,1,0.302621782,0,0.166751415,0,0.154443845,0
11.61602116,-15.29515076,1,2.28613615,1,-22.24682617,1,7.298295975,1,8.857749939,1,-0.590086043,1,0.333487719,0,0.201073423,0,0.16363667,0
11.62002087,-16.30943489,1,2.112891197,1,-23.63328362,1,7.319018841,1,8.859639168,1,-0.750140846,1,0.36485377,0,0.235277355,0,0.173496664,0
11.62402344,-17.71589279,1,2.715887308,1,-24.93417168,1,7.324481964,1,8.860426903,1,-0.948048532,1,0.396724552,0,0.269433856,0,0.183852449,0
11.62802029,-19.34524536,1,3.557896852,1,-25.81222343,1,7.342553616,1,8.862458229,1,-1.206326604,1,0.429084897,0,0.303623974,0,0.194576815,0
11.63201904,-20.50186729,1,4.584322453,1,-26.35714149,1,7.371000767,1,8.863892555,1,-1.49078393,1,0.461973548,0,0.337939978,0,0.205545992,0
11.63602161,-21.36705208,1,5.318686008,1,-26.86339569,1,7.418386936,1,8.794453621,1,-1.798289895,1,0.495434314,0,0.372341305,0,0.216696039,0
11.64001942,-21.71703339,1,5.757453918,1,-26.83223534,1,7.445588112,1,8.67787838,1,-2.113781929,1,0.52941823,0,0.406652212,0,0.227848351,0
11.64401913,-22.83685112,1,6.293509483,1,-27.19802475,1,7.404714584,1,8.568912506,1,-2.404830217,1,0.563735366,0,0.440819651,0,0.239044011,0
11.64801979,-24.17372704,1,6.86954546,1,-27.16727066,1,7.329780579,1,8.440243721,1,-2.659609318,1,0.598227561,0,0.474822164,0,0.250410706,0
11.65201759,-26.3953743,1,6.562162876,1,-26.72262383,1,7.186833858,1,8.322450638,1,-2.913791656,1,0.632761002,0,0.50864774,0,0.262043506,0
11.6560173,-27.28712845,1,6.540127754,1,-26.48197174,1,6.966098785,1,8.153111458,1,-3.183426142,1,0.667055786,0,0.542288542,0,0.273884714,0
11.66001797,-29.11207771,1,5.857534885,1,-26.67846489,1,6.535272121,1,7.928652763,1,-3.451094389,1,0.700338662,0,0.575611591,0,0.285721272,0
11.66401577,-30.06418037,1,6.005471706,1,-26.39468193,1,6.059588432,1,7.626770973,1,-3.694266558,1,0.732045114,0,0.608466923,0,0.297345877,0
11.66801548,-32.75140762,1,6.698086739,1,-26.2163868,1,5.519332886,1,7.295743942,1,-3.938030243,1,0.761744618,0,0.640739024,0,0.308553159,0
11.6720171,-34.53414917,1,10.40107441,1,-25.58606339,1,5.035891533,1,6.872899532,1,-4.173707485,1,0.789190531,0,0.67234993,0,0.318965435,0
11.6760149,-36.46723938,1,15.18176365,1,-25.18255424,1,4.739868641,1,6.395606518,1,-4.348986149,1,0.814630389,0,0.703073025,0,0.328339309,0
11.68001366,-40.51874161,1,19.56880188,1,-23.7052002,1,4.641095638,1,5.961521626,1,-4.430952549,1,0.838815689,0,0.732752979,0,0.336642444,0
11.68401527,-46.83827591,1,21.03788567,1,-21.10717964,1,4.66201067,1,5.534041882,1,-4.351342201,1,0.862568557,0,0.761149406,0,0.344316483,0
11.68801308,-51.90228653,1,18.17602539,1,-17.49057961,1,4.768518448,1,5.355890751,1,-4.025818825,1,0.887292147,0,0.787990093,0,0.352569461,0
11.69201183,-53.63212204,1,12.74465656,1,-12.57888985,1,4.533366203,1,5.088153839,1,-3.447441816,1,0.913208544,0,0.812739789,0,0.36270982,0
11.69601345,-52.43711472,1,9.2697649,1,-7.544848919,1,3.878237963,1,4.694659233,1,-2.754264832,1,0.938935876,0,0.834482312,0,0.374835014,0
11.70001125,-47.597332,1,13.18230057,1,-4.150924683,1,3.235809803,1,4.028865814,1,-2.082117081,1,0.962872505,0,0.852494597,0,0.387809038,0
11.70401096,-46.30839157,1,19.67637634,1,-0.702580452,1,2.647508383,1,3.321730137,1,-1.506049395,1,0.984029889,0,0.866665363,0,0.400245845,0
11.70801258,-45.16762924,1,25.25252724,1,1.12781918,1,2.315122843,1,2.718325615,1,-0.96278578,1,1.002708793,0,0.877377272,0,0.41176632,0
11.71201515,-44.82182312,1,28.00576591,1,2.302964449,1,2.112690926,1,2.194797993,1,-0.525515556,1,1.019724727,0,0.885074019,0,0.422373712,0
11.71601486,-44.87677002,1,27.36592293,1,3.154127598,1,1.851953268,1,1.858711004,1,-0.212602332,1,1.035245299,0,0.890480101,0,0.432082295,0
11.72001648,-42.77645493,1,22.75809669,1,3.948680401,1,1.404503226,1,1.564052105,1,0.112196244,1,1.049011827,0,0.894091845,0,0.441331327,0
11.72401428,-41.59410477,1,19.08119774,1,3.561041117,1,0.660414577,1,1.337792516,1,0.377179861,1,1.060076118,0,0.896095932,0,0.450170875,0
11.72801304,-41.6754303,1,17.51057053,1,4.163581848,1,-0.149138123,1,1.159071803,1,0.58834815,1,1.067724586,0,0.896816969,0,0.458640188,0
11.73201466,-40.66046524,1,16.07245255,1,4.391594887,1,-0.908438683,1,1.029133797,1,0.80311507,1,1.072057128,0,0.89649117,0,0.466926813,0
11.73601246,-38.49124527,1,14.47742081,1,4.834494114,1,-1.548667073,1,0.871082246,1,1.052263737,1,1.073488593,0,0.89505434,0,0.475118548,0
11.74001217,-35.80760193,1,14.83965206,1,5.120948792,1,-1.957876325,1,0.607089996,1,1.283307433,1,1.072457314,0,0.892367661,0,0.482867301,0
11.74401474,-32.41432953,1,14.05299091,1,5.282304764,1,-2.142714977,1,0.276184857,1,1.52001822,1,1.069446325,0,0.888299942,0,0.489610612,0
11.74801064,-29.10830116,1,12.32564831,1,5.37875843,1,-2.18295598,1,-0.092599146,1,1.747814775,1,1.065035224,0,0.882752299,0,0.495113909,0
11.75201035,-26.19763374,1,10.51420879,1,5.348443508,1,-2.123419046,1,-0.476219296,1,1.899430871,1,1.059500098,0,0.875810802,0,0.499144554,0
11.75601292,5.051736355,1,-5.558823586,1,-12.613307,1,-2.544344902,1,-0.972111404,1,2.145722866,1,1.052409649,0,0.867501795,0,0.50150919,0
11.76000881,-29.1252861,1,-7.412216187,1,7.4561553,1,-3.894262791,1,-2.971073389,1,2.762447834,1,1.037355661,0,0.855052948,0,0.498578042,0
11.76400852,-33.56487274,1,-10.24619389,1,31.98696136,1,-4.605666637,1,-3.293620825,1,3.238724232,1,1.014459372,0,0.837991834,0,0.491249681,0
11.76801109,24.9472065,1,-24.9356842,1,5.27203083,1,-5.697802544,1,-3.963950634,1,3.334598541,1,0.989002824,0,0.819361925,0,0.484125197,0
11.7720089,-18.09009171,1,-17.79039383,1,-3.943074226,1,-6.941980362,1,-4.852520466,1,3.791944027,1,0.956596553,0,0.797477186,0,0.474800378,0
11.77600861,-8.04792881,1,-21.30769539,1,-20.58677101,1,-6.7560606,1,-5.547141552,1,3.292381763,1,0.920917511,0,0.773594499,0,0.46283412,0
11.78001022,4.435242653,1,-31.24229813,1,-35.33430862,1,-7.449717522,1,-6.202081203,1,3.446178436,1,0.882210076,0,0.748797297,0,0.448684514,0
11.78400803,7.947455883,1,-37.75026703,1,-40.54782867,1,-8.139291763,1,-7.887392521,1,3.4696033,1,0.841312528,0,0.720123529,0,0.432526946,0
11.78800774,-14.01752186,1,-20.54366493,1,-52.48670959,1,-8.602122307,1,-8.919242859,1,4.0341115,1,0.794902921,0,0.685699999,0,0.413259953,0
11.7920084,-37.49768448,1,19.44683075,1,-45.14660645,1,-8.600654602,1,-8.917110443,1,3.715342522,1,0.758104503,0,0.670975804,0,0.393280745,0
11.7960062,-38.16825104,1,54.41233444,1,-39.32678223,1,-7.777328491,1,-8.896277428,1,2.972197771,1,0.7138201,0,0.63556087,0,0.375656039,0
11.80000591,-39.62368011,1,58.81439972,1,-29.26843643,1,-5.551250935,1,-8.721179962,1,1.859859467,1,0.676576734,0,0.602234483,0,0.356952786,0
11.80400753,-20.3217392,1,43.64074326,1,-22.46855736,1,-4.040494442,1,-8.169045448,1,1.450975895,1,0.647250593,0,0.571789801,0,0.33823216,0
11.80800533,-14.95427799,1,32.68160248,1,-10.37884998,1,-3.307832479,1,-8.099734306,1,1.855007172,1,0.623758256,0,0.541734993,0,0.321574926,0
11.81200504,-14.64166927,1,27.43155098,1,-4.320281029,1,-2.282044649,1,-7.732478619,1,2.518935204,1,0.606204391,0,0.510832369,0,0.308709204,0
11.81600571,-23.40010262,1,3.315948248,1,-3.885675907,1,-1.91185379,1,-7.148313522,1,3.32857585,1,0.594009697,0,0.479563713,0,0.300448656,0
11.82000446,-28.85239601,1,-11.23355865,1,-6.673053741,1,-2.1864779,1,-6.467488289,1,3.650438786,1,0.584215224,0,0.449066103,0,0.296713173,0
11.82400322,-34.8704567,1,-11.59767246,1,-12.18256283,1,-2.406340599,1,-5.699266434,1,2.90997386,1,0.574041903,0,0.421379149,0,0.294304103,0
11.82800484,-46.68403625,1,-8.785057068,1,-13.69870567,1,-2.613237381,1,-4.681761265,1,1.990082145,1,0.562705576,0,0.398498803,0,0.291035384,0
11.83200836,-41.45835876,1,1.887672186,1,-9.999111176,1,-2.373918295,1,-3.55823493,1,1.354279518,1,0.551236093,0,0.381092012,0,0.287642688,0
11.83600807,-25.16537666,1,10.07211399,1,-8.384925842,1,-1.99219346,1,-2.565332651,1,1.327845097,1,0.541813195,0,0.367984653,0,0.285678089,0
11.84000969,-11.34260559,1,17.58137131,1,-8.426016808,1,-1.522325516,1,-1.929627657,1,1.630259633,1,0.534875631,0,0.357349545,0,0.286204576,0
11.84400654,-2.568862915,1,11.0631609,1,-10.45064354,1,-1.180326462,1,-1.584264755,1,1.864964008,1,0.530530989,0,0.3477332,0,0.288858891,0
11.84800625,-3.542045593,1,-0.097804688,1,-10.0000515,1,-1.063475013,1,-1.429167509,1,1.774794221,1,0.527233005,0,0.33884269,0,0.292442381,0
11.85200882,-17.72629356,1,-9.305838585,1,-12.05475521,1,-1.046545148,1,-1.129195333,1,1.358333111,1,0.524036109,0,0.331180394,0,0.295466006,0
11.85600567,-13.48796558,1,-11.32126331,1,-8.147435188,1,-1.070952892,1,-1.004549265,1,0.989693344,1,0.520520508,0,0.325289905,0,0.297526747,0
11.86000443,-5.339345455,1,-2.687695265,1,-10.20534325,1,-1.203350782,1,-1.08377111,1,0.971529722,1,0.516346097,0,0.319734037,0,0.298821092,0
11.864007,-5.746583939,1,6.90268755,1,-12.06063461,1,-1.056121588,1,-1.012154818,1,1.143490076,1,0.512290895,0,0.313959599,0,0.300527275,0
11.8680048,-9.849612236,1,9.692840576,1,-10.72618008,1,-0.755354464,1,-0.876029849,1,1.1635921,1,0.509382248,0,0.308404148,0,0.302856147,0
11.87200451,-8.220010757,1,4.490075111,1,-8.358415604,1,-0.494408548,1,-0.937412918,1,1.010977626,1,0.507546663,0,0.303106844,0,0.305025339,0
11.87600613,-7.356725216,1,-1.724169016,1,-9.494521141,1,-0.41785723,1,-0.912878156,1,0.92142415,1,0.506237447,0,0.298003733,0,0.306623936,0
11.88000393,-4.893835068,1,-3.883355379,1,-8.732404709,1,-0.471290588,1,-0.857645392,1,0.963531971,1,0.50497818,0,0.293078423,0,0.308261842,0
11.88400364,-7.176357746,1,-1.466881156,1,-7.949255943,1,-0.527944386,1,-0.796903491,1,1.007602096,1,0.503494263,0,0.288261801,0,0.310201854,0
11.8880043,-8.713282585,1,0.512605309,1,-7.258103848,1,-0.463129461,1,-0.68752867,1,0.926331401,1,0.502093554,0,0.283800989,0,0.312266916,0
11.89200211,-9.512256622,1,0.357906073,1,-7.711541653,1,-0.421142012,1,-0.616750419,1,0.912984788,1,0.500862479,0,0.279698074,0,0.314267814,0
11.89600182,-5.070061684,1,-2.767585754,1,-8.306117058,1,-0.455254853,1,-0.539785981,1,0.921034157,1,0.499751419,0,0.275970817,0,0.316462725,0
11.90000248,-5.982750416,1,-3.204129934,1,-9.254920959,1,-0.581582546,1,-0.503175974,1,0.918294728,1,0.498293161,0,0.272369802,0,0.318785191,0
11.90400028,-6.182522297,1,-1.346778274,1,-8.570977211,1,-0.597382963,1,-0.503660977,1,0.903707206,1,0.496540248,0,0.268874556,0,0.321120322,0
11.90799999,-7.788504124,1,0.966547072,1,-8.679181099,1,-0.552310526,1,-0.481001467,1,0.821793139,1,0.494793028,0,0.265503198,0,0.323307902,0
11.91200161,-6.416921616,1,1.498237014,1,-8.559573174,1,-0.498061955,1,-0.46498993,1,0.733831286,1,0.493199974,0,0.262372792,0,0.325222671,0
11.91599941,-6.564813614,1,2.841245651,1,-8.625754356,1,-0.375956923,1,-0.462609351,1,0.657836199,1,0.491881311,0,0.25941956,0,0.3268466,0
11.91999912,-7.251936436,1,1.122672439,1,-8.657744408,1,-0.382696122,1,-0.48822546,1,0.601640165,1,0.490731299,0,0.256557792,0,0.328213453,0
11.92400074,-7.561082363,1,0.814361572,1,-8.123371124,1,-0.306215316,1,-0.461178422,1,0.520227075,1,0.489628315,0,0.253820091,0,0.329333961,0
11.92799854,-5.571166992,1,-0.171286091,1,-9.00883007,1,-0.286071748,1,-0.471731156,1,0.486641347,1,0.488715351,0,0.251249135,0,0.330268145,0
11.9319973,-5.456643581,1,1.144679785,1,-9.609307289,1,-0.294193476,1,-0.5124982,1,0.452799022,1,0.487711966,0,0.248621061,0,0.331017315,0
11.93599892,-5.899941444,1,0.637873709,1,-9.776173592,1,-0.274086177,1,-0.571325123,1,0.446294874,1,0.486760974,0,0.2458722,0,0.331595212,0
11.93999672,-6.349076271,1,0.639492512,1,-9.570336342,1,-0.221836701,1,-0.673508823,1,0.455517203,1,0.4858163,0,0.242827505,0,0.332055032,0
11.94399643,-4.957355976,1,-3.358148336,1,-10.07642174,1,-0.373473078,1,-0.739864945,1,0.468205214,1,0.484747469,0,0.2394979,0,0.332359076,0
11.94799709,-5.369982243,1,-1.5917238,1,-10.18203545,1,-0.457267672,1,-0.817976892,1,0.499869436,1,0.483090043,0,0.235836327,0,0.332623839,0
11.95200062,-5.208375931,1,-0.567909956,1,-10.72059631,1,-0.369814545,1,-0.900773883,1,0.544516921,1,0.48147437,0,0.231819198,0,0.332896352,0
11.95600033,-4.620264053,1,-2.556056976,1,-10.91459942,1,-0.346981764,1,-1.011008978,1,0.581715286,1,0.480126143,0,0.227387175,0,0.333151042,0
11.9600029,-5.205372334,1,-3.711682081,1,-11.45069504,1,-0.485044628,1,-1.138060331,1,0.583603799,1,0.478551656,0,0.222510219,0,0.333242565,0
11.9640007,-5.346124172,1,-1.056043506,1,-11.81801033,1,-0.656168461,1,-1.273749352,1,0.57644546,1,0.47619766,0,0.217157647,0,0.333085567,0
11.96800041,-4.786216259,1,2.600991249,1,-12.52019405,1,-0.607456207,1,-1.454968691,1,0.538987458,1,0.473516643,0,0.211277217,0,0.33256647,0
11.97200203,-4.553306103,1,2.925969362,1,-13.78489876,1,-0.520270407,1,-1.686592579,1,0.481419235,1,0.471059173,0,0.204770029,0,0.331520617,0
11.97599888,-4.674926758,1,1.986121178,1,-14.14383698,1,-0.509744465,1,-1.947471142,1,0.4336254,1,0.468679756,0,0.197460935,0,0.329831809,0
11.97999859,-4.685567856,1,1.131455421,1,-14.50612068,1,-0.523949504,1,-2.215194702,1,0.376886636,1,0.466175586,0,0.189305559,0,0.327490449,0
11.98400021,-4.501214981,1,0.50284791,1,-14.88152313,1,-0.59522897,1,-2.478157997,1,0.364756614,1,0.463416487,0,0.180250064,0,0.324554384,0
11.98799706,-3.521537781,1,0.317183316,1,-15.59070873,1,-0.664385974,1,-2.784646273,1,0.332227826,1,0.460257828,0,0.170222476,0,0.321071625,0
11.99199677,-2.618978739,1,0.888618529,1,-15.66628838,1,-0.655644476,1,-3.078973532,1,0.322645634,1,0.456942677,0,0.159137473,0,0.31700024,0
11.99599838,-1.929537773,1,1.381825209,1,-16.19596481,1,-0.627675295,1,-3.43298316,1,0.323919505,1,0.453660905,0,0.14686054,0,0.312383592,0
11.99999619,-2.447198391,1,1.648133278,1,-16.0697422,1,-0.525354385,1,-3.758816957,1,0.301784188,1,0.450620055,0,0.133393869,0,0.307171583,0
12.0039959,-1.945235014,1,0.126872003,1,-16.16267967,1,-0.502313197,1,-4.120875359,1,0.341848046,1,0.447877139,0,0.118635707,0,0.301441729,0
12.00799751,-1.436129928,1,-0.836648166,1,-15.68319988,1,-0.496329218,1,-4.469392776,1,0.375886798,1,0.445201576,0,0.102522373,0,0.295282722,0
12.01199532,-1.703536272,1,-2.014502764,1,-15.34645939,1,-0.521447361,1,-4.832857609,1,0.443831623,1,0.44255954,0,0.085025571,0,0.288717389,0
12.01599407,-2.068401098,1,-1.905191064,1,-15.01466274,1,-0.557831526,1,-5.17254734,1,0.571267962,1,0.439891577,0,0.066043481,0,0.281983674,0
12.01999569,-2.047252893,1,-1.118253231,1,-14.60310555,1,-0.564781487,1,-5.44812727,1,0.643615842,1,0.437250316,0,0.04578758,0,0.275161892,0
12.02399349,-1.641736746,1,-1.647071719,1,-13.87191963,1,-0.510231614,1,-5.728697777,1,0.695923209,1,0.434837848,0,0.024398709,0,0.268144965,0
12.0279932,-1.836347103,1,-1.805989861,1,-13.46474075,1,-0.421132475,1,-5.984015465,1,0.737096488,1,0.432855219,0,0.001905562,0,0.260900617,0
12.03199482,-2.028444767,1,-1.653219461,1,-13.52573109,1,-0.367435366,1,-6.371563911,1,0.889064372,1,0.431405693,0,-0.021893848,0,0.253490865,0
12.03599262,-3.858009577,1,-2.275188684,1,-12.78848171,1,-0.387113869,1,-6.578931808,1,0.967465162,1,0.43017,0,-0.047001716,0,0.246033177,0
12.03999138,-2.964333057,1,-3.028510809,1,-11.85993481,1,-0.493852079,1,-6.80310154,1,1.061376095,1,0.428853273,0,-0.073008351,0,0.238569185,0
12.043993,-1.323246121,1,-2.667442799,1,-11.36796474,1,-0.612494528,1,-7.060667038,1,1.140874863,1,0.440238714,0,-0.101303108,0,0.242171958,0
12.0479908,-3.82664299,1,-1.534621716,1,-11.93410206,1,-0.730561674,1,-7.289696693,1,1.238421082,1,0.438453734,0,-0.129334122,0,0.234224468,0
12.05199051,-6.462399006,1,-0.492465824,1,-12.13819504,1,-0.818464756,1,-7.417049885,1,1.295454383,1,0.436496079,0,-0.158153504,0,0.226273239,0
12.05599213,-8.286624908,1,0.365913689,1,-12.57564545,1,-0.860594451,1,-7.471961498,1,1.284752369,1,0.434489876,0,-0.187353179,0,0.21828182,0
12.05998993,-9.53390789,1,0.776321411,1,-11.81216335,1,-0.807884276,1,-7.523242474,1,1.298845172,1,0.432754546,0,-0.216722488,0,0.210192382,0
12.06398964,-7.855882645,1,0.040793151,1,-11.52212429,1,-0.804530978,1,-7.599935532,1,1.377640009,1,0.431390584,0,-0.246383741,0,0.202153921,0
12.0679903,-7.191441059,1,0.362236738,1,-12.47904873,1,-0.825829864,1,-7.720506668,1,1.424031019,1,0.430175602,0,-0.276573509,0,0.194222331,0
12.07199478,-10.09885025,1,0.160982639,1,-12.94129562,1,-0.740651667,1,-7.790229321,1,1.382238984,1,0.429365456,0,-0.307135135,0,0.186040804,0
12.07599449,-11.84203148,1,-0.27121824,1,-12.63288021,1,-0.631129086,1,-7.763332367,1,1.401834249,1,0.429273605,0,-0.337740541,0,0.177694693,0
12.07999516,-9.494939804,1,-0.439779937,1,-12.20131588,1,-0.554242432,1,-7.799723625,1,1.438686728,1,0.429761171,0,-0.368392944,0,0.169398695,0
12.08399296,-11.23413467,1,-1.211943984,1,-12.8373909,1,-0.483440399,1,-7.850506783,1,1.483836293,1,0.430820793,0,-0.399290681,0,0.161050364,0
12.08799267,-17.55199051,1,-0.393480718,1,-12.54788113,1,-0.354993224,1,-7.716955662,1,1.462672591,1,0.432500809,0,-0.430115461,0,0.152633458,0
12.09199429,-19.43876266,1,-1.764513731,1,-10.08967781,1,-0.208561763,1,-7.495074272,1,1.618794799,1,0.434846371,0,-0.460275054,0,0.144617945,0
12.09599209,-15.96838379,1,-3.575868607,1,-5.921007633,1,-0.323606431,1,-7.352769375,1,1.857952595,1,0.437015086,0,-0.49009186,0,0.137649879,0
12.0999918,-19.94660568,1,-4.389836788,1,-5.42656374,1,-0.551542938,1,-7.179521561,1,1.975263238,1,0.438200295,0,-0.519746602,0,0.131553024,0
12.10399246,-30.21377182,1,-2.701364279,1,-4.143378735,1,-0.620946765,1,-6.5244627,1,1.875460863,1,0.438627541,0,-0.547942996,0,0.126056805,0
12.10799027,-29.44541168,1,-2.279676914,1,-4.762870789,1,-0.705895483,1,-5.732156277,1,1.913679242,1,0.438252807,0,-0.573319554,0,0.121845715,0
12.11198998,-27.96766853,1,-1.426337957,1,-5.961413383,1,-0.829550207,1,-4.986789703,1,1.83791101,1,0.436648846,0,-0.595940948,0,0.119145796,0
12.11599159,-19.6138401,1,-4.492938995,1,-4.886737823,1,-0.975487709,1,-4.388681889,1,1.823471308,1,0.433943421,0,-0.615936577,0,0.117612965,0
12.1199894,-17.2432251,1,-8.1252985,1,-5.995512962,1,-1.348792553,1,-3.994563103,1,1.860708356,1,0.429542065,0,-0.634254456,0,0.117251918,0
12.12398815,-19.25087738,1,-9.242616653,1,-7.451320648,1,-1.725527644,1,-3.604848385,1,1.887984633,1,0.423005432,0,-0.651156008,0,0.11788784,0
12.12798977,-18.39500809,1,-6.834117889,1,-8.999194145,1,-2.067073107,1,-3.29425931,1,2.055699587,1,0.414171576,0,-0.666924298,0,0.119901538,0
12.13198757,-14.88001156,1,-2.193441153,1,-6.818071842,1,-2.34979558,1,-3.207237959,1,2.323156834,1,0.403015405,0,-0.682251811,0,0.123603642,0
12.13598728,-25.70519638,1,6.202415943,1,-8.656998634,1,-2.236879349,1,-3.204613924,1,2.456787109,1,0.390418172,0,-0.697902143,0,0.128702819,0
12.1399889,-32.58002472,1,5.940714836,1,-14.26215076,1,-1.520878911,1,-2.57962656,1,2.343465328,1,0.379009753,0,-0.712338448,0,0.134636268,0
12.1439867,-21.75833702,1,2.272962093,1,-13.80939102,1,-0.950940847,1,-1.950884223,1,2.232747793,1,0.369515717,0,-0.723994255,0,0.141613096,0
12.14798641,-13.63101864,1,2.718091488,1,-12.44597721,1,-0.491515279,1,-1.838147879,1,2.133018255,1,0.361719012,0,-0.73408848,0,0.148991197,0
12.15198708,-12.73843002,1,2.48555541,1,-11.74293232,1,3.95E-05,1,-1.93660152,1,2.102003336,1,0.355979651,0,-0.744125605,0,0.156067267,0
12.15598488,-12.98852348,1,-0.461922377,1,-11.90691376,1,0.357667625,1,-1.963384509,1,2.160941601,1,0.351828754,0,-0.754404664,0,0.163274869,0
12.15998459,-12.06939507,1,-3.049932718,1,-11.46759987,1,0.544864595,1,-1.965976357,1,2.274512291,1,0.348328948,0,-0.764809728,0,0.171038955,0
12.16398621,-10.81778717,1,-4.308320522,1,-11.07964706,1,0.635405481,1,-2.02524066,1,2.371239424,1,0.344882429,0,-0.775475025,0,0.179423049,0
12.16798401,-10.00833035,1,-5.50900507,1,-10.91855907,1,0.635051787,1,-2.126842976,1,2.507872343,1,0.34110117,0,-0.786568701,0,0.188420162,0
12.17198277,-9.286922455,1,-6.374577522,1,-10.9385767,1,0.579763174,1,-2.240890741,1,2.664309025,1,0.33660686,0,-0.79823184,0,0.19816637,0
12.17598438,-9.128846169,1,-6.805482388,1,-11.15006542,1,0.46935904,1,-2.354547501,1,2.817046881,1,0.331091255,0,-0.810504138,0,0.208744466,0
12.17998219,-9.245662689,1,-7.063839912,1,-11.7407589,1,0.354283273,1,-2.439362526,1,2.962817669,1,0.324360102,0,-0.823307693,0,0.220232427,0
12.1839819,-9.363899231,1,-7.220916271,1,-12.45790195,1,0.252749264,1,-2.515323162,1,3.084526539,1,0.31643647,0,-0.83653605,0,0.23261869,0
12.18798351,-9.488223076,1,-7.607315063,1,-13.47119141,1,0.159161702,1,-2.58281827,1,3.197808743,1,0.30734846,0,-0.850097358,0,0.245890751,0
12.19198704,-9.895750046,1,-8.031434059,1,-14.92781353,1,0.05518277,1,-2.639808178,1,3.296047449,1,0.297036767,0,-0.863939464,0,0.260091126,0
12.19598675,-10.92391872,1,-8.661030769,1,-16.52641296,1,-0.048584331,1,-2.680449963,1,3.384070873,1,0.285470545,0,-0.877983987,0,0.275226265,0
12.19998837,-12.20470333,1,-9.612196922,1,-17.89159012,1,-0.15118131,1,-2.680041552,1,3.448046207,1,0.272640705,0,-0.892058969,0,0.291301906,0
12.20398617,-13.79866219,1,-10.9601326,1,-18.63320923,1,-0.287894458,1,-2.620487928,1,3.48986125,1,0.258432239,0,-0.905955374,0,0.308342665,0
12.20798492,-14.74752712,1,-12.73822117,1,-19.36324501,1,-0.509334803,1,-2.480542898,1,3.50083971,1,0.242616162,0,-0.919309676,0,0.326343536,0
12.21198654,-15.44715023,1,-14.4427948,1,-19.4734993,1,-0.82909143,1,-2.270263195,1,3.470877171,1,0.224866867,0,-0.931805611,0,0.345244825,0
12.21598434,-15.53354263,1,-15.6642065,1,-19.24690628,1,-1.226585865,1,-1.953978181,1,3.400180817,1,0.204943135,0,-0.943019807,0,0.364889979,0
12.21998406,-15.28419876,1,-16.19771004,1,-18.57823753,1,-1.681974769,1,-1.571370721,1,3.289440393,1,0.182732806,0,-0.952542305,0,0.385074228,0
12.22398567,-15.42356586,1,-16.51577377,1,-17.60751915,1,-2.148047686,1,-1.129045844,1,3.166059971,1,0.158304468,0,-0.9600752,0,0.405576319,0
12.22798348,-15.65120316,1,-15.61838913,1,-16.87004662,1,-2.554327011,1,-0.628288984,1,2.998034,1,0.132087693,0,-0.96534723,0,0.426032126,0
12.23198319,-15.64072418,1,-14.14484882,1,-16.58702278,1,-2.884973764,1,-0.085989177,1,2.815127611,1,0.104698196,0,-0.968150139,0,0.446063638,0
12.23598385,-13.70711327,1,-13.03084946,1,-16.48610497,1,-3.120343685,1,0.413183659,1,2.627598286,1,0.076828189,0,-0.9684515,0,0.465280175,0
12.23998165,-11.97397423,1,-11.22304916,1,-16.03528786,1,-3.209198236,1,0.826615036,1,2.456423759,1,0.049196433,0,-0.966607749,0,0.483428299,0
12.24398136,-10.34524918,1,-10.00506687,1,-15.80027008,1,-3.195420265,1,1.202297449,1,2.283546686,1,0.022491321,0,-0.962889791,0,0.500310421,0
12.24798298,-8.276750565,1,-9.19661808,1,-15.3274498,1,-3.119935274,1,1.508114934,1,2.127127886,1,-0.002833117,0,-0.957543135,0,0.515781581,0
12.25198078,-6.357701778,1,-9.091751099,1,-14.9662571,1,-3.011630535,1,1.766659141,1,1.992483616,1,-0.026568778,0,-0.950852811,0,0.529849112,0
12.25597954,-4.582636356,1,-8.782969475,1,-14.49767971,1,-2.900479078,1,1.939525127,1,1.881307721,1,-0.048767969,0,-0.943139017,0,0.542626262,0
12.25998116,-3.651617289,1,-8.713539124,1,-13.75857925,1,-2.767875433,1,2.097981215,1,1.788575411,1,-0.069444023,0,-0.934636533,0,0.55420202,0
12.26397896,-2.709994078,1,-9.044660568,1,-13.44176197,1,-2.647887945,1,2.244963169,1,1.722241998,1,-0.088737972,0,-0.925422251,0,0.564768732,0
12.26797867,-2.117609501,1,-9.437491417,1,-12.83368587,1,-2.544904232,1,2.38326478,1,1.676344395,1,-0.106828801,0,-0.915550053,0,0.574457109,0
12.27198029,-1.859596848,1,-9.430319786,1,-12.3549099,1,-2.447701216,1,2.538061857,1,1.638353586,1,-0.123822711,0,-0.905006051,0,0.583334148,0
12.27597809,-1.822786331,1,-9.411219597,1,-11.81673431,1,-2.34369421,1,2.703972101,1,1.595429897,1,-0.139739886,0,-0.893770635,0,0.591425478,0
12.2799778,-1.927567959,1,-9.122141838,1,-11.307868,1,-2.221659422,1,2.89132762,1,1.548095942,1,-0.154493868,0,-0.881789625,0,0.598674953,0
12.28397846,-1.854451895,1,-8.924568176,1,-10.760993,1,-2.096313715,1,3.096954584,1,1.495341659,1,-0.168034181,0,-0.868991017,0,0.605053365,0
12.28797627,-1.995440722,1,-8.731637955,1,-10.30023479,1,-1.959931374,1,3.330360651,1,1.425863147,1,-0.180264428,0,-0.855324686,0,0.610476673,0
12.29197598,-1.952306628,1,-8.609158516,1,-9.847373962,1,-1.828788161,1,3.590850115,1,1.343744278,1,-0.156047419,0,-0.853726327,0,0.604645431,0
12.29597759,-1.489897728,1,-8.767256737,1,-9.340678215,1,-1.698817849,1,3.834160566,1,1.250540614,1,-0.166196808,0,-0.838247955,0,0.608779728,0
12.2999754,-1.365257502,1,-8.957280159,1,-8.912723541,1,-1.5749017,1,4.085968018,1,1.143337131,1,-0.174959406,0,-0.821832776,0,0.611792564,0
12.30397415,-1.48202002,1,-9.005605698,1,-8.635020256,1,-1.451167345,1,4.3292799,1,1.027643204,1,-0.18236044,0,-0.804494739,0,0.613667548,0
12.30797577,-1.912803531,1,-9.066410065,1,-8.28110981,1,-1.331840873,1,4.594933033,1,0.902999043,1,-0.188455462,0,-0.786240697,0,0.614396274,0
12.31197357,-2.681371212,1,-8.87948513,1,-7.920686722,1,-1.215582728,1,4.886614323,1,0.751655996,1,-0.193212941,0,-0.766999125,0,0.613914132,0
12.31597996,-3.343751907,1,-8.748921394,1,-7.676636696,1,-1.087508321,1,5.190533161,1,0.584916353,1,-0.196627215,0,-0.746710598,0,0.612163603,0
12.31998158,-3.859069347,1,-8.76249218,1,-7.473200321,1,-0.958525896,1,5.504091263,1,0.401110202,1,-0.198675603,0,-0.725362659,0,0.609122097,0
12.32397938,-4.255878925,1,-8.60639286,1,-7.320719719,1,-0.822417498,1,5.802773952,1,0.207412988,1,-0.199397504,0,-0.702950716,0,0.604783952,0
12.32797909,-4.653978825,1,-8.427139282,1,-7.094045162,1,-0.686964393,1,6.08106184,1,-0.008503618,1,-0.198850632,0,-0.679575801,0,0.599191785,0
12.33198071,-5.107379436,1,-8.252947807,1,-6.849840164,1,-0.536605477,1,6.363166332,1,-0.226580843,1,-0.197082102,0,-0.655267954,0,0.592369139,0
12.33597851,-5.520564079,1,-8.144762039,1,-6.61171484,1,-0.382672012,1,6.624480247,1,-0.445084095,1,-0.194152579,0,-0.630057812,0,0.584408224,0
12.33997822,-5.809324265,1,-8.050077438,1,-6.475953102,1,-0.232089624,1,6.868505478,1,-0.674482405,1,-0.190177947,0,-0.603980005,0,0.575401366,0
12.34397888,-6.07563591,1,-7.890944958,1,-6.247559547,1,-0.084576569,1,7.088154316,1,-0.900166392,1,-0.185244188,0,-0.577130795,0,0.565414488,0
12.34797669,-6.416520119,1,-7.678413868,1,-6.029791355,1,0.075724341,1,7.287244797,1,-1.129486322,1,-0.179449961,0,-0.549591839,0,0.554522991,0
12.3519764,-6.696509361,1,-7.479702473,1,-5.880471706,1,0.224323645,1,7.45751524,1,-1.352401137,1,-0.17287989,0,-0.521426439,0,0.542834282,0
12.35597801,-6.823897362,1,-7.317759514,1,-5.738494873,1,0.369660884,1,7.602487564,1,-1.562916636,1,-0.165670201,0,-0.492714703,0,0.53044349,0
12.35997582,-7.052232265,1,-7.236839771,1,-5.68042469,1,0.516835332,1,7.716376781,1,-1.765937686,1,-0.157920986,0,-0.463551968,0,0.517461777,0
12.36397457,-7.226643562,1,-7.027221203,1,-5.692408562,1,0.652824938,1,7.800480843,1,-1.96668756,1,-0.149738669,0,-0.434020042,0,0.503995776,0
12.36797619,-7.385396004,1,-6.711884975,1,-5.727278233,1,0.789699376,1,7.857166767,1,-2.154661894,1,-0.141192034,0,-0.404224455,0,0.490094095,0
12.37197399,-7.570412159,1,-6.475697517,1,-5.852947235,1,0.941006839,1,7.883444786,1,-2.325995684,1,-0.132322207,0,-0.374245048,0,0.475842476,0
12.3759737,-7.917035103,1,-6.298834324,1,-6.085001469,1,1.084861755,1,7.879294872,1,-2.482406616,1,-0.123184077,0,-0.344203115,0,0.461360723,0
12.37997532,-8.443993568,1,-6.088317871,1,-6.276720047,1,1.229179621,1,7.868056297,1,-2.626914501,1,-0.113815598,0,-0.314133883,0,0.446695596,0
12.38397312,-9.046251297,1,-5.942507267,1,-6.467244625,1,1.381502867,1,7.855814457,1,-2.765654087,1,-0.104225293,0,-0.284052014,0,0.431889772,0
12.38797283,-9.642003059,1,-5.955823421,1,-6.667612076,1,1.521646976,1,7.842516899,1,-2.892625809,1,-0.094467394,0,-0.253936201,0,0.416974306,0
12.3919735,-10.28702068,1,-6.020259857,1,-6.968369007,1,1.655173898,1,7.837301254,1,-3.009887934,1,-0.084566563,0,-0.223766327,0,0.401996255,0
12.3959713,-10.93518448,1,-6.027966499,1,-7.183113098,1,1.771271467,1,7.834219933,1,-3.112666845,1,-0.074594796,0,-0.193508238,0,0.386962771,0
12.39997101,-11.34744549,1,-5.952524662,1,-7.336407185,1,1.871596456,1,7.830209255,1,-3.219150066,1,-0.06463936,0,-0.16313532,0,0.371897876,0
12.40397358,-11.63904476,1,-6.123600483,1,-7.554149151,1,1.967255831,1,7.844448566,1,-3.29431057,1,-0.054746892,0,-0.132609457,0,0.356855661,0
12.40797043,-11.39639664,1,-6.010211468,1,-8.234674454,1,2.047357321,1,7.834257126,1,-3.351694822,1,-0.044967853,0,-0.101956591,0,0.341906041,0
12.41197014,-11.42586803,1,-5.467392445,1,-8.390985489,1,2.148335457,1,7.820086956,1,-3.389122963,1,-0.035305802,0,-0.071222603,0,0.32712248,0
12.41597176,-12.01119423,1,-4.855671883,1,-8.507072449,1,2.292848587,1,7.811664581,1,-3.414330244,1,-0.025613414,0,-0.040381134,0,0.312544316,0
12.41996861,-12.38931179,1,-4.153157711,1,-8.90946579,1,2.4846766,1,7.798094749,1,-3.4335711,1,-0.015697377,0,-0.009454938,0,0.29820624,0
12.42396832,-12.48059368,1,-3.598577499,1,-9.33419323,1,2.670727491,1,7.785465717,1,-3.443680525,1,-0.005466423,0,0.021565074,0,0.284120798,0
12.42797089,-12.55362511,1,-3.253060102,1,-9.54943943,1,2.883365631,1,7.775405884,1,-3.426175594,1,0.00513331,0,0.052686147,0,0.270356297,0
12.43196869,-12.8444128,1,-2.878988028,1,-9.795978546,1,3.128303766,1,7.764624119,1,-3.402683735,1,0.016239839,0,0.083916195,0,0.256998539,0
12.43597984,-13.22007751,1,-2.557594299,1,-10.18804646,1,3.400378704,1,7.761941433,1,-3.366831064,1,0.028012222,0,0.115260452,0,0.244085908,0
12.43998718,-13.9162674,1,-2.903119564,1,-10.66893196,1,3.673858881,1,7.77157402,1,-3.32362318,1,0.040556263,0,0.146763146,0,0.231668279,0
12.44399071,-14.94447899,1,-3.604245424,1,-11.22737503,1,3.914446592,1,7.810424805,1,-3.277497292,1,0.053831037,0,0.178509399,0,0.219796732,0
12.44799042,-16.04369354,1,-3.929497957,1,-11.80842018,1,4.076372147,1,7.855306625,1,-3.262239218,1,0.0676369,0,0.210579127,0,0.20843713,0
12.45199299,-16.73860931,1,-4.565758228,1,-12.14849281,1,4.157122135,1,7.924108028,1,-3.267503262,1,0.081658281,0,0.243015856,0,0.197479695,0
12.45598888,-17.18127441,1,-5.399373055,1,-12.45461655,1,4.184513569,1,7.990175247,1,-3.272286415,1,0.09562882,0,0.275882781,0,0.186923087,0
12.45998859,-17.88533783,1,-5.815661907,1,-12.9920578,1,4.208124161,1,8.048696518,1,-3.289687395,1,0.109476663,0,0.309138656,0,0.176732183,0
12.46399117,-18.69602394,1,-6.01144886,1,-13.36392117,1,4.20056963,1,8.084108353,1,-3.323276281,1,0.123129688,0,0.342728287,0,0.166825533,0
12.46798801,-19.25958443,1,-6.159002781,1,-13.7178669,1,4.164408207,1,8.066514015,1,-3.379053831,1,0.136445805,0,0.376497924,0,0.157101244,0
12.47198868,-20.1571064,1,-6.3541646,1,-14.18558121,1,4.092653275,1,8.010609627,1,-3.446309328,1,0.149254501,0,0.410279065,0,0.147429869,0
12.47598934,-21.15246964,1,-6.35720396,1,-14.50490761,1,4.019017696,1,7.916726589,1,-3.552956581,1,0.161422133,0,0.443925828,0,0.137652308,0
12.47998714,-22.37382698,1,-6.219778538,1,-14.79480267,1,3.95335722,1,7.789461613,1,-3.682579517,1,0.172878623,0,0.477312922,0,0.127569646,0
12.48398686,-23.48985672,1,-5.825995922,1,-15.15433693,1,3.898971796,1,7.60631752,1,-3.847861528,1,0.183555454,0,0.510300517,0,0.11695563,0
12.48798847,-24.68892097,1,-5.446724892,1,-15.30196095,1,3.849655867,1,7.399478436,1,-4.044060707,1,0.193318546,0,0.542749405,0,0.105538547,0
12.49198628,-26.05566788,1,-5.061118603,1,-15.36833763,1,3.821187735,1,7.15516901,1,-4.271070957,1,0.202049077,0,0.574562073,0,0.093070008,0
12.49598599,-27.70534897,1,-5.257091999,1,-15.46750355,1,3.79080224,1,6.9015522,1,-4.51462841,1,0.209604353,0,0.605679393,0,0.079284526,0
12.4999876,-29.50157547,1,-5.580760479,1,-15.20363998,1,3.744834423,1,6.630887032,1,-4.781301975,1,0.215769321,0,0.636062026,0,0.063967057,0
12.50398541,-31.27088547,1,-5.381252289,1,-14.62779331,1,3.677911997,1,6.332203388,1,-5.077735901,1,0.220237955,0,0.66564846,0,0.046829682,0
12.50798416,-32.69700241,1,-2.657809734,1,-13.09320927,1,3.607485056,1,5.999097347,1,-5.424441338,1,0.222614199,0,0.694342315,0,0.027485702,0
12.51198578,-32.19365311,1,0.662023365,1,-13.43748665,1,3.549691916,1,5.593417645,1,-5.825743198,1,0.22252509,0,0.721953332,0,0.005333809,0
12.51598358,-32.15151215,1,2.284045935,1,-12.06505871,1,3.582200766,1,5.173940182,1,-6.19143343,1,0.219811112,0,0.748237729,0,-0.019928105,0
12.51998329,-32.48366928,1,6.546631813,1,-10.81253147,1,3.672806025,1,4.667663574,1,-6.516095161,1,0.214717686,0,0.772974193,0,-0.048335105,0
12.52398491,-33.03918076,1,11.83584023,1,-9.88421917,1,3.85876441,1,4.063859463,1,-6.792464256,1,0.207401082,0,0.795629025,0,-0.079964302,0
12.52798271,-34.65816116,1,15.04116344,1,-8.114596367,1,4.241763115,1,3.544482231,1,-7.004570484,1,0.198557228,0,0.816063762,0,-0.114595875,0
12.53198242,-37.86659622,1,14.35897732,1,-5.264053822,1,4.658720016,1,3.134885788,1,-7.086990356,1,0.189167827,0,0.834586918,0,-0.151640519,0
12.53598404,-40.76689148,1,11.10638332,1,-2.871671915,1,4.884761333,1,2.773837805,1,-6.981275558,1,0.179600075,0,0.851347208,0,-0.190065101,0
12.53998184,-41.29421234,1,6.801394939,1,-0.34418866,1,4.780276299,1,2.469455481,1,-6.653580666,1,0.170037419,0,0.866436541,0,-0.228420585,0
12.54398155,-41.65106583,1,2.485972643,1,1.501082659,1,4.296723366,1,2.114073515,1,-6.194024086,1,0.29143244,0,0.817189574,0,-0.190441787,0
12.54798222,-41.47585297,1,1.284327984,1,3.769596815,1,3.635076523,1,1.777360678,1,-5.660856724,1,0.28516531,0,0.83138597,0,-0.220676452,0
12.55198002,-40.79397202,1,1.691053033,1,5.907587528,1,2.817071676,1,1.498480797,1,-5.067202091,1,0.277182877,0,0.843632579,0,-0.248791546,0
12.55598545,-40.36559677,1,3.840070248,1,8.151292801,1,2.023933649,1,1.249186873,1,-4.446781158,1,0.267717242,0,0.854044914,0,-0.274296701,0
12.55998707,-39.70719528,1,7.190266132,1,9.334453583,1,1.375081062,1,1.030129552,1,-3.846469641,1,0.25727284,0,0.862748921,0,-0.29699564,0
12.56398392,-38.66547775,1,9.041749954,1,10.98441315,1,0.864896894,1,0.867907465,1,-3.249316216,1,0.246702537,0,0.869951367,0,-0.316748321,0
12.56798458,-37.38741684,1,9.52628231,1,12.0927763,1,0.374996543,1,0.721989512,1,-2.641545534,1,0.236401916,0,0.875858843,0,-0.333371013,0
12.5719862,-35.87377167,1,9.848013878,1,12.64892483,1,-0.005097126,1,0.572703481,1,-2.040854454,1,0.22686857,0,0.88053602,0,-0.346708417,0
12.575984,-35.41944504,1,9.951963425,1,12.48854351,1,-0.304727405,1,0.458009481,1,-1.448045135,1,0.218510777,0,0.884094596,0,-0.356691003,0
12.57998371,-35.27244568,1,11.50088882,1,11.5711813,1,-0.470220029,1,0.356661737,1,-0.918887556,1,0.211706132,0,0.886686087,0,-0.363419473,0
12.58398533,-35.04202271,1,12.38178444,1,10.58855724,1,-0.484841138,1,0.306303799,1,-0.451644659,1,0.206803277,0,0.888538718,0,-0.367216527,0
12.58798313,-34.09005356,1,11.7668047,1,9.43447113,1,-0.458502829,1,0.279173523,1,-0.033076253,1,0.204054117,0,0.889885843,0,-0.368331224,0
12.59198189,-31.77593803,1,9.282935143,1,9.022170067,1,-0.50603807,1,0.217315987,1,0.348106265,1,0.203154236,0,0.89073205,0,-0.367033303,0
12.59598351,-28.45047188,1,6.594598293,1,8.625491142,1,-0.665091217,1,0.084465787,1,0.665727854,1,0.203479975,0,0.890937448,0,-0.363629907,0
12.59998131,-6.912272453,1,3.148779392,1,-3.55848074,1,-0.826279581,1,-0.135606289,1,0.881115735,1,0.204201907,0,0.890220702,0,-0.35881114,0
12.60398102,-4.20684576,1,6.890026569,1,8.750266075,1,-1.980454564,1,-2.38927269,1,0.722884476,1,0.202178046,0,0.885211349,0,-0.354761064,0
12.60798264,-55.72032547,1,6.10190773,1,28.98835373,1,-3.456934452,1,-3.374499083,1,0.745429516,1,0.191455588,0,0.87244463,0,-0.353914559,0
12.61198139,19.55950928,1,16.12499428,1,14.28443527,1,-2.330417156,1,-4.031178474,1,0.649650156,1,0.179745242,0,0.858195245,0,-0.353696465,0
12.61598015,7.026332378,1,15.77974415,1,-0.55363971,1,-1.948949933,1,-6.129269123,1,0.05924131,1,0.169398963,0,0.837873876,0,-0.356889486,0
12.61998177,-16.23142242,1,14.08498096,1,-21.53116417,1,-2.070082426,1,-7.014681339,1,-0.571824849,1,0.154959366,0,0.811658025,0,-0.364841193,0
12.62397957,-4.25204277,1,17.86576462,1,-43.89532852,1,-0.667553246,1,-7.233233452,1,-0.924280584,1,0.142178118,0,0.783927679,0,-0.375151128,0
12.62797928,-0.464963675,1,9.901771545,1,-46.96004105,1,-0.508332431,1,-7.811935425,1,-0.774973869,1,0.132299393,0,0.754946887,0,-0.38600409,0
12.6319809,11.74328995,1,10.77853775,1,-49.14464569,1,0.097647287,1,-8.688651085,1,0.013751652,1,0.1260833,0,0.722194672,0,-0.393735886,0
12.6359787,-10.08176422,1,11.82539463,1,-41.78739548,1,0.276788712,1,-8.71882534,1,1.49844718,1,0.126177296,0,0.687254786,0,-0.395505995,0
12.63997746,-32.82413101,1,14.75672626,1,-36.13318253,1,0.539715588,1,-8.7192173,1,2.567111492,1,0.130423144,0,0.651626825,0,-0.390967697,0
12.64397907,-39.32087326,1,13.16183472,1,-31.94688797,1,0.522399127,1,-8.725723267,1,3.407656193,1,0.137912199,0,0.615424335,0,-0.381845862,0
12.64797688,-47.0243721,1,0.265009433,1,-30.64767456,1,0.338806003,1,-7.716768742,1,3.632562876,1,0.145921767,0,0.580608249,0,-0.370595038,0
12.65197659,-40.45923233,1,-14.07709885,1,-20.16805649,1,0.120591059,1,-6.465073109,1,3.585534096,1,0.153231114,0,0.550534904,0,-0.358659446,0
12.6559782,-37.10668182,1,-18.45880127,1,-9.394942284,1,-0.368677199,1,-5.901538372,1,3.207793713,1,0.158587202,0,0.524106205,0,-0.347380519,0
12.65997601,-27.3315773,1,-13.79086304,1,-1.183920383,1,-0.595370889,1,-5.392808914,1,2.652806044,1,0.161090881,0,0.49999854,0,-0.338374674,0
12.66397572,-16.54514694,1,-10.49339867,1,3.505440712,1,-1.176154256,1,-5.044282913,1,2.602195024,1,0.161328524,0,0.477642953,0,-0.330363929,0
12.66797638,-16.74417114,1,-10.12227821,1,-1.63836062,1,-1.541514993,1,-4.891170979,1,2.632427216,1,0.159546018,0,0.456295609,0,-0.322350025,0
12.67197418,-31.45734024,1,-19.82794571,1,-11.17791176,1,-2.121670246,1,-4.078265667,1,2.352187634,1,0.155595258,0,0.436893225,0,-0.31453073,0
12.67598057,-49.44598389,1,-10.5481205,1,-18.17552567,1,-2.182467461,1,-2.494109392,1,1.813983202,1,0.149512365,0,0.422388881,0,-0.307756722,0
12.67998219,-31.79639053,1,5.345103264,1,-8.092002869,1,-1.600581646,1,-1.142708063,1,1.63196063,1,0.144423902,0,0.414588511,0,-0.301514387,0
12.68397999,-3.88726902,1,-1.546788216,1,-3.644429445,1,-1.420033574,1,-1.05834353,1,1.669796348,1,0.141229644,0,0.409416318,0,-0.295064598,0
12.6879797,-1.045172811,1,-9.727374077,1,-7.521526814,1,-1.677319646,1,-1.17373836,1,1.681167841,1,0.13761425,0,0.404048741,0,-0.288464099,0
12.69198132,-14.17950726,1,-14.87911987,1,-9.193624496,1,-1.849384189,1,-0.931691587,1,1.598953724,1,0.133062065,0,0.398871541,0,-0.282045066,0
12.69597912,-6.889856339,1,-11.16306305,1,-6.85629034,1,-2.147906542,1,-0.800306439,1,1.64177084,1,0.127597943,0,0.394725114,0,-0.275638163,0
12.69997883,-7.965466499,1,-1.76722014,1,-9.911664963,1,-2.256597757,1,-0.842054605,1,1.84187007,1,0.121385023,0,0.390544713,0,-0.268514812,0
12.70398045,-7.627837181,1,0.07860513,1,-12.15331841,1,-2.078387737,1,-0.752432466,1,1.709563732,1,0.115456901,0,0.386552244,0,-0.261251658,0
12.70797825,-4.551994324,1,7.040676117,1,-11.37959576,1,-1.856070161,1,-0.932803929,1,1.531545281,1,0.110030897,0,0.382483691,0,-0.254706174,0
12.71197701,-11.34146023,1,11.77421474,1,-10.9287653,1,-1.462184668,1,-0.833600461,1,1.266112566,1,0.105420522,0,0.378298163,0,-0.24909173,0
12.71597862,-6.532585144,1,8.96470356,1,-9.949555397,1,-1.08785522,1,-0.826558709,1,0.980357349,1,0.101981111,0,0.374591053,0,-0.244685709,0
12.71997643,-4.186870098,1,1.801602602,1,-10.58725929,1,-0.898650587,1,-0.813383818,1,0.799103081,1,0.099329069,0,0.370980203,0,-0.241270483,0
12.72397614,-4.385356903,1,-2.488273144,1,-9.178490639,1,-0.916844964,1,-0.824129879,1,0.753950834,1,0.096777081,0,0.367382348,0,-0.238322869,0
12.72797775,-5.841144085,1,-1.96470356,1,-7.965075493,1,-0.977099597,1,-0.731542885,1,0.782870829,1,0.094027966,0,0.364023209,0,-0.23537302,0
12.73197556,-8.776330948,1,-1.570512176,1,-8.034415245,1,-0.989889383,1,-0.654431045,1,0.792661726,1,0.091180213,0,0.360955298,0,-0.232307613,0
12.73597527,-8.723568916,1,-3.837018967,1,-6.80796957,1,-0.989131391,1,-0.556577325,1,0.852538228,1,0.088372856,0,0.358267188,0,-0.229041308,0
12.73997593,-7.243793964,1,-3.195963383,1,-7.788259029,1,-1.038276553,1,-0.538054526,1,0.884503663,1,0.085522309,0,0.355791539,0,-0.225522757,0
12.74397373,-5.898583889,1,-1.183338523,1,-8.375779152,1,-1.032558918,1,-0.502925336,1,0.896448612,1,0.082629122,0,0.353414655,0,-0.221923426,0
12.74797344,-5.594359398,1,0.60320276,1,-9.000195503,1,-1.0080266,1,-0.478104472,1,0.870037556,1,0.0797631,0,0.351165444,0,-0.218332395,0
12.75197506,-5.500504017,1,1.25081706,1,-8.828323364,1,-0.961944699,1,-0.480095536,1,0.80746603,1,0.076991528,0,0.349000394,0,-0.214919508,0
12.75597286,-6.304970264,1,2.903730154,1,-8.925151825,1,-0.880080044,1,-0.459506989,1,0.708168864,1,0.074355237,0,0.346888542,0,-0.211839154,0
12.75997257,-6.388015747,1,4.617756844,1,-8.55994606,1,-0.756350815,1,-0.436876923,1,0.591051877,1,0.071974412,0,0.344904691,0,-0.209208041,0
12.76397419,-6.011464596,1,2.619883537,1,-8.52826786,1,-0.684084713,1,-0.399873346,1,0.480883896,1,0.069839954,0,0.343085825,0,-0.207071006,0
12.76797199,-5.876396179,1,0.486117214,1,-8.035895348,1,-0.649642766,1,-0.365321994,1,0.416141212,1,0.067783959,0,0.341429889,0,-0.205294654,0
12.7719717,-6.530403614,1,-0.923889101,1,-7.616773605,1,-0.684173942,1,-0.302893907,1,0.398441821,1,0.065683007,0,0.339985102,0,-0.203670233,0
12.77597332,-6.929485321,1,-1.184365392,1,-7.316649914,1,-0.71312815,1,-0.266814798,1,0.391172737,1,0.063391678,0,0.338752568,0,-0.202086106,0
12.77997017,-7.317866325,1,-0.785064936,1,-7.416707039,1,-0.71605432,1,-0.2396487,1,0.368427008,1,0.061049186,0,0.337631464,0,-0.20054394,0
12.78396988,-6.505296707,1,-0.384088546,1,-7.866061687,1,-0.722599447,1,-0.216330171,1,0.359481484,1,0.058648322,0,0.336644173,0,-0.199066132,0
12.78797245,-6.097229481,1,-0.958899856,1,-8.2354002,1,-0.733558476,1,-0.20724903,1,0.350104153,1,0.056226626,0,0.335721731,0,-0.197623715,0
12.79197025,-6.132742882,1,-1.384537101,1,-8.248075485,1,-0.743550897,1,-0.200930104,1,0.368103653,1,0.434677005,0,0.070175707,0,-2.658228159,0
12.79597569,-6.399309158,1,-2.080921173,1,-8.166806221,1,-0.746112108,1,-0.22093223,1,0.393942982,1,0.431763083,0,0.068782032,0,-2.657209158,0
12.7999773,-6.709377766,1,-3.508668184,1,-8.201048851,1,-0.800520599,1,-0.239975914,1,0.429093778,1,0.428760231,0,0.067248665,0,-2.656084776,0
12.80397511,-5.688147545,1,-2.844180822,1,-8.491357803,1,-0.858679593,1,-0.232535556,1,0.46806407,1,0.425492287,0,0.065656736,0,-2.654833555,0
12.80797482,-5.313518524,1,-2.399129391,1,-9.185048103,1,-0.891504824,1,-0.260065287,1,0.513411343,1,0.422086924,0,0.063955158,0,-2.653441191,0
12.81197548,-5.108695507,1,-1.501740456,1,-9.19082737,1,-0.915404856,1,-0.297540605,1,0.545300305,1,0.418548465,0,0.062083758,0,-2.651950121,0
12.81597328,-5.604662418,1,-0.27106005,1,-9.787542343,1,-0.875633001,1,-0.357546628,1,0.551568985,1,0.415042877,0,0.060001504,0,-2.650458813,0
12.81997299,-5.016263485,1,-0.44908455,1,-9.992804527,1,-0.867792249,1,-0.424981177,1,0.558177233,1,0.411655009,0,0.057677973,0,-2.649055481,0
12.82397461,-5.222215652,1,-0.409323812,1,-10.7070713,1,-0.902834773,1,-0.507793486,1,0.543157756,1,0.408185333,0,0.055094477,0,-2.647773027,0
12.82797241,-4.432098866,1,-0.180803195,1,-10.82505417,1,-0.922336042,1,-0.605922699,1,0.539905131,1,0.404591531,0,0.052194554,0,-2.646656752,0
12.83197212,-4.72427845,1,0.335497051,1,-11.46144867,1,-0.887582541,1,-0.73921901,1,0.542712152,1,0.401022136,0,0.0488813,0,-2.645716667,0
12.83597279,-4.564701557,1,-0.513984442,1,-11.85665035,1,-0.907464266,1,-0.880859435,1,0.530264378,1,0.397478759,0,0.045056373,0,-2.64499259,0
12.83997059,-4.718150139,1,-0.71984154,1,-12.81888962,1,-0.937553287,1,-1.063127637,1,0.540417016,1,0.393812001,0,0.040641282,0,-2.644519329,0
12.8439703,-4.312081337,1,-0.419552743,1,-13.14671898,1,-0.971457303,1,-1.259277701,1,0.537213206,1,0.389987409,0,0.035528902,0,-2.644304276,0
12.84797192,-4.34343195,1,-0.566132486,1,-13.47332382,1,-0.943085253,1,-1.474441648,1,0.545006454,1,0.38617444,0,0.029659029,0,-2.644384146,0
12.85196972,-3.696184874,1,-0.903587759,1,-13.65893555,1,-0.988114178,1,-1.677971005,1,0.558183908,1,0.382312596,0,0.022981985,0,-2.644695997,0
12.85596943,-3.094038725,1,-0.111924998,1,-13.77369118,1,-1.034318209,1,-1.911487699,1,0.548429549,1,0.378234148,0,0.015489624,0,-2.645294905,0
12.859972,-3.063828707,1,1.134741187,1,-14.18885517,1,-0.976499736,1,-2.142803431,1,0.543348193,1,0.37419951,0,0.007152023,0,-2.646255732,0
12.86396885,-2.572840929,1,0.705693066,1,-14.38162422,1,-0.956565142,1,-2.392638922,1,0.561568677,1,0.370331645,0,-0.002086134,0,-2.647490263,0
12.86796856,-2.591416359,1,-0.051229727,1,-14.14867973,1,-0.989325643,1,-2.648937941,1,0.562025309,1,0.366470814,0,-0.012304749,0,-2.649028778,0
12.87197113,-3.066664457,1,-0.540868342,1,-14.79142284,1,-1.063912988,1,-2.88814187,1,0.544887006,1,0.362425089,0,-0.023472162,0,-2.650881767,0
12.87596893,-1.161570668,1,1.063629866,1,-13.57662964,1,-1.095817089,1,-3.189296722,1,0.630841911,1,0.358180881,0,-0.035562858,0,-2.652993679,0
12.87996769,-2.605226517,1,0.845871031,1,-14.42273521,1,-1.093944907,1,-3.443410635,1,0.63950026,1,0.353852153,0,-0.048924282,0,-2.655245304,0
12.88396931,-0.984937489,1,0.707115352,1,-13.73529243,1,-1.060140252,1,-3.735826492,1,0.662031233,1,0.349675417,0,-0.063278407,0,-2.657742977,0
12.88796711,-1.644984126,1,0.882177055,1,-14.66891766,1,-1.029436588,1,-4.039564133,1,0.676918387,1,0.345696151,0,-0.07881932,0,-2.660530329,0
12.89196682,-1.803809285,1,0.515161991,1,-14.57611275,1,-1.014966726,1,-4.328616619,1,0.709845901,1,0.341889441,0,-0.095507644,0,-2.663581848,0
12.89596844,-1.102637291,1,0.529631317,1,-14.45924759,1,-0.989152372,1,-4.601991177,1,0.738187432,1,0.338216841,0,-0.113307908,0,-2.666821241,0
12.89996624,-2.145316839,1,0.50464958,1,-14.30339336,1,-0.967460155,1,-4.885597706,1,0.755611062,1,0.334731519,0,-0.132209539,0,-2.670315027,0
12.90396595,-2.2982862,1,0.413958699,1,-13.95488262,1,-0.959450483,1,-5.147068024,1,0.807546675,1,0.331401855,0,-0.152199522,0,-2.673957109,0
12.90796661,-1.434462667,1,0.598944068,1,-12.8377161,1,-0.959233284,1,-5.395655632,1,0.835200489,1,0.32816267,0,-0.173210979,0,-2.677716017,0
12.91196442,-0.918280005,1,0.908495069,1,-12.45553493,1,-0.962711573,1,-5.67283392,1,0.846944034,1,0.325052142,0,-0.195253611,0,-2.681712866,0
12.91596985,-2.297367096,1,1.079348922,1,-12.47676373,1,-0.958379209,1,-5.930308819,1,0.853521526,1,0.322080374,0,-0.218356282,0,-2.685981989,0
12.91997147,-3.29171896,1,0.574753642,1,-12.11259079,1,-0.984222233,1,-6.119801998,1,0.888912678,1,0.319216251,0,-0.242336825,0,-2.690384626,0
12.92396927,-3.398920059,1,0.196941048,1,-11.19495201,1,-1.058949471,1,-6.301719189,1,0.877873659,1,0.316282362,0,-0.26704824,0,-2.694915533,0
12.92796898,-3.83180356,1,1.133458018,1,-11.08003426,1,-1.101927042,1,-6.473039627,1,0.838228822,1,0.313287079,0,-0.292392015,0,-2.69974947,0
12.9319706,-7.112835884,1,2.677172184,1,-10.91418076,1,-1.080441475,1,-6.598560333,1,0.806980729,1,0.310456246,0,-0.318308234,0,-2.704887629,0
12.9359684,-9.1102705,1,2.525259972,1,-10.2113266,1,-1.013908148,1,-6.600439072,1,0.763692677,1,0.30800736,0,-0.344427705,0,-2.710238457,0
12.93996811,-6.371149063,1,1.297960281,1,-10.13077927,1,-1.028186202,1,-6.661470413,1,0.737827718,1,0.305867791,0,-0.370587885,0,-2.715712309,0
12.94396973,-5.436896324,1,0.06596449,1,-10.06225586,1,-1.124037027,1,-6.776368141,1,0.747936487,1,0.303704977,0,-0.397105634,0,-2.721365213,0
12.94796658,-6.902520657,1,-0.492379755,1,-10.42111683,1,-1.268832326,1,-6.877103806,1,0.752925754,1,0.301206887,0,-0.424079508,0,-2.727112055,0
12.95196629,-8.479821205,1,-0.557792008,1,-10.2615633,1,-1.366776228,1,-6.876819134,1,0.725383222,1,0.298409551,0,-0.451248735,0,-2.732954979,0
12.95596886,-9.383662224,1,-0.820806861,1,-9.830143929,1,-1.438601136,1,-6.842818737,1,0.735353529,1,0.295440078,0,-0.478348821,0,-2.738833666,0
12.95996666,-8.162844658,1,-0.917767107,1,-9.452662468,1,-1.53799665,1,-6.818891525,1,0.775490463,1,0.292178929,0,-0.505352974,0,-2.744511366,0
12.96396446,-9.827590942,1,-1.494462132,1,-9.754525185,1,-1.672181606,1,-6.82245779,1,0.813611805,1,0.288496345,0,-0.532424152,0,-2.750010967,0
12.96796703,-12.74474716,1,-0.981075168,1,-9.548315048,1,-1.792882085,1,-6.72837019,1,0.812024891,1,0.284321427,0,-0.559368968,0,-2.755315304,0
12.97196484,-14.8704567,1,-1.049590707,1,-9.009661674,1,-1.882844567,1,-6.47590971,1,0.78888762,1,0.279726446,0,-0.58564353,0,-2.760414124,0
12.97596455,-12.76513195,1,-2.221244812,1,-7.556622505,1,-2.033423662,1,-6.255057335,1,0.785431683,1,0.274606824,0,-0.610956252,0,-2.765169859,0
12.97996616,-12.28057957,1,-3.515700102,1,-6.858160496,1,-2.274121523,1,-6.093699455,1,0.814302802,1,0.268558741,0,-0.635610461,0,-2.769541979,0
12.98396397,-13.42621326,1,-3.799074173,1,-5.887972832,1,-2.529743195,1,-5.92209959,1,0.772830248,1,0.261378258,0,-0.659641147,0,-2.773581743,0
12.98796368,-16.15494537,1,-2.623927355,1,-5.832756042,1,-2.741953373,1,-5.688077927,1,0.726011455,1,0.2531856,0,-0.682882309,0,-2.777426243,0
12.99196529,-14.44706059,1,-2.902599812,1,-4.147995949,1,-2.931392431,1,-5.42362833,1,0.749667645,1,0.244017765,0,-0.705121756,0,-2.780824661,0
12.9959631,-12.57274914,1,-4.251437664,1,-2.995771885,1,-3.213447571,1,-5.26577425,1,0.835434318,1,0.233489022,0,-0.726632893,0,-2.783461809,0
12.99996185,-16.78622055,1,-2.415858269,1,-4.512633324,1,-3.513114452,1,-4.990429878,1,0.857947409,1,0.221169978,0,-0.747451127,0,-2.785207272,0
13.00396347,-20.03617477,1,-1.175783277,1,-3.815822363,1,-3.649371862,1,-4.614064217,1,0.81533885,1,0.207610399,0,-0.766928792,0,-2.786371946,0
13.00796127,-20.32474136,1,-1.334484935,1,-4.697619438,1,-3.739681721,1,-4.212628365,1,0.797620595,1,0.193160981,0,-0.784883738,0,-2.786853313,0
13.01196098,-22.31225014,1,-1.689308524,1,-5.368823051,1,-3.832396746,1,-3.742006063,1,0.728339911,1,0.17791903,0,-0.801109791,0,-2.786729097,0
13.01596165,-21.99347115,1,-0.986341476,1,-6.833096504,1,-3.872455597,1,-3.20216012,1,0.591544569,1,0.162204415,0,-0.815237582,0,-2.786334038,0
13.01995945,-19.88480186,1,-0.900691092,1,-8.300273895,1,-3.809628725,1,-2.731293678,1,0.418067634,1,0.146646827,0,-0.827264905,0,-2.786096811,0
13.02395916,-15.72381115,1,1.547686577,1,-10.01127052,1,-3.560332298,1,-2.280749798,1,0.362678766,1,0.13174288,0,-0.837368786,0,-2.785909176,0
13.02796078,-16.30065918,1,9.086719513,1,-8.062177658,1,-3.281832218,1,-2.104623318,1,0.645953596,1,0.117095955,0,-0.846296072,0,-2.784661293,0
13.03195858,-30.05296707,1,12.08844566,1,-13.21871281,1,-2.650588989,1,-1.702477574,1,0.714662671,1,0.102862962,0,-0.854335368,0,-2.781688213,0
13.03596401,-27.03786278,1,8.655565262,1,-15.78469849,1,-1.82100141,1,-0.807399869,1,0.760677695,1,0.091146864,0,-0.859591722,0,-2.777999878,0
13.03996563,-14.76315594,1,6.857839108,1,-14.00646973,1,-1.03756392,1,-0.405984223,1,0.824907362,1,0.082010336,0,-0.86211127,0,-2.773471355,0
13.04396343,-10.56806946,1,7.249508858,1,-12.27070522,1,-0.308856368,1,-0.399917543,1,0.975293338,1,0.246696934,0,-0.884889007,0,-2.741164446,0
13.04796219,-10.81796169,1,5.99213028,1,-12.28826714,1,0.214298159,1,-0.361442894,1,1.265966177,1,0.241723076,0,-0.887471378,0,-2.734920979,0
13.05196476,-10.95652294,1,3.335150242,1,-12.37103939,1,0.554097295,1,-0.333747983,1,1.603982449,1,0.236855403,0,-0.890178442,0,-2.726611137,0
13.05596256,-11.3569355,1,1.726563334,1,-12.38936806,1,0.845775425,1,-0.29990527,1,1.907225132,1,0.231582612,0,-0.893032849,0,-2.716218948,0
13.05996227,-10.44531536,1,-0.26045844,1,-12.63941765,1,1.018778443,1,-0.295647472,1,2.218091965,1,0.225656331,0,-0.896039367,0,-2.703797102,0
13.06396294,-10.50511646,1,-1.972601175,1,-13.34489727,1,1.050107837,1,-0.336039662,1,2.539785385,1,0.218545377,0,-0.899369955,0,-2.68936944,0
13.06796074,-11.00520611,1,-3.8379035,1,-14.03077507,1,0.945090294,1,-0.354426146,1,2.87106204,1,0.209574759,0,-0.90302062,0,-2.672804117,0
13.07196045,-10.94320393,1,-5.253212452,1,-14.64054775,1,0.748386681,1,-0.365969241,1,3.178788424,1,0.198272094,0,-0.906882644,0,-2.654088736,0
13.07596207,-11.05753803,1,-6.2967906,1,-15.175107,1,0.479016423,1,-0.358049482,1,3.461333513,1,0.184356108,0,-0.910847425,0,-2.633313656,0
13.07995987,-11.46875286,1,-7.160487175,1,-15.65447044,1,0.160081163,1,-0.307064593,1,3.689694881,1,0.167716101,0,-0.914671779,0,-2.610653162,0
13.08395958,-11.86514091,1,-7.904473305,1,-15.91742134,1,-0.205232605,1,-0.216449723,1,3.900192022,1,0.148285896,0,-0.918109477,0,-2.586280346,0
13.0879612,-12.41776562,1,-8.621459961,1,-16.04857254,1,-0.582981944,1,-0.095441982,1,4.114482403,1,0.126003817,0,-0.920920014,0,-2.560233355,0
13.091959,-12.75348568,1,-9.424139977,1,-16.26249504,1,-0.992040575,1,0.036247667,1,4.300968647,1,0.10081771,0,-0.922955394,0,-2.532584429,0
13.09595871,-13.35653687,1,-10.0127306,1,-16.69673729,1,-1.390200615,1,0.204035446,1,4.478000164,1,0.072837509,0,-0.924007058,0,-2.503498793,0
13.09996033,-13.828228,1,-10.16251659,1,-17.08349609,1,-1.760528326,1,0.403272748,1,4.610136986,1,0.042376187,0,-0.923852682,0,-2.473240376,0
13.10395813,-14.02500439,1,-10.0329771,1,-17.34877014,1,-2.097766876,1,0.61699748,1,4.718236446,1,0.009912034,0,-0.922299743,0,-2.442222357,0
13.10795784,-14.01534843,1,-9.854100227,1,-17.5797081,1,-2.39596653,1,0.847654879,1,4.773722649,1,-0.024045888,0,-0.919236004,0,-2.410866737,0
13.1119585,-13.73109722,1,-9.803454399,1,-17.73746681,1,-2.651734829,1,1.088558674,1,4.79925108,1,-0.058894161,0,-0.91456902,0,-2.379688501,0
13.11595631,-13.33963394,1,-9.998182297,1,-17.92202377,1,-2.871082783,1,1.329889059,1,4.797567844,1,-0.094156235,0,-0.908279359,0,-2.349066019,0
13.11995602,-12.93285084,1,-10.52331924,1,-18.09770584,1,-3.064702511,1,1.571993113,1,4.773336887,1,-0.129405111,0,-0.90037477,0,-2.319336176,0
13.12395763,-12.73972797,1,-11.1184864,1,-18.09340858,1,-3.238672495,1,1.819034576,1,4.747416019,1,-0.164326563,0,-0.890878081,0,-2.290773392,0
13.12795544,-12.45111656,1,-11.45391273,1,-17.93588448,1,-3.404127121,1,2.079842806,1,4.697918415,1,-0.198623434,0,-0.879801214,0,-2.263636589,0
13.13195515,-12.62855911,1,-11.99143028,1,-17.82414436,1,-3.558221102,1,2.348523378,1,4.632680893,1,-0.232065558,0,-0.867165864,0,-2.238184929,0
13.13595581,-12.10654926,1,-12.46690464,1,-17.30827522,1,-3.704934835,1,2.632945299,1,4.552947998,1,-0.264453202,0,-0.852992713,0,-2.214627028,0
13.13995361,-12.29996967,1,-12.68426037,1,-16.66531372,1,-3.830331564,1,2.942797184,1,4.453624249,1,-0.295567811,0,-0.837306201,0,-2.193184137,0
13.14395332,-12.55323792,1,-12.92332745,1,-16.01653671,1,-3.938127756,1,3.291125536,1,4.341473103,1,-0.325236917,0,-0.820064545,0,-2.174013376,0
13.14795494,-12.41615868,1,-13.00295448,1,-15.39657116,1,-4.021467686,1,3.648092985,1,4.216675758,1,-0.353288591,0,-0.801288307,0,-2.157285929,0
13.15195274,-11.59348488,1,-12.97031307,1,-14.91165733,1,-4.061635971,1,4.011065006,1,4.085782528,1,-0.379593164,0,-0.781024456,0,-2.143052101,0
13.15595913,-11.11543179,1,-12.87655735,1,-14.4297657,1,-4.050269604,1,4.354288578,1,3.946257591,1,-0.404028118,0,-0.759423852,0,-2.131262541,0
13.15996075,-10.40328121,1,-12.88183689,1,-13.90561581,1,-4.015298843,1,4.661946297,1,3.791321516,1,-0.426558763,0,-0.73667115,0,-2.12187171,0
13.16395855,-10.24696064,1,-12.96858311,1,-13.3254776,1,-3.978509426,1,4.971899033,1,3.633989334,1,-0.447261482,0,-0.712931454,0,-2.114780188,0
13.16795826,-9.672403336,1,-13.0725956,1,-12.62590599,1,-3.932782412,1,5.256493568,1,3.462843895,1,-0.466224402,0,-0.688314199,0,-2.109915972,0
13.17195892,-9.378708839,1,-13.30742836,1,-12.04935169,1,-3.887589693,1,5.534925461,1,3.301299572,1,-0.483596087,0,-0.662937045,0,-2.107144117,0
13.17595673,-8.69434166,1,-13.60952091,1,-11.24902248,1,-3.837167978,1,5.801019669,1,3.12632966,1,-0.499524444,0,-0.636877954,0,-2.106355906,0
13.17995644,-8.346370697,1,-14.00470924,1,-10.64235783,1,-3.773405552,1,6.031412125,1,2.960948944,1,-0.514147222,0,-0.610267341,0,-2.107394457,0
13.18395805,-8.682197571,1,-14.37516212,1,-9.95915699,1,-3.723767757,1,6.275915146,1,2.781736851,1,-0.527595937,0,-0.583203375,0,-2.110149384,0
13.18795586,-9.254433632,1,-14.68125153,1,-9.261165619,1,-3.658820391,1,6.527048588,1,2.588383198,1,-0.539956272,0,-0.555698633,0,-2.114634275,0
13.19195557,-10.07040882,1,-14.87030888,1,-8.835392952,1,-3.578434706,1,6.795974731,1,2.385793209,1,-0.551232278,0,-0.52776289,0,-2.12084341,0
13.19595623,-11.24328327,1,-15.25730133,1,-8.134364128,1,-3.468472481,1,7.081167698,1,2.180918455,1,-0.561447978,0,-0.499386191,0,-2.128759146,0
13.19995403,-12.35764408,1,-15.47721386,1,-7.463036537,1,-3.336268902,1,7.368529797,1,1.980759263,1,-0.570593953,0,-0.470537722,0,-2.138337374,0
13.20395374,-13.01440907,1,-15.54860973,1,-6.970890522,1,-3.192599297,1,7.645322323,1,1.756807446,1,-0.578736663,0,-0.441262513,0,-2.149527788,0
13.20795536,-13.28044033,1,-15.67671776,1,-6.268806458,1,-3.038019657,1,7.905424595,1,1.515476704,1,-0.585910857,0,-0.411681712,0,-2.1623106,0
13.21195316,-13.55381489,1,-15.84151649,1,-5.734620571,1,-2.873839378,1,8.111118317,1,1.259074569,1,-0.592211783,0,-0.381959081,0,-2.176613808,0
13.21595287,-13.90343761,1,-16.04462242,1,-5.196033955,1,-2.682554245,1,8.289848328,1,1.00023973,1,-0.597700059,0,-0.352256477,0,-2.192308426,0
13.21995449,-14.23504448,1,-16.17456436,1,-4.875673294,1,-2.479954004,1,8.40894413,1,0.727727294,1,-0.602405965,0,-0.322735906,0,-2.209280014,0
13.22395229,-14.78404808,1,-16.35373878,1,-4.416349411,1,-2.26167202,1,8.504366875,1,0.450678915,1,-0.606400907,0,-0.29355818,0,-2.227413416,0
13.227952,-15.30401707,1,-16.44666862,1,-4.19388628,1,-2.047568798,1,8.557224274,1,0.160821021,1,-0.609726906,0,-0.26485309,0,-2.246644735,0
13.23195362,-15.81223011,1,-16.70683861,1,-4.044334412,1,-1.824489713,1,8.587945938,1,-0.146163508,1,-0.61244756,0,-0.236751199,0,-2.266930103,0
13.23595142,-16.44656563,1,-16.838274,1,-4.042241573,1,-1.588305473,1,8.599727631,1,-0.477525651,1,-0.614560783,0,-0.209362105,0,-2.288281441,0
13.23995113,-17.3025322,1,-16.84221268,1,-3.983705521,1,-1.346416831,1,8.591906548,1,-0.825465024,1,-0.616074979,0,-0.182782292,0,-2.31067872,0
13.24395275,-18.08260918,1,-16.95737648,1,-4.007700443,1,-1.099835515,1,8.580735207,1,-1.192510724,1,-0.6169945,0,-0.157094404,0,-2.334163427,0
13.24795055,-18.59227753,1,-17.04688072,1,-3.991966963,1,-0.866663992,1,8.560360909,1,-1.562555194,1,-0.617382109,0,-0.132325202,0,-2.358755112,0
13.25194931,-19.26748085,1,-17.21230125,1,-4.087362766,1,-0.638631046,1,8.528635025,1,-1.949602723,1,-0.61730665,0,-0.108506039,0,-2.384456635,0
13.25595093,-19.90033913,1,-17.38112259,1,-4.095918655,1,-0.414776951,1,8.509001732,1,-2.338684559,1,-0.616812289,0,-0.085681193,0,-2.411293745,0
13.25994873,-20.4155941,1,-17.51428413,1,-4.099444389,1,-0.207561538,1,8.467189789,1,-2.725521803,1,-0.615965486,0,-0.063826121,0,-2.439267397,0
13.26394844,-20.84757805,1,-17.68710899,1,-4.086675644,1,-0.01925239,1,8.415343285,1,-3.099687099,1,-0.614865184,0,-0.04298719,0,-2.468326807,0
13.26795101,-21.24504089,1,-17.76130486,1,-3.991382122,1,0.144003913,1,8.356142044,1,-3.460792303,1,-0.613613129,0,-0.023135729,0,-2.498400927,0
13.27194786,-21.35559845,1,-17.89725304,1,-3.848646641,1,0.299894124,1,8.298459053,1,-3.781196117,1,-0.612294614,0,-0.004229052,0,-2.529417276,0
13.27594757,-21.22511482,1,-17.91985703,1,-3.688997269,1,0.435003281,1,8.214453697,1,-4.083151817,1,-0.610977769,0,0.013782208,0,-2.561263561,0
13.27995491,-20.77620888,1,-17.84786034,1,-3.552943707,1,0.563414514,1,8.102684975,1,-4.351265907,1,-0.609710097,0,0.030865354,0,-2.593813658,0
13.28395844,-20.42758942,1,-17.71763802,1,-3.460047483,1,0.674968362,1,7.961894512,1,-4.597027779,1,-0.608517528,0,0.046980441,0,-2.626905441,0
13.28795815,-20.1287365,1,-17.4791584,1,-3.480128527,1,0.778677523,1,7.795334816,1,-4.819340229,1,-0.607438684,0,0.062089693,0,-2.660422087,0
13.29196072,-19.82845116,1,-17.17565346,1,-3.559418917,1,0.881733477,1,7.621832371,1,-5.021017551,1,-0.541551352,0,0.029980896,0,-2.622730255,0
13.29595757,-19.63066101,1,-16.81728745,1,-3.728957891,1,0.982711196,1,7.426392078,1,-5.210842133,1,-0.539074421,0,0.045255497,0,-2.655795336,0
13.29995823,-19.3293972,1,-16.48651505,1,-3.918791533,1,1.08616519,1,7.237782955,1,-5.394968987,1,-0.53668052,0,0.059576903,0,-2.689088821,0
13.30395985,-18.85161591,1,-16.12387276,1,-4.640580654,1,1.194433928,1,7.051512718,1,-5.544687748,1,-0.534340978,0,0.072989911,0,-2.722573519,0
13.30795765,-18.22716904,1,-15.18009949,1,-5.249755859,1,1.321565866,1,6.866220951,1,-5.681046963,1,-0.531980157,0,0.085535564,0,-2.756156445,0
13.31195736,-18.12020683,1,-14.00537014,1,-5.764009476,1,1.506410956,1,6.695548058,1,-5.792408466,1,-0.529413939,0,0.097311765,0,-2.789812565,0
13.31595898,-18.26181793,1,-13.06423855,1,-6.332230091,1,1.747933745,1,6.564512253,1,-5.895793915,1,-0.526382506,0,0.108441219,0,-2.823545456,0
13.31995678,-18.16080093,1,-12.21737003,1,-6.978318214,1,2.028410912,1,6.4604249,1,-5.965102673,1,-0.522674739,0,0.119102649,0,-2.857340813,0
13.32395554,-17.95108986,1,-11.60458851,1,-7.559555054,1,2.327567101,1,6.383528709,1,-5.999851227,1,-0.518159986,0,0.129469499,0,-2.891149759,0
13.32795715,-17.5962677,1,-10.99424458,1,-8.090453148,1,2.641671419,1,6.330244064,1,-6.001699924,1,-0.512756526,0,0.139759302,0,-2.924875259,0
13.33195496,-17.15772438,1,-10.41397762,1,-8.622770309,1,2.972954512,1,6.290022373,1,-5.952046394,1,-0.506374478,0,0.150123581,0,-2.958405495,0
13.33595467,-16.76025391,1,-9.875537872,1,-9.160485268,1,3.322133064,1,6.268950462,1,-5.861240864,1,-0.498939097,0,0.160734445,0,-2.991623402,0
13.33995628,-16.85214233,1,-9.421713829,1,-9.629961967,1,3.690897942,1,6.262542248,1,-5.738916874,1,-0.490345418,0,0.171765059,0,-3.024403811,0
13.34395409,-17.21228981,1,-8.720042229,1,-10.05636692,1,4.049990177,1,6.279598713,1,-5.588967323,1,-0.48055476,0,0.18336986,0,-3.056653976,0
13.3479538,-17.45020676,1,-8.368534088,1,-10.26173687,1,4.38341713,1,6.303328991,1,-5.416127205,1,-0.469641507,0,0.195667237,0,-3.088317633,0
13.35195541,-17.86356544,1,-8.683153152,1,-10.36664486,1,4.658272743,1,6.34302187,1,-5.212812901,1,-0.457758158,0,0.208776176,0,-3.119277,0
13.35595322,-18.46830559,1,-9.27710247,1,-10.45435619,1,4.874200821,1,6.392544746,1,-5.001903057,1,-0.445138276,0,0.222781494,0,3.133713245,0
13.35995197,-19.27821159,1,-9.835565567,1,-10.58559132,1,5.019631863,1,6.446590424,1,-4.798484325,1,-0.432034016,0,0.237706751,0,3.104288578,0
13.36395359,-19.83951378,1,-10.19701385,1,-10.88056564,1,5.085566521,1,6.478318214,1,-4.609540939,1,-0.41877231,0,0.253498107,0,3.07562995,0
13.36795139,-20.53301811,1,-10.37010193,1,-11.15435886,1,5.065515995,1,6.479881287,1,-4.474452019,1,-0.405693263,0,0.269975722,0,3.047649622,0
13.3719511,-21.33238602,1,-10.33184147,1,-11.40673256,1,5.001224518,1,6.448234081,1,-4.397840023,1,-0.393091381,0,0.286913812,0,3.020199299,0
13.37595272,-22.37441635,1,-9.835020065,1,-11.84105873,1,4.91699028,1,6.36157608,1,-4.395950317,1,-0.381154001,0,0.304023862,0,2.993088961,0
13.37995052,-23.41963768,1,-9.13640213,1,-12.24992466,1,4.831341267,1,6.257642269,1,-4.484369278,1,-0.369980574,0,0.320994198,0,2.966018915,0
13.38395023,-24.52481461,1,-8.525613785,1,-12.65980339,1,4.74203825,1,6.102399349,1,-4.659487247,1,-0.359686255,0,0.337577611,0,2.938669682,0
13.38795185,-25.47284889,1,-8.06253624,1,-12.93196869,1,4.667860508,1,5.90806818,1,-4.891215801,1,-0.350313723,0,0.353470385,0,2.910769939,0
13.39194965,-26.44516754,1,-8.022063255,1,-13.02458382,1,4.581934452,1,5.67243433,1,-5.177390575,1,-0.34193942,0,0.368434906,0,2.882129669,0
13.39594936,-27.27487564,1,-7.819521904,1,-12.9013958,1,4.483109951,1,5.394866943,1,-5.496697903,1,-0.334632516,0,0.382238925,0,2.852581978,0
13.39995766,-28.0730114,1,-7.276523113,1,-12.33027363,1,4.373498917,1,5.083668232,1,-5.847923756,1,-0.328491867,0,0.394678891,0,2.822033644,0
13.40396118,-28.75346375,1,-6.048153877,1,-11.81803703,1,4.251303196,1,4.728812695,1,-6.229635715,1,-0.323574364,0,0.405543238,0,2.790380716,0
13.40796089,-28.59116745,1,-3.652796268,1,-11.03056622,1,4.140482903,1,4.327065945,1,-6.643992901,1,-0.319898307,0,0.414611876,0,2.75750494,0
13.41196251,-27.12806511,1,0.380086839,1,-11.87152863,1,4.08318615,1,3.783958673,1,-7.091743469,1,-0.317329049,0,0.421438277,0,2.723389626,0
13.41596031,-27.33771133,1,1.339704275,1,-11.1162138,1,4.110789776,1,3.266171455,1,-7.510706902,1,-0.315472245,0,0.425736666,0,2.688117981,0
13.41996002,-29.70540428,1,3.181746244,1,-10.20266724,1,4.156679153,1,2.745114565,1,-7.877146721,1,-0.313942075,0,0.42764473,0,2.651858568,0
13.42396069,-31.48894691,1,4.020613194,1,-9.306369781,1,4.132375717,1,2.242281675,1,-8.157952309,1,-0.312663555,0,0.42724666,0,2.614929438,0
13.42795849,-33.03751373,1,4.378488541,1,-8.12861824,1,3.997379303,1,1.757928252,1,-8.327588081,1,-0.311738402,0,0.424725354,0,2.577750206,0
13.4319582,-34.68983459,1,5.265340805,1,-7.274666309,1,3.7991786,1,1.251412034,1,-8.388877869,1,-0.311297417,0,0.420197517,0,2.540792227,0
13.43596077,-36.89083099,1,6.516410351,1,-6.23073864,1,3.568315506,1,0.789742351,1,-8.31966114,1,-0.311227381,0,0.413822383,0,2.504598141,0
13.43995762,-40.43492508,1,6.653148651,1,-4.682425022,1,3.32989049,1,0.435945809,1,-8.10803318,1,-0.311366379,0,0.406047344,0,2.469657183,0
13.44395638,-44.39333725,1,5.607769966,1,-2.863536358,1,3.006201267,1,0.2211923,1,-7.748883724,1,-0.311665356,0,0.397535622,0,2.436384678,0
13.44795895,-47.25469971,1,4.141544819,1,-1.032750845,1,2.526258707,1,0.098473676,1,-7.231129646,1,-0.312495768,0,0.388916433,0,2.405267954,0
13.4519558,-48.55437088,1,3.408506632,1,0.878610611,1,1.92160821,1,0.016873417,1,-6.603028297,1,-0.314271927,0,0.380601317,0,2.376778841,0
13.45595551,-48.50829315,1,4.195730686,1,3.009596109,1,1.260150194,1,-0.043630973,1,-5.906196594,1,-0.317319512,0,0.37278229,0,2.351205111,0
13.45995808,-47.01763153,1,6.431814671,1,5.108995438,1,0.636731088,1,-0.119186886,1,-5.183498859,1,-0.32165426,0,0.365505278,0,2.328725815,0
13.46395588,-44.12295914,1,9.116915703,1,6.997739315,1,0.115252383,1,-0.215045363,1,-4.439487457,1,-0.327020466,0,0.358755529,0,2.309436798,0
13.46795559,-41.57213593,1,11.62825966,1,8.36832428,1,-0.254067123,1,-0.346794844,1,-3.701354265,1,-0.332924545,0,0.352427751,0,2.293397427,0
13.47195721,-39.56056213,1,13.74842453,1,9.449683189,1,-0.43894437,1,-0.476441801,1,-3.006452799,1,-0.338776201,0,0.346445888,0,2.280506849,0
13.47595501,-37.348629,1,14.77090168,1,10.30273342,1,-0.483798236,1,-0.624806941,1,-2.328637838,1,-0.343986213,0,0.340797126,0,2.270620823,0
13.47995377,-32.04627609,1,15.56505108,1,8.65547657,1,-0.359302074,1,-0.789092422,1,-1.67556262,1,-0.348086596,0,0.335441709,0,2.263648033,0
13.48395538,-17.8956604,1,17.61071205,1,7.07282877,1,-0.025595175,1,-1.861238718,1,-1.213665962,1,-0.349771082,0,0.328937173,0,2.259918451,0
13.48795319,-46.35435486,1,14.18475056,1,14.94510651,1,-0.649398804,1,-2.918367863,1,-1.036167979,1,-0.351313263,0,0.318139702,0,2.259038448,0
13.4919529,-28.26906586,1,7.266193867,1,19.23653984,1,-1.413670063,1,-3.531579256,1,-1.337257743,1,-0.355420887,0,0.304555893,0,2.259084225,0
13.49595451,-25.43979836,1,8.391980171,1,20.47309685,1,-2.138516188,1,-4.997766495,1,-1.751145363,1,-0.362417698,0,0.286555171,0,2.259241581,0
13.49995232,-37.80736923,1,17.03375626,1,8.709472656,1,-2.536021948,1,-6.34980011,1,-2.005526304,1,-0.371784031,0,0.262428254,0,2.26051712,0
13.50395203,-20.70119095,1,23.59489059,1,-5.697093487,1,-1.807627678,1,-7.001557827,1,-2.666264772,1,-0.38002491,0,0.234245792,0,2.261773586,0
13.50795269,-27.78217506,1,20.38659096,1,-24.63101006,1,-1.841166139,1,-7.358567238,1,-2.912525892,1,-0.38704285,0,0.203170151,0,2.262043476,0
13.51195049,-36.11863327,1,22.76255035,1,-35.88370132,1,-2.03558898,1,-6.901009083,1,-2.439387083,1,-0.394793838,0,0.172492504,0,2.262884855,0
13.5159502,-24.88342857,1,26.00797081,1,-46.60174179,1,-1.677902937,1,-5.729775906,1,-1.684720397,1,-0.401841581,0,0.145889118,0,2.26513958,0
13.51995754,-29.54169273,1,32.21509171,1,-48.44932938,1,-1.086943626,1,-4.794697285,1,0.091625214,1,-0.406815767,0,0.125119343,0,2.270523071,0
13.52396202,-21.62467575,1,39.22640228,1,-43.34414673,1,0.415893167,1,-3.446856737,1,1.430352688,1,-0.407229066,0,0.111394875,0,2.279888391,0
13.52796173,-15.36372185,1,34.53561401,1,-31.59397697,1,1.33094275,1,-2.873959303,1,2.608506441,1,-0.402352691,0,0.103129938,0,2.292354822,0
13.53196335,-11.52952194,1,13.50423622,1,-21.88004494,1,2.069792271,1,-2.32792592,1,3.399899721,1,-0.393841803,0,0.098281227,0,2.307584047,0
13.53596115,-11.19186974,1,-10.81011105,1,-10.65338707,1,1.957413077,1,-2.043520451,1,3.91280818,1,-0.383794755,0,0.095708467,0,2.324651241,0
13.53996086,-5.909666061,1,-23.01604462,1,-5.80354929,1,1.489444256,1,-2.121683836,1,3.781662464,1,-0.375153303,0,0.093891911,0,2.342169285,0
13.54396153,-6.463463783,1,-30.79153824,1,-2.210445642,1,0.720140338,1,-2.52553916,1,3.246597767,1,-0.237792626,0,0.16719915,0,2.564916611,0
13.54795933,-9.908503532,1,-34.92886734,1,-3.65705514,1,0.192841232,1,-2.878571272,1,2.58548975,1,-0.23354505,0,0.159374088,0,2.578983784,0
13.55195904,-19.95014,1,-38.65167618,1,-5.841822624,1,-0.772312641,1,-3.172476292,1,1.666089416,1,-0.23296921,0,0.149623081,0,2.590127945,0
13.55596066,-38.33406067,1,-27.42455292,1,-10.44887733,1,-1.446893692,1,-2.668840647,1,0.948013127,1,-0.236496344,0,0.139085978,0,2.598025799,0
13.55995846,-26.61866951,1,7.768722057,1,-10.30045223,1,-1.263266683,1,-1.43532753,1,1.305511713,1,-0.241251737,0,0.132129237,0,2.604107857,0
13.56395817,-8.973911285,1,15.36806583,1,-12.47880554,1,-0.825843751,1,-0.470821142,1,1.997958899,1,-0.244411737,0,0.130127713,0,2.611547947,0
13.56795979,0.417574644,1,7.099733353,1,-10.13575172,1,-0.667469323,1,-0.13526994,1,2.303257227,1,-0.246188015,0,0.131304398,0,2.620349884,0
13.57195759,-8.004300117,1,-5.247048378,1,-8.378141403,1,-0.785704494,1,-0.304724157,1,1.917805076,1,-0.247949958,0,0.13259688,0,2.628974199,0
13.57595635,-12.30289173,1,-11.6016264,1,-6.116046429,1,-1.00393188,1,-0.577573121,1,1.290036798,1,-0.250549167,0,0.132402539,0,2.635671139,0
13.57995796,-10.15972137,1,-4.294000149,1,-6.068023205,1,-1.174430013,1,-0.562792242,1,1.112682939,1,-0.254277885,0,0.131292865,0,2.640819788,0
13.58395577,-8.551388741,1,3.197098255,1,-9.94173336,1,-1.14157486,1,-0.284063488,1,1.318214059,1,-0.258295417,0,0.130799279,0,2.645977736,0
13.58795548,-5.278324127,1,0.455150396,1,-9.423093796,1,-1.040483952,1,-0.069937438,1,1.352367759,1,-0.261926472,0,0.131641269,0,2.651417255,0
13.59195709,-2.991226912,1,-3.605042934,1,-9.437748909,1,-1.058912516,1,-0.26386565,1,1.190917253,1,-0.265406638,0,0.132356942,0,2.656551123,0
13.5959549,-5.677082539,1,-1.426723242,1,-10.60751152,1,-1.010603666,1,-0.361956239,1,1.076872945,1,-0.268968463,0,0.132292286,0,2.66127944,0
13.59995461,-5.102935314,1,0.490859121,1,-9.705551147,1,-0.961183965,1,-0.371129572,1,1.071350694,1,-0.272324234,0,0.13203831,0,2.665820122,0
13.60395718,-7.244059086,1,-1.170691729,1,-9.225171089,1,-0.943682015,1,-0.337181717,1,1.029940009,1,-0.275512159,0,0.131788462,0,2.670311451,0
13.60795403,-6.060436726,1,-2.504057407,1,-8.851262093,1,-0.969463944,1,-0.342593849,1,0.931795955,1,-0.27878511,0,0.131607801,0,2.674493313,0
13.61195374,-5.722772121,1,0.036080927,1,-9.366546631,1,-0.975295186,1,-0.375421524,1,0.830546677,1,-0.282176614,0,0.131188214,0,2.678308487,0
13.61595631,-5.563824177,1,2.982189894,1,-9.47121048,1,-0.888038337,1,-0.363639474,1,0.773126066,1,-0.285429478,0,0.130665928,0,2.681852341,0
13.61995411,-5.636758804,1,2.22080183,1,-9.3207798,1,-0.792136312,1,-0.374360889,1,0.687757552,1,-0.288397491,0,0.130082011,0,2.6851089,0
13.62395382,-5.591086388,1,1.778242588,1,-9.044041634,1,-0.724181056,1,-0.403277934,1,0.582636058,1,-0.291044712,0,0.129341781,0,2.688012362,0
13.62795448,-5.739656448,1,3.308514357,1,-9.279512405,1,-0.642854035,1,-0.406568199,1,0.475820392,1,-0.293458492,0,0.128388345,0,2.690527678,0
13.63195229,-5.915900707,1,3.410201788,1,-9.655311584,1,-0.521390855,1,-0.424794048,1,0.368353814,1,-0.295527875,0,0.127290785,0,2.692640066,0
13.635952,-5.446530342,1,2.001930714,1,-9.583566666,1,-0.430030644,1,-0.441485792,1,0.283567458,1,-0.297201157,0,0.12602067,0,2.694394827,0
13.63995934,-5.565703392,1,-0.361527562,1,-9.299217224,1,-0.379489034,1,-0.452319205,1,0.230947912,1,-0.298602283,0,0.124601036,0,2.695912123,0
13.64396381,-5.304998398,1,-1.381117582,1,-9.273383141,1,-0.401958346,1,-0.434482604,1,0.220373183,1,-0.299992859,0,0.123166807,0,2.697312593,0
13.64796352,-4.997416496,1,-1.435008287,1,-9.198549271,1,-0.440693498,1,-0.426945955,1,0.224369034,1,-0.301517367,0,0.121789977,0,2.698657751,0
13.65196514,-5.566594124,1,-1.673935533,1,-9.012166977,1,-0.476334751,1,-0.44601512,1,0.235723183,1,-0.303170025,0,0.120396256,0,2.700052977,0
13.65596294,-6.07470417,1,-1.571033001,1,-9.086092949,1,-0.467842668,1,-0.472111195,1,0.247317865,1,-0.304882497,0,0.118936971,0,2.701526642,0
13.6599617,-5.404909611,1,-1.873416662,1,-9.278436661,1,-0.459434479,1,-0.503272057,1,0.264995843,1,-0.306534946,0,0.117377989,0,2.703094959,0
13.66396332,-4.888331413,1,-2.204238176,1,-9.372865677,1,-0.486021757,1,-0.536977947,1,0.293548614,1,-0.308227003,0,0.115728252,0,2.704788446,0
13.66796112,-4.665126324,1,-2.442926168,1,-9.387158394,1,-0.529403448,1,-0.573490202,1,0.315901697,1,-0.310045063,0,0.113981314,0,2.706615448,0
13.67196083,-4.771178722,1,-2.037145138,1,-9.479616165,1,-0.570117056,1,-0.597057104,1,0.33656314,1,-0.312017888,0,0.112145618,0,2.708552837,0
13.67596245,-4.756916523,1,-1.718541622,1,-9.363393784,1,-0.633690536,1,-0.60981667,1,0.35648939,1,-0.314192235,0,0.110267118,0,2.710614204,0
13.67996025,-5.021566868,1,-1.177408934,1,-9.32466507,1,-0.681349933,1,-0.618022621,1,0.361801982,1,-0.316606462,0,0.10837926,0,2.712755442,0
13.68395996,-5.062855721,1,-0.32839787,1,-9.472358704,1,-0.666304469,1,-0.626309574,1,0.367806941,1,-0.319071084,0,0.106474563,0,2.714942217,0
13.68796158,-5.306228161,1,-1.82848978,1,-9.197729111,1,-0.721525013,1,-0.639424384,1,0.352493048,1,-0.3215819,0,0.104515366,0,2.717115164,0
13.69195938,-5.26308012,1,-1.75238657,1,-8.877549171,1,-0.82760942,1,-0.633199394,1,0.349226475,1,-0.324477315,0,0.102543533,0,2.719266176,0
13.69595909,-5.007428169,1,-0.346300155,1,-9.283144951,1,-0.872858346,1,-0.635724962,1,0.342901945,1,-0.327696443,0,0.100591615,0,2.721389055,0
13.69996071,-5.126009464,1,-0.639835417,1,-9.983474731,1,-0.844286025,1,-0.689803302,1,0.334225208,1,-0.330900133,0,0.098537169,0,2.723537207,0
13.70395756,-4.998770714,1,-1.94466424,1,-10.09826946,1,-0.885030508,1,-0.759521663,1,0.307946086,1,-0.334124655,0,0.096218564,0,2.725697517,0
13.70795727,-4.764874458,1,-2.528190374,1,-11.04167843,1,-1.014016867,1,-0.832058132,1,0.309517682,1,-0.337698579,0,0.093620427,0,2.727913618,0
13.71195889,-3.951957703,1,-0.538279235,1,-11.56507683,1,-0.984218597,1,-0.960969567,1,0.309459865,1,-0.341506898,0,0.090665966,0,2.730302811,0
13.71595669,-4.008296967,1,-3.085936546,1,-12.4386549,1,-1.062763095,1,-1.104482651,1,0.302570343,1,-0.345318139,0,0.087187678,0,2.732848167,0
13.71995544,-3.378772259,1,-1.154574752,1,-12.98040009,1,-1.161003828,1,-1.267819285,1,0.306499839,1,-0.349595487,0,0.083175495,0,2.735613585,0
13.72395706,-4.066833019,1,-1.101185918,1,-14.00689507,1,-1.102282166,1,-1.475937009,1,0.316494644,1,-0.353856742,0,0.078445084,0,2.738690138,0
13.72795487,-3.49816823,1,-1.625800848,1,-14.02593422,1,-1.159027338,1,-1.697404027,1,0.323574692,1,-0.358077049,0,0.072979562,0,2.742117167,0
13.73195458,-4.309123516,1,-2.438878298,1,-15.10234547,1,-1.310215712,1,-1.979143143,1,0.309378296,1,-0.362755358,0,0.066525154,0,2.745901108,0
13.73595619,-3.940615654,1,-1.315685511,1,-15.635005,1,-1.36788702,1,-2.259763002,1,0.295360565,1,-0.36789456,0,0.059054103,0,2.750047684,0
13.739954,-2.172149897,1,-0.985800445,1,-15.61349487,1,-1.327232838,1,-2.586734772,1,0.336290181,1,-0.373008728,0,0.050485712,0,2.754754066,0
13.74395371,-1.907675982,1,-2.225736141,1,-16.30763245,1,-1.362068772,1,-2.936542273,1,0.381454229,1,-0.378115326,0,0.040730361,0,2.760131598,0
13.74795532,-1.77913475,1,-2.724805593,1,-16.40666389,1,-1.448296666,1,-3.258985758,1,0.437438995,1,-0.38353014,0,0.029833594,0,2.766256571,0
13.75195313,-1.236975551,1,-1.975586534,1,-16.63316727,1,-1.490466475,1,-3.624697924,1,0.509727716,1,-0.389247626,0,0.017804028,0,2.773199081,0
13.75595284,-1.957907438,1,-1.933195829,1,-16.79426765,1,-1.492215753,1,-3.983148575,1,0.628767669,1,-0.395109355,0,0.004600422,0,2.781096935,0
13.75996018,-0.328212321,1,-3.187521935,1,-16.78850365,1,-1.537157416,1,-4.334162235,1,0.675947845,1,-0.401173562,0,-0.009709083,0,2.789988041,0
13.7639637,0.629383206,1,-1.966129422,1,-15.90345383,1,-1.580970883,1,-4.794967175,1,0.860224962,1,-0.407546222,0,-0.025247071,0,2.799924374,0
13.76796341,-0.006878498,1,-1.953117847,1,-16.14585876,1,-1.614047408,1,-5.145503998,1,0.975156903,1,-0.414337158,0,-0.042027391,0,2.811248541,0
13.77196503,0.207189351,1,-1.542496204,1,-15.55145645,1,-1.588183999,1,-5.552513599,1,1.062032104,1,-0.421401471,0,-0.059908152,0,2.823712587,0
13.77596283,0.935921431,1,-1.294160604,1,-15.17355824,1,-1.53411293,1,-5.985779285,1,1.121880293,1,-0.42858243,0,-0.079121269,0,2.837215424,0
13.77996254,0.272782296,1,-1.039269805,1,-15.07721806,1,-1.548348308,1,-6.367426872,1,1.256530404,1,-0.436051726,0,-0.099610865,0,2.851957798,0
13.78396511,1.03047359,1,-0.10028474,1,-15.06063175,1,-1.490609288,1,-6.709484577,1,1.320536494,1,-0.443905771,0,-0.121044539,0,2.867855072,0
13.78796196,0.70639497,1,0.873283148,1,-14.81274414,1,-1.423814297,1,-7.069785118,1,1.382735014,1,-0.451972693,0,-0.143555418,0,2.884832859,0
13.79196167,-0.732658207,1,0.967513084,1,-14.37683773,1,-1.36803174,1,-7.41669035,1,1.447351813,1,-0.358715832,0,-0.150101498,0,3.028147459,0
13.79596424,-0.937298596,1,1.043100953,1,-13.67705536,1,-1.315538406,1,-7.717836857,1,1.476555347,1,-0.366753131,0,-0.176307634,0,3.044576645,0
13.79996204,0.917058289,1,1.094530702,1,-12.55243015,1,-1.281877637,1,-8.048477173,1,1.515008211,1,-0.375202656,0,-0.203509629,0,3.061871052,0
13.80395985,1.812108874,1,0.126554385,1,-12.36103821,1,-1.333724737,1,-8.481754303,1,1.565218568,1,-0.38440752,0,-0.231922582,0,3.080286503,0
13.80796242,-1.855525136,1,-0.32329613,1,-12.96783829,1,-1.373041987,1,-8.75459671,1,1.564218521,1,-0.394612908,0,-0.261563957,0,3.099816084,0
13.81196022,-5.974688053,1,-0.145254046,1,-13.52806377,1,-1.438019037,1,-8.754170418,1,1.545451641,1,-0.405713677,0,-0.291391551,0,3.119954586,0
13.81595993,-10.55482101,1,0.123891927,1,-14.16212177,1,-1.540715218,1,-8.755743027,1,1.387966752,1,-0.417803168,0,-0.321126342,0,3.140328169,0
13.81996155,-14.64049244,1,-1.067335248,1,-13.96576023,1,-1.629971743,1,-8.757706642,1,1.255681276,1,-0.43084994,0,-0.350886643,0,-3.122517347,0
13.82395935,-13.0500536,1,-1.571089625,1,-13.14525509,1,-1.716002226,1,-8.68929863,1,1.242573738,1,-0.444932133,0,-0.380428076,0,-3.101811886,0
13.82795906,-11.81240559,1,-1.144349694,1,-12.80530167,1,-1.945579648,1,-8.65644455,1,1.363574505,1,-0.460477293,0,-0.409336656,0,-3.080341101,0
13.83196068,-16.29454231,1,1.854643822,1,-12.12364483,1,-2.121671915,1,-8.543704987,1,1.476221323,1,-0.47795856,0,-0.437493861,0,-3.057705402,0
13.83595848,-20.3597126,1,5.376315117,1,-10.28509235,1,-2.029593468,1,-8.290976524,1,1.61756289,1,-0.496584415,0,-0.464373112,0,-3.034136057,0
13.83995819,-23.60524368,1,4.983702183,1,-8.68148613,1,-1.867440224,1,-8.012875557,1,1.778764606,1,-0.515661955,0,-0.489614546,0,-3.009599447,0
13.84395981,-30.66906166,1,5.542992115,1,-7.319330692,1,-1.668889523,1,-7.480895042,1,1.779744983,1,-0.534672022,0,-0.512928605,0,-2.984781981,0
13.84795761,-36.00033951,1,4.944531441,1,-5.0722332,1,-1.410302639,1,-6.561348438,1,1.730077624,1,-0.552681804,0,-0.533403337,0,-2.961076736,0
13.85195732,-31.442276,1,-0.545968294,1,-3.077973843,1,-1.48497045,1,-5.666753292,1,1.903802514,1,-0.569846153,0,-0.550187171,0,-2.93875885,0
13.85595894,-32.74609375,1,-1.164072156,1,-3.371531248,1,-1.741013646,1,-4.799048901,1,1.985902309,1,-0.587529004,0,-0.563456178,0,-2.917525768,0
13.85995674,-24.92021942,1,-1.646315813,1,-0.370519161,1,-1.966879129,1,-4.019141197,1,2.14997983,1,-0.605496526,0,-0.573370755,0,-2.897790909,0
13.8639555,-15.97652149,1,-1.777468085,1,0.980481088,1,-2.432994843,1,-3.576958418,1,2.341069698,1,-0.624792814,0,-0.580537975,0,-2.878532171,0
13.86795712,-11.05115509,1,-1.557798266,1,2.088097572,1,-2.917719603,1,-3.189324379,1,2.464701414,1,-0.64585942,0,-0.585742235,0,-2.859650612,0
13.87195492,-12.22046375,1,-4.629169464,1,-0.539513588,1,-3.427805185,1,-2.858510971,1,2.468379021,1,-0.668693423,0,-0.589238048,0,-2.841384411,0
13.87595463,-15.55724525,1,-7.011488914,1,-3.680450439,1,-3.941723347,1,-2.550944567,1,2.382577896,1,-0.693026304,0,-0.591529787,0,-2.824094534,0
13.87996292,-16.04539108,1,-3.91492939,1,-1.305645108,1,-4.524843216,1,-2.518651724,1,2.494237661,1,-0.71926415,0,-0.59287101,0,-2.807552814,0
13.88396645,-36.63146591,1,12.00159645,1,-8.464039803,1,-4.405225277,1,-2.395423174,1,2.478182793,1,-0.747024834,0,-0.593509734,0,-2.790276527,0
13.88796616,-40.90924835,1,11.10608101,1,-14.07166386,1,-3.628964663,1,-1.221168637,1,2.233212948,1,-0.7710886,0,-0.59242785,0,-2.77601409,0
13.89196777,-19.7544651,1,6.906305313,1,-12.24819183,1,-2.915368319,1,-0.829915881,1,2.159267902,1,-0.790138602,0,-0.588910401,0,-2.765303135,0
13.89596558,-14.28691673,1,6.724423409,1,-10.57585526,1,-2.141071081,1,-1.006797194,1,2.06662631,1,-0.805931449,0,-0.58544147,0,-2.755074978,0
13.89996529,-13.17503738,1,5.758512497,1,-11.19760513,1,-1.504279494,1,-1.078195453,1,2.119124174,1,-0.818941355,0,-0.582267106,0,-2.744557142,0
13.9039669,-11.84111977,1,3.036124706,1,-11.33390427,1,-1.108873844,1,-1.184921622,1,2.284967661,1,-0.830217898,0,-0.578871369,0,-2.733460665,0
13.90796471,-12.96162701,1,2.234295845,1,-12.2207489,1,-0.734547377,1,-1.317014575,1,2.454789162,1,-0.840483189,0,-0.575192392,0,-2.721442938,0
13.91196442,-15.34375286,1,1.113972068,1,-12.74828243,1,-0.364576936,1,-1.393299341,1,2.593370199,1,-0.849608481,0,-0.571251631,0,-2.70863843,0
13.91596508,-16.86940384,1,-1.001228213,1,-13.2509222,1,-0.106444873,1,-1.415997744,1,2.753188372,1,-0.85773325,0,-0.566888392,0,-2.695255041,0
13.91996288,-16.7508049,1,-3.261350393,1,-13.71153736,1,0.00343233,1,-1.402571797,1,2.933938026,1,-0.86529845,0,-0.561927676,0,-2.681423903,0
13.92396259,-16.38093758,1,-5.036668301,1,-14.32018852,1,-0.028563231,1,-1.407741785,1,3.094231606,1,-0.872892499,0,-0.556341827,0,-2.667161703,0
13.92796421,-15.04110241,1,-6.80876255,1,-14.83481312,1,-0.1368137,1,-1.391706228,1,3.241674662,1,-0.880856693,0,-0.550180376,0,-2.652582407,0
13.93196201,-14.501688,1,-8.2961483,1,-15.38080311,1,-0.337216228,1,-1.397772908,1,3.380125999,1,-0.889529943,0,-0.5434618,0,-2.637695789,0
13.93596172,-14.57066345,1,-9.122317314,1,-16.39335442,1,-0.58825171,1,-1.381173849,1,3.541007996,1,-0.899190187,0,-0.536153018,0,-2.622509003,0
13.93996429,-15.6908474,1,-10.94950104,1,-16.3625927,1,-0.941262841,1,-1.303037763,1,3.673538446,1,-0.910042763,0,-0.528120339,0,-2.607246161,0
13.94396114,-16.00036621,1,-11.95005798,1,-17.67507744,1,-1.263537884,1,-1.28264904,1,3.856369495,1,-0.922084332,0,-0.519290924,0,-2.591897726,0
13.94796181,-17.14793015,1,-12.88686848,1,-18.18136024,1,-1.593138814,1,-1.149267077,1,4.006157875,1,-0.935319781,0,-0.509634793,0,-2.576604605,0
13.95196343,-16.60478592,1,-12.5619278,1,-19.18852806,1,-1.90148294,1,-1.018387318,1,4.138220787,1,-0.949543178,0,-0.49901399,0,-2.56167984,0
13.95596123,-17.18923187,1,-13.52638054,1,-19.87911606,1,-2.186668158,1,-0.897607982,1,4.302672386,1,-0.964649737,0,-0.487411052,0,-2.54707408,0
13.95996094,-16.95652008,1,-13.09587669,1,-20.64557076,1,-2.421856165,1,-0.724137604,1,4.459552288,1,-0.980418682,0,-0.474760503,0,-2.532915831,0
13.9639616,-16.57930183,1,-12.69429016,1,-21.41993904,1,-2.588612318,1,-0.575962901,1,4.591213703,1,-0.996591151,0,-0.461062759,0,-2.519338131,0
13.9679594,-16.37388229,1,-11.80323505,1,-22.15868759,1,-2.656050205,1,-0.426541477,1,4.702058315,1,-1.012799859,0,-0.446448743,0,-2.506349564,0
13.97195911,-16.55007935,1,-10.87535477,1,-22.91358948,1,-2.627203465,1,-0.269019067,1,4.777978897,1,-1.028602362,0,-0.43100965,0,-2.494082451,0
13.97596073,-16.80812263,1,-10.03459263,1,-23.75523567,1,-2.517999411,1,-0.07918866,1,4.821531773,1,-1.043589473,0,-0.414836496,0,-2.482680559,0
13.97995853,-17.5012207,1,-9.605651855,1,-24.37895966,1,-2.340047359,1,0.13323465,1,4.82531023,1,-1.057422042,0,-0.39804405,0,-2.472310543,0
13.98395824,-17.95962715,1,-9.902094841,1,-24.79446411,1,-2.136026382,1,0.399288356,1,4.807175636,1,-1.069831729,0,-0.380689204,0,-2.463202,0
13.98795986,-18.12786293,1,-10.59076595,1,-24.78184891,1,-1.927067995,1,0.722026289,1,4.778650761,1,-1.080738664,0,-0.362768412,0,-2.455526352,0
13.99195766,-17.9121151,1,-12.04554558,1,-24.41927528,1,-1.77652669,1,1.055609822,1,4.745117664,1,-1.090245008,0,-0.344277799,0,-2.449408293,0
13.99595738,-17.76827049,1,-13.46062374,1,-23.71841812,1,-1.702026367,1,1.403970718,1,4.721663952,1,-1.0986799,0,-0.325195849,0,-2.444825172,0
13.99996376,-17.41582108,1,-15.19491386,1,-23.02217865,1,-1.704705834,1,1.751894951,1,4.697000504,1,-1.106404901,0,-0.305536926,0,-2.441812515,0
14.00396824,-16.96297264,1,-16.77351952,1,-21.97919846,1,-1.795717955,1,2.10977459,1,4.675658703,1,-1.113814592,0,-0.285310805,0,-2.440330505,0
14.00796795,-16.38069725,1,-18.06101799,1,-21.3361702,1,-1.957959175,1,2.435068846,1,4.659588814,1,-1.121291041,0,-0.264554799,0,-2.440314054,0
14.01196957,-15.73489571,1,-19.06659126,1,-20.74538612,1,-2.198621273,1,2.708129168,1,4.60958147,1,-1.129249096,0,-0.243381113,0,-2.441660404,0
14.01596737,-14.99291897,1,-20.05758476,1,-19.85580444,1,-2.516957998,1,2.963206053,1,4.558872223,1,-1.138072968,0,-0.221952707,0,-2.444237709,0
14.01996708,-14.0148983,1,-20.7177124,1,-18.98122406,1,-2.856192827,1,3.180181026,1,4.483850956,1,-1.148025036,0,-0.200390428,0,-2.447999954,0
14.0239687,-13.35831165,1,-20.70174026,1,-18.07419777,1,-3.223363876,1,3.366238356,1,4.370105743,1,-1.159265637,0,-0.178884,0,-2.452891827,0
14.0279665,-13.04425907,1,-20.24760818,1,-16.9697628,1,-3.552893639,1,3.562811136,1,4.213249207,1,-1.171821713,0,-0.157633558,0,-2.458939314,0
14.03196621,-12.72477245,1,-19.25275421,1,-16.18571472,1,-3.806493998,1,3.730829716,1,4.027956963,1,-1.185492873,0,-0.136818811,0,-2.466189146,0
14.03596783,-11.94987106,1,-17.37014771,1,-15.4012022,1,-3.964750051,1,3.897064447,1,3.794686556,1,-1.199999809,0,-0.116621502,0,-2.474666595,0
14.03996563,-10.99369526,1,-15.82989597,1,-14.7302866,1,-3.987874269,1,4.070696354,1,3.510939598,1,-1.214898467,0,-0.097296469,0,-2.484422922,0
14.04396439,-10.3757143,1,-15.24711704,1,-13.67233372,1,-3.88790679,1,4.247751713,1,3.219440222,1,-1.159468532,0,-0.157637894,0,-2.368396521,0
14.047966,-10.0746727,1,-14.27877903,1,-12.72416687,1,-3.704483747,1,4.438620567,1,2.892369509,1,-1.172993779,0,-0.139552906,0,-2.379678011,0
14.05196381,-9.991109848,1,-13.69430256,1,-11.83132172,1,-3.458304167,1,4.652475357,1,2.558996677,1,-1.185667276,0,-0.122522049,0,-2.392425299,0
14.05596352,-9.556617737,1,-13.53223324,1,-10.82093716,1,-3.166919231,1,4.876153469,1,2.220271349,1,-1.19730711,0,-0.10658589,0,-2.406672239,0
14.05996513,-9.347744942,1,-13.62001991,1,-9.815814972,1,-2.828698397,1,5.127216339,1,1.891653061,1,-1.207750201,0,-0.091716379,0,-2.422446251,0
14.06396294,-9.453753471,1,-13.6576128,1,-8.82667923,1,-2.449130058,1,5.39943552,1,1.557221413,1,-1.21684742,0,-0.07787548,0,-2.439798594,0
14.06796265,-9.934310913,1,-13.96099663,1,-7.675599575,1,-2.05824995,1,5.695315838,1,1.229883313,1,-1.224513531,0,-0.065036148,0,-2.458776712,0
14.07196426,-10.59688473,1,-14.32139206,1,-6.622317791,1,-1.669389129,1,6.001594067,1,0.912507653,1,-1.23075366,0,-0.05313414,0,-2.479404211,0
14.07596207,-11.25142765,1,-14.91635513,1,-5.779623985,1,-1.300430298,1,6.310332775,1,0.594330907,1,-1.235625505,0,-0.042138558,0,-2.501670361,0
14.07996178,-11.83779716,1,-15.78076267,1,-5.08770752,1,-0.967664421,1,6.603653908,1,0.308063984,1,-1.239279032,0,-0.031987309,0,-2.525510788,0
14.08396244,-12.33024216,1,-16.39042282,1,-4.401538849,1,-0.669363499,1,6.869294167,1,0.01863474,1,-1.241860986,0,-0.022637455,0,-2.550807714,0
14.08796024,-13.11253071,1,-16.82459831,1,-3.778013229,1,-0.37514776,1,7.116073608,1,-0.247862428,1,-1.24345839,0,-0.014061737,0,-2.577448606,0
14.09195995,-13.99728584,1,-16.90086555,1,-3.226390362,1,-0.079051554,1,7.343259811,1,-0.516184509,1,-1.244089007,0,-0.006222735,0,-2.605334044,0
14.09596252,-15.52380371,1,-16.68591499,1,-2.807296038,1,0.216435805,1,7.555370331,1,-0.798994184,1,-1.243748784,0,0.000855416,0,-2.634386539,0
14.09995937,-16.89735413,1,-16.13054085,1,-2.293746471,1,0.52922368,1,7.746583939,1,-1.094934583,1,-1.242379785,0,0.007119253,0,-2.664579868,0
14.10395908,-18.2143631,1,-15.77868843,1,-1.72372508,1,0.858178616,1,7.926556587,1,-1.39693296,1,-1.239920616,0,0.012546675,0,-2.695857525,0
14.10796166,-19.44172096,1,-15.57772064,1,-0.945430756,1,1.196009874,1,8.097420692,1,-1.718486905,1,-1.236304998,0,0.017120929,0,-2.728176832,0
14.11195946,-20.77440262,1,-15.35265064,1,-0.294128448,1,1.52691555,1,8.226656914,1,-2.055779696,1,-1.231493235,0,0.020792075,0,-2.761488199,0
14.11595917,-21.97299576,1,-15.54978657,1,0.421952158,1,1.81362915,1,8.343523026,1,-2.408419371,1,-1.225548863,0,0.023504589,0,-2.795717955,0
14.11996555,-22.69551468,1,-15.83512592,1,1.151432037,1,2.064794064,1,8.413865089,1,-2.767658472,1,-1.218632102,0,0.025232593,0,-2.830781937,0
14.12396908,-22.80289078,1,-15.92429447,1,1.856615543,1,2.235171318,1,8.427163124,1,-3.119421005,1,-1.210941315,0,0.025939548,0,-2.866481543,0
14.12796974,-22.45411682,1,-15.80408096,1,2.487578869,1,2.366168737,1,8.370836258,1,-3.463103294,1,-1.202654123,0,0.025598923,0,-2.90258503,0
14.13197136,-21.99654198,1,-15.38228893,1,2.979883909,1,2.493968248,1,8.252214432,1,-3.787015676,1,-1.193843365,0,0.02418888,0,-2.938853979,0
14.13596916,-21.62850571,1,-14.82932091,1,3.388163805,1,2.622241497,1,8.081596375,1,-4.09977293,1,-1.184450984,0,0.021715984,0,-2.975068092,0
14.13996887,-21.36826706,1,-14.21218491,1,3.794658184,1,2.766375303,1,7.867891788,1,-4.386213779,1,-1.174390197,0,0.018202405,0,-3.011040449,0
14.14397049,-21.01980782,1,-13.49292278,1,4.109948635,1,2.943294287,1,7.606784821,1,-4.660402775,1,-1.163542151,0,0.013650082,0,-3.046612263,0
14.14796829,-20.77120972,1,-12.68925571,1,4.508843422,1,3.122722626,1,7.328942776,1,-4.935166836,1,-1.15179944,0,0.008067789,0,-3.081689835,0
14.15196705,-20.71277046,1,-12.25144196,1,4.877484322,1,3.323308706,1,7.040755272,1,-5.206913471,1,-1.139075518,0,0.001448278,0,-3.116238356,0
14.15596867,-20.10424614,1,-12.06473446,1,5.148062706,1,3.498195171,1,6.742343903,1,-5.452871323,1,-1.125349164,0,-0.00614393,0,3.132927895,0
14.15996647,-19.04380035,1,-12.10498524,1,5.433864117,1,3.64841795,1,6.425479412,1,-5.677961349,1,-1.11070621,0,-0.014650462,0,3.099500656,0
14.16396618,-17.84080124,1,-12.03273392,1,5.714472294,1,3.776578903,1,6.082141876,1,-5.875226974,1,-1.095221996,0,-0.024012031,0,3.066747189,0
14.1679678,-17.07244682,1,-11.90574932,1,6.048727036,1,3.880871296,1,5.736666203,1,-6.067975521,1,-1.078966737,0,-0.034171671,0,3.034698963,0
14.1719656,-16.42511368,1,-11.85028362,1,6.304769516,1,3.958340406,1,5.402772903,1,-6.230309486,1,-1.062042713,0,-0.04506826,0,3.003322601,0
14.17596531,-15.62116146,1,-11.44300461,1,6.422217846,1,3.994531631,1,5.059957027,1,-6.378236294,1,-1.044568062,0,-0.05663966,0,2.972615719,0
14.17996597,-14.42302895,1,-10.71156311,1,6.464022636,1,4.006399155,1,4.701265335,1,-6.492883682,1,-1.026681185,0,-0.06883093,0,2.942634344,0
14.18396378,-13.09539127,1,-9.27485466,1,6.678560734,1,4.044156075,1,4.334409237,1,-6.562965393,1,-1.008398175,0,-0.081551492,0,2.913450241,0
14.18796349,-12.1110611,1,-7.745326996,1,6.831455231,1,4.135466576,1,3.961778879,1,-6.574468613,1,-0.989566565,0,-0.094682351,0,2.885168791,0
14.1919651,-11.51211166,1,-6.060486317,1,6.932350159,1,4.327138901,1,3.59375596,1,-6.550338268,1,-0.96989584,0,-0.108065158,0,2.857841969,0
14.19596291,-11.44480801,1,-4.611361027,1,6.882809639,1,4.59904623,1,3.239881992,1,-6.487922668,1,-0.949040651,0,-0.121575825,0,2.831506252,0
14.19996262,-11.61888027,1,-3.916948795,1,6.565070629,1,4.914728165,1,2.897318602,1,-6.407962322,1,-0.926776528,0,-0.135123119,0,2.806144238,0
14.20396328,-12.19131184,1,-3.957419872,1,5.822123051,1,5.225893974,1,2.578880072,1,-6.316966057,1,-0.903036594,0,-0.148609534,0,2.781713247,0
14.20796204,-14.22767925,1,-3.968622446,1,4.775815964,1,5.504737377,1,2.325039864,1,-6.278751373,1,-0.87789315,0,-0.162025318,0,2.75798893,0
14.21196175,-16.78300476,1,-4.229403973,1,3.634073496,1,5.735698223,1,2.140059233,1,-6.338950634,1,-0.851455092,0,-0.175416753,0,2.734518051,0
14.21596241,-19.44963646,1,-5.454717636,1,2.898197174,1,5.847094536,1,2.050684452,1,-6.490411758,1,-0.823946059,0,-0.188865915,0,2.710751057,0
14.21996117,-22.0026741,1,-7.178352833,1,2.247863531,1,5.790770054,1,2.035189629,1,-6.705262184,1,-0.795837164,0,-0.202339992,0,2.686175346,0
14.22395992,-22.94216347,1,-5.69923687,1,0.564199865,1,5.599246502,1,1.985888124,1,-6.996548653,1,-0.767727852,0,-0.215918273,0,2.660507679,0
14.22796154,-23.47964287,1,-3.588899851,1,-0.001529429,1,5.447485924,1,1.976952553,1,-7.320673466,1,-0.739699066,0,-0.229756504,0,2.633571386,0
14.23195934,-24.20287514,1,-3.326746941,1,0.008350981,1,5.343412876,1,2.046943903,1,-7.694800377,1,-0.711405754,0,-0.24367258,0,2.604964972,0
14.23595905,-24.65913582,1,-2.93087101,1,-0.258361161,1,5.14092207,1,2.043013096,1,-8.016757965,1,-0.682889819,0,-0.257579714,0,2.574637651,0
14.23996735,-24.7282238,1,-2.073128223,1,0.860117495,1,4.852812767,1,1.978834748,1,-8.202614784,1,-0.654636681,0,-0.271387428,0,2.543076754,0
14.24397087,-25.35605431,1,-0.660761297,1,2.708271742,1,4.553389549,1,1.877505898,1,-8.252470016,1,-0.626970649,0,-0.284886181,0,2.510802031,0
14.24797058,-25.86881256,1,1.461681724,1,4.035931587,1,4.25706768,1,1.751318932,1,-8.163156509,1,-0.600043893,0,-0.297859967,0,2.478378534,0
14.2519722,-25.76711655,1,3.886594057,1,5.183621407,1,4.017089844,1,1.542237282,1,-7.950291634,1,-0.573942959,0,-0.310236603,0,2.446406126,0
14.25597,-26.13818359,1,6.704697609,1,6.271137238,1,3.8395679,1,1.28232491,1,-7.629110813,1,-0.548622251,0,-0.32203418,0,2.415456772,0
14.25996971,-27.35403061,1,9.738028526,1,6.91113472,1,3.752159357,1,0.969781518,1,-7.22432518,1,-0.523999393,0,-0.333342195,0,2.386027098,0
14.26397228,-29.34454918,1,12.63916016,1,7.480736256,1,3.754770994,1,0.657824814,1,-6.765171051,1,-0.499832124,0,-0.344221383,0,2.358463764,0
14.26796913,-32.23609543,1,14.85359764,1,8.007465363,1,3.804121494,1,0.395241171,1,-6.27680397,1,-0.476003289,0,-0.354608238,0,2.332901716,0
14.27196884,-35.64554977,1,16.13571548,1,8.672966003,1,3.896080732,1,0.20625256,1,-5.783346653,1,-0.452296555,0,-0.364350766,0,2.309311867,0
14.27597046,-39.77303314,1,16.33393288,1,9.180314064,1,3.966608763,1,0.136473551,1,-5.29055357,1,-0.428723246,0,-0.373200417,0,2.287547588,0
14.27996731,-43.85712433,1,15.81217098,1,9.314718246,1,3.982879877,1,0.125301376,1,-4.820022106,1,-0.405412018,0,-0.38092491,0,2.267459631,0
14.28396702,-48.06437302,1,14.84344101,1,9.827767372,1,3.916595697,1,0.17843163,1,-4.393519878,1,-0.382614315,0,-0.387451023,0,2.248880386,0
14.28796864,-51.52394104,1,14.05023861,1,10.26112556,1,3.704611063,1,0.287901938,1,-3.995989561,1,-0.360773861,0,-0.392685294,0,2.231630325,0
14.29196549,-53.60203171,1,13.30123997,1,11.14295864,1,3.353050709,1,0.447765857,1,-3.635792971,1,-0.154135674,0,-0.3745386,0,2.348576546,0
14.29596615,-53.36152267,1,13.16952419,1,11.93019581,1,2.927965403,1,0.572319508,1,-3.259892225,1,-0.136093095,0,-0.374497831,0,2.3335917,0
14.29996777,-51.58086395,1,13.91295338,1,13.15585423,1,2.480908871,1,0.579679072,1,-2.828287363,1,-0.120411418,0,-0.373744667,0,2.320275068,0
14.30396557,-48.28682709,1,15.48125935,1,14.25108814,1,2.087860823,1,0.443835169,1,-2.332264662,1,-0.10717725,0,-0.372842848,0,2.308986664,0
14.30796528,-45.33673096,1,17.96992683,1,15.0951786,1,1.82568562,1,0.138601646,1,-1.806203723,1,-0.096130989,0,-0.37248826,0,2.300013065,0
14.3119669,-43.43354034,1,20.79493332,1,15.58784103,1,1.731626272,1,-0.257232696,1,-1.295453072,1,-0.086640894,0,-0.373282254,0,2.293402672,0
14.3159647,-41.60697556,1,22.6056633,1,15.77988148,1,1.779192448,1,-0.739996612,1,-0.81080097,1,-0.078085437,0,-0.37559101,0,2.289074421,0
14.31996346,-40.16220093,1,22.91506958,1,16.06179428,1,1.849223852,1,-1.204871893,1,-0.363840401,1,-0.070004657,0,-0.379644632,0,2.286876678,0
14.32396507,-38.72372818,1,20.88670731,1,15.95024109,1,1.785571933,1,-1.644173026,1,0.031828683,1,-0.062565155,0,-0.385386407,0,2.286584377,0
14.32796288,-37.58842087,1,18.05463791,1,15.57111549,1,1.521464467,1,-2.028014183,1,0.369332731,1,-0.056418888,0,-0.392689645,0,2.287939548,0
14.33196259,-35.84681702,1,16.72757149,1,15.13003922,1,1.091290832,1,-2.354729414,1,0.656681776,1,-0.05222052,0,-0.401348352,0,2.290681124,0
14.3359642,-32.74781418,1,17.30440712,1,14.57733059,1,0.586190224,1,-2.665743113,1,0.891999543,1,-0.050421532,0,-0.411214978,0,2.294623137,0
14.33996201,-28.34387016,1,18.66553688,1,13.65860081,1,0.120408967,1,-3.019204617,1,1.093084455,1,-0.051038247,0,-0.422354043,0,2.299601555,0
14.34396172,-23.88020706,1,20.28959656,1,12.76860332,1,-0.255280197,1,-3.410393715,1,1.275590539,1,-0.05379492,0,-0.434939563,0,2.305530071,0
14.34796333,-19.90280724,1,21.2322998,1,11.5897522,1,-0.559646308,1,-3.80598855,1,1.45277369,1,-0.058404654,0,-0.449042976,0,2.312455654,0
14.35196114,-16.65866089,1,21.79534912,1,10.29557514,1,-0.808665156,1,-4.144576073,1,1.595532537,1,-0.064636834,0,-0.464558214,0,2.320350409,0
14.35596085,-24.67617416,1,16.40195084,1,8.680042267,1,-1.115119696,1,-4.434962749,1,1.830852151,1,-0.072430022,0,-0.481204927,0,2.329203606,0
14.35996246,-55.49475098,1,-11.96278572,1,-2.660881996,1,-3.83920002,1,-3.644808292,1,4.567798615,1,-0.088108458,0,-0.496914029,0,2.344499111,0
14.36396503,-71.49654388,1,-18.41102028,1,-9.436361313,1,-8.04313755,1,-1.014648557,1,5.484322548,1,-0.125016227,0,-0.504477024,0,2.369489193,0
14.36796475,-75.80741119,1,22.46379089,1,-23.74435043,1,-8.756184578,1,3.132769346,1,5.762502193,1,-0.170890629,0,-0.496769816,0,2.393784285,0
14.37196732,-85.87353516,1,56.99447632,1,-25.44686127,1,-8.036141396,1,5.580996513,1,6.113596439,1,-0.215742975,0,-0.474748015,0,2.416265011,0
14.37596512,-50.02486038,1,59.96579742,1,-32.36870193,1,-4.841479301,1,6.979709625,1,5.192228794,1,-0.249894753,0,-0.444657147,0,2.43473196,0
14.37996483,-10.13016319,1,29.73566246,1,-11.05844784,1,-2.102262497,1,7.080809593,1,3.019270182,1,-0.266923964,0,-0.413193613,0,2.444141865,0
14.38396645,15.5699892,1,-6.729552269,1,-7.1465168,1,-2.971062422,1,6.302150249,1,2.761162758,1,-0.278093159,0,-0.384202302,0,2.447847366,0
14.38796425,-2.408689737,1,-21.22494888,1,-20.09757996,1,-4.415449142,1,5.171056747,1,2.114872217,1,-0.294253618,0,-0.359573692,0,2.451500177,0
14.39196396,-9.46848011,1,-8.374222755,1,-25.7469368,1,-4.711880207,1,5.224823475,1,1.2311728,1,-0.312801927,0,-0.338085055,0,2.451318502,0
14.39596558,13.43995857,1,13.00267601,1,-24.17372513,1,-4.325015068,1,5.045172691,1,1.463646173,1,-0.330545902,0,-0.316630661,0,2.44979167,0
14.39996338,6.602033615,1,12.56571007,1,-23.57276344,1,-3.427643538,1,4.430671692,1,1.491177559,1,-0.345845908,0,-0.29673484,0,2.449156284,0
14.40396214,-3.505864859,1,0.658507705,1,-21.80261993,1,-3.007582426,1,3.65875721,1,1.215430975,1,-0.358299315,0,-0.27977854,0,2.448728561,0
14.40796375,-3.542804718,1,3.994759798,1,-22.52665138,1,-2.951910019,1,3.177637339,1,1.053985834,1,-0.370126575,0,-0.265365183,0,2.447944403,0
14.41196156,1.297324181,1,14.22829151,1,-25.44736862,1,-2.24704814,1,2.581682682,1,0.99804765,1,-0.380560994,0,-0.253109068,0,2.447524548,0
14.41596127,4.670013428,1,13.06040573,1,-24.66482353,1,-1.585624218,1,1.813206553,1,0.90090543,1,-0.388250828,0,-0.243506998,0,2.447755337,0
14.41996288,2.459399223,1,12.52427673,1,-22.0117588,1,-1.265282154,1,1.14215827,1,0.726865768,1,-0.394112527,0,-0.236818358,0,2.448571682,0
14.42396069,1.22119987,1,11.53574753,1,-20.80977821,1,-0.723533809,1,0.608490467,1,0.516317308,1,-0.398364723,0,-0.232612669,0,2.449544907,0
14.42795944,2.045153379,1,1.022794485,1,-19.28735733,1,-0.497019112,1,0.081326164,1,0.309612006,1,-0.400908321,0,-0.230705455,0,2.450542212,0
14.43196106,0.340616792,1,-3.937097073,1,-16.41180611,1,-0.505685091,1,-0.45720914,1,0.319174677,1,-0.403229892,0,-0.230967686,0,2.451973915,0
14.43595886,-4.379168987,1,-1.289033532,1,-13.76990128,1,-0.565989614,1,-0.686513424,1,0.486014426,1,-0.405954301,0,-0.232504338,0,2.454463005,0
14.43995857,-4.904218197,1,-0.092039093,1,-12.45212173,1,-0.598963678,1,-0.824223042,1,0.485060543,1,-0.408987045,0,-0.234460726,0,2.457544088,0
14.44396019,-3.894043684,1,0.548347354,1,-11.80514145,1,-0.64460969,1,-1.021261692,1,0.459161609,1,-0.412280232,0,-0.237100959,0,2.460831165,0
14.44795799,-4.057079315,1,0.429151982,1,-11.21962452,1,-0.534388304,1,-1.206643105,1,0.511279464,1,-0.415535778,0,-0.240407631,0,2.464497328,0
14.4519577,-6.095197678,1,-2.268427372,1,-9.056583405,1,-0.395288169,1,-1.327659965,1,0.595064938,1,-0.418379635,0,-0.244168386,0,2.468698978,0
14.45595932,-7.071424007,1,-5.653346539,1,-8.277316093,1,-0.429751635,1,-1.340634465,1,0.708775878,1,-0.421090782,0,-0.247989848,0,2.473390102,0
14.45995712,-5.968871117,1,-5.114711761,1,-8.79476738,1,-0.587601542,1,-1.357465982,1,0.801060498,1,-0.424404174,0,-0.251657069,0,2.478527784,0
14.46395683,-5.120673656,1,-1.973525286,1,-10.17018795,1,-0.608502567,1,-1.428851247,1,0.849262595,1,-0.42823261,0,-0.255354613,0,2.484022856,0
14.46795845,-5.0305233,1,-1.115236998,1,-10.88173962,1,-0.557491124,1,-1.560154557,1,0.865249991,1,-0.4320333,0,-0.259353489,0,2.489834547,0
14.47195625,-5.381700516,1,-1.607087851,1,-10.39480591,1,-0.621856868,1,-1.680524349,1,0.869076371,1,-0.435948849,0,-0.263746321,0,2.495911598,0
14.47595596,-6.5485816,1,-1.33643508,1,-10.37843132,1,-0.64240849,1,-1.799737334,1,0.872919381,1,-0.440176606,0,-0.268574536,0,2.502249479,0
14.47995663,-7.255353451,1,-2.034323692,1,-10.39889812,1,-0.65126431,1,-1.91594243,1,0.882876992,1,-0.444513053,0,-0.273777127,0,2.508841515,0
14.48396111,-6.221628666,1,-2.129443407,1,-10.1893158,1,-0.687983632,1,-2.013397932,1,0.870517075,1,-0.449044973,0,-0.279329866,0,2.515659332,0
14.48796082,-5.702971935,1,-0.316064447,1,-11.67423344,1,-0.664709508,1,-2.140807152,1,0.856804132,1,-0.453733921,0,-0.285315186,0,2.522694111,0
14.49196243,-4.460177898,1,0.806830645,1,-12.46784687,1,-0.588910222,1,-2.324361324,1,0.839074373,1,-0.458304077,0,-0.291797459,0,2.529955387,0
14.49596024,-5.289577484,1,0.329611897,1,-13.37338448,1,-0.602952838,1,-2.548573971,1,0.771163642,1,-0.462855011,0,-0.299103171,0,2.537508249,0
14.49995995,-5.125297546,1,-0.082497209,1,-13.39076138,1,-0.70004797,1,-2.788798809,1,0.666416526,1,-0.467771202,0,-0.307345688,0,2.545231819,0
14.50396061,-5.284393787,1,-0.256040365,1,-14.23866558,1,-0.783330917,1,-3.051508904,1,0.580169976,1,-0.473175317,0,-0.316626549,0,2.553124905,0
14.50795841,-4.650532246,1,-0.852765799,1,-14.16713619,1,-0.83663106,1,-3.304118872,1,0.527793407,1,-0.479002297,0,-0.326897651,0,2.561331034,0
14.51195812,-4.153865814,1,-1.595906258,1,-14.5525074,1,-0.913113475,1,-3.598221064,1,0.458438337,1,-0.48531583,0,-0.338211,0,2.569936514,0
14.51595974,-3.564478874,1,-2.003491879,1,-15.19338417,1,-0.97191745,1,-3.950390816,1,0.419352233,1,-0.492178351,0,-0.350704879,0,2.57909894,0
14.51995754,-3.712709188,1,-3.043526411,1,-15.72008705,1,-1.052788138,1,-4.316340446,1,0.421402782,1,-0.499699861,0,-0.364439845,0,2.58906889,0
14.52395725,-3.208262682,1,-4.209924221,1,-16.16292763,1,-1.177069545,1,-4.704554558,1,0.428522706,1,-0.508136809,0,-0.37941277,0,2.600015163,0
14.52795887,-1.348798394,1,-5.012365818,1,-16.52710342,1,-1.306483746,1,-5.145670891,1,0.448839962,1,-0.517690837,0,-0.395698786,0,2.612098455,0
14.53195667,-0.364845067,1,-5.304355145,1,-17.52387238,1,-1.387326598,1,-5.624075413,1,0.528542519,1,-0.528402627,0,-0.413394243,0,2.625626087,0
14.53595638,0.531648517,1,-6.062099934,1,-18.17900276,1,-1.456321597,1,-6.128854752,1,0.710275292,1,-0.540418983,0,-0.432372749,0,2.641057491,0
14.539958,1.04894197,1,-7.308127403,1,-18.83832932,1,-1.551732898,1,-6.656746864,1,0.937830567,1,-0.554079294,0,-0.45249629,0,2.658915043,0
14.5439558,2.184003115,1,-8.54839325,1,-18.88495064,1,-1.708105803,1,-7.247059822,1,1.188874125,1,-0.471671492,0,-0.553683341,0,2.730039358,0
14.54795551,2.601189137,1,-9.677396774,1,-18.3800087,1,-1.861472607,1,-7.836920738,1,1.496718526,1,-0.490733206,0,-0.577981412,0,2.75219059,0
14.55195713,4.495165348,1,-10.24621487,1,-19.33784866,1,-1.904616356,1,-8.453000069,1,2.056719303,1,-0.512879074,0,-0.603111148,0,2.778516293,0
14.55595493,5.132122993,1,-9.692043304,1,-19.32915115,1,-1.94612813,1,-8.77124691,1,2.525682211,1,-0.538511753,0,-0.628494442,0,2.809597254,0
14.55995464,4.134474754,1,-6.843898296,1,-18.8947525,1,-2.25120616,1,-8.779063225,1,2.813216209,1,-0.567395926,0,-0.652748823,0,2.843946218,0
14.56395626,0.315840453,1,-5.393815517,1,-18.69355774,1,-2.56499505,1,-8.788094521,1,3.047908783,1,-0.599789023,0,-0.675608695,0,2.880959988,0
14.56795406,-0.458224386,1,-1.097314477,1,-13.11877823,1,-3.164438009,1,-8.803515434,1,3.575644732,1,-0.636667192,0,-0.696652651,0,2.921176434,0
14.57195282,1.528992057,1,9.809401512,1,-9.482918739,1,-3.221583128,1,-8.80700779,1,4.121160507,1,-0.678417206,0,-0.715118527,0,2.965485811,0
14.57595539,-9.278294563,1,20.03894043,1,-9.925596237,1,-2.628830671,1,-8.796934128,1,4.422977448,1,-0.7218799,0,-0.730965972,0,3.013279915,0
14.57995224,-20.17788696,1,20.87738991,1,-10.89124966,1,-1.396257281,1,-8.77091217,1,4.445552349,1,-0.763587058,0,-0.744834542,0,3.063079596,0
14.58395195,-25.58019829,1,19.64485931,1,-15.13366699,1,-0.006400908,1,-8.741038322,1,4.175205231,1,-0.800859153,0,-0.757498682,0,3.113617182,0
14.58795452,-42.19933701,1,14.57879448,1,-18.47589684,1,1.275224686,1,-8.711508751,1,3.889744759,1,-0.833262265,0,-0.769590855,0,-3.119019032,0
14.59195232,-56.80067062,1,6.25891161,1,-18.47842598,1,2.471683502,1,-8.685041428,1,3.533358812,1,-0.860893011,0,-0.781516194,0,-3.068754911,0
14.59595203,-62.55870056,1,-2.663720608,1,-21.09973145,1,3.034045935,1,-8.672669411,1,3.242834806,1,-0.885204434,0,-0.793435931,0,-3.018719196,0
14.59995365,-72.77783203,1,-0.936863184,1,-18.80361366,1,3.660665989,1,-8.657144547,1,2.906169176,1,-0.907705307,0,-0.80546546,0,-2.968860149,0
14.60395622,-69.61605072,1,-12.39739609,1,-9.687795639,1,3.9678123,1,-8.651927948,1,2.903786421,1,-0.928520024,0,-0.817266941,0,-2.91868639,0
14.60795593,-73.81906128,1,-16.08366203,1,-9.425815582,1,3.327462196,1,-7.049255848,1,2.657515526,1,-0.948604226,0,-0.826943278,0,-2.871202707,0
14.61195755,-62.74144745,1,-16.15558815,1,-3.54972887,1,2.467532635,1,-5.124358177,1,2.297270536,1,-0.964785337,0,-0.832770467,0,-2.833500147,0
14.61595535,-33.7196312,1,-21.81045723,1,6.925609589,1,0.955681026,1,-3.33224082,1,1.972840428,1,-0.978384852,0,-0.835267484,0,-2.805750132,0
14.61995506,-6.356831551,1,-37.28846741,1,14.27326298,1,-1.438243389,1,-2.28577137,1,1.576463342,1,-0.993627489,0,-0.835344076,0,-2.786041498,0
14.62395668,16.21753502,1,-42.48442078,1,21.45639038,1,-4.554559708,1,-2.376411438,1,1.088165402,1,-1.01697588,0,-0.835893631,0,-2.770866871,0
14.62795448,-29.26907158,1,-12.70104122,1,11.32638836,1,-6.110807419,1,-2.976447105,1,1.216332674,1,-1.052895665,0,-0.83738023,0,-2.752119064,0
14.63195419,-50.18292236,1,-3.356425047,1,-0.104456849,1,-6.514683247,1,-1.499312162,1,1.283876896,1,-1.089351058,0,-0.837289095,0,-2.736864328,0
14.63595581,-28.97350883,1,-5.547605515,1,-1.660235763,1,-6.938423634,1,-1.054154873,1,1.348859072,1,-1.123547077,0,-0.834772646,0,-2.727118254,0
14.63995361,-17.77529716,1,1.281626582,1,-4.4689641,1,-6.762747765,1,-1.793663025,1,1.453751206,1,-1.159247398,0,-0.831926703,0,-2.716145754,0
14.64395332,-13.72538948,1,3.478604794,1,-5.72165823,1,-6.178469658,1,-2.982320309,1,1.877046466,1,-1.197449923,0,-0.829509616,0,-2.699522018,0
14.64795399,-17.51850128,1,4.458096981,1,-7.631924629,1,-5.507372379,1,-4.168472767,1,2.642786503,1,-1.238995433,0,-0.825985432,0,-2.67487812,0
14.65195179,-21.99795914,1,7.023752689,1,-10.51044273,1,-4.568493843,1,-4.783513069,1,3.135090351,1,-1.281559825,0,-0.820407271,0,-2.64443326,0
14.6559515,-26.69249344,1,8.008905411,1,-11.6194849,1,-3.414005041,1,-5.10136652,1,3.409655333,1,-1.321610212,0,-0.813029408,0,-2.611431122,0
14.65995407,-32.65291977,1,6.328969955,1,-13.60153103,1,-2.294094324,1,-5.152273655,1,3.651142836,1,-1.357380509,0,-0.804001808,0,-2.577715874,0
14.66395092,-38.61135864,1,3.049115658,1,-16.05419731,1,-1.314316988,1,-4.889217854,1,3.954005718,1,-1.387892246,0,-0.793070495,0,-2.545128822,0
14.66794968,-40.8911171,1,-1.954704404,1,-17.98852539,1,-0.60631603,1,-4.459911823,1,4.297760963,1,-1.412945747,0,-0.779981911,0,-2.515057564,0
14.67195225,-40.66556168,1,-6.068982124,1,-20.2109375,1,-0.138071805,1,-3.994054556,1,4.613119125,1,-1.433254123,0,-0.764831662,0,-2.488042831,0
14.6759491,-38.19306564,1,-9.817610741,1,-21.98636627,1,0.086850636,1,-3.652218103,1,4.93881321,1,-1.449881554,0,-0.747857034,0,-2.463866711,0
14.67994976,-36.8061676,1,-12.79833412,1,-23.34852791,1,0.105854668,1,-3.421697617,1,5.268981457,1,-1.464359999,0,-0.729171515,0,-2.441739321,0
14.68395138,-34.2029686,1,-14.87265968,1,-24.87112999,1,-0.017769942,1,-3.288140297,1,5.572395802,1,-1.477717876,0,-0.708917201,0,-2.421122551,0
14.68794918,-32.11784363,1,-16.5008316,1,-25.45594788,1,-0.23852776,1,-3.269922495,1,5.836621761,1,-1.49080658,0,-0.687307239,0,-2.401516199,0
14.69194889,-31.13376045,1,-17.4078064,1,-25.98243332,1,-0.528268635,1,-3.288628817,1,6.007993221,1,-1.504218221,0,-0.664615929,0,-2.382514954,0
14.69595051,-30.51814079,1,-17.41600418,1,-26.75910759,1,-0.85324508,1,-3.34024334,1,6.098393917,1,-1.518199325,0,-0.64121604,0,-2.364049196,0
14.69994831,-30.41677475,1,-16.96718788,1,-27.29940605,1,-1.140081644,1,-3.345050573,1,6.10836935,1,-1.532728195,0,-0.617413044,0,-2.346165895,0
14.70394802,-31.15803146,1,-16.85690689,1,-28.28751755,1,-1.384904504,1,-3.330911636,1,6.035944939,1,-1.547566533,0,-0.593533456,0,-2.328999758,0
14.70794964,-31.73337364,1,-16.52782631,1,-29.32917213,1,-1.59624207,1,-3.260206461,1,5.892882824,1,-1.562467098,0,-0.569860816,0,-2.312754631,0
14.71194744,-32.23511887,1,-15.82019138,1,-30.20276451,1,-1.746434808,1,-3.109504461,1,5.712524891,1,-1.577156067,0,-0.546660125,0,-2.297685146,0
14.71594715,-32.49677277,1,-14.25360298,1,-30.69745445,1,-1.806578517,1,-2.881403923,1,5.477613926,1,-1.591235399,0,-0.524104297,0,-2.284085035,0
14.71994877,-30.99550819,1,-14.60502625,1,-32.22787094,1,-1.816169262,1,-2.629985571,1,5.242352009,1,-1.604304075,0,-0.502430797,0,-2.272244692,0
14.72395134,-32.27400589,1,-12.92945862,1,-31.63392639,1,-1.766501784,1,-2.36157918,1,4.929052353,1,-1.616496563,0,-0.481688559,0,-2.26172471,0
14.72795105,-28.65210533,1,-13.76596546,1,-31.95281219,1,-1.711822748,1,-2.092851162,1,4.637116432,1,-1.627467155,0,-0.462153614,0,-2.252858162,0
14.73195362,-26.53354073,1,-13.75857544,1,-32.74292374,1,-1.701432943,1,-1.917156935,1,4.361217499,1,-1.63762641,0,-0.443673462,0,-2.245200634,0
14.73595047,-24.25773239,1,-14.84896469,1,-33.10715485,1,-1.733352184,1,-1.715377927,1,4.088458061,1,-1.647285581,0,-0.426300347,0,-2.238551855,0
14.73995018,-21.74962044,1,-16.40658951,1,-32.96454239,1,-1.840003371,1,-1.505129933,1,3.82460618,1,-1.656692266,0,-0.410004318,0,-2.232946873,0
14.74395275,-18.68179512,1,-17.79161263,1,-32.4409256,1,-2.032687187,1,-1.34236753,1,3.570453882,1,-1.666241646,0,-0.394781023,0,-2.228264332,0
14.74795055,-16.7110424,1,-19.26862335,1,-31.2710247,1,-2.325426102,1,-1.165083885,1,3.341436386,1,-1.676420331,0,-0.380510449,0,-2.22435379,0
14.75194836,-13.62790012,1,-20.29335976,1,-30.27627754,1,-2.691625118,1,-0.981159508,1,3.128355742,1,-1.687551975,0,-0.367190242,0,-2.221328259,0
14.75595093,-10.54456234,1,-19.91464043,1,-29.26340485,1,-3.074892282,1,-0.803410113,1,2.917517424,1,-1.699862957,0,-0.354725122,0,-2.219121695,0
14.75994968,-7.845825195,1,-18.908535,1,-28.22011948,1,-3.412410975,1,-0.618004978,1,2.691331625,1,-1.713337779,0,-0.343230009,0,-2.217737913,0
14.76394939,-5.457978725,1,-17.51152229,1,-26.84152412,1,-3.653363228,1,-0.395120263,1,2.43935132,1,-1.727672577,0,-0.332793772,0,-2.2172122,0
14.76795006,-2.556939363,1,-16.31667519,1,-25.72110367,1,-3.797242641,1,-0.096985169,1,2.205397129,1,-1.742422819,0,-0.323454499,0,-2.217780113,0
14.77194881,-0.282273263,1,-15.05413628,1,-24.55470276,1,-3.830126762,1,0.23830232,1,1.958167195,1,-1.757130384,0,-0.315305293,0,-2.219619274,0
14.77594852,1.514044166,1,-12.97120762,1,-23.51290894,1,-3.72264576,1,0.648746669,1,1.685379505,1,-1.771261573,0,-0.308485925,0,-2.222905636,0
14.77994919,3.602051497,1,-10.30547047,1,-22.49889183,1,-3.439073086,1,1.094078064,1,1.409560084,1,-1.78415668,0,-0.30313316,0,-2.227811813,0
14.78394795,5.013003349,1,-8.05583477,1,-21.53230476,1,-2.993527412,1,1.595808983,1,1.140618205,1,-1.79508996,0,-0.299325854,0,-2.234450817,0
14.7879467,6.551229954,1,-6.685800552,1,-20.30571175,1,-2.409101486,1,2.144373655,1,0.879710615,1,-1.803406,0,-0.297080666,0,-2.243017673,0
14.79194832,9.127270699,1,-6.826600075,1,-19.58490181,1,-1.74469471,1,2.683914423,1,0.67335254,1,-1.86837399,0,-0.415456057,0,-2.137902498,0
14.79594612,11.09859371,1,-7.706602097,1,-18.64262009,1,-1.097622156,1,3.217397451,1,0.497409046,1,-1.868773341,0,-0.416691959,0,-2.150967836,0
14.79994583,12.60461712,1,-8.04265213,1,-17.02817726,1,-0.469909459,1,3.820096493,1,0.33787176,1,-1.865713239,0,-0.419202745,0,-2.166213989,0
14.80394745,13.88788128,1,-8.750124931,1,-14.96008968,1,0.100190766,1,4.4898839,1,0.152961478,1,-1.859177947,0,-0.423034579,0,-2.183952332,0
14.80794525,14.27794456,1,-9.734552383,1,-13.15934658,1,0.591480553,1,5.231347561,1,-0.068944551,1,-1.849298358,0,-0.428288072,0,-2.204480171,0
14.81194496,14.49662685,1,-10.31544018,1,-11.53938866,1,1.032755613,1,6.041866779,1,-0.340100735,1,-1.836137295,0,-0.435118854,0,-2.228145838,0
14.81594658,14.79810905,1,-10.3312254,1,-10.30628109,1,1.430656075,1,6.842835903,1,-0.665028751,1,-1.81971395,0,-0.443618417,0,-2.255134106,0
14.81994438,14.92165661,1,-9.829562187,1,-9.338005066,1,1.807065845,1,7.59376812,1,-1.038423657,1,-1.800115824,0,-0.453766465,0,-2.285380363,0
14.82394409,15.16999817,1,-9.413949013,1,-8.321407318,1,2.137145281,1,8.24156189,1,-1.421414852,1,-1.777423263,0,-0.465419054,0,-2.31871748,0
14.82794571,15.18276596,1,-8.685695648,1,-7.522988319,1,2.451606274,1,8.747452736,1,-1.814394593,1,-1.751821995,0,-0.478331298,0,-2.354839563,0
14.83194351,14.76738548,1,-7.986515522,1,-6.625868797,1,2.74969244,1,8.772654533,1,-2.215912104,1,-1.723898411,0,-0.492114931,0,-2.39240098,0
14.83594322,13.95826149,1,-7.02098608,1,-5.925917625,1,3.051790714,1,8.781086922,1,-2.611005783,1,-1.694069386,0,-0.506508946,0,-2.430494308,0
14.83994484,13.0219698,1,-6.005159855,1,-5.692575455,1,3.352643967,1,8.790633202,1,-2.99571228,1,-1.662216425,0,-0.521413267,0,-2.469240189,0
14.84394836,11.33114529,1,-5.328384399,1,-5.753166199,1,3.635371447,1,8.797442436,1,-3.365310192,1,-1.628298879,0,-0.536727071,0,-2.508776665,0
14.84794807,8.896727562,1,-4.81572485,1,-5.916971207,1,3.893774033,1,8.806297302,1,-3.728895903,1,-1.592267752,0,-0.552304804,0,-2.549249887,0
14.85194969,6.447187901,1,-4.658305168,1,-6.337320805,1,4.102522373,1,8.812150002,1,-4.074447632,1,-1.554180384,0,-0.568000853,0,-2.590797901,0
14.8559475,4.287448883,1,-4.636701107,1,-6.918948174,1,4.251382351,1,8.816370964,1,-4.396455288,1,-1.514186502,0,-0.583660126,0,-2.633546114,0
14.85994721,2.006039858,1,-4.541912079,1,-7.617741585,1,4.349539757,1,8.820052147,1,-4.684408188,1,-1.472416043,0,-0.599051237,0,-2.677601099,0
14.86394787,-0.003636006,1,-4.451156616,1,-8.271368027,1,4.411149979,1,8.82338047,1,-4.920818329,1,-1.428986549,0,-0.613911688,0,-2.723042011,0
14.86794663,-2.222127676,1,-4.077546597,1,-9.037207603,1,4.462092876,1,8.8256073,1,-5.105551243,1,-1.383975863,0,-0.627934277,0,-2.769890547,0
14.87194538,-4.141587734,1,-4.06217289,1,-9.571681023,1,4.486676216,1,8.826668739,1,-5.223425865,1,-1.337490201,0,-0.640796959,0,-2.818109989,0
14.875947,-5.964623928,1,-4.129133224,1,-10.04684353,1,4.48496294,1,8.826724052,1,-5.285201073,1,-1.289739728,0,-0.652153075,0,-2.867585182,0
14.8799448,-7.868558884,1,-3.904041052,1,-10.17941189,1,4.474402905,1,8.827784538,1,-5.295497417,1,-1.240941405,0,-0.661730707,0,-2.918148518,0
14.88394451,-9.603907585,1,-3.559556723,1,-10.42387676,1,4.481156349,1,8.826097488,1,-5.257537365,1,-1.191282153,0,-0.669272661,0,-2.969561338,0
14.88794613,-11.03148746,1,-3.257931232,1,-10.672822,1,4.523896694,1,8.827255249,1,-5.169061661,1,-1.140922546,0,-0.674555182,0,-3.021529913,0
14.89194393,-12.33206367,1,-2.433570147,1,-10.78224087,1,4.58648777,1,8.827552795,1,-5.051280022,1,-1.090053797,0,-0.677397251,0,-3.073707819,0
14.89594364,-13.35368156,1,-1.771607757,1,-10.72714043,1,4.676246166,1,8.828123093,1,-4.926506042,1,-1.038888693,0,-0.677730739,0,-3.125769854,0
14.89994526,-14.36877823,1,-1.675220609,1,-10.20179844,1,4.787661552,1,8.830446243,1,-4.773560047,1,-0.987648487,0,-0.675526381,0,3.105798721,0
14.90394306,-15.04488468,1,-1.750368953,1,-9.561101913,1,4.932469368,1,8.832149506,1,-4.596667767,1,-0.936542928,0,-0.670705497,0,3.055029631,0
14.90794277,-15.30781364,1,-1.914889812,1,-8.81146431,1,5.075819969,1,8.833262444,1,-4.41176033,1,-0.885846853,0,-0.663292646,0,3.00544095,0
14.91194439,-15.06379509,1,-1.786517382,1,-8.104269028,1,5.193358421,1,8.834965706,1,-4.232075691,1,-0.835846186,0,-0.653374553,0,2.957313061,0
14.91594219,-14.71668625,1,-1.858747005,1,-7.255030632,1,5.292623043,1,8.838332176,1,-4.066400051,1,-0.786851287,0,-0.641068876,0,2.910866261,0
14.9199419,-13.98753738,1,-1.94697082,1,-6.485043526,1,5.358195782,1,8.837220192,1,-3.91678381,1,-0.73909986,0,-0.626545846,0,2.866235018,0
14.92394352,-13.04957199,1,-1.726232052,1,-6.031440258,1,5.391601563,1,8.835785866,1,-3.784207106,1,-0.69281894,0,-0.609981775,0,2.823512793,0
14.92794132,-12.05764389,1,-1.471675992,1,-5.695636272,1,5.397339821,1,8.836979866,1,-3.674515247,1,-0.648167491,0,-0.591552019,0,2.78272295,0
14.93194008,-11.59101391,1,-0.684618771,1,-5.725744724,1,5.409562588,1,8.836191177,1,-3.583651781,1,-0.605207205,0,-0.571428716,0,2.743863821,0
14.9359417,-12.09248734,1,-0.861224353,1,-5.462357044,1,5.432564259,1,8.836824417,1,-3.496715546,1,-0.563892007,0,-0.54976058,0,2.706899881,0
14.9399395,-13.07520771,1,-1.403598547,1,-5.289163589,1,5.477365971,1,8.836603165,1,-3.440327168,1,-0.524062216,0,-0.526692212,0,2.671776772,0
14.94393826,-13.83921528,1,-1.378440619,1,-5.39027977,1,5.49800539,1,8.837275505,1,-3.4418118,1,-0.48562327,0,-0.502406418,0,2.638314486,0
14.94794083,-14.21503639,1,-0.85116905,1,-5.804725647,1,5.491103172,1,8.780047417,1,-3.515500307,1,-0.448552251,0,-0.477188289,0,2.60626173,0
14.95193768,-15.07541656,1,0.59035176,1,-6.406772614,1,5.50233984,1,8.691617012,1,-3.659917355,1,-0.412756324,0,-0.451420516,0,2.575384855,0
14.95593739,-15.82443428,1,2.196225405,1,-6.714878559,1,5.5883708,1,8.615086555,1,-3.84691,1,-0.377859771,0,-0.425261438,0,2.545381546,0
14.95993996,-16.0368557,1,3.685603857,1,-6.914288998,1,5.727042675,1,8.499664307,1,-4.056165218,1,-0.343483657,0,-0.398790658,0,2.516040564,0
14.96394348,-15.84911823,1,4.998509407,1,-7.160227776,1,5.887138367,1,8.335906029,1,-4.264332294,1,-0.30946663,0,-0.372222155,0,2.487367392,0
14.96794319,-16.16887093,1,5.751662254,1,-7.263938904,1,6.05070591,1,8.132767677,1,-4.456521511,1,-0.275759548,0,-0.345716417,0,2.459377289,0
14.97194386,-16.92683029,1,6.097973824,1,-7.626351833,1,6.203390121,1,7.912460327,1,-4.647951603,1,-0.242316753,0,-0.319358945,0,2.432057381,0
14.97594166,-18.0116806,1,5.945706844,1,-8.458613396,1,6.28810358,1,7.663593769,1,-4.823002815,1,-0.209273309,0,-0.293235093,0,2.40537715,0
14.97994137,-19.61095619,1,5.750422955,1,-9.913071632,1,6.328807354,1,7.394675255,1,-4.985699177,1,-0.176809698,0,-0.2674371,0,2.379322529,0
14.98394299,-22.46339989,1,5.586127281,1,-11.77762222,1,6.317726612,1,7.116698742,1,-5.141041279,1,-0.145079076,0,-0.242019176,0,2.353857517,0
14.98794079,-26.55812073,1,4.961746216,1,-13.65142822,1,6.224970818,1,6.87635994,1,-5.267132282,1,-0.114306271,0,-0.216965228,0,2.328937531,0
14.9919405,-31.79291153,1,3.978203297,1,-15.01544666,1,6.033349991,1,6.700490952,1,-5.341112614,1,-0.084819376,0,-0.192078024,0,2.30461359,0
14.99594212,-37.69668198,1,2.662016153,1,-15.88519192,1,5.77637291,1,6.626794338,1,-5.356581688,1,-0.056963727,0,-0.167034522,0,2.280981302,0
14.99993992,-41.80995941,1,2.863631964,1,-16.58581352,1,5.4567976,1,6.557542324,1,-5.286133766,1,-0.030982051,0,-0.141608998,0,2.258249283,0
15.00393868,-47.34045029,1,4.496150017,1,-16.59077454,1,5.1549716,1,6.441173077,1,-5.186316967,1,-0.007089416,0,-0.116060667,0,2.23669529,0
15.00794029,-50.28426361,1,6.839370728,1,-15.56383896,1,4.909184456,1,6.384523869,1,-5.076928616,1,0.015161925,0,-0.090287209,0,2.216128588,0
15.0119381,-52.24475479,1,8.660496712,1,-13.52128696,1,4.718726158,1,6.12857151,1,-4.861380577,1,0.035927318,0,-0.064711072,0,2.196808338,0
15.01593781,-55.35816574,1,10.70405006,1,-11.84801388,1,4.535391331,1,5.70989275,1,-4.576399326,1,0.055357732,0,-0.040155537,0,2.179007292,0
15.01993942,-59.20149231,1,11.44158745,1,-9.85268116,1,4.365890026,1,5.126256466,1,-4.221394539,1,0.07363721,0,-0.017371247,0,2.162820816,0
15.02393723,-63.40335083,1,11.12725067,1,-8.382889748,1,4.145094872,1,4.426594257,1,-3.804390192,1,0.09077967,0,0.003026963,0,2.148384571,0
15.02793694,-67.3657074,1,10.92363739,1,-6.80368042,1,3.843866825,1,3.62552309,1,-3.335116625,1,0.106612377,0,0.020479113,0,2.13576746,0
15.03193951,-71.14912415,1,11.91219234,1,-5.498907566,1,3.552390575,1,2.767481089,1,-2.858644724,1,0.121100277,0,0.034597781,0,2.124896049,0
15.03593636,-74.49517822,1,13.84515095,1,-3.722968817,1,3.304808855,1,1.969717503,1,-2.407264948,1,0.134427696,0,0.045289081,0,2.115636826,0
15.03993607,-78.91304779,1,15.26494122,1,-1.461662173,1,3.006711721,1,1.237882018,1,-1.98854351,1,0.146651059,0,0.052832007,0,2.107823849,0
15.04393864,-78.90419006,1,17.90403748,1,0.607971907,1,2.754394293,1,0.637766778,1,-1.563200831,1,0.428975135,0,0.084243298,0,2.33455348,0
15.04793644,-79.11168671,1,20.36974907,1,4.029205799,1,2.507738352,1,0.12536709,1,-1.124601126,1,0.439166248,0,0.087863132,0,2.330293179,0
15.05193615,-73.72847748,1,19.42971611,1,6.934638023,1,2.215254784,1,-0.437785774,1,-0.608395457,1,0.448358208,0,0.088832773,0,2.326860428,0
15.05593777,-69.78227234,1,21.76840782,1,8.886850357,1,1.714405417,1,-0.985271454,1,-0.127714127,1,0.456058592,0,0.086936846,0,2.32427907,0
15.05993557,-61.22995377,1,19.63276291,1,10.63236904,1,1.150934696,1,-1.628671527,1,0.492967278,1,0.46165356,0,0.081963211,0,2.322587729,0
15.06393433,-54.99055099,1,20.46847343,1,10.30992126,1,0.597255886,1,-2.365841627,1,1.097537398,1,0.465099841,0,0.073347241,0,2.321848392,0
15.06793594,-51.78696823,1,20.82284355,1,7.920735359,1,0.157011792,1,-2.928115368,1,1.621796489,1,0.466542274,0,0.06140694,0,2.321946383,0
15.07193375,-47.97924423,1,20.25371933,1,6.495362759,1,-0.249208435,1,-3.233782053,1,2.099696159,1,0.466423929,0,0.047006562,0,2.323058128,0
15.07593346,-44.1429863,1,19.52622223,1,5.231904984,1,-0.603894234,1,-3.416105986,1,2.47659874,1,0.464773118,0,0.030968668,0,2.325272083,0
15.07993507,-39.08526993,1,19.70324326,1,4.705848217,1,-0.882937968,1,-3.507461309,1,2.70206666,1,0.461852103,0,0.013928208,0,2.328382015,0
15.08393765,-25.77097511,1,5.995075703,1,-4.830953598,1,-1.620271564,1,-3.660591125,1,2.920286894,1,0.45735091,0,-0.00381195,0,2.332050562,0
15.08793736,-4.948674679,1,-21.40752602,1,4.394248962,1,-6.407180786,1,-4.964418411,1,2.743827343,1,0.441163838,0,-0.023655998,0,2.335153818,0
15.09193897,-42.78007507,1,27.38050461,1,5.757601738,1,-5.575623512,1,-5.987240314,1,3.510775089,1,0.416500807,0,-0.05059829,0,2.337403297,0
15.09593678,24.06304169,1,4.294869423,1,-6.207073212,1,-4.960306168,1,-4.500982285,1,2.502441406,1,0.39565441,0,-0.073714294,0,2.34002614,0
15.09993649,-3.97897172,1,-25.32759285,1,-17.4128952,1,-7.017350674,1,-5.618955612,1,3.457654715,1,0.371193111,0,-0.096546672,0,2.343435764,0
15.1039381,-13.43194008,1,-21.7229538,1,-29.48359108,1,-6.925320148,1,-6.004372597,1,4.19126606,1,0.341947556,0,-0.123920664,0,2.349658489,0
15.10793591,-38.2778511,1,-40.35227966,1,-51.72156525,1,-8.282845497,1,-6.932190418,1,5.525751114,1,0.310603321,0,-0.1540595,0,2.359565973,0
15.11193562,-89.66344452,1,-28.10211563,1,-58.99547958,1,-8.646363258,1,-6.69574976,1,7.164134026,1,0.273525834,0,-0.188343346,0,2.376344204,0
15.11593819,-93.9781189,1,8.652168274,1,-54.76472855,1,-8.672103882,1,-4.53793478,1,7.163953304,1,0.234307751,0,-0.217463881,0,2.398987055,0
15.11993504,-40.58646393,1,38.77212143,1,-54.95005798,1,-7.864696026,1,-2.52848053,1,6.497132778,1,0.194812596,0,-0.236851007,0,2.423733234,0
15.1239357,13.1181221,1,38.98080444,1,-28.55561638,1,-6.269463539,1,-3.481817961,1,5.194969177,1,0.161358133,0,-0.252246112,0,2.445212364,0
15.12793732,13.39706039,1,28.73987389,1,-16.0279541,1,-5.290719986,1,-4.062466621,1,3.924471855,1,0.134424448,0,-0.270341575,0,2.46158433,0
15.13193512,-15.5938406,1,17.56663704,1,-16.61194229,1,-4.743715763,1,-3.901325226,1,3.155094624,1,0.110753,0,-0.287976801,0,2.473892212,0
15.13593483,-60.41411209,1,21.21187401,1,-17.819067,1,-3.720936775,1,-2.202871799,1,2.490454912,1,0.090735607,0,-0.301647156,0,2.484427929,0
15.13993645,-24.25919151,1,37.07670975,1,-2.020929337,1,-2.035549402,1,-1.595931768,1,1.825237274,1,0.076645061,0,-0.309282899,0,2.492928505,0
15.14393425,-11.97114182,1,26.15345192,1,-7.158918858,1,-1.220111847,1,-1.930227876,1,1.089445114,1,0.068503372,0,-0.317101091,0,2.49836421,0
15.14793396,-19.65458298,1,30.45678139,1,-10.94813728,1,-0.331046432,1,-1.089442968,1,0.54286623,1,0.064532675,0,-0.323308468,0,2.501278162,0
15.15193558,-4.199343204,1,15.80710411,1,-10.59427547,1,0.204403058,1,-1.016259193,1,0.477870196,1,0.063783191,0,-0.327471375,0,2.503143787,0
15.15593338,-12.46143913,1,-13.73366165,1,-13.15456676,1,0.391782284,1,-0.85513252,1,0.270564765,1,0.06467063,0,-0.331287742,0,2.504499435,0
15.15993309,-4.344123363,1,-21.4098587,1,-10.52811623,1,0.00247071,1,-1.107887506,1,0.402631432,1,0.065169126,0,-0.335266829,0,2.505483866,0
15.16393471,-7.870409966,1,-11.19868183,1,-11.28355694,1,-0.238063738,1,-0.969402611,1,0.805371404,1,0.063998543,0,-0.339606136,0,2.507713318,0
15.16793251,-6.236075878,1,-5.211905479,1,-11.46925735,1,-0.403578818,1,-1.000127792,1,1.150071263,1,0.061352748,0,-0.343771577,0,2.511680365,0
15.17193127,-4.945374966,1,-9.311192513,1,-10.71459866,1,-0.560724258,1,-1.073453903,1,1.262058735,1,0.057762958,0,-0.348184109,0,2.516586781,0
15.17593288,-7.390532494,1,-11.80351448,1,-9.071702957,1,-0.762226343,1,-1.099134326,1,1.328233361,1,0.05335049,0,-0.352842033,0,2.521799564,0
15.17993069,-8.851407051,1,-2.183895588,1,-9.397620201,1,-0.7897228,1,-1.10014236,1,1.423108816,1,0.04817405,0,-0.357505709,0,2.527442932,0
15.1839304,-7.711223125,1,4.942754745,1,-10.69172859,1,-0.660571873,1,-1.163104296,1,1.350120544,1,0.043255098,0,-0.362254411,0,2.53322196,0
15.18793201,-6.426874638,1,7.393081665,1,-10.5504818,1,-0.424683064,1,-1.275996208,1,1.143034816,1,0.039182387,0,-0.367319226,0,2.538353443,0
15.19192982,-5.035166264,1,3.50536871,1,-10.39261436,1,-0.254770815,1,-1.366103053,1,0.971970141,1,0.036359672,0,-0.372770995,0,2.542662859,0
15.19592953,-6.896561623,1,2.375465393,1,-11.00107098,1,-0.171647713,1,-1.455382586,1,0.854994893,1,0.034124233,0,-0.378516376,0,2.546359062,0
15.19993687,-6.653616905,1,0.440496355,1,-11.25348663,1,-0.014750543,1,-1.609956503,1,0.818187356,1,0.032488648,0,-0.384744287,0,2.549735546,0
15.20394039,-5.949523926,1,-0.517109752,1,-12.48354721,1,0.176620707,1,-1.79776454,1,0.846379519,1,0.031520415,0,-0.391656935,0,2.553086758,0
15.2079401,-4.288365364,1,-2.149903536,1,-14.08325863,1,0.254839987,1,-2.028894663,1,0.851081669,1,0.031083457,0,-0.399396598,0,2.556514025,0
15.21194172,-4.690847397,1,-4.511245728,1,-17.63625336,1,0.215275541,1,-2.41016984,1,0.850316405,1,0.030839978,0,-0.408379972,0,2.559915543,0
15.21593952,-2.580209732,1,-1.446216226,1,-18.49588776,1,-0.030842293,1,-2.893358231,1,0.838008404,1,0.02977607,0,-0.418989837,0,2.563272238,0
15.21993923,-4.902300835,1,-1.309107184,1,-20.64403152,1,-0.123436108,1,-3.446441412,1,0.860954523,1,0.02813568,0,-0.431801856,0,2.566579103,0
15.22394085,-0.373334497,1,-2.493560314,1,-21.3351841,1,-0.192006767,1,-4.085090637,1,0.762870848,1,0.026110465,0,-0.446861535,0,2.569728374,0
15.22793865,-3.50524807,1,-3.281431437,1,-23.26103592,1,-0.30846113,1,-4.722935677,1,0.778436899,1,0.023874346,0,-0.464658529,0,2.572639704,0
15.23193836,1.170668602,1,-6.318641663,1,-23.07369995,1,-0.628412068,1,-5.426278591,1,0.79542625,1,0.020665962,0,-0.484897047,0,2.575679064,0
15.23593998,1.079764605,1,-6.409157276,1,-25.340065,1,-0.932447553,1,-6.188591957,1,0.885804951,1,0.015933435,0,-0.508227944,0,2.578958511,0
15.23993778,2.763502598,1,-6.500905514,1,-26.2537384,1,-0.990620852,1,-6.948409081,1,1.129110456,1,0.009865173,0,-0.534551442,0,2.583247185,0
15.24393749,4.96566534,1,-8.823695183,1,-26.97364235,1,-0.92344892,1,-7.784153938,1,1.323545337,1,0.003186411,0,-0.563981235,0,2.588719606,0
15.24793911,4.300895691,1,-11.77028942,1,-26.70556068,1,-0.987751663,1,-8.708939552,1,1.699841976,1,-0.004541882,0,-0.597053468,0,2.59592557,0
15.25193691,7.860376835,1,-14.65951824,1,-25.5138073,1,-1.241303563,1,-8.754421234,1,2.104165554,1,-0.014566322,0,-0.631943405,0,2.605649948,0
15.25593662,9.922668457,1,-16.48218727,1,-26.35896301,1,-1.536077976,1,-8.764073372,1,2.467474937,1,-0.02765842,0,-0.666778505,0,2.618104696,0
15.25993824,10.88857651,1,-13.63401794,1,-25.46388626,1,-1.860485554,1,-8.771463394,1,2.846150398,1,-0.044115454,0,-0.701447427,0,2.633363247,0
15.26393509,9.234174728,1,-10.67432594,1,-22.91413498,1,-2.118102551,1,-8.779431343,1,3.369920731,1,-0.064604409,0,-0.735822678,0,2.652390003,0
15.2679348,0.851645648,1,-7.991847992,1,-21.0406971,1,-2.319331169,1,-8.785765648,1,3.699047089,1,-0.089297265,0,-0.769761741,0,2.675465107,0
15.27193737,-3.672569513,1,-3.773085594,1,-10.69970417,1,-2.398820877,1,-8.790640831,1,4.093523979,1,-0.11788176,0,-0.803123415,0,2.702444077,0
15.27593517,-1.50828743,1,4.642496586,1,-11.774436,1,-2.409300804,1,-8.792405128,1,4.556196213,1,-0.151009575,0,-0.835649014,0,2.734529734,0
15.27993488,-14.4217186,1,13.98117924,1,-10.86937046,1,-1.643970132,1,-8.779076576,1,4.812687874,1,-0.187293798,0,-0.867138326,0,2.771569729,0
15.2839365,-33.00188828,1,19.7849865,1,-11.78849697,1,-0.377381533,1,-8.751059532,1,4.673983097,1,-0.222850949,0,-0.897576809,0,2.812212467,0
15.2879343,-39.22993469,1,15.10101414,1,-14.28487778,1,0.90873754,1,-8.723000526,1,4.48596096,1,-0.25557223,0,-0.927170098,0,2.854952812,0
15.29193306,-50.26150131,1,12.13986397,1,-17.81897545,1,2.014576674,1,-8.699501038,1,4.243597984,1,-0.09061823,0,-1.035809994,0,2.850579023,0
15.29593468,-51.28298187,1,5.725793839,1,-14.75564861,1,2.95119381,1,-8.678275108,1,4.077280521,1,-0.115952663,0,-1.068661571,0,2.891244173,0
15.29993248,-65.8896637,1,1.367864728,1,-14.07889366,1,3.748673201,1,-8.661456108,1,3.928059816,1,-0.141047135,0,-1.101001143,0,2.934812546,0
15.30393219,-75.85901642,1,-0.622548282,1,-16.90598488,1,4.193328381,1,-8.650276184,1,3.553281546,1,-0.166409165,0,-1.132920504,0,2.980731964,0
15.30793381,-83.60066986,1,-5.178164482,1,-12.14155483,1,4.17175436,1,-8.647787094,1,3.137359858,1,-0.192401543,0,-1.164597273,0,3.027686834,0
15.31193161,-74.60729218,1,-6.189054489,1,-7.422582626,1,4.010223866,1,-8.588136673,1,2.816734791,1,-0.221593484,0,-1.195949912,0,3.07698679,0
15.31593132,-49.53107452,1,-19.61500359,1,2.324344397,1,3.238801718,1,-6.199157238,1,2.432864189,1,-0.252488047,0,-1.222498298,0,3.125832319,0
15.31993294,0.392607689,1,-46.83058548,1,7.393295288,1,0.445924371,1,-3.760819674,1,1.314041853,1,-0.279767871,0,-1.239473462,0,-3.119981289,0
15.32393074,-32.35113525,1,-23.92292976,1,14.44510269,1,-2.27574563,1,-5.267340183,1,2.104357004,1,-0.319325924,0,-1.25517261,0,-3.082100868,0
15.32793617,-82.32802582,1,-12.71487045,1,-14.07516575,1,-3.853203535,1,-2.533394337,1,1.657852292,1,-0.370354176,0,-1.267302036,0,-3.041744947,0
15.33193874,-46.91739273,1,-16.26191139,1,-15.79870796,1,-5.11835289,1,-0.364594191,1,1.652062297,1,-0.413995802,0,-1.269837618,0,-3.01483655,0
15.33593559,-20.466856,1,-14.84039593,1,-11.65189934,1,-6.272071362,1,-0.661167085,1,1.946269393,1,-0.460196972,0,-1.268235445,0,-2.990430117,0
15.3399353,-12.66444683,1,-7.089266777,1,-14.29608631,1,-6.986334324,1,-1.62100625,1,2.201051474,1,-0.51676929,0,-1.26831162,0,-2.959041834,0
15.34393787,-7.471987247,1,3.612747669,1,-14.88521767,1,-7.104641914,1,-2.980562449,1,2.736031294,1,-0.587477326,0,-1.270931005,0,-2.914716005,0
15.34793568,-7.88060236,1,9.611836433,1,-14.20393658,1,-6.510695934,1,-4.45848608,1,3.343593836,1,-0.67569834,0,-1.275751472,0,-2.85109663,0
15.35193539,-15.99589825,1,13.82194805,1,-17.233778,1,-5.411640167,1,-5.5196805,1,3.707490921,1,-0.779328823,0,-1.281350374,0,-2.767871141,0
15.355937,-25.15011978,1,15.32404137,1,-19.0655899,1,-4.027898312,1,-5.957259655,1,3.882215977,1,-0.89073205,0,-1.285561204,0,-2.671452045,0
15.35993481,-31.74972343,1,13.31999207,1,-21.2121315,1,-2.565088749,1,-5.99215889,1,4.016452312,1,-1.002015233,0,-1.286752582,0,-2.569230556,0
15.36393356,-37.09844208,1,9.009881973,1,-23.61926651,1,-1.204982996,1,-5.710499287,1,4.157827854,1,-1.106632233,0,-1.284124732,0,-2.468011856,0
15.36793518,-38.72644424,1,1.937579274,1,-25.32082367,1,-0.239572942,1,-5.259220123,1,4.314208508,1,-1.199640632,0,-1.277530313,0,-2.373821735,0
15.37193298,-40.43076706,1,-3.936505795,1,-27.71682549,1,0.367137283,1,-4.794620514,1,4.478440762,1,-1.27981782,0,-1.267418146,0,-2.289564848,0
15.37593269,-40.13209915,1,-10.1532383,1,-29.56271935,1,0.562943161,1,-4.429857731,1,4.681524754,1,-1.347996712,0,-1.254372835,0,-2.215924978,0
15.37993431,-40.23490524,1,-14.26095963,1,-31.17198372,1,0.473575056,1,-4.06028986,1,4.867304325,1,-1.406459808,0,-1.238873243,0,-2.152008057,0
15.38393211,-36.77852249,1,-17.55158615,1,-31.87961769,1,0.236816987,1,-3.852041483,1,5.048710346,1,-1.45688355,0,-1.221409798,0,-2.09697628,0
15.38793182,-33.99172592,1,-19.35078621,1,-32.03434372,1,-0.117341861,1,-3.795147657,1,5.194046974,1,-1.502109647,0,-1.202394009,0,-2.048393965,0
15.39193344,-32.43265152,1,-20.30412674,1,-31.94618416,1,-0.552028954,1,-3.829156876,1,5.287612915,1,-1.544197679,0,-1.182163358,0,-2.004524231,0
15.39593124,-31.0165863,1,-20.40835381,1,-31.57044029,1,-1.020232439,1,-3.914402723,1,5.325725555,1,-1.584371328,0,-1.161024451,0,-1.964332581,0
15.39993095,-29.51258087,1,-19.84782219,1,-31.35013008,1,-1.451406479,1,-4.03740406,1,5.280880928,1,-1.623288274,0,-1.139270902,0,-1.927123427,0
15.40393257,-27.61811447,1,-19.61696434,1,-31.46503639,1,-1.818412185,1,-4.174306393,1,5.197640896,1,-1.661156058,0,-1.117201805,0,-1.892474294,0
15.40793037,-27.50906754,1,-18.41376877,1,-31.43235207,1,-2.090895891,1,-4.299415588,1,5.035578728,1,-1.698223591,0,-1.094997048,0,-1.859799981,0
15.41193008,-27.3315258,1,-17.28050423,1,-31.90424919,1,-2.279340267,1,-4.382185936,1,4.808122635,1,-1.7340554,0,-1.072978735,0,-1.829180002,0
15.4159317,-27.8325901,1,-16.62368202,1,-31.8596096,1,-2.396576881,1,-4.391971111,1,4.525225163,1,-1.76843977,0,-1.051457286,0,-1.800523877,0
15.4199295,-27.51817894,1,-15.38816738,1,-32.41070175,1,-2.442569256,1,-4.352040291,1,4.195807457,1,-1.801019073,0,-1.030690432,0,-1.77400434,0
15.42392921,-27.52430344,1,-14.70897865,1,-32.73317337,1,-2.431073427,1,-4.230969906,1,3.839685202,1,-1.831606388,0,-1.010907292,0,-1.749588132,0
15.42792988,-27.87674904,1,-14.83765125,1,-33.07426071,1,-2.362513304,1,-4.030439377,1,3.449970007,1,-1.859919071,0,-0.992386758,0,-1.727369308,0
15.43192864,-27.16072083,1,-15.59276104,1,-33.56846237,1,-2.320550919,1,-3.744249582,1,3.064554453,1,-1.885764241,0,-0.975312591,0,-1.707557559,0
15.43592739,-25.63539505,1,-16.14066124,1,-33.726017,1,-2.32079339,1,-3.440163851,1,2.683734417,1,-1.909429908,0,-0.95981735,0,-1.690083385,0
15.43992901,-22.42175674,1,-16.17378998,1,-34.09857559,1,-2.354523897,1,-3.166918278,1,2.295761824,1,-1.931411147,0,-0.945948303,0,-1.674586654,0
15.44392681,-18.82299042,1,-15.96884537,1,-34.88804626,1,-2.395321846,1,-2.924238205,1,1.929143429,1,-1.952231407,0,-0.933668554,0,-1.660566449,0
15.4479332,-15.56608582,1,-15.66418362,1,-35.96658707,1,-2.431333065,1,-2.752636909,1,1.580450654,1,-1.972338319,0,-0.922859609,0,-1.647521853,0
15.45193481,-12.49615002,1,-14.30757809,1,-36.56729889,1,-2.456700563,1,-2.558086872,1,1.232785583,1,-1.991911411,0,-0.913456142,0,-1.635212183,0
15.45593262,-9.438246727,1,-13.45233917,1,-36.64152145,1,-2.450213194,1,-2.332863331,1,0.907616675,1,-2.010887623,0,-0.905485272,0,-1.623620987,0
15.45993233,-6.931639194,1,-13.61381435,1,-35.63988876,1,-2.426938057,1,-2.020085096,1,0.626886368,1,-2.028926849,0,-0.898931146,0,-1.613064408,0
15.46393395,-4.904098988,1,-14.72348785,1,-33.78372574,1,-2.457900763,1,-1.602183938,1,0.386120766,1,-2.045656681,0,-0.89385432,0,-1.604120851,0
15.46793175,-2.684767723,1,-15.98513222,1,-31.48792458,1,-2.558301449,1,-1.088545322,1,0.193121225,1,-2.060966492,0,-0.890346944,0,-1.597333074,0
15.4719305,-0.881367862,1,-16.17717171,1,-29.18600082,1,-2.684936285,1,-0.505324304,1,0.070117727,1,-2.074632406,0,-0.888367772,0,-1.59323597,0
15.47593212,1.10281992,1,-15.71515846,1,-26.93279457,1,-2.774957418,1,0.160383776,1,0.015589979,1,-2.086244583,0,-0.887883365,0,-1.592366695,0
15.47992992,3.634971142,1,-15.15381908,1,-24.7813549,1,-2.797814846,1,0.893638551,1,0.003168499,1,-2.095145226,0,-0.888897896,0,-1.595277548,0
15.48392963,6.881943226,1,-13.84401989,1,-22.60664749,1,-2.753498554,1,1.664147258,1,0.040438402,1,-2.100774288,0,-0.891403794,0,-1.602354765,0
15.48793125,10.85949898,1,-11.55576324,1,-20.70664787,1,-2.58295393,1,2.441640377,1,0.091789097,1,-2.102510214,0,-0.895338416,0,-1.613878608,0
15.49192905,15.15481567,1,-9.383659363,1,-19.12197304,1,-2.20000124,1,3.184862852,1,0.161883727,1,-2.099620581,0,-0.900610507,0,-1.629888773,0
15.49592876,18.64303017,1,-6.69302845,1,-18.71144867,1,-1.627436638,1,3.807891369,1,0.25184083,1,-2.091373682,0,-0.906929374,0,-1.650166512,0
15.49992943,17.88676834,1,-4.568959713,1,-17.48980904,1,-0.954284489,1,4.515571594,1,0.396600008,1,-2.077161789,0,-0.913951337,0,-1.674753904,0
15.50392723,17.4251442,1,-3.310329437,1,-15.4053421,1,-0.142515942,1,5.415325642,1,0.51801461,1,-2.055433512,0,-0.92177093,0,-1.704904556,0
15.50792694,18.83080864,1,-3.028282881,1,-12.80095387,1,0.683686078,1,6.387732029,1,0.595275521,1,-2.024984837,0,-0.930447102,0,-1.7416327,0
15.51192856,20.19966316,1,-4.278643131,1,-10.18984604,1,1.414426565,1,7.331077099,1,0.57117635,1,-1.985669136,0,-0.939870059,0,-1.785234094,0
15.51592636,20.27542686,1,-5.380562782,1,-8.201028824,1,2.023779869,1,8.233010292,1,0.47277081,1,-1.93780303,0,-0.949793518,0,-1.835759401,0
15.51992607,19.15691948,1,-5.751158714,1,-6.602914333,1,2.511923313,1,8.752594948,1,0.320878565,1,-1.882308364,0,-0.959703326,0,-1.892591357,0
15.52392769,17.71540833,1,-5.73741436,1,-5.414957047,1,2.909133673,1,8.762834549,1,0.140662596,1,-1.822572827,0,-0.968555748,0,-1.952069759,0
15.52792549,17.07422066,1,-5.541859627,1,-4.211863995,1,3.206369877,1,8.769824028,1,-0.074166209,1,-1.760106206,0,-0.976089299,0,-2.012861252,0
15.5319252,17.01406097,1,-5.256823063,1,-3.675319195,1,3.456334829,1,8.776704788,1,-0.339333475,1,-1.695335865,0,-0.982391596,0,-2.074796677,0
15.53592587,16.38349533,1,-4.819491863,1,-3.675551891,1,3.65079236,1,8.782745361,1,-0.646818459,1,-1.628671408,0,-0.987551093,0,-2.137731314,0
15.53992367,13.83371925,1,-3.675149202,1,-4.393976688,1,3.839864254,1,8.787862778,1,-0.98547399,1,-1.560325265,0,-0.991620004,0,-2.201584101,0
15.54392338,10.573843,1,-2.908110619,1,-5.3062253,1,4.048326492,1,8.794846535,1,-1.337229371,1,-1.838714242,0,-1.133826375,0,-1.92128408,0
15.54792595,6.923923016,1,-2.229148388,1,-6.585560799,1,4.273820877,1,8.801627159,1,-1.695498824,1,-1.750164032,0,-1.147568226,0,-2.000369787,0
15.5519228,4.043680191,1,-2.801131725,1,-7.720528126,1,4.486783504,1,8.807090759,1,-2.021240234,1,-1.656058192,0,-1.159587741,0,-2.084120989,0
15.55592251,0.157752544,1,-2.17325139,1,-9.598828316,1,4.665240288,1,8.813705444,1,-2.384987116,1,-1.556575656,0,-1.16965723,0,-2.172493935,0
15.55992508,-3.505310059,1,-2.214945793,1,-11.00708675,1,4.848585129,1,8.819066048,1,-2.748408079,1,-1.451990843,0,-1.177558661,0,-2.265247583,0
15.56392288,-5.427061081,1,-2.279119015,1,-12.11572933,1,5.004150867,1,8.823940277,1,-3.090382814,1,-1.342929363,0,-1.18299222,0,-2.361886024,0
15.56792736,-7.830981731,1,-2.761950016,1,-12.93271637,1,5.11882925,1,8.83019352,1,-3.42396307,1,-1.230390549,0,-1.185593009,0,-2.461515427,0
15.57192898,-9.697947502,1,-3.042441368,1,-13.65034103,1,5.183988571,1,8.832043648,1,-3.75571847,1,-1.115745544,0,-1.185158491,0,-2.562984467,0
15.57592773,-11.13702488,1,-3.190970898,1,-14.23369598,1,5.216494083,1,8.835707664,1,-4.060406208,1,-1.00062871,0,-1.18145442,0,-2.66481781,0
15.57992649,-12.31922436,1,-3.582430124,1,-14.53417683,1,5.216874599,1,8.836030006,1,-4.305091858,1,-0.886956155,0,-1.174267888,0,-2.765257597,0
15.58392811,-13.20339394,1,-3.903841257,1,-14.37731266,1,5.193211079,1,8.836844444,1,-4.465175152,1,-0.77680397,0,-1.16343224,0,-2.862309217,0
15.58792591,-13.68698215,1,-3.44659996,1,-13.87252522,1,5.142927647,1,8.836627007,1,-4.561728001,1,-0.672133386,0,-1.148924828,0,-2.954072714,0
15.59192562,-13.77864742,1,-2.864168406,1,-13.23988914,1,5.090419292,1,8.834241867,1,-4.56284523,1,-0.574513257,0,-1.130876899,0,-3.03898263,0
15.59592724,-14.26393032,1,-1.979009151,1,-12.20452023,1,5.105883598,1,8.833995819,1,-4.487529755,1,-0.48490417,0,-1.109518051,0,-3.115879297,0
15.59992504,-14.14471149,1,-1.169636965,1,-11.06814384,1,5.181425095,1,8.835726738,1,-4.327865124,1,-0.403571695,0,-1.085182786,0,3.099035025,0
15.60392475,-13.94816875,1,-1.012776136,1,-9.921158791,1,5.278064728,1,8.835995674,1,-4.089901447,1,-0.33053261,0,-1.058234096,0,3.039671659,0
15.60792637,-13.09524822,1,-1.27529335,1,-8.894566536,1,5.336953163,1,8.835314751,1,-3.799031258,1,-0.265502423,0,-1.029081821,0,2.989027739,0
15.61192417,-12.12208366,1,-2.533635378,1,-7.839007854,1,5.347605705,1,8.833075523,1,-3.466161489,1,-0.2080888,0,-0.998139739,0,2.946612835,0
15.61592388,-11.40577602,1,-3.241811752,1,-7.384503841,1,5.307031155,1,8.830447197,1,-3.156000614,1,-0.157654092,0,-0.965805888,0,2.911618233,0
15.61992645,-11.36966705,1,-2.697372913,1,-7.315139771,1,5.223041058,1,8.829068184,1,-2.890705585,1,-0.113236658,0,-0.932442904,0,2.882880926,0
15.6239233,-11.73830414,1,-1.32456851,1,-7.461419582,1,5.171951771,1,8.825033188,1,-2.689381361,1,-0.073753864,0,-0.898329496,0,2.859283924,0
15.62792206,-12.3837738,1,0.067457959,1,-7.729480267,1,5.189305782,1,8.82552433,1,-2.551763296,1,-0.037981398,0,-0.863669634,0,2.839766026,0
15.63192463,-13.28705025,1,1.280719161,1,-8.112013817,1,5.299899578,1,8.827573776,1,-2.478729725,1,-0.004839423,0,-0.828588188,0,2.82348752,0
15.63592148,-13.49059772,1,2.34233284,1,-8.270785332,1,5.477123737,1,8.83081913,1,-2.475764513,1,0.026716769,0,-0.793168724,0,2.809683084,0
15.63992119,-13.46430397,1,3.699799299,1,-8.249944687,1,5.698433876,1,8.83678627,1,-2.508550882,1,0.057361819,0,-0.757448554,0,2.797827244,0
15.64392281,-13.97120094,1,5.133545399,1,-7.987493038,1,5.971945763,1,8.843176842,1,-2.573264837,1,0.087601192,0,-0.721450567,0,2.787568808,0
15.64791966,-14.8566494,1,6.314370155,1,-7.652506828,1,6.298649788,1,8.849257469,1,-2.661232471,1,0.117873564,0,-0.685184658,0,2.778693438,0
15.65192032,-15.83380032,1,6.49344492,1,-7.462039471,1,6.635756493,1,8.857615471,1,-2.778584003,1,0.148551583,0,-0.648643494,0,2.770954847,0
15.65592194,-15.78499889,1,6.80599308,1,-7.704714775,1,6.888066769,1,8.863057137,1,-2.947980642,1,0.179628626,0,-0.611812174,0,2.764144421,0
15.65991974,-15.26645565,1,6.943817139,1,-7.887759686,1,7.008387089,1,8.867067337,1,-3.109535217,1,0.210830122,0,-0.57467705,0,2.758110046,0
15.66391945,-15.2205286,1,7.161423683,1,-8.200632095,1,7.048429012,1,8.822686195,1,-3.289725542,1,0.241764411,0,-0.537286341,0,2.752793789,0
15.66792107,-16.50820732,1,7.387981415,1,-8.687407494,1,7.06356287,1,8.578952789,1,-3.493237019,1,0.272430211,0,-0.500201225,0,2.747884274,0
15.67191887,-18.27865219,1,7.732466221,1,-9.534880638,1,7.023144722,1,8.368941307,1,-3.741243362,1,0.30283308,0,-0.463598847,0,2.743093252,0
15.67591858,-19.86834908,1,7.745532513,1,-10.65001774,1,6.895149231,1,8.160069466,1,-4.026642323,1,0.332804322,0,-0.427349895,0,2.738200188,0
15.6799202,-21.72859573,1,8.022847176,1,-12.64105034,1,6.698182583,1,7.950610161,1,-4.343804836,1,0.362060249,0,-0.391347885,0,2.733007431,0
15.683918,-24.46473122,1,8.950195313,1,-15.21870613,1,6.485123158,1,7.748226643,1,-4.703110218,1,0.390501261,0,-0.355501652,0,2.72732687,0
15.68792343,-28.55616379,1,9.909235954,1,-17.90886879,1,6.310441971,1,7.581368446,1,-5.075560093,1,0.418157309,0,-0.319624126,0,2.721069098,0
15.69192505,-33.67803574,1,10.64888763,1,-20.12315559,1,6.1587286,1,7.477677822,1,-5.427173615,1,0.445118487,0,-0.283489227,0,2.714269876,0
15.69592285,-38.81612015,1,10.91580677,1,-21.65725708,1,5.983210087,1,7.436231613,1,-5.703775406,1,0.47126627,0,-0.246900737,0,2.707242727,0
15.69992256,-43.18386459,1,10.56360054,1,-22.78105927,1,5.747912884,1,7.385609627,1,-5.885603905,1,0.496266037,0,-0.209840745,0,2.700309753,0
15.70392418,-46.54848099,1,11.17153549,1,-22.14088058,1,5.476154327,1,7.389955521,1,-6.013167381,1,0.520005405,0,-0.172456622,0,2.693738222,0
15.70792103,-49.33568573,1,11.27380848,1,-21.79454803,1,5.132591248,1,7.284919739,1,-6.028999805,1,0.542121887,0,-0.134915829,0,2.687795639,0
15.71192074,-50.14916229,1,11.19204807,1,-19.37858963,1,4.662243843,1,7.118762493,1,-5.875077724,1,0.562420905,0,-0.097812243,0,2.682534218,0
15.71592331,-55.91602707,1,12.0243969,1,-16.95247841,1,4.213432789,1,6.8109622,1,-5.648365974,1,0.580529094,0,-0.062037092,0,2.678146839,0
15.71992111,-56.64663696,1,11.53579521,1,-14.44499016,1,3.720387459,1,6.42036438,1,-5.250266552,1,0.596547902,0,-0.027809381,0,2.674710512,0
15.72392082,-58.06845856,1,13.09763432,1,-12.62582684,1,3.209447384,1,5.698829174,1,-4.691579819,1,0.610457122,0,0.00349424,0,2.672141552,0
15.72792244,-62.66247177,1,14.72246742,1,-11.28025055,1,2.734901905,1,4.807528019,1,-4.093900204,1,0.62226367,0,0.030807257,0,2.669934511,0
15.7319212,-73.16107178,1,16.91579247,1,-10.95734787,1,2.489375591,1,4.091616631,1,-3.61030674,1,0.632520258,0,0.054210853,0,2.667880535,0
15.73591995,-74.13473511,1,18.3071785,1,-7.342918873,1,2.215637922,1,3.214554071,1,-3.011423349,1,0.64181757,0,0.073818058,0,2.665930986,0
15.73992157,-78.13750458,1,21.75553131,1,-3.777285337,1,1.980107665,1,2.477410316,1,-2.442184448,1,0.650053978,0,0.089442395,0,2.66405797,0
15.74391937,-81.30780029,1,20.27059174,1,3.169682264,1,1.7431041,1,1.788714886,1,-1.828392267,1,0.657301903,0,0.101286694,0,2.6624856,0
15.74791908,-78.05908203,1,18.11471748,1,3.970009089,1,1.437506199,1,1.204546809,1,-1.451774359,1,0.663607538,0,0.110121876,0,2.660945415,0
15.7519207,-75.06788635,1,16.88545609,1,8.174261093,1,0.818540037,1,0.507920623,1,-0.950720608,1,0.667936444,0,0.115810938,0,2.659321547,0
15.7559185,-72.05619812,1,15.96764374,1,10.78236675,1,0.349094421,1,-0.339860648,1,-0.695110559,1,0.6700598,0,0.118074752,0,2.656909227,0
15.75991726,-66.30791473,1,16.95899963,1,13.03072262,1,-0.302231997,1,-1.184845448,1,-0.392224699,1,0.669665933,0,0.117044717,0,2.653291464,0
15.76391888,-62.26475906,1,18.51495171,1,12.80010509,1,-0.820373833,1,-2.015820026,1,-0.125567257,1,0.666822493,0,0.11268115,0,2.648538589,0
15.76791668,-57.83596039,1,20.20012856,1,12.59690857,1,-1.058164597,1,-2.832986116,1,0.129813924,1,0.662346423,0,0.105021209,0,2.642496347,0
15.77191639,-54.98947906,1,21.17064285,1,11.58544922,1,-1.088066101,1,-3.398142338,1,0.43934682,1,0.657301307,0,0.09445262,0,2.635679245,0
15.77591801,-49.09090424,1,19.30928802,1,10.5818243,1,-0.944158554,1,-3.920069218,1,0.824027479,1,0.652638197,0,0.081300065,0,2.628719568,0
15.77991581,-45.34738541,1,17.91975021,1,9.3627491,1,-0.849810719,1,-4.304833889,1,1.195781827,1,0.648565292,0,0.065693095,0,2.621938467,0
15.78391552,-41.4176445,1,17.51466942,1,9.202203751,1,-0.791644454,1,-4.534593105,1,1.499165058,1,0.644929528,0,0.048305891,0,2.615567207,0
15.78791714,-36.70381927,1,17.31485558,1,10.28454971,1,-0.81172353,1,-4.697515488,1,1.754108906,1,0.641507924,0,0.029608237,0,2.609693766,0
15.79191494,-22.8346386,1,-1.562423348,1,-0.902545393,1,-1.539190769,1,-4.904965878,1,2.137820244,1,0.812098742,0,-0.024437632,0,2.779374599,0
15.79591465,13.69806862,1,-14.18186283,1,4.789419174,1,-5.887640476,1,-6.150588512,1,1.857345462,1,0.79624176,0,-0.044930529,0,2.769566059,0
15.79991627,-26.54662704,1,7.111985207,1,12.21471119,1,-5.337066174,1,-6.816662312,1,2.749629974,1,0.774742246,0,-0.07176856,0,2.756985903,0
15.80391407,45.37104034,1,-35.59022141,1,-18.56500816,1,-5.521049023,1,-5.647951603,1,2.693583965,1,0.754881263,0,-0.095997415,0,2.748020411,0
15.80792046,8.724825859,1,-41.03431702,1,-26.51902199,1,-8.585174561,1,-8.079691887,1,3.903414965,1,0.727019966,0,-0.125071615,0,2.739326715,0
15.81192207,-18.33990097,1,-39.1428833,1,-54.7159996,1,-8.608683586,1,-8.925265312,1,5.267900944,1,0.694542527,0,-0.163231626,0,2.730445862,0
15.81591988,-109.5513687,1,-35.02490234,1,-79.25178528,1,-8.626580238,1,-8.942485809,1,8.197522163,1,0.660385609,0,-0.207603306,0,2.728606939,0
15.81991959,-142.6290131,1,6.080302238,1,-84.3136673,1,-8.635453224,1,-8.35376358,1,8.625606537,1,0.624394894,0,-0.256171942,0,2.734964848,0
15.8239212,-78.4848938,1,63.74191284,1,-48.70740509,1,-8.658009529,1,-5.464515686,1,6.722717762,1,0.586468399,0,-0.295968056,0,2.74706459,0
15.82791901,-47.0728035,1,67.99160004,1,-44.1979332,1,-6.523444653,1,-4.580907345,1,3.247028112,1,0.553922534,0,-0.32426101,0,2.752322197,0
15.83191872,11.90293121,1,58.32770538,1,-17.48646736,1,-4.645659447,1,-3.702367783,1,2.442082882,1,0.530590832,0,-0.342797518,0,2.753795624,0
15.83592033,20.7218647,1,34.47626495,1,-13.95990086,1,-3.222895861,1,-5.472816467,1,3.048552752,1,0.515921772,0,-0.36495626,0,2.753770828,0
15.83991814,-64.28396606,1,46.69685745,1,-22.1194458,1,-2.379793882,1,-2.571130276,1,3.184684038,1,0.503064454,0,-0.385161519,0,2.757172108,0
15.84391785,-36.48127747,1,8.236981392,1,10.80059433,1,-0.294792295,1,-2.247835636,1,1.424741983,1,0.496471941,0,-0.397773802,0,2.761705637,0
15.84791946,-21.65325165,1,-14.80663872,1,1.913387775,1,-0.811709344,1,-2.583502769,1,0.175429329,1,0.495286018,0,-0.407821923,0,2.759085655,0
15.85191727,-17.93246651,1,37.4862709,1,-13.83132553,1,0.076627582,1,-1.496073246,1,0.312981069,1,0.495173305,0,-0.415259272,0,2.755595684,0
15.85591602,-3.906496525,1,21.17326355,1,-10.19964504,1,0.659921229,1,-1.208443046,1,0.720135748,1,0.497019082,0,-0.421025366,0,2.754980087,0
15.85991764,-8.754080772,1,-25.42283821,1,-11.53256893,1,0.589022338,1,-1.163231015,1,0.265407801,1,0.499854207,0,-0.426032811,0,2.754547596,0
15.86391544,-7.376089573,1,-23.34818459,1,-11.97398281,1,0.111104153,1,-1.334100008,1,0.412887573,1,0.501988828,0,-0.43101266,0,2.752959728,0
15.86791515,-7.09978199,1,-11.58898544,1,-11.04203033,1,-0.306516677,1,-1.146333694,1,1.093976498,1,0.501402199,0,-0.436832696,0,2.753233194,0
15.87191677,-5.462832451,1,-8.540445328,1,-11.77474976,1,-0.522224069,1,-1.180347323,1,1.312086463,1,0.498771757,0,-0.443242252,0,2.755589008,0
15.87591457,-8.278072357,1,-7.606211185,1,-11.80071259,1,-0.572335005,1,-1.295104265,1,1.382199764,1,0.495431781,0,-0.45017463,0,2.758186817,0
15.87991428,-8.977056503,1,-6.968278408,1,-9.72746563,1,-0.621677995,1,-1.356813431,1,1.520065069,1,0.491618663,0,-0.457587719,0,2.761096716,0
15.8839159,-6.004464626,1,-3.203822613,1,-9.821873665,1,-0.764403164,1,-1.317301631,1,1.527211308,1,0.487529159,0,-0.465207994,0,2.764310837,0
15.8879137,-6.941113949,1,5.097130775,1,-10.40215111,1,-0.567981899,1,-1.377036572,1,1.407374978,1,0.483364761,0,-0.472724795,0,2.767368793,0
15.89191341,-6.084811687,1,5.087333679,1,-9.834681511,1,-0.407830626,1,-1.421547651,1,1.184024692,1,0.480405986,0,-0.480064034,0,2.769606113,0
15.89591599,-6.034031868,1,5.691468239,1,-11.62967491,1,-0.30208087,1,-1.521600962,1,1.041719198,1,0.478341818,0,-0.487303406,0,2.770997524,0
15.89991379,-7.242571831,1,3.649739027,1,-13.06921959,1,0.00354513,1,-1.730010033,1,0.940984666,1,0.47739473,0,-0.494868964,0,2.771608829,0
15.90391445,-7.070142269,1,-5.216498852,1,-14.36186695,1,-0.039076559,1,-2.009917736,1,0.940081775,1,0.47752437,0,-0.503233552,0,2.771482706,0
15.90791607,-5.289483547,1,-2.408104181,1,-16.84259796,1,-0.109552085,1,-2.360418797,1,0.913305819,1,0.477562636,0,-0.512682736,0,2.770675421,0
15.91191387,-1.247024775,1,-0.878176033,1,-21.09367752,1,-0.262959719,1,-2.826801538,1,0.900354743,1,0.477750212,0,-0.523552895,0,2.768918991,0
15.91591358,-0.705750763,1,2.6951437,1,-25.41706848,1,-0.275241166,1,-3.575359106,1,0.781398058,1,0.478302836,0,-0.536437988,0,2.765545368,0
15.9199152,0.491175473,1,3.168291569,1,-25.27197456,1,-0.18864049,1,-4.385293961,1,0.712680101,1,0.480210841,0,-0.551878273,0,2.76009655,0
15.923913,-2.492074966,1,0.068830132,1,-27.1822319,1,-0.196321249,1,-5.306943417,1,0.624995053,1,0.483680576,0,-0.570346355,0,2.752258778,0
15.92791843,0.028810661,1,-5.074622154,1,-26.20392227,1,-0.498724729,1,-6.082463741,1,0.63091898,1,0.487866342,0,-0.591618121,0,2.742212534,0
15.93192005,3.564889669,1,-8.407364845,1,-30.35773087,1,-0.910761833,1,-7.037315845,1,0.71194303,1,0.491904944,0,-0.616052032,0,2.730060577,0
15.93591785,8.836967468,1,-6.837224007,1,-31.76904297,1,-1.006184816,1,-7.922732353,1,0.900694072,1,0.496222764,0,-0.643857419,0,2.716047525,0
15.93991661,7.852657318,1,-8.75647068,1,-32.93473434,1,-0.980038106,1,-8.742890358,1,1.17073977,1,0.501940966,0,-0.675316155,0,2.700281858,0
15.94391823,8.997700691,1,-10.79844093,1,-31.7562809,1,-1.101199627,1,-8.74841404,1,1.45123136,1,0.508114457,0,-0.708466411,0,2.684263468,0
15.94791603,12.62986755,1,-13.36769676,1,-30.13054657,1,-1.377907395,1,-8.755877495,1,1.76408124,1,0.513318479,0,-0.742149115,0,2.668888807,0
15.95191574,13.02107143,1,-11.74540424,1,-28.23547745,1,-1.560597539,1,-8.761544228,1,2.137506723,1,0.5174371,0,-0.77645421,0,2.654385328,0
15.95591736,11.52267742,1,-9.665537834,1,-29.59307671,1,-1.658066869,1,-8.765482903,1,2.625202894,1,0.520205975,0,-0.811633229,0,2.641429186,0
15.95991516,5.849349976,1,-9.214355469,1,-30.50622749,1,-1.6345824,1,-8.768597603,1,3.008841038,1,0.522013426,0,-0.847656429,0,2.630050421,0
15.96391487,2.518803596,1,-4.130455971,1,-24.61997986,1,-1.293427944,1,-8.761350632,1,3.193779945,1,0.524025619,0,-0.884213507,0,2.619576693,0
15.96791744,0.272014678,1,-5.823337078,1,-10.73331642,1,-1.623184443,1,-8.771714211,1,3.789589405,1,0.525198162,0,-0.92156899,0,2.610774994,0
15.97191429,-5.671576977,1,3.980456114,1,-11.74945068,1,-1.615159988,1,-8.773866653,1,4.192098618,1,0.523679316,0,-0.959963977,0,2.604480505,0
15.97591496,-49.66665649,1,13.97361279,1,-12.1286478,1,-0.641753137,1,-8.751918793,1,4.010688782,1,0.523578584,0,-0.998598456,0,2.598753691,0
15.97991657,-59.48886871,1,23.23940659,1,-18.40413094,1,1.342419267,1,-8.709364891,1,3.646389961,1,0.532043755,0,-1.036453605,0,2.590402842,0
15.98391438,-74.77940369,1,15.97616768,1,-17.03656387,1,2.906763554,1,-8.676527977,1,3.673696518,1,0.550161898,0,-1.073804259,0,2.579593182,0
15.98791409,-67.18960571,1,4.672843456,1,-17.6272831,1,3.782812595,1,-8.659606934,1,3.678871155,1,0.575298369,0,-1.110984683,0,2.566488266,0
15.9919157,-78.73193359,1,-5.602281094,1,-14.40608978,1,4.270458221,1,-8.647302628,1,3.420618057,1,0.607262552,0,-1.147674322,0,2.549072266,0
15.99591351,-84.68651581,1,-5.79405117,1,-12.2168293,1,3.978085279,1,-8.650675774,1,2.972991943,1,0.647446454,0,-1.183108091,0,2.523575544,0
15.99991322,-68.96044159,1,-6.908448696,1,-9.47663784,1,3.558951378,1,-8.660357475,1,2.886933804,1,0.694188833,0,-1.217520714,0,2.489483833,0
16.00391388,-37.56522369,1,-16.56514168,1,-4.23258543,1,2.727147341,1,-7.039897442,1,2.563151836,1,0.743383288,0,-1.248904347,0,2.450982809,0
16.00791168,10.13114834,1,-41.7698822,1,5.648276329,1,0.297982603,1,-5.254569054,1,2.024632454,1,0.781764746,0,-1.272340775,0,2.417438745,0
16.01191139,-58.2407341,1,-18.55500603,1,3.105315208,1,-1.933437347,1,-6.817917824,1,2.781258583,1,0.817165971,0,-1.297795296,0,2.377151012,0
16.01591301,-80.24523163,1,-8.384459496,1,-21.03684425,1,-3.207596779,1,-3.951001406,1,2.46019125,1,0.838171065,0,-1.319784641,0,2.344321012,0
16.01991081,-44.7073822,1,-11.05932426,1,-18.88305473,1,-3.960048437,1,-2.009407282,1,2.47672677,1,0.831284225,0,-1.334607959,0,2.336745262,0
16.02391052,-22.99579239,1,-7.771958351,1,-17.24811172,1,-4.651996613,1,-2.564999342,1,2.666388512,1,0.811709523,0,-1.348217487,0,2.339088917,0
16.02791214,-15.33547115,1,-0.826076388,1,-18.56340027,1,-4.994021893,1,-3.467524052,1,2.96587038,1,0.796455204,0,-1.364554882,0,2.334877491,0
16.03190994,-13.01590919,1,6.421015739,1,-16.89882469,1,-4.827489376,1,-4.824886322,1,3.660778284,1,0.789323449,0,-1.38555944,0,2.321956635,0
16.03590965,-17.90331078,1,9.309989929,1,-17.90164948,1,-4.133475304,1,-5.989650249,1,4.320833206,1,0.795654416,0,-1.412243843,0,2.297260523,0
16.03991127,-26.0148735,1,12.46414089,1,-20.1444931,1,-3.084717274,1,-6.572913647,1,4.676622391,1,0.82136184,0,-1.442794681,0,2.256615877,0
16.04390907,-31.40081596,1,12.47574329,1,-20.49686813,1,-1.822366714,1,-6.715183735,1,4.910064697,1,1.708990574,0,-1.379978776,0,1.480016828,0
16.04791451,-36.66703796,1,8.536322594,1,-21.05615616,1,-0.624726355,1,-6.622670174,1,5.207895756,1,1.86840713,0,-1.393986464,0,1.312965155,0
16.05191612,-40.52541351,1,1.876292706,1,-22.49041939,1,0.274783462,1,-6.243434906,1,5.506782055,1,2.052462578,0,-1.404079795,0,1.125559926,0
16.05591393,-41.98491287,1,-6.185979843,1,-24.70534897,1,0.748670042,1,-5.763841152,1,5.776193619,1,2.251375675,0,-1.409788489,0,0.926145971,0
16.05991364,-41.45877457,1,-12.94227791,1,-26.90183067,1,0.804971933,1,-5.280791283,1,6.002263546,1,2.454374075,0,-1.410956383,0,0.723752856,0
16.06391525,-39.46175766,1,-17.49391556,1,-28.9419136,1,0.606948912,1,-4.86301136,1,6.176686287,1,2.651045084,0,-1.407609105,0,0.527421296,0
16.06791306,-36.2041626,1,-19.36889648,1,-29.92099953,1,0.274544746,1,-4.567227364,1,6.319157124,1,2.833074331,0,-1.399956942,0,0.344626248,0
16.07191277,-34.46046448,1,-19.95216942,1,-30.40393829,1,-0.062688261,1,-4.419875622,1,6.429472923,1,2.99544239,0,-1.388178349,0,0.180133954,0
16.07591438,-33.52631378,1,-19.76504326,1,-30.59599304,1,-0.370799065,1,-4.371846199,1,6.476865768,1,3.13521862,0,-1.372596145,0,0.036906555,0
16.07991219,-32.84198761,1,-19.30020905,1,-30.60399246,1,-0.642926633,1,-4.340204239,1,6.437922001,1,-3.031677723,0,-1.353838325,0,-0.084008642,0
16.0839119,-32.23565674,1,-18.17329788,1,-30.1301384,1,-0.843849778,1,-4.315284729,1,6.319322586,1,-2.937385798,0,-1.332726955,0,-0.183863848,0
16.08791542,-31.68329811,1,-16.8311367,1,-29.73073769,1,-0.947394788,1,-4.320589066,1,6.126882076,1,-2.862226009,0,-1.309972882,0,-0.265150964,0
16.09191132,-30.36667824,1,-16.55879593,1,-29.56143188,1,-0.998176277,1,-4.321008682,1,5.881938934,1,-2.803066492,0,-1.286193967,0,-0.330626845,0
16.09591103,-29.56109428,1,-17.35501671,1,-29.37062454,1,-1.038248777,1,-4.304829121,1,5.65483284,1,-2.756506205,0,-1.261874199,0,-0.383562595,0
16.09991455,-28.12438774,1,-18.5038166,1,-29.25929642,1,-1.140665293,1,-4.287775517,1,5.420556545,1,-2.719864607,0,-1.237362504,0,-0.426742315,0
16.10391235,-26.80106735,1,-19.35360718,1,-29.11709976,1,-1.297661066,1,-4.259058952,1,5.189721584,1,-2.691342831,0,-1.212902665,0,-0.462227345,0
16.10791206,-25.39954185,1,-20.05817032,1,-29.19637871,1,-1.492308855,1,-4.230429173,1,4.939742565,1,-2.669607639,0,-1.188674092,0,-0.491511166,0
16.11191368,-23.73368073,1,-20.60780907,1,-29.22867584,1,-1.707144141,1,-4.201485634,1,4.686146259,1,-2.653652668,0,-1.164831638,0,-0.515713155,0
16.11591148,-22.15606689,1,-20.96050835,1,-29.64760017,1,-1.95343852,1,-4.169906139,1,4.417236328,1,-2.642674446,0,-1.141459703,0,-0.535717189,0
16.11990929,-20.90085602,1,-20.68927193,1,-30.28856277,1,-2.192162514,1,-4.138161182,1,4.129218578,1,-2.636147738,0,-1.118662,0,-0.552090108,0
16.1239109,-19.96677971,1,-20.09832954,1,-31.02953339,1,-2.408971786,1,-4.10488987,1,3.821552038,1,-2.633556128,0,-1.096530795,0,-0.565283537,0
16.12791061,-18.36410522,1,-19.23028755,1,-31.63312912,1,-2.577432394,1,-4.030694485,1,3.473818302,1,-2.634335518,0,-1.075222373,0,-0.575679958,0
16.13190842,-17.83234215,1,-18.11905479,1,-32.14087296,1,-2.671487808,1,-3.907859564,1,3.095858335,1,-2.637982607,0,-1.054958582,0,-0.583524466,0
16.13591003,-16.59111977,1,-17.66251373,1,-32.87178802,1,-2.739967823,1,-3.749948502,1,2.697680712,1,-2.643949509,0,-1.035947204,0,-0.589135528,0
16.13990784,-14.94291496,1,-16.91109276,1,-33.41113281,1,-2.780856133,1,-3.55800724,1,2.280826807,1,-2.651929379,0,-1.018349767,0,-0.592718422,0
16.14390755,-13.17567635,1,-16.24329758,1,-34.08820724,1,-2.766684532,1,-3.320394993,1,1.884958386,1,-2.661535501,0,-1.002279282,0,-0.594499111,0
16.14790916,-11.846591,1,-15.84765053,1,-34.46640396,1,-2.699983835,1,-3.01756978,1,1.482372522,1,-2.672199726,0,-0.987910032,0,-0.594838381,0
16.15190697,-10.3666172,1,-15.63493443,1,-34.71394348,1,-2.611940861,1,-2.631842613,1,1.10304749,1,-2.683497429,0,-0.975470781,0,-0.594032586,0
16.15590668,-8.604486465,1,-15.56081867,1,-34.77347565,1,-2.527060509,1,-2.153189659,1,0.718204141,1,-2.695104599,0,-0.965253651,0,-0.592420578,0
16.1599083,-6.51213789,1,-15.94089222,1,-34.15794754,1,-2.461189747,1,-1.567491293,1,0.34528026,1,-2.706886768,0,-0.957603037,0,-0.590225458,0
16.1639061,-4.541892529,1,-15.99894238,1,-32.91369629,1,-2.422350645,1,-0.887419939,1,-0.003849397,1,-2.718683243,0,-0.952830017,0,-0.587737322,0
16.16791153,-2.615481377,1,-15.92003441,1,-31.18829918,1,-2.381180286,1,-0.136937767,1,-0.337879419,1,-2.730361223,0,-0.951206326,0,-0.585200965,0
16.17191505,-0.942196846,1,-15.90472221,1,-28.7740345,1,-2.347967625,1,0.712854803,1,-0.62181133,1,-2.741704941,0,-0.953014731,0,-0.582896352,0
16.17591286,1.197102666,1,-16.41884995,1,-26.18914986,1,-2.305773973,1,1.634806037,1,-0.850551605,1,-2.752338648,0,-0.958478749,0,-0.581263602,0
16.17991257,5.249938488,1,-17.1321907,1,-23.63189125,1,-2.293488026,1,2.566874266,1,-1.00982964,1,-2.761992216,0,-0.967677712,0,-0.580706537,0
16.18391419,10.30466175,1,-16.38787079,1,-21.88460541,1,-2.279118538,1,3.434774637,1,-1.110306501,1,-2.770480156,0,-0.980416894,0,-0.581516683,0
16.18791199,15.71951962,1,-14.11730766,1,-20.52272606,1,-2.170982122,1,4.215233326,1,-1.164051294,1,-2.777516127,0,-0.996346533,0,-0.583793044,0
16.1919117,19.8283062,1,-11.67668533,1,-19.10158539,1,-1.861042976,1,4.931127548,1,-1.154072523,1,-2.78227973,0,-1.015119195,0,-0.587765694,0
16.19591332,23.06396866,1,-8.404680252,1,-17.84559631,1,-1.289459705,1,5.627391338,1,-1.127041459,1,-2.783457279,0,-1.036504388,0,-0.593844116,0
16.19991112,25.48941612,1,-5.521008492,1,-17.96450233,1,-0.533607543,1,6.186204433,1,-1.159950852,1,-2.780069351,0,-1.06025064,0,-0.601966858,0
16.20391083,21.90346527,1,-3.869721174,1,-16.22011566,1,0.218052998,1,6.850854397,1,-1.248454332,1,-2.771839619,0,-1.086247563,0,-0.612059355,0
16.20791245,20.70311165,1,-2.847831249,1,-14.1905756,1,1.029215336,1,7.707410812,1,-1.373133183,1,-2.757870913,0,-1.11524725,0,-0.624950409,0
16.21191025,19.19167519,1,-2.932288408,1,-12.88964558,1,1.843241692,1,8.539089203,1,-1.568948388,1,-2.737106085,0,-1.147496223,0,-0.641556025,0
16.21590996,15.78002167,1,-3.400278807,1,-12.3735733,1,2.617004156,1,8.768397331,1,-1.852642179,1,-2.709792137,0,-1.182094932,0,-0.661548018,0
16.21991158,12.25355625,1,-2.003296852,1,-12.4017992,1,3.2849617,1,8.784028053,1,-2.243164301,1,-2.677858353,0,-1.217281699,0,-0.683118463,0
16.22390938,8.493741035,1,-1.811879396,1,-12.1398983,1,3.818218231,1,8.797934532,1,-2.668005228,1,-2.641869545,0,-1.252998352,0,-0.706152141,0
16.22790909,6.356335163,1,-2.500202417,1,-11.6973362,1,4.19248867,1,8.808422089,1,-3.129346132,1,-2.601755142,0,-1.289319992,0,-0.731310606,0
16.23191071,4.587105751,1,-3.102701426,1,-11.9102354,1,4.361046314,1,8.814954758,1,-3.602819681,1,-2.557150126,0,-1.326324463,0,-0.759737611,0
16.23590851,1.74561131,1,-2.858226538,1,-11.83278942,1,4.40149498,1,8.818291664,1,-4.089149475,1,-2.506619215,0,-1.364061594,0,-0.793568134,0
16.23990822,-0.762009144,1,-3.187071562,1,-12.77205467,1,4.375139713,1,8.819237709,1,-4.506897926,1,-2.445515394,0,-1.402435184,0,-0.837859213,0
16.24390984,-3.307901621,1,-4.130397797,1,-13.14083958,1,4.260463238,1,8.819087029,1,-4.835368156,1,-2.36239028,0,-1.441147208,0,-0.90441978,0
16.24790764,-5.282596111,1,-4.276696682,1,-14.33842278,1,4.074932098,1,8.81751442,1,-5.08776474,1,-2.225748062,0,-1.479448199,0,-1.025086522,0
16.25190735,-7.125409126,1,-4.294502735,1,-15.02108288,1,3.876637936,1,8.813605309,1,-5.25361824,1,-1.926119089,0,-1.514988184,0,-1.309526086,0
16.25590897,-9.107354164,1,-4.011912346,1,-15.88507652,1,3.682148695,1,8.811107635,1,-5.361849308,1,-1.084494114,0,-1.535611153,0,-2.136759043,0
16.25990677,-10.98635101,1,-3.60859251,1,-16.29193687,1,3.516937971,1,8.808338165,1,-5.431013107,1,-0.172068983,0,-1.518059254,0,-3.035523891,0
16.26390648,-12.36932278,1,-3.340376616,1,-16.62338448,1,3.372512341,1,8.804641724,1,-5.445716381,1,0.155513421,0,-1.482580662,0,2.933138371,0
16.2679081,-13.84004879,1,-3.051471233,1,-16.68627548,1,3.273200512,1,8.802400589,1,-5.41633606,1,0.292371929,0,-1.443345428,0,2.808868885,0
16.2719059,-15.26230621,1,-2.830058813,1,-16.73509216,1,3.181028605,1,8.7996912,1,-5.349641323,1,0.365865111,0,-1.403048873,0,2.747626305,0
16.27590561,-16.49559784,1,-2.675165176,1,-16.68556786,1,3.114835024,1,8.797460556,1,-5.246120453,1,0.411452413,0,-1.36243999,0,2.714040518,0
16.27990723,-17.28310776,1,-2.310463667,1,-16.5790062,1,3.078289509,1,8.79683876,1,-5.096550465,1,0.442195505,0,-1.321841478,0,2.695184231,0
16.28390503,-17.94470787,1,-1.485621214,1,-16.23352623,1,3.121561527,1,8.796695709,1,-4.897588253,1,0.463926882,0,-1.281451702,0,2.685479641,0
16.28791046,-19.02846146,1,-0.868399262,1,-15.39372349,1,3.252434254,1,8.797165871,1,-4.656699181,1,0.479880869,0,-1.241423249,0,2.682087183,0
16.29191208,-19.89045334,1,-0.034710538,1,-14.31452942,1,3.498931646,1,8.800827026,1,-4.375459194,1,0.607325971,0,-1.434210181,0,2.53557229,0
16.29590988,-20.16591835,1,0.481349021,1,-12.78316498,1,3.792265892,1,8.805315018,1,-4.087315083,1,0.585252941,0,-1.395563483,0,2.572665691,0
16.29990959,-19.82073784,1,0.455518514,1,-11.13228035,1,4.103766441,1,8.810124397,1,-3.77055335,1,0.570215285,0,-1.357461452,0,2.604085684,0
16.30391121,-19.32869339,1,-0.428855479,1,-9.323045731,1,4.41261673,1,8.813755035,1,-3.425104141,1,0.558906794,0,-1.319980025,0,2.633208275,0
16.30790901,-18.69368744,1,-1.469940186,1,-7.551291943,1,4.69123888,1,8.817323685,1,-3.083796263,1,0.549953759,0,-1.28314817,0,2.661398172,0
16.31190872,-17.54996872,1,-1.204131007,1,-6.550169468,1,4.911065102,1,8.821853638,1,-2.809539557,1,0.54297626,0,-1.246888638,0,2.688880682,0
16.31591034,-16.70182419,1,-0.468328625,1,-5.556099892,1,5.071534634,1,8.822836876,1,-2.578583479,1,0.537875235,0,-1.211087942,0,2.715492487,0
16.31990814,-16.605093,1,-0.088705234,1,-4.655053139,1,5.228311062,1,8.825418472,1,-2.368554831,1,0.53444773,0,-1.175686359,0,2.741323709,0
16.32390785,-16.12963867,1,0.510799229,1,-4.027434826,1,5.427463531,1,8.82809639,1,-2.172834158,1,0.532593548,0,-1.140668869,0,2.766598463,0
16.32790947,-16.3597908,1,1.520165205,1,-3.063087225,1,5.66408205,1,8.831272125,1,-2.023310423,1,0.532440722,0,-1.105988026,0,2.791359901,0
16.33190727,-14.96772003,1,4.266186714,1,-4.069018364,1,5.96354866,1,8.838482857,1,-2.015126228,1,0.534596324,0,-1.071468472,0,2.81517601,0
16.33590698,-16.64188194,1,2.902828693,1,-3.164260626,1,6.207030296,1,8.843681335,1,-2.090199471,1,0.539509714,0,-1.036889434,0,2.837548018,0
16.3399086,-17.34289169,1,1.708583236,1,-3.326555014,1,6.321125507,1,8.848111153,1,-2.26031518,1,0.546939492,0,-1.002111912,0,2.858275652,0
16.3439064,-17.90417862,1,1.055251718,1,-3.753147364,1,6.259309292,1,8.849211693,1,-2.541520834,1,0.55647701,0,-0.966952264,0,2.877068758,0
16.34790611,-18.35482216,1,1.055904388,1,-4.839599609,1,6.043323994,1,8.845151901,1,-2.903552532,1,0.567644,0,-0.931208968,0,2.893647671,0
16.35190773,-19.27267456,1,1.298312306,1,-6.278734207,1,5.734462738,1,8.840141296,1,-3.316807985,1,0.579868078,0,-0.894751668,0,2.907969236,0
16.35590553,-21.17019081,1,2.277163029,1,-7.563008785,1,5.46651125,1,8.839093208,1,-3.76490593,1,0.592902184,0,-0.857469022,0,2.920125723,0
16.35990524,-23.26042366,1,3.934639215,1,-8.900502205,1,5.298559189,1,8.837524414,1,-4.238002777,1,0.606886148,0,-0.819259286,0,2.930232048,0
16.36390686,-25.07684708,1,5.456374645,1,-10.40627384,1,5.208314896,1,8.837939262,1,-4.735904217,1,0.62199527,0,-0.780031621,0,2.938443661,0
16.36790466,-26.73454857,1,7.044347286,1,-12.64255142,1,5.186876297,1,8.673963547,1,-5.243889809,1,0.638408244,0,-0.739889741,0,2.944770813,0
16.37190437,-28.74671555,1,8.358813286,1,-15.23188496,1,5.213694096,1,8.334498405,1,-5.73355341,1,0.656566978,0,-0.69949162,0,2.948766708,0
16.37590599,-32.63139725,1,8.846545219,1,-17.9386158,1,5.297197819,1,7.996991634,1,-6.156538963,1,0.676377118,0,-0.659097791,0,2.950679779,0
16.37990379,-38.75588226,1,8.877845764,1,-19.91859818,1,5.394402027,1,7.755029202,1,-6.52961874,1,0.697518587,0,-0.618662298,0,2.951091528,0
16.3839035,-47.03330231,1,7.510480881,1,-21.60492516,1,5.46062851,1,7.612807274,1,-6.805835724,1,0.719424665,0,-0.577987909,0,2.950767279,0
16.38790512,-53.74507141,1,5.598087311,1,-22.14054298,1,5.37095356,1,7.660748959,1,-6.998287678,1,0.741267443,0,-0.536810756,0,2.950481892,0
16.39190292,-57.9356575,1,3.775859118,1,-21.53783226,1,5.07299614,1,7.750674248,1,-7.097680092,1,0.76197505,0,-0.495014638,0,2.950999498,0
16.39590263,-60.98113251,1,2.246044159,1,-20.11819458,1,4.663984776,1,7.704532146,1,-7.09776783,1,0.780806422,0,-0.452990919,0,2.952378035,0
16.39990425,-63.04499054,1,3.227288485,1,-16.19846916,1,4.095292568,1,7.630209446,1,-6.92521143,1,0.797426641,0,-0.411401987,0,2.954578638,0
16.40390205,-61.74704742,1,5.186640739,1,-12.81336403,1,3.575758219,1,7.142672539,1,-6.506752968,1,0.811477542,0,-0.371560454,0,2.957576513,0
16.40790176,-62.56016922,1,8.911175728,1,-10.3904562,1,3.186276913,1,6.606184483,1,-6.057335854,1,0.82389462,0,-0.334253907,0,2.960694313,0
16.41191101,-64.46968079,1,13.75965595,1,-9.058824539,1,3.023703814,1,5.625098228,1,-5.475158215,1,0.835470796,0,-0.300707728,0,2.963305712,0
16.41591454,-67.8383255,1,17.86592484,1,-8.764521599,1,3.106474638,1,4.607281208,1,-4.819890976,1,0.847226977,0,-0.271529377,0,2.964936733,0
16.41991425,-76.09669495,1,19.16856194,1,-5.522886276,1,3.008052349,1,3.504335642,1,-3.967857838,1,0.859322131,0,-0.247678459,0,2.965552568,0
16.42391586,-84.02170563,1,22.09994316,1,-3.329835653,1,3.152975082,1,2.690899134,1,-3.186507225,1,0.871602416,0,-0.228792369,0,2.965570211,0
16.42791367,-87.5906601,1,16.49653435,1,0.502761602,1,3.01767993,1,2.237630367,1,-2.263623476,1,0.883831263,0,-0.214083374,0,2.966260195,0
16.43191338,-81.15730286,1,8.099250793,1,5.928744793,1,2.522184372,1,1.684427381,1,-1.167103648,1,0.894820333,0,-0.203708604,0,2.967981815,0
16.43591499,-84.68969727,1,13.78215313,1,7.191133499,1,1.970023513,1,1.391948581,1,-0.492425203,1,0.903343439,0,-0.19728969,0,2.970777988,0
16.4399128,-76.20423126,1,12.05020523,1,11.93814278,1,1.076177478,1,0.930354059,1,0.347979903,1,0.908775449,0,-0.194226131,0,2.974309921,0
16.44391251,-72.19075012,1,14.77050591,1,13.26141548,1,0.349977046,1,0.425799996,1,0.960218787,1,0.910875499,0,-0.194625035,0,2.978159904,0
16.44791412,-64.75083923,1,15.72424698,1,15.49431038,1,-0.233797029,1,-0.269814998,1,1.637202978,1,0.910329223,0,-0.198496521,0,2.98172164,0
16.45191193,-59.72649765,1,20.53082657,1,15.14589405,1,-0.560537577,1,-1.075151443,1,2.142156363,1,0.908115029,0,-0.206160516,0,2.984319448,0
16.45591164,-54.22494125,1,22.1092186,1,14.15443325,1,-0.516088188,1,-1.848591328,1,2.550365925,1,0.905652344,0,-0.217155099,0,2.98553133,0
16.45991325,-50.23686218,1,19.28782845,1,11.84420776,1,-0.463806123,1,-2.561784029,1,2.925253868,1,0.903760433,0,-0.23125501,0,2.985346556,0
16.46391106,-47.92317581,1,14.62305641,1,9.998103142,1,-0.519353926,1,-3.129607201,1,3.17965126,1,0.90214169,0,-0.247933254,0,2.983957767,0
16.46791077,-44.04275513,1,13.25003529,1,8.839432716,1,-0.642694235,1,-3.679990053,1,3.261945963,1,0.900521636,0,-0.266519904,0,2.981199026,0
16.47191048,-40.47801208,1,13.30811787,1,8.47409153,1,-0.840065658,1,-4.14129734,1,3.209613323,1,0.898777306,0,-0.286422491,0,2.976825714,0
16.47591019,-6.61353302,1,-24.44836807,1,-14.3324976,1,-2.648272038,1,-4.727395058,1,3.244907856,1,0.894925952,0,-0.307423949,0,2.970824242,0
16.4799099,-31.03488541,1,11.28746986,1,9.972640991,1,-4.974982262,1,-7.404963017,1,3.323428869,1,0.88076371,0,-0.331818163,0,2.959776402,0
16.48391151,-19.24232674,1,-3.54547143,1,19.74972153,1,-4.376042843,1,-6.646913052,1,3.234256029,1,0.86740917,0,-0.361598909,0,2.945086241,0
16.48790741,37.44064713,1,-35.39923477,1,-24.04762459,1,-5.555305004,1,-6.689015388,1,3.622245073,1,0.852931917,0,-0.387963027,0,2.933664322,0
16.49190903,-9.448290825,1,-37.01741791,1,-23.91712952,1,-7.619410515,1,-8.901873589,1,4.651601791,1,0.830909967,0,-0.421818852,0,2.919715643,0
16.49591065,-20.78982925,1,-47.61076736,1,-62.43552017,1,-8.307055473,1,-8.921023369,1,5.355405331,1,0.806328714,0,-0.460800767,0,2.906123161,0
16.49990845,-96.83211517,1,-50.5594902,1,-77.20610809,1,-8.622130394,1,-8.939108849,1,7.638492584,1,0.776162326,0,-0.503827095,0,2.89746809,0
16.50390816,-134.8529053,1,-7.472868919,1,-63.92208862,1,-8.625479698,1,-8.946137428,1,8.621208191,1,0.741830826,0,-0.552826703,0,2.897109747,0
16.50790978,-82.36158752,1,55.52918243,1,-45.96074677,1,-8.65812397,1,-5.933490753,1,7.777625084,1,0.703608513,0,-0.597337008,0,2.903767824,0
16.51190758,-16.72779465,1,59.36067581,1,-33.52567291,1,-7.466134548,1,-6.419257164,1,5.15642643,1,0.667334199,0,-0.632582545,0,2.909220695,0
16.51590538,-3.280514002,1,52.89193344,1,-32.29755402,1,-6.135939598,1,-5.95411396,1,3.813782454,1,0.641298771,0,-0.663063943,0,2.90763855,0
16.519907,-9.587402344,1,38.17829895,1,-21.20431137,1,-4.50696516,1,-4.908947468,1,3.357265472,1,0.621340573,0,-0.689288259,0,2.905638695,0
16.52390671,-74.48711395,1,51.06546021,1,-14.8511095,1,-2.916043043,1,-2.73909235,1,3.371519327,1,0.604435682,0,-0.709745586,0,2.908194065,0
16.52790451,-37.56754684,1,26.42624664,1,7.581653118,1,-0.914363444,1,-2.076426268,1,1.943778634,1,0.593417704,0,-0.723330319,0,2.913879633,0
16.53191948,-22.58430099,1,-7.358827591,1,-3.081298351,1,-0.865008652,1,-2.366479635,1,0.498557836,1,0.59123069,0,-0.733407855,0,2.911876678,0
16.53592873,-9.224593163,1,38.47009277,1,-10.04412651,1,-0.028631642,1,-1.565076828,1,0.521782339,1,0.591902494,0,-0.740946412,0,2.908044577,0
16.53993416,-10.06858635,1,19.58042336,1,-12.99172974,1,0.56575799,1,-1.185695887,1,0.729429305,1,0.594064415,0,-0.747055292,0,2.906842947,0
16.54393578,-7.05803442,1,-24.41133118,1,-13.19327164,1,0.480381548,1,-1.220419049,1,0.36961931,1,0.252367049,0,-1.112235069,0,3.000260353,0
16.54793358,-7.685750961,1,-23.97935867,1,-12.34788895,1,0.066049688,1,-1.431575179,1,0.617283821,1,0.252870768,0,-1.117926955,0,3.000971556,0
16.55193329,-4.509800911,1,-12.79571056,1,-13.41024303,1,-0.342344493,1,-1.358397245,1,1.221773744,1,0.247655943,0,-1.124291778,0,3.006140947,0
16.55593491,-3.803252459,1,-9.341680527,1,-13.8792057,1,-0.493478954,1,-1.485855818,1,1.452654719,1,0.23767674,0,-1.131114364,0,3.015317202,0
16.55993271,-8.184235573,1,-7.069153309,1,-11.3625412,1,-0.641238689,1,-1.557219148,1,1.572527766,1,0.225674167,0,-1.13843286,0,3.025877237,0
16.56393242,-7.389081478,1,-8.917037964,1,-11.07176208,1,-0.701443374,1,-1.651437163,1,1.677670121,1,0.212275013,0,-1.146120191,0,3.037847042,0
16.56793404,-7.230157852,1,-1.196171641,1,-10.06763077,1,-0.766418636,1,-1.694796443,1,1.721431613,1,0.197188243,0,-1.154068947,0,3.05087781,0
16.57193184,-5.890115738,1,-0.112026311,1,-9.970532417,1,-0.55378902,1,-1.695225,1,1.630671382,1,0.182555407,0,-1.161996245,0,3.06413126,0
16.57593155,-4.69261837,1,5.238600731,1,-11.27331829,1,-0.522110522,1,-1.836123943,1,1.489268541,1,0.168880925,0,-1.170035601,0,3.076639175,0
16.57993317,-6.781434536,1,12.7180891,1,-12.69922066,1,0.15114738,1,-2.000916481,1,1.39741683,1,0.157312587,0,-1.178501725,0,3.088131189,0
16.58393097,-6.581615925,1,-5.796945572,1,-13.26440048,1,0.228783458,1,-2.271698236,1,1.300270915,1,0.148592278,0,-1.187786102,0,3.098816395,0
16.58793068,-8.291723251,1,-9.92486763,1,-15.37684441,1,-0.25961265,1,-2.623720407,1,1.206272006,1,0.139551982,0,-1.198131084,0,3.108391285,0
16.5919323,-5.135555744,1,-3.585863829,1,-18.7713604,1,-0.641551614,1,-3.017782927,1,1.314186335,1,0.128550574,0,-1.209978938,0,3.118191719,0
16.59592819,-1.026371598,1,3.43269372,1,-23.75820732,1,-0.572728753,1,-3.616657734,1,1.229215741,1,0.116599031,0,-1.223760366,0,3.128267765,0
16.5999279,0.567543089,1,3.975767374,1,-25.70063591,1,-0.417373031,1,-4.423583984,1,1.118787646,1,0.106444605,0,-1.2401613,0,3.136949539,0
16.60393143,-2.482234478,1,1.292793632,1,-27.3846302,1,-0.423168629,1,-5.266453266,1,1.027504802,1,0.097948596,0,-1.259924889,0,-3.138989687,0
16.60792923,-0.02647341,1,-3.54044342,1,-27.1599884,1,-0.787670374,1,-6.166674614,1,1.021764755,1,0.08930818,0,-1.28296864,0,-3.13247323,0
16.61192894,0.958334267,1,-3.632593155,1,-27.52289009,1,-1.069084764,1,-7.123109341,1,1.088585138,1,0.078699864,0,-1.309859753,0,-3.125388145,0
16.61593056,5.296880245,1,-5.26140976,1,-30.58703613,1,-1.048698664,1,-7.999893665,1,1.231435418,1,0.064529225,0,-1.3403337,0,-3.115197659,0
16.61992836,5.981507301,1,-7.233744621,1,-32.07475662,1,-0.931228161,1,-8.743953705,1,1.427090645,1,0.044652238,0,-1.374291182,0,-3.098916531,0
16.62392807,9.996850967,1,-10.86971951,1,-30.48458672,1,-0.987580538,1,-8.747253418,1,1.648365974,1,0.012253327,0,-1.409435272,0,-3.069815397,0
16.62792969,11.05887794,1,-12.83943844,1,-30.36849976,1,-1.243970513,1,-8.753513336,1,1.838333964,1,-0.043666258,0,-1.444333553,0,-3.01778698,0
16.63192749,12.3153286,1,-12.3199625,1,-30.5602169,1,-1.504674077,1,-8.761407852,1,2.167434931,1,-0.153369352,0,-1.478447437,0,-2.91300106,0
16.6359272,11.89549828,1,-11.77885437,1,-30.29768562,1,-1.714176297,1,-8.768092155,1,2.651761532,1,-0.405303746,0,-1.50975275,0,-2.666772604,0
16.63992882,5.657718658,1,-8.236581802,1,-29.76771736,1,-1.67222774,1,-8.769649506,1,3.13734293,1,-1.046573281,0,-1.529178977,0,-2.031705379,0
16.64392662,4.658809662,1,-5.289518833,1,-26.24880791,1,-1.273475647,1,-8.763106346,1,3.356078625,1,-1.857696772,0,-1.519687772,0,-1.225739002,0
16.64792633,0.454126239,1,-0.756127119,1,-15.83422089,1,-1.096323013,1,-8.761378288,1,3.800937176,1,-2.238493443,0,-1.490464807,0,-0.848860025,0
16.65193367,-9.048582077,1,4.792456627,1,-18.16153526,1,-1.061472535,1,-8.765565872,1,4.639565468,1,-2.387402058,0,-1.454051256,0,-0.703791738,0
16.6559372,-46.24910355,1,13.63530254,1,-16.91350174,1,-0.109868877,1,-8.743495941,1,4.245094776,1,-2.459810734,0,-1.415905356,0,-0.63304615,0
16.65993691,-53.40171814,1,16.66440773,1,-21.43335152,1,1.459615707,1,-8.708019257,1,3.876415253,1,-2.50619626,0,-1.37839973,0,-0.583424449,0
16.66393852,-65.60258484,1,9.527381897,1,-16.51529312,1,2.789766788,1,-8.681460381,1,4.14785862,1,-2.532152176,0,-1.340942979,0,-0.547931314,0
16.66793633,-73.48911285,1,1.340949059,1,-17.81093407,1,3.581536055,1,-8.666667938,1,4.15511179,1,-2.542340279,0,-1.30282855,0,-0.524153829,0
16.67193604,-86.88172913,1,-7.374815464,1,-15.40742874,1,3.889893055,1,-8.657348633,1,3.718923807,1,-2.548914433,0,-1.265289783,0,-0.501631081,0
16.67593765,-88.79678345,1,-11.09069824,1,-14.35394764,1,3.554133892,1,-8.660476685,1,3.027747393,1,-2.557654142,0,-1.228991747,0,-0.476497114,0
16.67993546,-74.5326004,1,-13.48444366,1,-8.908289909,1,3.058969259,1,-8.669153214,1,2.72706461,1,-2.569317818,0,-1.193707466,0,-0.449908257,0
16.68393517,-46.69283676,1,-26.32863808,1,-2.052844286,1,1.992162943,1,-7.469111443,1,2.232507229,1,-2.581445217,0,-1.160230398,0,-0.425512373,0
16.68793678,7.342306614,1,-47.4691391,1,6.275599957,1,-0.730776548,1,-5.354940891,1,1.215175867,1,-2.595276833,0,-1.135399461,0,-0.407222331,0
16.69193459,-59.18441772,1,-20.70214462,1,4.927349091,1,-2.897133827,1,-7.101918697,1,1.854418039,1,-2.618472099,0,-1.109143019,0,-0.389509618,0
16.6959343,-86.74834442,1,-6.021979332,1,-18.70084572,1,-3.944895029,1,-4.043824673,1,1.27846849,1,-2.64298749,0,-1.087015033,0,-0.377662599,0
16.69993591,-44.46444321,1,-12.03428364,1,-17.69960403,1,-4.566925049,1,-2.03336215,1,1.33233285,1,-2.661875486,0,-1.074448824,0,-0.375583291,0
16.70393372,-22.84570885,1,-7.548074245,1,-15.63451576,1,-5.137106895,1,-2.743482113,1,1.646210313,1,-2.679308653,0,-1.063461542,0,-0.377966106,0
16.70793152,-15.11133671,1,0.907324374,1,-18.18136406,1,-5.329788685,1,-3.715063334,1,2.084039688,1,-2.698516607,0,-1.048712492,0,-0.380017757,0
16.71193314,-11.0674305,1,8.307713509,1,-16.78769112,1,-4.987769604,1,-5.191583633,1,2.952974796,1,-2.716588497,0,-1.028422952,0,-0.383219421,0
16.71593094,-15.71487045,1,11.68196011,1,-18.00059128,1,-4.069342613,1,-6.525853157,1,3.82319808,1,-2.730165958,0,-1.001378059,0,-0.388685137,0
16.71993065,-25.87915611,1,14.17078781,1,-20.59107971,1,-2.790380239,1,-7.187594414,1,4.405700207,1,-2.737537146,0,-0.969470441,0,-0.396370083,0
16.72393227,-33.1890564,1,12.00592327,1,-21.5905323,1,-1.407790065,1,-7.300789356,1,4.827348709,1,-2.738097906,0,-0.935479164,0,-0.406008273,0
16.72793007,-39.16057968,1,6.689182758,1,-23.41014671,1,-0.196719512,1,-7.035121441,1,5.219148636,1,-2.731940985,0,-0.901091695,0,-0.417696953,0
16.73192978,-41.99726486,1,0.160673484,1,-25.40551949,1,0.706985354,1,-6.490094662,1,5.567892551,1,-2.720061302,0,-0.867602408,0,-0.431625336,0
16.7359333,-43.25677109,1,-5.974277973,1,-27.25794983,1,1.188932776,1,-5.866076946,1,5.838265419,1,-2.704244137,0,-0.835624158,0,-0.447501361,0
16.7399292,-43.54137421,1,-10.79358673,1,-28.91721344,1,1.353658915,1,-5.247466087,1,6.034938335,1,-2.686356544,0,-0.805315495,0,-0.464872092,0
16.74392891,-41.6325531,1,-14.58290386,1,-30.55891228,1,1.272869945,1,-4.665868282,1,6.180675983,1,-2.667894125,0,-0.776668549,0,-0.483381808,0
16.74793243,-37.16217422,1,-16.94185066,1,-31.53169823,1,1.05040884,1,-4.283998966,1,6.263724327,1,-2.650051594,0,-0.749325752,0,-0.502455235,0
16.75193024,-35.79704285,1,-17.65151596,1,-31.32522392,1,0.797573924,1,-4.087320805,1,6.318504333,1,-2.633587122,0,-0.72257942,0,-0.521437824,0
16.75592995,-34.91958618,1,-17.45185852,1,-30.87942505,1,0.560320556,1,-4.001953125,1,6.334531784,1,-2.618789673,0,-0.696045399,0,-0.539966524,0
16.75993156,-34.66373444,1,-17.3351078,1,-30.04217911,1,0.338403136,1,-3.97399354,1,6.299908638,1,-2.605807066,0,-0.669529974,0,-0.557710528,0
16.76392937,-34.32008362,1,-17.71214294,1,-29.61674309,1,0.117148235,1,-4.000718117,1,6.192977905,1,-2.594703197,0,-0.642982066,0,-0.574407041,0
16.76792908,-32.4633522,1,-18.77575111,1,-29.10210419,1,-0.109143205,1,-4.053534508,1,6.045382023,1,-2.585627556,0,-0.616465032,0,-0.589783788,0
16.77193642,-31.64731979,1,-19.70932388,1,-28.67449951,1,-0.391500473,1,-4.126508713,1,5.872653008,1,-2.578687906,0,-0.589931846,0,-0.603782713,0
16.77593994,-30.64683151,1,-20.53154945,1,-28.23577499,1,-0.693905592,1,-4.191941261,1,5.686602592,1,-2.573943138,0,-0.563488662,0,-0.616433501,0
16.77993965,-30.25264359,1,-20.5404644,1,-28.21416092,1,-1.012141824,1,-4.262657642,1,5.459140301,1,-2.571422815,0,-0.537215829,0,-0.627794385,0
16.78394127,-28.84668922,1,-20.34114265,1,-28.25478554,1,-1.343055129,1,-4.282455921,1,5.192695141,1,-2.571094751,0,-0.511333644,0,-0.637862504,0
16.78793907,-28.28089905,1,-19.52734756,1,-28.39369202,1,-1.64599967,1,-4.290760517,1,4.876115799,1,-2.572881699,0,-0.486018896,0,-0.646639645,0
16.79193878,-27.24411774,1,-18.41947937,1,-28.79815102,1,-1.895563006,1,-4.242152214,1,4.526990891,1,-2.898278713,0,-0.373189747,0,-0.360498637,0
16.7959404,-26.0600605,1,-17.66404533,1,-29.25101662,1,-2.085849762,1,-4.211452961,1,4.157034874,1,-2.901397943,0,-0.352607071,0,-0.374204159,0
16.7999382,-24.66652298,1,-17.25128746,1,-29.6752224,1,-2.249728918,1,-4.12031889,1,3.800743103,1,-2.905946255,0,-0.332683623,0,-0.386461735,0
16.80393791,-23.35153961,1,-16.43444633,1,-29.89872169,1,-2.396075249,1,-4.016130447,1,3.427536249,1,-2.911794662,0,-0.313515067,0,-0.397351712,0
16.80793953,-22.31676292,1,-16.28712082,1,-30.09309578,1,-2.520420074,1,-3.918731213,1,3.060899734,1,-2.918789148,0,-0.295138478,0,-0.40686956,0
16.81193733,-20.03247452,1,-16.15882683,1,-30.57317543,1,-2.635704279,1,-3.797686815,1,2.703562021,1,-2.926762819,0,-0.277605414,0,-0.415115595,0
16.81593704,-17.81805992,1,-16.35873604,1,-30.60306168,1,-2.772909164,1,-3.722507477,1,2.366655111,1,-2.935714245,0,-0.26077047,0,-0.422148556,0
16.81993866,-15.8359623,1,-16.34114075,1,-31.16810417,1,-2.902189732,1,-3.661926985,1,2.059016943,1,-2.945595264,0,-0.244537964,0,-0.428058267,0
16.82393646,-14.08765507,1,-15.67337227,1,-31.78350449,1,-3.005808353,1,-3.578044891,1,1.768769264,1,-2.95626545,0,-0.228871718,0,-0.432970405,0
16.82793427,-12.0685358,1,-14.25888729,1,-32.50013351,1,-3.030166388,1,-3.495515347,1,1.493130326,1,-2.96749568,0,-0.213783368,0,-0.436947167,0
16.83193588,-10.53084278,1,-12.89093685,1,-33.18109894,1,-2.968419313,1,-3.368744373,1,1.245913029,1,-2.978884935,0,-0.199309111,0,-0.440104425,0
16.83593369,-9.125786781,1,-12.01046181,1,-33.6519928,1,-2.83069706,1,-3.169200182,1,1.02683115,1,-2.990023136,0,-0.185658485,0,-0.442583084,0
16.8399334,-7.788065434,1,-12.30106163,1,-33.69244003,1,-2.655705929,1,-2.825816631,1,0.828518391,1,-3.00065136,0,-0.173215285,0,-0.44452852,0
16.84393501,-6.514427185,1,-13.89119816,1,-32.95883179,1,-2.505527973,1,-2.306928396,1,0.645771921,1,-3.010704994,0,-0.162593946,0,-0.446062952,0
16.84793282,-4.201381683,1,-15.22363853,1,-31.83667183,1,-2.461079121,1,-1.646587729,1,0.475753218,1,-3.02042675,0,-0.154460609,0,-0.447303295,0
16.85193253,-1.765354156,1,-15.96070957,1,-29.82735443,1,-2.458520412,1,-0.841123164,1,0.309464782,1,-3.030104637,0,-0.149316877,0,-0.448291063,0
16.85593414,-0.06479796,1,-16.10047531,1,-26.99580383,1,-2.458228827,1,0.12429712,1,0.170716092,1,-3.039836645,0,-0.147747412,0,-0.449092627,0
16.85993195,2.635895491,1,-16.73383141,1,-24.57661247,1,-2.425275803,1,1.238160729,1,0.067027517,1,-3.049521923,0,-0.150419801,0,-0.449853241,0
16.86393166,7.633245945,1,-17.19195747,1,-23.00504875,1,-2.369623423,1,2.386733532,1,-0.033304408,1,-3.059007645,0,-0.157647878,0,-0.450556338,0
16.86793327,13.13446522,1,-16.84844971,1,-21.99734688,1,-2.309046507,1,3.50227046,1,-0.13474454,1,-3.06826973,0,-0.169424802,0,-0.451124549,0
16.87193108,18.42392349,1,-15.49764824,1,-21.46335602,1,-2.137287855,1,4.573767185,1,-0.207820669,1,-3.077153206,0,-0.185618833,0,-0.451560348,0
16.87593079,22.7994194,1,-12.87872124,1,-20.37976456,1,-1.695905209,1,5.566646099,1,-0.258128762,1,-3.084837198,0,-0.205940887,0,-0.45185113,0
16.8799324,23.79278946,1,-8.475161552,1,-20.15880394,1,-1.002352118,1,6.423399925,1,-0.370645314,1,-3.090261698,0,-0.229958847,0,-0.451904714,0
16.88393021,22.3298893,1,-5.736528397,1,-18.19431305,1,-0.204613969,1,7.434856892,1,-0.548607111,1,-3.092818975,0,-0.257672995,0,-0.45144406,0
16.88792801,24.92550087,1,-4.32917738,1,-15.46687508,1,0.711658239,1,8.460344315,1,-0.783632755,1,-3.092130184,0,-0.289598823,0,-0.450312078,0
16.89193726,26.09048462,1,-5.430604935,1,-13.39665985,1,1.626664758,1,8.742934227,1,-1.107646346,1,-3.088067055,0,-0.324413002,0,-0.448233932,0
16.89594078,23.55924225,1,-6.76843977,1,-12.05524826,1,2.369747639,1,8.759410858,1,-1.509007454,1,-3.081182003,0,-0.359659374,0,-0.444816351,0
16.89994049,17.81123543,1,-6.754908562,1,-10.87149143,1,2.936837912,1,8.77577877,1,-1.94627893,1,-3.07235837,0,-0.395103902,0,-0.439846337,0
16.90394211,15.21125698,1,-6.328186989,1,-9.884801865,1,3.35913825,1,8.785860062,1,-2.370318413,1,-3.062335491,0,-0.430773735,0,-0.433272064,0
16.90793991,11.23704529,1,-5.940555096,1,-9.745033264,1,3.653506756,1,8.795678139,1,-2.815475941,1,-3.051830769,0,-0.466683775,0,-0.425120294,0
16.91193962,7.491613388,1,-6.44701767,1,-9.222350121,1,3.867715836,1,8.802693367,1,-3.235777378,1,-3.04140234,0,-0.502868354,0,-0.415256053,0
16.91594124,4.755362034,1,-5.884070873,1,-10.2879591,1,4.005354404,1,8.807994843,1,-3.698858976,1,-3.031384945,0,-0.539348841,0,-0.403640926,0
16.91993904,0.958358407,1,-7.16305685,1,-10.98839569,1,4.032301903,1,8.810484886,1,-4.023766041,1,-3.022393227,0,-0.576125801,0,-0.390256315,0
16.92393875,-2.264513493,1,-6.853139877,1,-12.66669941,1,3.993615866,1,8.810951233,1,-4.27396965,1,-3.014536142,0,-0.613142431,0,-0.375600398,0
16.92794037,-5.678839207,1,-5.363147259,1,-13.98991108,1,3.976911545,1,8.81218338,1,-4.480479717,1,-3.007969379,0,-0.650368929,0,-0.359732538,0
16.93193817,-9.012644768,1,-4.198783398,1,-15.29045963,1,3.994073629,1,8.813391685,1,-4.646238804,1,-3.002544641,0,-0.687769294,0,-0.342797369,0
16.93593788,-11.4457655,1,-3.275376081,1,-16.39431763,1,4.073934078,1,8.815506935,1,-4.790271282,1,-2.99815917,0,-0.725333452,0,-0.324732423,0
16.9399395,-14.09534168,1,-2.228695154,1,-17.27614403,1,4.204013824,1,8.818709373,1,-4.936656475,1,-2.994637489,0,-0.763045669,0,-0.305491269,0
16.9439373,-16.10352707,1,-1.627532125,1,-17.62749481,1,4.337962151,1,8.822322845,1,-5.060378075,1,-2.992028952,0,-0.800895631,0,-0.284955174,0
16.94793701,-17.78395844,1,-1.697105646,1,-17.80367851,1,4.488090992,1,8.826408386,1,-5.157836437,1,-2.990364313,0,-0.838859797,0,-0.263071984,0
16.95193863,-19.12579346,1,-2.291667461,1,-17.81964302,1,4.588505745,1,8.827084541,1,-5.213354111,1,-2.989765406,0,-0.876895607,0,-0.23985678,0
16.95593643,-20.44783211,1,-3.201733112,1,-17.53425026,1,4.619136333,1,8.829401016,1,-5.230407238,1,-2.990504265,0,-0.914957166,0,-0.21532394,0
16.95993614,-21.35513306,1,-3.599920273,1,-16.98335266,1,4.575133324,1,8.828755379,1,-5.228843689,1,-2.992936134,0,-0.953002572,0,-0.189400896,0
16.96393776,-21.31479645,1,-4.169788361,1,-16.21059227,1,4.469966412,1,8.825367928,1,-5.178982258,1,-2.997485876,0,-0.990974665,0,-0.16197376,0
16.96793556,-21.39442444,1,-4.623259544,1,-14.70652771,1,4.355297565,1,8.82299614,1,-5.067470551,1,-3.00426054,0,-1.028799295,0,-0.133115843,0
16.97193527,-21.65419197,1,-5.313348293,1,-13.04757214,1,4.242082596,1,8.819182396,1,-4.880691051,1,-3.013203144,0,-1.06641376,0,-0.102942057,0
16.97593498,-21.65634346,1,-6.262442589,1,-10.82943344,1,4.152403831,1,8.815289497,1,-4.611760616,1,-3.023958445,0,-1.103751063,0,-0.071808577,0
16.97993279,-20.79605675,1,-6.20496273,1,-8.695889473,1,4.051785946,1,8.812227249,1,-4.2746315,1,-3.036113739,0,-1.140766978,0,-0.040121298,0
16.9839325,-19.00788116,1,-6.07451725,1,-6.401480198,1,3.976562738,1,8.808011055,1,-3.898590326,1,-3.049362898,0,-1.177449465,0,-0.00815707,0
16.98793411,-17.54895973,1,-5.016723156,1,-4.712281227,1,3.983154774,1,8.805833817,1,-3.53094244,1,-3.063416481,0,-1.213812113,0,0.024029439,0
16.99193192,-16.43166733,1,-2.78107357,1,-3.710756779,1,4.080105305,1,8.805373192,1,-3.248701334,1,-3.078549623,0,-1.249903321,0,0.057150099,0
16.99593163,-15.79809475,1,-1.023559213,1,-2.861379385,1,4.230470657,1,8.808213234,1,-3.039958715,1,-3.095919132,0,-1.285764217,0,0.092752866,0
16.99993324,-15.4086256,1,-0.403883845,1,-1.999213219,1,4.420793533,1,8.810452461,1,-2.877213717,1,-3.11732769,0,-1.321399689,0,0.132876918,0
17.00393105,-15.09792519,1,-0.565093935,1,-1.20848155,1,4.624092579,1,8.813785553,1,-2.744194984,1,3.137848854,0,-1.356772423,0,0.180226609,0
17.00793076,-15.03610229,1,-0.868641675,1,-0.607241511,1,4.863883018,1,8.81931591,1,-2.673306704,1,3.098361015,0,-1.391788125,0,0.239836499,0
17.01194,-15.79948997,1,-1.07822907,1,0.482428521,1,5.075356007,1,8.823617935,1,-2.701387882,1,3.036700726,0,-1.426208973,0,0.322445154,0
17.01594353,-14.58777332,1,4.117702007,1,-0.820716798,1,5.243003845,1,8.828782082,1,-2.963541031,1,2.927355766,0,-1.459345818,0,0.453489274,0
17.01994324,-13.68433094,1,8.120780945,1,-1.145016193,1,5.436373234,1,8.834816933,1,-3.372411251,1,2.708420515,0,-1.4890306,0,0.694833636,0
17.02394486,-14.59354782,1,6.502057076,1,-1.039148808,1,5.696327209,1,8.842055321,1,-3.775633812,1,2.270049572,0,-1.508966327,0,1.156578541,0
17.02794266,-15.65485954,1,8.51213932,1,-2.498951197,1,5.89056921,1,8.849573135,1,-4.212178707,1,1.661835313,0,-1.507787228,0,1.789141536,0
17.03194237,-16.39775658,1,10.38057232,1,-3.546866655,1,6.080058098,1,8.856028557,1,-4.655079365,1,1.238075972,0,-1.485335827,0,2.237996578,0
17.03594399,-18.63928986,1,11.88587475,1,-4.894303322,1,6.348575592,1,8.863592148,1,-5.065306187,1,1.028921604,0,-1.452480555,0,2.473161936,0
17.03994179,-21.25936508,1,13.39267159,1,-6.076973915,1,6.666263103,1,8.873360634,1,-5.440596104,1,0.926636755,0,-1.41515255,0,2.602653027,0
17.0439415,-23.43868446,1,12.80265141,1,-7.701928139,1,6.893969536,1,8.833407402,1,-5.80398798,1,0.288130194,0,-1.497555733,0,-3.099351168,0
17.04794312,-25.86071777,1,10.71030426,1,-9.3052845,1,6.945674419,1,8.641150475,1,-6.119612694,1,0.42407465,0,-1.456428766,0,3.075161457,0
17.05194092,-28.12405586,1,8.273509026,1,-11.28068447,1,6.842970371,1,8.413661957,1,-6.374578476,1,0.50389123,0,-1.414707541,0,3.022493601,0
17.05594063,-30.80221367,1,5.626361847,1,-13.85179996,1,6.56319952,1,8.150688171,1,-6.536727428,1,0.561133564,0,-1.373045325,0,2.991624594,0
17.05994225,-34.75313568,1,3.587234259,1,-17.01202583,1,6.102782249,1,7.921781063,1,-6.652800083,1,0.605951309,0,-1.331687927,0,2.97171402,0
17.06393814,-39.2286377,1,1.907323718,1,-19.11202621,1,5.460348606,1,7.77431488,1,-6.705120564,1,0.64185065,0,-1.290593505,0,2.958565712,0
17.06793976,-45.30162811,1,1.267834425,1,-21.24742317,1,4.828231812,1,7.677841187,1,-6.651876926,1,0.669951439,0,-1.2498281,0,2.950690985,0
17.07194138,-50.22462082,1,2.321597815,1,-22.50258446,1,4.185044765,1,7.701310635,1,-6.537738323,1,0.691253722,0,-1.209325671,0,2.947202921,0
17.07593918,-54.3757782,1,3.918148041,1,-23.10414314,1,3.645967484,1,7.72046423,1,-6.338604927,1,0.70656544,0,-1.169142365,0,2.947528362,0
17.07993698,-58.33315277,1,6.412953854,1,-22.90603638,1,3.267817974,1,7.778044701,1,-6.092725277,1,0.717190564,0,-1.129427791,0,2.951016903,0
17.0839386,-61.10421753,1,8.81076622,1,-21.56883621,1,3.043156147,1,7.783664227,1,-5.760983944,1,0.724319577,0,-1.090369344,0,2.957112312,0
17.0879364,-63.89344025,1,9.328727722,1,-19.8420639,1,2.896405935,1,7.750583172,1,-5.322051048,1,0.728761852,0,-1.05240202,0,2.965579033,0
17.09193611,-65.13445282,1,11.43277168,1,-18.65720367,1,2.924451351,1,7.524241447,1,-4.838585377,1,0.731450558,0,-1.016017556,0,2.975961685,0
17.09593773,-67.92276764,1,14.96600533,1,-17.19044876,1,3.02413702,1,6.959764004,1,-4.360675812,1,0.734466851,0,-0.982161522,0,2.986543655,0
17.09993553,-70.61384583,1,14.8299799,1,-13.610425,1,2.995491982,1,6.293802738,1,-3.725135326,1,0.738193393,0,-0.951582432,0,2.996742725,0
17.10393524,-77.66149902,1,17.12659836,1,-10.36886692,1,2.990775585,1,5.396136761,1,-3.08229804,1,0.742367804,0,-0.925132334,0,3.006390095,0
17.10793686,-81.71527863,1,17.02090263,1,-3.571332216,1,2.928847551,1,4.558546543,1,-2.310074568,1,0.747096181,0,-0.903168917,0,3.015402794,0
17.11193466,-81.84126282,1,12.30540943,1,2.010901213,1,2.689900398,1,3.78252697,1,-1.426046252,1,0.751090348,0,-0.885812342,0,3.024830103,0
17.11593437,-75.65965271,1,5.306739807,1,6.817213535,1,2.039946079,1,2.693567276,1,-0.416859955,1,0.753237128,0,-0.873724878,0,3.034448385,0
17.11993599,-83.51043701,1,10.547328,1,14.74157619,1,1.404086232,1,1.877724648,1,0.255818009,1,0.753429592,0,-0.867080212,0,3.043694019,0
17.12393379,-70.62961578,1,14.28927326,1,13.20902634,1,0.711697698,1,0.767452836,1,0.868610799,1,0.751454592,0,-0.864718914,0,3.051733494,0
17.1279335,-71.97307587,1,16.88508606,1,13.34918594,1,0.459733248,1,-0.112720653,1,1.283646584,1,0.748803258,0,-0.866748095,0,3.058186531,0
17.13194084,-69.11702728,1,15.59337807,1,14.35926151,1,0.176530287,1,-0.914722979,1,1.567309022,1,0.746903539,0,-0.872203112,0,3.062395811,0
17.13594437,-64.10726166,1,16.53622437,1,12.54345226,1,-0.036287632,1,-1.757397652,1,1.698286295,1,0.745775819,0,-0.880589068,0,3.064221382,0
17.13994408,-61.35919952,1,17.4690609,1,11.37246418,1,-0.207658738,1,-2.425075531,1,1.733485699,1,0.746175408,0,-0.891495585,0,3.063103676,0
17.14394569,-54.29738235,1,14.68972874,1,10.90577507,1,-0.282706708,1,-2.943871021,1,1.779999971,1,0.74775511,0,-0.904052615,0,3.059721947,0
17.1479435,-48.9699173,1,11.5213604,1,9.035813332,1,-0.492972493,1,-3.585427046,1,1.89015305,1,0.750818312,0,-0.918643653,0,3.053983927,0
17.15194321,-44.80392456,1,7.893604755,1,6.592508316,1,-0.818703651,1,-4.137988567,1,1.951168895,1,0.754790723,0,-0.935175955,0,3.045746088,0
17.15594482,-40.96954727,1,7.698447227,1,4.865374565,1,-1.151073575,1,-4.62779665,1,1.930566788,1,0.759669304,0,-0.953281522,0,3.034818411,0
17.15994263,-36.96622086,1,8.015051842,1,5.071727753,1,-1.436654449,1,-4.967457771,1,1.849739552,1,0.765747964,0,-0.972410738,0,3.021120071,0
17.16394234,-16.99098396,1,-12.56957436,1,-11.29253101,1,-2.338535309,1,-5.278511524,1,1.907713652,1,0.772212923,0,-0.992224455,0,3.005074978,0
17.16794395,11.83655167,1,-1.153167248,1,-5.462027073,1,-4.46352005,1,-7.033254623,1,1.757634878,1,0.774881899,0,-1.014089584,0,2.983541727,0
17.17194176,-31.83547974,1,-15.98919678,1,14.37683773,1,-4.629004002,1,-7.03410387,1,2.213398218,1,0.782088697,0,-1.041560292,0,2.95506978,0
17.17594147,52.87024307,1,-56.08376312,1,-23.35883141,1,-5.910350323,1,-6.047362804,1,2.521412849,1,0.781107783,0,-1.065224409,0,2.932809114,0
17.17994309,11.06334591,1,-52.80210495,1,-23.97053337,1,-8.603791237,1,-8.9195261,1,4.219977379,1,0.77350539,0,-1.096801043,0,2.907202721,0
17.18394089,-7.241693974,1,-48.90558243,1,-56.07125092,1,-8.613255501,1,-8.93044281,1,5.930207729,1,0.759958804,0,-1.136520386,0,2.883947372,0
17.1879406,-91.85330963,1,-40.90403748,1,-91.68036652,1,-8.627015114,1,-8.94459343,1,8.468342781,1,0.73299706,0,-1.182137728,0,2.87571907,0
17.19194222,-148.7696991,1,25.00722122,1,-58.79009247,1,-8.627532005,1,-8.946725845,1,8.620794296,1,0.691673517,0,-1.231650233,0,2.883005142,0
17.19594002,-99.82485962,1,78.78440094,1,-45.58208084,1,-8.638903618,1,-7.459529877,1,7.503062248,1,0.640316188,0,-1.278646469,0,2.900693178,0
17.19993973,-60.53342438,1,74.25658417,1,-43.95935822,1,-6.930808067,1,-6.735779285,1,4.266248226,1,0.601829588,0,-1.315007448,0,2.906871319,0
17.20394135,-10.33418655,1,78.03761292,1,-26.49194145,1,-4.725304127,1,-5.64730072,1,3.145400763,1,0.583511651,0,-1.343095183,0,2.902106047,0
17.20793915,23.60200691,1,36.2934761,1,-5.700376034,1,-3.214532852,1,-6.135658741,1,3.085980892,1,0.581083953,0,-1.369882345,0,2.888318539,0
17.21193695,-52.98106766,1,30.19438171,1,-31.75073624,1,-2.140682459,1,-3.516994238,1,3.342832327,1,0.572893143,0,-1.393927217,0,2.885989666,0
17.21593857,-69.025383,1,7.722570896,1,11.1059494,1,-0.855668485,1,-1.942728996,1,1.871520162,1,0.540094018,0,-1.407790065,0,2.912837029,0
17.21993637,-18.81225777,1,-25.35441208,1,5.294083595,1,-1.235975742,1,-2.776346445,1,0.173624039,1,0.548620701,0,-1.417961121,0,2.900356054,0
17.22393799,-22.92047691,1,47.12044525,1,-17.30700111,1,-0.221099705,1,-1.693128705,1,0.42748633,1,0.572389126,0,-1.426050544,0,2.873109579,0
17.22793961,4.623754978,1,31.46273804,1,-8.930343628,1,0.427160919,1,-1.468881845,1,0.977751613,1,0.579572976,0,-1.432799101,0,2.866407871,0
17.23193741,-20.34536743,1,-20.00982094,1,-12.01872063,1,0.711157918,1,-1.354198217,1,0.296922028,1,0.587765753,0,-1.438986301,0,2.860706329,0
17.23593521,-7.009488106,1,-30.46208382,1,-12.89415359,1,0.208820477,1,-1.520509362,1,0.447687835,1,0.607588112,0,-1.444519877,0,2.842637777,0
17.23993683,0.876624405,1,-15.36317444,1,-14.89707851,1,-0.295385808,1,-1.463793993,1,1.164673567,1,0.612714469,0,-1.451199412,0,2.837206841,0
17.24393654,-1.4059726,1,-6.795822144,1,-15.63484859,1,-0.5393188,1,-1.647312641,1,1.34050858,1,0.605777144,0,-1.459165335,0,2.842542171,0
17.24793625,-7.906634808,1,-6.309069157,1,-13.96581459,1,-0.638443947,1,-1.794487238,1,1.545237899,1,0.595439613,0,-1.46812737,0,2.850543976,0
17.25194168,-8.417316437,1,-9.255599022,1,-11.59318352,1,-0.701511979,1,-1.881275296,1,1.619249701,1,0.580399632,0,-1.47778213,0,2.862950325,0
17.25594902,-7.386281967,1,-2.838249683,1,-8.978920937,1,-0.804248214,1,-1.911841989,1,1.730819464,1,0.560270786,0,-1.487782001,0,2.880128384,0
17.25994873,-7.24802351,1,1.685176611,1,-8.760966301,1,-0.551275492,1,-1.859632015,1,1.644852638,1,0.532882094,0,-1.497808695,0,2.904832602,0
17.26395035,-4.854940891,1,2.898281574,1,-9.783369064,1,-0.367765903,1,-1.934033394,1,1.438287735,1,0.507970929,0,-1.507420063,0,2.928021908,0
17.26794815,-5.868965626,1,11.84818268,1,-12.94648457,1,-0.033006474,1,-2.071634054,1,1.404804349,1,0.487085253,0,-1.517138958,0,2.947918415,0
17.27194786,-8.087332726,1,-0.704726398,1,-12.85648918,1,0.465764701,1,-2.355721235,1,1.346265793,1,0.471568674,0,-1.527516007,0,2.964618683,0
17.27594757,-9.591952324,1,-8.116968155,1,-13.65412045,1,0.121892571,1,-2.634243727,1,1.272253156,1,0.468636334,0,-1.538789272,0,2.96868515,0
17.27994537,-9.509184837,1,-4.890912533,1,-18.43393326,1,0.056586519,1,-3.023147345,1,1.237702847,1,0.502617061,0,-1.551067472,0,2.935152769,0
17.28394508,-0.992102981,1,-1.866547942,1,-22.94494247,1,-0.530949175,1,-3.617849112,1,1.194776297,1,0.833857834,0,-1.564707518,0,2.602917194,0
17.2879467,0.843903542,1,5.697264194,1,-26.82982826,1,-0.444787651,1,-4.440457344,1,0.98283428,1,3.123249054,0,-1.558830976,0,0.311368167,0
17.2919445,-0.296159297,1,5.009329796,1,-29.95164299,1,-0.084004834,1,-5.36211729,1,0.950479209,1,2.11193943,0,-1.541455746,0,1.349226356,0
17.29594421,-0.523289979,1,-0.046034139,1,-27.34528923,1,-0.1678956,1,-6.308427334,1,0.912610054,1,2.632422447,0,-1.52687335,0,0.827974916,0
17.29994583,-0.141578898,1,-4.721171856,1,-29.91460991,1,-0.592719197,1,-7.318483829,1,0.816576362,1,2.873001337,0,-1.50270164,0,0.585552096,0
17.30394363,6.835715771,1,-4.2083745,1,-34.70333481,1,-0.837519407,1,-8.19321537,1,0.865492582,1,2.987618685,0,-1.473048687,0,0.467618227,0
17.30794334,8.897644043,1,-5.265532494,1,-36.3961792,1,-0.886922359,1,-8.740772247,1,0.976458967,1,3.051960468,0,-1.439464211,0,0.399347305,0
17.31194496,10.66890812,1,-6.443328381,1,-33.97497177,1,-0.896752119,1,-8.742313385,1,1.109511375,1,3.092251301,0,-1.40486455,0,0.355012476,0
17.31594276,10.7650547,1,-7.828062057,1,-33.25029373,1,-0.858989656,1,-8.742173195,1,1.353265762,1,3.121626139,0,-1.370083928,0,0.321557105,0
17.31994247,10.72634888,1,-8.714719772,1,-32.23155212,1,-0.835708261,1,-8.744499207,1,1.739240766,1,-3.136021137,0,-1.335152864,0,0.291853189,0
17.32394409,9.514578819,1,-10.26712704,1,-34.51006317,1,-0.682670534,1,-8.743816376,1,2.317331314,1,-3.110421896,0,-1.300035,0,0.262339503,0
17.3279419,4.894209862,1,-10.98869419,1,-27.96745682,1,-0.473378807,1,-8.74217701,1,2.94851017,1,-3.082354307,0,-1.264611602,0,0.230547875,0
17.33194161,1.149516344,1,-6.844655037,1,-14.5023613,1,-0.264226198,1,-8.741500854,1,3.381979942,1,-3.053985596,0,-1.228811622,0,0.19914411,0
17.33594322,-5.323942184,1,-2.357455969,1,-14.41779518,1,-0.225915447,1,-8.74429512,1,4.086069584,1,-3.02506423,0,-1.192499995,0,0.167197809,0
17.33994103,-37.76947403,1,7.797844887,1,-9.829500198,1,0.27223596,1,-8.73682785,1,4.534091949,1,-2.994635105,0,-1.155537367,0,0.134186566,0
17.34393883,-58.56202698,1,22.27388191,1,-15.74497414,1,1.947600365,1,-8.698946953,1,4.222027302,1,-2.965066433,0,-1.118288159,0,0.106252253,0
17.34794045,-77.07766724,1,12.9697504,1,-14.89560318,1,3.324992418,1,-8.676809311,1,4.913166046,1,-2.932574034,0,-1.080741763,0,0.081982151,0
17.35193825,-86.07591248,1,1.41645515,1,-15.26594257,1,4.118153572,1,-8.659111977,1,4.846022129,1,-2.897197485,0,-1.042521834,0,0.058496576,0
17.35593796,-103.7434921,1,-8.02812767,1,-14.32281208,1,4.31631279,1,-8.651359558,1,4.400864601,1,-2.865250587,0,-1.004286647,0,0.041090935,0
17.35993958,-100.8477173,1,-6.710977554,1,-12.16348171,1,3.896045446,1,-8.657438278,1,3.739098549,1,-2.840176582,0,-0.966492832,0,0.030842194,0
17.36393738,-73.82151031,1,-8.29070282,1,-7.913733482,1,3.5960114,1,-8.663087845,1,3.506052017,1,-2.820901632,0,-0.9290995,0,0.025475809,0
17.36793709,-37.65195465,1,-25.33528137,1,-2.723438025,1,2.548108339,1,-6.982280731,1,2.74937439,1,-2.806032181,0,-0.894416153,0,0.02271587,0
17.37193871,14.39301777,1,-34.07699585,1,17.72337151,1,0.254557371,1,-6.898021221,1,2.799628258,1,-2.79929924,0,-0.867203355,0,0.021117359,0
17.37594223,-82.8875351,1,-24.84157372,1,-12.18726158,1,-1.876334429,1,-6.764516354,1,2.990310907,1,-2.800991535,0,-0.834854424,0,0.018803494,0
17.37994194,-79.51029968,1,-15.57035255,1,-23.88422012,1,-2.975074291,1,-3.93783474,1,2.596307755,1,-2.807214975,0,-0.810994387,0,0.013767757,0
17.38394356,-38.5468483,1,-19.24210167,1,-17.54648209,1,-4.034486294,1,-2.828407049,1,2.765164375,1,-2.814990044,0,-0.795593917,0,0.005129001,0
17.38794136,-28.45503807,1,-7.844026566,1,-20.66659737,1,-4.672631741,1,-3.573021412,1,2.89599514,1,-2.825828552,0,-0.779838324,0,-0.004359464,0
17.39194107,-17.51813889,1,0.387244612,1,-21.7143116,1,-4.89644289,1,-4.58467865,1,3.362566233,1,-2.838419437,0,-0.760738492,0,-0.013970295,0
17.39594269,-15.68924046,1,3.822283268,1,-19.93282318,1,-4.509674072,1,-6.036972523,1,4.217084408,1,-2.849690914,0,-0.735948086,0,-0.025227917,0
17.39994049,-21.40992165,1,5.894249439,1,-22.37397575,1,-3.703243732,1,-7.121252537,1,4.874716282,1,-2.85738039,0,-0.705390513,0,-0.038578171,0
17.4039402,-29.39602661,1,7.452398777,1,-24.26235199,1,-2.620064735,1,-7.557433128,1,5.20731926,1,-2.860894203,0,-0.671428502,0,-0.053054027,0
17.40794182,-35.54782104,1,4.798367977,1,-25.53111076,1,-1.456743121,1,-7.559958458,1,5.520980358,1,-2.859671593,0,-0.636333764,0,-0.068419501,0
17.41193962,-40.12216568,1,0.005249782,1,-28.10622787,1,-0.389220595,1,-7.166311264,1,5.804653168,1,-2.853746653,0,-0.601635456,0,-0.08494132,0
17.41593933,-41.99542999,1,-4.954639912,1,-30.45744133,1,0.430389345,1,-6.55551815,1,5.992320061,1,-2.843871593,0,-0.568496883,0,-0.102562666,0
17.41994095,-40.98952866,1,-9.894684792,1,-32.92061996,1,0.959123611,1,-5.911211014,1,6.077981949,1,-2.83136034,0,-0.537479043,0,-0.120880634,0
17.42393875,-38.91701126,1,-13.85616016,1,-34.65031052,1,1.192468405,1,-5.296723843,1,6.084356785,1,-2.817719698,0,-0.508619308,0,-0.139522597,0
17.42793846,-36.03678894,1,-15.85289001,1,-35.10754776,1,1.228274345,1,-4.827028751,1,6.051692009,1,-2.804013252,0,-0.481613576,0,-0.158138111,0
17.43194199,-34.14458084,1,-17.2562809,1,-34.96471786,1,1.198154449,1,-4.470751286,1,5.996526241,1,-2.790816307,0,-0.456005573,0,-0.176528543,0
17.43593788,-32.71636581,1,-18.58048439,1,-33.83501053,1,1.075729489,1,-4.250117302,1,5.945812225,1,-2.778505802,0,-0.431336969,0,-0.194578826,0
17.43993568,-30.79525375,1,-20.52210617,1,-32.75950623,1,0.841587365,1,-4.109767437,1,5.863538265,1,-2.767504454,0,-0.407264113,0,-0.212122247,0
17.44393921,-28.40622902,1,-22.91936111,1,-31.91891479,1,0.506325483,1,-4.055168629,1,5.739397526,1,-2.758305073,0,-0.383521914,0,-0.228938684,0
17.4479351,-25.79525948,1,-24.70722961,1,-31.42582893,1,0.082150802,1,-4.098328114,1,5.586176872,1,-2.751324177,0,-0.359894395,0,-0.24485819,0
17.45193481,-24.63269806,1,-24.55776787,1,-30.92921257,1,-0.390101016,1,-4.18298912,1,5.380694389,1,-2.746874809,0,-0.336184323,0,-0.259695262,0
17.45593834,-24.19153976,1,-23.61544037,1,-30.51187325,1,-0.806658626,1,-4.289025784,1,5.089896202,1,-2.744966269,0,-0.312453091,0,-0.273178577,0
17.45993614,-24.39447021,1,-21.8105545,1,-30.43859673,1,-1.123375773,1,-4.386882305,1,4.694499493,1,-2.745336533,0,-0.288866162,0,-0.285071254,0
17.46393585,-23.63913536,1,-20.5892067,1,-30.35913086,1,-1.36096251,1,-4.408908844,1,4.25976944,1,-2.747543335,0,-0.265733421,0,-0.295208335,0
17.46793747,-23.58938217,1,-19.44140434,1,-30.75891685,1,-1.500298738,1,-4.409337044,1,3.80244875,1,-2.751155853,0,-0.243251652,0,-0.30363223,0
17.47193527,-23.52141571,1,-18.62200928,1,-31.23352814,1,-1.589489222,1,-4.359853268,1,3.348399878,1,-2.755791426,0,-0.221598536,0,-0.310412675,0
17.47593498,-23.04703903,1,-18.11621284,1,-31.79083633,1,-1.647961855,1,-4.270012379,1,2.902628899,1,-2.761153698,0,-0.200917304,0,-0.315667957,0
17.4799366,-22.73777199,1,-17.75264168,1,-32.37440872,1,-1.711117268,1,-4.157510281,1,2.468251467,1,-2.76713109,0,-0.181271613,0,-0.319507271,0
17.4839344,-21.69819832,1,-17.39923668,1,-32.68115234,1,-1.807760358,1,-4.007185459,1,2.057981968,1,-2.773723364,0,-0.162750915,0,-0.322056651,0
17.48793411,-20.68627548,1,-17.54021835,1,-32.86568451,1,-1.932753563,1,-3.854795694,1,1.688772321,1,-2.78097868,0,-0.145395547,0,-0.323455215,0
17.49193573,-18.53618431,1,-17.53205872,1,-32.98854065,1,-2.064166784,1,-3.679264545,1,1.345064163,1,-2.788903236,0,-0.129188269,0,-0.323878348,0
17.49594307,-15.94651794,1,-18.35775185,1,-33.23488617,1,-2.250278711,1,-3.5281322,1,1.080198526,1,-2.797576189,0,-0.113982134,0,-0.3235026,0
17.4999485,-14.19704914,1,-18.68107605,1,-33.52259445,1,-2.473485708,1,-3.419750929,1,0.87697047,1,-2.807125092,0,-0.099563845,0,-0.322555959,0
17.50395012,-12.79782486,1,-18.00561523,1,-33.98870087,1,-2.662325859,1,-3.272404194,1,0.698158503,1,-2.817545414,0,-0.085865669,0,-0.321202934,0
17.50794792,-11.85758018,1,-16.51661301,1,-34.51733398,1,-2.779676199,1,-3.097904682,1,0.523372293,1,-2.828578234,0,-0.072980516,0,-0.319528162,0
17.51194763,-11.0922823,1,-14.62812233,1,-34.89704895,1,-2.797774315,1,-2.856083393,1,0.349710137,1,-2.839887142,0,-0.061096713,0,-0.31757164,0
17.51594925,-10.65736008,1,-12.84463596,1,-35.37918091,1,-2.70676136,1,-2.564864874,1,0.176758945,1,-2.851039648,0,-0.050392918,0,-0.315398514,0
17.51994705,-8.893137932,1,-10.88570595,1,-35.72303391,1,-2.513346195,1,-2.214437485,1,0.02229372,1,-2.861624718,0,-0.04109646,0,-0.313079864,0
17.52394676,-7.20979166,1,-9.412495613,1,-36.14333725,1,-2.217781067,1,-1.821161389,1,-0.112748668,1,-2.871199369,0,-0.033355143,0,-0.310704172,0
17.52794838,-4.204465389,1,-8.406422615,1,-35.36116409,1,-1.867211342,1,-1.324931264,1,-0.235947922,1,-2.87943697,0,-0.027449554,0,-0.308357418,0
17.53194618,-1.780319095,1,-8.848050117,1,-34.55800247,1,-1.535045385,1,-0.742180288,1,-0.323779553,1,-2.88628602,0,-0.023695633,0,-0.306202412,0
17.53594589,0.715661407,1,-10.05554104,1,-32.6286087,1,-1.291025758,1,0.005692183,1,-0.40475136,1,-2.891950369,0,-0.022607667,0,-0.304416448,0
17.53994942,3.115666628,1,-11.11082172,1,-30.01629257,1,-1.13129878,1,0.880583942,1,-0.500086069,1,-2.896805048,0,-0.024736853,0,-0.303081125,0
17.54394531,5.247391701,1,-12.40247917,1,-26.67681694,1,-1.062415242,1,1.870221257,1,-0.580576241,1,-2.943785667,0,0.023236742,0,-0.278512567,0
17.54794693,7.426589012,1,-13.47469807,1,-23.528162,1,-1.083323121,1,2.971049309,1,-0.62421906,1,-2.948039293,0,0.013288757,0,-0.278022707,0
17.55194664,11.33439636,1,-14.50053883,1,-21.27518845,1,-1.174335241,1,4.099615097,1,-0.677179694,1,-2.952534914,0,-0.001101459,0,-0.278150976,0
17.55594254,16.12219429,1,-15.34060383,1,-19.12975502,1,-1.344599605,1,5.165670872,1,-0.691449404,1,-2.957553148,0,-0.019829456,0,-0.278882325,0
17.55994606,20.36908531,1,-14.53666401,1,-17.22163773,1,-1.466029406,1,6.163600445,1,-0.63692522,1,-2.963166714,0,-0.042627383,0,-0.280337542,0
17.56394577,23.68832779,1,-12.88932514,1,-16.6852417,1,-1.369627833,1,6.991158485,1,-0.524987221,1,-2.968757629,0,-0.068998352,0,-0.282655597,0
17.56794357,20.74294853,1,-9.764566422,1,-15.9324646,1,-1.173163056,1,7.789708138,1,-0.414667189,1,-2.973608732,0,-0.098394744,0,-0.285824895,0
17.57194328,19.20999718,1,-6.263850212,1,-14.46966839,1,-0.76602453,1,8.668225288,1,-0.374190629,1,-2.977088213,0,-0.131199554,0,-0.289767325,0
17.5759449,19.09436226,1,-3.306098223,1,-12.93346119,1,-0.120045252,1,8.702022552,1,-0.402463645,1,-2.978290081,0,-0.165745363,0,-0.293959171,0
17.5799427,14.78834248,1,-1.462054253,1,-11.17898846,1,0.683514357,1,8.720867157,1,-0.55454278,1,-2.976483345,0,-0.200430006,0,-0.297853351,0
17.58394241,9.241630554,1,-0.719159663,1,-9.922622681,1,1.515609503,1,8.739313126,1,-0.833053648,1,-2.971386194,0,-0.235318288,0,-0.301039189,0
17.58794403,5.138761044,1,-0.881629705,1,-8.925050735,1,2.284810781,1,8.757177353,1,-1.136844873,1,-2.963186502,0,-0.27046454,0,-0.30329293,0
17.59194183,3.604916096,1,-2.064772844,1,-7.592364311,1,2.89580369,1,8.770832062,1,-1.422973156,1,-2.952370644,0,-0.305865616,0,-0.304712385,0
17.59594154,2.300409317,1,-2.463438988,1,-7.142932415,1,3.350408554,1,8.782583237,1,-1.721179247,1,-2.939619064,0,-0.341523707,0,-0.305416048,0
17.59994316,-0.261475325,1,-2.268680811,1,-7.115823746,1,3.710448265,1,8.791448593,1,-2.060570717,1,-2.925518036,0,-0.377475858,0,-0.305300474,0
17.60394096,-2.415484667,1,-2.578685045,1,-8.227682114,1,3.987286568,1,8.800112724,1,-2.432065487,1,-2.910494089,0,-0.413776815,0,-0.304248542,0
17.60794067,-5.238136768,1,-3.564676285,1,-10.01315498,1,4.135519505,1,8.80452919,1,-2.713095188,1,-2.894988298,0,-0.450420797,0,-0.302419364,0
17.61194229,-8.0843153,1,-3.337322712,1,-11.719347,1,4.196454525,1,8.807307243,1,-2.998480082,1,-2.879445076,0,-0.487393856,0,-0.299925566,0
17.61594582,-11.71267033,1,-4.058886051,1,-13.09190083,1,4.234771252,1,8.808944702,1,-3.1994555,1,-2.863986731,0,-0.524653554,0,-0.297012091,0
17.61994743,-15.12005138,1,-4.103652477,1,-14.10584831,1,4.250598431,1,8.811056137,1,-3.401308298,1,-2.848677635,0,-0.56218636,0,-0.2937904,0
17.62394714,-17.05237007,1,-4.200693607,1,-14.42908478,1,4.27452898,1,8.812286377,1,-3.576391935,1,-2.833533049,0,-0.599986792,0,-0.290320277,0
17.62794495,-18.01511383,1,-4.534377098,1,-14.46667576,1,4.274461269,1,8.81287384,1,-3.696642876,1,-2.818486691,0,-0.638009548,0,-0.28677851,0
17.63194466,-19.1237278,1,-5.153440952,1,-14.486166,1,4.249014854,1,8.813230515,1,-3.787020922,1,-2.803529501,0,-0.676213622,0,-0.283337891,0
17.63594627,-20.34083176,1,-6.488926888,1,-14.2493391,1,4.168055534,1,8.812208176,1,-3.845777273,1,-2.78870821,0,-0.71455133,0,-0.2801705,0
17.63994408,-21.10583687,1,-7.279722691,1,-14.37057209,1,4.038173199,1,8.8089571,1,-3.879817247,1,-2.774110794,0,-0.752977669,0,-0.277422488,0
17.64394379,-21.83273506,1,-8.371379852,1,-13.92518997,1,3.826103687,1,8.805348396,1,-3.900716066,1,-2.759912014,0,-0.791459739,0,-0.275192797,0
17.6479454,-22.04506111,1,-8.84119606,1,-13.12111092,1,3.573791742,1,8.800071716,1,-3.872414351,1,-2.74622488,0,-0.82993573,0,-0.273662925,0
17.65194321,-22.56172943,1,-8.61945343,1,-11.94417572,1,3.358571768,1,8.794344902,1,-3.807059765,1,-2.732802629,0,-0.868332446,0,-0.273093998,0
17.65594292,-22.84388161,1,-7.942461967,1,-9.941910744,1,3.249431133,1,8.792246819,1,-3.690207958,1,-2.719041348,0,-0.906567097,0,-0.273848116,0
17.65994453,-22.48922729,1,-6.407160282,1,-7.686510086,1,3.276102066,1,8.791694641,1,-3.529687166,1,-2.703984499,0,-0.944552004,0,-0.276396304,0
17.66394234,-21.09866714,1,-4.260048866,1,-5.700095654,1,3.438493252,1,8.793851852,1,-3.343998194,1,-2.686603069,0,-0.982208967,0,-0.28126204,0
17.66794205,-19.60676575,1,-1.477094293,1,-4.390506268,1,3.774736881,1,8.79966259,1,-3.187354088,1,-2.665778875,0,-1.019507647,0,-0.288909733,0
17.67194367,-18.94098282,1,2.157149315,1,-3.434717894,1,4.319241047,1,8.810297966,1,-3.085350752,1,-2.640372276,0,-1.056483626,0,-0.299659431,0
17.67594147,-18.50769806,1,4.713232517,1,-2.265836716,1,4.988317013,1,8.824063301,1,-3.041163921,1,-2.609248161,0,-1.093196511,0,-0.313897073,0
17.67994118,-18.0189991,1,4.922211647,1,-1.043264031,1,5.64281559,1,8.837787628,1,-3.054429531,1,-2.571553946,0,-1.129669428,0,-0.332204551,0
17.6839428,-17.41796303,1,2.793307304,1,0.15986684,1,6.137729168,1,8.847990036,1,-3.09934473,1,-2.526723623,0,-1.165881157,0,-0.355461419,0
17.6879406,-16.53772926,1,-0.352947503,1,1.018018603,1,6.376193523,1,8.854074478,1,-3.160558939,1,-2.474293947,0,-1.20174551,0,-0.384973317,0
17.6919384,-15.7126646,1,-3.394622564,1,1.386817932,1,6.369913101,1,8.854002953,1,-3.243670702,1,-2.413427591,0,-1.237113476,0,-0.422575593,0
17.69594002,-15.62798882,1,-5.725847244,1,1.545274258,1,6.187178612,1,8.850381851,1,-3.34649229,1,-2.342514515,0,-1.271803498,0,-0.47071746,0
17.69993782,-15.80560684,1,-3.771614552,1,1.859207869,1,5.888837337,1,8.845561981,1,-3.550594568,1,-2.25893116,0,-1.305652857,0,-0.532586038,0
17.70393753,-14.47915649,1,1.235835552,1,-1.298821568,1,5.63232851,1,8.843274117,1,-3.934369087,1,-2.158996582,0,-1.338763475,0,-0.61188668,0
17.70793915,-15.89170933,1,1.905932426,1,-1.714391589,1,5.391964912,1,8.840250969,1,-4.281335831,1,-2.035231113,0,-1.370797038,0,-0.71604389,0
17.71193695,-16.29164505,1,5.989171505,1,-4.214412689,1,5.345973015,1,8.841938019,1,-4.601469517,1,-1.874046683,0,-1.400568008,0,-0.85819304,0
17.71593666,-18.54279137,1,8.430801392,1,-5.292333603,1,5.557047844,1,8.61353302,1,-4.93368721,1,-1.659271002,0,-1.426198602,0,-1.053623438,0
17.71993828,-20.75647736,1,11.28650379,1,-6.933144569,1,5.923341274,1,8.292014122,1,-5.291915417,1,-1.379699826,0,-1.445042491,0,-1.312551022,0
17.72393608,-22.88859367,1,11.64742088,1,-8.327383995,1,6.25619936,1,8.018220901,1,-5.705327034,1,-1.039649606,0,-1.454224944,0,-1.630521774,0
17.72793579,-24.8780098,1,10.17330647,1,-10.00348282,1,6.495359421,1,7.782255173,1,-6.109137058,1,-0.680300474,0,-1.451480985,0,-1.966624141,0
17.73193741,-26.74412155,1,7.41583252,1,-11.92510891,1,6.526266575,1,7.580956459,1,-6.468889713,1,-0.361152709,0,-1.437198758,0,-2.261993885,0
17.73594284,-29.63996696,1,3.997537613,1,-14.28511524,1,6.357810974,1,7.382824898,1,-6.790027618,1,-0.110467516,0,-1.414169073,0,-2.489220381,0
17.73994064,-33.03246307,1,0.617918551,1,-16.92165756,1,5.946144104,1,7.253725529,1,-7.047478676,1,0.077444725,0,-1.385262847,0,-2.654875278,0
17.74394226,-36.96759796,1,-1.696128488,1,-19.56305122,1,5.367437363,1,7.197143555,1,-7.225149155,1,0.217473134,0,-1.352449417,0,-2.774646044,0
17.74794006,-40.63283157,1,-2.192888498,1,-21.70661926,1,4.656025887,1,7.235640049,1,-7.326130867,1,0.322250187,0,-1.31684041,0,-2.861758709,0
17.75193977,-44.28474808,1,-1.142133832,1,-23.34619331,1,4.058977127,1,7.302621365,1,-7.340995789,1,0.401043296,0,-1.279262781,0,-2.92549181,0
17.75594139,-47.8727417,1,1.356723189,1,-24.10628891,1,3.618182182,1,7.395594597,1,-7.307482719,1,0.46103549,0,-1.240332603,0,-2.972403765,0
17.75993919,-51.1933403,1,5.072490692,1,-23.87392616,1,3.401408672,1,7.483141422,1,-7.233579636,1,0.507550478,0,-1.200431347,0,-3.007010221,0
17.7639389,-50.95013809,1,8.545581818,1,-21.98656654,1,3.280589104,1,7.453613758,1,-7.000121593,1,0.544421077,0,-1.160208702,0,-3.032407522,0
17.76794052,-55.72638321,1,11.01719189,1,-19.68706512,1,3.348273516,1,7.474565029,1,-6.764505863,1,0.574060738,0,-1.120316863,0,-3.050445557,0
17.77193832,-55.17085266,1,12.46494007,1,-17.72890663,1,3.459991932,1,7.253034115,1,-6.409106255,1,0.598739564,0,-1.081116319,0,-3.062843323,0
17.77593803,-55.35647964,1,13.84400177,1,-15.7015686,1,3.503525257,1,6.753096581,1,-5.945068836,1,0.620264888,0,-1.043942809,0,-3.071516514,0
17.77993965,-57.99574661,1,13.18762207,1,-13.39797401,1,3.435700417,1,6.091824055,1,-5.351547241,1,0.639355421,0,-1.00980854,0,-3.077543974,0
17.78393745,-61.74263382,1,14.28831768,1,-11.21107864,1,3.275098085,1,5.197614193,1,-4.650209904,1,0.656345844,0,-0.979662776,0,-3.081784248,0
17.78793716,-68.26131439,1,16.60821724,1,-7.964649677,1,3.173315048,1,4.288170815,1,-3.835541248,1,0.671661675,0,-0.9542647,0,-3.084793568,0
17.79193878,-72.91605377,1,14.19817543,1,-3.791760206,1,3.049236536,1,3.576608896,1,-2.9037745,1,0.784495711,0,-1.078123569,0,2.929902315,0
17.79593658,-75.36555481,1,11.44985008,1,0.193138301,1,2.657764912,1,2.936935186,1,-1.907772779,1,0.791537046,0,-1.062105179,0,2.934957027,0
17.7999363,-75.40397644,1,8.860612869,1,4.730780125,1,2.043101072,1,2.385404587,1,-0.86969465,1,0.79434377,0,-1.050691843,0,2.942531109,0
17.80393791,-74.82519531,1,9.760746956,1,8.83859539,1,1.436660171,1,1.826760411,1,0.017865116,1,0.792991161,0,-1.043622613,0,2.952149153,0
17.80793572,-71.02086639,1,13.40841484,1,14.61729527,1,0.913473189,1,1.17370677,1,0.807049453,1,0.788174391,0,-1.040693521,0,2.963042498,0
17.81193543,-67.04493713,1,17.84330177,1,11.89962387,1,0.602269709,1,0.676452577,1,1.237569451,1,0.781629562,0,-1.040764332,0,2.974170923,0
17.81593704,-69.86074829,1,18.67796135,1,13.71769142,1,0.478063703,1,0.047563285,1,1.692272902,1,0.77492708,0,-1.044025302,0,2.984373093,0
17.81993485,-58.00893021,1,15.41737843,1,14.61422157,1,0.155604243,1,-0.728140056,1,2.2036376,1,0.767996728,0,-1.050362349,0,2.993881226,0
17.82393456,-55.33816147,1,16.31959152,1,14.79208374,1,-0.117165938,1,-1.506063819,1,2.564395905,1,0.761334181,0,-1.060242295,0,3.001567364,0
17.82793617,-52.97494888,1,15.21865082,1,12.98904419,1,-0.384288877,1,-2.241355896,1,2.789207935,1,0.755598545,0,-1.073100805,0,3.006945372,0
17.83193398,-53.10528946,1,12.70634079,1,9.612438202,1,-0.690323293,1,-2.804037571,1,2.909888268,1,0.750949681,0,-1.088395238,0,3.009814501,0
17.83593369,-49.278965,1,11.1007967,1,8.313331604,1,-1.061944485,1,-3.292672873,1,2.911991119,1,0.746862233,0,-1.105190396,0,3.010442734,0
17.8399334,-45.64673615,1,10.40062046,1,7.804224968,1,-1.370803833,1,-3.695997,1,2.855437517,1,0.743941665,0,-1.123294711,0,3.008225203,0
17.84393311,-40.60058975,1,9.456931114,1,8.234122276,1,-1.651860952,1,-4.077847481,1,2.761691809,1,0.742677331,0,-1.142398477,0,3.002933502,0
17.84793091,-35.71862411,1,8.592320442,1,9.256216049,1,-1.910535455,1,-4.473671913,1,2.600811481,1,0.743876338,0,-1.162237883,0,2.993844509,0
17.85193253,-28.91065788,1,6.27254343,1,10.63258362,1,-2.162524223,1,-4.895018578,1,2.484152794,1,0.74822998,0,-1.182893157,0,2.980288267,0
17.85593605,-4.824626923,1,-10.16770554,1,-8.866523743,1,-2.869844913,1,-5.428528786,1,2.553505898,1,0.75577873,0,-1.204639554,0,2.961786509,0
17.85993576,27.04266548,1,10.75246143,1,-0.576450825,1,-3.26032877,1,-7.538951874,1,2.610142946,1,0.769564986,0,-1.229837894,0,2.932269812,0
17.86393738,-26.27427101,1,-27.75173569,1,22.44326591,1,-4.276041508,1,-7.493406773,1,3.004565239,1,0.797111034,0,-1.260820985,0,2.888027191,0
17.86793518,60.48580551,1,-61.09151077,1,-26.11068344,1,-5.949722767,1,-7.404984474,1,3.889957666,1,0.812755704,0,-1.289367437,0,2.851133347,0
17.87193489,13.65806389,1,-53.34040833,1,-42.93105698,1,-8.525817871,1,-8.926868439,1,5.874445915,1,0.825585365,0,-1.327047706,0,2.806745052,0
17.87593651,-72.37456512,1,-84.09346771,1,-86.85587311,1,-8.625413895,1,-8.943569183,1,8.17747879,1,0.824829459,0,-1.371494889,0,2.772254229,0
17.87993431,-173.2228088,1,-42.04123306,1,-78.06316376,1,-8.625415802,1,-8.945267677,1,8.61978054,1,0.805643559,0,-1.420799255,0,2.756697416,0
17.88393402,-98.42987823,1,35.95329285,1,-43.4700737,1,-8.625984192,1,-8.94630909,1,8.620859146,1,0.781732261,0,-1.47046864,0,2.746021509,0
17.88793564,-170.7003479,1,53.5438385,1,-106.3081055,1,-8.61206913,1,-7.771838188,1,3.520420551,1,0.851525128,0,-1.512271643,0,2.64149189,0
17.89193344,-119.4301071,1,159.5520782,1,-8.660313606,1,-6.644216537,1,1.959867001,1,1.410727859,1,0.813262463,0,-1.523330569,0,2.647845984,0
17.89593315,94.00824738,1,130.1273804,1,3.08545661,1,-0.676594913,1,-5.23514843,1,1.925712824,1,0.82955271,0,-1.533264756,0,2.619013548,0
17.89993668,8.988574028,1,68.27684021,1,-36.41527176,1,0.48677364,1,-3.679315567,1,3.384946346,1,1.18428123,0,-1.552829027,0,2.263465881,0
17.90393257,-58.62662888,1,-46.98673248,1,10.8920269,1,1.141086578,1,-2.811273575,1,0.735941231,1,2.21950984,0,-1.561404109,0,1.231776953,0
17.90793228,-27.522295,1,-79.66709137,1,17.97302246,1,-0.755460024,1,-3.492993116,1,-0.319406152,1,2.726507187,0,-1.551243424,0,0.725650191,0
17.91193581,-28.81199265,1,56.93440247,1,-10.57057476,1,0.015564899,1,-1.085610509,1,0.584004223,1,2.887133598,0,-1.541978478,0,0.563329816,0
17.91592979,7.641588211,1,51.63820267,1,-17.24424934,1,1.390736818,1,-1.606918812,1,0.712462783,1,3.017310143,0,-1.537282586,0,0.435749292,0
17.9199295,-18.49420738,1,-17.39963341,1,-5.137268543,1,1.46123445,1,-1.49234879,1,-0.142479166,1,3.068672419,0,-1.531377435,0,0.390359879,0
17.92393303,-13.50006104,1,-38.48134613,1,-11.37484837,1,0.864359021,1,-1.599869728,1,0.057385281,1,3.068829536,0,-1.525159597,0,0.395021498,0
17.92792893,1.891791701,1,-30.57685471,1,-13.30751133,1,0.044735793,1,-1.436942697,1,1.076830268,1,3.123140574,0,-1.519227862,0,0.342481613,0
17.93193054,2.255041361,1,-7.035057545,1,-15.37900829,1,-0.317375422,1,-1.568671942,1,1.485414982,1,-3.066988945,0,-1.513091564,0,0.248669207,0
17.93593216,-10.73530388,1,6.354867935,1,-13.73922348,1,-0.253240973,1,-1.858717442,1,1.554507256,1,-2.981672764,0,-1.505555868,0,0.161932543,0
17.93992996,-11.51908875,1,-6.578709602,1,-9.803035736,1,-0.000976012,1,-1.916855097,1,1.275710583,1,-2.922321558,0,-1.496996641,0,0.102062374,0
17.94392967,-6.188467026,1,-10.54868126,1,-7.751852036,1,-0.347035885,1,-1.891359329,1,1.343020201,1,-2.88280654,0,-1.488342404,0,0.061756544,0
17.94793129,-5.620772362,1,-6.101935387,1,-10.65750504,1,-0.219469294,1,-1.783325195,1,1.460024595,1,-2.844307423,0,-1.47979188,0,0.021899035,0
17.95192909,-4.984798431,1,-1.178207755,1,-12.54290009,1,-0.323886484,1,-2.004336596,1,1.409061551,1,-2.812501669,0,-1.470850825,0,-0.011105862,0
17.9559288,-6.674199581,1,8.35868454,1,-15.51531029,1,-0.065916702,1,-2.279628992,1,1.364237666,1,-2.790775537,0,-1.460913658,0,-0.033833232,0
17.95993042,-4.798060894,1,-4.30371809,1,-18.63360977,1,-0.039962817,1,-2.702250957,1,1.25484395,1,-2.778074503,0,-1.44980967,0,-0.046745326,0
17.96392822,-3.230711699,1,-11.72051907,1,-20.48431206,1,-0.315641999,1,-3.304143667,1,1.244601607,1,-2.776113033,0,-1.436863184,0,-0.049433,0
17.96792793,-3.711358547,1,-1.793040156,1,-22.82247543,1,-0.449495047,1,-3.871605635,1,1.344999313,1,-2.779302597,0,-1.421612263,0,-0.047826011,0
17.97192955,0.356439888,1,3.5936656,1,-26.51759529,1,-0.209835097,1,-4.687231064,1,1.286669493,1,-2.786875248,0,-1.403754354,0,-0.041482523,0
17.97593117,0.984472513,1,1.53719461,1,-32.59186935,1,-0.131828025,1,-5.681288242,1,1.172584295,1,-2.801470995,0,-1.382559419,0,-0.027300192,0
17.97993088,4.919430733,1,-2.548686504,1,-29.10287285,1,-0.351987749,1,-6.758705616,1,1.168235183,1,-2.820149899,0,-1.357588649,0,-0.009150104,0
17.9839325,1.589688182,1,-4.009627342,1,-30.20131874,1,-0.692982137,1,-7.838271141,1,1.343861103,1,-2.840704918,0,-1.32826376,0,0.009726704,0
17.9879303,6.700742245,1,-3.689397335,1,-36.05312729,1,-0.61083895,1,-8.697745323,1,1.589052558,1,-2.858217716,0,-1.294837594,0,0.025006097,0
17.99193001,8.353569031,1,-9.264418602,1,-36.78118515,1,-0.2621122,1,-8.732467651,1,1.837165952,1,-2.869726658,0,-1.259399652,0,0.035302598,0
17.99593163,12.32639217,1,-8.77321434,1,-32.63280869,1,-0.122594684,1,-8.731599808,1,2.213566303,1,-2.875018835,0,-1.223590374,0,0.040060241,0
17.99992943,13.68048382,1,-9.222751617,1,-31.61628342,1,-0.097564004,1,-8.733362198,1,2.609873772,1,-2.875054359,0,-1.187341094,0,0.039637148,0
18.00392914,10.05579472,1,-9.493558884,1,-30.60868454,1,-0.022807155,1,-8.734273911,1,2.98102951,1,-2.871831179,0,-1.150711775,0,0.035911996,0
18.00793076,5.10387373,1,-6.75942564,1,-29.46663284,1,-0.074728504,1,-8.738098145,1,3.611146688,1,-2.865148783,0,-1.113502264,0,0.028206695,0
18.01192856,-0.975202382,1,-5.841432571,1,-19.37159729,1,0.224643707,1,-8.733691216,1,3.88738656,1,-2.855578423,0,-1.075755835,0,0.017820282,0
18.01592827,-1.161720395,1,-4.44865942,1,-16.39180183,1,0.212643787,1,-8.737683296,1,4.539111614,1,-2.84393096,0,-1.037465572,0,0.005594394,0
18.01992989,-24.17329788,1,2.408132792,1,-16.68120384,1,0.49579978,1,-8.735219002,1,5.051961899,1,-2.830111265,0,-0.998354673,0,-0.009392176,0
18.02392769,-54.65070724,1,15.39419079,1,-16.23886871,1,1.565215349,1,-8.71326828,1,5.16486454,1,-2.81341362,0,-0.958777785,0,-0.024640054,0
18.0279274,-58.54201126,1,17.59193611,1,-17.11102295,1,3.135268688,1,-8.680850983,1,5.232186794,1,-2.79313612,0,-0.919082403,0,-0.038222533,0
18.03192902,-82.60230255,1,7.98722887,1,-12.69219303,1,4.105441093,1,-8.662793159,1,5.494836807,1,-2.768582106,0,-0.879039347,0,-0.050900329,0
18.03592682,-100.9770966,1,-1.460881591,1,-16.93169785,1,4.550579071,1,-8.650192261,1,4.894991398,1,-2.743677139,0,-0.839093387,0,-0.060665105,0
18.03992653,-105.988205,1,-1.132794023,1,-17.02436256,1,4.237065315,1,-8.65483284,1,4.444378853,1,-2.72237134,0,-0.799953461,0,-0.065516554,0
18.04392815,-85.07949829,1,-3.573631287,1,-13.33279705,1,3.995961905,1,-8.657913208,1,4.112520695,1,-2.520756483,0,-0.742964864,0,-0.332779974,0
18.04792595,-51.09405899,1,-19.59130096,1,-9.436934471,1,3.331229925,1,-6.867088795,1,3.799210548,1,-2.510949373,0,-0.707943916,0,-0.325156808,0
18.05192566,4.286767483,1,-46.0793457,1,1.594775438,1,0.816979408,1,-4.98473978,1,3.340258121,1,-2.504146338,0,-0.681070745,0,-0.321962535,0
18.05592728,-51.6026268,1,-24.22610474,1,3.031755447,1,-1.644450068,1,-6.911656857,1,4.339943409,1,-2.507184505,0,-0.65145117,0,-0.319626808,0
18.05992508,-92.25113678,1,-13.80355453,1,-24.07783508,1,-3.01482749,1,-4.146239758,1,3.989912271,1,-2.516533136,0,-0.623758614,0,-0.31998229,0
18.06392479,-45.4861145,1,-17.34115791,1,-23.20920753,1,-4.223287106,1,-2.434847355,1,4.044581413,1,-2.526973724,0,-0.60437119,0,-0.326986372,0
18.06792641,-27.30168152,1,-8.24508667,1,-22.19328308,1,-4.954159737,1,-3.247780561,1,4.094538689,1,-2.540739059,0,-0.58589077,0,-0.335596204,0
18.07192421,-20.95540237,1,3.83300519,1,-25.08050919,1,-4.997968197,1,-4.205413342,1,4.192165375,1,-2.557372332,0,-0.564354002,0,-0.341897249,0
18.07592201,-13.8627367,1,7.003236294,1,-20.17745972,1,-4.460065842,1,-5.681227684,1,4.822325706,1,-2.573690891,0,-0.538103819,0,-0.347012937,0
18.07992363,-20.11132813,1,8.934167862,1,-22.00068283,1,-3.588866949,1,-6.949455261,1,5.350117683,1,-2.5876894,0,-0.505667031,0,-0.35138613,0
18.08392143,-30.74241638,1,9.030370712,1,-23.75390053,1,-2.46181941,1,-7.443179131,1,5.537571907,1,-2.597939253,0,-0.469575971,0,-0.355375856,0
18.08792305,-37.68305206,1,4.207368374,1,-25.34440231,1,-1.395467997,1,-7.373724461,1,5.648898602,1,-2.603760242,0,-0.432567179,0,-0.359687448,0
18.09192276,-42.55532455,1,-2.303448439,1,-27.44864464,1,-0.517197371,1,-6.952043056,1,5.808930397,1,-2.605328083,0,-0.396166682,0,-0.365133613,0
18.09592819,-43.35200882,1,-9.899062157,1,-29.38435173,1,0.017703637,1,-6.379166126,1,5.919163704,1,-2.603639603,0,-0.361235261,0,-0.372166306,0
18.0999279,-42.41500092,1,-17.16362381,1,-31.80702972,1,0.140601918,1,-5.812355042,1,5.929196835,1,-2.600427151,0,-0.328125358,0,-0.380475432,0
18.10392952,-39.23566818,1,-22.63461113,1,-33.67991638,1,-0.072337501,1,-5.305229187,1,5.86417675,1,-2.5973804,0,-0.296954572,0,-0.38967973,0
18.10792732,-35.84078598,1,-25.13440323,1,-34.57603836,1,-0.454578668,1,-4.959346771,1,5.681254864,1,-2.595776796,0,-0.267439842,0,-0.399189413,0
18.11192703,-32.70676804,1,-25.11809921,1,-34.72013855,1,-0.845108449,1,-4.802226543,1,5.439326286,1,-2.596096516,0,-0.239227027,0,-0.408406109,0
18.11592865,-30.94419479,1,-24.01392937,1,-33.88286209,1,-1.150209069,1,-4.731168747,1,5.098734379,1,-2.598241806,0,-0.212016582,0,-0.41679728,0
18.11992645,-29.37758064,1,-22.95861244,1,-32.92304611,1,-1.363084793,1,-4.741352558,1,4.689741135,1,-2.601873159,0,-0.185701549,0,-0.423994243,0
18.12392616,-28.84174538,1,-22.03471947,1,-32.23030853,1,-1.524663448,1,-4.788185596,1,4.213116169,1,-2.606688023,0,-0.160217807,0,-0.429631978,0
18.12792778,-28.66697311,1,-21.64900208,1,-31.87612343,1,-1.650588155,1,-4.839183331,1,3.716320038,1,-2.612459898,0,-0.135568723,0,-0.433572948,0
18.13192558,-28.12181091,1,-21.93132782,1,-31.88124847,1,-1.786288857,1,-4.914610386,1,3.24170804,1,-2.619050503,0,-0.111712031,0,-0.435836792,0
18.13592529,-28.11897469,1,-21.84760475,1,-31.89772224,1,-1.917337656,1,-4.967974663,1,2.777273893,1,-2.626387835,0,-0.088569894,0,-0.436454654,0
18.13992691,-27.44548225,1,-21.8927269,1,-32.00798798,1,-2.065565825,1,-5.021895409,1,2.385221004,1,-2.634413242,0,-0.066114351,0,-0.435672432,0
18.14392471,-26.77130508,1,-20.96007156,1,-32.28538895,1,-2.189297199,1,-5.093877316,1,2.037726641,1,-2.643031836,0,-0.044136878,0,-0.433660775,0
18.14792442,-26.10394096,1,-20.10338974,1,-32.76436996,1,-2.297515154,1,-5.14037466,1,1.74306488,1,-2.652118444,0,-0.02252911,0,-0.430606723,0
18.15192604,-25.60632515,1,-19.38084412,1,-33.37121582,1,-2.383428097,1,-5.183098793,1,1.505913258,1,-2.661529303,0,-0.001231671,0,-0.426723659,0
18.15592384,-24.9891758,1,-19.04525948,1,-34.11260605,1,-2.442890406,1,-5.198765278,1,1.338988185,1,-2.671140909,0,0.019840574,0,-0.422260702,0
18.15992355,-23.86793709,1,-18.88578796,1,-34.71595764,1,-2.512309074,1,-5.188582897,1,1.238531709,1,-2.680904627,0,0.040723145,0,-0.417518318,0
18.16392517,-23.01615524,1,-18.52593422,1,-35.09689331,1,-2.576988459,1,-5.15409708,1,1.190729618,1,-2.69083786,0,0.06143574,0,-0.412763894,0
18.16792297,-21.49521828,1,-18.07535172,1,-35.2591362,1,-2.635509253,1,-5.078064442,1,1.185133815,1,-2.700945377,0,0.081946291,0,-0.408199757,0
18.17192078,-20.23177528,1,-17.14953423,1,-35.28331375,1,-2.661812782,1,-4.951536179,1,1.179447293,1,-2.71116209,0,0.10213311,0,-0.404001415,0
18.17592239,-17.81944656,1,-16.67159462,1,-35.74279022,1,-2.685166359,1,-4.822319031,1,1.199452639,1,-2.721441507,0,0.121902242,0,-0.400249809,0
18.1799202,-15.13521862,1,-15.90660286,1,-35.8908577,1,-2.684913158,1,-4.69939518,1,1.239176273,1,-2.731775999,0,0.141284645,0,-0.396999359,0
18.18391991,-12.98868752,1,-14.84288597,1,-36.21102524,1,-2.636416197,1,-4.548039913,1,1.289395213,1,-2.742038727,0,0.160293519,0,-0.394333661,0
18.18792152,-11.6680603,1,-13.5993824,1,-36.88842392,1,-2.494561195,1,-4.358235836,1,1.335093737,1,-2.751972198,0,0.178766847,0,-0.392301589,0
18.19191933,-10.22193336,1,-11.76758671,1,-37.86901855,1,-2.276798964,1,-4.126497269,1,1.379443526,1,-2.761271,0,0.196536958,0,-0.390930235,0
18.19591904,-9.415760994,1,-10.4682436,1,-38.88296509,1,-1.998754978,1,-3.841604233,1,1.426685333,1,-2.769711733,0,0.21344538,0,-0.39027822,0
18.19992065,-8.373335838,1,-9.658180237,1,-39.47541809,1,-1.667535782,1,-3.435699701,1,1.468482852,1,-2.777090549,0,0.229136929,0,-0.390431732,0
18.20391846,-7.389792919,1,-9.045133591,1,-39.76008606,1,-1.332146287,1,-2.900100231,1,1.496782303,1,-2.783344746,0,0.243123829,0,-0.391525775,0
18.20791817,-5.980978489,1,-10.3217268,1,-39.37545776,1,-1.051151633,1,-2.156079292,1,1.500972867,1,-2.788619757,0,0.254743069,0,-0.393680423,0
18.21191979,-3.952301741,1,-12.35678005,1,-37.86864471,1,-0.900510788,1,-1.195504785,1,1.475562453,1,-2.793352365,0,0.263131589,0,-0.397071272,0
18.21592331,-0.892276406,1,-14.18196964,1,-35.9051857,1,-0.880645812,1,-0.088614553,1,1.417488694,1,-2.798121691,0,0.267537951,0,-0.401803493,0
18.21992302,1.931945205,1,-15.81972408,1,-33.19129944,1,-0.961557746,1,1.109470248,1,1.346060395,1,-2.803402424,0,0.267491817,0,-0.407893181,0
18.22392464,4.764622688,1,-16.2835865,1,-29.55123138,1,-1.090425253,1,2.4077878,1,1.294868708,1,-2.809477568,0,0.262615442,0,-0.415449053,0
18.22792244,9.435073853,1,-16.66349411,1,-26.6738739,1,-1.176041365,1,3.738528013,1,1.258797288,1,-2.816348553,0,0.252611399,0,-0.424560487,0
18.23192215,15.96535492,1,-16.25788116,1,-24.97890282,1,-1.190349102,1,4.97577095,1,1.232632875,1,-2.823654175,0,0.237630263,0,-0.435120583,0
18.23592377,22.60374832,1,-14.39859676,1,-22.7870388,1,-1.126437664,1,6.043000698,1,1.2026124,1,-2.83098793,0,0.218143091,0,-0.446877003,0
18.23992157,29.72422218,1,-12.49882698,1,-21.15132523,1,-0.84662962,1,6.943526745,1,1.205935597,1,-2.837604046,0,0.194766983,0,-0.459606767,0
18.24392128,32.17787552,1,-10.84834003,1,-19.9574585,1,-0.43634665,1,7.634006977,1,1.239573002,1,-2.842620373,0,0.168371066,0,-0.473173201,0
18.2479229,30.95679283,1,-10.19233418,1,-18.15170097,1,-0.076378904,1,8.505281448,1,1.218091846,1,-2.845845699,0,0.139009982,0,-0.487496018,0
18.2519207,33.29283142,1,-9.517590523,1,-15.45613194,1,0.378314018,1,8.704137802,1,1.116021752,1,-2.847070456,0,0.107261069,0,-0.502150476,0
18.25592041,31.47864532,1,-7.791763306,1,-13.19115162,1,0.943251908,1,8.718279839,1,0.830720246,1,-2.845737934,0,0.075066753,0,-0.516099393,0
18.25992203,26.79060364,1,-5.043204784,1,-12.79323578,1,1.636101961,1,8.735074997,1,0.318272114,1,-2.841345787,0,0.042389944,0,-0.528619409,0
18.26391983,20.00105476,1,-4.052421093,1,-11.82325554,1,2.30684185,1,8.752586365,1,-0.297499448,1,-2.833732367,0,0.009031329,0,-0.539133787,0
18.26791763,14.8306551,1,-5.1648736,1,-10.8812027,1,2.91776371,1,8.768186569,1,-0.86731106,1,-2.82318759,0,-0.025032466,0,-0.547686875,0
18.27192307,12.21753788,1,-5.516387463,1,-11.28316784,1,3.384962797,1,8.780552864,1,-1.408797979,1,-2.810244322,0,-0.059746344,0,-0.554592967,0
18.27591896,8.378210068,1,-4.837395668,1,-11.36751747,1,3.756900549,1,8.792300224,1,-2.000293255,1,-2.795539379,0,-0.095164642,0,-0.559850514,0
18.27991867,5.786222458,1,-5.215435982,1,-12.0904808,1,4.068321705,1,8.802084923,1,-2.552459955,1,-2.779494524,0,-0.131329387,0,-0.563526213,0
18.2839222,2.632474422,1,-6.549590111,1,-13.71657085,1,4.252761841,1,8.809287071,1,-2.984621763,1,-2.762481689,0,-0.16818805,0,-0.565945923,0
18.28792,-2.696378946,1,-6.241496086,1,-15.37944508,1,4.37214613,1,8.812425613,1,-3.351433516,1,-2.74490881,0,-0.205610409,0,-0.56756413,0
18.29191971,-8.239256859,1,-5.140458584,1,-17.46148109,1,4.526105881,1,8.818573952,1,-3.666821957,1,-2.777512789,0,-0.221040547,0,-0.509070158,0
18.29592133,-12.48857784,1,-3.955312252,1,-18.86692047,1,4.69396019,1,8.823421478,1,-3.97189045,1,-2.759427071,0,-0.259462565,0,-0.507669568,0
18.29991913,-16.05793571,1,-3.062834263,1,-19.72099876,1,4.891067982,1,8.830037117,1,-4.281405449,1,-2.740769386,0,-0.298399776,0,-0.505801797,0
18.30391884,-18.54228592,1,-4.195028305,1,-20.17833519,1,5.065614223,1,8.835149765,1,-4.536374092,1,-2.721524954,0,-0.337839007,0,-0.503598213,0
18.30792046,-20.74888992,1,-5.833557606,1,-20.57782364,1,5.109224796,1,8.835896492,1,-4.738574028,1,-2.70194149,0,-0.37770471,0,-0.501306832,0
18.31191826,-22.05996323,1,-7.283735275,1,-20.7261219,1,5.015728951,1,8.835793495,1,-4.895773888,1,-2.682517052,0,-0.41791451,0,-0.499125302,0
18.31591606,-23.04591751,1,-8.355463028,1,-20.46618271,1,4.8433218,1,8.833306313,1,-4.99845171,1,-2.663572788,0,-0.458383739,0,-0.497249424,0
18.31991768,-23.17644882,1,-9.17061615,1,-20.16926003,1,4.57977581,1,8.827067375,1,-5.027026653,1,-2.645323038,0,-0.498986125,0,-0.495903283,0
18.32391548,-23.17574501,1,-9.895514488,1,-19.58718681,1,4.271942616,1,8.819723129,1,-4.949476719,1,-2.627839804,0,-0.539541662,0,-0.495430201,0
18.32791519,-22.76441383,1,-9.968769073,1,-18.79289818,1,3.990169287,1,8.812868118,1,-4.780746937,1,-2.610882521,0,-0.579823434,0,-0.496261001,0
18.33191681,-23.41929245,1,-10.55378342,1,-17.19047737,1,3.731254816,1,8.806377411,1,-4.519791603,1,-2.593998909,0,-0.619617999,0,-0.49883011,0
18.33592033,-23.74158859,1,-11.17303181,1,-15.25497055,1,3.535391808,1,8.800743103,1,-4.177956104,1,-2.576633692,0,-0.658715844,0,-0.503574967,0
18.33992004,-22.89922142,1,-10.88562965,1,-13.29807568,1,3.367103338,1,8.794861794,1,-3.798209906,1,-2.55825448,0,-0.696934223,0,-0.510897279,0
18.34392166,-21.28400993,1,-9.637586594,1,-10.79407692,1,3.270382404,1,8.790128708,1,-3.339088202,1,-2.53822875,0,-0.734077096,0,-0.521257937,0
18.34791946,-20.17840004,1,-7.081609249,1,-8.868600845,1,3.392971992,1,8.790403366,1,-2.86658144,1,-2.515464067,0,-0.769956946,0,-0.53513819,0
18.35191917,-19.36822891,1,-3.588289738,1,-7.00254631,1,3.780414343,1,8.794981956,1,-2.466199636,1,-2.488695145,0,-0.804525614,0,-0.55277282,0
18.35592079,-17.98182678,1,-0.591458499,1,-5.455246925,1,4.367086411,1,8.80602169,1,-2.152895689,1,-2.456738472,0,-0.837856829,0,-0.574198246,0
18.35991859,-16.74209976,1,1.764296889,1,-4.25104475,1,5.038217068,1,8.818682671,1,-1.937942505,1,-2.418906689,0,-0.870012999,0,-0.599435925,0
18.3639183,-16.00911331,1,2.695661783,1,-2.8853755,1,5.714502335,1,8.832523346,1,-1.795722008,1,-2.374841452,0,-0.901022911,0,-0.628573656,0
18.36791992,-15.62616539,1,2.020806789,1,-1.709361434,1,6.380617619,1,8.844828606,1,-1.723120809,1,-2.3242836,0,-0.930856824,0,-0.661787629,0
18.37191773,-16.12443352,1,0.759407401,1,-1.094050527,1,6.953602314,1,8.857563019,1,-1.736964107,1,-2.267216682,0,-0.959494114,0,-0.69923538,0
18.37591744,-16.87646103,1,-1.387040973,1,-1.047730207,1,7.315634727,1,8.865808487,1,-1.872600675,1,-2.204144955,0,-0.987032831,0,-0.740926266,0
18.37991905,-17.85017776,1,-4.28110218,1,-1.159301996,1,7.443126678,1,8.869465828,1,-2.116271496,1,-2.135908365,0,-1.013617873,0,-0.786854744,0
18.38391686,-18.05996132,1,-2.501337767,1,-1.768612146,1,7.361813068,1,8.870792389,1,-2.556885004,1,-2.063339949,0,-1.039521456,0,-0.836998761,0
18.38791657,-15.55030823,1,3.555268288,1,-5.59247303,1,7.263634205,1,8.872735023,1,-3.179507494,1,-1.987037539,0,-1.065410733,0,-0.891201258,0
18.39191818,-16.75132561,1,1.937497973,1,-6.810375214,1,7.269683361,1,8.875720024,1,-3.746803284,1,-1.905931473,0,-1.091350555,0,-0.950289309,0
18.39591599,-19.63029671,1,4.815496445,1,-9.786733627,1,7.320222855,1,8.879971504,1,-4.400105,1,-1.818464994,0,-1.117137313,0,-1.015542507,0
18.3999157,-21.0472641,1,7.610543728,1,-11.96078491,1,7.465592861,1,8.824440002,1,-5.078290462,1,-1.723201394,0,-1.142780662,0,-1.088205695,0
18.40391541,-24.04790115,1,8.465173721,1,-14.6477499,1,7.60726881,1,8.43674469,1,-5.761051178,1,-1.620187402,0,-1.167847037,0,-1.167832851,0
18.40791321,-26.87687302,1,8.776667595,1,-17.18693352,1,7.690147877,1,8.120676041,1,-6.432178974,1,-1.508822441,0,-1.192052841,0,-1.255157948,0
18.41191292,-29.46846008,1,8.082800865,1,-19.97117615,1,7.645080566,1,7.807195663,1,-7.026852608,1,-1.387381315,0,-1.214917421,0,-1.352373719,0
18.41591454,-32.94033432,1,6.88558054,1,-22.62193871,1,7.440887451,1,7.475559711,1,-7.483258247,1,-1.254886627,0,-1.235556602,0,-1.461066604,0
18.41991234,-37.76469421,1,5.164964676,1,-24.86146927,1,7.066383839,1,7.171220303,1,-7.758033276,1,-1.111666441,0,-1.252793312,0,-1.58157289,0
18.42391205,-42.86154556,1,4.618613243,1,-26.90833855,1,6.578855515,1,6.78212738,1,-7.816504002,1,-0.96050787,0,-1.265368223,0,-1.711729527,0
18.42791367,-49.98093414,1,4.537847996,1,-28.0982666,1,6.052399635,1,6.547985077,1,-7.764000416,1,-0.805313051,0,-1.272581577,0,-1.847774148,0
18.43191147,-56.05821228,1,5.430525303,1,-28.9582653,1,5.551836967,1,6.30208683,1,-7.566473484,1,-0.651611567,0,-1.273844719,0,-1.984256387,0
18.43591118,-62.02876663,1,7.416904449,1,-28.89973068,1,5.07099247,1,6.141088009,1,-7.296833515,1,-0.505428612,0,-1.269246459,0,-2.115008593,0
18.4399128,-67.41996002,1,9.019384384,1,-27.80523872,1,4.640806675,1,5.979427338,1,-6.920768738,1,-0.372011691,0,-1.259367347,0,-2.234580517,0
18.4439106,-72.95171356,1,9.183545113,1,-26.59920692,1,4.253346443,1,5.818422794,1,-6.476850033,1,-0.254784554,0,-1.245165825,0,-2.339261055,0
18.44791031,-78.67404938,1,10.22121143,1,-25.37344742,1,3.859092951,1,5.53205061,1,-6.000046253,1,-0.15485388,0,-1.227950335,0,-2.427865505,0
18.45191193,-83.89909363,1,12.89284706,1,-22.05680084,1,3.461429119,1,5.156089306,1,-5.480511189,1,-0.071487792,0,-1.209282517,0,-2.50108242,0
18.45590973,-87.10646057,1,15.78895283,1,-18.25286102,1,3.090368748,1,4.594892025,1,-4.863119125,1,-0.003310005,0,-1.190479517,0,-2.560182095,0
18.45991707,-90.79372406,1,19.16846848,1,-8.927480698,1,2.729857445,1,3.815214872,1,-4.105532646,1,0.051497165,0,-1.17326355,0,-2.606611013,0
18.46391869,-91.03556061,1,23.92324829,1,-5.045198917,1,2.717195749,1,2.99605751,1,-3.232789755,1,0.094398163,0,-1.158646107,0,-2.641518354,0
18.46791649,-88.306633,1,22.0261631,1,2.712090254,1,2.32201767,1,2.109779119,1,-2.221211433,1,0.126478791,0,-1.14726162,0,-2.665484905,0
18.4719162,-81.63903809,1,17.39720917,1,9.08880806,1,1.621544838,1,1.068505764,1,-1.125857353,1,0.147015139,0,-1.139933705,0,-2.679367781,0
18.47591782,-80.19976044,1,19.74240303,1,10.61591244,1,0.952936113,1,0.310311466,1,-0.379831642,1,0.158017471,0,-1.136595249,0,-2.685553789,0
18.47991562,-77.69229889,1,18.1123848,1,15.61632347,1,0.205666006,1,-0.636183023,1,0.578757823,1,0.159760192,0,-1.137434721,0,-2.684853315,0
18.48391533,-75.19374084,1,20.06666183,1,14.76141834,1,-0.392083138,1,-1.385896087,1,1.263040662,1,0.152612761,0,-1.142016768,0,-2.677506447,0
18.48791695,-69.72838593,1,22.7135601,1,13.76711464,1,-0.714408576,1,-2.017809391,1,1.824205041,1,0.138988227,0,-1.149621248,0,-2.665050745,0
18.49191475,-65.93070984,1,24.03957939,1,12.5141573,1,-0.662358999,1,-2.611225843,1,2.30657053,1,0.120306477,0,-1.159920454,0,-2.647719622,0
18.49591446,-61.35077286,1,21.04923058,1,11.410182,1,-0.533414662,1,-3.027215481,1,2.71581459,1,0.097420081,0,-1.172263384,0,-2.625429869,0
18.49991608,-54.43815231,1,16.69760132,1,10.39441872,1,-0.540234208,1,-3.393965721,1,3.004684448,1,0.070218451,0,-1.186001062,0,-2.598268509,0
18.50391388,-47.99578476,1,14.52135849,1,10.65845203,1,-0.689061821,1,-3.820617199,1,3.120975733,1,0.038838856,0,-1.201082706,0,-2.567111254,0
18.50791359,-41.9486618,1,13.37806606,1,11.28393841,1,-0.977056682,1,-4.251385212,1,3.096105099,1,0.003411894,0,-1.217496276,0,-2.532787323,0
18.51191521,-35.48508453,1,9.933123589,1,10.55535603,1,-1.359910369,1,-4.674201488,1,2.958273172,1,-0.03573291,0,-1.235168576,0,-2.496123075,0
18.51591301,32.10208511,1,-29.20823669,1,-15.0020771,1,-4.754311085,1,-5.728232384,1,2.607155561,1,-0.084835686,0,-1.254868746,0,-2.456019163,0
18.51991272,-49.85328293,1,10.81497574,1,21.3139267,1,-4.552623272,1,-8.37465477,1,3.35470438,1,-0.151680842,0,-1.28212595,0,-2.406116247,0
18.52391625,33.92094421,1,-42.29236984,1,-5.43138361,1,-4.971319199,1,-6.326096058,1,3.078552961,1,-0.234298527,0,-1.308156729,0,-2.340093613,0
18.52791596,26.54209328,1,-53.16965866,1,-27.05119896,1,-8.181286812,1,-8.913556099,1,4.832945824,1,-0.352988869,0,-1.332742929,0,-2.244511843,0
18.53191376,-7.216253281,1,-63.15605164,1,-67.73452759,1,-8.614343643,1,-8.931175232,1,6.359883785,1,-0.542524695,0,-1.355127215,0,-2.08450532,0
18.53591538,-102.4030457,1,-76.81718445,1,-95.67004395,1,-8.62732029,1,-8.945449829,1,8.614849091,1,-0.789420843,0,-1.364999294,0,-1.867349029,0
18.53991318,-141.5540009,1,-6.485274792,1,-63.32891083,1,-8.626538277,1,-8.946051598,1,8.620371819,1,-1.057344913,0,-1.359040618,0,-1.628803968,0
18.54391289,-86.56109619,1,62.24409103,1,-35.42952347,1,-8.617274284,1,-8.937854767,1,7.10388422,1,-1.01049602,0,-1.332328796,0,-1.707961082,0
18.54791451,-121.7760239,1,81.08535004,1,-77.00821686,1,-8.438009262,1,-7.399898529,1,3.201939106,1,-1.205347061,0,-1.33047688,0,-1.542654991,0
18.55191231,-70.73591614,1,129.7177429,1,-31.16650009,1,-5.655233383,1,-2.714149475,1,1.788676262,1,-1.316877246,0,-1.32731092,0,-1.457842469,0
18.55591202,38.58261108,1,99.64472961,1,-3.946711063,1,-1.038710475,1,-4.823933125,1,2.704507828,1,-1.395014524,0,-1.32205081,0,-1.38961184,0
18.55991364,2.272616863,1,48.21638489,1,-20.3351841,1,-0.045684326,1,-3.856889725,1,4.104111671,1,-1.472765923,0,-1.310438514,0,-1.311279297,0
18.56391144,-63.38755417,1,-48.41770935,1,9.195551872,1,0.238518909,1,-2.716565371,1,1.40515089,1,-1.520622492,0,-1.299482346,0,-1.260746121,0
18.56791306,-36.72074509,1,-52.56877136,1,14.67769241,1,-0.963508666,1,-2.839711189,1,-0.341540128,1,-1.562248945,0,-1.298712492,0,-1.219034791,0
18.57191277,-21.02442741,1,56.84029388,1,-17.60734177,1,-0.167187959,1,-1.736417174,1,0.72804147,1,-1.599450827,0,-1.298012257,0,-1.183431625,0
18.57591057,16.4941864,1,40.96351242,1,-10.90123558,1,0.969665229,1,-1.364421606,1,1.001052976,1,-1.616402745,0,-1.294009447,0,-1.163860798,0
18.57992363,-26.99349785,1,-24.97167015,1,-11.95976543,1,1.040965676,1,-1.63959825,1,0.15002346,1,-1.634085536,0,-1.291207194,0,-1.140941143,0
18.58393097,-5.994579792,1,-39.78057861,1,-11.88939381,1,0.370073378,1,-1.581900716,1,0.508733809,1,-1.653137565,0,-1.289905787,0,-1.118073702,0
18.58793449,2.160367489,1,-21.52232933,1,-15.47663116,1,-0.320316643,1,-1.544289231,1,1.526848912,1,-1.673277617,0,-1.285187125,0,-1.097151637,0
18.5919342,0.758698404,1,-4.10160923,1,-18.6360817,1,-0.486556292,1,-1.743614316,1,1.760838985,1,-1.693841219,0,-1.277763367,0,-1.077444911,0
18.59593582,-8.737141609,1,3.114840984,1,-15.78535652,1,-0.290842503,1,-2.118002415,1,1.748699546,1,-1.717544556,0,-1.26975286,0,-1.054411769,0
18.59993362,-6.712312222,1,-14.13734341,1,-11.4376297,1,-0.352097809,1,-2.282090664,1,1.730917096,1,-1.742866158,0,-1.261524796,0,-1.029002905,0
18.60393333,-9.401648521,1,-9.507732391,1,-6.581800938,1,-0.405314118,1,-2.255013227,1,1.893028855,1,-1.768166423,0,-1.252730012,0,-1.004083872,0
18.60793495,-3.525473356,1,-3.316931248,1,-10.66435146,1,-0.345127314,1,-2.173729181,1,1.996121287,1,-1.790516019,0,-1.243243456,0,-0.98211658,0
18.61193276,-4.933005333,1,7.321073055,1,-12.14608669,1,0.223404199,1,-2.439189911,1,1.902389526,1,-1.811649442,0,-1.233504295,0,-0.960144281,0
18.61593247,-6.9089818,1,-1.319988847,1,-14.44636822,1,-0.081104897,1,-2.666935682,1,1.763733387,1,-1.833653688,0,-1.223845363,0,-0.936106324,0
18.61993408,-7.587321281,1,-4.966191292,1,-16.94324112,1,-0.652399719,1,-3.15655756,1,1.589010835,1,-1.860746861,0,-1.214266419,0,-0.908954501,0
18.62393189,-7.487929344,1,-1.939214468,1,-19.79472542,1,-0.691160858,1,-3.689672709,1,1.545754313,1,-1.893045306,0,-1.204226017,0,-0.877427936,0
18.6279316,-2.881755114,1,4.213603497,1,-21.78896904,1,-0.458210975,1,-4.277534008,1,1.544088364,1,-1.92843008,0,-1.193074584,0,-0.841937661,0
18.63193321,-1.760442257,1,4.09431839,1,-26.64751434,1,-0.27668488,1,-5.052880764,1,1.370254278,1,-1.96749413,0,-1.18074882,0,-0.801297903,0
18.63593102,0.704834163,1,1.278719425,1,-29.12838936,1,-0.477159202,1,-5.808762074,1,1.300813556,1,-2.011028767,0,-1.1670717,0,-0.755652189,0
18.63993073,2.372819185,1,-1.44821465,1,-28.66957092,1,-0.813111126,1,-6.839909554,1,1.24818635,1,-2.060227633,0,-1.151108384,0,-0.704849243,0
18.64393234,1.834617615,1,0.172902539,1,-25.47769165,1,-0.904523551,1,-7.79593277,1,1.292113423,1,-2.113892794,0,-1.132306814,0,-0.649661601,0
18.64793015,2.737542152,1,-2.181551218,1,-33.04164124,1,-0.887308538,1,-8.665165901,1,1.425789595,1,-2.168930769,0,-1.109912992,0,-0.59259975,0
18.65192986,8.781052589,1,-7.679080009,1,-35.55418396,1,-0.669560492,1,-8.738974571,1,1.47282815,1,-2.220715046,0,-1.084794402,0,-0.537963152,0
18.65593147,13.67218494,1,-10.43239021,1,-32.30059433,1,-0.819256365,1,-8.741576195,1,1.567054152,1,-2.266927481,0,-1.058310032,0,-0.488659799,0
18.65992928,11.59460831,1,-9.778816223,1,-30.68201828,1,-0.925031424,1,-8.745770454,1,1.912814856,1,-2.307969332,0,-1.030094028,0,-0.445254862,0
18.66392899,10.54090881,1,-10.26796818,1,-31.81493187,1,-1.072557807,1,-8.751399994,1,2.249689817,1,-2.343835354,0,-1.000062108,0,-0.407730401,0
18.6679287,6.033206463,1,-9.211714745,1,-34.32756042,1,-1.093629479,1,-8.753388405,1,2.615906477,1,-2.374982595,0,-0.968367815,0,-0.375616521,0
18.6719265,6.713913918,1,-7.123670101,1,-30.8877182,1,-0.765601158,1,-8.749875069,1,2.987919569,1,-2.400913954,0,-0.935150504,0,-0.34845078,0
18.67592621,4.512578011,1,-4.465524673,1,-31.67837334,1,-0.362200916,1,-8.744400024,1,3.457353115,1,-2.421170473,0,-0.900499582,0,-0.325811386,0
18.67992973,-13.29371357,1,-4.563584328,1,-25.52656746,1,0.27095902,1,-8.733231544,1,3.909533739,1,-2.435793161,0,-0.864460647,0,-0.307292044,0
18.68392563,-32.03042221,1,1.567850471,1,-17.49660873,1,0.627926052,1,-8.726250648,1,4.137840748,1,-2.445375919,0,-0.827309251,0,-0.292027444,0
18.68792534,-37.77733994,1,4.279709816,1,-15.16204929,1,1.369992852,1,-8.712525368,1,4.405699253,1,-2.451252222,0,-0.789693832,0,-0.278556317,0
18.69192886,-72.44333649,1,4.577049732,1,-10.22692776,1,2.350030422,1,-8.695456505,1,4.989087105,1,-2.451162577,0,-0.750836968,0,-0.267944366,0
18.69592667,-90.0963974,1,0.991962552,1,-15.81369114,1,2.89980197,1,-8.684000969,1,4.765365124,1,-2.446943045,0,-0.711518764,0,-0.258491546,0
18.6999321,-102.8511734,1,-8.162384987,1,-15.82799435,1,2.903506517,1,-8.681255341,1,4.27970171,1,-2.442119598,0,-0.673217893,0,-0.247645751,0
18.70393372,-91.74811554,1,-9.965161324,1,-14.43906879,1,2.612786293,1,-8.683146477,1,3.504851341,1,-2.439067841,0,-0.636662245,0,-0.234377101,0
18.70793152,-76.27199554,1,-13.63450813,1,-9.265169144,1,2.406973839,1,-8.683300972,1,2.880914688,1,-2.437971115,0,-0.601886511,0,-0.218804538,0
18.71193123,-51.27714157,1,-33.36133575,1,-5.810222149,1,1.127576709,1,-6.66708374,1,1.498651505,1,-2.439442873,0,-0.572114825,0,-0.202608034,0
18.71593285,-0.317875624,1,-34.78885651,1,15.43351555,1,-1.594330192,1,-5.720923424,1,1.248264551,1,-2.447601318,0,-0.551848173,0,-0.1887559,0
18.71993256,-61.43966293,1,-20.73398972,1,-15.46976662,1,-3.088012695,1,-6.474955082,1,1.527499437,1,-2.464605093,0,-0.527241886,0,-0.175009251,0
18.72393036,-69.54436493,1,-17.76676369,1,-22.26299095,1,-4.118297577,1,-3.995058537,1,1.141334414,1,-2.484117746,0,-0.507529855,0,-0.164700314,0
18.72793198,-30.47920418,1,-12.0246067,1,-15.49643326,1,-5.112197876,1,-3.483419895,1,1.318475008,1,-2.505186796,0,-0.493341625,0,-0.15943338,0
18.73192978,-17.76744652,1,0.985031903,1,-18.65790558,1,-5.376112461,1,-4.604557514,1,1.512761354,1,-2.528942585,0,-0.476925492,0,-0.153923959,0
18.73592949,-16.20067024,1,7.663546085,1,-18.47177124,1,-5.004633427,1,-6.0004673,1,2.224168777,1,-2.552793026,0,-0.455380946,0,-0.147307321,0
18.73993111,-24.6973896,1,12.16212273,1,-19.8956604,1,-4.129849434,1,-7.22419405,1,3.222728252,1,-2.57373023,0,-0.427103221,0,-0.141349316,0
18.74392891,-33.84714127,1,15.2154789,1,-22.00351524,1,-2.818824053,1,-7.66930151,1,3.853741884,1,-2.58941102,0,-0.394163579,0,-0.137170315,0
18.74792862,-38.90846634,1,14.52032948,1,-22.81140137,1,-1.334458113,1,-7.642958164,1,4.268050194,1,-2.598537922,0,-0.35947001,0,-0.134905607,0
18.75193024,-42.14775467,1,10.51670742,1,-23.83187675,1,-0.017969385,1,-7.284909725,1,4.721258163,1,-2.601186991,0,-0.324575216,0,-0.134875834,0
18.75592804,-44.41666794,1,4.170023441,1,-25.13125992,1,0.9814412,1,-6.725333691,1,5.240271091,1,-2.598361731,0,-0.290267169,0,-0.137610808,0
18.75992775,-45.97969818,1,-4.62127018,1,-27.40553856,1,1.541336179,1,-6.086099625,1,5.710538864,1,-2.591668844,0,-0.256987631,0,-0.143247619,0
18.76392937,-44.7684288,1,-12.69395447,1,-30.89614296,1,1.675316334,1,-5.36626339,1,6.061482906,1,-2.583166122,0,-0.225118518,0,-0.151480496,0
18.76792717,-39.41561127,1,-17.90317154,1,-32.83292007,1,1.494417667,1,-4.814697266,1,6.320421219,1,-2.574617624,0,-0.194746867,0,-0.161843121,0
18.77192688,-34.76166153,1,-19.97241592,1,-33.52071381,1,1.13720417,1,-4.572181702,1,6.505403996,1,-2.567234278,0,-0.165125877,0,-0.173539177,0
18.7759285,-33.27380753,1,-19.75407028,1,-33.50668335,1,0.766081452,1,-4.499606609,1,6.560446262,1,-2.561607122,0,-0.13566424,0,-0.18572998,0
18.7799263,-32.62422562,1,-18.93906784,1,-32.61399841,1,0.481660575,1,-4.467569828,1,6.457652569,1,-2.557694435,0,-0.10636767,0,-0.197742745,0
18.78392601,-32.19029236,1,-17.83577919,1,-31.41650772,1,0.302119762,1,-4.470174789,1,6.218600273,1,-2.555098772,0,-0.077436201,0,-0.209074527,0
18.78792763,-31.77986145,1,-17.02285194,1,-30.06463051,1,0.214978755,1,-4.499069214,1,5.896203995,1,-2.553412676,0,-0.049065966,0,-0.219350338,0
18.79192543,-31.53783607,1,-16.88130379,1,-28.95241165,1,0.164586902,1,-4.555403233,1,5.545230865,1,-2.553826094,0,-0.017566195,0,-0.228349194,0
18.79592514,-31.55427361,1,-17.34212875,1,-28.07933426,1,0.102359138,1,-4.608245373,1,5.166354656,1,-2.553253889,0,0.009572522,0,-0.236012563,0
18.79992676,-31.5405407,1,-18.58788109,1,-27.66993141,1,-0.00421042,1,-4.641469955,1,4.805318832,1,-2.553197622,0,0.036051277,0,-0.242343128,0
18.80392456,-30.54024315,1,-20.27920341,1,-27.7529068,1,-0.211835846,1,-4.685404301,1,4.446843147,1,-2.55385232,0,0.061827995,0,-0.247392595,0
18.80792427,-28.84467888,1,-21.822052,1,-28.10369682,1,-0.518213928,1,-4.753536701,1,4.091984749,1,-2.555574179,0,0.086986773,0,-0.251181066,0
18.81192589,-27.36173058,1,-22.70561981,1,-28.73897171,1,-0.892826796,1,-4.839724541,1,3.737170219,1,-2.558625221,0,0.111618102,0,-0.253671497,0
18.81592369,-26.61375618,1,-22.81611824,1,-29.37809563,1,-1.312129855,1,-4.893494129,1,3.363515139,1,-2.563185692,0,0.135691479,0,-0.254867971,0
18.81993103,-25.58774376,1,-22.48565865,1,-29.97199631,1,-1.717157483,1,-4.894280434,1,2.973691702,1,-2.569239616,0,0.159028709,0,-0.254840791,0
18.82393265,-24.114851,1,-21.88813782,1,-30.39156723,1,-2.0853374,1,-4.854754448,1,2.57677865,1,-2.576646805,0,0.18145974,0,-0.253668904,0
18.82793045,-22.20284081,1,-20.91975975,1,-30.65341377,1,-2.40495348,1,-4.798654556,1,2.173716068,1,-2.585202932,0,0.202875212,0,-0.251389354,0
18.83193016,-20.23422432,1,-19.81152153,1,-30.84327126,1,-2.660443544,1,-4.707384109,1,1.75450778,1,-2.594632626,0,0.223202586,0,-0.24802658,0
18.83593178,-17.88202286,1,-18.4881649,1,-31.28868866,1,-2.838620186,1,-4.605929375,1,1.340404987,1,-2.604629755,0,0.242343411,0,-0.243588671,0
18.83992958,-14.94282913,1,-17.234375,1,-31.73217773,1,-2.959695101,1,-4.519088745,1,0.934712768,1,-2.614876747,0,0.260380447,0,-0.238069236,0
18.84392738,-12.71715069,1,-15.47612286,1,-32.12957764,1,-3.039099693,1,-4.427174091,1,0.554917037,1,-2.625138521,0,0.277380884,0,-0.231487289,0
18.847929,-11.19491577,1,-13.95705414,1,-32.68744659,1,-3.017400742,1,-4.327795506,1,0.23188293,1,-2.635160208,0,0.293436915,0,-0.22396262,0
18.8519268,-9.530691147,1,-12.71592808,1,-33.21008301,1,-2.928502321,1,-4.180829048,1,-0.024734268,1,-2.644634724,0,0.30854547,0,-0.215752959,0
18.85592651,-8.727725029,1,-12.24118423,1,-33.65656662,1,-2.802578449,1,-3.991593122,1,-0.200241089,1,-2.653430939,0,0.322735548,0,-0.207176417,0
18.85992813,-7.432720184,1,-12.04198074,1,-34.07434464,1,-2.658612728,1,-3.763812304,1,-0.295638561,1,-2.661580324,0,0.335994661,0,-0.198597744,0
18.86392593,-6.419596195,1,-11.02476883,1,-34.78069305,1,-2.514325857,1,-3.489780188,1,-0.307766587,1,-2.66916585,0,0.348345876,0,-0.190380991,0
18.86792564,-5.226704597,1,-9.784646034,1,-35.68736267,1,-2.339949608,1,-3.159271002,1,-0.265803128,1,-2.67626977,0,0.359703481,0,-0.182864934,0
18.87192726,-3.293417454,1,-8.923254967,1,-35.35131836,1,-2.117342472,1,-2.699862003,1,-0.184615016,1,-2.682888031,0,0.369808674,0,-0.176387444,0
18.87592506,-1.161852479,1,-8.51318264,1,-34.52059174,1,-1.894025207,1,-2.08036232,1,-0.081493773,1,-2.689049959,0,0.378203124,0,-0.171340004,0
18.87992477,2.498299837,1,-8.24121666,1,-33.11309052,1,-1.730331302,1,-1.360148787,1,-0.013310566,1,-2.695021152,0,0.38434723,0,-0.167928234,0
18.88392639,6.32642746,1,-8.220449448,1,-30.97709656,1,-1.594801307,1,-0.535187542,1,0.016193615,1,-2.700996399,0,0.387804955,0,-0.166162297,0
18.88792419,9.537334442,1,-8.683480263,1,-28.88471794,1,-1.473818541,1,0.377289057,1,0.058112133,1,-2.707131863,0,0.38817054,0,-0.166144431,0
18.8919239,10.89661407,1,-9.012322426,1,-26.67411613,1,-1.370462656,1,1.435239553,1,0.103118494,1,-2.713543177,0,0.385040104,0,-0.168077901,0
18.89592552,13.93043995,1,-9.888965607,1,-25.37643051,1,-1.28501749,1,2.563242197,1,0.125734687,1,-2.720334768,0,0.377948284,0,-0.17207171,0
18.89992333,18.512537,1,-10.81589127,1,-24.3527832,1,-1.235038519,1,3.703426123,1,0.103840701,1,-2.727521658,0,0.366664588,0,-0.17798008,0
18.90392304,22.84724808,1,-10.91429806,1,-24.25701523,1,-1.161471248,1,4.757314682,1,0.091158479,1,-2.73497653,0,0.351285994,0,-0.185577586,0
18.90792465,22.6611805,1,-10.15305424,1,-23.63456154,1,-1.063295245,1,5.802897453,1,0.106552228,1,-2.742503881,0,0.332031876,0,-0.194724485,0
18.91192246,21.57908058,1,-7.363781452,1,-21.8704071,1,-0.846749306,1,7.047086716,1,0.118803889,1,-2.749781847,0,0.308512986,0,-0.205586612,0
18.91592217,22.24819183,1,-4.805641651,1,-20.28609276,1,-0.436451614,1,8.282953262,1,0.058766726,1,-2.756024599,0,0.280277342,0,-0.218098983,0
18.91992378,22.70715332,1,-4.483914375,1,-18.44039726,1,0.157775566,1,8.706578255,1,-0.082180627,1,-2.760093689,0,0.248377085,0,-0.231393009,0
18.92392159,21.46777153,1,-4.765357971,1,-16.77150536,1,0.747681081,1,8.719474792,1,-0.283502698,1,-2.761165857,0,0.215757862,0,-0.244029373,0
18.92791939,17.59031868,1,-5.864857674,1,-14.61459732,1,1.240111113,1,8.732086182,1,-0.500833094,1,-2.759474754,0,0.182774439,0,-0.255790085,0
18.93192101,15.47499752,1,-4.181232929,1,-13.2550745,1,1.682638645,1,8.742030144,1,-0.773786485,1,-2.755407095,0,0.149418414,0,-0.266673028,0
18.93591881,12.14459038,1,-3.800234079,1,-12.61779022,1,2.13864851,1,8.753364563,1,-1.054611921,1,-2.749099731,0,0.115658775,0,-0.276653886,0
18.93992424,8.71727562,1,-3.177921534,1,-12.56184387,1,2.589973688,1,8.765012741,1,-1.415356398,1,-2.740545988,0,0.081448577,0,-0.285709858,0
18.94392586,4.710566998,1,-3.012059927,1,-12.36049175,1,3.018446684,1,8.775887489,1,-1.817119598,1,-2.729810953,0,0.046669543,0,-0.293659389,0
18.94792366,1.799076557,1,-3.762262821,1,-13.33630562,1,3.354031086,1,8.784862518,1,-2.208989859,1,-2.717252493,0,0.011295808,0,-0.300543129,0
18.95192337,-2.474707127,1,-4.41808939,1,-14.35077667,1,3.618133545,1,8.793027878,1,-2.541973829,1,-2.703264713,0,-0.024622587,0,-0.306588411,0
18.95592499,-6.697357655,1,-4.354192734,1,-15.82764053,1,3.851245403,1,8.799352646,1,-2.855254889,1,-2.688077211,0,-0.06101976,0,-0.312032491,0
18.95992279,-9.732106209,1,-3.997319221,1,-16.99535179,1,4.061819553,1,8.805324554,1,-3.137023926,1,-2.67185688,0,-0.097886905,0,-0.316990137,0
18.9639225,-13.42541599,1,-3.287740707,1,-18.31831741,1,4.25702095,1,8.811563492,1,-3.452065229,1,-2.65468812,0,-0.135225371,0,-0.321551144,0
18.96792412,-16.87807274,1,-3.082047224,1,-19.08969116,1,4.446249008,1,8.817831993,1,-3.749054909,1,-2.636642218,0,-0.173095003,0,-0.325700581,0
18.97192192,-18.98227692,1,-3.356665373,1,-19.02477074,1,4.59943819,1,8.821193695,1,-4.0304842,1,-2.617785454,0,-0.211470053,0,-0.329566121,0
18.97591972,-20.27135277,1,-4.100220203,1,-18.87321091,1,4.672250748,1,8.824597359,1,-4.258143902,1,-2.598347664,0,-0.250299037,0,-0.333327293,0
18.97992134,-21.28678894,1,-4.918776512,1,-18.84267044,1,4.66248703,1,8.825950623,1,-4.455142975,1,-2.578638554,0,-0.289493918,0,-0.337178171,0
18.98391914,-22.38283348,1,-5.925998688,1,-18.46061897,1,4.602380276,1,8.825820923,1,-4.589539051,1,-2.558849096,0,-0.328980207,0,-0.34127903,0
18.98791885,-23.64432526,1,-6.766301155,1,-17.80622482,1,4.46636343,1,8.822942734,1,-4.611065388,1,-2.539081097,0,-0.368547797,0,-0.345994413,0
18.99192047,-24.35333252,1,-7.502633572,1,-16.69517517,1,4.251189232,1,8.818717957,1,-4.54676199,1,-2.519467831,0,-0.407966346,0,-0.351682842,0
18.99592018,-24.56706047,1,-9.262749672,1,-15.26278782,1,3.978198051,1,8.810182571,1,-4.38032198,1,-2.500075102,0,-0.446976066,0,-0.358711809,0
18.99991798,-25.31773186,1,-10.48333359,1,-13.455369,1,3.684910297,1,8.803295135,1,-4.138674259,1,-2.480831385,0,-0.485325009,0,-0.367439836,0
19.0039196,-25.8482151,1,-11.00942612,1,-11.242342,1,3.405321598,1,8.795088768,1,-3.866472721,1,-2.461513519,0,-0.522858143,0,-0.378075242,0
19.0079174,-25.11434364,1,-10.6553669,1,-9.443380356,1,3.154839516,1,8.788764954,1,-3.56540823,1,-2.44184041,0,-0.559438527,0,-0.390815854,0
19.01191711,-23.81465912,1,-8.793534279,1,-7.89907074,1,2.989540339,1,8.783639908,1,-3.269983292,1,-2.421404123,0,-0.594991565,0,-0.405792832,0
19.01591873,-22.49404144,1,-5.702999592,1,-6.298978806,1,3.024675369,1,8.783485413,1,-3.029447317,1,-2.399525166,0,-0.629537284,0,-0.423024595,0
19.01991653,-21.24258232,1,-1.429888606,1,-4.808664799,1,3.308387995,1,8.788401604,1,-2.872479916,1,-2.375249147,0,-0.663224638,0,-0.442395329,0
19.02391625,-19.81238937,1,1.714159966,1,-3.292791843,1,3.816524982,1,8.798847198,1,-2.765002489,1,-2.34752655,0,-0.696146488,0,-0.463911057,0
19.02791977,-18.1343708,1,3.845017195,1,-1.971788883,1,4.473616123,1,8.811533928,1,-2.689527988,1,-2.315425873,0,-0.728334546,0,-0.487670124,0
19.03191567,-16.51904678,1,4.379399776,1,-0.53831172,1,5.154638767,1,8.825213432,1,-2.629452705,1,-2.278399229,0,-0.759707987,0,-0.513917804,0
19.03591538,-15.17256546,1,3.895902872,1,0.743185878,1,5.837142944,1,8.838955879,1,-2.597019434,1,-2.236138105,0,-0.790185213,0,-0.542886436,0
19.0399189,-14.55539036,1,2.176487207,1,1.638283968,1,6.414996147,1,8.851379395,1,-2.602813721,1,-2.188587189,0,-0.819688559,0,-0.574799299,0
19.04391289,-14.88769054,1,0.101041734,1,2.067133427,1,6.800418377,1,8.858769417,1,-2.657684326,1,-2.345016956,0,-0.930190265,0,-0.574959934,0
19.0479126,-16.19608688,1,-1.325888276,1,2.022893429,1,6.977519035,1,8.864206314,1,-2.82029891,1,-2.291652679,0,-0.962308347,0,-0.606704652,0
19.05191612,-16.77745438,1,1.457993984,1,1.718562722,1,7.014158726,1,8.867111206,1,-3.159597874,1,-2.234364986,0,-0.994090736,0,-0.642011642,0
19.05591202,-17.13049126,1,3.741496563,1,-1.19629848,1,6.938513279,1,8.868920326,1,-3.668998241,1,-2.173753023,0,-1.026091099,0,-0.680591583,0
19.05991936,-18.31384468,1,3.508344889,1,-2.350417376,1,6.801578522,1,8.869074821,1,-4.159406185,1,-2.10966754,0,-1.058455944,0,-0.722991943,0
19.06392098,-21.00556946,1,5.852590561,1,-5.189561367,1,6.701791286,1,8.870148659,1,-4.702175617,1,-2.04108572,0,-1.091107726,0,-0.77026546,0
19.06791878,-23.27524948,1,8.678096771,1,-6.783227921,1,6.722409725,1,8.873597145,1,-5.229458332,1,-1.966467619,0,-1.124048829,0,-0.823697627,0
19.07191849,-25.87264252,1,10.83555031,1,-9.088396072,1,6.793002605,1,8.66451931,1,-5.764980316,1,-1.884296179,0,-1.156881452,0,-0.884361386,0
19.07592011,-28.6349144,1,11.76016045,1,-11.19500828,1,6.853642941,1,8.463032722,1,-6.277062416,1,-1.793577433,0,-1.189197302,0,-0.953148305,0
19.07991791,-31.44180298,1,11.75316525,1,-13.71658421,1,6.858841896,1,8.251655579,1,-6.739555836,1,-1.691727161,0,-1.220606923,0,-1.032810688,0
19.08391762,-35.05689621,1,11.01064014,1,-16.35264969,1,6.796764851,1,8.043366432,1,-7.095706463,1,-1.576061487,0,-1.250342965,0,-1.126332879,0
19.08791924,-39.6971283,1,9.177233696,1,-19.23229218,1,6.614902496,1,7.876121998,1,-7.316702843,1,-1.443407059,0,-1.277235746,0,-1.237293005,0
19.09191704,-46.09009552,1,7.158663273,1,-22.02004051,1,6.286201477,1,7.791984558,1,-7.427396297,1,-1.291145086,0,-1.299862146,0,-1.36888504,0
19.09591675,-51.59470749,1,5.246031761,1,-23.4847393,1,5.706918716,1,7.872642517,1,-7.398673058,1,-1.118723392,0,-1.316415548,0,-1.522474289,0
19.09991837,-59.08906174,1,5.072646618,1,-25.37354279,1,5.192099094,1,7.933233261,1,-7.332396507,1,-0.931190491,0,-1.325236559,0,-1.693515778,0
19.10391617,-63.09593964,1,5.804550171,1,-24.67300797,1,4.569540024,1,8.156085014,1,-7.214910507,1,-0.738193929,0,-1.32519269,0,-1.872303247,0
19.10791588,-64.08102417,1,7.04792881,1,-24.39908028,1,3.870930672,1,8.166613579,1,-6.939217567,1,-0.555984199,0,-1.316143513,0,-2.04297471,0
19.1119175,-67.55963135,1,8.796711922,1,-21.02365685,1,3.434691906,1,8.237771034,1,-6.734067917,1,-0.394829988,0,-1.299379826,0,-2.194701433,0
19.1159153,-65.32546997,1,9.168599129,1,-17.90829277,1,2.99848175,1,7.951782703,1,-6.290575504,1,-0.260809094,0,-1.277001262,0,-2.320836067,0
19.11991501,-65.39828491,1,11.74825478,1,-16.08029366,1,2.657343388,1,7.256800175,1,-5.799086094,1,-0.154726803,0,-1.252094984,0,-2.420240164,0
19.12391663,-67.31757355,1,14.67371845,1,-14.31707096,1,2.483213663,1,6.241141796,1,-5.280651569,1,-0.071441151,0,-1.22768259,0,-2.497484207,0
19.12791443,-73.96234894,1,15.73153114,1,-10.70283794,1,2.311336279,1,5.172535896,1,-4.690124512,1,-0.005617843,0,-1.20559144,0,-2.557437181,0
19.13191414,-78.90797424,1,19.47801018,1,-5.716955185,1,2.311906099,1,3.953738928,1,-4.086057663,1,0.047375295,0,-1.187020183,0,-2.604463577,0
19.13591576,-83.21647644,1,20.66860771,1,-1.159038305,1,2.445963144,1,2.933850765,1,-3.432502508,1,0.09077502,0,-1.172304988,0,-2.641197681,0
19.13991356,-79.9021759,1,14.10097122,1,4.840898991,1,2.325821638,1,2.038556576,1,-2.551181793,1,0.1259633,0,-1.160999417,0,-2.668931723,0
19.14391327,-79.89116669,1,12.5362215,1,9.062221527,1,1.787383318,1,1.131863475,1,-1.669025302,1,0.151161104,0,-1.153601527,0,-2.68743062,0
19.14791489,-81.27937317,1,15.34841347,1,16.52581596,1,1.187800527,1,0.375314891,1,-0.853130221,1,0.166758701,0,-1.150114536,0,-2.698078632,0
19.15191269,-70.7646637,1,12.15512466,1,14.7420826,1,0.57457602,1,-0.424785346,1,-0.285024703,1,0.175485626,0,-1.149647355,0,-2.70380044,0
19.15591049,-66.63599396,1,16.16159821,1,16.25619316,1,0.005539364,1,-1.197656989,1,0.398235261,1,0.177298829,0,-1.152897954,0,-2.704540014,0
19.15991211,-61.12378311,1,19.21617889,1,13.11228943,1,-0.315819532,1,-2.113996267,1,0.857246816,1,0.173316345,0,-1.159834623,0,-2.701079845,0
19.16390991,-58.45597839,1,21.1752491,1,12.93011761,1,-0.404929578,1,-2.795196295,1,1.189748645,1,0.16658403,0,-1.170354366,0,-2.695130348,0
19.16790962,-54.40814209,1,20.97112656,1,8.961116791,1,-0.31162101,1,-3.314280272,1,1.526940346,1,0.15690732,0,-1.183296442,0,-2.68631196,0
19.17191124,-52.78339767,1,15.95966244,1,6.359497547,1,-0.367693782,1,-3.643069506,1,1.833263397,1,0.144251704,0,-1.198128819,0,-2.674051046,0
19.17590904,-48.07464218,1,12.36460686,1,5.319080353,1,-0.642867208,1,-4.003603458,1,1.971582055,1,0.127945557,0,-1.21427536,0,-2.658738375,0
19.17991447,-44.47665405,1,11.32565117,1,4.115330696,1,-0.982334554,1,-4.345410347,1,2.103865385,1,0.107790768,0,-1.231838703,0,-2.640749693,0
19.183918,15.32828903,1,-12.351511,1,-23.59702301,1,-2.48039484,1,-5.092603207,1,2.529681921,1,0.079490356,0,-1.251126528,0,-2.617494106,0
19.18791771,-72.09921265,1,25.06132317,1,18.60649681,1,-2.137717962,1,-8.282346725,1,4.096476555,1,0.033945691,0,-1.27867806,0,-2.580242872,0
19.19191361,1.110185504,1,-34.33495331,1,10.75517082,1,-3.090339661,1,-5.630139351,1,3.782173634,1,-0.031543713,0,-1.307202458,0,-2.522845507,0
19.19591713,22.31555367,1,-43.72562027,1,-25.64433479,1,-6.025050163,1,-8.421096802,1,5.722050667,1,-0.128760666,0,-1.332133055,0,-2.440900326,0
19.19991493,1.506564617,1,-49.32927322,1,-44.65686035,1,-6.768435955,1,-8.898031235,1,7.128833294,1,-0.298928857,0,-1.361029029,0,-2.293608904,0
19.20391464,-34.77353668,1,-105.4945145,1,-93.6470871,1,-8.625841141,1,-8.943616867,1,8.422701836,1,-0.542328358,0,-1.380998731,0,-2.076503992,0
19.20791626,-120.1084595,1,-66.96304321,1,-86.68143463,1,-8.626434326,1,-8.946990967,1,8.620111465,1,-0.83787632,0,-1.386816025,0,-1.810896873,0
19.21191406,-143.7971802,1,23.52292061,1,-30.11209297,1,-8.625979424,1,-8.946069717,1,8.620051384,1,-1.129479885,0,-1.3778584,0,-1.549223542,0
19.21591377,-56.12513351,1,46.85257721,1,-29.36047745,1,-8.622776031,1,-8.405427933,1,6.729829788,1,-1.369871378,0,-1.358133078,0,-1.339073658,0
19.21991539,-44.56118774,1,77.33201599,1,-44.33463287,1,-7.763426781,1,-8.176627159,1,4.113967419,1,-1.56458199,0,-1.340528131,0,-1.173833489,0
19.22391319,-16.05068398,1,80.79397583,1,-19.12203026,1,-5.780452251,1,-6.934665203,1,3.555251598,1,-1.70956111,0,-1.32353127,0,-1.052488446,0
19.2279129,3.008666515,1,69.89801025,1,-7.072624683,1,-3.203308821,1,-6.287752628,1,3.933338404,1,-1.817374945,0,-1.303949594,0,-0.95976299,0
19.23191452,-76.64929962,1,21.61165428,1,-25.06156349,1,-2.32995224,1,-2.158181906,1,4.174562454,1,-1.870721817,0,-1.283111453,0,-0.915334821,0
19.23591232,-53.27178192,1,-21.43670273,1,13.45989513,1,-1.431861281,1,-1.874849677,1,1.744688392,1,-1.886863589,0,-1.269419074,0,-0.905927658,0
19.23991203,-32.81800842,1,-10.4315443,1,0.491757452,1,-1.944237471,1,-2.563397408,1,0.157423303,1,-1.919748187,0,-1.263377428,0,-0.879032493,0
19.24391365,-0.652630508,1,68.52168274,1,-17.74719048,1,-0.661771178,1,-1.324996948,1,1.04978323,1,-1.944676042,0,-1.258537412,0,-0.858352423,0
19.24791145,-6.123806477,1,27.32085228,1,-14.03371239,1,0.391486913,1,-1.273969054,1,1.188874602,1,-1.954352975,0,-1.252062678,0,-0.848639727,0
19.25191116,-15.61093998,1,-33.29139328,1,-10.86258507,1,0.36130923,1,-1.392045736,1,0.295712501,1,-1.96366632,0,-1.247552395,0,-0.83700335,0
19.25591278,-4.62448597,1,-31.45842552,1,-16.45480919,1,-0.303205162,1,-1.490632176,1,0.816884398,1,-1.977442145,0,-1.243516088,0,-0.822231293,0
19.25991058,3.465520859,1,-6.405564308,1,-19.23810768,1,-0.613406181,1,-1.606908321,1,1.53090477,1,-1.990059614,0,-1.236527681,0,-0.811012506,0
19.26391029,-2.152751446,1,4.233052731,1,-17.79040909,1,-0.507972717,1,-1.960954905,1,1.547655463,1,-2.003463984,0,-1.227930784,0,-0.799204826,0
19.26791191,-7.023790359,1,-1.324193239,1,-14.72743702,1,-0.296357095,1,-2.149084091,1,1.536130667,1,-2.018516779,0,-1.21884799,0,-0.784925222,0
19.27190971,-3.327003956,1,-16.25951767,1,-12.20146561,1,-0.34454453,1,-2.241010666,1,1.656824231,1,-2.033248425,0,-1.209310651,0,-0.770348668,0
19.27590942,-12.48727703,1,-4.56656599,1,-6.581471443,1,-0.481802523,1,-2.224636555,1,1.954604745,1,-2.047482967,0,-1.198773146,0,-0.756999135,0
19.27991104,-8.526837349,1,-5.097045898,1,-8.464701653,1,-0.258277357,1,-2.078245401,1,2.0153234,1,-2.058667898,0,-1.187717557,0,-0.746580899,0
19.28390884,-1.25963974,1,-0.919475019,1,-11.17401409,1,0.018994566,1,-2.24369812,1,1.965880752,1,-2.068521976,0,-1.176649213,0,-0.736512661,0
19.28790855,-3.764623165,1,-0.104803309,1,-14.49504948,1,-0.031406395,1,-2.446880579,1,1.951875567,1,-2.078750134,0,-1.165265918,0,-0.725130081,0
19.29191017,-7.811541557,1,-1.340977311,1,-16.97446251,1,-0.410532385,1,-2.907272339,1,1.755011678,1,-2.187028408,0,-1.064934492,0,-0.706868052,0
19.29590797,-7.974945545,1,0.759996295,1,-18.01198578,1,-0.562249541,1,-3.407425165,1,1.59817338,1,-2.20032835,0,-1.052129149,0,-0.693874598,0
19.29991341,-5.623528004,1,2.886521578,1,-20.94659424,1,-0.57216084,1,-3.908220053,1,1.48737824,1,-2.216503382,0,-1.038415194,0,-0.67779994,0
19.30391502,-2.518325329,1,1.016413212,1,-24.13877869,1,-0.469779134,1,-4.659086704,1,1.299211979,1,-2.235493898,0,-1.02355957,0,-0.658068299,0
19.30791283,-1.214714646,1,1.693377972,1,-28.40402985,1,-0.527688026,1,-5.404995441,1,1.237629056,1,-2.257741213,0,-1.007052183,0,-0.634178817,0
19.31191254,2.159861088,1,0.500367463,1,-27.8217659,1,-0.802892923,1,-6.324222088,1,1.199779034,1,-2.283195257,0,-0.988169968,0,-0.607001066,0
19.31591415,1.701309323,1,1.31667769,1,-27.27812386,1,-1.022956967,1,-7.190825462,1,1.0769279,1,-2.312346697,0,-0.966866791,0,-0.57628715,0
19.31991196,1.380853176,1,-1.143341422,1,-31.84780312,1,-1.100017667,1,-8.092054367,1,1.101522684,1,-2.343758106,0,-0.942702293,0,-0.5430426,0
19.32391167,5.568198681,1,-4.279778481,1,-33.47673798,1,-0.835044503,1,-8.739918709,1,1.132524371,1,-2.375518084,0,-0.915425181,0,-0.508263767,0
19.32791328,9.585980415,1,-7.952927113,1,-32.78672028,1,-0.850078821,1,-8.741757393,1,1.201769829,1,-2.404664755,0,-0.886695743,0,-0.475295782,0
19.33191109,8.612177849,1,-8.967031479,1,-32.27327347,1,-1.09267056,1,-8.746891022,1,1.335895896,1,-2.431622744,0,-0.857123852,0,-0.44520694,0
19.3359108,10.9362154,1,-10.27809429,1,-31.55074501,1,-1.203174472,1,-8.750800133,1,1.64319694,1,-2.45633173,0,-0.826467276,0,-0.418322682,0
19.33991242,8.859129906,1,-9.848907471,1,-34.17161179,1,-1.319101095,1,-8.755133629,1,1.995228171,1,-2.47841692,0,-0.794580519,0,-0.394838482,0
19.34391022,7.23626852,1,-9.406199455,1,-32.17270279,1,-1.278739214,1,-8.757136345,1,2.356158018,1,-2.497859478,0,-0.761510789,0,-0.374597967,0
19.34790993,10.29540539,1,-8.675009727,1,-27.91157532,1,-1.083451033,1,-8.754812241,1,2.900454283,1,-2.51400876,0,-0.72711271,0,-0.35778141,0
19.35190964,-3.540776968,1,-3.2676723,1,-25.8091011,1,-0.717627764,1,-8.751157761,1,3.392358303,1,-2.52631712,0,-0.69133985,0,-0.344373524,0
19.35590935,-23.99656487,1,-2.743164539,1,-20.03618813,1,-0.522567034,1,-8.750161171,1,3.999328375,1,-2.535079479,0,-0.654099941,0,-0.33434999,0
19.35990715,-35.03860855,1,6.204612255,1,-19.35096741,1,-0.214947805,1,-8.74389267,1,3.946189165,1,-2.541786432,0,-0.616281867,0,-0.325929821,0
19.36390877,-39.85630798,1,8.246571541,1,-17.67885971,1,0.711570382,1,-8.724892616,1,4.034308434,1,-2.545291185,0,-0.57842344,0,-0.318097532,0
19.36790657,-61.86060715,1,6.623087406,1,-14.32864761,1,1.792424083,1,-8.705040932,1,4.485916138,1,-2.543787003,0,-0.540038645,0,-0.31156981,0
19.37190628,-81.63726807,1,2.23567915,1,-18.00289345,1,2.753450394,1,-8.681303978,1,4.033353329,1,-2.537641764,0,-0.501603484,0,-0.305331647,0
19.37590981,-93.82440948,1,-3.618884325,1,-20.73880577,1,3.104349136,1,-8.672901154,1,3.673500538,1,-2.529487848,0,-0.464285165,0,-0.297282517,0
19.3799057,-90.6329422,1,-8.42681694,1,-14.15145493,1,2.954335928,1,-8.674544334,1,3.200401068,1,-2.521627665,0,-0.42810604,0,-0.287377715,0
19.38390541,-71.79205322,1,-11.59110641,1,-10.47574902,1,2.693597078,1,-8.67779541,1,2.984027386,1,-2.514752388,0,-0.392722309,0,-0.276218653,0
19.38790894,-42.3795929,1,-32.04971313,1,-4.747770309,1,1.444328547,1,-6.526518345,1,2.08585453,1,-2.509946823,0,-0.36135155,0,-0.265540451,0
19.39190674,5.582519054,1,-33.05195236,1,14.91609859,1,-0.895410657,1,-6.302731514,1,2.207358122,1,-2.512018919,0,-0.33828032,0,-0.257196665,0
19.39590645,-90.70991516,1,-18.38640213,1,-19.13031387,1,-2.527143478,1,-5.776489258,1,2.1925385,1,-2.521733522,0,-0.311370641,0,-0.248911738,0
19.39990807,-80.58317566,1,-10.95969486,1,-26.13855362,1,-3.361788034,1,-2.987693787,1,1.788790345,1,-2.534714222,0,-0.292532623,0,-0.245137259,0
19.40390587,-30.42520905,1,-15.02011395,1,-19.94095802,1,-4.18398571,1,-2.200569391,1,2.201120853,1,-2.549406052,0,-0.280334651,0,-0.246433452,0
19.40790558,-17.55657196,1,-1.345338464,1,-22.2346344,1,-4.63010788,1,-3.353252649,1,2.583081961,1,-2.566746473,0,-0.265811324,0,-0.248339623,0
19.4119072,-8.717703819,1,7.9892416,1,-20.085989,1,-4.374847412,1,-4.670949936,1,3.260485172,1,-2.584632397,0,-0.246195033,0,-0.249607861,0
19.415905,-8.537412643,1,10.69350815,1,-16.71476555,1,-3.570161104,1,-6.406642437,1,4.41285038,1,-2.600217342,0,-0.219256133,0,-0.251189113,0
19.41990471,-25.41217804,1,14.8013134,1,-19.58408928,1,-2.492950678,1,-7.363228321,1,5.154766083,1,-2.61195612,0,-0.185474411,0,-0.253604829,0
19.42391205,-35.97727585,1,15.68220329,1,-21.11093521,1,-1.123158932,1,-7.413477421,1,5.568511009,1,-2.618621111,0,-0.149003506,0,-0.257326424,0
19.42791557,-43.62862778,1,10.17825985,1,-22.98150635,1,0.239992678,1,-6.973686218,1,5.957646847,1,-2.619597197,0,-0.112450473,0,-0.262935162,0
19.43191528,-46.4262619,1,0.366447031,1,-25.46441269,1,1.227519631,1,-6.185736656,1,6.322582722,1,-2.615776062,0,-0.077339359,0,-0.271070182,0
19.4359169,-44.19173431,1,-9.574820518,1,-27.77202225,1,1.618562222,1,-5.372718811,1,6.594213009,1,-2.609296083,0,-0.044338129,0,-0.281758368,0
19.4399147,-39.59786606,1,-16.24088287,1,-29.34122086,1,1.518231511,1,-4.69601965,1,6.709716797,1,-2.602541924,0,-0.013460893,0,-0.294426054,0
19.44391441,-34.07824707,1,-19.76083755,1,-29.85453606,1,1.137621045,1,-4.209547997,1,6.727261066,1,-2.597228527,0,0.015613199,0,-0.308326602,0
19.44791603,-28.8164711,1,-21.09288788,1,-29.40904617,1,0.656594157,1,-3.997884512,1,6.652380943,1,-2.594061613,0,0.043480866,0,-0.322728992,0
19.45191383,-26.63579369,1,-20.56407547,1,-28.43594742,1,0.256935447,1,-3.977147579,1,6.484213352,1,-2.593060017,0,0.070785515,0,-0.336891741,0
19.45591354,-26.52777481,1,-18.61622047,1,-27.44129944,1,-0.01220691,1,-4.023739815,1,6.176355362,1,-2.593732119,0,0.09765844,0,-0.35023576,0
19.45991516,-26.00154495,1,-17.22371101,1,-25.9881916,1,-0.157921121,1,-4.097255707,1,5.779493332,1,-2.595432043,0,0.123956613,0,-0.362310112,0
19.46391296,-26.77519035,1,-16.15091324,1,-25.05849648,1,-0.210590601,1,-4.213410854,1,5.28956461,1,-2.597604752,0,0.149659395,0,-0.372742802,0
19.46791267,-26.92388725,1,-16.72808647,1,-24.33399773,1,-0.277032495,1,-4.360168457,1,4.750551224,1,-2.599940062,0,0.174715027,0,-0.381189734,0
19.47191429,-27.3027916,1,-18.26082993,1,-23.84434509,1,-0.42049545,1,-4.501218796,1,4.194084644,1,-2.602487564,0,0.199113399,0,-0.387517989,0
19.47591209,-27.73191643,1,-20.1928215,1,-23.71738434,1,-0.674854517,1,-4.626903057,1,3.6784513,1,-2.605535507,0,0.222862333,0,-0.391779035,0
19.4799118,-26.66793442,1,-21.53667831,1,-23.87048721,1,-1.038343072,1,-4.751559734,1,3.17425251,1,-2.609485149,0,0.245969087,0,-0.394093215,0
19.48391342,-26.90994453,1,-22.0148201,1,-24.49422455,1,-1.468210697,1,-4.882761955,1,2.71348238,1,-2.61457777,0,0.268561035,0,-0.394511759,0
19.48791122,-26.80526924,1,-21.66835022,1,-25.22818756,1,-1.906463623,1,-4.943948269,1,2.27532053,1,-2.620969296,0,0.290566504,0,-0.393259585,0
19.49191093,-26.65464973,1,-20.56416321,1,-25.91191483,1,-2.301118851,1,-4.978568554,1,1.869632483,1,-2.628594875,0,0.311915934,0,-0.390520155,0
19.49591255,-26.19615936,1,-19.09583092,1,-26.68838882,1,-2.605229616,1,-4.946722984,1,1.507635951,1,-2.637163162,0,0.332535118,0,-0.38654393,0
19.49991036,-25.23892975,1,-17.57662201,1,-27.59445763,1,-2.82888341,1,-4.883882046,1,1.17501688,1,-2.646382332,0,0.35235858,0,-0.381548584,0
19.50391007,-24.32894135,1,-15.7772522,1,-28.2340107,1,-2.955425024,1,-4.777946949,1,0.885870516,1,-2.655904293,0,0.371352315,0,-0.37568444,0
19.50791359,-22.61694717,1,-13.67511654,1,-28.58952522,1,-2.962202072,1,-4.685856342,1,0.643105924,1,-2.66532135,0,0.389535606,0,-0.369129479,0
19.51190949,-21.78127289,1,-11.807374,1,-28.86844063,1,-2.87689209,1,-4.573849678,1,0.463168204,1,-2.674296618,0,0.407044053,0,-0.362121969,0
19.5159092,-19.89920807,1,-10.95221329,1,-29.7207737,1,-2.733275652,1,-4.475215435,1,0.330628783,1,-2.682562113,0,0.423940718,0,-0.354816973,0
19.51991272,-18.67088127,1,-10.18813229,1,-30.01105499,1,-2.574380875,1,-4.362728596,1,0.246040285,1,-2.690057516,0,0.44032681,0,-0.347382486,0
19.52391052,-17.26960945,1,-9.636346817,1,-30.447752,1,-2.38408041,1,-4.253109932,1,0.223006889,1,-2.696799278,0,0.456256956,0,-0.34002912,0
19.52791023,-15.70542812,1,-9.409581184,1,-31.06067848,1,-2.198055744,1,-4.131167889,1,0.249416173,1,-2.702798128,0,0.471811533,0,-0.33294639,0
19.53191185,-14.05134296,1,-9.460209846,1,-31.57061958,1,-2.035087347,1,-3.993005753,1,0.311037779,1,-2.708202839,0,0.48700726,0,-0.326341838,0
19.53590965,-12.49073505,1,-9.512460709,1,-31.99173355,1,-1.927978277,1,-3.826696157,1,0.40444544,1,-2.713303566,0,0.501818419,0,-0.320394754,0
19.53990936,-10.1860857,1,-9.306882858,1,-32.72968292,1,-1.8389498,1,-3.632217169,1,0.504695833,1,-2.718312263,0,0.516152322,0,-0.315225244,0
19.5439167,-7.828605175,1,-8.672639847,1,-33.30395889,1,-1.735481858,1,-3.408981562,1,0.6041044,1,-2.690078497,0,0.466646701,0,-0.275932789,0
19.54792023,-5.40132618,1,-7.57472229,1,-33.76573563,1,-1.609930158,1,-3.119073153,1,0.708648145,1,-2.695076227,0,0.479577094,0,-0.272213608,0
19.55191994,-3.241413593,1,-7.345710754,1,-32.68009949,1,-1.477505445,1,-2.657109261,1,0.808110476,1,-2.700067043,0,0.49136886,0,-0.269688815,0
19.55592156,-1.113597512,1,-9.059169769,1,-31.08050537,1,-1.412405491,1,-1.974574566,1,0.871418238,1,-2.705344439,0,0.501237869,0,-0.268663257,0
19.55991936,2.722469568,1,-10.00617409,1,-28.68800545,1,-1.470208526,1,-1.112729549,1,0.840979815,1,-2.711361408,0,0.508308768,0,-0.269266188,0
19.56391907,6.622634411,1,-10.78077698,1,-25.98243904,1,-1.625126958,1,-0.157002777,1,0.75401485,1,-2.718592405,0,0.511954248,0,-0.271399647,0
19.56792069,10.0068264,1,-10.69271851,1,-23.73354721,1,-1.759023786,1,0.888524652,1,0.681670725,1,-2.727172852,0,0.511797726,0,-0.275085211,0
19.57191849,12.37660694,1,-9.709779739,1,-21.94848251,1,-1.818997145,1,2.024075747,1,0.593928218,1,-2.736939192,0,0.507502556,0,-0.280400276,0
19.5759182,16.13836861,1,-9.085687637,1,-20.43572044,1,-1.771275997,1,3.248389959,1,0.476837784,1,-2.747498512,0,0.498637766,0,-0.287331879,0
19.57991982,23.64633369,1,-8.633382797,1,-19.99202728,1,-1.593848467,1,4.367432594,1,0.350383699,1,-2.75817132,0,0.485103101,0,-0.295643091,0
19.58391762,28.39102745,1,-7.4083395,1,-19.48874664,1,-1.368624926,1,5.350411415,1,0.278324157,1,-2.768425226,0,0.467499405,0,-0.305028796,0
19.58791733,32.15506363,1,-4.630874157,1,-19.04560852,1,-0.99154979,1,6.364034653,1,0.202719554,1,-2.777783394,0,0.445996135,0,-0.315428674,0
19.59191895,35.20311737,1,-3.394198895,1,-18.42980194,1,-0.425715148,1,7.409147739,1,0.098840825,1,-2.785406828,0,0.420451492,0,-0.326754093,0
19.59591675,34.74520493,1,-2.738090754,1,-17.15237808,1,0.256154746,1,8.523954391,1,-0.079669379,1,-2.790540457,0,0.390585423,0,-0.338820636,0
19.59991646,29.8288517,1,-3.448932648,1,-16.13720894,1,0.981880546,1,8.725024223,1,-0.404502749,1,-2.792383909,0,0.357679725,0,-0.350636065,0
19.60391808,24.75097275,1,-2.384733915,1,-15.51190567,1,1.599305391,1,8.740812302,1,-0.864589274,1,-2.790655613,0,0.324010044,0,-0.360855997,0
19.60791588,18.27890778,1,-3.884392262,1,-12.24571514,1,2.110279322,1,8.754342079,1,-1.313795447,1,-2.785759211,0,0.289662004,0,-0.369237006,0
19.61191559,17.47083664,1,-3.622785568,1,-11.8319006,1,2.531109095,1,8.766068459,1,-1.758472562,1,-2.778281927,0,0.254702955,0,-0.376071393,0
19.61591721,15.67208099,1,-1.873132706,1,-10.21455956,1,2.93434453,1,8.776994705,1,-2.1757195,1,-2.768628836,0,0.219139621,0,-0.381507039,0
19.61991501,13.01663876,1,-0.991479576,1,-9.920357704,1,3.347388983,1,8.787269592,1,-2.583351135,1,-2.756934643,0,0.182989001,0,-0.385753006,0
19.62391472,10.75629234,1,-1.950994372,1,-10.68259335,1,3.727037191,1,8.79827404,1,-2.935073853,1,-2.743283749,0,0.146254748,0,-0.388979167,0
19.62791824,6.701981068,1,-1.60146451,1,-12.59221458,1,3.98309803,1,8.804429054,1,-3.213457584,1,-2.728163481,0,0.109054409,0,-0.391604364,0
19.63191414,2.408294916,1,-2.252743244,1,-13.69721222,1,4.120916843,1,8.807814598,1,-3.425047398,1,-2.712155819,0,0.071471892,0,-0.393884152,0
19.63591385,-2.022854805,1,-3.077328682,1,-15.11199379,1,4.194832802,1,8.810663223,1,-3.583754539,1,-2.695620298,0,0.033617169,0,-0.396132588,0
19.63991356,-5.274657249,1,-3.419643879,1,-15.86334705,1,4.219091415,1,8.812110901,1,-3.767253399,1,-2.678804398,0,-0.00450492,0,-0.398388952,0
19.64391518,-8.013596535,1,-4.186374187,1,-16.57475662,1,4.194996357,1,8.813087463,1,-3.931657553,1,-2.661913872,0,-0.042907506,0,-0.400661826,0
19.64791489,-10.73880577,1,-4.900676727,1,-17.23292542,1,4.11261797,1,8.812117577,1,-4.028210163,1,-2.645117044,0,-0.08151035,0,-0.403124601,0
19.6519165,-13.25658798,1,-5.803527832,1,-17.63826942,1,3.926333189,1,8.807911873,1,-4.053629875,1,-2.628725767,0,-0.120174415,0,-0.406026065,0
19.65591431,-14.90914536,1,-6.324375153,1,-18.07941437,1,3.666825533,1,8.802785873,1,-4.022345066,1,-2.613028765,0,-0.158765301,0,-0.40956381,0
19.65991211,-16.10948181,1,-6.500662327,1,-18.22110939,1,3.369449854,1,8.796809196,1,-3.928114891,1,-2.598184347,0,-0.197161868,0,-0.413914591,0
19.66391945,-17.21427155,1,-5.878861427,1,-18.17417526,1,3.131246328,1,8.79031086,1,-3.772142172,1,-2.584044695,0,-0.235198289,0,-0.419302762,0
19.66792297,-17.61538506,1,-4.874423504,1,-18.09070396,1,2.949019909,1,8.78457737,1,-3.539582491,1,-2.570221186,0,-0.272725403,0,-0.425949723,0
19.67192268,-17.85507584,1,-3.590108871,1,-17.43897247,1,2.871135473,1,8.781247139,1,-3.21178031,1,-2.556239128,0,-0.309530139,0,-0.434177995,0
19.6759243,-17.90085602,1,-2.501051426,1,-16.7212944,1,2.922642469,1,8.780236244,1,-2.798392296,1,-2.541411161,0,-0.345381409,0,-0.444355547,0
19.6799221,-18.18226051,1,-1.373525739,1,-16.36601257,1,3.12894392,1,8.782115936,1,-2.340219975,1,-2.524930239,0,-0.380079418,0,-0.456798583,0
19.68392181,-19.87895012,1,-1.236565351,1,-15.74325466,1,3.470442533,1,8.785543442,1,-1.897482157,1,-2.505994081,0,-0.413509488,0,-0.471684575,0
19.68792343,-21.77523232,1,-2.473815918,1,-14.35638809,1,3.865166664,1,8.791583061,1,-1.468112707,1,-2.484069109,0,-0.445611805,0,-0.489080906,0
19.69192123,-22.7669239,1,-4.094801903,1,-12.56306171,1,4.20960331,1,8.796011925,1,-1.081930041,1,-2.459033728,0,-0.476341724,0,-0.509012222,0
19.69592094,-22.90306664,1,-5.054135799,1,-10.70926476,1,4.506076336,1,8.80129528,1,-0.756915152,1,-2.43101716,0,-0.505684197,0,-0.531429231,0
19.69992256,-22.58512878,1,-5.201496601,1,-8.953137398,1,4.797229767,1,8.805411339,1,-0.547183096,1,-2.400136709,0,-0.533735633,0,-0.556130469,0
19.70392036,-21.44645691,1,-5.075332642,1,-7.74751997,1,5.094876766,1,8.811730385,1,-0.447159946,1,-2.366455793,0,-0.560663819,0,-0.582833707,0
19.70792007,-20.07828712,1,-3.374579668,1,-6.894459724,1,5.438429356,1,8.818440437,1,-0.467568606,1,-2.329977274,0,-0.586686432,0,-0.611243069,0
19.71192169,-18.82702255,1,-0.855794549,1,-6.011361599,1,5.836907864,1,8.827437401,1,-0.588548243,1,-2.29059124,0,-0.6120103,0,-0.641116202,0
19.7159195,-17.86521149,1,1.155956149,1,-4.794173717,1,6.307556629,1,8.837705612,1,-0.778859675,1,-2.248081446,0,-0.636813164,0,-0.672309339,0
19.71991921,-16.60298538,1,1.527773619,1,-3.630656242,1,6.78934145,1,8.849952698,1,-1.023884654,1,-2.202248573,0,-0.661200047,0,-0.704791486,0
19.72392082,-15.70076084,1,0.8105793,1,-2.989903688,1,7.2092309,1,8.860001564,1,-1.332082391,1,-2.153153419,0,-0.685258746,0,-0.738583207,0
19.72791863,-14.74223995,1,-0.053420261,1,-2.925685644,1,7.487040997,1,8.868258476,1,-1.687112689,1,-2.101178408,0,-0.709111691,0,-0.77369827,0
19.73191834,-14.29230595,1,-1.124465823,1,-3.440241575,1,7.620948315,1,8.87216568,1,-2.071394205,1,-2.046779394,0,-0.732803047,0,-0.810259402,0
19.73591995,-14.88779163,1,-0.852960527,1,-3.969372988,1,7.641551495,1,8.875236511,1,-2.493880272,1,-1.990387201,0,-0.756390989,0,-0.848407269,0
19.73991776,-14.31896877,1,2.091462374,1,-6.448118687,1,7.62625742,1,8.878967285,1,-3.015226603,1,-1.932166219,0,-0.780083418,0,-0.888249338,0
19.74391747,-15.21303844,1,1.896986485,1,-7.803934097,1,7.598310471,1,8.880068779,1,-3.534728289,1,-1.871991873,0,-0.804033518,0,-0.930000782,0
19.74791908,-17.13808823,1,2.902466059,1,-9.980050087,1,7.590118885,1,8.518148422,1,-4.071287155,1,-1.81023252,0,-0.827981949,0,-0.973068237,0
19.75191689,-19.86648178,1,3.837563992,1,-11.95619869,1,7.598368645,1,8.226705551,1,-4.672932148,1,-1.747350693,0,-0.851998448,0,-1.016717196,0
19.7559166,-21.64691353,1,4.711456776,1,-13.93043518,1,7.583126545,1,7.997961521,1,-5.288527012,1,-1.682716846,0,-0.876391292,0,-1.06174314,0
19.75991821,-23.40664673,1,4.115354061,1,-16.14640045,1,7.487566948,1,7.852890015,1,-5.844343662,1,-1.615784407,0,-0.901085556,0,-1.109089255,0
19.76391602,-24.90852737,1,2.505458593,1,-18.94017982,1,7.233630657,1,7.780200958,1,-6.341705322,1,-1.546126246,0,-0.925799608,0,-1.159827709,0
19.76791573,-26.96284103,1,1.739385128,1,-22.04955864,1,6.882549763,1,7.706381798,1,-6.761026859,1,-1.473569036,0,-0.950090647,0,-1.214774489,0
19.77191925,-30.70799255,1,2.762356043,1,-24.95985794,1,6.542522907,1,7.657601357,1,-7.101719379,1,-1.397732377,0,-0.973451376,0,-1.274542928,0
19.77591515,-35.19898987,1,4.359901905,1,-27.40208244,1,6.28460598,1,7.651622295,1,-7.337741852,1,-1.317854404,0,-0.995250106,0,-1.339653969,0
19.77991486,-39.93986511,1,5.803608894,1,-29.55584908,1,6.069169044,1,7.672144413,1,-7.428565502,1,-1.233448505,0,-1.014624834,0,-1.410387278,0
19.7839241,-44.98280334,1,6.159332275,1,-30.79278946,1,5.922576427,1,7.735043049,1,-7.402217865,1,-1.144492388,0,-1.03068912,0,-1.486495733,0
19.78792763,-50.33120728,1,6.779598236,1,-30.87703133,1,5.790975094,1,7.761210918,1,-7.309822559,1,-1.051696301,0,-1.042779207,0,-1.567072749,0
19.79192734,-53.64503098,1,7.105594158,1,-29.64244652,1,5.582118988,1,7.726892471,1,-7.134707928,1,-0.830848575,0,-1.165028811,0,-1.851641059,0
19.79592896,-54.95225143,1,6.164129257,1,-26.98095894,1,5.208950043,1,7.499413013,1,-6.796864986,1,-0.713515878,0,-1.162575245,0,-1.955873609,0
19.79992676,-60.1717453,1,5.605804443,1,-24.57107925,1,4.839305401,1,7.292622566,1,-6.542406559,1,-0.603417695,0,-1.155477405,0,-2.053969383,0
19.80392647,-61.10752106,1,6.779313087,1,-22.48047638,1,4.382739544,1,6.671205521,1,-6.20436573,1,-0.503520191,0,-1.145052075,0,-2.143195868,0
19.80792809,-64.64405823,1,11.09564972,1,-20.72522163,1,4.073386669,1,5.918561459,1,-5.886594772,1,-0.415341765,0,-1.133132935,0,-2.221741438,0
19.81192589,-68.41687012,1,15.67757988,1,-17.91970253,1,3.90453887,1,4.992370129,1,-5.587631226,1,-0.337625384,0,-1.121246099,0,-2.290133476,0
19.8159256,-71.7144928,1,21.13595772,1,-13.33278465,1,3.878768444,1,3.994278908,1,-5.244030476,1,-0.268790841,0,-1.110574603,0,-2.349477291,0
19.81992722,-71.83525848,1,21.08096695,1,-8.910089493,1,3.89051795,1,3.07398963,1,-4.832329273,1,-0.207421407,0,-1.101605773,0,-2.400681496,0
19.82392502,-75.61386108,1,15.91315079,1,-3.653581381,1,3.517515659,1,2.283205986,1,-4.340673923,1,-0.153441921,0,-1.094375014,0,-2.444587708,0
19.82792473,-69.53178406,1,11.42603588,1,1.89285326,1,2.680090904,1,1.389901042,1,-3.57165122,1,-0.108865097,0,-1.089143395,0,-2.480782032,0
19.83192635,-69.61136627,1,9.296265602,1,8.901041985,1,1.533282638,1,0.508306384,1,-2.674530983,1,-0.076291494,0,-1.086571097,0,-2.508157015,0
19.83592415,-63.5598259,1,12.27433205,1,7.210375309,1,0.698001981,1,-0.103205234,1,-2.066736937,1,-0.053311393,0,-1.086094975,0,-2.529006243,0
19.83992195,-62.4883461,1,21.93110466,1,11.87167263,1,0.181296632,1,-0.822412968,1,-1.25484252,1,-0.03931604,0,-1.088365197,0,-2.54293561,0
19.84392357,-57.99615479,1,22.52179909,1,10.83933258,1,-0.099504665,1,-1.309951425,1,-0.408548564,1,-0.033032138,0,-1.092927456,0,-2.549890757,0
19.84792137,-56.45776749,1,23.02753067,1,8.284375191,1,-0.255183399,1,-1.773847938,1,0.3353962,1,-0.033933617,0,-1.09910953,0,-2.549690008,0
19.85192108,-53.88386917,1,22.12108994,1,8.324903488,1,-0.139379486,1,-2.020484209,1,0.952834189,1,-0.040447641,0,-1.10658896,0,-2.54328537,0
19.8559227,-50.45883942,1,18.37270927,1,6.825351238,1,-0.214906678,1,-2.334901094,1,1.486794949,1,-0.05177116,0,-1.115091443,0,-2.531380892,0
19.8599205,-46.6399498,1,12.33034134,1,5.944085598,1,-0.544807553,1,-2.543604136,1,1.915212035,1,-0.068535358,0,-1.12442553,0,-2.514373541,0
19.86392021,-42.31033707,1,9.423901558,1,5.219307423,1,-0.9781726,1,-2.780843973,1,2.163356066,1,-0.090689294,0,-1.134377718,0,-2.49324131,0
19.86792183,-37.66654587,1,8.136734009,1,4.546636105,1,-1.382640362,1,-3.048153639,1,2.270139694,1,-0.117288627,0,-1.145039439,0,-2.469172239,0
19.87191963,-33.12112045,1,6.978522778,1,4.642439842,1,-1.710811615,1,-3.338376999,1,2.268757582,1,-0.147467405,0,-1.156505704,0,-2.442932606,0
19.87591934,-18.94971275,1,-0.83348155,1,-5.477561951,1,-2.072289705,1,-3.653366327,1,2.223069906,1,-0.180547699,0,-1.168819904,0,-2.414963245,0
19.87992096,25.9523735,1,-10.13917446,1,-7.813354492,1,-4.171118736,1,-5.697728634,1,2.032396317,1,-0.222152472,0,-1.18441844,0,-2.383646727,0
19.88391876,-67.22187805,1,-20.69333839,1,39.4734993,1,-4.723077297,1,-7.161256313,1,3.067190886,1,-0.283584416,0,-1.208858013,0,-2.336141586,0
19.88791847,65.50981903,1,-48.55138016,1,-13.36136055,1,-6.484983444,1,-7.299985886,1,3.087525368,1,-0.358950257,0,-1.230279684,0,-2.279480219,0
19.89192009,17.13482285,1,-46.41928101,1,-19.70473862,1,-8.610002518,1,-8.927301407,1,5.420235157,1,-0.477726579,0,-1.254340887,0,-2.187301874,0
19.89591789,25.38407707,1,-51.62296295,1,-84.09212494,1,-8.620002747,1,-8.935982704,1,7.006695747,1,-0.637577236,0,-1.271619081,0,-2.055763483,0
19.8999176,-42.16910172,1,-55.59566116,1,-91.21086884,1,-8.627697945,1,-8.944653511,1,8.606162071,1,-0.827613831,0,-1.277031422,0,-1.893178582,0
19.90392685,-103.4358902,1,9.52804184,1,-19.0772934,1,-8.626349449,1,-8.946043968,1,8.619465828,1,-1.023577929,0,-1.270991564,0,-1.724379539,0
19.90793037,-95.78552246,1,80.5704422,1,-12.62356758,1,-8.621660233,1,-8.941781044,1,7.902347565,1,-1.206403732,0,-1.256386161,0,-1.568805099,0
19.91193008,-153.1135406,1,59.18546295,1,-70.09095764,1,-8.595172882,1,-8.911856651,1,2.872604847,1,-1.36191237,0,-1.24714756,0,-1.44126296,0
19.9159317,-200.3143463,1,92.77996826,1,-86.4624176,1,-6.728650093,1,-5.636566639,1,1.720067739,1,-1.492545247,0,-1.242787123,0,-1.337119937,0
19.9199295,-76.88323975,1,151.1871033,1,24.14173508,1,-0.877638578,1,-1.233782053,1,1.680979729,1,-1.537405968,0,-1.236248732,0,-1.306376219,0
19.92392921,31.36597061,1,43.18075943,1,8.43499279,1,0.479481399,1,-2.772433758,1,2.524886847,1,-1.562296152,0,-1.22842896,0,-1.279856205,0
19.92793083,31.19877243,1,-36.20665359,1,-21.68982697,1,0.70696646,1,-2.935678482,1,1.203978539,1,-1.591415048,0,-1.220181465,0,-1.245611191,0
19.93192864,-57.18209839,1,-60.07902527,1,-6.403480053,1,-0.203338772,1,-3.153649092,1,-0.281844765,1,-1.623666763,0,-1.218365192,0,-1.210606337,0
19.93592835,-29.33326149,1,27.61417961,1,19.19537926,1,-0.604352236,1,-1.981122494,1,0.901511908,1,-1.653510332,0,-1.216763973,0,-1.180900812,0
19.93992996,-21.34456062,1,27.70911789,1,-18.09940338,1,0.535304248,1,-1.002175808,1,0.834198177,1,-1.668553591,0,-1.212276816,0,-1.164644599,0
19.94392777,6.476648331,1,-8.099877357,1,-10.9700222,1,0.582578778,1,-1.369285703,1,0.498494029,1,-1.677010775,0,-1.209407568,0,-1.153061986,0
19.94792748,-4.793765068,1,-23.75271797,1,-17.12294769,1,0.260786474,1,-1.431196213,1,0.750680745,1,-1.689635515,0,-1.206508636,0,-1.137700319,0
19.95192719,4.922457695,1,-32.76765823,1,-19.01978302,1,-0.410044611,1,-1.732408762,1,1.443326712,1,-1.704402208,0,-1.201313019,0,-1.122219801,0
19.95592499,-12.21978188,1,-8.622205734,1,-16.1288681,1,-0.828199685,1,-2.023950577,1,1.836866498,1,-1.724030375,0,-1.193612576,0,-1.103928685,0
19.9599247,0.511955082,1,3.381041527,1,-15.38329411,1,-0.603830397,1,-2.06760335,1,1.83520782,1,-1.744081497,0,-1.184826612,0,-1.085188627,0
19.96392632,1.565471411,1,-2.137198448,1,-14.34668159,1,-0.423019111,1,-2.258980513,1,1.577213287,1,-1.76371026,0,-1.17655921,0,-1.066068292,0
19.96792412,2.876596689,1,-11.826087,1,-14.27880478,1,-0.594902039,1,-2.318319559,1,1.534528375,1,-1.784031749,0,-1.168650508,0,-1.046061516,0
19.97192383,-12.95927715,1,8.834191322,1,-7.297326565,1,-0.433516294,1,-2.351822615,1,1.613639593,1,-1.804223537,0,-1.160449147,0,-1.026499987,0
19.97592545,-21.79334831,1,10.10891342,1,-2.857515574,1,-0.072959028,1,-2.145527124,1,1.695573092,1,-1.82151866,0,-1.151828885,0,-1.008705378,0
19.97992325,-6.585429192,1,-9.388665199,1,-7.365793705,1,0.170960411,1,-2.108591795,1,1.517576337,1,-1.835803986,0,-1.143424511,0,-0.99278152,0
19.98392296,-1.380267739,1,-8.281077385,1,-12.15211964,1,0.193417147,1,-2.208521605,1,1.525762439,1,-1.849307775,0,-1.135355234,0,-0.976800263,0
19.98792458,-5.180776596,1,1.916359067,1,-13.36887741,1,-0.462845713,1,-2.436899424,1,1.49197042,1,-1.865162849,0,-1.126827359,0,-0.960055768,0
19.99192238,-7.587433815,1,6.934283733,1,-17.23125839,1,-0.346430361,1,-2.830321074,1,1.159515381,1,-1.884412885,0,-1.118626356,0,-0.940583587,0
19.99592209,-5.914437294,1,6.152871132,1,-19.11819458,1,-0.354680449,1,-3.311898947,1,1.000828385,1,-1.906663179,0,-1.110626101,0,-0.917320311,0
19.99992371,-4.748670101,1,1.228877068,1,-20.73274803,1,-0.386651039,1,-3.845201254,1,0.896516263,1,-1.93243742,0,-1.102182269,0,-0.890137017,0
20.00392151,-6.889370441,1,-1.998843312,1,-19.60801697,1,-0.358621866,1,-4.444161415,1,0.832605541,1,-1.961559772,0,-1.092858672,0,-0.859091759,0
20.00792122,-5.408237457,1,-1.896048784,1,-21.66374016,1,-0.454181492,1,-4.884999752,1,0.834009767,1,-1.993383884,0,-1.082449913,0,-0.82492286,0
20.01192284,1.796784759,1,-1.365173578,1,-25.44216728,1,-0.714340866,1,-5.413767338,1,0.824656129,1,-2.027588844,0,-1.07068491,0,-0.788750887,0
20.01592064,4.248945713,1,-2.784316063,1,-30.75135422,1,-0.744491816,1,-6.240451336,1,0.791740537,1,-2.065158844,0,-1.057184219,0,-0.749177456,0
20.01992035,1.401938319,1,-3.93637681,1,-29.42175102,1,-0.755235434,1,-7.193631649,1,0.946733832,1,-2.105846882,0,-1.040967226,0,-0.705670059,0
20.0239296,0.757780075,1,-5.475571632,1,-24.55518723,1,-0.822529793,1,-8.104233742,1,1.127380729,1,-2.148636341,0,-1.02124095,0,-0.659331501,0
20.02793312,3.568082333,1,-7.380906105,1,-26.72312546,1,-0.793544888,1,-8.740988731,1,1.266070604,1,-2.192158699,0,-0.998181105,0,-0.611821175,0
20.03193283,5.290314198,1,-10.49280453,1,-28.88970375,1,-0.875266671,1,-8.742330551,1,1.383044004,1,-2.232953787,0,-0.972985268,0,-0.566871881,0
20.03593445,10.75613117,1,-8.090620995,1,-29.89120865,1,-0.871113122,1,-8.743543625,1,1.582543969,1,-2.269959927,0,-0.946405888,0,-0.525948584,0
20.03993225,10.16007519,1,-6.028780937,1,-31.22680855,1,-0.860777259,1,-8.746115685,1,2.037007093,1,-2.30262804,0,-0.91800344,0,-0.489612818,0
20.04393196,4.939023972,1,-4.089165688,1,-27.84643555,1,-0.725792289,1,-8.744697571,1,2.273586512,1,-2.25222826,0,-0.83222574,0,-0.576593161,0
20.04793358,5.300992489,1,-6.099881172,1,-26.67813683,1,-0.658953428,1,-8.74575901,1,2.631353855,1,-2.277014256,0,-0.802328348,0,-0.546437025,0
20.05193138,-0.189870328,1,-4.566754818,1,-26.97212791,1,-0.40601632,1,-8.742761612,1,2.960903168,1,-2.298253775,0,-0.770904779,0,-0.51952064,0
20.05593109,-9.285410881,1,2.881008387,1,-28.30093956,1,0.166630343,1,-8.730644226,1,3.108057737,1,-2.315480232,0,-0.738367736,0,-0.495248735,0
20.05993271,-27.34864235,1,8.508962631,1,-27.89563942,1,0.965613186,1,-8.713048935,1,3.073074102,1,-2.328315258,0,-0.705484033,0,-0.472561717,0
20.06393051,-26.46146011,1,5.523188114,1,-17.8004837,1,1.981944323,1,-8.696064949,1,3.608540058,1,-2.335431814,0,-0.671840549,0,-0.451800615,0
20.06793022,-31.2112751,1,5.249681473,1,-11.27777195,1,2.681813002,1,-8.684745789,1,4.113765717,1,-2.3371346,0,-0.63665247,0,-0.433664173,0
20.07193184,-38.00402451,1,4.299362659,1,-11.87071323,1,3.059185028,1,-8.677490234,1,4.426258564,1,-2.334954977,0,-0.600253284,0,-0.417485476,0
20.07592964,-81.47351837,1,6.311584949,1,-12.86862946,1,3.494253635,1,-8.668813705,1,4.41680336,1,-2.330292463,0,-0.563472092,0,-0.402099103,0
20.07992744,-84.84083557,1,4.183784485,1,-17.96668243,1,3.830326557,1,-8.662492752,1,4.308397293,1,-2.323691607,0,-0.527000844,0,-0.386606336,0
20.08392906,-84.14331055,1,2.107033491,1,-11.55011272,1,3.881741285,1,-8.661081314,1,4.197579384,1,-2.315990686,0,-0.491013288,0,-0.370751977,0
20.08792687,-60.45841599,1,-0.553728461,1,-5.443771839,1,3.909017563,1,-7.095157146,1,4.225254536,1,-2.306623459,0,-0.457015991,0,-0.357075423,0
20.09192658,-36.18688583,1,-20.2222538,1,-3.392839193,1,3.365558624,1,-5.096406937,1,4.193181038,1,-2.295088291,0,-0.428188592,0,-0.349324107,0
20.09592819,3.685245752,1,-29.86780167,1,1.572243214,1,1.478634477,1,-3.875552177,1,4.369661331,1,-2.286054134,0,-0.404215723,0,-0.347393572,0
20.099926,-53.78440475,1,-8.151072502,1,-5.121664524,1,0.290872812,1,-5.096815586,1,4.889326096,1,-2.2834723,0,-0.377170444,0,-0.34503746,0
20.10392571,-90.22813416,1,-11.12249374,1,-19.64427567,1,-0.406106949,1,-2.994364738,1,4.63343811,1,-2.283589363,0,-0.352165341,0,-0.345071942,0
20.10792732,-39.63846588,1,-17.8957653,1,-19.55126381,1,-1.759997845,1,-1.738106847,1,4.584333897,1,-2.286025286,0,-0.3324821,0,-0.350782156,0
20.11192513,-14.90010643,1,-7.922744751,1,-19.54968643,1,-2.425875187,1,-2.615399122,1,4.355765343,1,-2.29289341,0,-0.31339848,0,-0.356448233,0
20.11592484,-3.624544859,1,-0.048986915,1,-10.58657551,1,-2.567976475,1,-4.095714569,1,4.522524357,1,-2.302285433,0,-0.291450143,0,-0.358391285,0
20.11992645,-11.81136322,1,0.746606588,1,-10.36482811,1,-2.433166981,1,-5.531673431,1,4.974434376,1,-2.312901497,0,-0.264302343,0,-0.356648177,0
20.12392426,-23.34633636,1,0.211804509,1,-13.75408936,1,-2.007844448,1,-5.959178448,1,5.129569054,1,-2.322581768,0,-0.233685732,0,-0.353351951,0
20.12792397,-24.60085678,1,0.553490102,1,-14.27791595,1,-1.515430093,1,-6.101990223,1,5.13149929,1,-2.330460072,0,-0.202182189,0,-0.349767148,0
20.13192558,-33.02842331,1,-4.293429375,1,-16.28635216,1,-0.989641964,1,-5.951910973,1,5.197842598,1,-2.336034536,0,-0.170517147,0,-0.346465915,0
20.13592339,-38.18681335,1,-10.76846981,1,-19.10053444,1,-0.756231546,1,-5.339916229,1,5.221816063,1,-2.33973217,0,-0.13975893,0,-0.344622105,0
20.1399231,-33.09082413,1,-15.69614506,1,-21.28965759,1,-0.763376713,1,-4.707941055,1,5.116450787,1,-2.342729092,0,-0.110944882,0,-0.34465766,0
20.14393234,-27.47278595,1,-18.27351761,1,-22.31314278,1,-0.914726913,1,-4.306082249,1,4.952185154,1,-2.345950127,0,-0.083977789,0,-0.345874071,0
20.14793587,-23.75893021,1,-18.49581528,1,-22.81284142,1,-1.124608874,1,-4.104572296,1,4.778217316,1,-2.349902868,0,-0.058324281,0,-0.347560763,0
20.15193558,-21.01131248,1,-16.74267197,1,-22.94182968,1,-1.27409935,1,-4.036145687,1,4.549424648,1,-2.354649782,0,-0.033625264,0,-0.349171638,0
20.1559372,-18.69893265,1,-14.17007542,1,-22.60192299,1,-1.273701072,1,-4.088554382,1,4.249095917,1,-2.359776258,0,-0.009698528,0,-0.350188017,0
20.159935,-17.82149696,1,-11.58533573,1,-22.0012455,1,-1.078541994,1,-4.182435989,1,3.896798611,1,-2.364503384,0,0.013511272,0,-0.350156277,0
20.16393471,-18.0059967,1,-9.249482155,1,-21.56235313,1,-0.747317731,1,-4.322075844,1,3.516993761,1,-2.368127584,0,0.036037512,0,-0.34884429,0
20.16793633,-19.15441513,1,-8.584831238,1,-21.26290703,1,-0.396654457,1,-4.436384678,1,3.159968138,1,-2.370286226,0,0.057908006,0,-0.346192777,0
20.17193413,-20.39730453,1,-10.04841614,1,-20.99392128,1,-0.137124583,1,-4.500067711,1,2.847624302,1,-2.371056557,0,0.079098448,0,-0.342329681,0
20.17593384,-20.68701553,1,-12.08032227,1,-20.95443344,1,-0.013699444,1,-4.545144081,1,2.601928711,1,-2.370898247,0,0.099653788,0,-0.337521255,0
20.17993546,-20.65228271,1,-14.00598812,1,-21.02766418,1,-0.039383631,1,-4.574001312,1,2.44568181,1,-2.370363712,0,0.119750328,0,-0.332007587,0
20.18393326,-21.08476639,1,-14.9025135,1,-21.15855408,1,-0.173537686,1,-4.588932514,1,2.353896618,1,-2.36999917,0,0.139576912,0,-0.326053143,0
20.18793297,-21.18146515,1,-15.14152145,1,-21.45391846,1,-0.37148127,1,-4.586415291,1,2.304599285,1,-2.370176315,0,0.159210011,0,-0.319873273,0
20.19193459,-21.8946209,1,-14.79966354,1,-21.77418709,1,-0.582778394,1,-4.544877529,1,2.264367104,1,-2.371041298,0,0.178684115,0,-0.313597977,0
20.19593239,-21.84678459,1,-14.35456753,1,-22.04677391,1,-0.786623418,1,-4.472251415,1,2.237303495,1,-2.37263751,0,0.197886422,0,-0.307419509,0
20.1999321,-22.18728065,1,-13.7892952,1,-22.21165466,1,-0.95974654,1,-4.358794212,1,2.203465939,1,-2.374918699,0,0.216761172,0,-0.301421821,0
20.20393372,-21.31941032,1,-13.15379333,1,-22.35095787,1,-1.124816298,1,-4.228722095,1,2.156115294,1,-2.377817631,0,0.235185489,0,-0.295680046,0
20.20793152,-20.36296463,1,-12.6977253,1,-22.4327507,1,-1.274499297,1,-4.108468056,1,2.108082056,1,-2.381283998,0,0.2531344,0,-0.290166616,0
20.21193123,-20.04443359,1,-12.23082638,1,-22.57805252,1,-1.384768486,1,-3.962595224,1,2.03392148,1,-2.385240078,0,0.270552605,0,-0.284896821,0
20.21593094,-18.09418488,1,-11.66172791,1,-22.40156746,1,-1.496048808,1,-3.830494165,1,1.952267647,1,-2.389605522,0,0.287368,0,-0.279843867,0
20.21992874,-17.11151314,1,-11.39554882,1,-22.43581772,1,-1.585223079,1,-3.739579201,1,1.848856807,1,-2.394327164,0,0.303637207,0,-0.274876714,0
20.22392845,-14.92010021,1,-10.99729061,1,-22.48572159,1,-1.673744082,1,-3.687551498,1,1.759825587,1,-2.39932251,0,0.319421411,0,-0.269890815,0
20.22793007,-13.91232109,1,-10.71520805,1,-22.4064846,1,-1.749162674,1,-3.639613152,1,1.678282857,1,-2.404559374,0,0.334876299,0,-0.264840275,0
20.23192787,-13.52658653,1,-10.75751781,1,-22.37924576,1,-1.807195544,1,-3.591359377,1,1.608803034,1,-2.409954071,0,0.350007176,0,-0.25971663,0
20.23592758,-12.30091572,1,-10.49248409,1,-22.55845833,1,-1.870512962,1,-3.503480434,1,1.560511231,1,-2.41554594,0,0.36482358,0,-0.254685938,0
20.2399292,-11.85184097,1,-10.25529766,1,-22.17225456,1,-1.95532012,1,-3.421401501,1,1.507371664,1,-2.421406031,0,0.379290998,0,-0.249770314,0
20.243927,-10.80278397,1,-10.17820549,1,-22.85677719,1,-2.037119627,1,-3.329793692,1,1.467269421,1,-2.427601337,0,0.393380463,0,-0.245032415,0
20.24792671,-9.93230629,1,-9.710552216,1,-22.98400497,1,-2.116780281,1,-3.208498478,1,1.432873368,1,-2.434166193,0,0.407081842,0,-0.240548983,0
20.25192833,-9.816062927,1,-9.09717083,1,-23.22927666,1,-2.184139013,1,-3.051816225,1,1.412374496,1,-2.441112041,0,0.420315921,0,-0.236419037,0
20.25592613,-9.420973778,1,-8.601945877,1,-23.60402107,1,-2.199295759,1,-2.845273018,1,1.38138938,1,-2.44838953,0,0.432949841,0,-0.232805327,0
20.25992584,-8.749305725,1,-8.204145432,1,-24.54320526,1,-2.194834471,1,-2.608956575,1,1.380302668,1,-2.455929279,0,0.444890141,0,-0.229849309,0
20.26393318,-7.626871586,1,-7.675646782,1,-25.34720039,1,-2.164337635,1,-2.337085247,1,1.394387841,1,-2.46372509,0,0.456074834,0,-0.227699518,0
20.26793861,-7.611998558,1,-8.381393433,1,-24.605196,1,-2.11823678,1,-1.937846303,1,1.403578997,1,-2.47178936,0,0.466283679,0,-0.226594955,0
20.27193832,-6.478404999,1,-9.577209473,1,-23.74938583,1,-2.117509365,1,-1.389799356,1,1.381916642,1,-2.480372429,0,0.47499004,0,-0.226898283,0
20.27593994,-3.025081158,1,-10.94814301,1,-22.66404533,1,-2.226855278,1,-0.744332969,1,1.275534272,1,-2.489867687,0,0.481636703,0,-0.228716731,0
20.27993774,1.122885466,1,-11.01520443,1,-21.25068855,1,-2.402193546,1,-0.088350751,1,1.123105884,1,-2.500608683,0,0.485844225,0,-0.231914803,0
20.28393745,3.586264372,1,-9.854170799,1,-19.35271072,1,-2.540346861,1,0.584879756,1,0.976569891,1,-2.512616634,0,0.487543613,0,-0.236390606,0
20.28793907,4.37544632,1,-7.905798435,1,-18.11192322,1,-2.531242371,1,1.320099473,1,0.833013773,1,-2.525522947,0,0.486576766,0,-0.242211863,0
20.29193687,5.628015041,1,-5.866996288,1,-15.92639732,1,-2.367833614,1,2.135516167,1,0.680669069,1,-2.57523632,0,0.496068329,0,-0.250361085,0
20.29593658,10.02229309,1,-4.345422268,1,-13.60287285,1,-2.118183851,1,3.015758514,1,0.483403087,1,-2.588237286,0,0.488569111,0,-0.258838326,0
20.2999382,18.34763908,1,-5.915333271,1,-13.00677013,1,-1.774625182,1,3.737508535,1,0.212838575,1,-2.600349188,0,0.477709055,0,-0.268148899,0
20.30393601,23.36946678,1,-7.154108047,1,-11.83140755,1,-1.562998652,1,4.290807724,1,0.009088463,1,-2.611330032,0,0.464088559,0,-0.277761996,0
20.30793572,23.9544754,1,-7.377109528,1,-9.639362335,1,-1.506773233,1,4.890738964,1,-0.146727994,1,-2.621841431,0,0.448093832,0,-0.287694871,0
20.31193733,25.99689865,1,-7.981888771,1,-8.1108675,1,-1.330131412,1,5.608185768,1,-0.259368896,1,-2.632089615,0,0.429410905,0,-0.298337698,0
20.31593514,26.84336853,1,-6.777002335,1,-6.671724796,1,-1.014910817,1,6.305849552,1,-0.46098268,1,-2.641381502,0,0.407883346,0,-0.309604943,0
20.31993485,25.17271614,1,-3.026144505,1,-5.980545521,1,-0.592413962,1,7.019845009,1,-0.845128596,1,-2.648998499,0,0.383224368,0,-0.320899367,0
20.32393646,22.5263176,1,0.816761613,1,-5.363558769,1,0.000241364,1,7.72654295,1,-1.36627543,1,-2.654096603,0,0.355134517,0,-0.33160913,0
20.32793427,20.02655983,1,2.676412106,1,-4.848059177,1,0.68187958,1,8.42523098,1,-1.898032665,1,-2.656046629,0,0.323497891,0,-0.341503918,0
20.33193398,18.22835159,1,1.824431181,1,-4.77419281,1,1.360513926,1,8.745166779,1,-2.399217844,1,-2.654644728,0,0.288901627,0,-0.350441396,0
20.33593559,17.33537102,1,0.929657638,1,-5.629730701,1,1.868052483,1,8.75854969,1,-2.871768475,1,-2.650152206,0,0.25304693,0,-0.357853353,0
20.3399334,15.78694916,1,0.831680477,1,-5.722726345,1,2.223690033,1,8.767727852,1,-3.295074224,1,-2.643343449,0,0.216331899,0,-0.363786429,0
20.34393311,12.52675056,1,1.203773379,1,-6.45639658,1,2.529027462,1,8.777111053,1,-3.650985718,1,-2.634767056,0,0.178881168,0,-0.368591189,0
20.34793472,9.736912727,1,1.174425125,1,-7.59855032,1,2.774589062,1,8.784581184,1,-3.938148975,1,-2.624787331,0,0.140813246,0,-0.372583151,0
20.35193253,7.171750069,1,0.806964695,1,-8.617704391,1,2.933445215,1,8.78686142,1,-4.106135368,1,-2.613799572,0,0.102323249,0,-0.376187474,0
20.35593224,5.203324795,1,0.413747638,1,-9.632258415,1,3.043405294,1,8.789228439,1,-4.178018093,1,-2.602138758,0,0.063615203,0,-0.3797912,0
20.35993385,2.970576048,1,0.585026741,1,-10.43552876,1,3.153860092,1,8.793353081,1,-4.209481716,1,-2.589908123,0,0.024845459,0,-0.383693933,0
20.36393166,0.418256551,1,0.321573287,1,-11.61108017,1,3.220425844,1,8.793325424,1,-4.200605869,1,-2.577172995,0,-0.013903954,0,-0.388040483,0
20.36793137,-2.611771107,1,-0.572587669,1,-12.38905525,1,3.225135565,1,8.793855667,1,-4.163084984,1,-2.56409502,0,-0.052539695,0,-0.392978191,0
20.37193298,-5.342098236,1,-2.0718472,1,-12.86708641,1,3.166865826,1,8.792357445,1,-4.090968609,1,-2.550894022,0,-0.090988599,0,-0.39860478,0
20.37593079,-7.305074215,1,-3.145207644,1,-13.24207592,1,3.036965847,1,8.788703918,1,-3.97999692,1,-2.537754297,0,-0.129145637,0,-0.405064881,0
20.3799305,-9.144945145,1,-3.824996233,1,-13.70328808,1,2.85577774,1,8.785178185,1,-3.830358744,1,-2.524867296,0,-0.166900903,0,-0.412484288,0
20.38393784,-10.30682278,1,-3.932787895,1,-14.0562458,1,2.671603918,1,8.779082298,1,-3.648107529,1,-2.512243032,0,-0.204159737,0,-0.420977205,0
20.38794327,-11.19821644,1,-3.830465078,1,-14.39273453,1,2.509821415,1,8.774550438,1,-3.459738255,1,-2.499755621,0,-0.240854755,0,-0.430609822,0
20.39194298,-12.44700813,1,-3.660257101,1,-14.47813129,1,2.379565954,1,8.770427704,1,-3.259873867,1,-2.487213612,0,-0.276941895,0,-0.441440314,0
20.3959446,-13.62712574,1,-3.493914127,1,-14.37438393,1,2.291901112,1,8.768232346,1,-3.048438787,1,-2.47436738,0,-0.31237787,0,-0.45353058,0
20.3999424,-14.18822193,1,-3.322025776,1,-14.18135357,1,2.234527349,1,8.766736984,1,-2.83003521,1,-2.460982561,0,-0.34712261,0,-0.466941237,0
20.40394211,-14.49187565,1,-2.640583992,1,-13.77693081,1,2.245560408,1,8.76445961,1,-2.603988409,1,-2.446758747,0,-0.381108701,0,-0.481776536,0
20.40794182,-13.69032383,1,-1.566318154,1,-13.76759338,1,2.329525232,1,8.76570034,1,-2.382470369,1,-2.43132019,0,-0.414307594,0,-0.4980928,0
20.41193962,-13.3740139,1,-0.973922551,1,-13.70968246,1,2.533004999,1,8.767800331,1,-2.153393984,1,-2.41415596,0,-0.446671307,0,-0.515987217,0
20.41593933,-13.59210968,1,-0.268434376,1,-13.4677515,1,2.838724613,1,8.772986412,1,-1.932527423,1,-2.394701004,0,-0.47813338,0,-0.535577774,0
20.41994095,-14.50255013,1,-0.295094252,1,-13.13516045,1,3.196029902,1,8.778507233,1,-1.748785496,1,-2.372521877,0,-0.508689642,0,-0.556904137,0
20.42393875,-15.12009716,1,-0.732722461,1,-12.39180851,1,3.556463957,1,8.786314964,1,-1.590695858,1,-2.347458363,0,-0.538328588,0,-0.580000281,0
20.42793846,-14.77793884,1,-1.682117462,1,-11.67672253,1,3.85777092,1,8.79087925,1,-1.430858493,1,-2.319509745,0,-0.566988409,0,-0.604948044,0
20.43194008,-14.27273178,1,-2.631967783,1,-10.81626797,1,4.123907089,1,8.79636097,1,-1.256231427,1,-2.288758755,0,-0.594528019,0,-0.631896853,0
20.43593788,-14.02712631,1,-2.71773982,1,-9.510295868,1,4.406880379,1,8.801732063,1,-1.089862943,1,-2.255107164,0,-0.620813072,0,-0.660969377,0
20.43993759,-13.60894108,1,-1.973495722,1,-8.272377014,1,4.728708267,1,8.806899071,1,-0.978409588,1,-2.218392372,0,-0.645811021,0,-0.692159295,0
20.44393921,-12.73470592,1,-1.928266644,1,-6.928658009,1,5.069158554,1,8.814137459,1,-0.896651328,1,-2.1784482,0,-0.669532359,0,-0.725425601,0
20.44793701,-11.68677425,1,-2.207684755,1,-6.28922224,1,5.366841793,1,8.819081306,1,-0.862547696,1,-2.135338545,0,-0.691956222,0,-0.760737658,0
20.45193672,-11.05342293,1,-2.111423731,1,-5.885797501,1,5.600605965,1,8.824324608,1,-0.915678501,1,-2.089329243,0,-0.713181257,0,-0.797964811,0
20.45593834,-10.45003796,1,-2.26530838,1,-5.748010159,1,5.783768654,1,8.829638481,1,-1.039043069,1,-2.040719748,0,-0.733350635,0,-0.8369717,0
20.45993614,-9.868486404,1,-2.909609079,1,-6.006694317,1,5.896026134,1,8.831689835,1,-1.210349202,1,-1.989821672,0,-0.752592087,0,-0.877656698,0
20.46393585,-9.757714272,1,-3.202949047,1,-6.900188446,1,5.965706825,1,8.835261345,1,-1.435367703,1,-1.936878324,0,-0.770994961,0,-0.919981122,0
20.46793747,-9.979758263,1,-3.065660238,1,-8.045282364,1,6.019382,1,8.837731361,1,-1.688966274,1,-1.881994724,0,-0.788630128,0,-0.963950038,0
20.47193527,-10.58196545,1,-1.871496439,1,-9.472943306,1,6.142442703,1,8.816403389,1,-1.989754319,1,-1.825049877,0,-0.805551171,0,-1.009572387,0
20.47593498,-11.9648695,1,0.543154895,1,-11.23373508,1,6.356981754,1,8.565282822,1,-2.381798744,1,-1.766278863,0,-0.821809351,0,-1.05605948,0
20.4799366,-13.46889114,1,2.367547989,1,-12.78152084,1,6.637132645,1,8.376119614,1,-2.861794472,1,-1.705661297,0,-0.837715507,0,-1.102995276,0
20.4839344,-14.86148739,1,3.17352128,1,-14.39208508,1,6.911751747,1,8.250596046,1,-3.383898497,1,-1.642680049,0,-0.853564799,0,-1.15092957,0
20.48793411,-16.35907555,1,3.342658997,1,-15.85723209,1,7.138497829,1,8.149131775,1,-3.919255257,1,-1.577062607,0,-0.869445205,0,-1.200360537,0
20.49193573,-17.58700943,1,3.053595781,1,-16.91208076,1,7.308184147,1,8.083958626,1,-4.46045208,1,-1.508540869,0,-0.885297298,0,-1.251860738,0
20.49593353,-18.79460335,1,3.301670313,1,-17.96723175,1,7.392482281,1,8.035372734,1,-4.991951466,1,-1.43696022,0,-0.900961995,0,-1.305993199,0
20.49993324,-20.00281143,1,3.474925995,1,-18.48853111,1,7.43545723,1,7.992106915,1,-5.497118473,1,-1.362193823,0,-0.916195154,0,-1.363182306,0
20.50393295,-21.60395622,1,3.367965698,1,-18.93245506,1,7.429107189,1,7.980008125,1,-5.945340157,1,-1.284059048,0,-0.93055886,0,-1.423843026,0
20.50793648,-23.23396683,1,2.59064436,1,-19.72076988,1,7.28894186,1,7.945799828,1,-6.346251965,1,-1.202754498,0,-0.943604231,0,-1.488160729,0
20.51193619,-24.5748291,1,0.711435914,1,-20.3903141,1,6.98688364,1,7.884554386,1,-6.662329674,1,-1.119112849,0,-0.954861879,0,-1.555867195,0
20.51593781,-27.38914871,1,-0.938838899,1,-21.29359436,1,6.575588703,1,7.821928501,1,-6.907268047,1,-1.034090638,0,-0.963877082,0,-1.626524806,0
20.51993561,-29.27178001,1,-1.54241538,1,-22.70368195,1,6.052875996,1,7.681128502,1,-7.005280972,1,-0.949030995,0,-0.970208526,0,-1.699144721,0
20.52393532,-32.95662308,1,-1.147606492,1,-23.85337257,1,5.552985668,1,7.55611372,1,-7.004117966,1,-0.865347266,0,-0.97351563,0,-1.772374272,0
20.52793694,-36.58061218,1,0.591091096,1,-24.55578613,1,5.137532711,1,7.413403988,1,-6.910328865,1,-0.783823371,0,-0.973654509,0,-1.845101118,0
20.53193474,-38.48197937,1,3.300317049,1,-25.04040337,1,4.804256439,1,7.179092407,1,-6.685666561,1,-0.705570102,0,-0.970641077,0,-1.91576004,0
20.53593445,-42.85331345,1,4.66870451,1,-25.00080872,1,4.555612564,1,6.920766354,1,-6.346593857,1,-0.631822109,0,-0.964675426,0,-1.982658625,0
20.53993607,-45.37349319,1,6.045304775,1,-24.02936935,1,4.415484428,1,6.609405994,1,-5.954560757,1,-0.562975287,0,-0.956137002,0,-2.044737577,0
20.54393387,-48.38124084,1,7.292507648,1,-23.37089348,1,4.202632427,1,6.184755802,1,-5.527746677,1,-0.560909867,0,-1.021677613,0,-2.081337214,0
20.54793358,-51.05186844,1,8.402726173,1,-22.80353928,1,4.012722969,1,5.702011585,1,-5.078556538,1,-0.495469034,0,-1.01181829,0,-2.138955116,0
20.5519352,-55.70846939,1,10.42075729,1,-22.46864319,1,3.744651079,1,5.163590908,1,-4.684413433,1,-0.4369362,0,-1.001186848,0,-2.189832687,0
20.555933,-60.43460846,1,12.28561592,1,-20.14971924,1,3.452219486,1,4.610213757,1,-4.252651215,1,-0.38514632,0,-0.990440845,0,-2.23436141,0
20.55993271,-64.3274765,1,10.91636944,1,-16.90241623,1,3.048070192,1,4.162465096,1,-3.738445759,1,-0.340213001,0,-0.979705989,0,-2.272651911,0
20.56393433,-62.75222015,1,3.466187239,1,-12.85361671,1,2.333902121,1,3.637676716,1,-3.095950842,1,-0.302700996,0,-0.969188154,0,-2.304747105,0
20.56793213,-65.69743347,1,9.160604477,1,-8.26779747,1,1.554385543,1,3.247799158,1,-2.653689623,1,-0.273331553,0,-0.959259093,0,-2.330936432,0
20.57192993,-56.74541855,1,11.80106354,1,-0.965358198,1,0.904077291,1,2.42389369,1,-2.053140163,1,-0.251392931,0,-0.95066148,0,-2.351828098,0
20.57593155,-54.67266846,1,18.11071587,1,3.046115875,1,0.510467172,1,1.613217115,1,-1.488465071,1,-0.236381114,0,-0.944566011,0,-2.366932154,0
20.57992935,-54.41658401,1,20.88417435,1,5.947173595,1,0.371326149,1,0.892700672,1,-0.940032303,1,-0.226587594,0,-0.940828919,0,-2.376921177,0
20.58392906,-52.75961685,1,18.46794319,1,8.700253487,1,0.253834844,1,0.250946075,1,-0.366140097,1,-0.221125856,0,-0.939195037,0,-2.382097244,0
20.58793259,-49.64650726,1,15.44335651,1,9.097109795,1,0.038298093,1,-0.348127156,1,0.149954081,1,-0.220045283,0,-0.939469457,0,-2.382693768,0
20.59192848,-47.42842484,1,15.16845131,1,8.553841591,1,-0.205838338,1,-0.944289982,1,0.5498963,1,-0.223103598,0,-0.941699386,0,-2.379354954,0
20.59592819,-46.11602783,1,13.64517307,1,6.681805134,1,-0.393160701,1,-1.384434342,1,0.867394745,1,-0.229557484,0,-0.945632577,0,-2.372834682,0
20.59993172,-44.07957458,1,11.57535553,1,4.891633511,1,-0.649127543,1,-1.727076054,1,1.073527336,1,-0.238956124,0,-0.95080018,0,-2.363840342,0
20.60392952,-40.29890442,1,9.16565609,1,3.955581427,1,-0.941617548,1,-2.016713142,1,1.173562288,1,-0.250887364,0,-0.956972003,0,-2.353116989,0
20.60792923,-35.22435379,1,8.221147537,1,3.769402027,1,-1.204990387,1,-2.349879503,1,1.163778424,1,-0.264884353,0,-0.964194179,0,-2.341281652,0
20.61193085,-30.65855789,1,7.389441967,1,4.251895428,1,-1.388551593,1,-2.723955154,1,1.061445475,1,-0.280322015,0,-0.972763896,0,-2.32887125,0
20.61592865,13.26028728,1,-8.117247581,1,-21.1615696,1,-1.9683249,1,-3.314873219,1,1.136257291,1,-0.297803223,0,-0.982942283,0,-2.315495491,0
20.61992836,-28.62545013,1,8.738615036,1,14.65031433,1,-2.541203976,1,-6.44661808,1,1.762676477,1,-0.32359308,0,-0.999377906,0,-2.295852184,0
20.62392998,-44.56040955,1,-28.19970322,1,37.93021774,1,-3.296163797,1,-6.050059795,1,2.203592777,1,-0.361626804,0,-1.021639585,0,-2.26401329,0
20.6279335,47.77730942,1,-38.75266266,1,-3.592504025,1,-5.857336998,1,-8.40316391,1,3.112194538,1,-0.412448645,0,-1.04333806,0,-2.22645998,0
20.63193321,2.500921249,1,-53.37047577,1,-14.44786739,1,-8.365753174,1,-8.918663979,1,4.899185658,1,-0.49444741,0,-1.067570925,0,-2.164764881,0
20.63593483,32.28656387,1,-55.74716949,1,-75.1481781,1,-8.299552917,1,-8.926513672,1,6.619853973,1,-0.598670721,0,-1.086132526,0,-2.084289312,0
20.63993263,-9.244953156,1,-50.9557457,1,-79.86560059,1,-8.621137619,1,-8.938076019,1,7.265518188,1,-0.717880428,0,-1.097162247,0,-1.988473058,0
20.64393234,-81.79385376,1,14.88836288,1,-32.21656036,1,-8.622401237,1,-8.940702438,1,7.840623379,1,-0.843420744,0,-1.101533175,0,-1.88629806,0
20.64793396,-75.92810059,1,31.9192028,1,-15.5838995,1,-8.623130798,1,-8.939798355,1,7.782381535,1,-0.971865475,0,-1.098443508,0,-1.780902147,0
20.65193367,-93.65879822,1,57.96184158,1,-44.35458374,1,-8.609816551,1,-8.927168846,1,5.453643322,1,-1.093199015,0,-1.093410134,0,-1.683226466,0
20.65593147,-103.897995,1,49.8085556,1,-44.16167831,1,-8.081390381,1,-8.905500412,1,3.722209215,1,-1.203840494,0,-1.091977596,0,-1.596787095,0
20.65993309,-117.5718307,1,78.82450104,1,-20.69820023,1,-5.378382683,1,-7.950041294,1,3.506668329,1,-1.302270174,0,-1.089028597,0,-1.515858054,0
20.6639328,-100.4597244,1,60.92707443,1,-12.06042194,1,-3.171940565,1,-4.418052197,1,3.559294462,1,-1.370859146,0,-1.080970764,0,-1.457854152,0
20.66793251,-47.2402916,1,30.47541046,1,-13.60468102,1,-1.304264188,1,-2.046920776,1,2.49946475,1,-1.406264186,0,-1.07109201,0,-1.427612424,0
20.67193413,2.977434635,1,-21.70427895,1,-1.695298314,1,-0.843669593,1,-2.25769186,1,1.092032313,1,-1.426715255,0,-1.064939499,0,-1.408822417,0
20.67593193,-10.73660469,1,-5.965973377,1,-9.989173889,1,-1.027730346,1,-2.948152304,1,0.004903629,1,-1.45052886,0,-1.064718723,0,-1.385822296,0
20.67992973,-45.14273834,1,30.25100899,1,-0.103056639,1,-0.66201067,1,-1.353980303,1,1.102682114,1,-1.470006704,0,-1.063788295,0,-1.367719412,0
20.68393135,-3.699259758,1,8.388710022,1,-9.032265663,1,-0.116537303,1,-1.067590117,1,1.399564981,1,-1.480195522,0,-1.058808923,0,-1.35758388,0
20.68792915,-5.806678772,1,-18.96687317,1,-19.74121094,1,-0.092613772,1,-1.258773446,1,0.695266604,1,-1.489464283,0,-1.055044413,0,-1.347406745,0
20.69193077,9.948728561,1,-10.13434792,1,-14.45464706,1,-0.343612671,1,-1.562923551,1,0.978926063,1,-1.500461817,0,-1.052479029,0,-1.335668683,0
20.69593239,-2.592949867,1,-19.17479897,1,-18.75068092,1,-0.684085667,1,-1.694193125,1,1.681468248,1,-1.514751434,0,-1.047392011,0,-1.321516752,0
20.69993019,-3.286010742,1,-17.41879463,1,-11.65769958,1,-0.996231437,1,-2.012788773,1,1.616929889,1,-1.531219721,0,-1.04111743,0,-1.306475163,0
20.70392799,-14.6925087,1,1.306542397,1,-9.791344643,1,-1.067419529,1,-1.899857044,1,1.720426083,1,-1.549398541,0,-1.034762621,0,-1.290174484,0
20.70792961,-2.479723692,1,-0.850451648,1,-6.530763626,1,-1.030456901,1,-1.634564757,1,1.686923504,1,-1.5653404,0,-1.027920008,0,-1.276537538,0
20.71192932,-7.591002464,1,-3.245399237,1,-9.855698586,1,-1.136233568,1,-1.482740402,1,1.434543133,1,-1.580013037,0,-1.02165699,0,-1.264339924,0
20.71592903,-7.617634296,1,8.053818703,1,-7.097067356,1,-0.843212128,1,-1.487876296,1,1.385053873,1,-1.593416214,0,-1.015972614,0,-1.253167391,0
20.71993065,-12.3136673,1,12.92741871,1,-7.150700569,1,-0.59441644,1,-1.366126299,1,1.18136394,1,-1.605233073,0,-1.010667324,0,-1.242806911,0
20.72392845,-12.64967728,1,5.922895908,1,-6.923563004,1,-0.34495461,1,-1.301905632,1,1.031930804,1,-1.615209222,0,-1.006093979,0,-1.233154297,0
20.72792816,-11.4441967,1,0.301026374,1,-5.653634548,1,-0.172465175,1,-1.223006487,1,1.070529461,1,-1.623886347,0,-1.001702785,0,-1.224087954,0
20.73192978,-1.917070746,1,-10.87038136,1,-10.67778301,1,-0.318771571,1,-1.197485805,1,1.168168902,1,-1.631741047,0,-0.996938705,0,-1.215781212,0
20.73592758,-2.680932522,1,-4.287255764,1,-12.16034031,1,-0.477639198,1,-1.307930827,1,1.206359982,1,-1.640694141,0,-0.991857588,0,-1.207126856,0
20.73992729,-3.981434107,1,6.153404713,1,-13.68364811,1,-0.099568374,1,-1.443781853,1,1.211976647,1,-1.649667263,0,-0.986620903,0,-1.197859526,0
20.74392891,-4.072881222,1,-2.460822582,1,-15.19031143,1,-0.418303281,1,-1.811250687,1,1.150313377,1,-1.65960288,0,-0.981328845,0,-1.18691659,0
20.74793434,-6.727403641,1,5.102639675,1,-15.20542145,1,-0.453261137,1,-2.145815134,1,0.931148469,1,-1.672741175,0,-0.976446688,0,-1.173438787,0
20.75193405,-5.283152103,1,6.305263042,1,-16.79147148,1,-0.184606045,1,-2.492958784,1,0.883834839,1,-1.686918855,0,-0.971862137,0,-1.15781486,0
20.75593567,-3.910088778,1,-4.320070744,1,-16.68463135,1,-0.312333971,1,-2.88561058,1,0.807402432,1,-1.70277226,0,-0.967138052,0,-1.139677167,0
20.75993347,-5.317609787,1,-5.504943848,1,-17.9403553,1,-0.536191702,1,-3.22181201,1,0.727267027,1,-1.721337438,0,-0.9624331,0,-1.119145036,0
20.76393318,-2.949005842,1,-2.231705189,1,-19.75001907,1,-0.629644454,1,-3.617891788,1,0.77482754,1,-1.742205143,0,-0.957285106,0,-1.096568346,0
20.7679348,-3.964862108,1,-0.495336622,1,-22.85819626,1,-0.59051013,1,-4.156914711,1,0.832363486,1,-1.765417337,0,-0.95131892,0,-1.071116686,0
20.7719326,-0.979606152,1,-0.829137564,1,-20.60106659,1,-0.65174371,1,-4.668818474,1,0.840125561,1,-1.790884852,0,-0.944400072,0,-1.042783976,0
20.77593231,-3.185101509,1,-1.014386177,1,-21.4275589,1,-0.701620996,1,-5.239630222,1,0.813839018,1,-1.818976164,0,-0.93662113,0,-1.0113585,0
20.77993393,-2.794531107,1,-1.932779908,1,-22.47053337,1,-0.716978252,1,-5.730027676,1,0.822966814,1,-1.849250793,0,-0.927749634,0,-0.9772439,0
20.78393173,1.933009505,1,-1.993702888,1,-22.44021225,1,-0.714615226,1,-6.299087524,1,0.853238165,1,-1.881207347,0,-0.917550743,0,-0.94075942,0
20.78793144,3.373910189,1,-2.484105349,1,-22.86821747,1,-0.70561713,1,-7.014146805,1,0.855420291,1,-1.915130734,0,-0.905782342,0,-0.901411533,0
20.79193306,1.060685158,1,-3.401812553,1,-22.12947464,1,-0.777913511,1,-7.638864517,1,0.944589019,1,-1.844447732,0,-0.926043153,0,-0.965385556,0
20.79593086,3.413616657,1,-4.515517235,1,-22.31816864,1,-0.853101671,1,-8.287309647,1,0.983434677,1,-1.886188984,0,-0.913090825,0,-0.916971803,0
20.79993057,4.075650215,1,-4.357534409,1,-22.44200516,1,-0.962989807,1,-8.742489815,1,1.044300199,1,-1.929346204,0,-0.897972047,0,-0.866761327,0
20.80393219,4.005623341,1,-2.440506697,1,-23.14612579,1,-0.979825795,1,-8.743946075,1,1.203135967,1,-1.971246958,0,-0.880828619,0,-0.817836225,0
20.80792999,5.485422134,1,-4.685841084,1,-20.84206581,1,-0.984984636,1,-8.745129585,1,1.329465389,1,-2.01061058,0,-0.861948609,0,-0.771433711,0
20.8119297,3.702913046,1,-7.280210495,1,-20.70941925,1,-1.241495609,1,-8.75111866,1,1.544993758,1,-2.048019409,0,-0.84133637,0,-0.727638304,0
20.81593132,0.130296931,1,-5.819961548,1,-19.11004448,1,-1.232351303,1,-8.751889229,1,1.741691709,1,-2.08337307,0,-0.818928301,0,-0.686601162,0
20.81992912,-5.996256351,1,-2.099233389,1,-20.93736267,1,-1.078827739,1,-8.750650406,1,2.064347744,1,-2.115617275,0,-0.794649363,0,-0.648495913,0
20.82392883,-14.49395084,1,3.571443081,1,-21.30952263,1,-0.630434573,1,-8.742815018,1,2.111302853,1,-2.144065619,0,-0.768968225,0,-0.612980247,0
20.82793045,-23.31493187,1,3.085580826,1,-19.54808426,1,-0.118956774,1,-8.731006622,1,2.136422396,1,-2.16859293,0,-0.742579997,0,-0.579403222,0
20.83192825,-21.32333374,1,4.987409115,1,-17.76212883,1,0.227466688,1,-8.724310875,1,2.175205231,1,-2.189492464,0,-0.715477705,0,-0.547669113,0
20.83592796,-28.09690857,1,6.317636013,1,-16.23895073,1,0.7306692,1,-8.71308136,1,1.99482739,1,-2.207385063,0,-0.688232362,0,-0.51712662,0
20.83992958,-27.54948997,1,5.97715807,1,-14.50850105,1,1.511244059,1,-8.695326805,1,1.822183013,1,-2.221543789,0,-0.661261797,0,-0.487301677,0
20.84392738,-36.88146591,1,2.692922115,1,-14.47169876,1,2.024518251,1,-8.685674667,1,1.906527638,1,-2.231788158,0,-0.634179354,0,-0.458435506,0
20.84792709,-41.36275101,1,-1.78719604,1,-10.45728588,1,2.059930325,1,-8.666049957,1,2.295419693,1,-2.239347219,0,-0.606190085,0,-0.431180835,0
20.85192871,-41.15787506,1,-2.858880281,1,-9.309983253,1,1.728761792,1,-7.971878529,1,2.408735752,1,-2.245292187,0,-0.577944756,0,-0.406821012,0
20.85592651,-38.58389664,1,-0.647718549,1,-5.479077339,1,1.393413544,1,-7.09965229,1,2.57039237,1,-2.250040293,0,-0.551302135,0,-0.386363298,0
20.85992622,-30.60243225,1,-2.421824932,1,-1.947855234,1,1.174285531,1,-6.104408264,1,2.495201349,1,-2.253447533,0,-0.526794553,0,-0.369832695,0
20.86392784,-22.91535378,1,-5.434360981,1,-2.75977397,1,0.897036433,1,-5.258414745,1,2.579200268,1,-2.255540609,0,-0.504660308,0,-0.357038736,0
20.86793137,-25.39507103,1,-6.36219883,1,-4.866017342,1,0.286985278,1,-4.579490662,1,2.624954224,1,-2.257754803,0,-0.484149486,0,-0.347218186,0
20.87193108,-31.69540215,1,2.28911972,1,-2.453879356,1,-0.343781412,1,-4.416418552,1,2.834225893,1,-2.26146841,0,-0.464513123,0,-0.339552581,0
20.8759346,-62.50328445,1,2.235711336,1,-9.331748962,1,-0.346192002,1,-3.889889479,1,3.006943941,1,-2.265699387,0,-0.444541574,0,-0.333388954,0
20.8799305,-50.48383331,1,-2.699078798,1,-13.35755253,1,-0.37755689,1,-2.545517445,1,3.093508244,1,-2.267925501,0,-0.426998705,0,-0.331130862,0
20.88393021,-22.57444191,1,-1.917574406,1,-9.575738907,1,-0.695435405,1,-2.159515381,1,3.168555737,1,-2.269644499,0,-0.411532491,0,-0.332294405,0
20.88793373,-10.71066475,1,0.662315607,1,-6.965637207,1,-0.755237162,1,-2.541713476,1,3.265136957,1,-2.272090912,0,-0.395715296,0,-0.333568335,0
20.89193153,-10.29470634,1,0.890545249,1,-4.947829723,1,-0.740538418,1,-3.048346043,1,3.535946369,1,-2.274970531,0,-0.378121138,0,-0.333825648,0
20.89593124,-12.9107914,1,0.17137906,1,-6.112042427,1,-0.601445973,1,-3.552876711,1,3.780594349,1,-2.277916193,0,-0.358390599,0,-0.333219826,0
20.89993286,-17.83506966,1,0.390806526,1,-8.129025459,1,-0.391555935,1,-3.831108809,1,3.912188053,1,-2.280346394,0,-0.337020874,0,-0.33190909,0
20.90393066,-19.71894073,1,-0.033493295,1,-8.976819038,1,-0.163167849,1,-3.976895809,1,3.928252935,1,-2.282018185,0,-0.314916342,0,-0.33022517,0
20.90793037,-20.29177475,1,-0.730377436,1,-9.341371536,1,0.131192893,1,-4.099293232,1,3.891092539,1,-2.282718182,0,-0.292503864,0,-0.32810238,0
20.91193199,-20.27159309,1,-2.663691759,1,-9.98574543,1,0.369346946,1,-4.133936882,1,3.793657064,1,-2.282399416,0,-0.270073682,0,-0.325573504,0
20.91592979,-18.84381485,1,-4.836407185,1,-10.7821579,1,0.501320899,1,-4.086222172,1,3.637376547,1,-2.281363726,0,-0.248072729,0,-0.322724462,0
20.9199295,-18.01509476,1,-7.342840672,1,-11.37446117,1,0.54724586,1,-4.027397633,1,3.47842598,1,-2.279976845,0,-0.22669901,0,-0.319599569,0
20.92392921,-17.82063866,1,-9.224207878,1,-12.35087013,1,0.486935288,1,-3.990620613,1,3.357011318,1,-2.278605461,0,-0.205911398,0,-0.31624192,0
20.92792893,-18.31324959,1,-10.0878973,1,-13.07783699,1,0.350656718,1,-3.962637186,1,3.264427185,1,-2.277606487,0,-0.185514316,0,-0.312683761,0
20.93192864,-18.18109131,1,-10.74864292,1,-13.78173447,1,0.19483234,1,-3.945340157,1,3.199689388,1,-2.277151585,0,-0.165411934,0,-0.308991075,0
20.93593025,-17.61435318,1,-11.13567257,1,-14.33314228,1,0.035123799,1,-3.948469877,1,3.152688265,1,-2.277287006,0,-0.14550747,0,-0.305186987,0
20.93992806,-17.05256844,1,-11.04088211,1,-14.78607941,1,-0.092928268,1,-3.975195646,1,3.122510433,1,-2.277952909,0,-0.125681922,0,-0.301260173,0
20.94392586,-16.68663788,1,-10.97213078,1,-15.24046993,1,-0.213115975,1,-4.017792702,1,3.098582983,1,-2.27903676,0,-0.105851181,0,-0.297176421,0
20.94792748,-16.59573746,1,-10.66579819,1,-15.86427307,1,-0.305954814,1,-4.07541275,1,3.070922613,1,-2.280493021,0,-0.085939668,0,-0.292906046,0
20.95192528,-16.95924568,1,-10.32850742,1,-16.52926636,1,-0.367237508,1,-4.136527538,1,3.049225807,1,-2.282181501,0,-0.065937929,0,-0.288414508,0
20.9559269,-17.62514496,1,-9.95654583,1,-17.11774063,1,-0.392954499,1,-4.170821667,1,3.021624565,1,-2.283967972,0,-0.045890536,0,-0.283762515,0
20.95992851,-18.31972504,1,-9.635170937,1,-17.69137573,1,-0.394837558,1,-4.164942265,1,2.976238251,1,-2.285720587,0,-0.025904616,0,-0.279008865,0
20.96392632,-18.734272,1,-9.711382866,1,-18.0058651,1,-0.383251309,1,-4.13172245,1,2.928415775,1,-2.287354708,0,-0.006096513,0,-0.274234295,0
20.96792603,-18.77765846,1,-9.889751434,1,-18.26200294,1,-0.380123258,1,-4.066501141,1,2.897653341,1,-2.288863182,0,0.01346061,0,-0.269533277,0
20.97192764,-18.49405289,1,-10.37334251,1,-18.35766792,1,-0.400972247,1,-3.976233721,1,2.869472742,1,-2.290324688,0,0.032729391,0,-0.265014827,0
20.97592545,-18.21625137,1,-10.78410244,1,-18.30151367,1,-0.441627741,1,-3.880598068,1,2.853235006,1,-2.291826725,0,0.051693276,0,-0.260741949,0
20.97992516,-17.53804779,1,-11.26631641,1,-18.06620789,1,-0.507191837,1,-3.760367632,1,2.863948107,1,-2.293475151,0,0.07036493,0,-0.256803989,0
20.98392677,-17.80649567,1,-10.99912071,1,-18.09259796,1,-0.589060068,1,-3.671366453,1,2.846893072,1,-2.29537797,0,0.08878389,0,-0.253213525,0
20.9879303,-16.72076035,1,-11.42251873,1,-17.92321587,1,-0.670368016,1,-3.54569149,1,2.852491379,1,-2.297582865,0,0.106876239,0,-0.249977082,0
20.99193001,-15.50328827,1,-11.4897604,1,-17.72204781,1,-0.771505892,1,-3.486996651,1,2.878905773,1,-2.300134659,0,0.124795429,0,-0.247077271,0
20.99593163,-14.60375977,1,-11.3727808,1,-17.9043808,1,-0.861844599,1,-3.477738619,1,2.899718761,1,-2.303044796,0,0.142702594,0,-0.24439761,0
20.99992943,-13.89983082,1,-11.36853886,1,-18.01088524,1,-0.941084862,1,-3.473290443,1,2.926723719,1,-2.306270599,0,0.160667777,0,-0.241856962,0
21.00392914,-13.27720451,1,-11.50829506,1,-18.09629631,1,-1.006449938,1,-3.478569984,1,2.958366632,1,-2.309757233,0,0.178726077,0,-0.239443213,0
21.00793076,-13.54894733,1,-11.5820055,1,-18.02319336,1,-1.058098197,1,-3.45405364,1,2.979783297,1,-2.313447475,0,0.196882114,0,-0.23715362,0
21.01192856,-13.3482933,1,-11.9419508,1,-18.38899612,1,-1.13878119,1,-3.443293095,1,3.00986743,1,-2.317415476,0,0.215029836,0,-0.235075876,0
21.01592827,-12.55068302,1,-12.55500126,1,-18.42773247,1,-1.234565616,1,-3.375553846,1,3.026319027,1,-2.32174778,0,0.233146861,0,-0.23325792,0
21.01992989,-11.93009377,1,-13.13085651,1,-18.94355202,1,-1.356695056,1,-3.326538324,1,3.054870367,1,-2.326562405,0,0.25117451,0,-0.231753454,0
21.02392769,-11.76174068,1,-13.74052334,1,-20.06749725,1,-1.483032346,1,-3.278173923,1,3.073200226,1,-2.331946611,0,0.269201905,0,-0.230559841,0
21.0279274,-11.64332104,1,-13.59899139,1,-21.46372414,1,-1.585970044,1,-3.177152395,1,3.064142942,1,-2.337859154,0,0.287017316,0,-0.229683995,0
21.03192902,-12.30388069,1,-12.8188076,1,-23.04215813,1,-1.617826462,1,-3.070599794,1,3.012224197,1,-2.344125271,0,0.304471642,0,-0.229144752,0
21.03592682,-14.22972775,1,-12.94214916,1,-24.00261497,1,-1.62534678,1,-2.799249887,1,2.888803005,1,-2.350592852,0,0.321158379,0,-0.229020804,0
21.03992653,-14.86802578,1,-14.22738838,1,-24.29391861,1,-1.674438,1,-2.372544765,1,2.697098732,1,-2.357358456,0,0.336405158,0,-0.229590788,0
21.04392815,-14.10033607,1,-17.35969734,1,-24.05410957,1,-1.855818152,1,-1.804492354,1,2.460327625,1,-2.38616848,0,0.33081305,0,-0.222761989,0
21.04792595,-12.22669601,1,-19.51984978,1,-23.1230011,1,-2.241063118,1,-1.184119344,1,2.172368765,1,-2.395257235,0,0.341519058,0,-0.225623727,0
21.05192375,-9.207390785,1,-20.3092041,1,-21.37949371,1,-2.78610754,1,-0.571448505,1,1.855700254,1,-2.406567097,0,0.34954834,0,-0.229409888,0
21.05592537,-5.729128361,1,-20.05597115,1,-20.2892704,1,-3.338938951,1,-0.022021133,1,1.566606879,1,-2.420423985,0,0.354959846,0,-0.234022528,0
21.05992317,-3.502701044,1,-17.56492805,1,-19.6086483,1,-3.767800808,1,0.497679979,1,1.266181588,1,-2.436513901,0,0.357941121,0,-0.239261851,0
21.0639267,-1.735323071,1,-13.8429985,1,-19.12185097,1,-4.013510704,1,0.986860454,1,0.969430208,1,-2.454117537,0,0.358540773,0,-0.244960591,0
21.06792831,0.722815037,1,-10.34100723,1,-18.47161102,1,-4.039161205,1,1.471933961,1,0.599430144,1,-2.472330809,0,0.356698573,0,-0.250885427,0
21.07192612,2.836976051,1,-10.58992958,1,-16.70273781,1,-3.990457535,1,2.0003016,1,0.17725116,1,-2.490403414,0,0.352179646,0,-0.256724894,0
21.07592583,6.408830166,1,-9.868232727,1,-14.83268452,1,-4.010578632,1,2.483008623,1,-0.269874543,1,-2.508283377,0,0.344874412,0,-0.262301207,0
21.07992744,10.01525784,1,-9.671820641,1,-12.3798275,1,-4.028379917,1,2.891104698,1,-0.669017673,1,-2.526071787,0,0.335020125,0,-0.267343372,0
21.08392525,12.99716949,1,-8.215754509,1,-11.43928719,1,-3.88854599,1,3.198869228,1,-0.987441599,1,-2.543395042,0,0.323098898,0,-0.271815538,0
21.08792496,14.0135498,1,-5.754011631,1,-9.99848938,1,-3.634382248,1,3.506645918,1,-1.264165401,1,-2.559699297,0,0.309479207,0,-0.275715709,0
21.09192658,15.50340652,1,-2.140539169,1,-8.622514725,1,-3.245978594,1,3.953172207,1,-1.590904236,1,-2.574516296,0,0.293854058,0,-0.27919209,0
21.09592438,17.95672798,1,-0.105622321,1,-6.57621336,1,-2.717672586,1,4.363971233,1,-1.911521554,1,-2.587347984,0,0.276038051,0,-0.282224864,0
21.09992409,18.14580917,1,2.254974365,1,-5.133933067,1,-2.010194302,1,4.873734474,1,-2.254195452,1,-2.597545624,0,0.255940139,0,-0.284857154,0
21.1039238,16.24316216,1,4.182719231,1,-4.542108059,1,-1.141871095,1,5.376331329,1,-2.621435165,1,-2.604424953,0,0.233346939,0,-0.287109911,0
21.10792732,13.65997219,1,5.118877888,1,-4.491522789,1,-0.253549457,1,5.88214159,1,-2.960127831,1,-2.607628345,0,0.208264604,0,-0.289028227,0
21.11192703,12.77255726,1,5.278418064,1,-4.621162415,1,0.560377717,1,6.320054531,1,-3.210815191,1,-2.607342958,0,0.180935115,0,-0.290874302,0
21.11592865,11.90140629,1,4.86329031,1,-4.447528839,1,1.25053215,1,6.676156044,1,-3.415730953,1,-2.604011536,0,0.151802674,0,-0.292762637,0
21.11992645,11.17888927,1,4.296587944,1,-3.920529842,1,1.836171746,1,6.997012138,1,-3.586237431,1,-2.598097086,0,0.121135868,0,-0.294836581,0
21.12392616,10.33006954,1,3.091097832,1,-3.948572397,1,2.260244608,1,7.261506557,1,-3.70352602,1,-2.590117455,0,0.089179493,0,-0.297233254,0
21.12792778,8.762645721,1,1.452266097,1,-4.261385918,1,2.510596514,1,7.501301289,1,-3.762977839,1,-2.580738544,0,0.056221634,0,-0.300131917,0
21.13192558,7.172670364,1,-0.053826004,1,-4.679308891,1,2.576951981,1,7.742068291,1,-3.759943485,1,-2.570664167,0,0.022410762,0,-0.303759694,0
21.13592529,5.427845955,1,-1.410450339,1,-5.083851814,1,2.516592503,1,7.954351425,1,-3.711054325,1,-2.560470581,0,-0.012067559,0,-0.308328092,0
21.13992691,3.11345315,1,-1.696062088,1,-5.543199062,1,2.350713491,1,8.152132988,1,-3.645530939,1,-2.5505445,0,-0.047034528,0,-0.313878745,0
21.14392471,1.615395188,1,-2.51321888,1,-6.258556843,1,2.151133537,1,8.367691994,1,-3.508309364,1,-2.541110039,0,-0.082446247,0,-0.320575327,0
21.14792442,0.21486637,1,-2.370444298,1,-6.708812237,1,1.943878293,1,8.546993256,1,-3.329393148,1,-2.532122135,0,-0.118046083,0,-0.328603894,0
21.15192604,-1.329872012,1,-2.201636314,1,-7.457051754,1,1.744211793,1,8.722808838,1,-3.132531404,1,-2.52346468,0,-0.153721958,0,-0.338019162,0
21.15592384,-2.888090134,1,-1.762900591,1,-8.287195206,1,1.592016339,1,8.753253937,1,-2.941885471,1,-2.514976501,0,-0.189230755,0,-0.348699808,0
21.15992355,-4.524483204,1,-1.220089316,1,-9.013029099,1,1.481404424,1,8.749567986,1,-2.769782782,1,-2.506447554,0,-0.224233702,0,-0.360372365,0
21.16392517,-5.800737381,1,-0.516198337,1,-9.720497131,1,1.445406914,1,8.748369217,1,-2.617271423,1,-2.497602224,0,-0.25873667,0,-0.372986495,0
21.16792297,-6.729755878,1,0.270886809,1,-10.33460617,1,1.483538747,1,8.747430801,1,-2.489796162,1,-2.488084555,0,-0.292794675,0,-0.38649565,0
21.17192268,-7.955220222,1,0.893120885,1,-10.8547945,1,1.613354802,1,8.750076294,1,-2.386540413,1,-2.477517605,0,-0.326433659,0,-0.400894552,0
21.1759243,-8.714465141,1,1.002790213,1,-11.14349651,1,1.795813918,1,8.75377655,1,-2.299620867,1,-2.465558529,0,-0.359690964,0,-0.416180521,0
21.1799221,-9.174777985,1,0.772166967,1,-11.45720959,1,2.025403738,1,8.757886887,1,-2.214306831,1,-2.451958895,0,-0.392551333,0,-0.432418346,0
21.18392181,-10.00149345,1,0.534791946,1,-11.69855976,1,2.259706974,1,8.762529373,1,-2.1609478,1,-2.436552286,0,-0.425028086,0,-0.449632347,0
21.18792343,-10.85445309,1,0.405741006,1,-11.85009289,1,2.485481739,1,8.76748848,1,-2.149573326,1,-2.419289827,0,-0.457171679,0,-0.467806399,0
21.19192123,-10.74710846,1,0.003594474,1,-11.88941383,1,2.694557905,1,8.77126503,1,-2.148187876,1,-2.400199175,0,-0.48900944,0,-0.486956418,0
21.19592094,-10.47657871,1,-0.509708643,1,-11.8787756,1,2.873465538,1,8.775794983,1,-2.150204659,1,-2.379276276,0,-0.520517349,0,-0.507162094,0
21.19992256,-9.801296234,1,-0.826246381,1,-11.75560856,1,3.024891853,1,8.778612137,1,-2.139718294,1,-2.356550694,0,-0.551625073,0,-0.528558493,0
21.20392036,-9.493113518,1,-0.845743418,1,-11.47804737,1,3.165911436,1,8.780667305,1,-2.123931885,1,-2.331963539,0,-0.58226788,0,-0.551273823,0
21.20792007,-9.254894257,1,-0.60593909,1,-11.21802044,1,3.324888229,1,8.784295082,1,-2.085340738,1,-2.305368185,0,-0.61233598,0,-0.575490654,0
21.21192169,-8.716229439,1,-0.308891833,1,-10.98734474,1,3.515002489,1,8.787962914,1,-2.019043446,1,-2.276473761,0,-0.641691625,0,-0.60141927,0
21.2159195,-8.374336243,1,0.150403529,1,-10.79171371,1,3.745303869,1,8.791201591,1,-1.922994852,1,-2.244942427,0,-0.67015326,0,-0.62930119,0
21.21991921,-8.71999836,1,0.257730514,1,-10.49633121,1,3.967245579,1,8.795531273,1,-1.807168126,1,-2.210505962,0,-0.697549224,0,-0.659347117,0
21.22392082,-7.744141579,1,1.049121737,1,-11.01285553,1,4.260530949,1,8.801121712,1,-1.669659972,1,-2.172928095,0,-0.723691285,0,-0.691759944,0
21.22792625,-8.652183533,1,1.965849996,1,-10.92311764,1,4.589642048,1,8.806939125,1,-1.545309067,1,-2.131766796,0,-0.748410344,0,-0.726697803,0
21.23192596,-9.041110992,1,2.98357296,1,-11.43053341,1,4.996915817,1,8.814983368,1,-1.452118754,1,-2.086765766,0,-0.771634221,0,-0.764195323,0
21.23592758,-10.27670097,1,3.848430395,1,-11.89394188,1,5.417237282,1,8.823853493,1,-1.384591579,1,-2.037678719,0,-0.793274879,0,-0.804283559,0
21.23992539,-10.83493233,1,3.705561876,1,-12.32123947,1,5.846440315,1,8.832062721,1,-1.325353861,1,-1.98444593,0,-0.813227355,0,-0.846960127,0
21.2439251,-12.49898052,1,3.179466009,1,-12.92768383,1,6.245330334,1,8.840388298,1,-1.31232655,1,-1.927109361,0,-0.831388772,0,-0.892184973,0
21.24792671,-13.39674377,1,2.361041546,1,-13.654706,1,6.575654507,1,8.847598076,1,-1.373248458,1,-1.865983248,0,-0.847776771,0,-0.939806998,0
21.25192452,-13.86688232,1,1.267352462,1,-14.38882637,1,6.761032581,1,8.851885796,1,-1.476658821,1,-1.801658511,0,-0.862472236,0,-0.989650846,0
21.25592423,-13.74868965,1,-0.113298178,1,-15.24950218,1,6.813035965,1,8.853879929,1,-1.60556674,1,-1.734835386,0,-0.875467777,0,-1.04156208,0
21.25992584,-14.00631714,1,-1.26903522,1,-16.07642555,1,6.777999878,1,8.853752136,1,-1.770787835,1,-1.666115403,0,-0.886740327,0,-1.095385313,0
21.26392365,-14.01583767,1,-1.947545171,1,-17.07587242,1,6.69012022,1,8.852702141,1,-1.962959647,1,-1.595936179,0,-0.89631331,0,-1.150940299,0
21.26792336,-14.36721039,1,-1.658997655,1,-18.30117798,1,6.560843945,1,8.851666451,1,-2.194077492,1,-1.524649858,0,-0.904253066,0,-1.208067298,0
21.27192497,-14.89273071,1,-0.901757121,1,-19.46627426,1,6.427935123,1,8.850375175,1,-2.436778069,1,-1.452552795,0,-0.910568714,0,-1.266603589,0
21.27592278,-15.45419598,1,-0.429421216,1,-19.97339821,1,6.284407616,1,8.849065781,1,-2.702786684,1,-1.379826546,0,-0.915273011,0,-1.326399922,0
21.27992249,-15.85860443,1,0.421312243,1,-20.27784348,1,6.159106255,1,8.842629433,1,-3.004672527,1,-1.306593537,0,-0.918399096,0,-1.387309194,0
21.2839241,-16.33955383,1,0.819850862,1,-20.7342205,1,6.087622166,1,8.728470802,1,-3.308170319,1,-1.233168364,0,-0.920038342,0,-1.44885242,0
21.28792191,-16.67193413,1,0.389759809,1,-21.05618668,1,5.985768795,1,8.608525276,1,-3.611772776,1,-1.159970045,0,-0.920248091,0,-1.510500908,0
21.29192162,-17.35168457,1,0.163729638,1,-21.63303185,1,5.83875227,1,8.466367722,1,-3.89059186,1,-1.149520159,0,-1.003229141,0,-1.66525805,0
21.29592323,-18.87928009,1,-0.032009292,1,-22.14229774,1,5.649570942,1,8.343160629,1,-4.174125671,1,-1.068087101,0,-1.002675891,0,-1.73458457,0
21.29992104,-20.75339317,1,0.51108247,1,-22.74107361,1,5.4474473,1,8.211867332,1,-4.460746765,1,-0.987630546,0,-1.000353575,0,-1.803744674,0
21.30392075,-22.35644531,1,1.455666184,1,-23.33805084,1,5.266270161,1,8.066238403,1,-4.737049103,1,-0.908496797,0,-0.996304274,0,-1.872395635,0
21.30792236,-24.89461327,1,2.107456446,1,-24.16655731,1,5.136209011,1,7.898477554,1,-4.992305279,1,-0.830971241,0,-0.990583301,0,-1.94011724,0
21.31192017,-27.55027962,1,2.689446926,1,-24.57526398,1,5.030184269,1,7.71402216,1,-5.223185539,1,-0.755230248,0,-0.983222485,0,-2.006513596,0
21.31591988,-30.99512291,1,3.103903294,1,-24.91875267,1,4.895171165,1,7.480819225,1,-5.427456856,1,-0.681780398,0,-0.974359691,0,-2.071119308,0
21.31992149,-34.35102844,1,3.185919046,1,-24.30696487,1,4.778159142,1,7.192048073,1,-5.56368494,1,-0.611076355,0,-0.96417582,0,-2.133388042,0
21.3239193,-37.39339447,1,3.484362364,1,-23.41574478,1,4.638333797,1,6.790891647,1,-5.665093899,1,-0.543657243,0,-0.952979267,0,-2.192732573,0
21.3279171,-39.41239929,1,4.837615967,1,-22.77254105,1,4.464660168,1,6.283902645,1,-5.718281746,1,-0.480010867,0,-0.941292465,0,-2.248720884,0
21.33191872,-42.51226807,1,7.263309479,1,-21.61523056,1,4.39280653,1,5.713533401,1,-5.719329834,1,-0.420220226,0,-0.929654717,0,-2.301042557,0
21.33591652,-46.39019775,1,9.769687653,1,-19.6999588,1,4.374424934,1,5.096405506,1,-5.690710545,1,-0.36379087,0,-0.918379664,0,-2.349758387,0
21.33991814,-49.6108284,1,11.73997784,1,-17.76174545,1,4.388332844,1,4.478182316,1,-5.559790611,1,-0.310500383,0,-0.907768309,0,-2.394907951,0
21.34392357,-52.79722214,1,9.811947823,1,-15.20445824,1,4.309756756,1,3.946809292,1,-5.307758808,1,-0.260593325,0,-0.897750795,0,-2.436269522,0
21.347929,-53.57938766,1,6.421851635,1,-11.94766712,1,3.968064308,1,3.462793112,1,-4.914021969,1,-0.214917898,0,-0.888156652,0,-2.47356534,0
21.35192871,-52.11377716,1,4.87671423,1,-8.340114594,1,3.377295732,1,2.93411684,1,-4.429680824,1,-0.174796551,0,-0.879214525,0,-2.506406784,0
21.35593033,-49.26080322,1,6.501782417,1,-5.154695034,1,2.706980705,1,2.344778299,1,-3.890811443,1,-0.140936702,0,-0.871387184,0,-2.53464818,0
21.35992813,-47.01029968,1,11.08594894,1,-1.8342731,1,2.108059168,1,1.760431528,1,-3.357594967,1,-0.113133505,0,-0.8650949,0,-2.558521271,0
21.36392784,-47.81462097,1,13.89083385,1,0.973184526,1,1.673237205,1,1.29524529,1,-2.795484781,1,-0.090559863,0,-0.860320807,0,-2.578299046,0
21.36792946,-49.05825806,1,12.86687946,1,3.477385998,1,1.231483459,1,0.988085032,1,-2.18468523,1,-0.072806008,0,-0.856602907,0,-2.594079018,0
21.37192726,-48.3383255,1,10.32923222,1,5.850729465,1,0.703895628,1,0.743701756,1,-1.535674572,1,-0.060112759,0,-0.853644729,0,-2.605738878,0
21.37592697,-45.80130005,1,8.555380821,1,7.664195538,1,0.113663152,1,0.473530561,1,-0.907135427,1,-0.052775688,0,-0.851468921,0,-2.613332987,0
21.37992859,-43.35257721,1,8.767884254,1,8.101495743,1,-0.411646008,1,0.210144088,1,-0.341258049,1,-0.050474051,0,-0.850234509,0,-2.617212534,0
21.38392639,-41.126297,1,9.432398796,1,8.255208015,1,-0.761231482,1,-0.030049639,1,0.184615493,1,-0.052482512,0,-0.84989965,0,-2.617719889,0
21.38792801,-38.08047104,1,9.674339294,1,7.982955933,1,-0.919507205,1,-0.249173671,1,0.677735209,1,-0.057928544,0,-0.850351989,0,-2.615015984,0
21.39192772,-34.01440048,1,10.50627136,1,8.145133972,1,-0.938140273,1,-0.495938927,1,1.04169333,1,-0.065733962,0,-0.85162133,0,-2.609623432,0
21.39592743,-29.78358078,1,9.933979988,1,8.21386528,1,-0.859865725,1,-0.74503845,1,1.304422259,1,-0.074911512,0,-0.853768349,0,-2.602212191,0
21.39992523,-4.132966995,1,-0.874277115,1,-7.933645248,1,-1.036407232,1,-1.052373052,1,1.576749802,1,-0.085373685,0,-0.85684818,0,-2.593129873,0
21.40392685,-12.68640518,1,8.252880096,1,5.221241951,1,-1.450801253,1,-2.851899147,1,1.988681912,1,-0.099435769,0,-0.863617718,0,-2.581225634,0
21.40792465,-50.39862823,1,-11.10385036,1,35.21279144,1,-2.662159681,1,-3.885476589,1,2.491444826,1,-0.119646534,0,-0.876587451,0,-2.564675331,0
21.41192436,-0.734752417,1,-33.06958771,1,22.63042831,1,-5.289426327,1,-5.405466557,1,3.310419798,1,-0.152319208,0,-0.892903149,0,-2.543324709,0
21.41592598,0.959851623,1,-7.698354244,1,14.19814014,1,-6.831552505,1,-8.355150223,1,4.565509319,1,-0.203072101,0,-0.916995943,0,-2.509927273,0
21.41992378,-4.042361736,1,-19.7042942,1,-17.53534317,1,-7.346396446,1,-8.896731377,1,4.833376884,1,-0.266965955,0,-0.946658373,0,-2.465364933,0
21.42392349,-1.363327384,1,-16.31248856,1,-59.82236862,1,-5.882865906,1,-8.87055397,1,5.455703735,1,-0.337032616,0,-0.974485457,0,-2.412735462,0
21.42792511,5.749482155,1,-43.80764008,1,-78.66002655,1,-7.769652367,1,-8.911056519,1,5.858475208,1,-0.415334076,0,-0.999334872,0,-2.351207256,0
21.43192291,-28.55498886,1,-19.42867851,1,-57.30848312,1,-8.615821838,1,-8.931911469,1,6.33984375,1,-0.508925319,0,-1.020422816,0,-2.280225039,0
21.43592262,-48.87842178,1,27.45838165,1,-17.97041321,1,-8.613864899,1,-8.930908203,1,6.153945446,1,-0.610384166,0,-1.037332296,0,-2.202034712,0
21.43992424,-41.50058746,1,32.53288651,1,-19.49943924,1,-8.070243835,1,-8.915014267,1,5.14172554,1,-0.712673247,0,-1.051629186,0,-2.122861624,0
21.44392204,-48.52482986,1,29.99761963,1,-30.83377075,1,-6.863237858,1,-8.883280754,1,4.236215591,1,-0.810359716,0,-1.064525247,0,-2.045243263,0
21.44792175,-66.41453552,1,37.98238754,1,-16.90351295,1,-5.85028553,1,-8.859384537,1,3.74068141,1,-0.903704047,0,-1.075690985,0,-1.967581034,0
21.45192337,-75.20436859,1,27.29328728,1,-2.887876987,1,-4.957656384,1,-8.841808319,1,3.788772106,1,-0.995250046,0,-1.084261656,0,-1.888221979,0
21.45592117,-105.9044876,1,11.82522964,1,-11.54418087,1,-4.451586246,1,-7.207767487,1,3.93488431,1,-1.084079385,0,-1.087686896,0,-1.809142232,0
21.45992088,-129.1377258,1,4.50804472,1,-25.97083473,1,-3.299269438,1,-2.325579882,1,2.561297894,1,-1.143655896,0,-1.084156752,0,-1.759831071,0
21.4639225,-32.93810272,1,9.611532211,1,1.851531386,1,-2.02270484,1,-0.816335738,1,1.041811943,1,-1.167345047,0,-1.079667926,0,-1.744608164,0
21.4679203,14.46370792,1,13.52263355,1,-7.006342888,1,-1.605715632,1,-1.940830231,1,0.50568521,1,-1.18643105,0,-1.079229116,0,-1.731104732,0
21.47192574,-15.1144495,1,30.27621651,1,-21.35321617,1,-0.916421771,1,-1.328144431,1,1.071866274,1,-1.205733895,0,-1.079161286,0,-1.714984059,0
21.47592735,-15.3456192,1,13.69173908,1,-4.602755547,1,-0.406415224,1,-0.773156822,1,1.580735207,1,-1.218821764,0,-1.075273395,0,-1.703075528,0
21.47992516,-3.805653095,1,-14.54999733,1,-3.35883832,1,-0.366884172,1,-0.921119452,1,0.997737944,1,-1.229241848,0,-1.071421385,0,-1.692862034,0
21.48392487,-12.47419643,1,-9.048946381,1,-13.86272907,1,-0.338833541,1,-0.903749347,1,0.726725221,1,-1.239143372,0,-1.069620371,0,-1.683167219,0
21.48792648,4.280525208,1,-0.25866282,1,-15.5323534,1,-0.459649026,1,-1.003940582,1,1.119248629,1,-1.249226451,0,-1.067386627,0,-1.673466921,0
21.49192429,5.101007462,1,-7.372283936,1,-14.19882393,1,-0.582439005,1,-1.230486751,1,1.386781693,1,-1.261863351,0,-1.063884139,0,-1.661409497,0
21.495924,-5.856519222,1,-10.99470806,1,-10.37009239,1,-0.765066147,1,-1.390690088,1,1.304516077,1,-1.276473761,0,-1.060325146,0,-1.647780895,0
21.49992561,-12.0815382,1,-4.858315945,1,-7.599957943,1,-0.78620857,1,-1.290280938,1,1.238192558,1,-1.291394711,0,-1.056979299,0,-1.634217024,0
21.50392342,-6.594425678,1,0.548536777,1,-7.342805386,1,-0.743960977,1,-1.200636029,1,1.286252022,1,-1.305402756,0,-1.053416371,0,-1.621694326,0
21.50792313,-4.73947382,1,0.231993854,1,-9.66240406,1,-0.769477546,1,-1.087258339,1,1.222444892,1,-1.318413019,0,-1.049761415,0,-1.610164523,0
21.51192665,-3.658339262,1,-2.715456724,1,-8.738512993,1,-0.817361355,1,-1.023804545,1,1.301610827,1,-1.330757141,0,-1.045917869,0,-1.599565029,0
21.51592255,-11.94120884,1,-4.134607792,1,-6.151359558,1,-0.883969009,1,-0.921737373,1,1.340844274,1,-1.342923999,0,-1.041625738,0,-1.589462996,0
21.51992226,-10.1025486,1,1.014142513,1,-6.730085373,1,-0.828265429,1,-0.752866924,1,1.179554939,1,-1.353758216,0,-1.037439346,0,-1.580890417,0
21.52392578,-4.03963232,1,8.292829514,1,-9.748671532,1,-0.706221282,1,-0.758701086,1,1.036542058,1,-1.363410592,0,-1.033737302,0,-1.57329762,0
21.52792358,-5.211643219,1,7.741019726,1,-10.11807823,1,-0.475854427,1,-0.795404732,1,0.873218238,1,-1.372121215,0,-1.030626893,0,-1.56586957,0
21.53192329,-6.205534935,1,4.64169836,1,-9.54542923,1,-0.302196294,1,-0.789911032,1,0.687597573,1,-1.37987268,0,-1.02817297,0,-1.558642149,0
21.53592491,-7.77557373,1,4.362356663,1,-8.831063271,1,-0.165223449,1,-0.787592292,1,0.587390065,1,-1.38670516,0,-1.026277661,0,-1.551727414,0
21.53992271,-9.106471062,1,1.577813983,1,-7.59901619,1,-0.097291172,1,-0.775523543,1,0.52978909,1,-1.392938614,0,-1.02463448,0,-1.545033216,0
21.54392242,-7.969624996,1,-2.269151449,1,-7.727277279,1,-0.165133521,1,-0.784894705,1,0.472448021,1,-1.575549483,0,-1.027499199,0,-1.387595654,0
21.54792404,-6.692746162,1,-1.658233285,1,-7.974808693,1,-0.176730424,1,-0.729597569,1,0.470018983,1,-1.581226587,0,-1.025613785,0,-1.381777406,0
21.55192184,-5.678254604,1,-2.46488595,1,-8.996300697,1,-0.163851961,1,-0.698354363,1,0.509908915,1,-1.586565256,0,-1.023605227,0,-1.376323938,0
21.55592156,-6.030141354,1,-6.266091824,1,-10.19099617,1,-0.317106694,1,-0.716381729,1,0.58258611,1,-1.591962218,0,-1.021398544,0,-1.370959759,0
21.55992317,-7.670532703,1,-0.668014586,1,-9.037730217,1,-0.342961341,1,-0.909886837,1,0.55695498,1,-1.598505974,0,-1.019182205,0,-1.365309477,0
21.56392098,-5.106209755,1,-0.147270679,1,-10.98909664,1,-0.50675869,1,-0.871826768,1,0.567498505,1,-1.605805516,0,-1.016718149,0,-1.358734131,0
21.56792069,-4.743191242,1,-0.605896056,1,-12.63843536,1,-0.337830156,1,-1.075604796,1,0.573605001,1,-1.613752127,0,-1.014216185,0,-1.351367474,0
21.5719223,-3.650437832,1,0.82572037,1,-12.69162273,1,-0.336107552,1,-1.255671978,1,0.548375189,1,-1.622266889,0,-1.011770725,0,-1.342882514,0
21.57592011,-5.650629997,1,0.702337444,1,-13.11402512,1,-0.368245572,1,-1.481424451,1,0.482211381,1,-1.632194996,0,-1.00939846,0,-1.332833052,0
21.57991982,-6.167771816,1,-0.894554496,1,-13.18035889,1,-0.352813244,1,-1.694193602,1,0.476180404,1,-1.643466115,0,-1.007061362,0,-1.32117641,0
21.58392143,-4.779975414,1,-1.048744321,1,-12.98557472,1,-0.325585425,1,-1.922527552,1,0.499400944,1,-1.655959487,0,-1.004541159,0,-1.308028102,0
21.58791924,-4.99406004,1,-1.941077471,1,-13.8392868,1,-0.311500877,1,-2.150170803,1,0.513433993,1,-1.669653535,0,-1.001783609,0,-1.293280125,0
21.59192467,-4.407903194,1,-2.701700449,1,-14.90540314,1,-0.368214339,1,-2.395653963,1,0.538637817,1,-1.684749842,0,-0.998713076,0,-1.276916981,0
21.59592629,-2.908294201,1,-2.71761775,1,-15.51103783,1,-0.494305968,1,-2.687196016,1,0.540209353,1,-1.701667309,0,-0.995314479,0,-1.258847237,0
21.59992409,-4.006546021,1,-1.386220574,1,-16.54096603,1,-0.532423019,1,-3.016863108,1,0.553687751,1,-1.720616341,0,-0.991583824,0,-1.238687754,0
21.60392189,-3.472557306,1,0.24935393,1,-15.63964176,1,-0.521998882,1,-3.303918123,1,0.561913252,1,-1.741176009,0,-0.987340868,0,-1.216614127,0
21.60792351,-2.605140924,1,1.323870063,1,-15.80421162,1,-0.465206742,1,-3.619784117,1,0.545316696,1,-1.763100147,0,-0.982666731,0,-1.192694664,0
21.61192131,-2.344192266,1,1.123017311,1,-16.21017838,1,-0.430159777,1,-3.914231777,1,0.531807601,1,-1.786250472,0,-0.977488399,0,-1.16694653,0
21.61592102,-1.624007463,1,0.060074564,1,-15.65903187,1,-0.407991976,1,-4.216567993,1,0.539895356,1,-1.810541749,0,-0.971732736,0,-1.139619946,0
21.61992264,-0.735826731,1,-0.722453713,1,-15.18623447,1,-0.408793002,1,-4.556540966,1,0.583812594,1,-1.836052895,0,-0.965188146,0,-1.110638142,0
21.62392044,-2.680878162,1,-1.673142195,1,-15.04875469,1,-0.426097065,1,-4.879504204,1,0.654123425,1,-1.862757564,0,-0.957608938,0,-1.080085635,0
21.62792015,-3.985337257,1,-2.573264837,1,-14.73914909,1,-0.464442968,1,-5.152256489,1,0.759334445,1,-1.890294909,0,-0.948850095,0,-1.048496127,0
21.63192177,-2.543423414,1,-2.174152851,1,-13.93820477,1,-0.442156911,1,-5.407697678,1,0.797645748,1,-1.918266535,0,-0.939000547,0,-1.016231894,0
21.63591957,-1.19976759,1,-1.073081851,1,-13.67483616,1,-0.373582959,1,-5.713354588,1,0.8725546,1,-1.946405411,0,-0.928010702,0,-0.983289242,0
21.63991928,-3.046865463,1,-0.545050919,1,-13.42880249,1,-0.277383834,1,-5.991460323,1,0.951990366,1,-1.97445786,0,-0.915739417,0,-0.949693739,0
21.6439209,-2.279040337,1,-0.868763626,1,-12.56537819,1,-0.232866973,1,-6.259437561,1,1.036610484,1,-2.002133608,0,-0.902172685,0,-0.915896356,0
21.6479187,-2.407441139,1,-1.92381978,1,-12.80585289,1,-0.278001934,1,-6.51024437,1,1.12700057,1,-2.029593468,0,-0.88726759,0,-0.88200891,0
21.65191841,-2.657140255,1,-2.085407257,1,-12.11324596,1,-0.28135851,1,-6.644119263,1,1.222995996,1,-2.056478024,0,-0.871101439,0,-0.848613977,0
21.65592003,-2.686898232,1,-0.933257163,1,-12.20428562,1,-0.293159783,1,-7.02579689,1,1.439397931,1,-2.082623243,0,-0.853341341,0,-0.815628052,0
21.65991783,-8.013850212,1,0.246434495,1,-12.13359356,1,-0.312307119,1,-7.099757671,1,1.431714296,1,-2.108141422,0,-0.834171236,0,-0.783117175,0
21.66391754,-10.73190594,1,1.058027387,1,-11.66659927,1,-0.332541138,1,-7.108808994,1,1.360834837,1,-2.13247633,0,-0.81455338,0,-0.751727164,0
21.66791916,-11.21914005,1,1.196462154,1,-11.45271683,1,-0.314935476,1,-7.072530746,1,1.279751658,1,-2.155581951,0,-0.794725895,0,-0.721495807,0
21.67191696,-9.520411491,1,1.597737432,1,-11.12946606,1,-0.252338678,1,-7.090397358,1,1.221406579,1,-2.177318811,0,-0.774708509,0,-0.692350686,0
21.67591667,-10.24769878,1,1.780819654,1,-11.34295273,1,-0.154236808,1,-7.123387337,1,1.132651925,1,-2.197769403,0,-0.754401624,0,-0.663993716,0
21.67991829,-13.77518082,1,1.648072004,1,-11.90411949,1,0.002903582,1,-7.050272942,1,1.05276382,1,-2.216719151,0,-0.734024644,0,-0.636482358,0
21.68391609,-13.90832806,1,2.540859461,1,-11.0024004,1,0.213837653,1,-6.869129658,1,0.97967875,1,-2.233635187,0,-0.713841438,0,-0.610326171,0
21.6879158,-13.72417927,1,2.863270283,1,-11.10038376,1,0.48256138,1,-6.710618973,1,0.881484151,1,-2.248386621,0,-0.69405371,0,-0.585425436,0
21.69191742,-18.41127968,1,3.279856682,1,-10.89659691,1,0.795799613,1,-6.442195892,1,0.830272436,1,-2.26072669,0,-0.674725294,0,-0.561842144,0
21.69591522,-18.6028614,1,1.654641628,1,-9.023067474,1,1.078410149,1,-6.102129459,1,0.849422932,1,-2.270398855,0,-0.656137347,0,-0.540050209,0
21.69991493,-15.87963581,1,-1.043372631,1,-7.084862232,1,1.128897548,1,-5.888333797,1,0.959156156,1,-2.277929068,0,-0.637872577,0,-0.520134628,0
21.70391846,-16.20149994,1,-1.313556671,1,-6.565651417,1,1.073326111,1,-5.680166721,1,0.910225153,1,-2.284516096,0,-0.61992377,0,-0.501463294,0
21.70791435,-18.09148407,1,-1.171508431,1,-5.376868248,1,1.015125155,1,-5.481573582,1,0.921137512,1,-2.290425539,0,-0.602539957,0,-0.483857572,0
21.71192169,-19.93058968,1,-2.821388483,1,-5.028329849,1,0.824189544,1,-5.350905895,1,1.010418653,1,-2.295954227,0,-0.585286856,0,-0.467315584,0
21.71592331,-21.51449585,1,-3.827094078,1,-4.525402069,1,0.587923408,1,-5.020495892,1,1.018072486,1,-2.301469088,0,-0.56844908,0,-0.452036768,0
21.71992111,-19.40472412,1,-4.727878094,1,-4.136368752,1,0.29707095,1,-4.828075886,1,1.106187224,1,-2.307054996,0,-0.552126288,0,-0.438148171,0
21.72391892,-20.84207726,1,-5.90674305,1,-4.955783367,1,-0.067999788,1,-4.656602859,1,1.158106565,1,-2.313205242,0,-0.535994709,0,-0.425332069,0
21.72792053,-21.42278481,1,-7.16617775,1,-5.950131416,1,-0.536416113,1,-4.471731663,1,1.260008454,1,-2.320307255,0,-0.520058095,0,-0.413596064,0
21.73191834,-17.54784584,1,-6.816739559,1,-5.339584351,1,-1.078901649,1,-4.405162334,1,1.316376805,1,-2.328780651,0,-0.504174531,0,-0.402870834,0
21.73591805,-20.6166687,1,-0.877340794,1,-3.912957668,1,-1.439364195,1,-4.595019341,1,1.385112882,1,-2.338979721,0,-0.487855524,0,-0.392289102,0
21.73991966,-33.52757263,1,0.972955942,1,-9.827846527,1,-1.253073215,1,-4.262654781,1,1.293370366,1,-2.349174261,0,-0.471471548,0,-0.382130444,0
21.74391747,-27.23318291,1,-0.696755826,1,-12.0681324,1,-0.929977655,1,-3.723669767,1,1.109677553,1,-2.357453346,0,-0.456825316,0,-0.373298347,0
21.74791718,-16.91372108,1,-0.470217437,1,-10.78550339,1,-0.691936135,1,-3.549443722,1,0.984491706,1,-2.364188671,0,-0.443656683,0,-0.36528793,0
21.75191879,-13.35945511,1,0.990890503,1,-9.469197273,1,-0.391260237,1,-3.745449543,1,0.954741538,1,-2.36984539,0,-0.430575967,0,-0.357120335,0
21.7559166,-15.14757919,1,-0.455098271,1,-10.34009838,1,-0.03811346,1,-3.880962372,1,1.04050374,1,-2.374197245,0,-0.416831225,0,-0.348576665,0
21.75991631,-15.23107243,1,-2.245527506,1,-11.22246075,1,0.212796211,1,-3.920208931,1,1.167564631,1,-2.377151489,0,-0.402531415,0,-0.340244412,0
21.76391792,-14.08309078,1,-2.461826563,1,-11.61049271,1,0.409943193,1,-3.966524124,1,1.323571801,1,-2.378940821,0,-0.387696564,0,-0.332327574,0
21.76791763,-13.57516861,1,-2.933621883,1,-11.90251827,1,0.590997338,1,-4.045437813,1,1.519119263,1,-2.379706621,0,-0.372182667,0,-0.324827999,0
21.77191544,-13.74713707,1,-4.210149288,1,-12.29692554,1,0.724970162,1,-4.085995197,1,1.766698241,1,-2.379538774,0,-0.355874509,0,-0.31788218,0
21.77591705,-14.46025276,1,-5.505547047,1,-12.96579838,1,0.799205184,1,-4.074475288,1,2.030013561,1,-2.378571272,0,-0.338814259,0,-0.311715722,0
21.77991486,-14.41972065,1,-6.18685627,1,-13.52872276,1,0.80833894,1,-4.009248734,1,2.285170794,1,-2.377051115,0,-0.32115984,0,-0.306471527,0
21.78391457,-14.03771973,1,-6.585508347,1,-14.04822254,1,0.797366261,1,-3.924031019,1,2.531200647,1,-2.375146389,0,-0.303046882,0,-0.302212119,0
21.78791618,-13.59761143,1,-6.91493082,1,-14.25901699,1,0.774605572,1,-3.829761267,1,2.789031744,1,-2.372943878,0,-0.284497738,0,-0.298943341,0
21.79191399,-13.16283321,1,-7.217068672,1,-14.54079628,1,0.739789963,1,-3.722874641,1,3.060107708,1,-2.360417843,0,-0.248683214,0,-0.319718212,0
21.7959137,-12.87718582,1,-7.736820221,1,-14.7958746,1,0.675140142,1,-3.601765394,1,3.341739178,1,-2.357886553,0,-0.229259491,0,-0.318422556,0
21.79991531,-12.58920956,1,-8.147680283,1,-14.88523674,1,0.605783522,1,-3.456809282,1,3.629806995,1,-2.355355501,0,-0.209413499,0,-0.318304032,0
21.80391312,-12.28107834,1,-8.298321724,1,-14.91798019,1,0.537171483,1,-3.314352274,1,3.93331933,1,-2.352869987,0,-0.189144656,0,-0.319406927,0
21.80791283,-12.53247833,1,-8.385775566,1,-15.12669277,1,0.478080839,1,-3.161366701,1,4.238716602,1,-2.350421667,0,-0.168418422,0,-0.321746975,0
21.81191444,-12.9189291,1,-8.53765583,1,-15.58916187,1,0.434908777,1,-2.99959445,1,4.54002285,1,-2.348027945,0,-0.147259966,0,-0.325347841,0
21.81591225,-13.32212639,1,-8.603648186,1,-16.21113396,1,0.381591707,1,-2.845364332,1,4.805325985,1,-2.345738173,0,-0.125724316,0,-0.330148399,0
21.81991196,-13.75685501,1,-8.486400604,1,-17.02435493,1,0.343256652,1,-2.689086437,1,5.025164127,1,-2.343613148,0,-0.103920534,0,-0.336022437,0
21.82391357,-14.48861885,1,-8.917303085,1,-18.07538986,1,0.31288594,1,-2.534504175,1,5.190211773,1,-2.341664553,0,-0.081987694,0,-0.342809319,0
21.82791138,-14.7589283,1,-9.717500687,1,-19.46366119,1,0.23926416,1,-2.388302326,1,5.310077667,1,-2.340015173,0,-0.060051862,0,-0.350397348,0
21.83191681,-14.62399006,1,-10.8854351,1,-20.55405426,1,0.117247969,1,-2.229221106,1,5.38013792,1,-2.338890076,0,-0.038245894,0,-0.358636618,0
21.83591843,-14.51373291,1,-12.24859047,1,-21.05786514,1,-0.07940501,1,-2.070809126,1,5.405493736,1,-2.338551998,0,-0.016726708,0,-0.367440283,0
21.83991623,-14.12126255,1,-13.95039558,1,-21.18806267,1,-0.363685936,1,-1.878299594,1,5.371095657,1,-2.339358807,0,0.00427313,0,-0.37675488,0
21.84391594,-14.40740108,1,-15.39319992,1,-20.74312401,1,-0.773707032,1,-1.622205973,1,5.275779724,1,-2.341733694,0,0.024467122,0,-0.386546314,0
21.84791946,-13.55369949,1,-16.75770187,1,-19.68775558,1,-1.293848753,1,-1.315290213,1,5.138210297,1,-2.34620142,0,0.043476317,0,-0.396895766,0
21.85191536,-13.04983521,1,-17.45529175,1,-18.27925682,1,-1.881204605,1,-0.991273582,1,4.980672359,1,-2.353125572,0,0.061129786,0,-0.407830238,0
21.85591698,-12.7604208,1,-17.1302681,1,-17.21389961,1,-2.42956996,1,-0.649172008,1,4.825850487,1,-2.362564087,0,0.077300511,0,-0.419430554,0
21.85991859,-11.86125469,1,-15.84664249,1,-16.5773735,1,-2.91067934,1,-0.336018503,1,4.641787052,1,-2.374306917,0,0.091926776,0,-0.431662142,0
21.8639164,-10.80583668,1,-14.16423321,1,-16.59130478,1,-3.265051842,1,-0.041316848,1,4.442361832,1,-2.387937784,0,0.104995087,0,-0.444375098,0
21.86791611,-9.385773659,1,-12.33751965,1,-16.76642799,1,-3.492961168,1,0.206231609,1,4.204212189,1,-2.402932405,0,0.116478749,0,-0.457391292,0
21.87191773,-7.943379402,1,-10.28152847,1,-16.79309273,1,-3.57933116,1,0.409141511,1,3.91514349,1,-2.418682575,0,0.126401693,0,-0.470420003,0
21.87591553,-7.139206886,1,-9.077796936,1,-16.28674316,1,-3.566865206,1,0.635212421,1,3.561303139,1,-2.43465519,0,0.134624362,0,-0.483204991,0
21.87991524,-5.920023441,1,-9.523985863,1,-15.60801792,1,-3.562837601,1,0.879471064,1,3.146570206,1,-2.450587749,0,0.140944242,0,-0.495536029,0
21.88391686,-3.959639788,1,-10.64238644,1,-14.56382179,1,-3.651592016,1,1.118109345,1,2.713364601,1,-2.466665745,0,0.145235538,0,-0.507265925,0
21.88791466,-2.463383436,1,-11.39213371,1,-13.04999733,1,-3.800173283,1,1.373146653,1,2.296671391,1,-2.483175516,0,0.147518098,0,-0.518315911,0
21.89191437,-1.044740796,1,-11.20842838,1,-11.90377045,1,-3.894211292,1,1.630906582,1,1.92054224,1,-2.500113964,0,0.147830054,0,-0.528772652,0
21.89591599,-0.401346505,1,-10.16144753,1,-11.29618073,1,-3.892084837,1,1.890615344,1,1.55659306,1,-2.517161608,0,0.146260142,0,-0.538632631,0
21.89991379,0.471829772,1,-8.404834747,1,-10.7585392,1,-3.768213987,1,2.154325008,1,1.19879508,1,-2.533850193,0,0.142830178,0,-0.547917128,0
21.9039135,1.374307871,1,-6.424117088,1,-9.953546524,1,-3.546104431,1,2.411368847,1,0.861527979,1,-2.549711704,0,0.137627587,0,-0.556537449,0
21.90791512,2.663175344,1,-4.379553318,1,-9.369605064,1,-3.20912981,1,2.679516315,1,0.512385428,1,-2.564308167,0,0.130650267,0,-0.56452477,0
21.91191292,3.98698473,1,-3.146840811,1,-8.10025692,1,-2.769613981,1,2.944836617,1,0.162835628,1,-2.577206612,0,0.121927373,0,-0.57179147,0
21.91591263,5.54638958,1,-2.183995962,1,-7.597968102,1,-2.249791622,1,3.206423283,1,-0.195295215,1,-2.588028669,0,0.111446984,0,-0.57831198,0
21.91991425,6.44343996,1,-1.580346346,1,-6.811551094,1,-1.70392704,1,3.437829256,1,-0.545521557,1,-2.596536398,0,0.099335983,0,-0.58402282,0
21.92391205,6.98401022,1,-0.999531686,1,-6.154189587,1,-1.163448453,1,3.637879133,1,-0.866719127,1,-2.602723598,0,0.085763015,0,-0.588916421,0
21.92791176,6.803803444,1,-0.890595675,1,-5.590936661,1,-0.621008575,1,3.825160742,1,-1.158260465,1,-2.60661459,0,0.070858389,0,-0.593075991,0
21.93191338,6.138420105,1,-0.985184729,1,-4.993123055,1,-0.133202925,1,4.016179085,1,-1.419226527,1,-2.608331203,0,0.054729674,0,-0.596621156,0
21.93591118,5.407629967,1,-1.333304882,1,-4.507927418,1,0.29999584,1,4.206615925,1,-1.649098873,1,-2.608121395,0,0.03743821,0,-0.599700391,0
21.93991089,4.920740128,1,-1.791691542,1,-4.10262537,1,0.646748543,1,4.38882494,1,-1.847869277,1,-2.606286049,0,0.01907406,0,-0.602433562,0
21.94391251,4.338707447,1,-2.569595575,1,-3.688714981,1,0.910510898,1,4.568162441,1,-2.010208368,1,-2.603175402,0,-0.000269413,0,-0.604951918,0
21.94791031,3.748773098,1,-3.283465147,1,-3.59857583,1,1.081606388,1,4.744417667,1,-2.13397789,1,-2.599142075,0,-0.020507475,0,-0.607420802,0
21.95191574,3.198482037,1,-3.839048624,1,-3.604865789,1,1.167476058,1,4.909745693,1,-2.224979401,1,-2.594546318,0,-0.04153977,0,-0.609965086,0
21.95591736,2.438894033,1,-4.125884056,1,-3.611321688,1,1.182608485,1,5.070279121,1,-2.287750483,1,-2.589692354,0,-0.06326925,0,-0.612684309,0
21.95991516,1.61075592,1,-3.977247238,1,-3.757898569,1,1.14049387,1,5.251346111,1,-2.333301544,1,-2.584819078,0,-0.085685186,0,-0.615703225,0
21.96391487,0.777432978,1,-3.554034948,1,-3.918390512,1,1.077766418,1,5.434306145,1,-2.373015165,1,-2.580056667,0,-0.108808383,0,-0.619067013,0
21.96791649,-0.261030346,1,-2.83584094,1,-4.089870453,1,1.01445508,1,5.651132584,1,-2.405210733,1,-2.575421095,0,-0.13264288,0,-0.622856736,0
21.97191429,-0.423793137,1,-2.25087738,1,-4.509832382,1,0.981179476,1,5.856435299,1,-2.414607286,1,-2.570821047,0,-0.157244101,0,-0.627172232,0
21.975914,-1.250499964,1,-1.410158634,1,-4.770927906,1,0.982344091,1,6.076333046,1,-2.412325144,1,-2.56607604,0,-0.182514086,0,-0.632071495,0
21.97991562,-1.804308295,1,-0.65710628,1,-5.192381382,1,1.0189358,1,6.28897953,1,-2.40999341,1,-2.561015606,0,-0.208498403,0,-0.637610495,0
21.98391342,-2.094341278,1,-0.091016203,1,-5.566662788,1,1.095797539,1,6.48054266,1,-2.383268356,1,-2.555418015,0,-0.235090092,0,-0.643831491,0
21.98791313,-2.436556578,1,0.438323706,1,-5.885485649,1,1.196347833,1,6.677060604,1,-2.351345778,1,-2.549130678,0,-0.262232006,0,-0.650802374,0
21.99191475,-2.769960642,1,0.544316113,1,-6.292085171,1,1.314207315,1,6.854464054,1,-2.298510313,1,-2.541982889,0,-0.289846331,0,-0.658599496,0
21.99591255,-3.067961931,1,0.233101606,1,-6.48409605,1,1.427004099,1,7.01928997,1,-2.228091002,1,-2.533901215,0,-0.317826867,0,-0.667285383,0
21.99991226,-3.420305252,1,-0.135575935,1,-6.804780483,1,1.533974409,1,7.171228409,1,-2.142612457,1,-2.524817228,0,-0.346069932,0,-0.676965475,0
22.00391388,-3.727683306,1,-0.485474914,1,-7.168783665,1,1.601504683,1,7.314549446,1,-2.050724983,1,-2.514755249,0,-0.374501318,0,-0.687713802,0
22.00791168,-4.216242313,1,-0.677391231,1,-7.565606117,1,1.646701455,1,7.449524403,1,-1.969231844,1,-2.503773689,0,-0.403063864,0,-0.699555516,0
22.01191139,-4.461102962,1,-0.746294856,1,-7.971312523,1,1.693499923,1,7.570554733,1,-1.878698826,1,-2.491825581,0,-0.431717068,0,-0.712548912,0
22.01591492,-4.854112148,1,-0.50637871,1,-8.38140583,1,1.750327229,1,7.682964802,1,-1.796562076,1,-2.478835106,0,-0.460375488,0,-0.72673595,0
22.01991081,-5.42109108,1,-0.137258396,1,-8.794746399,1,1.834736943,1,7.789123535,1,-1.718958735,1,-2.464635372,0,-0.48900196,0,-0.742131829,0
22.02391052,-6.228340626,1,0.330676556,1,-9.138331413,1,1.967700481,1,7.90171957,1,-1.649030089,1,-2.448982,0,-0.517566442,0,-0.758824825,0
22.02791405,-6.887485027,1,0.679491282,1,-9.522381783,1,2.140490532,1,8.009804726,1,-1.583227158,1,-2.431593657,0,-0.546046317,0,-0.776919246,0
22.03191185,-7.536399841,1,0.960530639,1,-9.759297371,1,2.342398167,1,8.124238968,1,-1.518401742,1,-2.412220955,0,-0.57439667,0,-0.796517849,0
22.03591156,-7.960669518,1,0.912972093,1,-9.991354942,1,2.564275742,1,8.223835945,1,-1.451107621,1,-2.390617847,0,-0.60254097,0,-0.817765117,0
22.03991318,-8.209382057,1,0.592064202,1,-10.22585106,1,2.778271198,1,8.311858177,1,-1.387381196,1,-2.36663866,0,-0.630371332,0,-0.840753853,0
22.04391098,-8.309720993,1,0.439834177,1,-10.3260479,1,2.99660778,1,8.368177414,1,-1.314933062,1,-2.395062685,0,-0.629971981,0,-0.826938093,0
22.04791069,-8.405335426,1,0.305745989,1,-10.46752548,1,3.208498478,1,8.394058228,1,-1.252940178,1,-2.368107557,0,-0.657817185,0,-0.851150155,0
22.05191231,-8.757356644,1,0.505146086,1,-10.77483177,1,3.429128885,1,8.41313839,1,-1.198926687,1,-2.338616371,0,-0.685008466,0,-0.877208889,0
22.05591011,-9.119193077,1,0.624359488,1,-10.77114105,1,3.653917313,1,8.428504944,1,-1.138133526,1,-2.306479454,0,-0.711420476,0,-0.905151308,0
22.05990982,-8.930583954,1,0.715636075,1,-11.00908852,1,3.888348579,1,8.40834713,1,-1.081368923,1,-2.271554947,0,-0.736945271,0,-0.935099185,0
22.06391144,-9.130151749,1,0.992913008,1,-11.21093464,1,4.150782108,1,8.352952957,1,-1.019815564,1,-2.233731747,0,-0.761339784,0,-0.967023671,0
22.06790924,-9.477726936,1,1.369812608,1,-10.97462845,1,4.442204475,1,8.309547424,1,-0.973125935,1,-2.192862511,0,-0.784499228,0,-1.000944138,0
22.07191467,-9.547775269,1,1.962980151,1,-10.95906734,1,4.769002914,1,8.233386993,1,-0.946782708,1,-2.148775578,0,-0.806355417,0,-1.0368855,0
22.07591629,-9.947030067,1,1.11487329,1,-11.0244112,1,5.078478813,1,8.12890625,1,-0.931803048,1,-2.10157156,0,-0.826766133,0,-1.07461977,0
22.07991409,-10.49851513,1,0.712489188,1,-11.93155861,1,5.342315197,1,8.007964134,1,-0.967783272,1,-2.051469803,0,-0.845736027,0,-1.114040494,0
22.0839138,-11.80512142,1,0.485392988,1,-12.03929806,1,5.522684574,1,7.850866318,1,-1.06234479,1,-1.999005795,0,-0.863290489,0,-1.154718876,0
22.08791542,-12.5442009,1,-0.408445328,1,-12.3363266,1,5.617766857,1,7.703896523,1,-1.206756234,1,-1.944759846,0,-0.879606903,0,-1.196465135,0
22.09191322,-13.60725021,1,-1.504681706,1,-12.64939022,1,5.646618843,1,7.555231571,1,-1.383641601,1,-1.889122128,0,-0.894821644,0,-1.239139318,0
22.09591293,-14.83943272,1,-2.58382535,1,-13.55189133,1,5.618944168,1,7.441914558,1,-1.61689949,1,-1.832389474,0,-0.909139156,0,-1.28272295,0
22.09991455,-16.15487099,1,-3.000513315,1,-14.43135834,1,5.534540653,1,7.330900192,1,-1.882575393,1,-1.774747133,0,-0.922758937,0,-1.327269673,0
22.10391235,-17.8129158,1,-3.137534618,1,-15.38770485,1,5.40062952,1,7.255990505,1,-2.194254398,1,-1.716298103,0,-0.935845256,0,-1.37291646,0
22.10791206,-18.95064545,1,-2.896526575,1,-16.16327477,1,5.258132458,1,7.193828583,1,-2.534267902,1,-1.657000899,0,-0.94858104,0,-1.419866085,0
22.11191368,-19.71589661,1,-2.598071814,1,-16.94253349,1,5.149017334,1,7.158349037,1,-2.894643784,1,-1.596560597,0,-0.961027622,0,-1.468417048,0
22.11591148,-20.54363823,1,-2.405234814,1,-17.51244926,1,5.053100586,1,7.142548561,1,-3.255907774,1,-1.534583569,0,-0.973173678,0,-1.518910646,0
22.11991119,-21.34948349,1,-2.233512878,1,-18.1462307,1,4.987036705,1,7.116312981,1,-3.614838123,1,-1.470776796,0,-0.984950662,0,-1.571581841,0
22.12391281,-22.52804565,1,-2.472872496,1,-18.88944626,1,4.896157742,1,7.093659401,1,-3.954511404,1,-1.404940128,0,-0.996191442,0,-1.626663089,0
22.12791061,-23.40568542,1,-2.724687338,1,-19.39469147,1,4.774003506,1,7.024080753,1,-4.270444393,1,-1.337224722,0,-1.006722927,0,-1.684091568,0
22.13190842,-24.29921532,1,-2.79001236,1,-19.97457504,1,4.625454903,1,6.913821697,1,-4.570201874,1,-1.267962098,0,-1.016387939,0,-1.743617654,0
22.13591003,-25.67016602,1,-2.812106848,1,-20.09689903,1,4.45782423,1,6.779827118,1,-4.83191824,1,-1.19746685,0,-1.02505827,0,-1.804991364,0
22.13990974,-27.22410202,1,-2.577910423,1,-20.09836578,1,4.266985416,1,6.617436886,1,-5.071327686,1,-1.12607491,0,-1.032594204,0,-1.867941499,0
22.14390945,-29.49858284,1,-2.677837133,1,-19.71203423,1,4.051092148,1,6.414270401,1,-5.276839256,1,-1.054266214,0,-1.038904071,0,-1.932060361,0
22.14791107,-31.57196045,1,-2.100496054,1,-19.23267746,1,3.854902983,1,6.223887444,1,-5.440112591,1,-0.982464612,0,-1.043904781,0,-1.996942639,0
22.15190888,-32.98590088,1,-1.484004021,1,-18.25028992,1,3.648596287,1,5.983638287,1,-5.56732893,1,-0.910997629,0,-1.047503948,0,-2.062208891,0
22.15590859,-34.73310852,1,0.711820304,1,-16.72478294,1,3.446660519,1,5.658922195,1,-5.666205406,1,-0.84069109,0,-1.049823523,0,-2.126955271,0
22.1599102,-34.78960419,1,4.788236618,1,-15.98408031,1,3.435546398,1,5.285277367,1,-5.71423912,1,-0.771861136,0,-1.051112771,0,-2.190454483,0
22.16390801,-35.73221207,1,8.775795937,1,-13.98734665,1,3.539127827,1,4.846839428,1,-5.737485409,1,-0.704431236,0,-1.051525474,0,-2.252076149,0
22.16790772,-37.38935471,1,11.91443634,1,-12.21297741,1,3.860861063,1,4.434378147,1,-5.696940422,1,-0.638178766,0,-1.05124867,0,-2.311418056,0
22.17190933,-40.19049072,1,11.01035118,1,-9.126283646,1,4.256066799,1,4.069712162,1,-5.567231655,1,-0.572644055,0,-1.050109267,0,-2.368206978,0
22.17590714,-42.45708084,1,7.461247921,1,-6.351496696,1,4.513537884,1,3.719264507,1,-5.283091545,1,-0.508644998,0,-1.047934413,0,-2.421733141,0
22.17990685,-43.4751091,1,2.900537729,1,-3.292644024,1,4.476156712,1,3.365128994,1,-4.856688023,1,-0.448131621,0,-1.044696808,0,-2.470771313,0
22.18390846,-43.27363586,1,0.234732255,1,-0.514652252,1,4.127743721,1,2.969972849,1,-4.367422581,1,-0.393106639,0,-1.040663719,0,-2.514479637,0
22.18790627,-41.1911087,1,0.617638469,1,1.8986938,1,3.655711174,1,2.520016193,1,-3.868777037,1,-0.344706476,0,-1.036343336,0,-2.552562714,0
22.19191361,-37.98757172,1,4.11590004,1,4.074875832,1,3.197400808,1,2.008438349,1,-3.402056932,1,-0.303011417,0,-1.03237021,0,-2.585154772,0
22.19591522,-35.51628113,1,8.512483597,1,6.02915287,1,2.864214897,1,1.475037336,1,-2.974922419,1,-0.26726681,0,-1.029275537,0,-2.612744808,0
22.19991303,-34.01434326,1,12.01784134,1,7.479599476,1,2.664821148,1,0.973237455,1,-2.588010073,1,-0.236338243,0,-1.02731967,0,-2.635970116,0
22.20391274,-32.93619156,1,13.85402203,1,8.513758659,1,2.565173388,1,0.530991793,1,-2.220014334,1,-0.209289998,0,-1.026526451,0,-2.655369759,0
22.20791435,-32.43381882,1,13.5229702,1,9.213887215,1,2.433764696,1,0.159348175,1,-1.891225815,1,-0.185510382,0,-1.026801467,0,-2.671462536,0
22.21191216,-32.06339264,1,11.38311005,1,9.415242195,1,2.176303387,1,-0.116340764,1,-1.559305072,1,-0.164978728,0,-1.027933955,0,-2.684622526,0
22.21591187,-31.47780418,1,9.180818558,1,8.722364426,1,1.728611112,1,-0.344843447,1,-1.241505742,1,-0.148185775,0,-1.029726386,0,-2.695051908,0
22.21991348,-32.04497147,1,7.808592319,1,8.320593834,1,1.177271485,1,-0.513531327,1,-0.942714632,1,-0.135569155,0,-1.03206408,0,-2.702979565,0
22.22391129,-32.72524261,1,8.344288826,1,7.342202187,1,0.663654208,1,-0.632895529,1,-0.644667208,1,-0.127142951,0,-1.03475666,0,-2.708532333,0
22.227911,-33.38061142,1,9.25692749,1,6.33672142,1,0.310288817,1,-0.678708375,1,-0.350132704,1,-0.122469306,0,-1.037623644,0,-2.7117486,0
22.23191261,-32.59578323,1,9.484593391,1,5.3893466,1,0.078607865,1,-0.702150166,1,-0.074735738,1,-0.120845489,0,-1.040465355,0,-2.712750912,0
22.23591042,-22.40877914,1,3.951510668,1,-1.607181668,1,-0.231073663,1,-0.799651384,1,0.22915037,1,-0.122089423,0,-1.043363452,0,-2.711523056,0
22.23991013,5.792252064,1,-7.073647022,1,-1.330623984,1,-1.775297761,1,-2.036923885,1,0.703119636,1,-0.130129993,0,-1.048289537,0,-2.706369877,0
22.24391174,-52.18635941,1,1.487465143,1,11.57427883,1,-3.51125741,1,-3.496394634,1,1.344938517,1,-0.151014507,0,-1.059116364,0,-2.694988251,0
22.24790955,-6.350340366,1,4.964351654,1,19.61310768,1,-3.240842342,1,-2.822790384,1,1.510430098,1,-0.178793743,0,-1.070642948,0,-2.679027081,0
22.25190926,18.15411758,1,0.247379839,1,-1.164393187,1,-3.560988903,1,-4.054412365,1,1.762066007,1,-0.208543897,0,-1.082594633,0,-2.660105705,0
22.25591087,-14.99219418,1,8.639507294,1,-15.04075813,1,-4.018983364,1,-4.687820435,1,2.0269835,1,-0.246611029,0,-1.098327041,0,-2.634950638,0
22.25990868,-2.210218906,1,9.755204201,1,-26.58013153,1,-2.695149422,1,-4.502305984,1,1.805862546,1,-0.283942878,0,-1.113791466,0,-2.60767293,0
22.26390839,-1.658894539,1,-7.625547409,1,-36.40254974,1,-3.042960405,1,-4.52128315,1,1.798509002,1,-0.320667267,0,-1.129245043,0,-2.579623699,0
22.26791,26.59848976,1,1.929782987,1,-34.78318787,1,-1.816960454,1,-5.015412807,1,2.215421677,1,-0.359918237,0,-1.143804312,0,-2.54691267,0
22.27190781,16.30589676,1,-8.246191978,1,-31.64429855,1,-2.753854036,1,-7.123812675,1,2.392238379,1,-0.408592731,0,-1.16323781,0,-2.503669739,0
22.27590752,11.30344009,1,1.755924106,1,-28.28915977,1,-2.527236223,1,-8.186563492,1,3.368332386,1,-0.475516617,0,-1.185889006,0,-2.442617178,0
22.27990913,-23.28309059,1,2.491963148,1,-25.14130974,1,-2.795362234,1,-8.795152664,1,3.574926615,1,-0.561167896,0,-1.208859563,0,-2.362273932,0
22.28390694,-32.66825867,1,6.520709038,1,-24.5528183,1,-2.767397165,1,-8.46984005,1,3.378372669,1,-0.657149315,0,-1.229213715,0,-2.271831751,0
22.28790665,-26.2779026,1,8.73106575,1,-22.01002884,1,-2.462670326,1,-8.214780807,1,3.070787668,1,-0.758997679,0,-1.246133804,0,-2.175224781,0
22.29190826,-30.43560982,1,2.546506166,1,-18.85503769,1,-2.227226496,1,-8.088392258,1,2.661778688,1,-0.750695765,0,-1.215083241,0,-2.142862082,0
22.29590607,-32.99298477,1,-3.388604641,1,-15.98968124,1,-2.04960084,1,-7.713553429,1,2.34176445,1,-0.840900242,0,-1.230178118,0,-2.056076765,0
22.29990578,-30.36010361,1,-5.130759716,1,-10.05805588,1,-2.069508314,1,-7.22049284,1,2.297023058,1,-0.932451129,0,-1.241914392,0,-1.967876673,0
22.30390739,-23.10463524,1,-3.139306068,1,-6.24889183,1,-2.000476837,1,-6.643488884,1,2.367849827,1,-1.024062037,0,-1.249676585,0,-1.879763722,0
22.3079052,-19.74369812,1,-7.071775436,1,-3.02137804,1,-2.245361567,1,-6.04678154,1,2.691396952,1,-1.11474669,0,-1.253047347,0,-1.793120146,0
22.31191063,-17.54697037,1,-8.381855011,1,-4.864583492,1,-2.570879936,1,-5.515453339,1,2.96536088,1,-1.202414036,0,-1.251911163,0,-1.710920572,0
22.31591415,-23.2394352,1,-12.35896778,1,-5.94423151,1,-3.033954382,1,-4.787678242,1,2.879227161,1,-1.2840271,0,-1.247338057,0,-1.636762142,0
22.31991005,-35.0195694,1,-14.03683853,1,-8.855060577,1,-3.469612598,1,-3.86781311,1,2.371001244,1,-1.354670405,0,-1.241353154,0,-1.575955749,0
22.32390976,-46.12354279,1,-11.68088245,1,-11.50810337,1,-3.415992975,1,-2.392872334,1,1.630077958,1,-1.408837438,0,-1.23592937,0,-1.533304095,0
22.32791328,-40.29348755,1,6.99478817,1,-11.62668896,1,-2.821084738,1,-1.001340151,1,1.411173105,1,-1.442680359,0,-1.231045842,0,-1.510866165,0
22.33191109,-7.926194668,1,19.42967606,1,-9.146114349,1,-2.180390835,1,-0.534807563,1,1.502952695,1,-1.462050915,0,-1.225618243,0,-1.500807166,0
22.3359108,-0.99993515,1,12.62932491,1,-12.88110161,1,-1.760337353,1,-0.826224566,1,1.43018198,1,-1.479274035,0,-1.219945669,0,-1.490828991,0
22.33991242,-6.47300148,1,-0.03235466,1,-12.12395382,1,-1.556233048,1,-0.745998502,1,1.193464994,1,-1.495520115,0,-1.21500659,0,-1.480527401,0
22.34391022,-8.219859123,1,-7.406163216,1,-7.208546162,1,-1.541755915,1,-0.768163621,1,1.087177634,1,-1.510638833,0,-1.210689545,0,-1.470975161,0
22.34790993,-8.262535095,1,-7.866870403,1,-8.036952972,1,-1.628130198,1,-0.67854172,1,1.180739284,1,-1.525228977,0,-1.206377506,0,-1.462101102,0
22.35191155,-3.087139845,1,-4.274412155,1,-10.40318108,1,-1.746100783,1,-0.595257998,1,1.28664422,1,-1.538943768,0,-1.201496482,0,-1.454748034,0
22.35591126,-5.026285172,1,0.891907871,1,-10.66208553,1,-1.704615712,1,-0.653698742,1,1.247926235,1,-1.552688837,0,-1.196451545,0,-1.447428584,0
22.35990906,-9.867405891,1,8.479193687,1,-9.559331894,1,-1.448464513,1,-0.667604268,1,1.10509491,1,-1.565916061,0,-1.19174552,0,-1.440057993,0
22.36391068,-8.681678772,1,9.965696335,1,-9.129482269,1,-1.081486344,1,-0.603866756,1,0.85497123,1,-1.577257276,0,-1.187815785,0,-1.433285713,0
22.36791039,-5.386764526,1,6.40093708,1,-10.49770546,1,-0.793789923,1,-0.618643224,1,0.618688405,1,-1.586956501,0,-1.184858561,0,-1.426808357,0
22.3719101,-2.754947662,1,1.488364458,1,-11.43854046,1,-0.66865027,1,-0.698863924,1,0.505301058,1,-1.596146226,0,-1.182590961,0,-1.420008063,0
22.37591171,-4.417397976,1,-0.003652076,1,-9.927718163,1,-0.638085723,1,-0.740418911,1,0.477291316,1,-1.60566771,0,-1.180556297,0,-1.412546635,0
22.37990952,-7.956121445,1,1.66692245,1,-8.045422554,1,-0.557871938,1,-0.718077958,1,0.456629813,1,-1.615025401,0,-1.17854619,0,-1.405023217,0
22.38390732,-8.063268661,1,1.898613811,1,-7.150010109,1,-0.464086384,1,-0.629530191,1,0.414546311,1,-1.62335062,0,-1.176680684,0,-1.3982234,0
22.38790894,-6.848138332,1,-1.424204469,1,-7.725893021,1,-0.445234597,1,-0.557232201,1,0.366769999,1,-1.630623579,0,-1.174990416,0,-1.392287135,0
22.39190674,-3.967321396,1,-3.625920534,1,-8.810871124,1,-0.5047822,1,-0.51795876,1,0.351183653,1,-1.637389064,0,-1.173436761,0,-1.386991978,0
22.39590836,-4.056250572,1,-0.287498862,1,-9.342253685,1,-0.534941792,1,-0.541947484,1,0.363564163,1,-1.644305348,0,-1.171851754,0,-1.381772041,0
22.39990997,-6.223330975,1,4.446285725,1,-8.863483429,1,-0.455191433,1,-0.534825325,1,0.311472744,1,-1.651183486,0,-1.170331717,0,-1.376488447,0
22.40390778,-6.943232059,1,4.221419334,1,-8.231072426,1,-0.331437647,1,-0.527087927,1,0.234303638,1,-1.657499313,0,-1.169059753,0,-1.371329546,0
22.40790558,-7.115558624,1,0.803271651,1,-7.625353813,1,-0.268577844,1,-0.511985004,1,0.149713755,1,-1.663409352,0,-1.168114543,0,-1.366182923,0
22.4119072,-6.529500961,1,-0.3971048,1,-7.366334915,1,-0.254022092,1,-0.473996252,1,0.103534125,1,-1.668942571,0,-1.167439938,0,-1.361303449,0
22.415905,-6.179453373,1,0.769407988,1,-7.586360931,1,-0.20607847,1,-0.443879664,1,0.095478602,1,-1.674049377,0,-1.166858673,0,-1.356739879,0
22.41990662,-6.660549641,1,1.227625489,1,-7.475658417,1,-0.16077888,1,-0.41010657,1,0.072779395,1,-1.678696394,0,-1.166334748,0,-1.352494717,0
22.42390823,-6.344995499,1,-0.166001603,1,-7.445828915,1,-0.150721982,1,-0.389037699,1,0.039500531,1,-1.68295145,0,-1.165936589,0,-1.348528624,0
22.42790604,-6.309380054,1,-0.937700868,1,-7.56766367,1,-0.153875649,1,-0.359386712,1,0.028594879,1,-1.686995625,0,-1.165638089,0,-1.344779134,0
22.43191147,-6.129003048,1,-1.255059004,1,-7.683204651,1,-0.163550213,1,-0.341300547,1,0.03197515,1,-1.69085896,0,-1.165354371,0,-1.341258526,0
22.43591309,-6.058029175,1,-0.537818611,1,-7.876545906,1,-0.169090986,1,-0.31500718,1,0.031261027,1,-1.69452703,0,-1.165064931,0,-1.337996483,0
22.43991089,-5.662658691,1,-0.04407303,1,-8.219730377,1,-0.147226483,1,-0.312659025,1,0.023173533,1,-1.698017597,0,-1.164796591,0,-1.334879398,0
22.4439106,-5.458717823,1,-0.507839143,1,-8.537384033,1,-0.164651692,1,-0.319515646,1,0.01547428,1,-1.701548815,0,-1.164564967,0,-1.331717372,0
22.44791222,-5.193166733,1,-0.860971868,1,-8.946549416,1,-0.153872788,1,-0.362018734,1,0.029795783,1,-1.705302596,0,-1.164315701,0,-1.328347564,0
22.45191002,-5.662237644,1,-2.302165031,1,-8.605330467,1,-0.173977584,1,-0.415058762,1,0.070054926,1,-1.709502339,0,-1.163900614,0,-1.324451923,0
22.45590973,-5.82247448,1,-2.50655508,1,-8.416268349,1,-0.212635368,1,-0.411796272,1,0.097686909,1,-1.713988066,0,-1.163339376,0,-1.320424318,0
22.45991135,-5.360756874,1,-2.656546831,1,-8.572463036,1,-0.263956159,1,-0.415050477,1,0.133319259,1,-1.718536139,0,-1.162649989,0,-1.316490173,0
22.46390915,-5.300206661,1,-2.340304375,1,-8.795301437,1,-0.30719313,1,-0.424396217,1,0.16283749,1,-1.72329998,0,-1.161820292,0,-1.312550902,0
22.46790695,-5.301831722,1,-1.297953844,1,-8.69145298,1,-0.292587548,1,-0.44991836,1,0.185571909,1,-1.728241801,0,-1.160857201,0,-1.308500171,0
22.47190857,-5.456790924,1,-0.662836373,1,-8.606627464,1,-0.234022781,1,-0.478752494,1,0.204114109,1,-1.733204007,0,-1.159791589,0,-1.304219961,0
22.47590637,-5.701124668,1,-0.536818027,1,-8.703130722,1,-0.237124935,1,-0.487510413,1,0.207143337,1,-1.738183856,0,-1.158660293,0,-1.299807787,0
22.47990608,-5.500517368,1,0.126049265,1,-8.719471931,1,-0.243426949,1,-0.507074714,1,0.18288973,1,-1.743302822,0,-1.157557845,0,-1.295273185,0
22.4839077,-5.552739143,1,0.882160604,1,-8.724135399,1,-0.175742775,1,-0.538415492,1,0.164362267,1,-1.748555303,0,-1.156513929,0,-1.290451765,0
22.4879055,-5.947854042,1,0.749876976,1,-8.751085281,1,-0.129777163,1,-0.562357008,1,0.142305613,1,-1.753860354,0,-1.155502558,0,-1.285330772,0
22.49190521,-5.553668499,1,0.356536388,1,-8.582304955,1,-0.107727855,1,-0.592055857,1,0.122094668,1,-1.759234548,0,-1.154549241,0,-1.279970527,0
22.49590874,-5.724240303,1,0.258145124,1,-8.702949524,1,-0.091905028,1,-0.612561643,1,0.09398789,1,-1.764815092,0,-1.1536659,0,-1.274310112,0
22.49990463,-5.538378716,1,0.400474876,1,-8.674427032,1,-0.069254279,1,-0.649476469,1,0.084970728,1,-1.770567417,0,-1.152814388,0,-1.268376708,0
