Time,inertial-6253.76535:estCompensatedAccelX,inertial-6253.76535:estCompensatedAccelX:valid,inertial-6253.76535:estCompensatedAccelY,inertial-6253.76535:estCompensatedAccelY:valid,inertial-6253.76535:estCompensatedAccelZ,inertial-6253.76535:estCompensatedAccelZ:valid,inertial-6253.76535:estAngularRateX,inertial-6253.76535:estAngularRateX:valid,inertial-6253.76535:estAngularRateY,inertial-6253.76535:estAngularRateY:valid,inertial-6253.76535:estAngularRateZ,inertial-6253.76535:estAngularRateZ:valid,inertial-6253.76535:estRoll,inertial-6253.76535:estRoll:valid,inertial-6253.76535:estPitch,inertial-6253.76535:estPitch:valid,inertial-6253.76535:estYaw,inertial-6253.76535:estYaw:valid
0,-4.791372776,1,-1.403926969,1,-8.458350182,1,-0.003268035,1,-0.00369612,1,0.004157716,1,0.1628920435905457,1,-0.502448976,1,0.050476797,1
0.00399744,-4.795803547,1,-1.379311323,1,-8.448009491,1,-0.002860729,1,-0.00973609,1,0.007752413,1,0.1628656983375549,1,-0.502473474,1,0.050509602,1
0.007996672,-4.803943634,1,-1.370332003,1,-8.441231728,1,-0.007307674,1,-0.003541171,1,0.005120153,1,0.1628416031599045,1,-0.502503753,1,0.050532427,1
0.011998208,-4.80691433,1,-1.366218925,1,-8.461179733,1,-0.001719084,1,-0.005714281,1,0.004902998,1,0.1628099679946899,1,-0.502522409,1,0.050555296,1
0.015995648,-4.797386646,1,-1.355417371,1,-8.488568306,1,-0.002998682,1,-0.007221891,1,0.007149214,1,0.1627950966358185,1,-0.502547383,1,0.050579838,1
0.019994624,-4.806445122,1,-1.372102022,1,-8.469659805,1,-0.000528489,1,-0.00452451,1,0.003385483,1,0.1627723872661591,1,-0.502566993,1,0.050600026,1
0.023995904,-4.790991783,1,-1.372020483,1,-8.457165718,1,-0.003153352,1,-0.001528538,1,0.002754987,1,0.1627637147903442,1,-0.502584875,1,0.050614197,1
0.027993089,-4.771653652,1,-1.387832761,1,-8.480736732,1,-0.004070266,1,-0.002523518,1,0.00236836,1,0.1627356708049774,1,-0.50267756,1,0.050616473,1
0.031992063,-4.77357769,1,-1.406638503,1,-8.462546349,1,-0.001355405,1,-0.003939862,1,0.003254174,1,0.1627227962017059,1,-0.502652645,1,0.050350048,1
0.035993598,-4.763057709,1,-1.374735117,1,-8.468869209,1,-0.004353986,1,0.002067669,1,0.003531241,1,0.1626985818147659,1,-0.502661705,1,0.050367355,1
0.039991297,-4.786690712,1,-1.379831672,1,-8.464796066,1,-0.001237193,1,-0.004178425,1,0.00640209,1,0.1626802682876587,1,-0.502665997,1,0.050385997,1
0.043990526,-4.808077812,1,-1.374669194,1,-8.4507761,1,-0.006699228,1,0.005644716,1,0.007252899,1,0.1626581698656082,1,-0.502673209,1,0.050398681,1
0.047991809,-4.78455925,1,-1.349075675,1,-8.465203285,1,-0.004843013,1,-0.000622866,1,0.001624886,1,0.1626371145248413,1,-0.502670288,1,0.050414253,1
0.051988993,-4.805307865,1,-1.387054801,1,-8.461270332,1,-0.005230857,1,-0.000958452,1,0.004415231,1,0.162604883,1,-0.502675235,1,0.050427902,1
0.055988222,-4.798374653,1,-1.389300704,1,-8.434412956,1,-0.005037429,1,0.000526228,1,0.002364771,1,0.1625887602567673,1,-0.502673984,1,0.050442029,1
0.059989505,-4.803893089,1,-1.340634346,1,-8.458582878,1,-0.006120726,1,0.000707104,1,0.005555858,1,0.162556455,1,-0.502674222,1,0.050460652,1
0.063986689,-4.812926769,1,-1.373007536,1,-8.475392342,1,-0.008515146,1,0.003830577,1,0.002974487,1,0.1625287681818008,1,-0.502666831,1,0.050475162,1
0.067985922,-4.819438457,1,-1.411804318,1,-8.428587914,1,-0.002340018,1,0.002536063,1,0.002877146,1,0.1625062674283981,1,-0.502655149,1,0.050487645,1
0.071987197,-4.761435032,1,-1.396702647,1,-8.430315018,1,-0.006357299,1,-0.001112921,1,0.004099689,1,0.1624836176633835,1,-0.502655804,1,0.050503377,1
0.075984642,-4.799409389,1,-1.392243624,1,-8.457794189,1,-0.004893034,1,0.002610776,1,0.007724989,1,0.1624579727649689,1,-0.502648294,1,0.050522219,1
0.079983875,-4.756095409,1,-1.383520126,1,-8.474054337,1,-0.008173532,1,0.003485754,1,0.0061006,1,0.1624236404895782,1,-0.502639532,1,0.050547414,1
0.08398515,-4.772697449,1,-1.374128461,1,-8.469201088,1,-0.002302917,1,0.005476694,1,0.005959502,1,0.1623865813016891,1,-0.502624035,1,0.050578933,1
0.087982595,-4.771968365,1,-1.362829447,1,-8.474567413,1,-0.00630593,1,0.00341918,1,0.00508676,1,0.1623531728982925,1,-0.502612472,1,0.050609943,1
0.091987967,-4.809592724,1,-1.386858821,1,-8.458509445,1,-0.005094884,1,0.002986176,1,0.007350159,1,0.1623168438673019,1,-0.502599359,1,0.050647382,1
0.09598925,-4.761942863,1,-1.39547205,1,-8.488695145,1,-0.009656786,1,-0.001203648,1,0.004065239,1,0.1622763723134995,1,-0.502597332,1,0.050678145,1
0.099986687,-4.791383743,1,-1.388931155,1,-8.477795601,1,-0.004128926,1,0.004034008,1,0.002704419,1,0.1622370332479477,1,-0.502589643,1,0.050705194,1
0.103985921,-4.784428596,1,-1.386279941,1,-8.477283478,1,-0.007035388,1,0.002189475,1,0.007448511,1,0.1622015833854675,1,-0.502586067,1,0.050731674,1
0.107987456,-4.782502174,1,-1.347134113,1,-8.473416328,1,-0.002123864,1,-0.001968392,1,0.005683492,1,0.162168875,1,-0.50257808,1,0.050759766,1
0.111984894,-4.753555298,1,-1.350663185,1,-8.475047112,1,-0.005173824,1,0.004188914,1,0.003033927,1,0.162132591,1,-0.50256753,1,0.050793007,1
0.115983874,-4.787637711,1,-1.360123158,1,-8.470541954,1,-0.003142769,1,0.00212982,1,0.00477868,1,0.1621045768260956,1,-0.502560735,1,0.050817359,1
0.119985148,-4.778400898,1,-1.382093191,1,-8.478784561,1,-0.002068413,1,0.001758552,1,0.003626395,1,0.1620676815509796,1,-0.502549946,1,0.050847538,1
0.123982333,-4.773617268,1,-1.333432436,1,-8.467784882,1,-0.002004767,1,-6.63E-05,1,0.004056612,1,0.1620523631572723,1,-0.5025509,1,0.050867956,1
0.127981573,-4.77166748,1,-1.35078311,1,-8.476910591,1,-0.002879254,1,-0.002076575,1,0.006256944,1,0.1620325297117233,1,-0.502553701,1,0.050892416,1
0.131982848,-4.788738728,1,-1.40650177,1,-8.481878281,1,-0.001318824,1,0.002063391,1,0.003630831,1,0.1620121002197266,1,-0.502552032,1,0.050921805,1
0.135980293,-4.742617607,1,-1.388724446,1,-8.474297523,1,-0.00403143,1,0.001298294,1,0.006987101,1,0.1619942635297775,1,-0.502551317,1,0.050939549,1
0.139979526,-4.780440807,1,-1.393687487,1,-8.489547729,1,-0.007207138,1,0.003135894,1,0.008474702,1,0.1619559824466705,1,-0.502555668,1,0.050976824,1
0.143980801,-4.782446384,1,-1.416521549,1,-8.467354774,1,-0.004810886,1,0.002199039,1,0.009829551,1,0.1619200110435486,1,-0.502556145,1,0.051018421,1
0.147977978,-4.785041809,1,-1.46949017,1,-8.457814217,1,-0.001902953,1,0.000105327,1,0.009336608,1,0.1618748754262924,1,-0.502560079,1,0.051060557,1
0.151977211,-4.816187859,1,-1.384307146,1,-8.4684515,1,-0.005898623,1,0.000846526,1,0.009149805,1,0.161823109,1,-0.502562046,1,0.051113024,1
0.155978501,-4.799225807,1,-1.376612663,1,-8.450259209,1,-0.007586121,1,-0.000542929,1,0.00882316,1,0.1617783308029175,1,-0.502557635,1,0.051151022,1
0.159975678,-4.790830135,1,-1.315082312,1,-8.49731636,1,-0.007522121,1,-0.000117901,1,0.012308687,1,0.1617313325405121,1,-0.502563357,1,0.051198024,1
0.163975164,-4.773695469,1,-1.329580426,1,-8.474006653,1,-0.007726151,1,0.003026825,1,0.006299233,1,0.1616783291101456,1,-0.50257051,1,0.051240604,1
0.167976454,-4.778487206,1,-1.356056809,1,-8.44764328,1,-0.008241231,1,0.00104974,1,0.011626963,1,0.1616243124008179,1,-0.502568901,1,0.051277235,1
0.171973884,-4.778455257,1,-1.356871486,1,-8.436776161,1,-0.006209249,1,-0.000127903,1,0.007323239,1,0.1615836918354034,1,-0.502569079,1,0.051320329,1
0.175973371,-4.795452595,1,-1.357076168,1,-8.462579727,1,-0.002619858,1,0.002761155,1,0.008976663,1,0.1615510284900665,1,-0.502565205,1,0.051353913,1
0.179974407,-4.816673756,1,-1.345055938,1,-8.443887711,1,-0.006424581,1,0.002059856,1,0.00139508,1,0.1615263670682907,1,-0.502561569,1,0.051385958,1
0.183971837,-4.803027153,1,-1.332914233,1,-8.4752388,1,-0.001686003,1,0.003031612,1,0.007939825,1,0.1614999622106552,1,-0.502555072,1,0.05140714,1
0.18797107,-4.815141201,1,-1.319453597,1,-8.445137024,1,-0.001219549,1,-0.000219174,1,0.002594822,1,0.1614795178174973,1,-0.502561092,1,0.051433284,1
0.191972345,-4.773636818,1,-1.314941525,1,-8.458222389,1,0.001020834,1,0.000638848,1,0.008308908,1,0.1614661067724228,1,-0.50255692,1,0.051450968,1
0.19596979,-4.78162384,1,-1.344941258,1,-8.452658653,1,-0.002682726,1,0.00566981,1,0.001989271,1,0.1614547371864319,1,-0.502551079,1,0.051468588,1
0.199969023,-4.787743092,1,-1.354565859,1,-8.433673859,1,-0.003749567,1,0.003369496,1,0.003632142,1,0.1614346653223038,1,-0.50254488,1,0.051485065,1
0.203970298,-4.769523144,1,-1.387644649,1,-8.440846443,1,-0.00680273,1,0.004750789,1,0.00385241,1,0.1614151149988174,1,-0.502531052,1,0.05150279,1
0.20796749,-4.802426815,1,-1.388654947,1,-8.406887054,1,-0.002207913,1,0.004383221,1,0.003157598,1,0.1613921672105789,1,-0.502524495,1,0.051517885,1
0.211972862,-4.81646347,1,-1.415285468,1,-8.422325134,1,-0.005578866,1,0.006694585,1,0.002762379,1,0.1613685488700867,1,-0.502502501,1,0.051536966,1
0.215974405,-4.841488361,1,-1.383786798,1,-8.439211845,1,-0.003866434,1,0.007458038,1,0.003883714,1,0.1613378971815109,1,-0.5024845,1,0.05156114,1
0.219971836,-4.779767513,1,-1.349485636,1,-8.463126183,1,-0.005022269,1,0.004526042,1,0.002881531,1,0.1613073199987411,1,-0.502462506,1,0.051584784,1
0.223971069,-4.760439396,1,-1.318137884,1,-8.478590012,1,-0.004247787,1,0.003887717,1,0.004521193,1,0.1612817943096161,1,-0.502443135,1,0.051603533,1
0.227972612,-4.769010067,1,-1.380869746,1,-8.500592232,1,-0.005114842,1,0.007108228,1,0.005961303,1,0.1612485498189926,1,-0.502423942,1,0.05163072,1
0.231970042,-4.808333397,1,-1.422040462,1,-8.454255104,1,-0.002732466,1,0.005099886,1,0.004247357,1,0.1612214595079422,1,-0.502400517,1,0.051651672,1
0.235969275,-4.755446434,1,-1.41642797,1,-8.466373444,1,-0.004876344,1,0.005463853,1,0.006593083,1,0.1611890643835068,1,-0.502385497,1,0.051677212,1
0.239970565,-4.764785767,1,-1.351970077,1,-8.513460159,1,-0.007534683,1,0.00239239,1,0.005163391,1,0.1611566543579102,1,-0.502368212,1,0.051711533,1
0.243967742,-4.748544216,1,-1.366698503,1,-8.481907845,1,-0.002997846,1,0.002460191,1,0.005845934,1,0.1611203402280807,1,-0.502355456,1,0.051737536,1
0.247966975,-4.794402122,1,-1.310084343,1,-8.461103439,1,-0.00471875,1,0.003556506,1,0.006269317,1,0.1610815227031708,1,-0.502349555,1,0.051774133,1
0.251968265,-4.782452106,1,-1.327730775,1,-8.495055199,1,-0.004594731,1,0.002086455,1,0.007035034,1,0.1610516011714935,1,-0.502342343,1,0.051798094,1
0.255965441,-4.81374836,1,-1.326686621,1,-8.491861343,1,-0.004530429,1,0.003302237,1,0.004782267,1,0.1610216796398163,1,-0.502335787,1,0.051822145,1
0.259964675,-4.825051785,1,-1.349187374,1,-8.493952751,1,-0.004153184,1,0.002387241,1,0.006639634,1,0.1609920412302017,1,-0.502332509,1,0.051855206,1
0.263965964,-4.804160118,1,-1.355913639,1,-8.460280418,1,-0.002959277,1,0.00022795,1,0.00370081,1,0.1609698683023453,1,-0.502328932,1,0.051877905,1
0.26796338,-4.781705379,1,-1.390285611,1,-8.480687141,1,0.000992034,1,4.732026718556881e-05,1,0.00284884,1,0.1609576791524887,1,-0.50232482,1,0.051890381,1
0.271962613,-4.786854267,1,-1.381222606,1,-8.453934669,1,-0.000590875,1,-0.003528571,1,0.000266406,1,0.1609452068805695,1,-0.502323151,1,0.05191363,1
0.275964171,-4.777398109,1,-1.39746511,1,-8.461140633,1,0.001022308,1,0.004761151,1,0.003216259,1,0.1609271019697189,1,-0.502319157,1,0.051922131,1
0.279961854,-4.802856922,1,-1.350213051,1,-8.454392433,1,-0.005017258,1,0.002575007,1,0.002003503,1,0.1608951687812805,1,-0.502355099,1,0.051664144,1
0.283961087,-4.836282253,1,-1.336131454,1,-8.458406448,1,-0.003325491,1,0.001581265,1,0.00683678,1,0.160877526,1,-0.50235182,1,0.051679179,1
0.287962615,-4.793006897,1,-1.32253027,1,-8.456317902,1,-0.00134038,1,0.003439104,1,0.000381885,1,0.1608614325523376,1,-0.502344131,1,0.051691029,1
0.291960061,-4.792468071,1,-1.327376962,1,-8.482509613,1,0.001481072,1,0.002246021,1,0.001514437,1,0.1608526110649109,1,-0.502339602,1,0.051698145,1
0.295959294,-4.735117912,1,-1.347890735,1,-8.467731476,1,0.001968262,1,0.002953781,1,0.000101814,1,0.1608529686927795,1,-0.502337098,1,0.051709212,1
0.299960583,-4.780622005,1,-1.356054306,1,-8.487330437,1,0.007101503,1,-0.000298691,1,-0.003629455,1,0.1608763337135315,1,-0.502325058,1,0.051699113,1
0.30395776,-4.749194622,1,-1.324896812,1,-8.471826553,1,-0.000262997,1,0.001112582,1,-0.001072726,1,0.1608865261077881,1,-0.502319455,1,0.051691607,1
0.307956725,-4.79607296,1,-1.372093081,1,-8.47958374,1,0.000845768,1,0.002848254,1,-0.000989941,1,0.1608833521604538,1,-0.502321005,1,0.051695704,1
0.311958015,-4.796309948,1,-1.371655941,1,-8.449586868,1,0.001132465,1,0.001388272,1,0.002371307,1,0.1608923226594925,1,-0.502303779,1,0.051684357,1
0.31595546,-4.790614605,1,-1.385563493,1,-8.422205925,1,0.001057289,1,0.004396133,1,-0.002596476,1,0.1608988046646118,1,-0.502293885,1,0.051679987,1
0.319954932,-4.794417381,1,-1.311359406,1,-8.433532715,1,0.000810357,1,0.004341898,1,-0.001865882,1,0.1609087884426117,1,-0.502284348,1,0.05167659,1
0.32395649,-4.781872749,1,-1.327352285,1,-8.454380035,1,0.002571697,1,0.007833785,1,0.000561418,1,0.1609160155057907,1,-0.502263308,1,0.051676817,1
0.327953935,-4.813745022,1,-1.319247603,1,-8.488801956,1,0.003140823,1,0.003809325,1,-0.001373776,1,0.1609352827072144,1,-0.502240956,1,0.051676214,1
0.331959307,-4.752558708,1,-1.367625952,1,-8.444524765,1,0.003717599,1,0.00357475,1,-0.001018385,1,0.160940945,1,-0.502217829,1,0.051674534,1
0.335960567,-4.764503956,1,-1.344762325,1,-8.462285042,1,0.000683769,1,0.004885956,1,-0.000243669,1,0.1609483510255814,1,-0.50221324,1,0.051678818,1
0.339957774,-4.782075882,1,-1.421614408,1,-8.441608429,1,0.003230604,1,0.005185848,1,-0.000587268,1,0.1609578430652618,1,-0.502194345,1,0.051683221,1
0.343956977,-4.763683319,1,-1.420890093,1,-8.486040115,1,-0.002084554,1,0.004672736,1,-0.004002541,1,0.1609651297330856,1,-0.502182961,1,0.051684074,1
0.347958535,-4.769151688,1,-1.407800317,1,-8.462288857,1,-0.001551063,1,0.001532374,1,0.002429181,1,0.1609612852334976,1,-0.502162158,1,0.05168784,1
0.351956218,-4.786950588,1,-1.400129199,1,-8.455649376,1,-0.000187415,1,0.002427558,1,0.006388619,1,0.1609480381011963,1,-0.50214684,1,0.051707156,1
0.355955452,-4.747447968,1,-1.379432678,1,-8.496660233,1,-0.003995255,1,0.006200716,1,0.001656725,1,0.1609286218881607,1,-0.502138734,1,0.051724046,1
0.359956741,-4.771279812,1,-1.406585097,1,-8.474992752,1,-0.00215783,1,0.002230054,1,0.006513102,1,0.1609167456626892,1,-0.502119064,1,0.051738586,1
0.363954186,-4.804945946,1,-1.391635537,1,-8.46169281,1,-0.004807731,1,0.004795181,1,0.003350756,1,0.1608844101428986,1,-0.502108932,1,0.051759034,1
0.367953658,-4.773010731,1,-1.388595462,1,-8.480559349,1,-0.002881674,1,0.00825527,1,0.004226279,1,0.1608524322509766,1,-0.502092004,1,0.051783483,1
0.371954679,-4.780358791,1,-1.365311503,1,-8.469261169,1,-0.002381023,1,0.006117148,1,0.006518241,1,0.1608263701200485,1,-0.502073467,1,0.051805075,1
0.375951886,-4.765104294,1,-1.343431473,1,-8.500736237,1,-0.002370076,1,-0.000308305,1,0.002390338,1,0.1608077138662338,1,-0.502068222,1,0.051824491,1
0.37995109,-4.758525372,1,-1.352916479,1,-8.520020485,1,-0.000106818,1,0.001296367,1,0.002277516,1,0.1607910245656967,1,-0.502057493,1,0.051847354,1
0.383952886,-4.78890419,1,-1.318587065,1,-8.485227585,1,0.001543437,1,0.003275591,1,0.008131031,1,0.1607769727706909,1,-0.502049208,1,0.051872056,1
0.387950599,-4.782288551,1,-1.325326562,1,-8.478330612,1,0.005378525,1,0.001716134,1,0.003187522,1,0.1607864797115326,1,-0.5020504,1,0.051894493,1
0.391949832,-4.800173759,1,-1.303826809,1,-8.486514091,1,0.006154479,1,0.001710145,1,0.007049842,1,0.1608021408319473,1,-0.502049088,1,0.051917009,1
0.39595136,-4.783565521,1,-1.274898171,1,-8.474651337,1,0.010650601,1,-0.002406182,1,0.004241154,1,0.1608216762542725,1,-0.502055883,1,0.051944859,1
0.399948806,-4.77109766,1,-1.293202043,1,-8.491285324,1,0.009058215,1,0.000735882,1,0.008938015,1,0.1608498245477676,1,-0.502055228,1,0.051971789,1
0.403947771,-4.776410103,1,-1.375971079,1,-8.480334282,1,0.009844098,1,-0.003625676,1,0.004539591,1,0.1608834117650986,1,-0.502069473,1,0.051990997,1
0.40794906,-4.76947403,1,-1.436064124,1,-8.465668678,1,0.009382609,1,-0.002055497,1,0.004483443,1,0.1609136164188385,1,-0.502085447,1,0.052009609,1
0.411946237,-4.759732246,1,-1.415280104,1,-8.422740936,1,0.011639692,1,-0.004960286,1,0.007197953,1,0.1609426736831665,1,-0.502097487,1,0.052033179,1
0.415945977,-4.797279835,1,-1.370451093,1,-8.502538681,1,0.008996446,1,-4.57E-05,1,0.001768094,1,0.1609635055065155,1,-0.502114058,1,0.05205347,1
0.419947535,-4.773800373,1,-1.376143098,1,-8.446883202,1,0.00571972,1,-0.000158683,1,0.005570764,1,0.160972998,1,-0.50212425,1,0.052090351,1
0.423945218,-4.778069496,1,-1.387064934,1,-8.476997375,1,0.005540805,1,0.001367,1,0.002675614,1,0.1609872132539749,1,-0.502129138,1,0.052114155,1
0.42794469,-4.781630993,1,-1.343037605,1,-8.491703987,1,0.003611338,1,-0.001693743,1,0.009565786,1,0.1609829068183899,1,-0.50213778,1,0.052150387,1
0.43194598,-4.790719509,1,-1.380575299,1,-8.466668129,1,-0.000761102,1,-0.002220227,1,0.008037601,1,0.160973847,1,-0.502140284,1,0.052187379,1
0.435943156,-4.780395985,1,-1.296931982,1,-8.422988892,1,0.001960629,1,-0.001717077,1,0.007696649,1,0.1609697639942169,1,-0.502142131,1,0.052217115,1
0.43994239,-4.811111927,1,-1.278029203,1,-8.438815117,1,0.000200889,1,-0.001785023,1,0.005493857,1,0.1609716564416885,1,-0.50214535,1,0.052242205,1
0.443943948,-4.741967201,1,-1.283640981,1,-8.47311306,1,0.007875564,1,0.003406274,1,0.000703002,1,0.1609838306903839,1,-0.50214231,1,0.052255902,1
0.447941631,-4.700519562,1,-1.26662612,1,-8.503445625,1,0.004648922,1,-0.000931635,1,0.004607104,1,0.1610080599784851,1,-0.50214678,1,0.052263759,1
0.451947004,-4.708894253,1,-1.283723354,1,-8.51935482,1,0.010153791,1,-0.007083893,1,5.771126598119736e-05,1,0.1610328108072281,1,-0.502160192,1,0.052274503,1
0.455948293,-4.761188984,1,-1.361921191,1,-8.512861252,1,0.010613136,1,-0.006315056,1,-0.000534305,1,0.1610719412565231,1,-0.50218606,1,0.052269906,1
0.459945977,-4.77248764,1,-1.387726545,1,-8.503293991,1,0.008467952,1,-0.006692181,1,-0.004447028,1,0.1611106693744659,1,-0.502210021,1,0.052267116,1
0.463945478,-4.775701523,1,-1.383877754,1,-8.50633812,1,0.006557898,1,-0.009191235,1,-0.00221064,1,0.1611517369747162,1,-0.502242923,1,0.05225851,1
0.4679465,-4.750411034,1,-1.397238731,1,-8.52679348,1,0.006874992,1,-0.011340712,1,0.001278986,1,0.1611893326044083,1,-0.5022825,1,0.052247755,1
0.471943945,-4.74393034,1,-1.387117028,1,-8.53027153,1,0.010271948,1,-0.010428954,1,0.002007526,1,0.1612351685762405,1,-0.502321482,1,0.052236494,1
0.475943178,-4.752857685,1,-1.402933002,1,-8.493237495,1,0.004991166,1,-0.015342114,1,0.001929683,1,0.1612675189971924,1,-0.502374887,1,0.052237026,1
0.479944438,-4.774552822,1,-1.410513163,1,-8.490762711,1,0.005183695,1,-0.015074623,1,0.002597694,1,0.1613004803657532,1,-0.502422869,1,0.0522292,1
0.483941644,-4.754108429,1,-1.390691996,1,-8.49479866,1,0.005240695,1,-0.015308288,1,0.000866273,1,0.1613337099552155,1,-0.502474487,1,0.052224834,1
0.487940609,-4.755748272,1,-1.432352185,1,-8.493035316,1,0.010925276,1,-0.017696524,1,-0.000283603,1,0.1613639295101166,1,-0.502532423,1,0.052217145,1
0.491941899,-4.743607044,1,-1.460682631,1,-8.531472206,1,0.005099236,1,-0.017075723,1,0.002205316,1,0.1613842695951462,1,-0.502606928,1,0.052216038,1
0.495939076,-4.768179417,1,-1.490999341,1,-8.526745796,1,0.000351242,1,-0.019703882,1,0.005030585,1,0.1613992899656296,1,-0.502683163,1,0.052223939,1
0.499938041,-4.750274658,1,-1.507599235,1,-8.504440308,1,-0.003018304,1,-0.018787276,1,0.007464302,1,0.1613832116127014,1,-0.502755642,1,0.05224539,1
0.503939569,-4.773699284,1,-1.4523139,1,-8.460783005,1,-0.003069896,1,-0.020664657,1,0.008847559,1,0.1613628268241882,1,-0.502843678,1,0.052262235,1
0.507937014,-4.778987885,1,-1.497511387,1,-8.475396156,1,-0.004846681,1,-0.016498415,1,0.012641881,1,0.1613245159387589,1,-0.502924919,1,0.052300919,1
0.511936784,-4.748662949,1,-1.436715484,1,-8.464174271,1,-0.00990142,1,-0.022145079,1,0.013380511,1,0.1612677872180939,1,-0.503012478,1,0.052348092,1
0.515938044,-4.785937786,1,-1.424525857,1,-8.469660759,1,-0.012050429,1,-0.020592431,1,0.014071312,1,0.1612035781145096,1,-0.503105462,1,0.052396409,1
0.519935489,-4.73707962,1,-1.440309763,1,-8.479734421,1,-0.015396668,1,-0.024039622,1,0.0136123,1,0.1611267924308777,1,-0.503201842,1,0.052438427,1
0.523934722,-4.752167225,1,-1.378044963,1,-8.503361702,1,-0.014408745,1,-0.022814097,1,0.016663138,1,0.1610488295555115,1,-0.503307998,1,0.052490737,1
0.527935982,-4.780738831,1,-1.357999802,1,-8.479894638,1,-0.016367409,1,-0.02358315,1,0.015809326,1,0.1609588414430618,1,-0.503477216,1,0.052540742,1
0.531933188,-4.799724102,1,-1.320651531,1,-8.484789848,1,-0.012678717,1,-0.023898924,1,0.014511097,1,0.1608781516551971,1,-0.503555357,1,0.052307103,1
0.535932422,-4.771475792,1,-1.31074512,1,-8.49943924,1,-0.012161206,1,-0.027952526,1,0.009803388,1,0.1608041822910309,1,-0.503669858,1,0.052356407,1
0.53993398,-4.708375454,1,-1.276498675,1,-8.512061119,1,-0.011931247,1,-0.03160917,1,0.012216806,1,0.1607447862625122,1,-0.503786922,1,0.052386113,1
0.543931901,-4.776286125,1,-1.311607718,1,-8.554870605,1,-0.011626598,1,-0.034467094,1,0.01139899,1,0.1606967151165009,1,-0.503920674,1,0.052420031,1
0.547931135,-4.789998531,1,-1.343603492,1,-8.527655602,1,-0.00541156,1,-0.031847101,1,0.0076033,1,0.1606573611497879,1,-0.504054308,1,0.052438721,1
0.551932395,-4.797427177,1,-1.340364695,1,-8.479024887,1,-0.009681254,1,-0.033462342,1,0.010060363,1,0.1606255918741226,1,-0.504188597,1,0.052459046,1
0.55592984,-4.815686703,1,-1.389356494,1,-8.492027283,1,-0.00453931,1,-0.034318719,1,0.007456018,1,0.1605848670005798,1,-0.504331768,1,0.052477766,1
0.559929073,-4.786956787,1,-1.361744642,1,-8.492079735,1,-0.00337452,1,-0.034798231,1,0.006147841,1,0.160553977,1,-0.504468799,1,0.052491795,1
0.563930631,-4.813216686,1,-1.318759561,1,-8.471678734,1,-0.005601572,1,-0.039990477,1,0.007587751,1,0.1605306565761566,1,-0.50461781,1,0.052499391,1
0.567928314,-4.833425999,1,-1.314733863,1,-8.459859848,1,-0.006554821,1,-0.03420325,1,0.007116881,1,0.1605093479156494,1,-0.504759908,1,0.052498944,1
0.571933448,-4.8172369,1,-1.372570038,1,-8.484107018,1,-0.003708963,1,-0.034064643,1,0.005021433,1,0.1605007499456406,1,-0.504898608,1,0.052497651,1
0.575934708,-4.798708439,1,-1.340087414,1,-8.456695557,1,-0.001386973,1,-0.0337952,1,0.005164642,1,0.1604968458414078,1,-0.505036831,1,0.052489545,1
0.579932153,-4.832238197,1,-1.381340623,1,-8.437657356,1,-0.002032143,1,-0.03547598,1,0.001313015,1,0.1604945212602615,1,-0.50517118,1,0.052479185,1
0.583931148,-4.865363598,1,-1.414708138,1,-8.389182091,1,-0.003813719,1,-0.030616986,1,0.004469416,1,0.1604793965816498,1,-0.505298436,1,0.052475244,1
0.587932408,-4.863675117,1,-1.413898468,1,-8.439282417,1,-0.009462491,1,-0.026706591,1,0.007870957,1,0.1604629904031754,1,-0.505420744,1,0.052481495,1
0.591929615,-4.79375267,1,-1.403114915,1,-8.426169395,1,-0.007492224,1,-0.027521376,1,0.005876066,1,0.160417765,1,-0.505539119,1,0.052496955,1
0.595928848,-4.784176826,1,-1.41950357,1,-8.401565552,1,-0.008155312,1,-0.026613334,1,0.011713069,1,0.1603692024946213,1,-0.505655587,1,0.052518118,1
0.599930346,-4.850681305,1,-1.450976372,1,-8.406687737,1,-0.017543629,1,-0.022348298,1,0.013395613,1,0.1602997779846191,1,-0.505753219,1,0.052548353,1
0.603927791,-4.828241348,1,-1.46965456,1,-8.391982079,1,-0.015112711,1,-0.024823975,1,0.011900097,1,0.1602228581905365,1,-0.50584805,1,0.052586757,1
0.607927322,-4.847996712,1,-1.411964297,1,-8.374631882,1,-0.020942204,1,-0.019209545,1,0.012253426,1,0.1601386219263077,1,-0.505940259,1,0.052630112,1
0.611928582,-4.87205267,1,-1.358791113,1,-8.409304619,1,-0.019097086,1,-0.018243233,1,0.017034864,1,0.1600497364997864,1,-0.506025016,1,0.052673943,1
0.615925789,-4.802379131,1,-1.340651751,1,-8.456748962,1,-0.015302059,1,-0.019122748,1,0.013693577,1,0.1599507480859756,1,-0.506104708,1,0.052735612,1
0.619925261,-4.844003201,1,-1.262699008,1,-8.425501823,1,-0.016533833,1,-0.011531315,1,0.011682294,1,0.1598678678274155,1,-0.506181777,1,0.052782424,1
0.62392652,-4.854712963,1,-1.292442441,1,-8.431853294,1,-0.013748914,1,-0.012153351,1,0.006276376,1,0.1597992032766342,1,-0.506242156,1,0.05282072,1
0.627923965,-4.848759174,1,-1.289227128,1,-8.469194412,1,-0.011683471,1,-0.016922895,1,0.01163842,1,0.1597351431846619,1,-0.506302655,1,0.052859031,1
0.631923199,-4.828439236,1,-1.286094069,1,-8.458427429,1,-0.012542295,1,-0.015584646,1,0.007853154,1,0.1596836298704147,1,-0.506374836,1,0.052890278,1
0.635924995,-4.804538727,1,-1.266480327,1,-8.461610794,1,-0.004846847,1,-0.016698776,1,0.008914541,1,0.1596400290727615,1,-0.506441414,1,0.052921187,1
0.639923215,-4.843379021,1,-1.326370358,1,-8.497506142,1,-0.005889492,1,-0.015280273,1,0.00608305,1,0.1596043854951859,1,-0.506510139,1,0.052944656,1
0.643922687,-4.818802834,1,-1.337043643,1,-8.4398489,1,-0.003731145,1,-0.014326114,1,0.010311423,1,0.1595743596553802,1,-0.506576478,1,0.052963357,1
0.647923946,-4.815234184,1,-1.335944295,1,-8.473009109,1,-0.003737193,1,-0.016536808,1,0.004151316,1,0.1595475375652313,1,-0.506652057,1,0.052984267,1
0.65192169,-4.851051331,1,-1.326807499,1,-8.447264671,1,-0.001580394,1,-0.015924184,1,0.005631572,1,0.1595205515623093,1,-0.506723285,1,0.052995093,1
0.655920923,-4.819835186,1,-1.356984019,1,-8.43088913,1,-0.005432128,1,-0.016767945,1,0.006898191,1,0.1595000922679901,1,-0.506786883,1,0.053012159,1
0.659922421,-4.814733982,1,-1.332504034,1,-8.439342499,1,-0.001098061,1,-0.014207434,1,0.002762826,1,0.1594826728105545,1,-0.506852627,1,0.053021718,1
0.663919866,-4.840549469,1,-1.272281408,1,-8.428706169,1,-0.00195276,1,-0.015228225,1,-0.000596353,1,0.1594611555337906,1,-0.506922483,1,0.053022292,1
0.667919099,-4.810576439,1,-1.232375383,1,-8.442765236,1,0.001122553,1,-0.016677918,1,0.003373884,1,0.1594606339931488,1,-0.506983042,1,0.053027645,1
0.671920896,-4.84189415,1,-1.215510488,1,-8.431033134,1,0.00416487,1,-0.017033065,1,-0.001119221,1,0.1594816446304321,1,-0.507057726,1,0.053011015,1
0.675918877,-4.826038837,1,-1.303459048,1,-8.472556114,1,0.010322791,1,-0.02118073,1,-0.003855326,1,0.1595085859298706,1,-0.507126987,1,0.05299975,1
0.679918051,-4.828587055,1,-1.317634463,1,-8.462603569,1,0.007173444,1,-0.016501544,1,-0.001459445,1,0.1595460325479507,1,-0.507190228,1,0.052989274,1
0.683919847,-4.834023952,1,-1.3780092,1,-8.459988594,1,0.005306018,1,-0.01659238,1,-0.000136689,1,0.1595753282308578,1,-0.507259965,1,0.052966952,1
0.68791759,-4.862164974,1,-1.417566299,1,-8.398592949,1,0.00348039,1,-0.019499872,1,0.003783514,1,0.159598097,1,-0.507328808,1,0.052958779,1
0.691923201,-4.830292225,1,-1.425731778,1,-8.431810379,1,0.003582948,1,-0.015747383,1,0.005141641,1,0.1596172004938126,1,-0.507391274,1,0.052959286,1
0.695924759,-4.849946976,1,-1.454836965,1,-8.406072617,1,0.000546918,1,-0.015182849,1,0.008084433,1,0.15960601,1,-0.507448554,1,0.052979123,1
0.699922204,-4.846282005,1,-1.435779095,1,-8.397264481,1,-0.000393325,1,-0.008862833,1,0.004090646,1,0.159592867,1,-0.507505715,1,0.053002663,1
0.703921437,-4.845383167,1,-1.430017829,1,-8.403862,1,-0.006628614,1,-0.006913671,1,0.013641605,1,0.1595636904239655,1,-0.507547796,1,0.053032294,1
0.707922697,-4.869450569,1,-1.420576811,1,-8.403140068,1,-0.011001009,1,-0.008384946,1,0.010199832,1,0.1595155894756317,1,-0.507592022,1,0.053071667,1
0.711920142,-4.875569344,1,-1.389458537,1,-8.393390656,1,-0.005694986,1,-0.006170081,1,0.011476625,1,0.159464955,1,-0.507619619,1,0.05312115,1
0.715919375,-4.834749699,1,-1.410405397,1,-8.396760941,1,-0.014185932,1,-0.00430501,1,0.012346879,1,0.1593988239765167,1,-0.507640302,1,0.05316934,1
0.719920635,-4.822463036,1,-1.343665004,1,-8.41656208,1,-0.01472113,1,0.003626815,1,0.011826755,1,0.1593216955661774,1,-0.507651091,1,0.053223237,1
0.72391808,-4.84478426,1,-1.328000069,1,-8.400279999,1,-0.015394367,1,0.001148874,1,0.014711298,1,0.1592343151569366,1,-0.507656276,1,0.053281359,1
0.727917314,-4.879197121,1,-1.325750351,1,-8.407993317,1,-0.009677669,1,0.004692724,1,0.010943713,1,0.1591557711362839,1,-0.507653356,1,0.053331718,1
0.731918871,-4.845726967,1,-1.31216526,1,-8.435434341,1,-0.010719717,1,0.000190731,1,0.008821921,1,0.1590877324342728,1,-0.507647395,1,0.053382594,1
0.735916793,-4.84690094,1,-1.331931829,1,-8.416030884,1,-0.012143758,1,0.002023348,1,0.009939494,1,0.1590291410684586,1,-0.507642865,1,0.053422663,1
0.739916265,-4.815714359,1,-1.349411964,1,-8.418913841,1,-0.008490263,1,0.006441007,1,0.012845678,1,0.158956453,1,-0.507627666,1,0.053472038,1
0.743917584,-4.827181816,1,-1.396054387,1,-8.447109222,1,-0.012205401,1,0.001418737,1,0.010378219,1,0.1588843315839767,1,-0.507623732,1,0.053532396,1
0.74791503,-4.826407909,1,-1.38633275,1,-8.483480453,1,-0.008130969,1,0.003438242,1,0.010341285,1,0.1588181108236313,1,-0.507615149,1,0.05357495,1
0.751914263,-4.815023899,1,-1.390566111,1,-8.444894791,1,-0.009164417,1,0.000655015,1,0.011026626,1,0.1587477475404739,1,-0.507612944,1,0.053630512,1
0.755915761,-4.836344242,1,-1.389698029,1,-8.410964012,1,-0.013011033,1,0.000153743,1,0.014579555,1,0.1586736887693405,1,-0.507617831,1,0.053684253,1
0.759913206,-4.815628052,1,-1.309150219,1,-8.447281837,1,-0.014219738,1,0.009639061,1,0.012271952,1,0.1585893481969833,1,-0.507610261,1,0.05374819,1
0.763912678,-4.83571291,1,-1.287796855,1,-8.423285484,1,-0.0140375,1,0.002805158,1,0.010182168,1,0.1585024446249008,1,-0.50759691,1,0.053809796,1
0.767913997,-4.836689472,1,-1.289322615,1,-8.382642746,1,-0.012490681,1,0.005534197,1,0.012958113,1,0.1584268063306808,1,-0.507589638,1,0.053863551,1
0.771911144,-4.829810619,1,-1.299092531,1,-8.422861099,1,-0.009644737,1,0.005018688,1,0.0123653,1,0.158360168,1,-0.507571638,1,0.053915266,1
0.775910139,-4.856275082,1,-1.308040977,1,-8.41119957,1,-0.010578199,1,0.001981758,1,0.00732764,1,0.1582872569561005,1,-0.507559001,1,0.053965133,1
0.779911697,-4.831087112,1,-1.309170961,1,-8.432395935,1,-0.007639183,1,0.00383791,1,0.008550216,1,0.1582110673189163,1,-0.507603288,1,0.053729933,1
0.78390938,-4.812809944,1,-1.244607329,1,-8.440647125,1,-0.009373466,1,0.001634702,1,0.006420974,1,0.1581648737192154,1,-0.507585168,1,0.053761285,1
0.787908852,-4.826151848,1,-1.270378113,1,-8.4363451,1,-0.006221039,1,0.0072006,1,0.005209638,1,0.1581181138753891,1,-0.5075683,1,0.053793456,1
0.79191041,-4.880339622,1,-1.264403224,1,-8.368419647,1,-0.006118367,1,0.005166928,1,0.007212955,1,0.1580798178911209,1,-0.507542253,1,0.05382679,1
0.795907855,-4.867076874,1,-1.277749658,1,-8.384411812,1,-0.003182557,1,0.006546029,1,0.006168901,1,0.1580533236265182,1,-0.507512629,1,0.053856477,1
0.799907088,-4.838832378,1,-1.232501507,1,-8.396454811,1,-0.002306422,1,0.00570068,1,0.001775064,1,0.1580339968204498,1,-0.507484853,1,0.053869333,1
0.803908587,-4.845620632,1,-1.261217952,1,-8.420259476,1,0.00292982,1,0.008271138,1,0.00287748,1,0.1580293029546738,1,-0.507451415,1,0.053881485,1
0.807906032,-4.864752769,1,-1.263513803,1,-8.405642509,1,-0.002276171,1,0.009311271,1,0.000493093,1,0.1580261141061783,1,-0.507413387,1,0.053891115,1
0.811911404,-4.865084171,1,-1.321908355,1,-8.421867371,1,0.002859715,1,0.011621666,1,-0.00366304,1,0.1580352187156677,1,-0.50737381,1,0.053891391,1
0.815912724,-4.835307598,1,-1.325610876,1,-8.3872509,1,0.000722998,1,0.011386613,1,-0.001455015,1,0.1580447852611542,1,-0.507331312,1,0.053893067,1
0.819910169,-4.866071701,1,-1.305390358,1,-8.399245262,1,0.005010715,1,0.015135926,1,-0.003673613,1,0.1580545604228973,1,-0.507282138,1,0.053887252,1
0.823909402,-4.825289249,1,-1.300987005,1,-8.429451942,1,0.004067094,1,0.01359332,1,-0.001914266,1,0.1580729633569717,1,-0.507218599,1,0.05388815,1
0.827910662,-4.804071426,1,-1.303604126,1,-8.416689873,1,0.007701666,1,0.016754219,1,-0.00094639,1,0.1580917239189148,1,-0.507154226,1,0.053883865,1
0.831908107,-4.78456068,1,-1.30403924,1,-8.458897591,1,0.004243054,1,0.017579196,1,0.001685683,1,0.1581156104803085,1,-0.50708878,1,0.053886145,1
0.83590734,-4.791304588,1,-1.341388464,1,-8.516568184,1,0.005440579,1,0.015829384,1,-0.002802521,1,0.1581288427114487,1,-0.507021964,1,0.053892761,1
0.839908838,-4.782720089,1,-1.371639848,1,-8.509768486,1,0.004725536,1,0.016618164,1,-0.003398133,1,0.1581493318080902,1,-0.506956935,1,0.053891569,1
0.843906581,-4.815711021,1,-1.437503576,1,-8.498709679,1,0.00191573,1,0.014220765,1,0.001076113,1,0.1581529229879379,1,-0.506898463,1,0.053909093,1
0.847905815,-4.799706936,1,-1.433365703,1,-8.536710739,1,0.003874128,1,0.01262707,1,0.002979179,1,0.1581490188837051,1,-0.506847262,1,0.053931389,1
0.851907313,-4.792633533,1,-1.416440129,1,-8.524643898,1,-0.001844616,1,0.0087898,1,0.003750002,1,0.1581424623727798,1,-0.506804347,1,0.053942196,1
0.855904758,-4.786124229,1,-1.34782958,1,-8.531025887,1,-0.002290678,1,0.00495021,1,0.00465245,1,0.158133402,1,-0.506777942,1,0.053963803,1
0.859903991,-4.80162859,1,-1.35168457,1,-8.554816246,1,0.00184007,1,0.003921363,1,0.005125858,1,0.1581143438816071,1,-0.50676465,1,0.053986449,1
0.863905251,-4.816940308,1,-1.377713084,1,-8.534636497,1,0.000929079,1,0.000477126,1,0.005052289,1,0.1581098586320877,1,-0.5067572,1,0.054011721,1
0.867902458,-4.823208809,1,-1.446367979,1,-8.517985344,1,-0.001691852,1,-0.002240988,1,0.008083699,1,0.1580879539251328,1,-0.50676316,1,0.054043707,1
0.871901929,-4.802297592,1,-1.466880679,1,-8.478149414,1,-0.001970632,1,-0.000998796,1,0.007626071,1,0.1580657511949539,1,-0.506773531,1,0.054076456,1
0.875903726,-4.838626862,1,-1.440908194,1,-8.449323654,1,-0.004292571,1,-0.005119081,1,0.01180093,1,0.1580278426408768,1,-0.5067963,1,0.054121628,1
0.879901469,-4.817456722,1,-1.355005383,1,-8.488220215,1,-0.004032505,1,-0.007077118,1,0.009104254,1,0.157977507,1,-0.506833434,1,0.054161634,1
0.883900642,-4.809440613,1,-1.39414227,1,-8.459132195,1,-0.00908852,1,-0.007346611,1,0.014494607,1,0.1579381972551346,1,-0.506870568,1,0.054206513,1
0.887901962,-4.817538738,1,-1.34015727,1,-8.43559742,1,-0.00057602,1,-0.006352967,1,0.01546476,1,0.1578834652900696,1,-0.506913602,1,0.054273777,1
0.891899109,-4.783666134,1,-1.375891685,1,-8.458674431,1,0.003029095,1,-0.006939382,1,0.022015268,1,0.1578402072191238,1,-0.506963909,1,0.054363094,1
0.89589864,-4.770584106,1,-1.317279696,1,-8.416700363,1,0.006823388,1,-0.008702097,1,0.028935185,1,0.1578069031238556,1,-0.507010877,1,0.054473877,1
0.899900138,-4.812216759,1,-1.316235781,1,-8.446265221,1,0.013914917,1,-0.00776722,1,0.038636655,1,0.1577868759632111,1,-0.50706774,1,0.054610379,1
0.903897882,-4.782583237,1,-1.313248038,1,-8.41221714,1,0.012108973,1,-0.003718717,1,0.035910089,1,0.1577647477388382,1,-0.507123172,1,0.054773808,1
0.907897353,-4.841718197,1,-1.256705046,1,-8.407699585,1,0.016002461,1,-0.004543557,1,0.038712084,1,0.1577466875314713,1,-0.507164598,1,0.054938126,1
0.911898613,-4.861700535,1,-1.178876638,1,-8.365481377,1,0.018882334,1,-0.00205265,1,0.037388291,1,0.1577426940202713,1,-0.507201791,1,0.055093504,1
0.915896058,-4.853613377,1,-1.217113256,1,-8.408254623,1,0.020044526,1,-0.00039344,1,0.027935388,1,0.1577426642179489,1,-0.507229686,1,0.055236623,1
0.91989553,-4.869249344,1,-1.217953444,1,-8.380899429,1,0.018244304,1,0.001141285,1,0.021530949,1,0.157760814,1,-0.507248282,1,0.05535337,1
0.923896849,-4.876891613,1,-1.206585765,1,-8.354569435,1,0.020642567,1,0.001108439,1,0.01659395,1,0.1577970832586288,1,-0.507253051,1,0.055435773,1
0.927894294,-4.86932373,1,-1.231829882,1,-8.395669937,1,0.018784119,1,0.005913212,1,0.013739681,1,0.1578322052955627,1,-0.507247269,1,0.055506784,1
0.931893528,-4.881757736,1,-1.26620543,1,-8.431862831,1,0.023314066,1,0.010250936,1,0.010527743,1,0.1578835397958755,1,-0.507225871,1,0.055555549,1
0.935900927,-4.832285404,1,-1.257569909,1,-8.393279076,1,0.018076211,1,0.010291759,1,0.004033583,1,0.1579380035400391,1,-0.507187545,1,0.055599336,1
0.939904273,-4.856399059,1,-1.27757442,1,-8.429156303,1,0.012225087,1,0.014083619,1,0.004172548,1,0.1579789519309998,1,-0.507143855,1,0.055633713,1
0.943903506,-4.818714142,1,-1.285304546,1,-8.396463394,1,0.018115513,1,0.012178626,1,0.000898354,1,0.1580315083265305,1,-0.507091463,1,0.055663329,1
0.947905302,-4.841552734,1,-1.331398368,1,-8.411928177,1,0.010979441,1,0.015831375,1,0.0012762,1,0.1580705791711807,1,-0.507033646,1,0.055683147,1
0.951902986,-4.796805382,1,-1.373815894,1,-8.40267849,1,0.007056943,1,0.017818682,1,0.001121172,1,0.1581067889928818,1,-0.506966889,1,0.05569331,1
0.955902219,-4.819235325,1,-1.427528262,1,-8.463675499,1,0.00435406,1,0.01742461,1,0.00195109,1,0.1581238359212875,1,-0.506895304,1,0.055713054,1
0.959904015,-4.734564304,1,-1.409705043,1,-8.494006157,1,-0.000453278,1,0.019551309,1,0.005298149,1,0.1581230759620667,1,-0.506819129,1,0.055739179,1
0.963901699,-4.751280308,1,-1.37727809,1,-8.47091198,1,0.005184828,1,0.015989034,1,0.003119351,1,0.1581177115440369,1,-0.5067572,1,0.055770323,1
0.96790117,-4.816345692,1,-1.445969701,1,-8.444811821,1,-0.004721913,1,0.013189105,1,0.005590968,1,0.1581041216850281,1,-0.506699145,1,0.055799775,1
0.97190249,-4.808300495,1,-1.41417408,1,-8.466874123,1,-0.006999552,1,0.01622919,1,0.006314848,1,0.1580695062875748,1,-0.506643713,1,0.055831257,1
0.975899637,-4.806685925,1,-1.49239707,1,-8.533507347,1,-0.004981779,1,0.013863256,1,0.011139486,1,0.1580265909433365,1,-0.506596029,1,0.055887252,1
0.97989887,-4.772285938,1,-1.486903906,1,-8.467571259,1,0.002044861,1,0.008719406,1,0.02190531,1,0.1579737663269043,1,-0.506560743,1,0.055970628,1
0.983900428,-4.755983829,1,-1.447199702,1,-8.470147133,1,0.0064518,1,0.005091161,1,0.038194161,1,0.1579175293445587,1,-0.506546199,1,0.056114588,1
0.987898111,-4.765370846,1,-1.486683011,1,-8.43828392,1,0.018292975,1,0.010860915,1,0.051895756,1,0.157864124,1,-0.506542623,1,0.056321621,1
0.991897583,-4.812891006,1,-1.516608,1,-8.461052895,1,0.028395252,1,0.014058771,1,0.073312588,1,0.157811239,1,-0.506538033,1,0.056615226,1
0.995898902,-5.1043396,1,-1.354545355,1,-8.54434967,1,0.031142281,1,0.016677767,1,0.087734148,1,0.1577552855014801,1,-0.506522596,1,0.056985978,1
0.999896348,-4.138680935,1,-1.637553453,1,-8.452311516,1,0.045276318,1,0.017822262,1,0.1056677252054214,1,0.1576824188232422,1,-0.50647074,1,0.05743951,1
1.003895521,-4.947432041,1,-1.233595014,1,-8.290877342,1,0.044911336,1,0.021338055,1,0.1078656315803528,1,0.1576217859983444,1,-0.506473064,1,0.057941023,1
1.007896781,-4.906262875,1,-1.146440864,1,-8.324458122,1,0.050165132,1,0.032974858,1,0.1102765500545502,1,0.1575682312250137,1,-0.506441176,1,0.058450233,1
1.011894584,-4.890154362,1,-0.995193899,1,-8.317973137,1,0.05205851,1,0.031926353,1,0.098611251,1,0.1575323939323425,1,-0.506381452,1,0.058944333,1
1.015893817,-4.918793678,1,-0.955337286,1,-8.362039566,1,0.052934092,1,0.029754911,1,0.085137054,1,0.1575329601764679,1,-0.506312847,1,0.05938457,1
1.019895315,-4.878334045,1,-0.9205966,1,-8.382829666,1,0.054976471,1,0.036447626,1,0.069825068,1,0.1575666964054108,1,-0.506230235,1,0.059760299,1
1.023893237,-4.903309822,1,-0.973611534,1,-8.386889458,1,0.05673492,1,0.039379146,1,0.053907949,1,0.1576403081417084,1,-0.506115437,1,0.060071677,1
1.02789247,-4.94711256,1,-1.000611424,1,-8.385227203,1,0.062063031,1,0.039799057,1,0.042932693,1,0.1577222496271133,1,-0.506070375,1,0.060317822,1
1.031893969,-4.96557188,1,-1.011395097,1,-8.353738785,1,0.061403431,1,0.04868672,1,0.030663906,1,0.1578804105520248,1,-0.505890608,1,0.060222358,1
1.035891414,-4.908618927,1,-1.019518495,1,-8.413784027,1,0.071131065,1,0.049100973,1,0.013382772,1,0.1580835282802582,1,-0.505718946,1,0.060353391,1
1.039890647,-4.958741188,1,-1.016796589,1,-8.388699532,1,0.079856083,1,0.047550961,1,0.001382472,1,0.1583532392978668,1,-0.505529523,1,0.060422976,1
1.043892264,-4.913275719,1,-1.043983698,1,-8.409352303,1,0.086927176,1,0.054033294,1,-0.013314033,1,0.1586781740188599,1,-0.505328655,1,0.060435262,1
1.047889709,-4.85769558,1,-1.153419852,1,-8.458895683,1,0.098427534,1,0.054525942,1,-0.018746465,1,0.1590722352266312,1,-0.50510782,1,0.060398083,1
1.051888943,-4.880254269,1,-1.214869976,1,-8.460349083,1,0.1271113157272339,1,0.056492724,1,-0.01745287,1,0.1595382243394852,1,-0.504880011,1,0.060356662,1
1.055896282,-4.876721382,1,-1.127530694,1,-8.46606636,1,0.1453965455293655,1,0.055824779,1,-0.013200305,1,0.1600935757160187,1,-0.504655123,1,0.060329508,1
1.059899688,-4.849984646,1,-1.118554711,1,-8.443096161,1,0.1611872315406799,1,0.06373547,1,-0.009270187,1,0.1607064306735992,1,-0.504406035,1,0.060333982,1
1.063899159,-4.954681873,1,-1.034729123,1,-8.437858582,1,0.1789665967226028,1,0.059551328,1,-0.014048863,1,0.1613892316818237,1,-0.504161358,1,0.06034404,1
1.067900419,-4.937841415,1,-1.040553689,1,-8.349485397,1,0.1910583823919296,1,0.070763454,1,-0.01733825,1,0.1621452867984772,1,-0.50389868,1,0.060317226,1
1.071897626,-4.831783772,1,-1.034058452,1,-8.544849396,1,0.1975651681423187,1,0.059349202,1,-0.027532728,1,0.1629560589790344,1,-0.503618956,1,0.060248088,1
1.075897336,-4.793606758,1,-1.157500267,1,-8.449370384,1,0.194611982,1,0.062436409,1,-0.041071005,1,0.1637987047433853,1,-0.503358245,1,0.060135927,1
1.079898834,-4.74677372,1,-1.29171598,1,-8.464947701,1,0.1936121135950089,1,0.056808807,1,-0.044442773,1,0.1646509617567062,1,-0.503092945,1,0.059980914,1
1.083896518,-4.700612545,1,-1.346707344,1,-8.506072998,1,0.1837810873985291,1,0.056859232,1,-0.053725354,1,0.1654897332191467,1,-0.502830267,1,0.059806366,1
1.087896347,-4.639238358,1,-1.447644711,1,-8.498118401,1,0.1734853833913803,1,0.057388991,1,-0.043979093,1,0.1662912368774414,1,-0.502571344,1,0.059637923,1
1.091897845,-4.592819214,1,-1.585874557,1,-8.513523102,1,0.1603603810071945,1,0.048299581,1,-0.034690693,1,0.1670317500829697,1,-0.502328634,1,0.059501272,1
1.095895529,-4.615786552,1,-1.809150934,1,-8.558137894,1,0.1501836627721786,1,0.049180172,1,-0.031283081,1,0.1676991432905197,1,-0.5021137,1,0.059388958,1
1.099894762,-4.634492397,1,-1.953873038,1,-8.569049835,1,0.1254316121339798,1,0.048588082,1,-0.029248461,1,0.1682855039834976,1,-0.501913309,1,0.059295982,1
1.103896022,-4.711590767,1,-1.958292365,1,-8.589878082,1,0.1082988381385803,1,0.038627289,1,-0.014436665,1,0.1687903106212616,1,-0.501741529,1,0.05922826,1
1.107893467,-4.727181435,1,-1.852464557,1,-8.572809219,1,0.088420704,1,0.034782469,1,-0.013272281,1,0.1692061275243759,1,-0.501585484,1,0.059192676,1
1.111892939,-4.716936588,1,-1.781306267,1,-8.596436501,1,0.074495286,1,0.031167554,1,-0.007383998,1,0.1695460230112076,1,-0.501451552,1,0.059171077,1
1.115894556,-4.749457836,1,-1.808372736,1,-8.628238678,1,0.059339743,1,0.020423684,1,0.00013263,1,0.1698164492845535,1,-0.501343906,1,0.059172455,1
1.11989224,-4.776955605,1,-1.810854435,1,-8.608906746,1,0.043217652,1,0.014194541,1,0.000295122,1,0.1700301617383957,1,-0.501265645,1,0.059178576,1
1.123891473,-4.706959248,1,-1.79038465,1,-8.583259583,1,0.032889705,1,0.012395122,1,0.008893535,1,0.1701710969209671,1,-0.501206934,1,0.059203506,1
1.127892971,-4.740437984,1,-1.79475522,1,-8.564626694,1,0.016790783,1,0.01096315,1,0.006474146,1,0.1702542901039124,1,-0.501160383,1,0.059240706,1
1.131890416,-4.711864471,1,-1.737260222,1,-8.580626488,1,0.006035381,1,0.004038881,1,0.015298977,1,0.1702791154384613,1,-0.501156926,1,0.059297901,1
1.135889649,-4.745796204,1,-1.633219004,1,-8.536445618,1,-0.001694792,1,-0.002243629,1,0.012408502,1,0.1702617704868317,1,-0.501165092,1,0.059347972,1
1.139891148,-4.742364407,1,-1.572672725,1,-8.574115753,1,-0.011637902,1,-0.000108019,1,0.014983045,1,0.1702054888010025,1,-0.501174212,1,0.05941483,1
1.143888593,-4.725878239,1,-1.580771327,1,-8.570305824,1,-0.013875117,1,-0.009809311,1,0.011865398,1,0.170129195,1,-0.501201689,1,0.059463985,1
1.147887826,-4.710865974,1,-1.552040815,1,-8.554843903,1,-0.016822642,1,-0.007600377,1,0.015241887,1,0.1700469106435776,1,-0.50124526,1,0.059506152,1
1.151889443,-4.707450867,1,-1.559698939,1,-8.554232597,1,-0.021848515,1,-0.013483788,1,0.0071965,1,0.1699464321136475,1,-0.501296103,1,0.059544075,1
1.155886889,-4.707792759,1,-1.480425954,1,-8.508711815,1,-0.022327716,1,-0.014297141,1,0.011491483,1,0.1698439121246338,1,-0.501352251,1,0.059577681,1
1.15988636,-4.779146194,1,-1.360433102,1,-8.498384476,1,-0.024813097,1,-0.015094562,1,0.005953948,1,0.169736385,1,-0.501415372,1,0.059592582,1
1.16388762,-4.757803917,1,-1.261756301,1,-8.530162811,1,-0.023413669,1,-0.015870217,1,-0.001010266,1,0.1696440428495407,1,-0.501481235,1,0.059596285,1
1.167885065,-4.773089886,1,-1.192759991,1,-8.523357391,1,-0.016633876,1,-0.019235887,1,-0.009836214,1,0.1695834100246429,1,-0.501551628,1,0.059556201,1
1.171884298,-4.820559025,1,-1.1275177,1,-8.548223495,1,-0.014454667,1,-0.021813201,1,-0.01774206,1,0.1695588976144791,1,-0.501622021,1,0.059481137,1
1.175891995,-4.819012642,1,-1.138708711,1,-8.526520729,1,-0.004173318,1,-0.022516668,1,-0.024407677,1,0.1695751696825027,1,-0.50168246,1,0.059376281,1
1.17989552,-4.851356983,1,-1.270274282,1,-8.481787682,1,0.002596734,1,-0.022000749,1,-0.027795004,1,0.1696378141641617,1,-0.501750827,1,0.059236474,1
1.18389535,-4.864209175,1,-1.295881033,1,-8.471438408,1,0.001004129,1,-0.022342188,1,-0.039667852,1,0.1697318106889725,1,-0.501811862,1,0.059064209,1
1.187896609,-4.910076618,1,-1.332006931,1,-8.437045097,1,0.006072391,1,-0.013909761,1,-0.048923239,1,0.1698492914438248,1,-0.501852095,1,0.058852002,1
1.191894054,-4.941939354,1,-1.348945618,1,-8.429327011,1,0.006607642,1,-0.014929334,1,-0.051390588,1,0.1699828058481216,1,-0.501879275,1,0.058626957,1
1.195893526,-4.950771332,1,-1.343622923,1,-8.416536331,1,0.005004498,1,-0.009342284,1,-0.057986513,1,0.1701266467571259,1,-0.501884937,1,0.058375824,1
1.199894786,-4.903154373,1,-1.401060462,1,-8.425847054,1,0.003798401,1,-0.006023634,1,-0.055548877,1,0.1702612638473511,1,-0.501871347,1,0.058116075,1
1.203892231,-4.944391727,1,-1.45060873,1,-8.424478531,1,0.000586124,1,0.003096353,1,-0.06336648,1,0.1703995019197464,1,-0.501836479,1,0.057849027,1
1.207891464,-4.967099667,1,-1.590154409,1,-8.396361351,1,-0.007274012,1,0.006874857,1,-0.060506187,1,0.1705183088779449,1,-0.501768172,1,0.057570253,1
1.211893201,-5.01962328,1,-1.662704706,1,-8.371520042,1,-0.015503203,1,0.021053676,1,-0.061451666,1,0.1706065982580185,1,-0.50166297,1,0.057305437,1
1.215891242,-5.023084164,1,-1.770232677,1,-8.339138031,1,-0.023929238,1,0.034488253,1,-0.061339296,1,0.1706530600786209,1,-0.501514375,1,0.057048865,1
1.219890714,-4.967033863,1,-1.784626484,1,-8.32515049,1,-0.032429595,1,0.042127334,1,-0.059163012,1,0.1706514805555344,1,-0.50132668,1,0.056817606,1
1.223892212,-4.929862976,1,-1.718547106,1,-8.26388073,1,-0.044831671,1,0.053664319,1,-0.053002484,1,0.1705879867076874,1,-0.501109123,1,0.056607757,1
1.227889895,-4.795065403,1,-1.669057012,1,-8.277636528,1,-0.050240651,1,0.057754397,1,-0.0452521,1,0.1704836487770081,1,-0.500852168,1,0.056432169,1
1.231889129,-4.694115162,1,-1.721496701,1,-8.330666542,1,-0.056274462,1,0.064483315,1,-0.038416617,1,0.1703360080718994,1,-0.500578582,1,0.056297023,1
1.235890746,-4.68119812,1,-1.721860886,1,-8.384237289,1,-0.068263456,1,0.062784135,1,-0.026208768,1,0.1701336652040482,1,-0.500299394,1,0.056197122,1
1.239888072,-4.644093037,1,-1.747768283,1,-8.386478424,1,-0.07204508,1,0.067191131,1,-0.025058975,1,0.1698901951313019,1,-0.500014842,1,0.056128718,1
1.243887305,-4.569635391,1,-1.646772623,1,-8.340202332,1,-0.073646992,1,0.061947726,1,-0.016410071,1,0.1696216613054276,1,-0.499743283,1,0.056086745,1
1.247888684,-4.371986389,1,-1.510500193,1,-8.406160355,1,-0.070636779,1,0.055250943,1,-0.00527154,1,0.1693285256624222,1,-0.499501318,1,0.056079317,1
1.251885772,-4.279763222,1,-1.583833694,1,-8.600543976,1,-0.074030243,1,0.047025576,1,0.001175695,1,0.1690266132354736,1,-0.499292582,1,0.0561096,1
1.255885363,-4.295622349,1,-1.654345751,1,-8.669593811,1,-0.07930807,1,0.038666986,1,0.012206525,1,0.1686851531267166,1,-0.499128193,1,0.056191232,1
1.259886622,-4.421479702,1,-1.714708328,1,-8.624972343,1,-0.082824945,1,0.024258329,1,0.018408233,1,0.1683192700147629,1,-0.499016017,1,0.056288507,1
1.263883829,-4.685311317,1,-1.642414808,1,-8.533638954,1,-0.091274209,1,0.020739801,1,0.023430275,1,0.1679162532091141,1,-0.498938024,1,0.056396276,1
1.267883301,-4.844582558,1,-1.458044052,1,-8.499223709,1,-0.086000986,1,0.0183059,1,0.028709041,1,0.1674939393997192,1,-0.498883337,1,0.05652684,1
1.271884799,-4.776888371,1,-1.420837402,1,-8.534715652,1,-0.091504447,1,0.009965108,1,0.028339876,1,0.1670789867639542,1,-0.498841703,1,0.056657057,1
1.275882483,-4.697515965,1,-1.304635882,1,-8.596387863,1,-0.081606925,1,0.003956554,1,0.022388168,1,0.1666872650384903,1,-0.498813838,1,0.056777537,1
1.279881954,-4.596149445,1,-1.265736341,1,-8.691596985,1,-0.077978402,1,0.004364182,1,0.026285665,1,0.1663420498371124,1,-0.498829782,1,0.056605697,1
1.283883214,-4.622292042,1,-1.237521887,1,-8.658993721,1,-0.072774731,1,-0.008672256,1,0.015031358,1,0.1660032719373703,1,-0.498852581,1,0.056690615,1
1.287881017,-4.654283047,1,-1.296448112,1,-8.660966873,1,-0.07072974,1,-0.013642709,1,0.016620934,1,0.1656889617443085,1,-0.49890697,1,0.056756873,1
1.29188025,-4.671768665,1,-1.27520442,1,-8.616003036,1,-0.064511731,1,-0.02369385,1,0.015726997,1,0.1654015481472015,1,-0.498990268,1,0.056805648,1
1.295887351,-4.717570782,1,-1.246920705,1,-8.584680557,1,-0.056859341,1,-0.024601728,1,0.008030487,1,0.1651421785354614,1,-0.499088168,1,0.056834068,1
1.299890995,-4.742223263,1,-1.194704771,1,-8.578296661,1,-0.056551889,1,-0.035133056,1,0.007377775,1,0.1649050116539001,1,-0.499201208,1,0.056850482,1
1.303890467,-4.708341599,1,-1.133569598,1,-8.599637032,1,-0.053920567,1,-0.038842082,1,0.008291526,1,0.1646900475025177,1,-0.499345094,1,0.056855042,1
1.307891726,-4.748085976,1,-1.09771502,1,-8.597378731,1,-0.04419357,1,-0.039085466,1,0.000762315,1,0.1645145267248154,1,-0.499494225,1,0.056841623,1
1.311889172,-4.720469475,1,-1.081785798,1,-8.59187603,1,-0.032822173,1,-0.044512648,1,-0.000522883,1,0.1643744707107544,1,-0.499663711,1,0.056811124,1
1.315888405,-4.770251751,1,-1.074629426,1,-8.615680695,1,-0.028014323,1,-0.050981462,1,-0.006629512,1,0.1642698496580124,1,-0.499849558,1,0.056771182,1
1.319890141,-4.762217522,1,-1.125843048,1,-8.620073318,1,-0.018862881,1,-0.059544217,1,-0.008277957,1,0.1642149984836578,1,-0.500056863,1,0.056697745,1
1.323888183,-4.783871651,1,-1.153689384,1,-8.615695953,1,-0.008090165,1,-0.058545873,1,-0.011402934,1,0.164200634,1,-0.5002864,1,0.05661102,1
1.327887654,-4.791399002,1,-1.21887517,1,-8.685202599,1,-0.008119384,1,-0.072621383,1,-0.015631117,1,0.164216474,1,-0.500534952,1,0.056506839,1
1.331889153,-4.677588463,1,-1.304558039,1,-8.748501778,1,0.005283479,1,-0.082201518,1,-0.010596802,1,0.1642728000879288,1,-0.50082624,1,0.056394946,1
1.335886836,-4.707715511,1,-1.483834624,1,-8.839481354,1,0.016356893,1,-0.091160893,1,-0.002328463,1,0.1643564254045486,1,-0.501164854,1,0.05630473,1
1.339886069,-4.594304085,1,-1.662888765,1,-8.916178703,1,0.021343099,1,-0.105013914,1,0.007501549,1,0.1644431203603745,1,-0.501552463,1,0.056241881,1
1.343887329,-4.521657944,1,-1.990103483,1,-8.987607002,1,0.025891043,1,-0.130353868,1,0.02536069,1,0.1645486652851105,1,-0.502025783,1,0.056238856,1
1.347884536,-4.498091698,1,-2.160706758,1,-9.132744789,1,0.044150926,1,-0.158566445,1,0.062010985,1,0.1646302938461304,1,-0.502619863,1,0.056324877,1
1.351883769,-4.156347275,1,-2.524111032,1,-9.580690384,1,0.073580071,1,-0.219478384,1,0.1169788986444473,1,0.1647467762231827,1,-0.503418744,1,0.056581602,1
1.355885625,-3.937101841,1,-2.820108652,1,-9.609042168,1,0.096735656,1,-0.303648025,1,0.1830404847860336,1,0.1648682653903961,1,-0.504538059,1,0.057069592,1
1.359883308,-3.879902601,1,-3.109148264,1,-9.662760735,1,0.069890872,1,-0.404322177,1,0.2357597053050995,1,0.1648546010255814,1,-0.50605315,1,0.057749577,1
1.36388278,-5.081553936,1,-2.840455055,1,-8.868185043,1,0.069633,1,-0.443921506,1,0.2600624263286591,1,0.1647315919399261,1,-0.507941186,1,0.058552667,1
1.36788404,-5.553688526,1,-1.411661029,1,-9.407491684,1,0.1116219758987427,1,-0.427039951,1,0.2188021093606949,1,0.1647118031978607,1,-0.509810507,1,0.059334386,1
1.371881485,-5.313219547,1,-1.057715654,1,-9.308213234,1,0.1607644408941269,1,-0.418888241,1,0.1364979296922684,1,0.1650372892618179,1,-0.511601508,1,0.059815068,1
1.375880718,-4.717155933,1,-1.147128344,1,-9.932496071,1,0.2436070740222931,1,-0.431582928,1,0.099160485,1,0.1657387018203735,1,-0.513329089,1,0.060005806,1
1.379881978,-3.911813974,1,-1.941684365,1,-10.24428177,1,0.3146522045135498,1,-0.482885092,1,0.1037420928478241,1,0.1668159365653992,1,-0.515199184,1,0.060115732,1
1.383879423,-3.65121603,1,-3.105819464,1,-10.12238693,1,0.2948481440544128,1,-0.547181547,1,0.106323317,1,0.1680236011743546,1,-0.517303526,1,0.060212079,1
1.387878895,-3.782241344,1,-3.563717127,1,-10.62070084,1,0.268281877,1,-0.611942172,1,0.1148217990994453,1,0.1691056042909622,1,-0.519655287,1,0.060273346,1
1.391880155,-3.492604256,1,-3.525003195,1,-11.05149364,1,0.2332135885953903,1,-0.690368652,1,0.083736338,1,0.1701405495405197,1,-0.522278428,1,0.060229838,1
1.395877838,-3.601731539,1,-3.836435318,1,-11.22219658,1,0.1874554753303528,1,-0.760479629,1,0.064404935,1,0.1711071580648422,1,-0.525184155,1,0.059987258,1
1.399877071,-3.302798033,1,-4.184874535,1,-11.97524261,1,0.1148429438471794,1,-0.847618103,1,0.062525027,1,0.1718840450048447,1,-0.528385937,1,0.059644908,1
1.40387845,-3.401203871,1,-4.318402767,1,-12.35823154,1,0.05352021,1,-0.932342708,1,0.053009536,1,0.1724546253681183,1,-0.531930506,1,0.059198283,1
1.407875896,-3.906347513,1,-4.460429668,1,-12.27181435,1,-0.02358214,1,-1.020043373,1,0.062863417,1,0.1727875769138336,1,-0.535834491,1,0.058686063,1
1.411875129,-4.166501999,1,-5.823657036,1,-12.42906284,1,-0.20118472,1,-1.105934739,1,0.1212187856435776,1,0.1726015955209732,1,-0.540064692,1,0.058237348,1
1.415882707,-5.814783096,1,-6.317062378,1,-11.82883358,1,-0.432117462,1,-1.211167336,1,0.1982930600643158,1,0.171396479,1,-0.544746876,1,0.058079798,1
1.419886351,-10.20357609,1,-5.289894104,1,-14.68516922,1,-0.478899807,1,-1.366586328,1,0.308602512,1,0.1695070117712021,1,-0.549961507,1,0.05815053,1
1.423885822,-12.14036846,1,-9.126802444,1,-15.29321194,1,-0.838441849,1,-1.240981102,1,0.5019350051879883,1,0.1665765792131424,1,-0.555512488,1,0.059072383,1
1.427887559,-6.370410919,1,-8.477002144,1,-11.45622253,1,-1.353560209,1,-1.104737401,1,0.447345495,1,0.1614521443843842,1,-0.560378075,1,0.06039162,1
1.4318856,-8.026226997,1,-7.136995316,1,-11.57565975,1,-1.658422232,1,-1.126411676,1,0.4059288501739502,1,0.1547537595033646,1,-0.565023124,1,0.061549153,1
1.435884833,-9.875088692,1,-4.746142864,1,-13.34355259,1,-1.752239823,1,-1.220629692,1,0.3797081112861633,1,0.1473372578620911,1,-0.569917381,1,0.062567607,1
1.439886093,-13.35255623,1,-2.809126616,1,-15.89022827,1,-1.607964396,1,-1.112157822,1,0.2928065955638885,1,0.1401323527097702,1,-0.574782073,1,0.063356563,1
1.443883538,-11.40673828,1,-3.231107235,1,-16.53491783,1,-1.39254427,1,-0.890384853,1,0.2241375893354416,1,0.1338671892881393,1,-0.578890562,1,0.063911758,1
1.44788301,-9.463809013,1,-3.132914305,1,-16.88276863,1,-1.283478022,1,-0.677823603,1,0.1811656504869461,1,0.1282304674386978,1,-0.582084179,1,0.064406149,1
1.45188427,-7.456766129,1,-3.662124872,1,-16.64909363,1,-1.165785432,1,-0.571160913,1,0.1537033021450043,1,0.1231351420283318,1,-0.584623456,1,0.064794824,1
1.455881715,-5.118596554,1,-3.868952513,1,-16.21018028,1,-1.10278821,1,-0.525347531,1,0.1450684517621994,1,0.1183239221572876,1,-0.586820364,1,0.065201961,1
1.459881186,-3.484197378,1,-4.824100971,1,-14.49962425,1,-1.046749711,1,-0.665866911,1,0.2442549914121628,1,0.1137509420514107,1,-0.589290142,1,0.065744974,1
1.463882446,-2.602722406,1,-5.463672161,1,-14.46626472,1,-1.090277076,1,-0.788993657,1,0.3499287664890289,1,0.1089096143841743,1,-0.592291772,1,0.066793643,1
1.467879891,-2.505829573,1,-5.902969837,1,-14.20522499,1,-1.195492268,1,-0.913554788,1,0.4516855180263519,1,0.1035047098994255,1,-0.595854461,1,0.068289667,1
1.471879482,-2.189813375,1,-5.606715202,1,-14.24691772,1,-1.270362139,1,-1.018687725,1,0.5487750172615051,1,0.09747576,1,-0.599894941,1,0.070232727,1
1.475880742,-2.281409979,1,-5.103944778,1,-14.68716145,1,-1.300402522,1,-1.132303596,1,0.6507311463356018,1,0.090966307,1,-0.604405522,1,0.072628722,1
1.479878187,-2.480944157,1,-5.954526424,1,-14.83361912,1,-1.35182178,1,-1.209716558,1,0.7300750017166138,1,0.084054261,1,-0.609325886,1,0.075491741,1
1.48387742,-1.49755311,1,-5.956081867,1,-14.63935757,1,-1.400550365,1,-1.204955816,1,0.7734663486480713,1,0.07669241,1,-0.614389062,1,0.078685112,1
1.48787868,-0.959045887,1,-5.446831226,1,-15.23545742,1,-1.400615692,1,-1.232494354,1,0.7971714735031128,1,0.069110066,1,-0.619484782,1,0.08209721,1
1.491876125,-1.069571614,1,-5.638012409,1,-15.74089718,1,-1.381770492,1,-1.240216255,1,0.8155456781387329,1,0.06145722,1,-0.624638796,1,0.085658588,1
1.495875835,-0.803083062,1,-5.747798443,1,-15.77804375,1,-1.369622707,1,-1.210987568,1,0.8191950917243958,1,0.053791557,1,-0.629735649,1,0.089351356,1
1.499877691,0.2633990943431854,1,-5.66988802,1,-15.34402275,1,-1.352131367,1,-1.155319571,1,0.8046765923500061,1,0.046151165,1,-0.634626865,1,0.093075097,1
1.503875613,1.310953140258789,1,-5.515818119,1,-15.17137432,1,-1.287531257,1,-1.115919113,1,0.780453086,1,0.038663067,1,-0.639286816,1,0.096780755,1
1.507874846,1.948238968849182,1,-5.702070713,1,-15.1041193,1,-1.225939155,1,-1.083188772,1,0.7376270294189453,1,0.031479582,1,-0.643782735,1,0.1003808751702309,1
1.511876345,2.822050571,1,-5.681964397,1,-14.8367815,1,-1.171754599,1,-1.045351982,1,0.692949653,1,0.024617244,1,-0.648118317,1,0.1038183569908142,1
1.51587379,3.806429386138916,1,-5.520252705,1,-14.49285126,1,-1.106734037,1,-1.016871691,1,0.6361568570137024,1,0.018111203,1,-0.652295768,1,0.1070427000522614,1
1.519873023,4.361804962158203,1,-5.392179489,1,-14.2519083,1,-1.006470323,1,-1.001202464,1,0.5602818131446838,1,0.012093001,1,-0.656365514,1,0.1099807173013687,1
1.523874521,4.745081424713135,1,-5.644100189,1,-14.0993576,1,-0.915612161,1,-0.967912972,1,0.4802873432636261,1,0.006665152,1,-0.660322845,1,0.1125656887888908,1
1.527871966,5.030400276184082,1,-5.841148376,1,-13.80537128,1,-0.828358829,1,-0.908777237,1,0.3829058408737183,1,0.001844992,1,-0.66408062,1,0.114725761,1
1.5318712,5.213382244110107,1,-5.870402813,1,-13.64736652,1,-0.74468267,1,-0.836104989,1,0.2739895880222321,1,-0.002320411,1,-0.667549908,1,0.1162612736225128,1
1.535878658,5.624218940734863,1,-5.870098591,1,-13.59614849,1,-0.658486009,1,-0.753973961,1,0.1536431610584259,1,-0.005811298,1,-0.670728862,1,0.1173795908689499,1
1.539881945,5.643115520477295,1,-5.922025681,1,-13.3356657,1,-0.59279424,1,-0.65607506,1,0.032961786,1,-0.008633884,1,-0.673551261,1,0.1178715825080872,1
1.543881416,6.068351745605469,1,-5.876858234,1,-13.28722286,1,-0.515098989,1,-0.546112418,1,-0.088852763,1,-0.010777819,1,-0.675950646,1,0.117752768,1
1.547882795,6.368803977966309,1,-5.768456459,1,-13.10630417,1,-0.451012641,1,-0.449565113,1,-0.20861876,1,-0.012249597,1,-0.677957416,1,0.1170184314250946,1
1.551879883,6.443411350250244,1,-5.670403481,1,-13.0854063,1,-0.370433003,1,-0.340011537,1,-0.322374374,1,-0.013055453,1,-0.679550052,1,0.1156800985336304,1
1.555879712,6.526504993438721,1,-5.391869068,1,-13.01086521,1,-0.289458245,1,-0.226159945,1,-0.420574307,1,-0.013188156,1,-0.680704415,1,0.1137838885188103,1
1.559880972,6.545694828033447,1,-5.098897457,1,-12.99470901,1,-0.199555397,1,-0.11020954,1,-0.519080162,1,-0.012652908,1,-0.681407332,1,0.1113765686750412,1
1.563878417,6.519542694091797,1,-4.853823662,1,-12.91925812,1,-0.107554317,1,0.013969575,1,-0.606230617,1,-0.011440722,1,-0.681625843,1,0.1084801629185677,1
1.567877889,6.512569904327393,1,-4.620551109,1,-12.82688713,1,-0.016938848,1,0.1522197127342224,1,-0.689690292,1,-0.00957618,1,-0.68132925,1,0.1051268354058266,1
1.571879148,6.611316680908203,1,-4.498222351,1,-12.70245075,1,0.069816835,1,0.2880865633487701,1,-0.771029472,1,-0.007109737,1,-0.680478871,1,0.1013617292046547,1
1.575876832,6.698484420776367,1,-4.456888676,1,-12.49266243,1,0.1408791840076447,1,0.4144049286842346,1,-0.834466815,1,-0.004078743,1,-0.67909807,1,0.097228199,1
1.579876065,6.754719257354736,1,-4.374545097,1,-12.32736397,1,0.199926347,1,0.5379183292388916,1,-0.89448607,1,-0.00060702,1,-0.677200437,1,0.092778936,1
1.583877325,6.859822273254395,1,-4.18372488,1,-12.10422707,1,0.2523688971996307,1,0.6497641801834106,1,-0.948938787,1,0.00324704,1,-0.674817979,1,0.088058963,1
1.58787477,7.051543235778809,1,-3.954563141,1,-11.84928036,1,0.294628233,1,0.7554570436477661,1,-0.991408765,1,0.007427557,1,-0.671978235,1,0.083104283,1
1.591874003,7.148711681365967,1,-3.681287527,1,-11.60104275,1,0.3382711708545685,1,0.8514420390129089,1,-1.03059566,1,0.01187005,1,-0.668731689,1,0.07797347,1
1.595875382,7.126542568206787,1,-3.424604654,1,-11.4348793,1,0.3789567351341248,1,0.9409189820289612,1,-1.074033499,1,0.016584709,1,-0.665082991,1,0.072682187,1
1.599872828,7.173129081726074,1,-3.199292183,1,-11.19244194,1,0.4216295480728149,1,1.033124208450317,1,-1.097883821,1,0.021526383,1,-0.661055684,1,0.067268521,1
1.603871942,7.107397079467773,1,-3.095197439,1,-11.01583767,1,0.4630186855792999,1,1.124113440513611,1,-1.131328464,1,0.026665915,1,-0.656644464,1,0.061753895,1
1.607873797,7.062208652496338,1,-2.873619318,1,-10.84757042,1,0.4972324371337891,1,1.214141488075256,1,-1.155270219,1,0.032002997,1,-0.65184027,1,0.056154329,1
1.611871719,6.983554840087891,1,-2.724354029,1,-10.67774773,1,0.5320115685462952,1,1.301988959312439,1,-1.184592605,1,0.037475105,1,-0.646649957,1,0.050498992,1
1.615870953,6.868013381958008,1,-2.506841183,1,-10.56946087,1,0.5607036948204041,1,1.402837514877319,1,-1.211113095,1,0.043093387,1,-0.641049743,1,0.044778857,1
1.61987257,6.706879138946533,1,-2.328153372,1,-10.42095184,1,0.5939357876777649,1,1.499392151832581,1,-1.244036436,1,0.048835382,1,-0.635034442,1,0.03900975,1
1.623869896,6.539275646209717,1,-2.095838785,1,-10.25514126,1,0.6241664886474609,1,1.608543753623962,1,-1.270246744,1,0.054706603,1,-0.628561676,1,0.033185784,1
1.627869487,6.527051926,1,-1.945763946,1,-10.062253,1,0.6564062237739563,1,1.710594296455383,1,-1.295859098,1,0.060685173,1,-0.621638298,1,0.027338913,1
1.631870747,6.494193077087402,1,-1.894189596,1,-9.873601913,1,0.6836117506027222,1,1.812327265739441,1,-1.311645508,1,0.066747651,1,-0.614275515,1,0.021506382,1
1.635868192,6.501342773,1,-1.851811647,1,-9.707390785,1,0.7045651078224182,1,1.905529499053955,1,-1.32443428,1,0.072845496,1,-0.606489658,1,0.015717398,1
1.639867663,6.525038242340088,1,-1.786312819,1,-9.594571114,1,0.7267776131629944,1,1.993775606155396,1,-1.329715967,1,0.078939699,1,-0.598308563,1,0.010017764,1
1.643868923,6.445210933685303,1,-1.665699601,1,-9.54550457,1,0.7415828704833984,1,2.065315961837769,1,-1.337563157,1,0.085021347,1,-0.589781761,1,0.004404986,1
1.64786613,6.270553588867188,1,-1.491944671,1,-9.478142738,1,0.7679230570793152,1,2.147620201,1,-1.335022807,1,0.091073431,1,-0.580924094,1,-0.001080835,1
1.651865602,6.007120609283447,1,-1.322354436,1,-9.482859612,1,0.7917568683624268,1,2.231827020645142,1,-1.332051516,1,0.097109742,1,-0.571705103,1,-0.006431112,1
1.655873537,5.776302814483643,1,-1.171233416,1,-9.479016304,1,0.8277212977409363,1,2.322690010070801,1,-1.321540952,1,0.103126623,1,-0.562117398,1,-0.011608036,1
1.659877658,5.623303413391113,1,-1.044365168,1,-9.491132736,1,0.8636393547058105,1,2.423454761505127,1,-1.308140039,1,0.1091382652521133,1,-0.552118421,1,-0.016578931,1
1.663877845,5.598347663879395,1,-0.976304412,1,-9.524134636,1,0.9025769233703613,1,2.525406599,1,-1.274163842,1,0.1151192411780357,1,-0.541712999,1,-0.021294285,1
1.667879462,5.445532799,1,-1.096936584,1,-9.686145782,1,0.962427557,1,2.632967710494995,1,-1.22789526,1,0.121077798,1,-0.530882359,1,-0.025666801,1
1.671877146,4.863142967224121,1,-1.045192599,1,-9.953024864,1,1.038003325462341,1,2.765973567962646,1,-1.171756864,1,0.1270633339881897,1,-0.519582093,1,-0.029623542,1
1.675876617,4.188752174377441,1,-0.77309531,1,-10.08453465,1,1.120105504989624,1,2.927947759628296,1,-1.132700682,1,0.1331351101398468,1,-0.507697284,1,-0.033177428,1
1.679877877,3.745722055435181,1,-0.656018078,1,-10.28758144,1,1.196501135826111,1,3.112618684768677,1,-1.097003937,1,0.1392818242311478,1,-0.495128661,1,-0.036328744,1
1.683875561,3.578263759613037,1,-0.687373519,1,-10.24802971,1,1.263482332229614,1,3.307332038879395,1,-1.066742897,1,0.1455165892839432,1,-0.481811404,1,-0.03911588,1
1.687874794,3.684497117996216,1,-0.609710395,1,-10.26123905,1,1.323998451,1,3.486863613128662,1,-1.045112729,1,0.1518067866563797,1,-0.467752308,1,-0.041541521,1
1.691876054,3.750906229019165,1,-0.565167844,1,-10.15014935,1,1.372817635536194,1,3.659843206,1,-1.025058985,1,0.1581399291753769,1,-0.452985853,1,-0.043653052,1
1.695873499,3.870559215545654,1,-0.461265415,1,-10.0245285,1,1.417886615,1,3.803054332733154,1,-1.011980176,1,0.1644954681396484,1,-0.43758741,1,-0.045449927,1
1.699872971,4.017307758331299,1,-0.401584089,1,-9.898351669,1,1.458196520805359,1,3.931960582733154,1,-0.988355517,1,0.1708748489618301,1,-0.421655953,1,-0.046947025,1
1.703874588,3.948402881622314,1,-0.282817155,1,-9.749873161,1,1.498215556144714,1,4.026597499847412,1,-0.962212205,1,0.1772774159908295,1,-0.405302107,1,-0.048139371,1
1.707872033,3.650837659835815,1,-0.100951448,1,-9.65235424,1,1.541115880012512,1,4.097843647003174,1,-0.945610881,1,0.1837139576673508,1,-0.388633728,1,-0.04905203,1
1.711871266,3.376443386077881,1,-0.06743855,1,-9.555558205,1,1.577089905738831,1,4.157045364379883,1,-0.928413093,1,0.1901911497116089,1,-0.37171641,1,-0.049710497,1
1.715872765,3.01563549,1,-0.049008049,1,-9.480762482,1,1.604110240936279,1,4.190892219543457,1,-0.912211537,1,0.19670324,1,-0.354618013,1,-0.050134122,1
1.71987021,2.613764047622681,1,-0.138744712,1,-9.333655357,1,1.624862909317017,1,4.208717823028564,1,-0.901381195,1,0.2032420039176941,1,-0.337435365,1,-0.05035916,1
1.723869681,2.223644733428955,1,-0.217719808,1,-9.167399406,1,1.629977583885193,1,4.211139202,1,-0.894092858,1,0.2097755372524261,1,-0.320212394,1,-0.050419405,1
1.727870941,1.928941488265991,1,-0.391417146,1,-9.037779808,1,1.619282722473145,1,4.181899070739746,1,-0.879575789,1,0.2162616699934006,1,-0.303056359,1,-0.050343733,1
1.731868386,1.504764318466187,1,-0.578293204,1,-8.940225601,1,1.598146796226501,1,4.133412361,1,-0.862533927,1,0.222642794,1,-0.286052227,1,-0.050124057,1
1.735867858,1.025065064430237,1,-1.005339861,1,-8.96672821,1,1.572334885597229,1,4.064449310302734,1,-0.824946702,1,0.228871763,1,-0.269314855,1,-0.04973105,1
1.739869237,0.3628096878528595,1,-1.371223092,1,-9.233386993,1,1.555977463722229,1,3.984621286392212,1,-0.770618021,1,0.2349614202976227,1,-0.252911448,1,-0.049112298,1
1.743866682,-0.555105627,1,-1.627698541,1,-9.625395775,1,1.535461783409119,1,3.907548666000366,1,-0.711690307,1,0.2409328818321228,1,-0.23687309,1,-0.048236996,1
1.747866154,-1.869557977,1,-1.669760585,1,-9.987336159,1,1.515343785,1,3.831589221954346,1,-0.666838348,1,0.2467820048332214,1,-0.221183479,1,-0.047143303,1
1.751867414,-2.977778435,1,-1.668423414,1,-10.38126659,1,1.496380686759949,1,3.758969545,1,-0.626058519,1,0.2525360584259033,1,-0.205842048,1,-0.045862582,1
1.755864859,-3.841864824,1,-1.794159055,1,-10.70179558,1,1.490367770195007,1,3.678419351577759,1,-0.590126038,1,0.2582225501537323,1,-0.19083342,1,-0.044420529,1
1.75986433,-4.740383148,1,-1.877417922,1,-10.96982098,1,1.489844322,1,3.580877065658569,1,-0.57252723,1,0.263905793,1,-0.1762086,1,-0.042895269,1
1.76386559,-5.520699978,1,-2.19563961,1,-11.05330372,1,1.481144070625305,1,3.475534439086914,1,-0.562001467,1,0.2695858180522919,1,-0.161992759,1,-0.041330952,1
1.767863035,-6.153345585,1,-2.578546286,1,-11.25343418,1,1.454847574234009,1,3.347707271575928,1,-0.545425594,1,0.2752270698547363,1,-0.148246318,1,-0.039769124,1
1.771862268,-6.911697865,1,-3.225938797,1,-11.44163609,1,1.430857062339783,1,3.199310779571533,1,-0.5248487,1,0.2807781100273132,1,-0.135066375,1,-0.03821715,1
1.775869727,-8.003605843,1,-3.696855783,1,-11.66128349,1,1.393964648246765,1,3.029139280319214,1,-0.499974728,1,0.2862303853034973,1,-0.122524716,1,-0.036684923,1
1.77987349,-9.240082741,1,-3.838588953,1,-11.69074345,1,1.360856652259827,1,2.856322288513184,1,-0.488569915,1,0.291575164,1,-0.11063534,1,-0.035090137,1
1.783873558,-10.33912849,1,-3.551429272,1,-11.64108562,1,1.326287627220154,1,2.677407741546631,1,-0.496596634,1,0.296811044,1,-0.099475667,1,-0.033756316,1
1.787874818,-11.3494482,1,-3.331862926,1,-11.66122246,1,1.304494142532349,1,2.503007650375366,1,-0.512660086,1,0.3019657731056213,1,-0.088991448,1,-0.032628436,1
1.791872263,-12.52279663,1,-3.092358828,1,-12.02549267,1,1.319446086883545,1,2.335834503173828,1,-0.538697958,1,0.3071210086345673,1,-0.079130307,1,-0.031717893,1
1.795871496,-14.39394855,1,-2.689086914,1,-12.42702389,1,1.363797307014465,1,2.213020324707031,1,-0.592262864,1,0.3124378025531769,1,-0.069795564,1,-0.031105913,1
1.799872994,-16.41298485,1,-2.195868254,1,-12.87722778,1,1.430598497390747,1,2.162099361419678,1,-0.675201356,1,0.3180099129676819,1,-0.060699474,1,-0.030792756,1
1.80387044,-18.49825859,1,-1.61621666,1,-13.13524914,1,1.489087343215942,1,2.170075893,1,-0.79290843,1,0.3238540887832642,1,-0.051570531,1,-0.030837804,1
1.807869673,-20.30011749,1,-1.03458643,1,-13.16288757,1,1.550369739532471,1,2.241756677627563,1,-0.940807641,1,0.3299567103385925,1,-0.042114288,1,-0.031288397,1
1.811871529,-21.42913246,1,-0.428934574,1,-12.76348495,1,1.597283244132996,1,2.369852066040039,1,-1.104598999,1,0.3362898528575897,1,-0.032074004,1,-0.032147385,1
1.815869451,-21.57967186,1,-0.045987241,1,-11.98208523,1,1.605469346046448,1,2.499071121,1,-1.271051884,1,0.3427410125732422,1,-0.021317679,1,-0.033393849,1
1.819869161,-20.39517784,1,0.1007513403892517,1,-10.75718117,1,1.555132627487183,1,2.586008787155151,1,-1.412346721,1,0.3491071760654449,1,-0.009917742,1,-0.035005435,1
1.823870778,-18.6183033,1,0.1465470045804977,1,-9.283114433,1,1.451299786567688,1,2.589162349700928,1,-1.513892174,1,0.355141819,1,0.001843691,1,-0.03693461,1
1.827868104,-17.03252411,1,0.2227882146835327,1,-7.885595322,1,1.316315174102783,1,2.490238189697266,1,-1.570219994,1,0.3606669306755066,1,0.01355584,1,-0.03915064,1
1.831867695,-15.80087566,1,0.3032839298248291,1,-6.452764511,1,1.163116335868835,1,2.319621801376343,1,-1.578193903,1,0.3655832409858704,1,0.024815187,1,-0.041624784,1
1.835868955,-14.84869385,1,0.2932792901992798,1,-5.122353554,1,0.9832615852355957,1,2.063519239425659,1,-1.528746009,1,0.3698001503944397,1,0.035262186,1,-0.044281997,1
1.839866161,-14.33361816,1,0.2484080195426941,1,-4.030526161,1,0.8015699982643127,1,1.738528251647949,1,-1.4301579,1,0.3732500672340393,1,0.044516962,1,-0.047038332,1
1.843865633,-14.21777534,1,0.2016789764165878,1,-3.031859398,1,0.613731861,1,1.390755891799927,1,-1.275962234,1,0.375936747,1,0.05233543,1,-0.049788445,1
1.847867131,-14.44014549,1,0.2364658862352371,1,-2.348493814,1,0.4398814141750336,1,1.027432918548584,1,-1.101538062,1,0.3778886198997498,1,0.058586683,1,-0.052443232,1
1.851864815,-15.04557991,1,0.4531333446502686,1,-1.957148671,1,0.2873205244541168,1,0.6747005581855774,1,-0.905536175,1,0.3791942000389099,1,0.063229866,1,-0.054921143,1
1.855864048,-15.73566628,1,0.983623743,1,-1.726738453,1,0.1761743277311325,1,0.3393640518188477,1,-0.70419997,1,0.379969448,1,0.066300191,1,-0.057168853,1
1.859865308,-16.44438362,1,1.532829403877258,1,-1.440125823,1,0.098540448,1,0.022234829,1,-0.504538834,1,0.3803723454475403,1,0.067854837,1,-0.059151493,1
1.863862753,-17.02379227,1,2.034196376800537,1,-1.150561333,1,0.068998247,1,-0.272932231,1,-0.311039001,1,0.3805771470069885,1,0.067984022,1,-0.060854472,1
1.867861986,-17.56509972,1,2.255301475524902,1,-0.775815308,1,0.060129195,1,-0.562955499,1,-0.125054598,1,0.380732536,1,0.066757977,1,-0.062279224,1
1.871863246,-18.16351509,1,2.163435697555542,1,-0.40559411,1,0.068916902,1,-0.831081331,1,0.03764689,1,0.3809149265289307,1,0.064234279,1,-0.063477971,1
1.875860691,-18.87197304,1,1.831783652305603,1,-0.164017245,1,0.053270232,1,-1.114546537,1,0.180985764,1,0.3810899257659912,1,0.060453586,1,-0.06450998,1
1.879859924,-19.72719574,1,1.229496836662292,1,0.2360756695270538,1,-0.006138761,1,-1.388372183,1,0.3080471456050873,1,0.3811345100402832,1,0.055427518,1,-0.065455861,1
1.883861542,-20.48164177,1,0.8972220420837402,1,0.7248348593711853,1,-0.092622146,1,-1.64283669,1,0.4051707684993744,1,0.3808944523334503,1,0.049271636,1,-0.066391475,1
1.887858987,-21.09193611,1,0.4622045457363129,1,1.180201530456543,1,-0.212661088,1,-1.888086319,1,0.4882687330245972,1,0.3802368640899658,1,0.04204455,1,-0.067356236,1
1.89185822,-21.59194565,1,0.170492023,1,1.434552788734436,1,-0.345678031,1,-2.123311758,1,0.5489503741264343,1,0.3790813684463501,1,0.033818185,1,-0.068396889,1
1.895865798,-22.38633537,1,0.2241511344909668,1,1.757138252258301,1,-0.475582749,1,-2.356652021,1,0.5913193225860596,1,0.3773995637893677,1,0.024652218,1,-0.069589309,1
1.899869442,-23.17617035,1,0.4622014760971069,1,2.032686710357666,1,-0.5795874,1,-2.582125902,1,0.6087579727172852,1,0.3752546608448029,1,0.01457255,1,-0.070982032,1
1.903868914,-23.95280647,1,0.8088119029998779,1,2.296506643295288,1,-0.660127103,1,-2.787288189,1,0.6095767021179199,1,0.3727436065673828,1,0.003683307,1,-0.072625697,1
1.907870412,-17.18367767,1,-3.339389324,1,-4.735798359,1,-0.972308695,1,-3.062163353,1,0.6524876952171326,1,0.3697293400764465,1,-0.008044023,1,-0.074549042,1
1.911868215,6.584012031555176,1,-1.794507146,1,-4.996764183,1,-1.707183003,1,-4.111236095,1,0.6036646962165833,1,0.3636820316314697,1,-0.02221364,1,-0.077143215,1
1.915867686,-12.60595417,1,-2.050839424,1,-2.079414129,1,-1.534868717,1,-4.715137482,1,0.8306525349617004,1,0.3578664064407349,1,-0.040099591,1,-0.08081995,1
1.919869184,1.142419219017029,1,-4.340354443,1,-11.16884232,1,-1.641457319,1,-4.535419464,1,0.5350164771080017,1,0.3513737320899963,1,-0.058400489,1,-0.084622666,1
1.92386663,2.255330085754395,1,-8.18550396,1,-18.86076736,1,-1.578091145,1,-4.606289864,1,0.4297311902046204,1,0.3455078303813934,1,-0.076060422,1,-0.089110419,1
1.927866101,-3.036203623,1,-11.22085381,1,-18.21674728,1,-2.060351372,1,-4.652819633,1,0.4177806973457336,1,0.338543177,1,-0.094247833,1,-0.093800731,1
1.931867361,4.638157367706299,1,-8.221112251,1,-23.13418198,1,-1.802466631,1,-4.402705193,1,0.5275760889053345,1,0.3310117125511169,1,-0.111906208,1,-0.098019637,1
1.935864568,-1.731629014,1,-9.434126854,1,-25.66129875,1,-2.03294754,1,-4.511646748,1,0.5206719636917114,1,0.324121356,1,-0.129447609,1,-0.101666763,1
1.939864278,-7.823823452,1,-9.987070084,1,-18.5324707,1,-2.346641064,1,-4.443451405,1,0.5417402982711792,1,0.3157270848751068,1,-0.147149891,1,-0.10543032,1
1.943865657,-7.849991798,1,-5.455181122,1,-16.64092064,1,-2.487779379,1,-4.580710411,1,0.6941167712211609,1,0.3065896034240723,1,-0.164985821,1,-0.108588718,1
1.94786334,-10.67365074,1,1.623975754,1,-16.30034447,1,-2.364327669,1,-4.814000607,1,0.8774397969245911,1,0.2971075475215912,1,-0.183925167,1,-0.11127492,1
1.951862574,-15.66435146,1,6.617975234985352,1,-16.89161301,1,-1.884318352,1,-4.810663223,1,0.9780763983726501,1,0.2889820635318756,1,-0.203510955,1,-0.113255836,1
1.955863833,-21.8501606,1,7.583835124969482,1,-16.46851921,1,-1.597376585,1,-4.589256287,1,0.9092380404472351,1,0.2824263572692871,1,-0.222671375,1,-0.115004852,1
1.959861279,-21.08556747,1,8.493764877319336,1,-17.48177338,1,-1.363579631,1,-4.204661846,1,0.9186697006225586,1,0.2768621444702148,1,-0.240559757,1,-0.116374575,1
1.963860512,-22.53646851,1,8.481953620910645,1,-17.68877792,1,-1.09721911,1,-3.870940208,1,0.9976320266723633,1,0.2720840275287628,1,-0.257173479,1,-0.117149085,1
1.967861772,-22.61337471,1,8.578556060791016,1,-17.11235046,1,-0.808674872,1,-3.309420586,1,1.084808468818665,1,0.2681984007358551,1,-0.272193104,1,-0.116967358,1
1.971859217,-18.34500504,1,8.430259704589844,1,-16.49658775,1,-0.484051496,1,-2.755052805,1,1.202956080436707,1,0.2653079330921173,1,-0.285033405,1,-0.115671329,1
1.975858688,-14.15466309,1,5.675595760345459,1,-14.32569313,1,-0.29808256,1,-2.393530846,1,1.306588649749756,1,0.2631050050258636,1,-0.296262741,1,-0.113424994,1
1.979860425,-9.748450279,1,2.809609413146973,1,-11.51805687,1,-0.161850393,1,-2.145449877,1,1.415949345,1,0.2612912356853485,1,-0.306409359,1,-0.110352747,1
1.983858228,-5.402525902,1,0.6785600781440735,1,-9.217061996,1,-0.027119845,1,-2.080579519,1,1.453060865402222,1,0.2598414719104767,1,-0.31601423,1,-0.106777214,1
1.987857461,-2.269211054,1,-1.544462681,1,-7.427546024,1,0.039643895,1,-2.137508392,1,1.419506907463074,1,0.2587468326091766,1,-0.325634539,1,-0.103187822,1
1.991858959,-0.568849623,1,-4.586776733,1,-7.055696011,1,-0.009195565,1,-2.2514925,1,1.311837196350098,1,0.2578063309192657,1,-0.335500509,1,-0.09996032,1
1.995856643,-0.797893047,1,-6.800535202,1,-5.78604126,1,-0.089584708,1,-2.383129597,1,1.225132465362549,1,0.2567292153835297,1,-0.345779747,1,-0.097267456,1
1.999855876,-1.13021493,1,-8.663775444,1,-5.582780361,1,-0.205600053,1,-2.484399557,1,1.101307988166809,1,0.2554004192352295,1,-0.356349528,1,-0.095103092,1
2.003857374,-3.64354682,1,-10.70238018,1,-7.140771389,1,-0.455720574,1,-2.604245901,1,1.087716817855835,1,0.2535035908222198,1,-0.36728853,1,-0.093371302,1
2.007854939,-7.22650671,1,-9.863019943,1,-7.225634575,1,-0.740646482,1,-2.632952929,1,1.166775226593018,1,0.2504137754440308,1,-0.378591716,1,-0.091469944,1
2.011854887,-10.4455328,1,-9.240076065,1,-9.484597206,1,-0.96982348,1,-2.472360373,1,1.242080092430115,1,0.2461548447608948,1,-0.389648825,1,-0.089177206,1
2.015856266,-12.06566429,1,-6.627447605,1,-10.62331295,1,-1.177367687,1,-2.242365122,1,1.318639516830444,1,0.2407128661870956,1,-0.400092125,1,-0.086241513,1
2.019859791,-12.01738262,1,-4.025559425,1,-11.77676392,1,-1.299870849,1,-1.98678112,1,1.398582220077515,1,0.2343579679727554,1,-0.409578621,1,-0.082668237,1
2.023864985,-11.39830971,1,-1.822693944,1,-11.94336891,1,-1.372507215,1,-1.6963557,1,1.516105532646179,1,0.2272368222475052,1,-0.418132901,1,-0.078305833,1
2.027866602,-8.392416954,1,0.6251566410064697,1,-11.5739994,1,-1.336657047,1,-1.465437174,1,1.569480180740356,1,0.2197071462869644,1,-0.425624043,1,-0.073235221,1
2.031864166,-4.297911644,1,0.3239094018936157,1,-10.50389671,1,-1.325752378,1,-1.395289063,1,1.602145314216614,1,0.2121258676052094,1,-0.432512134,1,-0.067508265,1
2.0358634,-1.401981235,1,-1.62748909,1,-8.689803123,1,-1.351076722,1,-1.467953444,1,1.624522209,1,0.2043751031160355,1,-0.439428836,1,-0.061850831,1
2.03986454,-2.449148655,1,-2.285686493,1,-8.635713577,1,-1.375680804,1,-1.595776677,1,1.615531921386719,1,0.1964831054210663,1,-0.446727365,1,-0.056145731,1
2.043862104,-8.403178215,1,-2.607848406,1,-11.70234108,1,-1.423522949,1,-1.402235389,1,1.499119043,1,0.1884878277778625,1,-0.453928232,1,-0.05063799,1
2.047861576,-15.71025085,1,-2.486945868,1,-14.33074093,1,-1.465783358,1,-0.834959447,1,1.295068144798279,1,0.1803529858589172,1,-0.459401309,1,-0.045415733,1
2.051862717,-11.82009602,1,1.328265428543091,1,-10.96885681,1,-1.261460423,1,-0.467836767,1,1.193004369735718,1,0.1726435422897339,1,-0.462714344,1,-0.040466875,1
2.055860281,-6.171610832,1,2.915842294692993,1,-9.625366211,1,-1.137583375,1,-0.446665257,1,1.095125913619995,1,0.1658166795969009,1,-0.465230703,1,-0.03571301,1
2.059859514,-3.115154266,1,1.949183344841003,1,-9.070367813,1,-1.008939862,1,-0.589243412,1,0.949333668,1,0.1596172600984573,1,-0.467971474,1,-0.031597544,1
2.063860655,-5.217478275,1,2.465602159500122,1,-10.94268417,1,-0.918641448,1,-0.551567793,1,0.8963537812232971,1,0.1541497409343719,1,-0.470827341,1,-0.02791412,1
2.067858219,-7.74131918,1,0.5514542460441589,1,-10.51376915,1,-0.844302893,1,-0.422025025,1,0.8260097503662109,1,0.1490017473697662,1,-0.473327279,1,-0.024434904,1
2.071857929,-6.80826664,1,-1.984712362,1,-8.551074982,1,-0.786391735,1,-0.369849056,1,0.7300710082054138,1,0.1443287879228592,1,-0.475273132,1,-0.021203112,1
2.075859547,-7.989785194,1,-1.30221355,1,-9.077525139,1,-0.715563416,1,-0.306634665,1,0.7370201945304871,1,0.1399288475513458,1,-0.477119833,1,-0.018226422,1
2.079856873,-5.835302353,1,-1.213634133,1,-8.691591263,1,-0.725970984,1,-0.255079478,1,0.7213090658187866,1,0.1356297135353088,1,-0.478534251,1,-0.015100025,1
2.083856106,-4.686348438,1,-1.873778343,1,-8.95441246,1,-0.712073803,1,-0.253194243,1,0.6956467628479004,1,0.1313774138689041,1,-0.479953408,1,-0.012098091,1
2.087857723,-4.665915012,1,-1.799414396,1,-8.894950867,1,-0.718277156,1,-0.254549831,1,0.6544996500015259,1,0.127166823,1,-0.481300652,1,-0.009210132,1
2.091855049,-4.805621624,1,-1.272299051,1,-8.498261452,1,-0.721570432,1,-0.239135683,1,0.6234874129295349,1,0.1230375617742538,1,-0.4825899,1,-0.006499512,1
2.095854282,-4.754522324,1,0.2680665552616119,1,-8.958827972,1,-0.689607024,1,-0.224619672,1,0.6011559963226318,1,0.1189907565712929,1,-0.483817756,1,-0.003886822,1
2.099855661,-6.46500206,1,0.5869510769844055,1,-9.204547882,1,-0.608937979,1,-0.225858361,1,0.5555772185325623,1,0.1152406856417656,1,-0.485016704,1,-0.001396103,1
2.103852749,-5.392590046,1,0.1512263268232346,1,-8.969926834,1,-0.560282648,1,-0.20885618,1,0.4983530938625336,1,0.1118512377142906,1,-0.486088365,1,0.000861884,1
2.107852459,-4.795374393,1,0.51730001,1,-9.066131592,1,-0.496619433,1,-0.235876217,1,0.4506379961967468,1,0.1088059842586517,1,-0.487238407,1,0.002877144,1
2.111854076,-5.633543015,1,0.2156246602535248,1,-9.051259041,1,-0.440709561,1,-0.241945416,1,0.4055121243000031,1,0.1060809940099716,1,-0.488374174,1,0.004706712,1
2.115851402,-5.554114342,1,0.052785166,1,-8.768602371,1,-0.427737832,1,-0.234450355,1,0.3791790306568146,1,0.1035850346088409,1,-0.489487857,1,0.00635707,1
2.119850636,-4.871300697,1,0.160124347,1,-9.042951584,1,-0.36888814,1,-0.255126238,1,0.3551348149776459,1,0.1012688055634499,1,-0.490604758,1,0.00789789,1
2.123852253,-4.820787907,1,-0.262766302,1,-8.823513031,1,-0.378150612,1,-0.272178471,1,0.3442196547985077,1,0.099095337,1,-0.491797805,1,0.009362358,1
2.127849817,-5.004477024,1,-0.394941628,1,-8.746686935,1,-0.347912103,1,-0.247010291,1,0.3463102877140045,1,0.09695299,1,-0.492987692,1,0.01081107,1
2.131849289,-5.336977482,1,-0.439252466,1,-8.8840065,1,-0.346782893,1,-0.253824383,1,0.3252190947532654,1,0.094864562,1,-0.494089335,1,0.012235926,1
2.135850668,-5.174802303,1,-0.210672408,1,-8.722073555,1,-0.335114539,1,-0.249798328,1,0.3057531416416168,1,0.092891939,1,-0.495208412,1,0.013529836,1
2.139854431,-4.912828445,1,0.2181781083345413,1,-8.961084366,1,-0.333450288,1,-0.266319185,1,0.2768973708152771,1,0.090994522,1,-0.49633646,1,0.014729097,1
2.143853903,-5.719545364,1,0.7571367025375366,1,-9.111726761,1,-0.30314517,1,-0.270679116,1,0.2630481719970703,1,0.089166,1,-0.497500867,1,0.015865747,1
2.147855043,-4.79265976,1,0.6207131147384644,1,-8.953997612,1,-0.263629973,1,-0.248956978,1,0.2256060242652893,1,0.087568648,1,-0.498621374,1,0.01685567,1
2.151852846,-4.997081757,1,0.1865557283163071,1,-9.087040901,1,-0.239610955,1,-0.285131186,1,0.1954226642847061,1,0.08615993,1,-0.499756187,1,0.017698662,1
2.155852079,-5.046870232,1,0.1409496068954468,1,-8.903784752,1,-0.200197682,1,-0.289326668,1,0.2048044204711914,1,0.084877498,1,-0.500973165,1,0.018493354,1
2.159853458,-4.794744968,1,0.1113852187991142,1,-8.52197361,1,-0.173722044,1,-0.276915073,1,0.2261251956224442,1,0.083724305,1,-0.502205849,1,0.019372728,1
2.163851261,-4.581439018,1,-0.91749388,1,-9.013374329,1,-0.154775009,1,-0.295141697,1,0.2651351690292358,1,0.082580373,1,-0.503407121,1,0.020372681,1
2.167850494,-4.518509865,1,-0.976038098,1,-9.324841499,1,-0.136479989,1,-0.336689353,1,0.3043042123317719,1,0.081430294,1,-0.504751146,1,0.021548826,1
2.171852589,-4.711703777,1,-1.581898212,1,-8.95558548,1,-0.161137015,1,-0.363841057,1,0.322777122,1,0.080202229,1,-0.506233275,1,0.022849213,1
2.175850391,-4.71303463,1,-1.154643655,1,-9.402005196,1,-0.181211069,1,-0.420635104,1,0.3459495007991791,1,0.07882449,1,-0.507895172,1,0.024227591,1
2.179849625,-4.420569897,1,-1.419257283,1,-9.935652733,1,-0.166291296,1,-0.518623829,1,0.3767077326774597,1,0.077419057,1,-0.50986743,1,0.025720356,1
2.183851242,-4.440637589,1,-1.962694287,1,-9.27296257,1,-0.206807628,1,-0.617972732,1,0.3825728595256805,1,0.075913787,1,-0.512244999,1,0.027256506,1
2.187849045,-4.701402187,1,-2.096221685,1,-9.255771637,1,-0.22517015,1,-0.655252695,1,0.3984427452087402,1,0.07430654,1,-0.514916658,1,0.02882665,1
2.191848278,-4.494754314,1,-2.00092864,1,-9.431758881,1,-0.278210908,1,-0.739346147,1,0.4206079542636871,1,0.072481334,1,-0.517817736,1,0.030483088,1
2.195849657,-4.759604931,1,-1.031910777,1,-9.828772545,1,-0.311225057,1,-0.817815721,1,0.4269870221614838,1,0.070418976,1,-0.52103579,1,0.032191545,1
2.199847221,-4.711556911,1,0.8427460193634033,1,-10.18508816,1,-0.207820639,1,-0.920631051,1,0.4567458033561707,1,0.068499267,1,-0.52462703,1,0.033929829,1
2.203846455,-4.634768009,1,-0.621603489,1,-10.21271706,1,-0.190234184,1,-1.031150699,1,0.4492097795009613,1,0.066800922,1,-0.528628647,1,0.035740878,1
2.207847834,-4.40353775,1,-1.341243505,1,-10.68648434,1,-0.259670526,1,-1.169300795,1,0.4120599329471588,1,0.065071471,1,-0.533129811,1,0.037408751,1
2.211845398,-4.383632183,1,0.081503734,1,-11.3417511,1,-0.260861158,1,-1.309798598,1,0.4067889451980591,1,0.063254125,1,-0.538187444,1,0.038928095,1
2.21584487,-3.89345336,1,-0.303635746,1,-11.42300415,1,-0.260775596,1,-1.447265625,1,0.4009670317173004,1,0.06144575,1,-0.543801546,1,0.040413402,1
2.219846249,-4.317327499,1,0.5138301253318787,1,-11.98208618,1,-0.218462452,1,-1.57648468,1,0.401104212,1,0.059717923,1,-0.549936831,1,0.041843478,1
2.223843575,-4.085357189,1,-0.428259492,1,-11.60453892,1,-0.239330858,1,-1.744309068,1,0.4122131764888763,1,0.058017705,1,-0.556652069,1,0.043301146,1
2.227842808,-4.769840717,1,-1.093371153,1,-11.9343605,1,-0.284393907,1,-1.899295211,1,0.4352588653564453,1,0.056178112,1,-0.56400317,1,0.044799358,1
2.231844425,-4.671017647,1,-1.23673737,1,-12.51303291,1,-0.316434056,1,-2.076882124,1,0.452378124,1,0.054124162,1,-0.572057307,1,0.046390861,1
2.23584199,-3.645040274,1,-0.943665683,1,-12.66059399,1,-0.322603434,1,-2.270660162,1,0.4855513274669647,1,0.051922556,1,-0.580852747,1,0.048062533,1
2.239841461,-3.514491796,1,-1.921422482,1,-13.00143719,1,-0.334739238,1,-2.474341393,1,0.5176293849945068,1,0.049595226,1,-0.590449154,1,0.049883857,1
2.24384284,-3.302927732,1,-2.571729898,1,-12.27824402,1,-0.386560887,1,-2.66004777,1,0.5675033330917358,1,0.047043853,1,-0.600782216,1,0.051890094,1
2.247840166,-4.022319317,1,-2.798294544,1,-12.51056194,1,-0.444236189,1,-2.843679905,1,0.6299026608467102,1,0.044069201,1,-0.611884058,1,0.054186177,1
2.251839399,-3.611423731,1,-2.416209936,1,-12.26357365,1,-0.473022461,1,-3.037764788,1,0.703665555,1,0.040677715,1,-0.623742938,1,0.056844838,1
2.255840778,-3.530609369,1,-2.326400042,1,-12.2792387,1,-0.451727092,1,-3.226365328,1,0.7552510499954224,1,0.037058614,1,-0.63636446,1,0.059837781,1
2.259844065,-3.368039131,1,-1.726714253,1,-11.32744408,1,-0.614368558,1,-3.248035908,1,0.7072093486785889,1,0.033072371,1,-0.649558723,1,0.063062005,1
2.263843536,-5.035864353,1,-0.803463757,1,-14.53568935,1,-0.15722324,1,-3.74430871,1,0.8275882601737976,1,0.029572761,1,-0.66387409,1,0.066509888,1
2.267845392,-5.221323967,1,-3.95522666,1,-10.50365448,1,-0.419839144,1,-3.814983845,1,0.9736545085906982,1,0.025898939,1,-0.678858519,1,0.070579469,1
2.271843433,-1.663174152,1,-5.153137684,1,-12.02874565,1,-0.637566507,1,-4.128939629,1,0.8984012007713318,1,0.020992134,1,-0.694872797,1,0.07491938,1
2.275842905,-1.684602857,1,-1.355599284,1,-12.76089096,1,-0.642475426,1,-4.303595066,1,1.024739742279053,1,0.015447143,1,-0.711788237,1,0.079534046,1
2.279844522,-3.261783123,1,-1.175228834,1,-12.42054176,1,-0.587879598,1,-4.524669647,1,1.084789752960205,1,0.009419582,1,-0.729445219,1,0.085165761,1
2.283842325,-2.496882677,1,-1.16245234,1,-11.93293381,1,-0.559709966,1,-4.763871193,1,1.093421578407288,1,0.003259405,1,-0.748024225,1,0.090900235,1
2.287841558,-2.164871931,1,-0.628927886,1,-12.30517197,1,-0.527907491,1,-4.999619961,1,1.129576802253723,1,-0.003144415,1,-0.767573297,1,0.097026542,1
2.291843414,-3.21989584,1,-0.003282427,1,-12.66767693,1,-0.470164061,1,-5.228822708,1,1.176220774650574,1,-0.009791233,1,-0.788002551,1,0.103676401,1
2.295840979,-2.467220783,1,-1.082079172,1,-11.64353275,1,-0.534251809,1,-5.398036003,1,1.221367955207825,1,-0.01699166,1,-0.809185743,1,0.1109589859843254,1
2.299840212,-1.568302631,1,-1.141654372,1,-10.88566875,1,-0.539841652,1,-5.627581596,1,1.224175453186035,1,-0.024879329,1,-0.831124783,1,0.118796781,1
2.303841829,-2.139919281,1,-0.929051101,1,-10.99954891,1,-0.564436138,1,-5.863990307,1,1.267382264137268,1,-0.033385769,1,-0.853958726,1,0.1272680461406708,1
2.307839632,-4.206903934,1,-1.026645184,1,-11.42404175,1,-0.625435054,1,-6.058086395,1,1.277703762054443,1,-0.042802345,1,-0.877603114,1,0.1365445107221603,1
2.311839342,-6.620911598,1,-0.763291895,1,-10.8067646,1,-0.741688013,1,-6.134013176,1,1.253347516059875,1,-0.053213812,1,-0.901739419,1,0.1464420109987259,1
2.315840721,-4.9360466,1,0.08836896,1,-10.0472765,1,-0.821117997,1,-6.256402493,1,1.246982694,1,-0.064733036,1,-0.926159322,1,0.1570036560297012,1
2.319838285,-3.643255472,1,0.9083630442619324,1,-9.778450966,1,-0.819957376,1,-6.437726021,1,1.222691774368286,1,-0.077232771,1,-0.951118886,1,0.1683963388204575,1
2.323837519,-3.684985876,1,1.511464476585388,1,-9.321713448,1,-0.750796914,1,-6.619046688,1,1.192098021507263,1,-0.090448044,1,-0.976740122,1,0.1806488931179047,1
2.327838659,-4.43348074,1,1.827800750732422,1,-8.981367111,1,-0.648786962,1,-6.787305355,1,1.151292801,1,-0.104321167,1,-1.002972364,1,0.1938945204019547,1
2.331836224,-5.50366497,1,-0.088291094,1,-4.754127026,1,-0.766851842,1,-6.946875095,1,1.127531409263611,1,-0.119243376,1,-1.030024052,1,0.2082919478416443,1
2.335835457,-5.604392052,1,1.805537462234497,1,-10.63919067,1,-0.565128684,1,-7.088773727,1,1.170156359672546,1,-0.135951951,1,-1.057269335,1,0.2246528416872025,1
2.339836597,-10.40520382,1,1.916458487510681,1,-8.898264885,1,-0.523374319,1,-6.975842476,1,1.040881395339966,1,-0.153534934,1,-1.084469438,1,0.2421498447656631,1
2.3438344,-8.849340439,1,2.872799634933472,1,-8.935853004,1,-0.390878558,1,-7.018372536,1,0.9919430017471313,1,-0.172063991,1,-1.111399651,1,0.2609118819236755,1
2.347833872,-9.611499786,1,3.686315536499023,1,-9.32519722,1,-0.248364821,1,-7.032134533,1,0.912109375,1,-0.191833004,1,-1.138371587,1,0.2814119458198547,1
2.351835489,-9.845114708,1,3.556530475616455,1,-8.899401665,1,-0.087408789,1,-7.004033089,1,0.8426290154457092,1,-0.21287857,1,-1.165164351,1,0.3036810755729675,1
2.355832815,-9.766545296,1,3.404766082763672,1,-9.022839546,1,0.033627547,1,-6.953711033,1,0.7974445223808289,1,-0.235700041,1,-1.191657901,1,0.3282869160175323,1
2.359832287,-7.957080841,1,2.327562332,1,-8.573027611,1,0.1284919530153275,1,-6.921842098,1,0.7654283046722412,1,-0.261022687,1,-1.217751622,1,0.3557591438293457,1
2.363834143,-7.254801273,1,1.265502572059631,1,-8.293727875,1,0.1892136633396149,1,-6.958422184,1,0.7180677056312561,1,-0.289770007,1,-1.243652225,1,0.3869425058364868,1
2.367831707,-8.543469429,1,0.6288095116615295,1,-8.798773766,1,0.2224890291690826,1,-6.986228943,1,0.6854879856109619,1,-0.323039472,1,-1.269428492,1,0.4228026270866394,1
2.37183094,-10.05484962,1,0.3402369022369385,1,-9.009054184,1,0.1885246932506561,1,-6.881460667,1,0.7242051959037781,1,-0.362428904,1,-1.294635773,1,0.4647939503192902,1
2.375832319,-10.82404518,1,-0.297265112,1,-9.430394173,1,0.1497828662395477,1,-6.773763657,1,0.7436648607254028,1,-0.409969598,1,-1.318843961,1,0.5147305130958557,1
2.379835606,-12.79362202,1,-2.527229071,1,-8.906906128,1,0.03647878,1,-6.569757462,1,0.7689533829689026,1,-0.466924578,1,-1.34174335,1,0.573768675,1
2.383835077,-15.48893261,1,-3.612704992,1,-8.997454643,1,-0.157170594,1,-6.307245255,1,0.8296961784362793,1,-0.535493076,1,-1.36282444,1,0.6437826752662659,1
2.387836456,-16.34270287,1,-3.668529749,1,-8.291545868,1,-0.401193202,1,-5.987332344,1,0.897309422,1,-0.617578983,1,-1.381585717,1,0.7263776659965515,1
2.391833782,-15.0738306,1,-4.43558979,1,-7.55290556,1,-0.642491579,1,-5.733211994,1,0.9878304004669189,1,-0.714930534,1,-1.397697687,1,0.8232175707817078,1
2.395833254,-16.53281021,1,-5.729831696,1,-6.646551132,1,-0.900510907,1,-5.466040611,1,1.057337284088135,1,-0.828526914,1,-1.410933256,1,0.9352875351905823,1
2.399834871,-19.29723549,1,-6.525943756,1,-5.360618114,1,-1.219930887,1,-5.086877346,1,1.148995041847229,1,-0.955963135,1,-1.420779705,1,1.059975743293762,1
2.403832436,-21.83588028,1,-6.403970242,1,-4.73780632,1,-1.525541425,1,-4.659266472,1,1.089555501937866,1,-1.090071559,1,-1.427093148,1,1.189984917640686,1
2.407831907,-21.32014847,1,-7.520323753,1,-2.86212039,1,-1.798282385,1,-4.162126541,1,1.071154713630676,1,-1.221811533,1,-1.430307031,1,1.316347360610962,1
2.411833048,-18.30358315,1,-7.412384033,1,-1.012660623,1,-2.092365742,1,-3.727716446,1,1.141563534736633,1,-1.345538616,1,-1.430522561,1,1.433443784713745,1
2.415830851,-14.70985985,1,-6.96846056,1,-0.50464654,1,-2.376990318,1,-3.371198177,1,1.197666525840759,1,-1.458252192,1,-1.428266644,1,1.538265228271484,1
2.419830322,-11.33043575,1,-6.23382473,1,0.088848919,1,-2.633387089,1,-3.159655571,1,1.218600153923035,1,-1.559550285,1,-1.424255371,1,1.630472302436829,1
2.423831463,-9.831463814,1,-4.994189739,1,0.5991008877754211,1,-2.848603249,1,-3.11733532,1,1.279323339,1,-1.652565479,1,-1.41879499,1,1.713447332382202,1
2.427829027,-11.67676258,1,-0.921386838,1,0.5529589653015137,1,-3.014937639,1,-3.027551889,1,1.346464037895203,1,-1.738300204,1,-1.412040114,1,1.788314461708069,1
2.431828499,-12.06594753,1,0.8205263614654541,1,0.005450211,1,-2.927497387,1,-2.785085917,1,1.300004601478577,1,-1.813376784,1,-1.404444337,1,1.852273703,1
2.435829878,-15.33768654,1,1.826086640357971,1,-5.453487873,1,-2.523409843,1,-2.424968243,1,0.9677015542984009,1,-1.875757933,1,-1.397141099,1,1.904448390007019,1
2.439827442,-24.20567703,1,1.176607370376587,1,-13.20146847,1,-2.077357531,1,-1.692827582,1,0.3927098214626312,1,-1.924503684,1,-1.391849041,1,1.9446491,1
2.443826675,-27.83009911,1,-0.021193573,1,-12.93911552,1,-1.771562696,1,-1.007017851,1,-0.079540104,1,-1.957539916,1,-1.389483929,1,1.970434665679932,1
2.447828293,-32.96871948,1,1.053746581077576,1,-13.32931137,1,-1.473228931,1,-0.453909218,1,-0.351437241,1,-1.980999589,1,-1.389097333,1,1.987704634666443,1
2.451825619,-29.77706146,1,0.4309654831886292,1,-16.03533936,1,-1.178610563,1,0.065558799,1,-0.59572649,1,-1.994473457,1,-1.390546441,1,1.996020317077637,1
2.455824852,-14.99863434,1,-3.152911663,1,-12.53855228,1,-1.004958868,1,0.2692576944828033,1,-0.580835283,1,-2.000124931,1,-1.393102527,1,1.997338533401489,1
2.459826469,-6.628794193,1,-2.68873477,1,-11.0730238,1,-0.771183312,1,-0.04560272,1,-0.469349712,1,-2.005949974,1,-1.395218492,1,1.999630331993103,1
2.463823795,-7.921695232,1,-2.161021471,1,-10.98932552,1,-0.507109821,1,-0.449093044,1,-0.27902019,1,-2.017233372,1,-1.396175861,1,2.008508682250977,1
2.467823505,-10.0275774,1,-2.519751072,1,-12.11312485,1,-0.310207397,1,-0.78622067,1,-0.004597416,1,-2.032899857,1,-1.395617843,1,2.022789239883423,1
2.471825123,-11.16065979,1,-2.026161194,1,-13.50597,1,-0.107517764,1,-1.123509645,1,0.321475476,1,-2.051236868,1,-1.393328547,1,2.040561199188232,1
2.475822687,-11.72333431,1,-2.246192932,1,-15.39382744,1,0.1348607987165451,1,-1.495514989,1,0.6976003050804138,1,-2.071380615,1,-1.389077187,1,2.061074495315552,1
2.479822159,-12.43661022,1,-3.769307375,1,-17.018507,1,0.3219102025032043,1,-1.847542167,1,1.103627800941467,1,-2.092241526,1,-1.382672906,1,2.083244800567627,1
2.483823538,-12.96687889,1,-5.780545712,1,-17.81370926,1,0.394700676,1,-2.164104223,1,1.553209543228149,1,-2.112528086,1,-1.37402606,1,2.105407238006592,1
2.487821102,-13.23195744,1,-8.04013443,1,-18.15785408,1,0.3146250545978546,1,-2.439205885,1,2.047735929489136,1,-2.130999565,1,-1.363068223,1,2.125749349594116,1
2.491820574,-13.44040966,1,-10.40226746,1,-18.30973244,1,0.042692058,1,-2.640991688,1,2.553746700286865,1,-2.146857262,1,-1.349839687,1,2.142757654190063,1
2.495822668,-13.55993462,1,-12.67720604,1,-18.38199425,1,-0.395171791,1,-2.776325941,1,3.033123016357422,1,-2.160024166,1,-1.334531546,1,2.155587911605835,1
2.499826193,-13.84164906,1,-13.83584976,1,-18.47970009,1,-0.955009103,1,-2.836938381,1,3.471380233764648,1,-2.170832872,1,-1.317444086,1,2.163970232009888,1
2.503825903,-14.2302084,1,-14.1884594,1,-18.18063164,1,-1.554944038,1,-2.807968616,1,3.866757392883301,1,-2.179437876,1,-1.298937917,1,2.167692422866821,1
2.507827759,-14.81500626,1,-13.24089622,1,-18.18134117,1,-2.099970818,1,-2.742021322,1,4.169578075408936,1,-2.186268568,1,-1.279386163,1,2.167181015014648,1
2.511825562,-16.13644791,1,-12.1354866,1,-18.07010269,1,-2.54952383,1,-2.582345247,1,4.411385059356689,1,-2.191521883,1,-1.259205818,1,2.162903785705566,1
2.515825033,-16.68660736,1,-10.85292435,1,-17.7796917,1,-2.874141216,1,-2.324942827,1,4.561839580535889,1,-2.19487071,1,-1.238862634,1,2.154954671859741,1
2.519826412,-17.17674446,1,-8.903496742,1,-17.86525726,1,-3.047333479,1,-2.065902948,1,4.602197647094727,1,-2.196609735,1,-1.218838215,1,2.144188404083252,1
2.523823977,-17.0196209,1,-7.109752178,1,-17.97505951,1,-3.068603992,1,-1.807650924,1,4.567920684814453,1,-2.197031975,1,-1.199429393,1,2.131522178649902,1
2.52782321,-16.16449738,1,-4.858976841,1,-17.9341526,1,-2.942320108,1,-1.543340921,1,4.440059185028076,1,-2.196306705,1,-1.180878878,1,2.117737531661987,1
2.531824827,-15.7736063,1,-3.847521305,1,-17.94787979,1,-2.655092001,1,-1.287296414,1,4.289077758789063,1,-2.1938622,1,-1.16332376,1,2.103415250778198,1
2.535822868,-13.27963352,1,-2.599467278,1,-18.52861404,1,-2.261515856,1,-1.104452848,1,4.031107425689697,1,-2.190371037,1,-1.147066832,1,2.088839530944824,1
2.53982234,-15.03344345,1,-3.903855324,1,-17.63528252,1,-1.891438007,1,-0.85217607,1,3.915113925933838,1,-2.185625553,1,-1.131787062,1,2.074470758,1
2.543823957,-13.9774437,1,-4.900194168,1,-17.40895081,1,-1.570363998,1,-0.604811132,1,3.695905447006226,1,-2.179240227,1,-1.117654085,1,2.059750318527222,1
2.547821283,-13.78501225,1,-5.52549839,1,-16.83034515,1,-1.304294586,1,-0.300527245,1,3.470927238464355,1,-2.171520472,1,-1.104813337,1,2.044737100601196,1
2.551820517,-13.36273766,1,-6.308453083,1,-16.29303932,1,-1.093996167,1,0.02776926,1,3.239360570907593,1,-2.162447453,1,-1.093402743,1,2.029168367385864,1
2.555822372,-12.84424305,1,-6.718689442,1,-15.84559441,1,-0.934087455,1,0.360852063,1,2.994806051254272,1,-2.152086496,1,-1.083424926,1,2.01290226,1
2.559820175,-11.49744225,1,-6.861249924,1,-15.32011795,1,-0.818515718,1,0.6951658725738525,1,2.732738018035889,1,-2.140629768,1,-1.074965477,1,1.995931386947632,1
2.563819885,-9.657450676,1,-7.091091156,1,-14.5895462,1,-0.738616705,1,0.9911638498306274,1,2.453825950622559,1,-2.128345251,1,-1.068004727,1,1.978402256965637,1
2.567821264,-7.289515018,1,-7.226400852,1,-13.62040901,1,-0.681569993,1,1.245459079742432,1,2.166941881,1,-2.115529537,1,-1.062476158,1,1.960522294044495,1
2.571819067,-5.010701656,1,-7.113338947,1,-12.86696148,1,-0.661409974,1,1.436809301376343,1,1.880103945732117,1,-2.102521658,1,-1.058284163,1,1.942547559738159,1
2.575818539,-3.007223606,1,-6.788842201,1,-12.03201962,1,-0.647800565,1,1.580674529075623,1,1.586217164993286,1,-2.089695692,1,-1.055318594,1,1.924818396568298,1
2.579820395,-1.444239259,1,-6.169214249,1,-11.22659588,1,-0.617154777,1,1.675604104995728,1,1.286265730857849,1,-2.077252626,1,-1.053506494,1,1.907607555389404,1
2.583818197,-0.224419415,1,-5.412792683,1,-10.37969875,1,-0.56288892,1,1.751924753189087,1,0.9782344698905945,1,-2.065256357,1,-1.052829981,1,1.891081690788269,1
2.587817669,0.4051347374916077,1,-4.657283306,1,-9.732875824,1,-0.482304811,1,1.804055452346802,1,0.67497772,1,-2.053610086,1,-1.05324626,1,1.875264167785645,1
2.591819286,1.095791935920715,1,-3.850443602,1,-9.234309196,1,-0.355414093,1,1.855316758155823,1,0.3692635595798492,1,-2.042187452,1,-1.05474782,1,1.860177397727966,1
2.595816851,1.622747778892517,1,-3.164550543,1,-8.66056633,1,-0.2072891,1,1.908315539360046,1,0.062266272,1,-2.030761242,1,-1.057356834,1,1.845744132995605,1
2.599816799,1.999435186386108,1,-2.441850185,1,-8.086922646,1,-0.025597569,1,1.978316665,1,-0.241669208,1,-2.019081354,1,-1.061074853,1,1.831809401512146,1
2.603818178,1.846700429916382,1,-1.92121017,1,-7.807783604,1,0.1803613901138306,1,2.092523574829102,1,-0.538337886,1,-2.006739378,1,-1.065961123,1,1.818050503730774,1
2.607816219,1.937096476554871,1,-1.379197121,1,-7.614151001,1,0.4030530452728271,1,2.246635675430298,1,-0.834298372,1,-1.993288755,1,-1.072067976,1,1.804040908813477,1
2.611815691,2.262027502059937,1,-1.078439236,1,-7.440913677,1,0.6363133192062378,1,2.419747114181519,1,-1.135713816,1,-1.978348613,1,-1.079437017,1,1.789421319961548,1
2.615817308,2.453966379165649,1,-0.717228234,1,-7.46725893,1,0.8572898507118225,1,2.610950231552124,1,-1.42191422,1,-1.961640477,1,-1.088067651,1,1.773897767066956,1
2.619820833,2.522284984588623,1,-0.410839617,1,-7.493828297,1,1.073356151580811,1,2.818692207336426,1,-1.697744131,1,-1.942802072,1,-1.097896218,1,1.757034659385681,1
2.623820543,2.168634892,1,0.056689374,1,-7.556575775,1,1.279667139053345,1,3.044720649719238,1,-1.963516116,1,-1.921511531,1,-1.108899236,1,1.738462686538696,1
2.627822161,1.702603459358215,1,0.6820522546768188,1,-7.665750504,1,1.483854174613953,1,3.286274671554565,1,-2.203527451,1,-1.897267699,1,-1.120970964,1,1.717615365982056,1
2.631819963,1.405073165893555,1,1.364982367,1,-8.023701668,1,1.680530190467834,1,3.531713008880615,1,-2.415480137,1,-1.869591713,1,-1.133969188,1,1.693988800048828,1
2.635819435,1.019573330879211,1,2.387458086013794,1,-8.364523888,1,1.866971254348755,1,3.777694940567017,1,-2.600967169,1,-1.837986946,1,-1.147676945,1,1.667022824287415,1
2.639821291,0.6771224141120911,1,3.498175859451294,1,-8.80471611,1,2.061442136764526,1,4.036141395568848,1,-2.737633705,1,-1.801821709,1,-1.161887169,1,1.636075973510742,1
2.643819094,0.025913615,1,4.619811534881592,1,-9.437965393,1,2.296172142028809,1,4.308095932006836,1,-2.827951431,1,-1.760185242,1,-1.176272035,1,1.600299000740051,1
2.647818565,-0.840946794,1,5.605442523956299,1,-9.933683395,1,2.557523250579834,1,4.601212501525879,1,-2.886680126,1,-1.712033033,1,-1.1904881,1,1.558775901794434,1
2.651820183,-1.555064321,1,6.461857795715332,1,-10.46965408,1,2.819652795791626,1,4.916654586791992,1,-2.921881199,1,-1.656361938,1,-1.204179406,1,1.510564088821411,1
2.655817986,-2.495466709,1,6.875254154205322,1,-10.68996716,1,3.062313795089722,1,5.273936272,1,-2.911725044,1,-1.5922122,1,-1.216932654,1,1.454588174819946,1
2.659817457,-2.706152678,1,6.886268615722656,1,-11.01113224,1,3.282765865325928,1,5.599572658538818,1,-2.876620293,1,-1.519083381,1,-1.22819972,1,1.390308618545532,1
2.663819313,-2.689233541,1,7.132699012756348,1,-11.24807358,1,3.440914392471313,1,5.914993762969971,1,-2.851632833,1,-1.43730104,1,-1.237486839,1,1.317915678024292,1
2.667816877,-2.690544128,1,7.292119979858398,1,-11.42340088,1,3.558598041534424,1,6.199095249176025,1,-2.821263075,1,-1.34773469,1,-1.244356751,1,1.238062262535095,1
2.671817303,-2.637099743,1,7.471578121185303,1,-11.58754635,1,3.637476205825806,1,6.449482440948486,1,-2.791883945,1,-1.251892686,1,-1.248401523,1,1.152133703231812,1
2.67581892,-2.305826187,1,8.031249046325684,1,-11.78384399,1,3.681118965148926,1,6.653145313262939,1,-2.773063421,1,-1.151857853,1,-1.249327779,1,1.062124013900757,1
2.679816961,-1.643993974,1,8.599062919616699,1,-11.67708492,1,3.715671300888062,1,6.782886505126953,1,-2.760704517,1,-1.050319314,1,-1.247023106,1,0.970663846,1
2.683816433,-1.624124527,1,9.204377174377441,1,-11.35765076,1,3.766801595687866,1,6.881096363067627,1,-2.769201279,1,-0.9497509,1,-1.241552353,1,0.8802998065948486,1
2.68781805,-1.743762016,1,9.386461258,1,-11.38709736,1,3.823198795318604,1,6.930118560791016,1,-2.798291206,1,-0.852058291,1,-1.23311305,1,0.7929959297180176,1
2.691815615,-1.924172044,1,9.147079467773438,1,-11.34704685,1,3.857974529266357,1,6.945025921,1,-2.846218586,1,-0.758773983,1,-1.222010136,1,0.7102780938148499,1
2.695815325,-2.007802963,1,8.736311912536621,1,-11.41789627,1,3.841686248779297,1,6.910317420959473,1,-2.915766001,1,-0.670952082,1,-1.208621621,1,0.6330530643463135,1
2.699816942,-2.152523279,1,8.127054214477539,1,-11.6108427,1,3.768332958221436,1,6.840569972991943,1,-2.999170065,1,-0.589242995,1,-1.193359375,1,0.5617682337760925,1
2.703814983,-2.492226839,1,7.499967575073242,1,-11.93557835,1,3.654727697372437,1,6.772355556488037,1,-3.081533194,1,-0.513741195,1,-1.176519275,1,0.4963085353374481,1
2.707814455,-2.990916729,1,7.288230419158936,1,-12.46501446,1,3.510464191436768,1,6.705283164978027,1,-3.167482615,1,-0.444294512,1,-1.158344865,1,0.4363842904567719,1
2.711815834,-3.60134244,1,7.260187626,1,-13.00954151,1,3.366882562637329,1,6.656579018,1,-3.247730732,1,-0.380532503,1,-1.138996959,1,0.3815532922744751,1
2.715813875,-4.499494076,1,7.439167976379395,1,-13.57605267,1,3.243139743804932,1,6.628237247467041,1,-3.309263229,1,-0.321981192,1,-1.118565321,1,0.3313961029052734,1
2.719813347,-5.451390743,1,7.825129508972168,1,-14.03975391,1,3.151950359344482,1,6.649891853,1,-3.347533703,1,-0.268196255,1,-1.097039342,1,0.2855761051177979,1
2.723814964,-6.147835255,1,8.233996391296387,1,-14.43359947,1,3.113349199295044,1,6.710141181945801,1,-3.364356995,1,-0.218710735,1,-1.074342728,1,0.2438023835420609,1
2.727812529,-6.779738903,1,8.251070022583008,1,-14.50218201,1,3.112023354,1,6.805477142333984,1,-3.362069607,1,-0.173132256,1,-1.050446033,1,0.2058670073747635,1
2.731812,-7.072337151,1,8.620331764221191,1,-14.68058777,1,3.132499933242798,1,6.914269924163818,1,-3.316843987,1,-0.131192788,1,-1.025354028,1,0.1716716289520264,1
2.735813856,-6.976605415,1,8.452738761901855,1,-14.55406094,1,3.172496557235718,1,7.032607555389404,1,-3.244510889,1,-0.092713349,1,-0.999097764,1,0.1411610990762711,1
2.739817381,-6.707727432,1,8.071227073669434,1,-14.35351753,1,3.200445890426636,1,7.139493465423584,1,-3.12801671,1,-0.057556666,1,-0.971783698,1,0.1142758056521416,1
2.743816853,-6.23844099,1,7.631262302398682,1,-14.25658989,1,3.203504562,1,7.224737167358398,1,-2.991898537,1,-0.025648469,1,-0.943580747,1,0.0909288,1
2.74781847,-5.84531498,1,7.372637748718262,1,-14.0654459,1,3.199885129928589,1,7.269516944885254,1,-2.817652225,1,0.003172461,1,-0.914713502,1,0.070947058,1
2.751816273,-5.478415489,1,7.266246795654297,1,-13.76818752,1,3.206053495407104,1,7.304081916809082,1,-2.633402109,1,0.02912974,1,-0.885383368,1,0.054168466,1
2.755815744,-5.449825287,1,7.354075432,1,-13.44758034,1,3.215896606445313,1,7.321867466,1,-2.427128792,1,0.052551847,1,-0.8557446,1,0.040329881,1
2.759817123,-5.802475452,1,7.339735507965088,1,-12.996562,1,3.259404420852661,1,7.329048156738281,1,-2.208127737,1,0.073779911,1,-0.825918913,1,0.029224522,1
2.763814926,-6.901760578,1,6.992540359,1,-12.05922127,1,3.317037343978882,1,7.366425514221191,1,-1.980177641,1,0.093142197,1,-0.795943618,1,0.02065496,1
2.767814636,-8.712180138,1,4.957275867462158,1,-10.52076149,1,3.357539415359497,1,7.452335357666016,1,-1.719210863,1,0.1108179241418839,1,-0.765726089,1,0.014533075,1
2.771816254,-9.424910545,1,2.490879297,1,-9.932730675,1,3.338956117630005,1,7.538204669952393,1,-1.440345764,1,0.126777321,1,-0.735181212,1,0.010805557,1
2.775813818,-9.741109848,1,1.651817798614502,1,-10.25717449,1,3.259035348892212,1,7.559306144714355,1,-1.168324471,1,0.1409708261489868,1,-0.704561949,1,0.009307947,1
2.779813528,-10.8587141,1,1.011571526527405,1,-10.57404804,1,3.138823032,1,7.596342086791992,1,-0.945648849,1,0.1534850597381592,1,-0.673880756,1,0.00935195,1
2.783815145,-11.73786354,1,0.8533716797828674,1,-10.77203178,1,2.993088960647583,1,7.652001381,1,-0.788487315,1,0.1646518260240555,1,-0.643232465,1,0.011157212,1
2.787812948,-12.4988203,1,0.3748383224010468,1,-10.67231369,1,2.865630626678467,1,7.746222496032715,1,-0.685053766,1,0.1746867001056671,1,-0.612387836,1,0.013996706,1
2.79181242,-13.29575634,1,0.1918129771947861,1,-10.7646904,1,2.780974149703979,1,7.837676525115967,1,-0.636436522,1,0.1839575469493866,1,-0.581256092,1,0.017584292,1
2.795813799,-14.08263016,1,0.3660674095153809,1,-10.98086071,1,2.733802080154419,1,7.923009395599365,1,-0.621637046,1,0.1928034573793411,1,-0.549831331,1,0.021656122,1
2.799811602,-14.60594845,1,0.2820269763469696,1,-11.06856346,1,2.714918851852417,1,7.971683979034424,1,-0.634262979,1,0.2014756053686142,1,-0.518165588,1,0.026028244,1
2.803811073,-15.09639835,1,-0.113434851,1,-10.90503407,1,2.717857360839844,1,8.010197639465332,1,-0.664997697,1,0.210151196,1,-0.486332327,1,0.03057543,1
2.807812691,-15.82886028,1,-0.993825436,1,-10.57611942,1,2.728833436965942,1,8.017740249633789,1,-0.720922709,1,0.2189449518918991,1,-0.454415977,1,0.035203099,1
2.811810493,-17.004776,1,-2.087632895,1,-10.0143671,1,2.695075750350952,1,7.987680435180664,1,-0.81076324,1,0.2278770506381989,1,-0.422516704,1,0.039750338,1
2.815809965,-18.39404106,1,-3.439514637,1,-9.275677681,1,2.610839366912842,1,7.925442695617676,1,-0.921093643,1,0.2367997020483017,1,-0.390738368,1,0.04407008,1
2.819811583,-19.90441322,1,-4.607116222,1,-8.633080482,1,2.434465885162354,1,7.802007198,1,-1.065490723,1,0.2454579174518585,1,-0.35924536,1,0.048005082,1
2.823809385,-21.29262161,1,-5.580222607,1,-7.949497223,1,2.189362525939941,1,7.62186861,1,-1.23861146,1,0.2535819709300995,1,-0.3282004,1,0.051359057,1
2.827808857,-22.75277901,1,-5.682150841,1,-7.349447727,1,1.944256782531738,1,7.381404876708984,1,-1.42486918,1,0.2610403001308441,1,-0.297820419,1,0.053985827,1
2.831810474,-24.39400482,1,-4.63336134,1,-7.033703804,1,1.742720962,1,7.064539432525635,1,-1.656362891,1,0.2679215967655182,1,-0.268306285,1,0.055671513,1
2.835808277,-26.1077652,1,-3.148875475,1,-6.88415432,1,1.649681806564331,1,6.696047306060791,1,-1.908182263,1,0.274539977,1,-0.239869758,1,0.056201879,1
2.839807749,-28.38746071,1,-1.720430136,1,-6.63914299,1,1.665249705314636,1,6.284899234771729,1,-2.166102409,1,0.2813107669353485,1,-0.212678611,1,0.055456102,1
2.843809605,-30.4448967,1,-1.028561234,1,-6.043046474,1,1.760338187217712,1,5.840266227722168,1,-2.404818058,1,0.2885390520095825,1,-0.186828554,1,0.053455412,1
2.847807169,-32.34380722,1,0.1096432879567146,1,-5.378381729,1,1.906763911247253,1,5.350444316864014,1,-2.609590769,1,0.2964121997356415,1,-0.162492603,1,0.050258409,1
2.851806641,-33.99230957,1,1.443204879760742,1,-4.624070644,1,2.110714912414551,1,4.826460838317871,1,-2.78535533,1,0.3050719499588013,1,-0.139849365,1,0.045925435,1
2.855808258,-36.29941559,1,2.095194339752197,1,-3.643911362,1,2.378697633743286,1,4.322514533996582,1,-2.915961266,1,0.31472379,1,-0.118953824,1,0.040582709,1
2.859811783,-38.61676788,1,3.02116847,1,-2.767832756,1,2.665294408798218,1,3.807488679885864,1,-2.987277508,1,0.3254911601543427,1,-0.09979374,1,0.034437694,1
2.863811493,-41.28962326,1,4.019272804260254,1,-1.757011056,1,2.931083679199219,1,3.295917272567749,1,-3.030167818,1,0.3373090624809265,1,-0.082437873,1,0.027656233,1
2.86781311,-43.70246124,1,4.137830734,1,-0.466540843,1,3.144452571868896,1,2.800830125808716,1,-2.998473883,1,0.3500292003154755,1,-0.066885367,1,0.020364152,1
2.871810913,-44.63965607,1,3.104148864746094,1,1.131809830665588,1,3.21155858,1,2.324508190155029,1,-2.901657104,1,0.3632422983646393,1,-0.053165358,1,0.012851989,1
2.875810623,-44.77645111,1,2.209187507629395,1,2.463410615921021,1,3.066645860671997,1,1.793293952941895,1,-2.769139767,1,0.376218855,1,-0.041378602,1,0.00524145,1
2.879812002,-44.16722488,1,1.692069530487061,1,4.156900882720947,1,2.750935077667236,1,1.256664872169495,1,-2.592064381,1,0.3881753981113434,1,-0.031697314,1,-0.002450199,1
2.883809805,-43.27627563,1,2.252514600753784,1,5.682616233825684,1,2.305541038513184,1,0.712662935,1,-2.35324049,1,0.3985040485858917,1,-0.024267072,1,-0.010099453,1
2.887809277,-42.29808426,1,2.783162832260132,1,7.442663669586182,1,1.836630463600159,1,0.2353265285491943,1,-2.025242329,1,0.4070267677307129,1,-0.01905462,1,-0.017375372,1
2.891810894,-40.84689331,1,3.868250846862793,1,7.469098567962646,1,1.441766738891602,1,-0.245593086,1,-1.623945832,1,0.4136315584182739,1,-0.016200967,1,-0.024129575,1
2.895808458,-39.63290787,1,5.485007286071777,1,7.875852108001709,1,1.079429864883423,1,-0.588636279,1,-1.194357276,1,0.4187343120574951,1,-0.01543134,1,-0.029949784,1
2.899808168,-38.00817871,1,5.692990779876709,1,8.268312454223633,1,0.7897909879684448,1,-0.895348012,1,-0.704072773,1,0.4225326776504517,1,-0.016594542,1,-0.034642912,1
2.903809786,-36.76526642,1,5.930643081665039,1,7.998795986175537,1,0.5199744701385498,1,-1.131496906,1,-0.249013469,1,0.4252117276191711,1,-0.019509528,1,-0.038023278,1
2.907807827,-35.33137131,1,5.830650329589844,1,7.081082820892334,1,0.2826887965202332,1,-1.33313632,1,0.1816020756959915,1,0.426856667,1,-0.023956047,1,-0.040185694,1
2.911807299,-33.83314133,1,5.700740337371826,1,6.414518356323242,1,0.077392146,1,-1.480425715,1,0.5552066564559937,1,0.4275754392147064,1,-0.029710377,1,-0.041170452,1
2.915808678,-33.22099686,1,5.411225796,1,5.534411430358887,1,-0.057865079,1,-1.548419595,1,0.8596356511116028,1,0.4276086688041687,1,-0.036430374,1,-0.041093055,1
2.91980648,-32.19406891,1,5.025616169,1,5.085222244262695,1,-0.173306853,1,-1.561259866,1,1.063104629516602,1,0.4271126687526703,1,-0.043708093,1,-0.040147256,1
2.923805952,-15.50622654,1,-8.773114204,1,-8.898008347,1,-0.970675111,1,-1.820001245,1,1.263786435127258,1,0.4253987669944763,1,-0.051581524,1,-0.038645945,1
2.927807808,-19.46509171,1,-12.03514194,1,8.697266578674316,1,-4.364910126,1,-3.422595739,1,0.7265263795852661,1,0.4146194159984589,1,-0.062718242,1,-0.03910815,1
2.931805372,-45.29443741,1,-14.46585083,1,23.47954368591309,1,-6.840197563,1,-4.529576778,1,1.129054785,1,0.3921017050743103,1,-0.078946628,1,-0.042081539,1
2.935804844,-6.791657448,1,10.67211055755615,1,11.10871601104736,1,-6.035998344,1,-5.393383026,1,1.141650795936584,1,0.366072953,1,-0.099071436,1,-0.04523265,1
2.9398067,-3.960244179,1,14.51803493499756,1,-4.694595337,1,-6.13594389,1,-6.254239082,1,0.6964550614356995,1,0.3425315618515015,1,-0.122156762,1,-0.049755439,1
2.943804741,-30.02263641,1,17.83800697,1,-18.41128922,1,-4.776395798,1,-6.334031582,1,0.4907776415348053,1,0.3215665221214294,1,-0.147137821,1,-0.055792473,1
2.947804451,-22.50370598,1,16.73854064941406,1,-41.58255768,1,-3.957275391,1,-5.980505943,1,0.075006731,1,0.3048577904701233,1,-0.170936599,1,-0.062586486,1
2.951806307,-17.2617836,1,12.63473415374756,1,-45.09375763,1,-3.092672825,1,-5.77596283,1,-0.076380678,1,0.2929420173168182,1,-0.192989662,1,-0.069351755,1
2.955803871,-23.40850258,1,13.86602497,1,-48.15911102,1,-2.890321493,1,-5.918126583,1,0.6887233257293701,1,0.2815923690795898,1,-0.215970188,1,-0.075425342,1
2.959803581,-26.04367828,1,18.23926544189453,1,-47.90756226,1,-2.325829506,1,-5.899617672,1,1.670356989,1,0.2716077268123627,1,-0.239814594,1,-0.077263959,1
2.963805437,-28.6305294,1,20.10656547546387,1,-41.46845245,1,-1.910320401,1,-5.424197674,1,2.726716995239258,1,0.2625265419483185,1,-0.264148653,1,-0.074744307,1
2.96780324,-24.45379829,1,17.73885345458984,1,-32.70048141,1,-1.479168534,1,-4.959723949,1,3.528148889541626,1,0.2537976205348969,1,-0.287425756,1,-0.067567408,1
2.97180295,-17.06425095,1,10.33379269,1,-22.53104019,1,-1.17543602,1,-4.549133301,1,3.911235570907593,1,0.2454958409070969,1,-0.30953002,1,-0.057261731,1
2.975804329,-9.627171516,1,2.180405855178833,1,-11.08218765,1,-0.923004866,1,-4.329275131,1,3.868696451187134,1,0.2377303093671799,1,-0.330440104,1,-0.045774717,1
2.97980237,-2.552831888,1,-4.435471535,1,-1.26455009,1,-0.931413889,1,-4.223296165,1,3.670375108718872,1,0.2301706820726395,1,-0.350556552,1,-0.03432487,1
2.983808041,-0.732030392,1,-10.5788002,1,3.498652935028076,1,-1.266574621,1,-4.38307476,1,3.269023656845093,1,0.2222113758325577,1,-0.370365769,1,-0.023966815,1
2.987809896,-7.393870831,1,-16.23208237,1,5.027890205383301,1,-1.676898003,1,-4.544117928,1,2.848288297653198,1,0.2131564319133759,1,-0.390511036,1,-0.015279235,1
2.991807938,-21.25575638,1,-17.14040375,1,1.281014680862427,1,-2.156558752,1,-4.460724354,1,2.449832916259766,1,0.2026797533035278,1,-0.410429955,1,-0.008022438,1
2.995807409,-28.01454544,1,-12.56102085,1,-4.037090778,1,-2.534455061,1,-3.880936861,1,2.025568723678589,1,0.1909059137105942,1,-0.428611219,1,-0.002159648,1
2.999809027,-34.05088425,1,-4.122139454,1,-9.760273933,1,-2.767264366,1,-3.012042999,1,1.817554712295532,1,0.1778532415628433,1,-0.443647772,1,0.003382358,1
3.003807068,-30.09719849,1,9.913767815,1,-17.6545372,1,-2.549180984,1,-1.60782361,1,1.866307616233826,1,0.1644647866487503,1,-0.454111159,1,0.009551555,1
3.00780654,-10.83516598,1,19.97725296020508,1,-15.61396599,1,-2.03950119,1,-0.725189447,1,2.273109197616577,1,0.1515496820211411,1,-0.459660649,1,0.017880043,1
3.011808157,-4.909965515,1,13.32072830200195,1,-17.0924015,1,-1.666962266,1,-0.384237051,1,2.424670457839966,1,0.1397228240966797,1,-0.463375926,1,0.027995333,1
3.015806198,-11.19973755,1,3.216141462,1,-16.22691917,1,-1.490210533,1,-0.080653444,1,1.991255044937134,1,0.1290224641561508,1,-0.465329409,1,0.037849799,1
3.01980567,-7.200357914,1,-3.35918808,1,-13.13587093,1,-1.351475,1,-0.380692691,1,1.400195956230164,1,0.1200721189379692,1,-0.467019022,1,0.04521016,1
3.023807526,-17.27197266,1,-2.347366095,1,-15.8989048,1,-1.187369704,1,-0.111125387,1,0.9947887063026428,1,0.1126322522759438,1,-0.468732297,1,0.050299767,1
3.027805328,-3.686212301,1,6.693113327026367,1,-9.209638596,1,-0.933693826,1,-0.297512412,1,1.026825785636902,1,0.1063185334205627,1,-0.469764888,1,0.05469586,1
3.031805038,-3.135332108,1,5.597385883331299,1,-11.61491871,1,-0.721910179,1,-0.323561549,1,1.045774817466736,1,0.1010946407914162,1,-0.471541673,1,0.058042705,1
3.035806656,-6.58532095,1,1.628032803535461,1,-10.80784321,1,-0.460520118,1,-0.276627839,1,0.9604228734970093,1,0.096791744,1,-0.473130554,1,0.06240033,1
3.039804459,-6.513688087,1,-3.317660093,1,-8.934546471,1,-0.365206748,1,-0.334577799,1,0.8376163840293884,1,0.093387261,1,-0.474664748,1,0.06629914,1
3.043804169,-8.333278656,1,-3.792761087,1,-10.96196747,1,-0.381403387,1,-0.313583612,1,0.7954427003860474,1,0.090279303,1,-0.476296902,1,0.069771513,1
3.047806025,-5.514652729,1,-1.1444453,1,-9.959671021,1,-0.413720906,1,-0.330188602,1,0.770477295,1,0.087106347,1,-0.477805853,1,0.073190518,1
3.051803589,-5.548539639,1,2.049265146255493,1,-11.1494875,1,-0.285743028,1,-0.408440918,1,0.653961182,1,0.084275432,1,-0.479551375,1,0.076242492,1
3.055803299,-6.485676765,1,5.631637096405029,1,-11.86533546,1,-0.091474302,1,-0.5076949,1,0.598983109,1,0.082318068,1,-0.481589973,1,0.078831628,1
3.059805393,-5.886732578,1,2.544484138,1,-11.20843029,1,0.047589201,1,-0.565829456,1,0.6023402810096741,1,0.081102721,1,-0.483941585,1,0.081363656,1
3.063803434,-6.004264832,1,-0.901076376,1,-10.67560959,1,0.1454248130321503,1,-0.65938431,1,0.5573881864547729,1,0.080378525,1,-0.486561567,1,0.083757818,1
3.067803144,-4.396296978,1,-2.725850821,1,-10.30822182,1,0.150075838,1,-0.725468278,1,0.564347506,1,0.07993114,1,-0.489512205,1,0.086010061,1
3.071804762,-4.935583591,1,-3.771202564,1,-10.0176754,1,0.097309858,1,-0.786887646,1,0.6078792810440063,1,0.079326399,1,-0.492734373,1,0.088400409,1
3.075802565,-6.508448124,1,-3.414631844,1,-9.647716522,1,0.029807929,1,-0.842355609,1,0.5630291104316711,1,0.078441851,1,-0.496145248,1,0.090798594,1
3.079802036,-7.394878387,1,0.7368943691253662,1,-10.06967926,1,-0.032449402,1,-0.905262351,1,0.5387246608734131,1,0.077343799,1,-0.499809861,1,0.092999384,1
3.083803654,-6.542356491,1,2.563397169113159,1,-10.74675655,1,-0.04988737,1,-0.992838264,1,0.4121889770030975,1,0.076262608,1,-0.503718555,1,0.094844535,1
3.087801695,-7.116055012,1,2.011773824691772,1,-10.35011673,1,0.039735418,1,-1.058523536,1,0.2729397714138031,1,0.075655974,1,-0.50795275,1,0.096055634,1
3.091801405,-5.960571766,1,1.222537755966187,1,-11.10189819,1,0.011974877,1,-1.165750861,1,0.1919703036546707,1,0.075425163,1,-0.51245743,1,0.096695781,1
3.095802784,-4.948512077,1,1.325282931,1,-11.31731892,1,0.08619193,1,-1.258503914,1,0.1693591177463531,1,0.07543575,1,-0.517336607,1,0.097094327,1
3.099800825,-4.610480785,1,-1.078295827,1,-11.3887167,1,0.052448884,1,-1.376385927,1,0.2044062912464142,1,0.075532332,1,-0.522646546,1,0.097478054,1
3.103806496,-4.591415405,1,-2.828737497,1,-10.67706966,1,0.055114064,1,-1.466425896,1,0.2621891796588898,1,0.075487837,1,-0.528397202,1,0.098046929,1
3.10780859,-3.811784506,1,-2.104840517,1,-12.210886,1,0.036295529,1,-1.56033504,1,0.3235244750976563,1,0.075274996,1,-0.534492552,1,0.098880827,1
3.111806393,-2.975792408,1,-1.503829598,1,-12.98277092,1,-0.066228613,1,-1.769441724,1,0.350203663,1,0.074674599,1,-0.541226983,1,0.099883556,1
3.115805864,-2.780892611,1,0.1341171115636826,1,-14.58784866,1,-0.029143423,1,-2.029607296,1,0.3781481981277466,1,0.07391239,1,-0.548878789,1,0.1009255573153496,1
3.11980772,-3.254948378,1,-2.150723457,1,-14.85795403,1,-0.136461481,1,-2.358370066,1,0.3854654431343079,1,0.073113792,1,-0.55773294,1,0.1019961684942245,1
3.123805523,-3.118801832,1,-0.586180389,1,-15.74237537,1,-0.113565706,1,-2.70852828,1,0.3695294857025146,1,0.072067432,1,-0.567982852,1,0.1029158756136894,1
3.127804995,-2.260255337,1,-0.851935446,1,-15.61170006,1,-0.083911687,1,-3.042431355,1,0.3543799817562103,1,0.071319982,1,-0.579543948,1,0.1036550477147102,1
3.131806612,-2.286801338,1,-3.073685169,1,-17.15585709,1,-0.21124661,1,-3.476298571,1,0.3181711435317993,1,0.07046666,1,-0.592646956,1,0.1041510328650475,1
3.135804653,-3.201318979,1,-2.297488928,1,-18.25161362,1,-0.342177093,1,-3.892156124,1,0.3156836628913879,1,0.069213852,1,-0.607413769,1,0.1044194027781487,1
3.139804363,-0.492902786,1,-2.109727859,1,-17.47329903,1,-0.404795468,1,-4.350531101,1,0.3573603630065918,1,0.067531191,1,-0.623924136,1,0.1047129407525063,1
3.143806219,-0.291273504,1,-3.814727306,1,-18.67554665,1,-0.432336479,1,-4.849037647,1,0.4039121270179749,1,0.065682881,1,-0.642399311,1,0.1050551161170006,1
3.14780426,-0.087337971,1,-5.023421288,1,-17.35800934,1,-0.496114761,1,-5.334537029,1,0.4818064272403717,1,0.063518539,1,-0.662823796,1,0.1056446060538292,1
3.15180397,1.349819540977478,1,-6.875029564,1,-18.08527946,1,-0.628751457,1,-5.875973701,1,0.5558038949966431,1,0.0607551,1,-0.685347319,1,0.1065042763948441,1
3.155805349,0.4425679743289948,1,-6.338904381,1,-19.06084633,1,-0.721369743,1,-6.365820885,1,0.7316206097602844,1,0.057101559,1,-0.709955394,1,0.1079484447836876,1
3.159803152,2.661876916885376,1,-6.45721817,1,-17.44143677,1,-0.837445617,1,-6.832588673,1,0.8657310605049133,1,0.052407499,1,-0.736448646,1,0.1103114560246468,1
3.163802862,3.677427291870117,1,-7.298322678,1,-17.62006569,1,-0.896888137,1,-7.374609947,1,1.087412118911743,1,0.0466084,1,-0.765011787,1,0.113678366,1
3.16780448,3.453941106796265,1,-6.29918623,1,-17.75302315,1,-0.933534503,1,-7.874592781,1,1.418377995491028,1,0.039295033,1,-0.795709968,1,0.1188911721110344,1
3.171802282,4.297776699066162,1,-6.614128113,1,-17.34765244,1,-0.904709041,1,-8.419917107,1,1.681056618690491,1,0.030255798,1,-0.828446388,1,0.1262481808662415,1
3.175801754,5.502607345581055,1,-6.262368679,1,-16.15857124,1,-1.030594468,1,-8.746085167,1,1.957252740859985,1,0.019159146,1,-0.863103747,1,0.1359394490718842,1
3.179803371,3.769527912139893,1,-4.545282841,1,-16.13831329,1,-1.130842686,1,-8.74842453,1,2.110583305358887,1,0.0054686,1,-0.898191631,1,0.1480937153100967,1
3.183801413,-1.042985797,1,-2.44704318,1,-15.39697456,1,-1.236343265,1,-8.752407074,1,2.074927568435669,1,-0.010364634,1,-0.933175325,1,0.1620263010263443,1
3.187800884,-2.03277421,1,-1.066811681,1,-16.47409821,1,-1.237910151,1,-8.751056671,1,2.052492857,1,-0.027939145,1,-0.968016505,1,0.177465558,1
3.191802263,-1.51234889,1,-1.509705663,1,-16.04080582,1,-1.188764572,1,-8.750169754,1,2.048403263092041,1,-0.047010552,1,-1.002687335,1,0.1945703625679016,1
3.195800066,-2.693246841,1,-1.272647619,1,-17.49640656,1,-1.135839701,1,-8.749109268,1,2.081831693649292,1,-0.068412259,1,-1.037150264,1,0.2142375856637955,1
3.199799538,-2.904417276,1,0.5250347852706909,1,-17.28010941,1,-0.951317132,1,-8.745628357,1,2.116371154785156,1,-0.092290573,1,-1.071354151,1,0.2368725687265396,1
3.203801394,-2.615190506,1,0.6367182731628418,1,-16.73601532,1,-0.715735495,1,-8.740376472,1,2.035793781280518,1,-0.118451208,1,-1.105261445,1,0.2626252472400665,1
3.207799196,-9.593730927,1,0.8762788772583008,1,-17.45121002,1,-0.417069077,1,-8.734710693,1,2.002485752105713,1,-0.146895394,1,-1.138840318,1,0.2916674017906189,1
3.211798668,-16.62005806,1,-0.519080341,1,-17.49144936,1,-0.16757524,1,-8.729002953,1,2.010983467102051,1,-0.178883284,1,-1.172003508,1,0.3253686428070068,1
3.215800524,-18.09011841,1,-0.078193657,1,-17.40153885,1,-0.005550374,1,-8.725675583,1,2.008939266204834,1,-0.215862393,1,-1.204661846,1,0.364858091,1
3.219798326,-22.40407181,1,-0.163358554,1,-17.58021355,1,0.1936157047748566,1,-8.7208004,1,1.826452493667603,1,-0.258543521,1,-1.236771703,1,0.4106229543685913,1
3.223803997,-30.89344978,1,1.416944265365601,1,-15.76854229,1,0.5695903301239014,1,-8.711671829,1,1.719689011573792,1,-0.307070673,1,-1.268301725,1,0.4632678627967834,1
3.227805614,-38.96849823,1,0.9029384851455688,1,-15.05598354,1,1.013819098472595,1,-8.62471199,1,1.611914157867432,1,-0.364213675,1,-1.298904657,1,0.5261691808700562,1
3.231803656,-45.61963272,1,-0.396377146,1,-12.31383991,1,1.325582504272461,1,-7.508271694,1,1.419895411,1,-0.42770189,1,-1.326527357,1,0.5967052578926086,1
3.235803366,-43.92402649,1,-5.178285599,1,-8.409892082,1,1.244148015975952,1,-6.300032139,1,1.553710699081421,1,-0.496626854,1,-1.348566651,1,0.6729300022125244,1
3.239804983,-41.81466675,1,-3.169883728,1,-8.936624527,1,0.9340880513191223,1,-5.115853786,1,1.339490056037903,1,-0.568916976,1,-1.365295768,1,0.7513731718063354,1
3.243802547,-33.0289917,1,-1.760466337,1,-5.641997337,1,0.8472352623939514,1,-3.948050261,1,1.370959401130676,1,-0.638183117,1,-1.377191544,1,0.8255919218063354,1
3.247802258,-17.7963829,1,0.6825463771820068,1,-1.156851649,1,0.8419555425643921,1,-2.95387125,1,1.342756390571594,1,-0.701074958,1,-1.38458848,1,0.8930605053901672,1
3.251803875,-4.747877121,1,-5.401500225,1,3.916950225830078,1,0.6820604205131531,1,-2.132849216,1,1.59659481,1,-0.757674038,1,-1.388282061,1,0.9538102149963379,1
3.255801678,4.436472893,1,-15.11959171,1,1.853320002555847,1,0.095287643,1,-1.63462615,1,1.867133736610413,1,-0.81152308,1,-1.388651848,1,1.010248064994812,1
3.259801388,-11.13404942,1,-10.71099567,1,-3.254308701,1,-0.549286842,1,-1.456800222,1,1.919747352600098,1,-0.864315748,1,-1.387185574,1,1.063093185424805,1
3.263803244,-35.84803772,1,-4.847724438,1,-8.07925415,1,-1.226998687,1,-0.88135618,1,1.849705457687378,1,-0.913817346,1,-1.384269357,1,1.109822034835815,1
3.267801046,-37.36232376,1,-5.107911587,1,-13.97839737,1,-1.743375897,1,0.017680453,1,1.769839286804199,1,-0.949567556,1,-1.379476905,1,1.140128851,1
3.271800756,-13.81529522,1,-7.311671257,1,-9.89922905,1,-2.061712265,1,0.431017131,1,1.422091007232666,1,-0.971350908,1,-1.373591542,1,1.154539465904236,1
3.275802374,-2.051609755,1,-3.403610706,1,-5.291767597,1,-2.20064497,1,0.042694166,1,1.180211901664734,1,-0.98956269,1,-1.368661642,1,1.164350867271423,1
3.279800415,0.8349950909614563,1,-1.839570165,1,-2.602102041,1,-2.067978382,1,-0.67959559,1,0.9942483901977539,1,-1.013592005,1,-1.366144419,1,1.178869605064392,1
3.283799887,-1.156822801,1,-2.476624489,1,-3.202609539,1,-1.832344294,1,-1.2063936,1,0.9194574356079102,1,-1.046622515,1,-1.364841223,1,1.204645634,1
3.287801266,-2.408256292,1,-1.942411065,1,-4.221346378,1,-1.562143087,1,-1.634540319,1,0.8072736263275146,1,-1.085248113,1,-1.364563704,1,1.237150430679321,1
3.291799307,-5.757659912,1,-0.561835349,1,-5.923583508,1,-1.180641174,1,-2.025098085,1,0.6751237511634827,1,-1.12850666,1,-1.365194798,1,1.275715827941895,1
3.295799017,-9.698871613,1,-1.358373642,1,-7.320073128,1,-0.748013198,1,-2.305726528,1,0.6140850782394409,1,-1.175546169,1,-1.366405249,1,1.319816708564758,1
3.299800873,-12.83936024,1,-2.97631669,1,-8.556296349,1,-0.38101089,1,-2.44467783,1,0.6434807777404785,1,-1.225138068,1,-1.367520571,1,1.368183732032776,1
3.303798437,-13.92854977,1,-3.904716969,1,-9.240353584,1,-0.140648007,1,-2.507521391,1,0.7163783311843872,1,-1.27601397,1,-1.368056893,1,1.419103384017944,1
3.307797909,-13.53864861,1,-4.443818569,1,-9.895689011,1,-0.00272803,1,-2.547416925,1,0.7948856353759766,1,-1.327559114,1,-1.367828846,1,1.471471309661865,1
3.311799765,-12.57593632,1,-4.895684719,1,-10.45505047,1,0.031781577,1,-2.602239132,1,0.8757256865501404,1,-1.379685163,1,-1.366784692,1,1.524778723716736,1
3.315797567,-12.12928486,1,-5.532064915,1,-11.19455719,1,0.017838495,1,-2.679492474,1,0.9886269569396973,1,-1.432619333,1,-1.364829302,1,1.578958154,1
3.319797039,-12.33066273,1,-6.53362608,1,-11.79187393,1,-0.053383417,1,-2.757380962,1,1.139860153198242,1,-1.486286402,1,-1.361817598,1,1.633731484413147,1
3.323798895,-12.89580154,1,-7.52466917,1,-12.9049263,1,-0.170722321,1,-2.847657681,1,1.332636833190918,1,-1.540311575,1,-1.357522488,1,1.688537717,1
3.327796459,-13.78983021,1,-8.685709,1,-13.95321751,1,-0.378540933,1,-2.915508509,1,1.563724040985107,1,-1.593984723,1,-1.351786137,1,1.742388486862183,1
3.331796169,-14.23005486,1,-9.874941826,1,-14.73119354,1,-0.676509798,1,-2.993979216,1,1.826230049133301,1,-1.646725178,1,-1.34443593,1,1.794331312179565,1
3.335797787,-14.36223888,1,-10.50795269,1,-15.28544044,1,-1.031230092,1,-3.095855236,1,2.113800764083862,1,-1.698266029,1,-1.335353613,1,1.843776584,1
3.339795351,-14.78511429,1,-10.80099583,1,-16.17448235,1,-1.447279453,1,-3.189660788,1,2.408236980438232,1,-1.748192549,1,-1.324506283,1,1.890083789825439,1
3.34380126,-14.9518919,1,-10.6465435,1,-16.71147728,1,-1.871906877,1,-3.272053242,1,2.686536550521851,1,-1.796012044,1,-1.311933875,1,1.932623744010925,1
3.347803116,-14.86724949,1,-10.17559147,1,-17.37323761,1,-2.263323307,1,-3.341965437,1,2.953923225402832,1,-1.84121263,1,-1.2977494,1,1.970874786376953,1
3.351800919,-15.00479984,1,-9.450660706,1,-18.01161957,1,-2.572033167,1,-3.376728773,1,3.204989910125732,1,-1.883270979,1,-1.282079697,1,2.004555225372314,1
3.355800629,-15.50919724,1,-7.702812195,1,-19.22951317,1,-2.765315056,1,-3.395661116,1,3.391175270080566,1,-1.921733141,1,-1.26518023,1,2.033584117889404,1
3.359802485,-16.71637344,1,-6.05931282,1,-19.98913574,1,-2.831432343,1,-3.37094903,1,3.579227685928345,1,-1.956342459,1,-1.247292042,1,2.058172225952148,1
3.363800287,-18.34149742,1,-3.859232664,1,-21.36946869,1,-2.72509408,1,-3.297640085,1,3.689792871,1,-1.986767173,1,-1.22866714,1,2.078595399856567,1
3.367799997,-19.3700428,1,-2.288212061,1,-21.98790932,1,-2.498678446,1,-3.137887478,1,3.748082160949707,1,-2.012317657,1,-1.209754825,1,2.094642162322998,1
3.371801615,-20.05598259,1,-1.138189673,1,-22.74144936,1,-2.164717197,1,-2.962540627,1,3.798995733261108,1,-2.032968521,1,-1.19083333,1,2.106766700744629,1
3.375799656,-20.04740906,1,-0.600252986,1,-23.35230064,1,-1.758234382,1,-2.751663208,1,3.812000751495361,1,-2.048875332,1,-1.172076464,1,2.115453720092773,1
3.379799128,-19.87810707,1,-1.626624227,1,-24.10740662,1,-1.312465191,1,-2.549446344,1,3.847302436828613,1,-2.060242176,1,-1.153576136,1,2.121145009994507,1
3.383800745,-19.90874863,1,-2.960416794,1,-25.11437225,1,-0.940988719,1,-2.354519129,1,3.867328405380249,1,-2.06765151,1,-1.135338783,1,2.124361991882324,1
3.387799025,-19.5993557,1,-3.942884684,1,-26.37256432,1,-0.651777565,1,-2.157520294,1,3.826996088027954,1,-2.071973562,1,-1.117500305,1,2.125654697418213,1
3.391798496,-18.78672791,1,-5.011229992,1,-27.17915916,1,-0.474086046,1,-1.990306735,1,3.760803699493408,1,-2.07413578,1,-1.100201368,1,2.125584125518799,1
3.395800352,-18.38795853,1,-6.902912617,1,-27.36387825,1,-0.402461857,1,-1.833765745,1,3.682439327,1,-2.074938536,1,-1.083463788,1,2.124552726745605,1
3.399798155,-17.54446411,1,-9.586685181,1,-27.02167892,1,-0.465663761,1,-1.638574004,1,3.585440874099731,1,-2.074909687,1,-1.067376137,1,2.122589349746704,1
3.403797865,-16.24911308,1,-12.8277874,1,-26.16170311,1,-0.709392369,1,-1.430254936,1,3.480765342712402,1,-2.074640512,1,-1.052020669,1,2.119640111923218,1
3.407799482,-14.90931797,1,-15.79198933,1,-24.7798481,1,-1.1398592,1,-1.219423056,1,3.348399162,1,-2.074938536,1,-1.037499428,1,2.115759611129761,1
3.411797285,-13.97988319,1,-18.39782143,1,-23.05332756,1,-1.772102833,1,-0.993135989,1,3.199295043945313,1,-2.076602221,1,-1.02388978,1,2.110956430435181,1
3.415796757,-12.96715641,1,-19.39603233,1,-21.57420731,1,-2.541870356,1,-0.785686672,1,3.015759706497192,1,-2.080450773,1,-1.011296272,1,2.105360507965088,1
3.419798613,-11.93293953,1,-18.49029732,1,-19.88507271,1,-3.320328712,1,-0.595083237,1,2.805148124694824,1,-2.087000847,1,-0.999795258,1,2.099207162857056,1
3.423796177,-10.41242027,1,-16.12008858,1,-18.93660736,1,-3.930161953,1,-0.410853654,1,2.573040008544922,1,-2.095987082,1,-0.989466488,1,2.092567920684814,1
3.427795887,-8.130049706,1,-12.44603539,1,-18.67328453,1,-4.320825577,1,-0.245406643,1,2.300136566162109,1,-2.106825113,1,-0.980393767,1,2.085685014724731,1
3.431797504,-6.101485729,1,-8.888210297,1,-17.69353294,1,-4.457917213,1,-0.098998047,1,1.995784044265747,1,-2.118786097,1,-0.972650707,1,2.078853130340576,1
3.435795307,-3.604635715,1,-5.430096626,1,-17.30390739,1,-4.365996361,1,0.033741355,1,1.651793241500854,1,-2.130987644,1,-0.966410816,1,2.072188138961792,1
3.439795017,-2.215571165,1,-3.487926245,1,-16.74880981,1,-4.119728565,1,0.092137948,1,1.341924191,1,-2.143129587,1,-0.961473644,1,2.066269636154175,1
3.443796396,0.5051358938217163,1,-1.607637048,1,-16.0494709,1,-3.706193686,1,0.1885429322719574,1,1.019999265670776,1,-2.15443635,1,-0.957827687,1,2.060927152633667,1
3.447794199,2.260268211364746,1,-0.009534376,1,-15.41296387,1,-3.17320323,1,0.2764044106006622,1,0.6895698308944702,1,-2.164446354,1,-0.955504715,1,2.056303024291992,1
3.451793909,2.722532749176025,1,1.284819245,1,-14.8208952,1,-2.531048775,1,0.4134268164634705,1,0.3601148128509521,1,-2.1726017,1,-0.954532981,1,2.052296876907349,1
3.455795765,2.387037754058838,1,2.070053815841675,1,-14.20262527,1,-1.832661986,1,0.6310219764709473,1,0.036290541,1,-2.178296089,1,-0.955051422,1,2.048578262329102,1
3.459793568,1.927726149559021,1,1.968383431434631,1,-13.6317873,1,-1.131968737,1,0.9321998357772827,1,-0.288749635,1,-2.181022882,1,-0.957245111,1,2.044669867,1
3.463799238,1.885157942771912,1,1.430017113685608,1,-12.7271986,1,-0.495644242,1,1.317864298820496,1,-0.591267347,1,-2.180473566,1,-0.961263776,1,2.040046215057373,1
3.467801094,2.453585147857666,1,0.3409564197063446,1,-11.56405067,1,0.053056128,1,1.757165193557739,1,-0.8696661,1,-2.176490068,1,-0.96717608,1,2.034152507781982,1
3.471799135,3.185598373413086,1,-0.820231318,1,-10.33641052,1,0.4857812225818634,1,2.242693662643433,1,-1.113770723,1,-2.169046164,1,-0.974988282,1,2.026465416,1
3.475798845,3.873603582382202,1,-1.639193535,1,-9.117976189,1,0.8245393633842468,1,2.757101297,1,-1.343809605,1,-2.158139229,1,-0.984655499,1,2.016515731811523,1
3.479800463,4.460914611816406,1,-1.981376052,1,-7.837957382,1,1.071882367134094,1,3.267018795013428,1,-1.564144373,1,-2.143817425,1,-0.996127725,1,2.003946066,1
3.483798742,4.883414745330811,1,-1.863282442,1,-6.837942123,1,1.242289423942566,1,3.771246194839478,1,-1.761623621,1,-2.126112223,1,-1.009276628,1,1.988460063934326,1
3.487798214,5.234042644500732,1,-1.136545539,1,-6.127740383,1,1.366086483001709,1,4.248789787,1,-1.946698666,1,-2.104918242,1,-1.023939133,1,1.969682693481445,1
3.49180007,5.893609046936035,1,-0.031028628,1,-5.410988808,1,1.472221255302429,1,4.687935352325439,1,-2.124031544,1,-2.080088615,1,-1.039910316,1,1.947353125,1
3.495797873,6.621214866638184,1,0.9055397510528564,1,-4.850823879,1,1.595587015151978,1,5.046744823455811,1,-2.265385866,1,-2.051435709,1,-1.05689919,1,1.921368837356567,1
3.499798298,6.989245414733887,1,1.728284836,1,-4.452062607,1,1.740950107574463,1,5.359253883361816,1,-2.374271154,1,-2.018607616,1,-1.074526906,1,1.891479730606079,1
3.503800154,7.042213916778564,1,2.200297832489014,1,-4.252651691,1,1.895580530166626,1,5.629920959472656,1,-2.441117048,1,-1.981154084,1,-1.092437148,1,1.857320189476013,1
3.507797718,6.476328372955322,1,2.688535213470459,1,-4.296031952,1,2.059328794,1,5.895643234,1,-2.470595121,1,-1.938537002,1,-1.110284209,1,1.818404912948608,1
3.51179719,5.342498302459717,1,3.001166105270386,1,-4.230783939,1,2.225753784179688,1,6.159905433654785,1,-2.476319075,1,-1.890050292,1,-1.127723336,1,1.774053097,1
3.515799046,3.966539859771729,1,3.437137126922607,1,-4.534809589,1,2.381416082382202,1,6.448184967041016,1,-2.470909834,1,-1.834964871,1,-1.144469261,1,1.723475217819214,1
3.519797087,2.196642637252808,1,3.718634843826294,1,-4.82866621,1,2.533415555953979,1,6.773262977600098,1,-2.480449915,1,-1.77246213,1,-1.160207272,1,1.665837765,1
3.523796797,0.5128722786903381,1,3.665858984,1,-5.087947369,1,2.656299352645874,1,7.102571487426758,1,-2.495166779,1,-1.701799631,1,-1.174624681,1,1.600314617156982,1
3.527798414,-0.689310074,1,3.089841365814209,1,-5.198951721,1,2.740632057189941,1,7.427701950073242,1,-2.533227444,1,-1.622765183,1,-1.187300324,1,1.526563644,1
3.531796455,-1.231758475,1,2.018270015716553,1,-5.346309185,1,2.740847110748291,1,7.713779926300049,1,-2.576197147,1,-1.535530806,1,-1.197763443,1,1.444563031196594,1
3.535796165,-1.386993408,1,1.254515051841736,1,-5.517129898,1,2.657844305038452,1,7.933870315551758,1,-2.636722088,1,-1.441812873,1,-1.20559001,1,1.355695486068726,1
3.539797783,-1.297896504,1,0.7750308513641357,1,-5.727057457,1,2.527628183364868,1,8.100047112,1,-2.708310843,1,-1.343205214,1,-1.210414767,1,1.261344671,1
3.543795347,-1.257090211,1,0.6769993305206299,1,-6.074233055,1,2.385635137557983,1,8.218517303466797,1,-2.764755249,1,-1.241857409,1,-1.211982965,1,1.163571715354919,1
3.547795296,-1.248223186,1,0.9234460592269897,1,-6.477415085,1,2.265471458435059,1,8.285695076,1,-2.829371452,1,-1.139939427,1,-1.21012187,1,1.064620614051819,1
3.551796913,-1.208759308,1,1.673295855522156,1,-7.043076038,1,2.190974712371826,1,8.316529273986816,1,-2.879347086,1,-1.039668083,1,-1.20486021,1,0.9668700098991394,1
3.555794954,-1.320227504,1,2.732840776443481,1,-7.612098217,1,2.181314706802368,1,8.317096710205078,1,-2.924188137,1,-0.942800283,1,-1.196349859,1,0.8723273277282715,1
3.559794903,-2.06276083,1,3.770309925079346,1,-7.915037155,1,2.279463768005371,1,8.338484764099121,1,-2.974964142,1,-0.850372314,1,-1.184758544,1,0.7823785543441772,1
3.56379652,-2.878584146,1,4.436087608337402,1,-8.292708397,1,2.448680162,1,8.354241371154785,1,-3.019575596,1,-0.76278764,1,-1.170298219,1,0.6977871656417847,1
3.567794323,-3.339917898,1,4.184042930603027,1,-8.538345337,1,2.634366273880005,1,8.369669914245605,1,-3.039920568,1,-0.680618763,1,-1.153181076,1,0.6193301677703857,1
3.571794033,-3.619760036,1,3.498004198074341,1,-8.569766045,1,2.795951605,1,8.391189575195313,1,-3.046692371,1,-0.604230881,1,-1.133615971,1,0.5473396182060242,1
3.575795412,-3.598064661,1,2.918173789978027,1,-8.766513824,1,2.924736976623535,1,8.400574684143066,1,-3.049321175,1,-0.533728898,1,-1.111884356,1,0.4818354845046997,1
3.579793453,-3.820836782,1,2.230418920516968,1,-8.833489418,1,3.008234977722168,1,8.403809547424316,1,-3.043199301,1,-0.469107896,1,-1.088268161,1,0.4226582944393158,1
3.583799124,-4.14080286,1,1.660593509674072,1,-9.042338371,1,3.067936897277832,1,8.429490089416504,1,-3.008545876,1,-0.410138577,1,-1.062957525,1,0.369469017,1
3.58780098,-4.517878532,1,1.388531804084778,1,-9.306705475,1,3.109190225601196,1,8.455030441,1,-2.967027664,1,-0.356471241,1,-1.036097407,1,0.3218368291854858,1
3.591799259,-4.905358315,1,1.343944430351257,1,-9.386615753,1,3.136004209518433,1,8.489394187927246,1,-2.917931318,1,-0.307690144,1,-1.007882714,1,0.2793099582195282,1
3.595798731,-5.306585789,1,1.518342852592468,1,-9.65577507,1,3.171106100082397,1,8.529994964599609,1,-2.857611179,1,-0.263358563,1,-0.978485584,1,0.2414412200450897,1
3.599800587,-5.63844347,1,1.916163802146912,1,-9.868800163,1,3.238051891326904,1,8.556329727172852,1,-2.776610851,1,-0.222981632,1,-0.94803077,1,0.2078699320554733,1
3.603798389,-5.926805496,1,2.853578567504883,1,-9.912398338,1,3.348207235336304,1,8.602767944335938,1,-2.683625221,1,-0.186015889,1,-0.91663003,1,0.1782351583242416,1
3.607797861,-6.00370121,1,3.877044200897217,1,-9.553007126,1,3.503739356994629,1,8.653680801391602,1,-2.571256876,1,-0.151903078,1,-0.884385884,1,0.1521882265806198,1
3.611799479,-6.024332523,1,4.458174228668213,1,-9.028813362,1,3.715542078018188,1,8.709123611450195,1,-2.428804398,1,-0.120207667,1,-0.851341903,1,0.1295587420463562,1
3.615797281,-5.78730154,1,4.720736980438232,1,-8.992526054,1,3.981546878814697,1,8.760570526123047,1,-2.229058981,1,-0.09053082,1,-0.817588449,1,0.1102705225348473,1
3.619796991,-6.000178814,1,4.720183849334717,1,-9.003893852,1,4.298988342285156,1,8.792151451,1,-1.978221416,1,-0.062554911,1,-0.783234894,1,0.094357356,1
3.623798847,-7.022550106,1,4.378498554229736,1,-8.876166344,1,4.616174221038818,1,8.808096885681152,1,-1.711788058,1,-0.035958882,1,-0.748433232,1,0.081718482,1
3.627796412,-8.059501648,1,3.105416774749756,1,-8.805458069,1,4.873023986816406,1,8.811339378356934,1,-1.445184469,1,-0.010548776,1,-0.713351548,1,0.072136559,1
3.631796122,-8.985630035,1,0.8650684952735901,1,-8.845118523,1,5.014433860778809,1,8.813533782958984,1,-1.203484058,1,0.013650784,1,-0.678094804,1,0.065306842,1
3.635797739,-10.13264656,1,-1.741959691,1,-9.008439064,1,5.009421348571777,1,8.812414169311523,1,-1.005289197,1,0.036473617,1,-0.642744958,1,0.060860973,1
3.639795542,-11.28439903,1,-3.851193666,1,-9.336933136,1,4.821115970611572,1,8.807617188,1,-0.896841943,1,0.057709232,1,-0.607368708,1,0.058249768,1
3.643795252,-12.4713335,1,-5.323987007,1,-9.996907234,1,4.475303173065186,1,8.801218032836914,1,-0.880550623,1,0.077110499,1,-0.571995139,1,0.056874283,1
3.647796631,-13.64715958,1,-5.252274513,1,-10.880826,1,4.055003643035889,1,8.791640281677246,1,-0.950114071,1,0.094542071,1,-0.536628485,1,0.056163862,1
3.651794672,-14.21781826,1,-3.817585468,1,-11.6863575,1,3.703943490982056,1,8.785531997680664,1,-1.086457849,1,0.110287145,1,-0.501244962,1,0.055654574,1
3.655794144,-14.63371754,1,-1.579337716,1,-12.64577675,1,3.498847484588623,1,8.750919342041016,1,-1.265949368,1,0.124933273,1,-0.465832293,1,0.055036485,1
3.659795761,-15.82460976,1,0.8556198477745056,1,-13.40746593,1,3.494609594345093,1,8.617551803588867,1,-1.47491014,1,0.1392818689346313,1,-0.430689842,1,0.054094184,1
3.663793564,-17.38409042,1,2.472943782806396,1,-13.86840153,1,3.657928466796875,1,8.525423049926758,1,-1.710625768,1,0.1541116237640381,1,-0.395848125,1,0.052681923,1
3.667793036,-19.5853157,1,2.874279975891113,1,-14.11382103,1,3.926025152206421,1,8.442354202270508,1,-1.954903841,1,0.1699727028608322,1,-0.361181915,1,0.050790228,1
3.671794653,-22.35056114,1,1.863920450210571,1,-14.16239548,1,4.157190322875977,1,8.386426926,1,-2.239652157,1,0.1869740635156631,1,-0.326571047,1,0.04837675,1
3.675792694,-24.68297577,1,-0.286613762,1,-14.06299496,1,4.241542816162109,1,8.312888145446777,1,-2.535944939,1,0.2047184258699417,1,-0.291941315,1,0.045374762,1
3.679792166,-26.61666489,1,-2.427992344,1,-14.30263424,1,4.143492221832275,1,8.182702065,1,-2.825459242,1,0.2225100845098495,1,-0.257411659,1,0.041752435,1
3.683794022,-28.4916153,1,-3.630771637,1,-14.64012241,1,3.933040618896484,1,7.960969924926758,1,-3.113101721,1,0.2396980822086334,1,-0.223249584,1,0.037465569,1
3.687791824,-30.88001442,1,-3.754783392,1,-15.16784096,1,3.670182943344116,1,7.666345119476318,1,-3.368770361,1,0.2559284865856171,1,-0.189751789,1,0.032455772,1
3.691791296,-33.71409607,1,-2.475437641,1,-15.21299267,1,3.439421892166138,1,7.292964935302734,1,-3.604908943,1,0.2711269557476044,1,-0.157211378,1,0.026698915,1
3.695793152,-36.76257324,1,0.126486525,1,-14.81982899,1,3.304238319396973,1,6.826976776123047,1,-3.795308828,1,0.2855013012886047,1,-0.125967532,1,0.020151893,1
3.699791193,-39.49580765,1,1.982612729072571,1,-13.55410862,1,3.314389944076538,1,6.29450798,1,-3.894855976,1,0.299498439,1,-0.096374214,1,0.012934913,1
3.703796625,-41.32222748,1,3.131925344467163,1,-11.66694736,1,3.411635160446167,1,5.641825675964355,1,-3.894768953,1,0.3135725259780884,1,-0.068873063,1,0.005250388,1
3.707798719,-42.83256149,1,3.957844972610474,1,-9.115445137,1,3.516828060150146,1,4.866446495056152,1,-3.800187826,1,0.3278831243515015,1,-0.044026844,1,-0.002740395,1
3.711796761,-45.37904358,1,4.777523517608643,1,-6.827078819,1,3.612012147903442,1,3.987916231155396,1,-3.641526461,1,0.3424206972122192,1,-0.022401845,1,-0.011006905,1
3.715796471,-48.99527359,1,4.625174999237061,1,-5.078194141,1,3.646063089370728,1,3.122807741165161,1,-3.426359653,1,0.3570793271064758,1,-0.0042089,1,-0.019441262,1
3.719798326,-53.04649353,1,5.108014583587646,1,-4.770716667,1,3.584013223648071,1,2.286747455596924,1,-3.180662632,1,0.3715275526046753,1,0.01060435,1,-0.027940387,1
3.723795891,-58.45066071,1,6.620780944824219,1,-4.393363953,1,3.474442720413208,1,1.557267069816589,1,-2.957098007,1,0.3855005204677582,1,0.022239204,1,-0.036518473,1
3.727795601,-63.6716156,1,6.979866981506348,1,-3.572375536,1,3.311686992645264,1,1.057426452636719,1,-2.694910526,1,0.3988660573959351,1,0.031340599,1,-0.045002289,1
3.731797457,-65.58234406,1,7.094499111175537,1,-2.305399895,1,3.006646871566772,1,0.7320222854614258,1,-2.403310299,1,0.4112811684608459,1,0.038607746,1,-0.052983869,1
3.735795259,-64.86819458,1,7.366395950317383,1,0.000458637,1,2.560885429382324,1,0.5291699171066284,1,-2.075599432,1,0.4221376180648804,1,0.044528417,1,-0.06018433,1
3.73979497,-62.33934021,1,8.835734367370605,1,2.79562521,1,2.050970792770386,1,0.3713630437850952,1,-1.711714506,1,0.4310713708400726,1,0.049322743,1,-0.066360027,1
3.743796587,-58.00803757,1,10.65867042541504,1,5.935875415802002,1,1.534688234329224,1,0.1739620119333267,1,-1.248062968,1,0.437991202,1,0.05282243,1,-0.071299717,1
3.74779439,-52.88059998,1,11.69641017913818,1,8.589355469,1,1.068988561630249,1,-0.089114763,1,-0.650032938,1,0.443009079,1,0.054633848,1,-0.074692152,1
3.751793861,-48.18901062,1,12.59926414489746,1,10.52115535736084,1,0.662725568,1,-0.424746633,1,0.051202893,1,0.4463606774806976,1,0.054234605,1,-0.076222479,1
3.755795479,-43.76993561,1,13.46204662322998,1,11.41600799560547,1,0.3984589278697968,1,-0.814897358,1,0.798792303,1,0.4484676122665405,1,0.051287133,1,-0.075766444,1
3.75979352,-40.47673416,1,13.69668292999268,1,11.48058986663818,1,0.2809528708457947,1,-1.202257395,1,1.560285449028015,1,0.4499143660068512,1,0.045595985,1,-0.073248491,1
3.763792992,-35.1437149,1,8.569365501403809,1,4.995077133178711,1,0.068932511,1,-1.599107504,1,2.330194234848022,1,0.4509667754173279,1,0.037236996,1,-0.06869708,1
3.767794371,-7.388984203,1,-10.07050991,1,2.211564540863037,1,-3.074442625,1,-3.015861034,1,2.724366903305054,1,0.4459240138530731,1,0.024644826,1,-0.062979259,1
3.771792412,-69.32698822,1,-11.70626354,1,27.74792289733887,1,-6.228076935,1,-4.628624439,1,3.071101665496826,1,0.4272719025611877,1,0.005851593,1,-0.05951459,1
3.775791883,-41.72464752,1,-12.02144051,1,26.82917404174805,1,-8.205482483,1,-5.588870525,1,3.402742147445679,1,0.3976401090621948,1,-0.017775891,1,-0.055520818,1
3.779793739,-17.49604988,1,27.33037185668945,1,7.360791683197021,1,-8.000143051,1,-6.830143929,1,3.444916725158691,1,0.3647491931915283,1,-0.04591684,1,-0.052775797,1
3.783791542,-38.45359039,1,32.15217590332031,1,-16.08617592,1,-6.423771858,1,-7.823004723,1,2.494747877120972,1,0.3360593318939209,1,-0.077840582,1,-0.051405832,1
3.787791014,-44.84510422,1,36.31170654296875,1,-51.55220413,1,-3.634116411,1,-7.183939457,1,1.834980368614197,1,0.3155482113361359,1,-0.109536737,1,-0.053342652,1
3.79179287,-36.06876373,1,9.865232467651367,1,-62.73162079,1,-3.040128231,1,-6.776744843,1,0.8740897178649902,1,0.3026676177978516,1,-0.137270689,1,-0.05673223,1
3.795790911,-38.85068512,1,-0.161843672,1,-63.58756638,1,-2.846014977,1,-6.501242161,1,1.162475824356079,1,0.291652113,1,-0.163796619,1,-0.060762245,1
3.799790382,-40.29714584,1,6.311956882476807,1,-58.12392426,1,-2.684201241,1,-6.196893215,1,2.257480382919312,1,0.2804825901985168,1,-0.190133229,1,-0.061707787,1
3.803792238,-34.75890732,1,17.64064788818359,1,-43.61188507,1,-2.535919666,1,-5.850646496,1,3.418249130249023,1,0.26895234,1,-0.216328576,1,-0.057055496,1
3.807789803,-19.59930038,1,13.80726146697998,1,-27.30008698,1,-2.047938347,1,-5.283876419,1,4.134977340698242,1,0.257629782,1,-0.241818383,1,-0.047884766,1
3.811789513,3.709627151489258,1,8.470470428466797,1,-10.74120331,1,-1.835325241,1,-5.500319958,1,4.399317741394043,1,0.2469863593578339,1,-0.26681748,1,-0.036174264,1
3.815791368,7.519782543182373,1,-0.831508636,1,1.164258480072021,1,-1.873485327,1,-5.733613014,1,4.533952236175537,1,0.2362388521432877,1,-0.293000996,1,-0.023784354,1
3.819789171,-0.222183004,1,-10.28870773,1,5.475107669830322,1,-2.079196692,1,-5.739258766,1,4.453490734100342,1,0.2245063334703445,1,-0.319484323,1,-0.010870472,1
3.823794603,-14.77245522,1,-18.97064972,1,5.563814640045166,1,-2.821189165,1,-5.238640785,1,4.252271652,1,0.2106376439332962,1,-0.344889879,1,0.002125826,1
3.827796459,-36.12913513,1,-22.78196907,1,2.613775014877319,1,-3.634500265,1,-4.503133774,1,3.642764806747437,1,0.1932889968156815,1,-0.367220968,1,0.014553135,1
3.831794262,-61.4093132,1,-14.34352398,1,-18.24072266,1,-4.121739864,1,-2.550519943,1,2.711644411087036,1,0.1738618910312653,1,-0.383811355,1,0.025124265,1
3.835793734,-57.22176361,1,15.87804889678955,1,-19.09992218,1,-3.405092955,1,-0.526892006,1,2.297968149185181,1,0.154891625,1,-0.390921831,1,0.034372028,1
3.839795351,-4.783054829,1,25.53651237487793,1,-14.92709446,1,-2.467260122,1,-0.544399261,1,2.264801025390625,1,0.1396368891000748,1,-0.39434886,1,0.044012394,1
3.843793392,-0.602879703,1,18.59387779,1,-20.45715332,1,-2.216156006,1,-0.156835526,1,2.099461793899536,1,0.1267468184232712,1,-0.396889627,1,0.05304189,1
3.847792864,-7.220460892,1,4.604861259460449,1,-13.7321434,1,-1.657704473,1,-0.325409949,1,2.004148960113525,1,0.1155620366334915,1,-0.398584962,1,0.061991919,1
3.851794481,-11.3588953,1,-5.855091095,1,-12.38912106,1,-1.464546561,1,-0.66075325,1,1.359802127,1,0.1067853644490242,1,-0.401323855,1,0.068978898,1
3.855792284,-12.28000164,1,3.782161235809326,1,-12.07057858,1,-1.267014503,1,-0.760294259,1,1.184163093566895,1,0.099265367,1,-0.404806972,1,0.073952705,1
3.859792233,-2.466356993,1,7.532148361206055,1,-12.47688484,1,-0.972613811,1,-0.698144674,1,1.211570501327515,1,0.092769906,1,-0.408120513,1,0.078910038,1
3.863793612,-5.464771748,1,1.895424246788025,1,-12.61181927,1,-0.75226146,1,-0.598857462,1,1.021021604537964,1,0.087536447,1,-0.411126763,1,0.083525948,1
3.867791653,-8.47535038,1,3.226139545440674,1,-11.75884056,1,-0.552117527,1,-0.666606247,1,0.9051128625869751,1,0.08334972,1,-0.413943887,1,0.087427013,1
3.871791124,-7.838017941,1,2.840702056884766,1,-10.56711483,1,-0.307628572,1,-0.758382738,1,0.7912236452102661,1,0.080275573,1,-0.417061538,1,0.090899952,1
3.87579298,-8.549828529,1,1.960429310798645,1,-10.53605556,1,-0.168178603,1,-0.836063445,1,0.6779440641403198,1,0.078163758,1,-0.420551121,1,0.093832366,1
3.879790783,-7.084747314,1,2.843492746353149,1,-9.768809319,1,-0.070098653,1,-0.835583866,1,0.6289845705032349,1,0.076579928,1,-0.424067467,1,0.096379615,1
3.883790255,-6.189203262,1,0.8402385711669922,1,-10.59337425,1,0.057964809,1,-0.835229993,1,0.6236612796783447,1,0.075568378,1,-0.427574545,1,0.098831564,1
3.887792349,-4.472997189,1,-3.837416172,1,-11.1315937,1,0.071518116,1,-0.912959099,1,0.6531862616539001,1,0.074825503,1,-0.431252182,1,0.1013386845588684,1
3.89179039,-5.022675514,1,-4.102166653,1,-11.70161343,1,0.008336653,1,-1.026408911,1,0.741960883,1,0.073834635,1,-0.435318232,1,0.104081854,1
3.895789862,-6.657333374,1,-4.016796112,1,-10.78255653,1,-0.021669108,1,-1.111792445,1,0.8042963743209839,1,0.072481304,1,-0.439810634,1,0.1071385219693184,1
3.899791718,-5.927762985,1,-2.74466157,1,-10.91320801,1,-0.087396026,1,-1.20531714,1,0.857636571,1,0.070856623,1,-0.444667876,1,0.110457718,1
3.90378952,-4.90123415,1,0.393343061,1,-11.78792667,1,-0.106305242,1,-1.337267041,1,0.8334245681762695,1,0.069024362,1,-0.449961782,1,0.113828033,1
3.90778923,-5.734483242,1,2.979082584381104,1,-12.11665916,1,-0.111027792,1,-1.48087275,1,0.708342433,1,0.067245647,1,-0.455792844,1,0.1168231293559074,1
3.911790848,-6.783722401,1,2.558012486,1,-12.1251421,1,-0.021000085,1,-1.613276005,1,0.616441011,1,0.065874524,1,-0.462151498,1,0.1192867904901505,1
3.915788651,-6.355079651,1,-2.51549983,1,-12.79384708,1,-0.154961035,1,-1.835851431,1,0.5672686696052551,1,0.064703889,1,-0.469179302,1,0.1214193999767303,1
3.919788361,-5.024633884,1,-1.152176738,1,-13.18017578,1,-0.317237973,1,-2.049385548,1,0.5463643074035645,1,0.062764429,1,-0.477092028,1,0.1233438029885292,1
3.92378974,-3.617726326,1,-0.365419209,1,-15.61636066,1,-0.121400699,1,-2.318609238,1,0.5725994110107422,1,0.0609974,1,-0.485899627,1,0.1252509355545044,1
3.927787542,-0.960894465,1,-3.525199652,1,-16.87004089,1,-0.345577836,1,-2.738215446,1,0.5671103596687317,1,0.059210293,1,-0.496083856,1,0.1272007077932358,1
3.931787014,-2.729926109,1,1.340659141540527,1,-19.48834229,1,-0.38922897,1,-3.177088976,1,0.5325409173965454,1,0.056871496,1,-0.508024633,1,0.1288930922746658,1
3.93578887,-0.697376966,1,1.673525452613831,1,-20.53443527,1,-0.329280496,1,-3.741392612,1,0.5196124315261841,1,0.054655328,1,-0.521951377,1,0.1304354518651962,1
3.939786673,-2.132451057,1,-1.420117617,1,-20.70096588,1,-0.387519956,1,-4.327288628,1,0.3983451128005981,1,0.052693859,1,-0.538141906,1,0.131559893,1
3.943792343,-2.683299065,1,-1.461512685,1,-21.59137154,1,-0.437128842,1,-4.869512558,1,0.3621741235256195,1,0.050773617,1,-0.55667299,1,0.1322163492441177,1
3.947794199,2.715728044509888,1,-4.24349308,1,-23.87092018,1,-0.60369122,1,-5.626737118,1,0.4193878471851349,1,0.048388235,1,-0.577727079,1,0.1328298896551132,1
3.95179224,3.193510770797729,1,-2.882241249,1,-22.38857651,1,-0.648212075,1,-6.298779488,1,0.4716182947158813,1,0.045398649,1,-0.601615071,1,0.1336212456226349,1
3.955791712,5.338800907,1,-4.277635098,1,-24.17095566,1,-0.583810985,1,-7.072944641,1,0.5758758187294006,1,0.042293619,1,-0.628395677,1,0.1347486525774002,1
3.959793091,4.912584305,1,-6.336982727,1,-22.48076439,1,-0.612257123,1,-7.843782425,1,0.762354851,1,0.038878988,1,-0.658332109,1,0.1365609169006348,1
3.963791132,7.301580905914307,1,-9.970255852,1,-22.04081535,1,-0.764110267,1,-8.64325428,1,1.006840705871582,1,0.034331404,1,-0.691451371,1,0.139507458,1
3.967790604,8.630870819091797,1,-10.59666348,1,-22.16504669,1,-0.925854385,1,-8.74109745,1,1.359572410583496,1,0.027809406,1,-0.726441741,1,0.1442676782608032,1
3.971792459,9.782917022705078,1,-8.708469391,1,-21.38002396,1,-1.06367588,1,-8.745260239,1,1.774801135063171,1,0.018798266,1,-0.761553049,1,0.1517182886600494,1
3.975790262,10.03087615966797,1,-6.835269451,1,-20.17757225,1,-1.199054122,1,-8.750635147,1,2.029815912246704,1,0.007160455,1,-0.79664278,1,0.1618235111236572,1
3.979789734,5.756523132324219,1,-5.412216663,1,-20.13974762,1,-1.288481832,1,-8.752615929,1,2.168330192565918,1,-0.00675748,1,-0.831651032,1,0.1741073280572891,1
3.98379159,0.5261942744255066,1,-4.521441936,1,-20.67745781,1,-1.449336767,1,-8.756035805,1,2.184812307357788,1,-0.022767531,1,-0.866535425,1,0.1881257742643356,1
3.987789631,-0.536727667,1,-3.557766438,1,-19.38080025,1,-1.523959994,1,-8.757713318,1,2.211500883102417,1,-0.040839266,1,-0.901266932,1,0.2037400007247925,1
3.991789103,2.040680646896362,1,-3.032749414,1,-14.14398956,1,-1.599424005,1,-8.761385918,1,2.366413116455078,1,-0.061071884,1,-0.935799003,1,0.2214566618204117,1
3.995790482,-0.1662402,1,0.2828191518783569,1,-16.13882637,1,-1.782461405,1,-8.766368866,1,2.728563785552979,1,-0.086020403,1,-0.970006406,1,0.2436239570379257,1
3.999788284,-10.80852985,1,7.218810558319092,1,-18.58268738,1,-1.533294439,1,-8.760860443,1,2.589629173278809,1,-0.114372656,1,-1.003810406,1,0.2694531083106995,1
4.003787994,-27.98451233,1,15.29972743988037,1,-22.57729912,1,-0.485445708,1,-8.737186432,1,2.281764746,1,-0.14158833,1,-1.037283182,1,0.2964023053646088,1
4.007789612,-48.12886047,1,16.75337982177734,1,-26.59248543,1,1.162729382514954,1,-8.700976372,1,1.965072512626648,1,-0.164583206,1,-1.070442319,1,0.3242979049682617,1
4.011787415,-55.8610878,1,10.51942825317383,1,-24.5848217,1,2.509135484695435,1,-8.670794487,1,1.722841024398804,1,-0.182075694,1,-1.103403091,1,0.3525881469249725,1
4.015787125,-58.56549835,1,-1.580047727,1,-20.36280251,1,3.080747604370117,1,-8.660869598,1,1.889591693878174,1,-0.198960915,1,-1.136069655,1,0.3839151859283447,1
4.019788742,-67.58761597,1,-6.252136707,1,-18.18012047,1,3.210098505020142,1,-8.658301353,1,1.771236777305603,1,-0.218485042,1,-1.16844368,1,0.4191683530807495,1
4.023786068,-68.29998779,1,-9.100475311,1,-14.7012434,1,2.858949661254883,1,-7.261246204,1,1.878157377243042,1,-0.241776466,1,-1.198098183,1,0.4574654996395111,1
4.027785778,-56.98836136,1,-8.125506401,1,-8.087865829,1,2.236533880233765,1,-5.472073078,1,2.111589193344116,1,-0.268713534,1,-1.220662713,1,0.4970989525318146,1
4.031787395,-29.71281242,1,-7.586731434,1,-0.462606341,1,1.612493276596069,1,-3.926177263,1,2.236051797866821,1,-0.298218071,1,-1.236074448,1,0.5355325937271118,1
4.035785198,-8.479460716,1,-18.7376976,1,7.909671783447266,1,0.6976319551467896,1,-2.922524214,1,2.230867385864258,1,-0.330017567,1,-1.246273041,1,0.5742382407188416,1
4.039784908,1.884306073188782,1,-23.9962635,1,13.59496307373047,1,-1.218220711,1,-2.68008399,1,2.462207555770874,1,-0.368970901,1,-1.253311872,1,0.6142957806587219,1
4.043786049,-35.79556656,1,-3.855273724,1,5.149878025054932,1,-2.245784998,1,-2.997537613,1,2.541161060333252,1,-0.419436872,1,-1.26025939,1,0.6598602533340454,1
4.047784328,-57.2371788,1,1.487444877624512,1,-12.71133804,1,-2.765899897,1,-1.561245203,1,2.493749380111694,1,-0.469988286,1,-1.264208674,1,0.7023864984512329,1
4.051783562,-26.79262352,1,-3.156060696,1,-8.074221611,1,-3.11887598,1,-0.914500415,1,2.497889280319214,1,-0.516274095,1,-1.263470888,1,0.7385310530662537,1
4.055785179,-7.683781147,1,1.488360404968262,1,-8.877710342,1,-3.161634922,1,-1.567814589,1,2.386949062347412,1,-0.563034415,1,-1.262572289,1,0.7743092775344849,1
4.059782982,-3.705124855,1,5.695100784301758,1,-4.75314188,1,-2.923071623,1,-2.7664361,1,2.601961851119995,1,-0.616334498,1,-1.264170051,1,0.8174252510070801,1
4.063782692,-9.651544571,1,3.318774223327637,1,-5.980103493,1,-2.408716679,1,-3.705099583,1,2.799540996551514,1,-0.679729462,1,-1.268100858,1,0.8726203441619873,1
4.067790508,-18.28694534,1,4.904808998,1,-8.176748276,1,-1.768889546,1,-4.043959141,1,2.808173894882202,1,-0.748520911,1,-1.272521019,1,0.9358938932418823,1
4.07179451,-21.83801651,1,3.989125967025757,1,-10.07014275,1,-1.107271194,1,-4.114765167,1,2.711894273757935,1,-0.817726254,1,-1.276296496,1,1.002250314,1
4.07579422,-24.94820404,1,2.108520269393921,1,-12.57763004,1,-0.509948909,1,-4.041219711,1,2.557597398757935,1,-0.88475889,1,-1.279147267,1,1.068915724754333,1
4.079796314,-27.86568832,1,-1.816568017,1,-14.73373032,1,-0.081710048,1,-3.832820892,1,2.433853387832642,1,-0.947963536,1,-1.28083396,1,1.133711218833923,1
4.083794117,-27.78112602,1,-5.842202187,1,-16.63809013,1,0.075742647,1,-3.594501257,1,2.354590416,1,-1.007101774,1,-1.28120327,1,1.195478677749634,1
4.08779335,-25.91587448,1,-8.616295815,1,-17.99392891,1,0.028340651,1,-3.448218107,1,2.292121648788452,1,-1.063217521,1,-1.280401349,1,1.254289507865906,1
4.091794968,-24.00393105,1,-9.950902939,1,-18.90965652,1,-0.119853824,1,-3.434087038,1,2.277091264724731,1,-1.118089676,1,-1.278655052,1,1.311397433280945,1
4.095793247,-23.66324043,1,-10.24129105,1,-19.32751846,1,-0.301147252,1,-3.493712902,1,2.356475114822388,1,-1.1733042,1,-1.275934696,1,1.368206024169922,1
4.099792957,-24.17337418,1,-10.73798943,1,-19.7192421,1,-0.479331046,1,-3.56066823,1,2.486911535263062,1,-1.229332328,1,-1.272003293,1,1.425154209136963,1
4.103794575,-24.39668465,1,-12.21017838,1,-20.72899437,1,-0.678490996,1,-3.6387465,1,2.660853385925293,1,-1.285874128,1,-1.266655922,1,1.481966614723206,1
4.107792377,-23.66297722,1,-13.69286537,1,-21.60248756,1,-0.962611496,1,-3.737029552,1,2.869574308395386,1,-1.342866659,1,-1.259713173,1,1.538351774215698,1
4.111792088,-23.01762009,1,-14.85472584,1,-22.44293976,1,-1.275645852,1,-3.88213563,1,3.068824529647827,1,-1.40032053,1,-1.251091957,1,1.594094276428223,1
4.115793705,-23.1254425,1,-15.28401375,1,-23.44616699,1,-1.62776947,1,-4.040364265,1,3.289306163787842,1,-1.458039761,1,-1.240720749,1,1.648871302604675,1
4.119791508,-23.15693474,1,-15.79549313,1,-24.31578255,1,-1.975498557,1,-4.177816391,1,3.49467659,1,-1.515425563,1,-1.228573322,1,1.702022314071655,1
4.123791218,-22.71867561,1,-16.52242851,1,-25.32114601,1,-2.346746922,1,-4.303690434,1,3.681926250457764,1,-1.571737766,1,-1.214684129,1,1.752746582,1
4.127792835,-22.1675148,1,-16.85124016,1,-26.00236702,1,-2.725992918,1,-4.414546013,1,3.839762687683105,1,-1.626553893,1,-1.199142456,1,1.800550580024719,1
4.131790638,-21.79034615,1,-15.98647118,1,-26.76734924,1,-3.042505741,1,-4.500957012,1,3.943261623382568,1,-1.679429889,1,-1.182149649,1,1.845039963722229,1
4.135790348,-22.06445313,1,-14.24705696,1,-27.67133331,1,-3.252190113,1,-4.537077427,1,4.006578445,1,-1.729700208,1,-1.163960338,1,1.885861039161682,1
4.139791965,-22.38101768,1,-11.69316006,1,-27.78010559,1,-3.319245815,1,-4.449072838,1,3.992966651916504,1,-1.776429892,1,-1.144937038,1,1.922548174858093,1
4.143789768,-23.37879944,1,-10.55401897,1,-29.45415306,1,-3.26529026,1,-4.480810642,1,4.045830726623535,1,-1.819073081,1,-1.125247478,1,1.955011248588562,1
4.147789478,-23.58198166,1,-7.674445629,1,-29.09562874,1,-3.034604788,1,-4.346927166,1,3.900760889053345,1,-1.858137965,1,-1.105292201,1,1.984456181526184,1
4.151791096,-21.42033958,1,-7.427426338,1,-29.53760719,1,-2.731379032,1,-4.188536644,1,3.847951889038086,1,-1.892204523,1,-1.08537364,1,2.009780168533325,1
4.155788898,-19.6625309,1,-7.423584938,1,-29.43405342,1,-2.366048813,1,-4.068105221,1,3.806502103805542,1,-1.921923161,1,-1.065458059,1,2.031944036483765,1
4.159788609,-18.67528915,1,-8.011122704,1,-29.53021812,1,-2.020973682,1,-3.978441238,1,3.818759441375732,1,-1.947691917,1,-1.045488358,1,2.051497220993042,1
4.163790226,-17.74759102,1,-8.882081985,1,-29.6155014,1,-1.735595942,1,-3.931415558,1,3.855842829,1,-1.970072269,1,-1.025290847,1,2.068792104721069,1
4.167788506,-16.32967377,1,-10.48927689,1,-29.61811638,1,-1.529326797,1,-3.891340256,1,3.913761377334595,1,-1.989715457,1,-1.004827023,1,2.084249258041382,1
4.171787739,-15.32792664,1,-12.43032074,1,-29.83233452,1,-1.428409696,1,-3.885004282,1,4.008323669433594,1,-2.007281065,1,-0.983953893,1,2.098178625106812,1
4.175789356,-13.74203873,1,-14.52543354,1,-30.30986214,1,-1.45099473,1,-3.906536579,1,4.105920791625977,1,-2.023387432,1,-0.962621868,1,2.110733032226563,1
4.179787159,-12.81205654,1,-15.92582417,1,-30.74484062,1,-1.584203601,1,-3.932327271,1,4.203702449798584,1,-2.038790703,1,-0.940747857,1,2.122228622436523,1
4.183786869,-11.89130211,1,-16.78606033,1,-31.35982704,1,-1.808124781,1,-3.944298983,1,4.253251075744629,1,-2.053950787,1,-0.918488979,1,2.132688283920288,1
4.187794209,-10.51872444,1,-17.19239426,1,-32.37300491,1,-2.065314293,1,-3.913500547,1,4.259815216064453,1,-2.069149017,1,-0.896054804,1,2.142149209976196,1
4.19179821,-9.467045784,1,-17.39674187,1,-32.99225998,1,-2.331001043,1,-3.802317381,1,4.185152530670166,1,-2.084471941,1,-0.873781621,1,2.150570154190063,1
4.195798397,-9.555877686,1,-18.04911232,1,-33.29486847,1,-2.601488829,1,-3.586154699,1,4.025768756866455,1,-2.099771976,1,-0.852140188,1,2.157735824584961,1
4.199800014,-9.62746048,1,-18.48655319,1,-33.17433548,1,-2.953741074,1,-3.2045331,1,3.780764818191528,1,-2.115023136,1,-0.831741929,1,2.163317918777466,1
4.20379734,-9.399371147,1,-18.30522919,1,-32.27033234,1,-3.327551603,1,-2.686424255,1,3.444396495819092,1,-2.130282164,1,-0.813230991,1,2.166972875595093,1
4.20779705,-8.570057869,1,-17.8249588,1,-31.1523838,1,-3.598288774,1,-2.030881643,1,3.085021257400513,1,-2.145174503,1,-0.797135353,1,2.168362379074097,1
4.211798668,-8.913157463,1,-16.12060928,1,-29.96085358,1,-3.72193861,1,-1.277557254,1,2.731110334396362,1,-2.158998728,1,-0.783775687,1,2.167174100875854,1
4.215796471,-8.27682209,1,-15.04077816,1,-28.54366493,1,-3.723047733,1,-0.44461447,1,2.373990297317505,1,-2.171126604,1,-0.77338171,1,2.163191556930542,1
4.219796181,-4.640215397,1,-14.02907658,1,-27.16872406,1,-3.600236177,1,0.384370744,1,2.054202318191528,1,-2.181022644,1,-0.766053975,1,2.156302213668823,1
4.223797798,0.2494317144155502,1,-11.68727303,1,-25.43432617,1,-3.329287529,1,1.137547969818115,1,1.741754174232483,1,-2.188327789,1,-0.761615813,1,2.146787881851196,1
4.227796078,4.577963352203369,1,-9.909442902,1,-23.90335274,1,-2.909347773,1,1.814537167549133,1,1.463501453399658,1,-2.192711115,1,-0.759843767,1,2.134995222091675,1
4.231795311,9.086192131,1,-8.587194443,1,-21.82305908,1,-2.367190599,1,2.420597314834595,1,1.209940791130066,1,-2.193781853,1,-0.760462463,1,2.121201753616333,1
4.235797405,13.93726539611816,1,-7.663426399,1,-19.69532013,1,-1.717406869,1,2.925494909286499,1,0.9763861894607544,1,-2.191220999,1,-0.763166308,1,2.105622291564941,1
4.239795685,16.88529586791992,1,-7.067348003,1,-18.38254929,1,-0.97019124,1,3.322997093200684,1,0.7811789512634277,1,-2.184855938,1,-0.767553031,1,2.088661909103394,1
4.243795395,17.23856163024902,1,-6.59337759,1,-16.47896957,1,-0.161488578,1,3.791849613189697,1,0.5937877297401428,1,-2.174319744,1,-0.773431778,1,2.070253133773804,1
4.247796535,18.02842712402344,1,-6.510121346,1,-14.63280296,1,0.6740027070045471,1,4.360876083374023,1,0.4006945788860321,1,-2.158931255,1,-0.780917168,1,2.049744844436646,1
4.251794815,18.76195526123047,1,-6.882798195,1,-12.81742191,1,1.455705046653748,1,5.008378505706787,1,0.1433278322219849,1,-2.138350248,1,-0.790210247,1,2.026686906814575,1
4.255794525,17.82887840270996,1,-7.594577312,1,-10.72892475,1,2.133574247360229,1,5.711105346679688,1,-0.224425733,1,-2.112621069,1,-0.801612735,1,2.000751495361328,1
4.259796143,15.25041866,1,-8.009236336,1,-8.648852348,1,2.674336910247803,1,6.496453762054443,1,-0.702720463,1,-2.081817627,1,-0.815463066,1,1.971514821052551,1
4.263793945,13.05550861358643,1,-8.095664978,1,-7.724544525,1,3.151494026184082,1,7.309538841247559,1,-1.244384408,1,-2.045854807,1,-0.831954479,1,1.938433766365051,1
4.267793655,12.60714530944824,1,-8.075621605,1,-6.804012775,1,3.498058080673218,1,8.061385154724121,1,-1.813125849,1,-2.004590988,1,-0.850951076,1,1.900958061218262,1
4.271795273,13.63912296295166,1,-7.296508789,1,-6.100340366,1,3.727023363113403,1,8.637173652648926,1,-2.398361206,1,-1.958290339,1,-0.8720209,1,1.859024524688721,1
4.275793552,14.52888488769531,1,-6.628995895,1,-5.241562843,1,3.878638029098511,1,8.800745964050293,1,-2.970566511,1,-1.907813311,1,-0.894507408,1,1.813423752784729,1
4.279792786,14.31014347076416,1,-5.136005402,1,-5.081727028,1,4.000949859619141,1,8.806126594543457,1,-3.523676395,1,-1.854211807,1,-0.917695343,1,1.764539361000061,1
4.28379488,12.82115650177002,1,-3.444650888,1,-5.451946735,1,4.143960475921631,1,8.811932563781738,1,-4.016887665,1,-1.797352195,1,-0.941185594,1,1.713905453681946,1
4.287792206,10.52309608459473,1,-1.621868372,1,-6.130746365,1,4.296247005462646,1,8.818130493164063,1,-4.460627079,1,-1.736470699,1,-0.964709342,1,1.659909009933472,1
4.291791916,7.451414585113525,1,0.043043941,1,-7.436451435,1,4.502510547637939,1,8.824054718017578,1,-4.844652176,1,-1.67078948,1,-0.987848282,1,1.601869583129883,1
4.29579401,3.745136260986328,1,0.9653471112251282,1,-8.814713478,1,4.761414527893066,1,8.830747604370117,1,-5.170162201,1,-1.599509358,1,-1.010127425,1,1.539135694503784,1
4.29979229,-0.320285946,1,1.121723890304565,1,-10.44718647,1,5.017684459686279,1,8.838766098022461,1,-5.459324837,1,-1.521965981,1,-1.03104198,1,1.471138715744019,1
4.303792,-4.093470097,1,0.2880117893218994,1,-11.9884882,1,5.190347671508789,1,8.842985153198242,1,-5.717582226,1,-1.437965035,1,-1.050109267,1,1.397484421730042,1
4.307800293,-7.187146187,1,-1.428494453,1,-13.10253143,1,5.164676666259766,1,8.845067024230957,1,-5.951497078,1,-1.34792757,1,-1.066839576,1,1.318018078804016,1
4.311803818,-9.219759941,1,-3.509982109,1,-13.89382362,1,4.964310646057129,1,8.841183662414551,1,-6.136640549,1,-1.252838969,1,-1.08071053,1,1.232959508895874,1
4.315803528,-10.86347198,1,-5.344775677,1,-14.22504234,1,4.610415935516357,1,8.834484100341797,1,-6.26475811,1,-1.154082298,1,-1.091180325,1,1.143029451370239,1
4.319805622,-12.01017761,1,-6.28597784,1,-14.24977875,1,4.162026405334473,1,8.825220108032227,1,-6.314249516,1,-1.053389192,1,-1.097755313,1,1.049503326416016,1
4.323802948,-12.65928555,1,-5.953715801,1,-14.19761562,1,3.660130023956299,1,8.815038681030273,1,-6.321703434,1,-0.952771366,1,-1.100107074,1,0.9541153907775879,1
4.327802658,-12.78316975,1,-4.821360111,1,-14.13905048,1,3.203252077102661,1,8.805772781,1,-6.25888443,1,-0.854236662,1,-1.098061562,1,0.8589025735855103,1
4.331804752,-12.67127514,1,-2.753223658,1,-13.76749802,1,2.886583089828491,1,8.798504829406738,1,-6.141224861,1,-0.759433746,1,-1.091613412,1,0.7659300565719604,1
4.335802555,-12.17128944,1,0.008164778,1,-13.47174549,1,2.718983173370361,1,8.792368889,1,-5.957639694,1,-0.66967988,1,-1.08089757,1,0.6771401762962341,1
4.339801788,-11.87413692,1,2.439152717590332,1,-12.97665405,1,2.758994817733765,1,8.793172836303711,1,-5.71558094,1,-0.585847616,1,-1.066144228,1,0.5941841602325439,1
4.343802929,-11.40622807,1,4.186290264129639,1,-12.57607365,1,2.976814746856689,1,8.795340538024902,1,-5.397079945,1,-0.508298397,1,-1.047670007,1,0.5182844996452332,1
4.347801208,-10.95441437,1,5.085116863250732,1,-11.9999876,1,3.339010000228882,1,8.801020622253418,1,-5.024619102,1,-0.437173724,1,-1.025825024,1,0.4503211379051208,1
4.351800442,-10.87465954,1,5.296908855438232,1,-11.22410583,1,3.751733064651489,1,8.806818962097168,1,-4.627587795,1,-0.372248203,1,-1.001052618,1,0.3905384540557861,1
4.355802059,-11.15443802,1,4.697873592376709,1,-10.3745203,1,4.149631023406982,1,8.812803268432617,1,-4.226960182,1,-0.31321466,1,-0.973807335,1,0.3387687504291534,1
4.359799862,-11.3703537,1,3.242708206176758,1,-9.47158432,1,4.446137428283691,1,8.816796303,1,-3.832731009,1,-0.259736419,1,-0.944535434,1,0.2944985628128052,1
4.363799572,-11.34300232,1,1.724152684211731,1,-8.78209877,1,4.604808330535889,1,8.818634033203125,1,-3.478642702,1,-0.211557135,1,-0.913651168,1,0.2570033967494965,1
4.367801189,-11.53184986,1,0.1549174785614014,1,-8.368221283,1,4.643703460693359,1,8.817067146,1,-3.165714741,1,-0.168342128,1,-0.881519079,1,0.2254331856966019,1
4.371798992,-12.36953449,1,-0.976461768,1,-8.244983673,1,4.559329509735107,1,8.813570976257324,1,-2.926203251,1,-0.129649997,1,-0.848453104,1,0.198820561,1
4.375798702,-13.52825069,1,-1.435358047,1,-8.727502823,1,4.371512889862061,1,8.809085845947266,1,-2.778027534,1,-0.095020279,1,-0.814702392,1,0.1761725246906281,1
4.379800797,-14.55728531,1,-1.739987731,1,-8.895183563,1,4.111293792724609,1,8.802924156188965,1,-2.689616203,1,-0.064020872,1,-0.78045547,1,0.1565756797790527,1
4.383798122,-14.75263023,1,-1.033789039,1,-8.972808838,1,3.870041847229004,1,8.798531532287598,1,-2.657998323,1,-0.036177263,1,-0.745830357,1,0.1393694281578064,1
4.387797356,-14.70510578,1,1.095091700553894,1,-9.312393188,1,3.746367454528809,1,8.795710563659668,1,-2.664901257,1,-0.010750665,1,-0.710901201,1,0.1240164116024971,1
4.391798973,-14.74283886,1,3.232155084609985,1,-9.666028023,1,3.805168390274048,1,8.797039985656738,1,-2.684762478,1,0.013156605,1,-0.675703526,1,0.1101727038621902,1
4.395796299,-15.19337749,1,5.174768924713135,1,-9.937425613,1,4.038161754608154,1,8.802243232727051,1,-2.729614019,1,0.036492117,1,-0.640249729,1,0.097610056,1
4.399796009,-16.27645493,1,6.091004371643066,1,-10.12061501,1,4.341650009155273,1,8.809642791748047,1,-2.802780151,1,0.059941072,1,-0.604537487,1,0.086115927,1
4.403798103,-16.89945793,1,6.051264286,1,-10.44465446,1,4.634029865264893,1,8.815916061401367,1,-2.912125349,1,0.083812043,1,-0.568559647,1,0.075467117,1
4.407795906,-17.60499573,1,5.825373649597168,1,-10.66597462,1,4.867475509643555,1,8.820566177368164,1,-3.033383846,1,0.1080302149057388,1,-0.532310963,1,0.065540671,1
4.411795139,-18.87349319,1,5.250563621520996,1,-10.25957298,1,5.048629283905029,1,8.825954437255859,1,-3.151460409,1,0.1324160397052765,1,-0.495791495,1,0.056296483,1
4.41579628,-20.07038498,1,4.762580871582031,1,-9.897824287,1,5.146030426025391,1,8.826812744140625,1,-3.296005487,1,0.1568053811788559,1,-0.458994687,1,0.047660638,1
4.419794083,-20.98849106,1,3.856549501419067,1,-9.940651894,1,5.129970073699951,1,8.829385757446289,1,-3.434472561,1,0.1808539927005768,1,-0.421922207,1,0.039553754,1
4.423793793,-21.49963188,1,3.082962274551392,1,-10.47412014,1,4.990342617034912,1,8.826670647,1,-3.589416265,1,0.2041207849979401,1,-0.38457334,1,0.031913303,1
4.427801132,-22.16812515,1,2.299497842788696,1,-11.38729572,1,4.769694805145264,1,8.823493957519531,1,-3.714927435,1,0.2262333929538727,1,-0.346966743,1,0.02469987,1
4.431805134,-23.74397278,1,1.540415764,1,-12.69169807,1,4.498106002807617,1,8.818208694458008,1,-3.817733288,1,0.2469533532857895,1,-0.309132129,1,0.01795228,1
4.435804844,-25.89898491,1,0.9500433802604675,1,-14.47726059,1,4.221766948699951,1,8.554587364196777,1,-3.901023149,1,0.2662200629711151,1,-0.271567374,1,0.011572355,1
4.439805984,-28.87288284,1,0.261186272,1,-16.56176186,1,3.951128959655762,1,8.270263672,1,-3.943015099,1,0.2840966582298279,1,-0.234929115,1,0.005407855,1
4.443803787,-32.39214325,1,1.065199732780457,1,-18.44884109,1,3.726959466934204,1,8.01776123,1,-3.989909887,1,0.30071491,1,-0.199162692,1,-0.000523957,1
4.447803497,-35.82978821,1,2.167756080627441,1,-19.57871246,1,3.588327407836914,1,7.826571464538574,1,-4.004689693,1,0.3163484930992126,1,-0.164139345,1,-0.006244842,1
4.451805115,-39.16919708,1,3.639390468597412,1,-20.05722618,1,3.573416948318481,1,7.631757736206055,1,-3.994794369,1,0.3314380049705505,1,-0.129744902,1,-0.011637392,1
4.455802917,-42.18464661,1,5.070153236,1,-20.04723167,1,3.634771108627319,1,7.425600528717041,1,-3.945160866,1,0.3464085459709167,1,-0.096042097,1,-0.016627919,1
4.459802628,-44.63314819,1,6.332707882,1,-19.52313805,1,3.715533733,1,7.150547504425049,1,-3.841444492,1,0.361473024,1,-0.063285448,1,-0.021146894,1
4.463803768,-47.02500534,1,6.029356956481934,1,-18.41354179,1,3.778969287872314,1,6.802011013031006,1,-3.653563738,1,0.3766667246818542,1,-0.031846482,1,-0.025074564,1
4.467801571,-49.45239639,1,5.263295650482178,1,-17.16730309,1,3.761647701263428,1,6.381749153137207,1,-3.42733407,1,0.3918353915214539,1,-0.002074956,1,-0.028323887,1
4.471800804,-51.47631073,1,4.279222965240479,1,-15.99469662,1,3.583842039108276,1,5.880011081695557,1,-3.162891626,1,0.4065392911434174,1,0.025665877,1,-0.030939205,1
4.475802422,-53.36603165,1,3.595384120941162,1,-14.57824898,1,3.273403882980347,1,5.311256408691406,1,-2.847244024,1,0.4202060997486115,1,0.050995868,1,-0.032969799,1
4.479800224,-55.23644257,1,3.800068140029907,1,-13.50142479,1,2.892578840255737,1,4.698177814483643,1,-2.500742197,1,0.4324567019939423,1,0.073670521,1,-0.034417685,1
4.483799934,-57.7233963,1,7.710824489593506,1,-12.51209259,1,2.569255828857422,1,4.001496792,1,-2.162800312,1,0.4432371258735657,1,0.093393914,1,-0.035485387,1
4.487802029,-61.94648361,1,11.46220684051514,1,-10.02502346,1,2.477501630783081,1,3.396291017532349,1,-1.807460308,1,0.4532092809677124,1,0.1101384982466698,1,-0.036266312,1
4.491799355,-63.1897583,1,12.14963054656982,1,-6.9065938,1,2.433909893035889,1,2.882519483566284,1,-1.443475485,1,0.4630347490310669,1,0.1242704093456268,1,-0.03654201,1
4.495799065,-62.4432106,1,10.46177959442139,1,-2.291603327,1,2.175024747848511,1,2.367931127548218,1,-1.068740368,1,0.4723424315452576,1,0.1359182596206665,1,-0.03626943,1
4.499801159,-60.5423317,1,8.905105590820313,1,2.308782339096069,1,1.697828769683838,1,1.809092522,1,-0.687540293,1,0.480238676,1,0.144959345,1,-0.035572797,1
4.503798962,-59.83261871,1,6.701433658599854,1,5.735921859741211,1,1.107884407043457,1,1.206421971321106,1,-0.296298295,1,0.4860305488109589,1,0.1511971652507782,1,-0.034505676,1
4.507798195,-56.84165192,1,7.272935867,1,8.532566070556641,1,0.51907295,1,0.6103577017784119,1,0.1325830817222595,1,0.4894802272319794,1,0.1545616388320923,1,-0.033086378,1
4.511799335,-52.18925858,1,11.79041957855225,1,9.530088424682617,1,0.1538838148117065,1,-0.039601058,1,0.5248409509658813,1,0.4910062253475189,1,0.1549518555402756,1,-0.031328443,1
4.515797138,-49.26017761,1,16.21194458007813,1,9.080379486083984,1,0.1556063294410706,1,-0.684488177,1,0.8513867259025574,1,0.4917937517166138,1,0.1523500382900238,1,-0.029549588,1
4.519796848,-49.12928772,1,17.88521003723145,1,8.497429847717285,1,0.4127491116523743,1,-1.197969794,1,1.119236112,1,0.4931756556034088,1,0.1471409946680069,1,-0.027855238,1
4.523798466,-48.78540039,1,15.45765305,1,8.256498336791992,1,0.5781061053276062,1,-1.661253452,1,1.390040993690491,1,0.4954668283462524,1,0.1397141218185425,1,-0.026117379,1
4.527796268,-48.68315506,1,11.34257984161377,1,8.641932487487793,1,0.4834423661231995,1,-2.090365171,1,1.594308376312256,1,0.4978958070278168,1,0.1302653104066849,1,-0.02444249,1
4.531795979,-44.70552826,1,8.323411942,1,8.615696907043457,1,0.1270067095756531,1,-2.552240372,1,1.798270225524902,1,0.4973427951335907,1,0.120239757,1,-0.025112186,1
4.535797596,-41.45740509,1,8.454881668,1,7.677199363708496,1,-0.342031926,1,-3.031740665,1,1.909562826156616,1,0.4970489740371704,1,0.1068752184510231,1,-0.02390435,1
4.539795399,-30.16767311,1,-1.364430904,1,-5.0606637,1,-1.187479138,1,-3.664630651,1,2.163977861404419,1,0.4944793283939362,1,0.091446973,1,-0.023161978,1
4.543795109,-5.441936016,1,-9.854006767,1,9.663043975830078,1,-5.411833763,1,-5.556193829,1,2.066564798355103,1,0.4810468852519989,1,0.071198404,1,-0.023769882,1
4.547802448,-73.76345825,1,5.025760173797607,1,27.15282631,1,-5.617445946,1,-7.344740868,1,3.010166645050049,1,0.458452582,1,0.042882331,1,-0.027156146,1
4.55180645,5.174036979675293,1,-11.97186756,1,-0.769645274,1,-6.347992897,1,-6.650580883,1,2.991213798522949,1,0.4344162940979004,1,0.012700193,1,-0.027935749,1
4.55580616,-13.40777302,1,-9.326114655,1,-15.88738441,1,-7.350372314,1,-7.765053272,1,3.383572816848755,1,0.4069962203502655,1,-0.018306766,1,-0.028169727,1
4.559807777,-25.67666435,1,-9.076779366,1,-40.03630066,1,-6.180223465,1,-8.531092644,1,3.343058586120605,1,0.3795948028564453,1,-0.054262526,1,-0.02847665,1
4.563806057,-26.7641716,1,-14.50134563,1,-70.13775635,1,-6.082983494,1,-8.06507206,1,3.525934696,1,0.3556885719299316,1,-0.090084873,1,-0.027262706,1
4.56780529,-61.47013855,1,-28.00701332,1,-76.09577179,1,-7.446455002,1,-8.841627121,1,3.953506946563721,1,0.327917069,1,-0.126659647,1,-0.025040595,1
4.571807384,-86.20036316,1,4.382040977478027,1,-69.77184296,1,-7.355025291,1,-8.268295288,1,5.516936779022217,1,0.2971298098564148,1,-0.165588364,1,-0.017501954,1
4.57580471,-80.83040619,1,32.48537445068359,1,-57.30590057,1,-6.727216244,1,-6.115271568,1,5.684823989868164,1,0.2659783661365509,1,-0.199816182,1,-0.003461669,1
4.579804897,-27.64697456,1,44.12799453735352,1,-32.49097824,1,-5.091547489,1,-4.880182743,1,5.171483993530273,1,0.2385173588991165,1,-0.225027278,1,0.012883202,1
4.583806515,7.724362373352051,1,39.86023330688477,1,-15.07040119,1,-3.062849998,1,-5.756209373,1,5.171463489532471,1,0.2189263254404068,1,-0.251073539,1,0.028294219,1
4.587804317,43.63993453979492,1,23.00483131408691,1,2.714810371398926,1,-2.663480759,1,-6.389381409,1,5.440994262695313,1,0.2034620195627213,1,-0.278798223,1,0.044715252,1
4.591804028,9.807888031005859,1,-1.281656981,1,17.33507919311523,1,-2.858904839,1,-6.74147892,1,5.239949703216553,1,0.1877846419811249,1,-0.309326947,1,0.061293874,1
4.595805168,-51.13937378,1,-18.0899334,1,-9.362435341,1,-3.771458149,1,-4.908717155,1,3.929328918457031,1,0.1699125617742538,1,-0.336080253,1,0.076126218,1
4.599802971,-112.0190735,1,-31.25092316,1,-24.24271584,1,-4.064020634,1,-1.259037375,1,1.596045494,1,0.1505567580461502,1,-0.349783212,1,0.085495569,1
4.603802681,-57.2134552,1,19.45897483825684,1,0.4995680451393127,1,-2.753464699,1,-1.030342698,1,1.523421764373779,1,0.1346463859081268,1,-0.353956342,1,0.091308229,1
4.607804298,20.44016647338867,1,32.16885375976563,1,-17.52609825,1,-2.206353903,1,-1.301276207,1,1.106789827346802,1,0.1237319335341454,1,-0.360099912,1,0.095920935,1
4.611802101,-3.871546507,1,37.73530960083008,1,-24.86205482,1,-1.095959902,1,-0.667991102,1,1.978167772293091,1,0.114622675,1,-0.364603102,1,0.1020740792155266,1
4.615801334,-8.814799309,1,-17.3407402,1,-10.78608227,1,-0.840633333,1,-0.704429209,1,1.330106854438782,1,0.1086732968688011,1,-0.367825568,1,0.1091894432902336,1
4.619802475,-15.40219784,1,-22.89381981,1,-12.77150059,1,-1.215087295,1,-1.137990832,1,0.8797828555107117,1,0.1029475480318069,1,-0.372245699,1,0.113075353,1
4.623800755,-0.05135224,1,-0.273811609,1,-11.66637802,1,-1.438052177,1,-0.955661654,1,1.338117837905884,1,0.096041381,1,-0.376618266,1,0.1173437461256981,1
4.627800465,-10.83750153,1,5.304344177246094,1,-14.70772457,1,-1.041237116,1,-0.970130622,1,1.356409907341003,1,0.088947475,1,-0.38123852,1,0.1229255571961403,1
4.631802082,-7.097293377,1,5.950662136077881,1,-11.01089096,1,-0.779236972,1,-1.072854757,1,1.094226717948914,1,0.083386511,1,-0.385512233,1,0.1277176141738892,1
4.635799885,-8.513244629,1,3.656458854675293,1,-12.23027706,1,-0.529403329,1,-1.044054866,1,1.120676159858704,1,0.079254307,1,-0.390165687,1,0.1320893168449402,1
4.639799118,-7.750215054,1,-1.947015047,1,-9.679558754,1,-0.368482232,1,-1.031760573,1,1.049986839294434,1,0.075769305,1,-0.394655824,1,0.1364911794662476,1
4.643801212,-9.549265862,1,4.563366413116455,1,-9.485610962,1,-0.244282603,1,-1.025199771,1,1.008216619491577,1,0.072930872,1,-0.398986936,1,0.1405756324529648,1
4.647799015,-7.375173092,1,4.787487506866455,1,-10.08921814,1,-0.122299492,1,-1.095318913,1,0.9891844987869263,1,0.070568666,1,-0.40350163,1,0.1445856988430023,1
4.651798725,-5.323592186,1,-0.581941247,1,-10.43032742,1,0.039338954,1,-1.129790545,1,0.8933552503585815,1,0.069009021,1,-0.408175498,1,0.1483348906040192,1
4.655800343,-4.259865761,1,-0.636934996,1,-12.25810528,1,0.046983141,1,-1.258307815,1,0.9392765164375305,1,0.067711718,1,-0.413174003,1,0.1519397050142288,1
4.659798145,-7.063262939,1,-3.434383392,1,-11.60402107,1,0.01290356,1,-1.465213418,1,0.9803861975669861,1,0.066326775,1,-0.418863773,1,0.1557406336069107,1
4.663797855,-7.587005615,1,-3.617767096,1,-11.71081543,1,-0.098944388,1,-1.673742533,1,1.000625133514404,1,0.064553395,1,-0.425400913,1,0.1596170365810394,1
4.667805195,-3.852327347,1,-1.175503731,1,-14.46488476,1,-0.129104435,1,-1.871013045,1,1.016984105110168,1,0.062492795,1,-0.432697535,1,0.1635386496782303,1
4.671809196,-1.919953942,1,-1.025176406,1,-15.64046478,1,-0.336711407,1,-2.184948921,1,0.9547572731971741,1,0.059912201,1,-0.441019565,1,0.167374775,1
4.675809383,-5.441102982,1,0.7153464555740356,1,-17.07143021,1,-0.275039732,1,-2.528980732,1,0.9040526151657104,1,0.057145029,1,-0.450602353,1,0.1708398014307022,1
4.679811001,-4.359474659,1,-2.067769766,1,-17.2074604,1,-0.467438728,1,-2.98140955,1,0.9042729735374451,1,0.054227106,1,-0.461762786,1,0.1742312908172607,1
4.683808804,-4.114544392,1,-1.012491584,1,-18.94426918,1,-0.545569599,1,-3.444707632,1,0.8281663060188293,1,0.0508026,1,-0.474808514,1,0.177340955,1
4.687808514,-1.134958744,1,-1.391030073,1,-21.54180336,1,-0.533694208,1,-3.977962494,1,0.7658137679100037,1,0.04741177,1,-0.489794135,1,0.1800921559333801,1
4.691809654,-1.662755728,1,-1.644268751,1,-24.27734184,1,-0.629589438,1,-4.631846428,1,0.7095036506652832,1,0.043899618,1,-0.507083595,1,0.1825434416532516,1
4.695807457,1.109187245368958,1,-3.483609915,1,-25.57150841,1,-0.760752916,1,-5.345283508,1,0.7286055088043213,1,0.04006017,1,-0.527088165,1,0.1848539263010025,1
4.69980669,3.054059505462646,1,-3.653575897,1,-27.18548965,1,-0.943894267,1,-6.228426933,1,0.8112599849700928,1,0.035300571,1,-0.55032593,1,0.1873808056116104,1
4.703808308,5.419069766998291,1,-4.656802654,1,-27.41695976,1,-0.915859103,1,-7.15480566,1,0.8838747143745422,1,0.029909236,1,-0.57716018,1,0.1903576254844666,1
4.70780611,6.832285881,1,-6.565544605,1,-27.9823494,1,-0.815710008,1,-8.100043297,1,1.105978488922119,1,0.024350038,1,-0.607778192,1,0.19413431,1
4.71180582,8.711807250976563,1,-9.830142021,1,-26.15316963,1,-0.851180196,1,-8.739644051,1,1.459641218185425,1,0.01796093,1,-0.641891778,1,0.1995276659727097,1
4.715807915,12.11227226257324,1,-11.69765472,1,-26.1955471,1,-0.991649508,1,-8.744457245,1,1.802433609962463,1,0.009621494,1,-0.676945984,1,0.2071134895086288,1
4.719805241,12.52139091491699,1,-10.5501852,1,-25.98224068,1,-1.23819077,1,-8.751303673,1,2.161005258560181,1,-0.001352347,1,-0.711970627,1,0.2172803431749344,1
4.723804951,12.27946853637695,1,-8.504318237,1,-25.71114922,1,-1.372445583,1,-8.757662773,1,2.505295038223267,1,-0.015208553,1,-0.746909976,1,0.23022069,1
4.727806568,9.150328636169434,1,-8.312933922,1,-24.9899025,1,-1.499412656,1,-8.760875702,1,2.693712472915649,1,-0.03160302,1,-0.781692386,1,0.2457040250301361,1
4.731804371,5.213938236236572,1,-6.847110271,1,-24.55252075,1,-1.53966713,1,-8.760806084,1,2.693971633911133,1,-0.050376069,0,-0.816266954,0,0.263201505,0
4.735803604,3.77897048,1,-5.549294472,1,-25.86196518,1,-1.431336403,1,-8.76145649,1,2.981280565261841,1,-0.071160443,0,-0.85055685,0,0.2832171320915222,0
4.739805222,1.978023767471313,1,-3.632632017,1,-26.1995182,1,-1.19930768,1,-8.756771088,1,3.274324417114258,1,-0.094565079,0,-0.884435952,0,0.3069930076599121,0
4.743803501,-2.695947409,1,-0.932819903,1,-18.77370644,1,-0.963281453,1,-8.752135277,1,3.269565343856812,1,-0.120141856,0,-0.917846799,0,0.3340804278850555,0
4.747802734,-18.05002594,1,6.917087554931641,1,-20.08948135,1,-0.525227129,1,-8.743822098,1,3.328198909759521,1,-0.147457466,0,-0.950753093,0,0.3641523122787476,0
4.751804352,-39.73443985,1,11.72197818756104,1,-23.33625221,1,0.6508520841598511,1,-8.717630386,1,3.151325941085815,1,-0.17370674,0,-0.983191073,0,0.3961275815963745,0
4.755802155,-58.47476959,1,12.96800613,1,-24.5856514,1,2.226378679275513,1,-8.685955048,1,3.198389530181885,1,-0.197515905,0,-1.015040517,0,0.4312167763710022,0
4.759801865,-72.14819336,1,3.0846982,1,-20.30293465,1,3.134557008743286,1,-8.667960167,1,3.437056064605713,1,-0.22026962,0,-1.04623878,0,0.4704683423042297,0
4.763803482,-89.9969101,1,-1.457497001,1,-18.97542191,1,3.468370199203491,1,-8.65959549,1,3.037306070327759,1,-0.243995637,0,-1.07695055,0,0.5129827857017517,0
4.767801285,-91.20702362,1,-4.699898243,1,-16.8607502,1,3.339439630508423,1,-8.560051918,1,2.661826610565186,1,-0.268455982,0,-1.107465148,0,0.5560057759284973,0
4.771800995,-69.53771973,1,-6.398340225,1,-8.51838398,1,2.792236566543579,1,-6.457732201,1,2.351684808731079,1,-0.293177903,0,-1.133661747,0,0.5970739722251892,0
4.775802135,-25.64076233,1,-19.35803223,1,4.863356590270996,1,1.954981684684753,1,-4.394677162,1,2.209340810775757,1,-0.316812247,0,-1.151416779,0,0.6335906982421875,0
4.779799938,-2.179970503,1,-36.50418472,1,11.37663173675537,1,-0.390370399,1,-3.615576029,1,1.856671690940857,1,-0.338442743,0,-1.162892103,0,0.655313253,0
4.783799648,-6.84308815,1,-24.93939018,1,16.45405578613281,1,-3.032458067,1,-3.96901226,1,1.916743040084839,1,-0.373562276,0,-1.174052358,0,0.6854711771011353,0
4.787807465,-51.86444092,1,-2.472268581,1,-11.41254616,1,-4.030308723,1,-3.42027998,1,1.633185863494873,1,-0.418676615,0,-1.185712457,0,0.7187232971191406,0
4.791810989,-46.72680664,1,-6.723237514,1,-11.1369791,1,-4.801265717,1,-2.340770721,1,1.688742995262146,1,-0.463172793,0,-1.193245769,0,0.7476189732551575,0
4.795810699,-19.62901878,1,-2.587257624,1,-11.06380081,1,-5.319882393,1,-2.451474667,1,1.957803488,1,-0.511008024,0,-1.197852492,0,0.7771024703979492,0
4.799812794,-11.96457481,1,7.298955917358398,1,-13.60293484,1,-5.157455921,1,-3.45381546,1,2.068198919296265,1,-0.565301836,0,-1.20384419,0,0.8126882314682007,0
4.80381012,-8.575555801,1,6.191185951,1,-10.5105257,1,-4.553422451,1,-4.707691669,1,2.565550565719604,1,-0.629020572,0,-1.212147236,0,0.8600055575370789,0
4.80780983,-18.87169075,1,7.399218082427979,1,-13.87828827,1,-3.763629436,1,-5.479255199,1,2.922512769699097,1,-0.703713238,0,-1.221482277,0,0.92185086,0
4.811811447,-29.11649513,1,10.61070156097412,1,-16.13210297,1,-2.740108728,1,-5.554986,1,3.040968179702759,1,-0.783037901,0,-1.229723454,0,0.9922676086425781,0
4.815809727,-32.80898285,1,7.977132320404053,1,-17.67292023,1,-1.651303291,1,-5.347035885,1,3.1045506,1,-0.86111623,0,-1.235589027,0,1.06574285,0
4.81980896,-34.18241119,1,4.577136993408203,1,-19.18261528,1,-0.749355674,1,-4.991931915,1,3.133817672729492,1,-0.934994459,0,-1.238723993,0,1.138920545578003,0
4.823810101,-34.55319214,1,0.39524138,1,-20.35107422,1,-0.124077052,1,-4.605193615,1,3.128980159759521,1,-1.003221154,0,-1.239264011,0,1.209311246871948,0
4.82780838,-33.79052734,1,-3.833576679,1,-21.79595566,1,0.2078229635953903,1,-4.248742104,1,3.109579563140869,1,-1.065561652,0,-1.237573981,0,1.275503396987915,0
4.831807613,-31.48336983,1,-7.586465359,1,-22.85865784,1,0.3043918013572693,1,-3.96993804,1,3.131543159484863,1,-1.122823834,0,-1.234028101,0,1.337265253067017,0
4.835809231,-29.31150436,1,-10.24662304,1,-23.13233566,1,0.2652599811553955,1,-3.845746994,1,3.229104995727539,1,-1.176684618,0,-1.228809476,0,1.395606041,0
4.839807034,-28.79932022,1,-11.54403019,1,-23.50758743,1,0.1299181580543518,1,-3.850421667,1,3.375604391098022,1,-1.228935838,0,-1.222015858,0,1.451991558074951,0
4.843806744,-29.23492813,1,-12.48589897,1,-23.99833107,1,-0.072164126,1,-3.894095659,1,3.534994840621948,1,-1.280436397,0,-1.213686705,0,1.507007002830505,0
4.847808361,-29.5211544,1,-13.84570026,1,-24.7386322,1,-0.324128479,1,-3.947422028,1,3.669451713562012,1,-1.331165195,0,-1.20388329,0,1.560408473014832,0
4.851806164,-27.64857674,1,-16.22337341,1,-25.559515,1,-0.641090035,1,-3.984506845,1,3.792059421539307,1,-1.380847216,0,-1.192682743,0,1.611710429191589,0
4.855805397,-29.05749702,1,-19.01509476,1,-26.26828575,1,-1.034241319,1,-4.098429203,1,3.967664957046509,1,-1.430233955,0,-1.180061936,0,1.661424517631531,0
4.859806538,-26.06746292,1,-20.84270668,1,-27.24727249,1,-1.538594007,1,-4.23313427,1,4.119798183441162,1,-1.479091763,0,-1.16593492,0,1.708846331,0
4.86380434,-25.2041378,1,-21.07985115,1,-27.76924133,1,-2.067115784,1,-4.385278225,1,4.277942657470703,1,-1.528188944,0,-1.15029633,0,1.754557251930237,0
4.86780405,-24.29421616,1,-20.56342697,1,-28.071558,1,-2.529942989,1,-4.537261009,1,4.389701843261719,1,-1.577111006,0,-1.133306623,0,1.798206329345703,0
4.871806145,-23.14484024,1,-18.7468605,1,-28.47211456,1,-2.881438255,1,-4.690196037,1,4.450119972229004,1,-1.625363827,0,-1.115046859,0,1.839667677879333,0
4.875803471,-22.25804138,1,-16.96917343,1,-28.78814316,1,-3.100169897,1,-4.808176041,1,4.455213547,1,-1.672350883,0,-1.09579134,0,1.878815889358521,0
4.879803181,-21.16686249,1,-14.47508335,1,-29.25217628,1,-3.150676012,1,-4.893591881,1,4.406605243682861,1,-1.717281938,0,-1.075788379,0,1.915431022644043,0
4.883805275,-21.00384903,1,-12.00960732,1,-29.73940468,1,-3.018854856,1,-4.914978027,1,4.289689540863037,1,-1.75939703,0,-1.055332184,0,1.949413776397705,0
4.887803078,-20.56881523,1,-9.943669319,1,-30.29879761,1,-2.757756472,1,-4.871769428,1,4.127741813659668,1,-1.798038006,0,-1.034793377,0,1.980689167976379,0
4.891802788,-20.17511559,1,-8.435631752,1,-30.80061531,1,-2.400414467,1,-4.782959938,1,3.947245597839355,1,-1.832774639,0,-1.014437795,0,2.009245634078979,0
4.895804405,-19.68864822,1,-7.945690155,1,-31.06489372,1,-2.010608196,1,-4.622015953,1,3.765242576599121,1,-1.86344254,0,-0.994453371,0,2.035118341445923,0
4.899802208,-18.76096153,1,-8.338227272,1,-31.20789146,1,-1.639320612,1,-4.451365471,1,3.594257354736328,1,-1.890128016,0,-0.974961877,0,2.058408737182617,0
4.903801918,-18.2692318,1,-9.400765419,1,-31.59116364,1,-1.350450397,1,-4.265099049,1,3.456751108169556,1,-1.913300037,0,-0.955959439,0,2.079354047775269,0
4.907809258,-17.24950981,1,-10.7591114,1,-31.6026535,1,-1.155205607,1,-4.064354897,1,3.359284639358521,1,-1.933464885,0,-0.937427282,0,2.098066091537476,0
4.911813259,-16.27270317,1,-12.21193123,1,-31.60922813,1,-1.073317766,1,-3.879210234,1,3.309705018997192,1,-1.951212764,0,-0.919243455,0,2.114701986312866,0
4.915812969,-14.85373497,1,-13.82408237,1,-31.3621006,1,-1.09934485,1,-3.699881077,1,3.308125019073486,1,-1.967144608,0,-0.901253462,0,2.129412412643433,0
4.91981411,-13.42297077,1,-14.76599216,1,-31.28974724,1,-1.23439002,1,-3.545102358,1,3.318790912628174,1,-1.981860161,0,-0.883379519,0,2.142349243164063,0
4.923811913,-11.73802185,1,-14.99655628,1,-31.39295197,1,-1.413862228,1,-3.419101,1,3.336163997650146,1,-1.995912075,0,-0.865565062,0,2.153767585754395,0
4.927811623,-9.949652672,1,-15.00784779,1,-31.55774117,1,-1.602924705,1,-3.303672791,1,3.347858428955078,1,-2.009590149,0,-0.847791553,0,2.163879871368408,0
4.93181324,-8.565829277,1,-15.0781889,1,-31.48192406,1,-1.801207781,1,-3.166624784,1,3.337411880493164,1,-2.02300334,0,-0.830138087,0,2.172752857208252,0
4.935811043,-7.261306286,1,-14.47966576,1,-31.608881,1,-2.005064487,1,-2.985822201,1,3.297861337661743,1,-2.036176682,0,-0.812772751,0,2.180331945419312,0
4.939810276,-6.169151783,1,-14.01855183,1,-31.21694565,1,-2.190672398,1,-2.716049433,1,3.198929071426392,1,-2.049010038,0,-0.795999289,0,2.186478614807129,0
4.943811893,-5.360749722,1,-13.52906322,1,-30.36881065,1,-2.345810652,1,-2.325784922,1,3.040892124176025,1,-2.061252356,0,-0.780229807,0,2.190929174423218,0
4.947809696,-4.639266968,1,-13.17760372,1,-29.40285492,1,-2.467232466,1,-1.822473884,1,2.830851554870605,1,-2.072583199,0,-0.765930414,0,2.193349361419678,0
4.951808929,-3.716276169,1,-12.47937012,1,-27.50676155,1,-2.522419453,1,-1.183883309,1,2.597693443,1,-2.082602978,0,-0.753499389,0,2.193371295928955,0
4.955811024,-2.388438225,1,-12.55572033,1,-25.75336456,1,-2.522689581,1,-0.430453688,1,2.373540163040161,1,-2.090765953,0,-0.743250847,0,2.190527916,0
4.95980835,-0.226675496,1,-12.62047672,1,-23.70286751,1,-2.518036604,1,0.4031455814838409,1,2.155538558959961,1,-2.096788645,0,-0.735367835,0,2.184499263763428,0
4.96380806,3.249496698379517,1,-12.96317959,1,-21.26918221,1,-2.490784645,1,1.273656129837036,1,1.950333952903748,1,-2.100495815,0,-0.729962826,0,2.17504096,0
4.967809677,7.476873397827148,1,-12.84997463,1,-18.64285278,1,-2.418032169,1,2.119757175445557,1,1.784035325050354,1,-2.101741314,0,-0.726965427,0,2.162130832672119,0
4.971807003,13.04584312438965,1,-12.35942936,1,-16.57208252,1,-2.217576742,1,2.870288133621216,1,1.666085958480835,1,-2.100270748,0,-0.726088405,0,2.145897150039673,0
4.97580719,16.88474464416504,1,-11.52941608,1,-15.37637138,1,-1.89614749,1,3.503556728363037,1,1.585032820701599,1,-2.09582901,0,-0.726901531,0,2.126786708831787,0
4.979808807,20.27507972717285,1,-9.907574654,1,-13.55530071,1,-1.467890739,1,4.144772529602051,1,1.539613723754883,1,-2.087999344,0,-0.729097128,0,2.104840517044067,0
4.98380661,23.49280166625977,1,-7.669291496,1,-11.26507854,1,-0.874845386,1,4.750748634338379,1,1.446404457092285,1,-2.076187134,0,-0.732589722,0,2.080045938491821,0
4.98780632,24.59262466430664,1,-5.656636238,1,-9.306755066,1,-0.15228273,1,5.359303474,1,1.25010097,1,-2.059868574,0,-0.737467289,0,2.052608728408813,0
4.991807938,23.35058403015137,1,-4.29392004,1,-7.20868206,1,0.6843344569206238,1,6.045300960540771,1,0.9334025979042053,1,-2.038471937,0,-0.74406004,0,2.022436380386353,0
4.99580574,21.64133644104004,1,-3.274311543,1,-5.674232483,1,1.605868458747864,1,6.775967121124268,1,0.5054234266281128,1,-2.011314869,0,-0.752713084,0,1.989247203,0
4.999804974,19.59710121154785,1,-3.679573059,1,-4.872186661,1,2.475168943405151,1,7.476472378,1,-0.019528728,1,-1.978130221,0,-0.763544321,0,1.952890396118164,0
5.003806591,18.73706055,1,-4.681774616,1,-4.179414749,1,3.186950445175171,1,8.117332458496094,1,-0.57144022,1,-1.939179063,0,-0.776445031,0,1.913278460502625,0
5.007804394,17.69756507873535,1,-5.94415617,1,-3.450638771,1,3.672277450561523,1,8.664166450500488,1,-1.173517108,1,-1.895082474,0,-0.791118741,0,1.870334148406982,0
5.011804104,15.86862945556641,1,-7.637063503,1,-2.766196012,1,3.954526662826538,1,8.795002937316895,1,-1.77139616,1,-1.847159624,0,-0.80711484,0,1.824830770492554,0
5.015805721,13.90225696563721,1,-7.930468559,1,-3.03373003,1,4.059373856,1,8.800596237182617,1,-2.380318403,1,-1.797091126,0,-0.823920012,0,1.778118848800659,0
5.019803524,11.85768222808838,1,-7.064308167,1,-4.019307137,1,4.112540245056152,1,8.804299354553223,1,-2.935467482,1,-1.74514091,0,-0.841380239,0,1.729990720748901,0
5.023802757,9.425270080566406,1,-5.609387875,1,-5.143660069,1,4.193839073181152,1,8.808206558227539,1,-3.380992889,1,-1.69096458,0,-0.859067082,0,1.679989218711853,0
5.027804852,6.260845661,1,-3.911518335,1,-6.694244385,1,4.330406665802002,1,8.813925743103027,1,-3.723807096,1,-1.634050012,0,-0.876470447,0,1.627715587615967,0
5.031808853,3.032132625579834,1,-2.864821672,1,-8.188476563,1,4.544014453887939,1,8.818980217,1,-3.953762531,1,-1.572876215,0,-0.892801106,0,1.570133090019226,0
5.035808563,-0.254321009,1,-1.803054571,1,-9.741292,1,4.816808223724365,1,8.826048851013184,1,-4.126706123,1,-1.509070635,0,-0.907927334,0,1.512578845024109,0
5.039810658,-3.354499102,1,-1.207357287,1,-11.31473541,1,5.111709594726563,1,8.832844734191895,1,-4.267737389,1,-1.441460252,0,-0.92127502,0,1.452326179,0
5.04380846,-6.148308754,1,-1.354665518,1,-12.42347431,1,5.379861354827881,1,8.839086532592773,1,-4.401704311,1,-1.370213866,0,-0.932579458,0,1.389503836631775,0
5.04780817,-8.702196121,1,-2.536588907,1,-13.28178978,1,5.534619808197021,1,8.844251633,1,-4.550129414,1,-1.295818329,0,-0.94165349,0,1.324324369430542,0
5.051809788,-10.86386108,1,-4.455370426,1,-13.82960606,1,5.522408962249756,1,8.845329284667969,1,-4.683655739,1,-1.219194174,0,-0.948333502,0,1.257137179374695,0
5.05580759,-12.24239922,1,-6.177528858,1,-14.13147163,1,5.334435939788818,1,8.841029167175293,1,-4.81438303,1,-1.141529083,0,-0.952440619,0,1.188425302505493,0
5.059806824,-13.23434258,1,-7.554129124,1,-14.18297005,1,4.994876384735107,1,8.834316253662109,1,-4.911818504,1,-1.064067125,0,-0.953849554,0,1.118788123130798,0
5.063808441,-13.67815208,1,-8.259819984,1,-14.12162399,1,4.565667152404785,1,8.826655387878418,1,-4.980926037,1,-0.987957776,0,-0.952468395,0,1.048906803131104,0
5.067806244,-14.00506592,1,-8.037967682,1,-14.05283737,1,4.117217063903809,1,8.817008972167969,1,-4.986014843,1,-0.914167941,0,-0.94821012,0,0.9795641899108887,0
5.071805954,-14.03112602,1,-7.140726089,1,-13.82277584,1,3.747986316680908,1,8.809596061706543,1,-4.926128864,1,-0.843412817,0,-0.940990448,0,0.9116389155387878,0
5.075807095,-14.2317524,1,-5.68684864,1,-13.50428104,1,3.509124279022217,1,8.804122924804688,1,-4.799944401,1,-0.776067972,0,-0.930784285,0,0.8459938764572144,0
5.079804897,-14.55134487,1,-3.84504056,1,-13.01418304,1,3.410503625869751,1,8.799673080444336,1,-4.639333725,1,-0.712247491,0,-0.917670965,0,0.7833470106124878,0
5.083804607,-14.46530056,1,-2.330790043,1,-12.59096336,1,3.447177886962891,1,8.800432205200195,1,-4.447588921,1,-0.651863933,0,-0.901809871,0,0.7242005467414856,0
5.087806702,-13.90729237,1,-1.315050244,1,-12.02277756,1,3.600123643875122,1,8.801466941833496,1,-4.224683285,1,-0.594797194,0,-0.883353531,0,0.6689893007278442,0
5.091804028,-13.72404671,1,-0.889885068,1,-11.15002346,1,3.815108299255371,1,8.805432319641113,1,-3.985020876,1,-0.540882349,0,-0.862498403,0,0.6179640293121338,0
5.095803738,-13.37576199,1,-0.977296352,1,-10.0864315,1,4.075974941253662,1,8.807979583740234,1,-3.742044449,1,-0.48994717,0,-0.839465082,0,0.5712276697158813,0
5.099805832,-13.28416538,1,-1.622364998,1,-8.981078148,1,4.312941551208496,1,8.812512397766113,1,-3.526322365,1,-0.441846669,0,-0.814498723,0,0.5286888480186462,0
5.103803158,-13.07685089,1,-2.920230389,1,-7.97738266,1,4.458911418914795,1,8.815311431884766,1,-3.366565466,1,-0.396473527,0,-0.787899494,0,0.4899951815605164,0
5.107803345,-12.89119625,1,-4.714287281,1,-6.918195248,1,4.461585045,1,8.814109802246094,1,-3.263305426,1,-0.353907347,0,-0.75994873,0,0.4546847641468048,0
5.111804485,-12.98289013,1,-5.981174946,1,-6.54861021,1,4.349634647369385,1,8.811079978942871,1,-3.194325686,1,-0.314338714,0,-0.730875969,0,0.4223718047142029,0
5.115802288,-13.17945099,1,-6.198533058,1,-6.349174023,1,4.164063930511475,1,8.807486534118652,1,-3.169135094,1,-0.277778447,0,-0.70088166,0,0.3926315307617188,0
5.119801521,-12.88301563,1,-5.358899117,1,-6.289957047,1,4.003931045532227,1,8.804264068603516,1,-3.172124147,1,-0.244016215,0,-0.670119345,0,0.3650709986686707,0
5.123803139,-12.68498611,1,-3.986213207,1,-6.22201395,1,3.956815719604492,1,8.803352355957031,1,-3.18452096,1,-0.212511852,0,-0.638694048,0,0.3394274115562439,0
5.127801418,-12.53988457,1,-1.380934596,1,-6.356480598,1,4.063239574432373,1,8.805459022521973,1,-3.232762337,1,-0.182526603,0,-0.606678367,0,0.315448672,0
5.131800652,-11.95728874,1,2.367725372314453,1,-6.71268034,1,4.303459167480469,1,8.811644554138184,1,-3.379875183,1,-0.153158873,0,-0.574144363,0,0.2927038371562958,0
5.135802269,-11.03979778,1,7.526652812957764,1,-8.068191528,1,4.714338302612305,1,8.820812225341797,1,-3.589613199,1,-0.123535104,0,-0.541142285,0,0.2706981003284454,0
5.139800549,-11.67511845,1,6.824976921081543,1,-8.169305801,1,5.280500411987305,1,8.833099365234375,1,-3.776162863,1,-0.092871152,0,-0.507635236,0,0.2493668794631958,0
5.143799782,-12.77359581,1,4.855649471282959,1,-8.614542961,1,5.733845710754395,1,8.844430923461914,1,-3.986141443,1,-0.061068505,0,-0.473579735,0,0.2287477999925613,0
5.147801399,-13.18912315,1,3.248478412628174,1,-9.287547112,1,5.945116043,1,8.851277351379395,1,-4.238518238,1,-0.028807472,0,-0.438963056,0,0.2086839824914932,0
5.151805401,-14.12442398,1,1.150544881820679,1,-10.06596756,1,5.948692321777344,1,8.743282318115234,1,-4.514493942,1,0.003089048,0,-0.403957069,0,0.1889990121126175,0
5.155805111,-15.8709631,1,-0.472921103,1,-11.06485367,1,5.784817695617676,1,8.630663871765137,1,-4.785393715,1,0.033904836,0,-0.368894398,0,0.1696117222309113,0
5.159806252,-17.70558548,1,-0.809097588,1,-12.37568855,1,5.498452663421631,1,8.560951232910156,1,-5.066903114,1,0.063093513,0,-0.333621085,0,0.1504281610250473,0
5.163803577,-19.30895042,1,-0.292559892,1,-13.60492897,1,5.200005531311035,1,8.529284477233887,1,-5.325021744,1,0.090399854,0,-0.29795903,0,0.1313823908567429,0
5.167803288,-20.96617317,1,0.8002822995185852,1,-14.91797447,1,4.947879314422607,1,8.528135299682617,1,-5.568498611,1,0.1159010455012321,0,-0.261785805,0,0.1124891564249992,0
5.171805382,-22.673069,1,2.344499826431274,1,-16.3413353,1,4.768828868865967,1,8.525297164916992,1,-5.793259144,1,0.139829695,0,-0.22506465,0,0.093745172,0
5.175802708,-24.41911316,1,2.866814613342285,1,-17.53242683,1,4.662745952606201,1,8.516118049621582,1,-5.963658333,1,0.1624875664710999,0,-0.187827632,0,0.075223975,0
5.179802418,-26.47673798,1,2.647196531295776,1,-18.81725693,1,4.583124638,1,8.496989250183105,1,-6.068149567,1,0.1840186566114426,0,-0.150149733,0,0.057134088,0
5.183804035,-29.73258018,1,1.416917324066162,1,-20.17323685,1,4.470186710357666,1,8.463332176208496,1,-6.124190807,1,0.2044352144002914,0,-0.112161525,0,0.039603602,0
5.187802315,-32.42920303,1,1.037436366081238,1,-21.4564743,1,4.269208431243896,1,8.412544250488281,1,-6.156430244,1,0.2235282957553864,0,-0.07396885,0,0.022686956,0
5.191802025,-35.27179718,1,0.317394495,1,-22.28788567,1,3.986389398574829,1,8.348449707,1,-6.08973217,1,0.2409239858388901,0,-0.035696954,0,0.00651606,0
5.195803642,-38.89853668,1,-0.200104252,1,-22.76418686,1,3.696323633,1,8.249476432800293,1,-5.973304272,1,0.256562203,0,0.002427543,0,-0.008721257,0
5.199801922,-41.59744263,1,0.3629445731639862,1,-22.59572983,1,3.398269414901733,1,8.104139328,1,-5.761964798,1,0.270452082,0,0.040143486,0,-0.022875516,0
5.203801632,-45.19116974,1,1.701757431030273,1,-22.0468235,1,3.155562877655029,1,7.890572547912598,1,-5.465663433,1,0.2827942967414856,0,0.077049516,0,-0.035777658,0
5.207802773,-48.63664627,1,2.418279647827148,1,-20.71608353,1,2.978170633,1,7.655025005340576,1,-5.069493294,1,0.2939566969871521,0,0.1128653436899185,0,-0.047200672,0
5.211801052,-51.81147766,1,2.386270046234131,1,-19.2145977,1,2.833690881729126,1,7.342731952667236,1,-4.581635475,1,0.30432567,0,0.1472470462322235,0,-0.056900494,0
5.215800285,-54.94844437,1,2.857962369918823,1,-17.5369072,1,2.676609516143799,1,6.901590347290039,1,-4.028531075,1,0.3140624165534973,0,0.1796639710664749,0,-0.064745173,0
5.219801903,-58.56751633,1,3.108977079391479,1,-15.29426289,1,2.557537556,1,6.405176162719727,1,-3.404442072,1,0.3233800232410431,0,0.2096137702465057,0,-0.07063783,0
5.223800182,-61.06212616,1,5.355554580688477,1,-13.48715019,1,2.495536327362061,1,5.741892337799072,1,-2.757810831,1,0.3325961828231812,0,0.236631304,0,-0.074555077,0
5.227799416,-64.89260101,1,10.21656036376953,1,-10.45487022,1,2.638658046722412,1,4.999410629272461,1,-2.08042264,1,0.3422666788101196,0,0.2600841224193573,0,-0.076675244,0
5.23180151,-67.22150421,1,10.80839729309082,1,-6.799039364,1,2.926596164703369,1,4.340798377990723,1,-1.343188047,1,0.3533910512924194,0,0.2799911499023438,0,-0.07672447,0
5.235798836,-67.66944122,1,10.32419204711914,1,-2.643594742,1,3.016928434371948,1,3.558837413787842,1,-0.713802218,1,0.3658739924430847,0,0.2962329983711243,0,-0.074915834,0
5.239798546,-67.52583313,1,9.134842872619629,1,2.329452276229858,1,2.800705671310425,1,2.728427886962891,1,-0.186040342,1,0.3784863650798798,0,0.3086309134960175,0,-0.071833365,0
5.24380064,-66.4728775,1,7.386113644,1,6.387116432189941,1,2.363155126571655,1,1.847184181213379,1,0.2424187213182449,1,0.3900321125984192,0,0.3170540928840637,0,-0.068115018,0
5.247798443,-63.33654022,1,7.247237205505371,1,9.097614288330078,1,1.800988554954529,1,0.9617097973823547,1,0.6020760536193848,1,0.3995970189571381,0,0.3215707540512085,0,-0.064179525,0
5.251798153,-58.85646057,1,11.53700256347656,1,9.571447372436523,1,1.356435418128967,1,0.056733292,1,0.8173522353172302,1,0.4070052802562714,0,0.3223327994346619,0,-0.060531624,0
5.25579977,-56.85936356,1,15.85800457000732,1,9.293652534484863,1,1.162290215492249,1,-0.73521471,1,0.9383971095085144,1,0.4128730893135071,0,0.3196253478527069,0,-0.057728924,0
5.259797573,-55.59584045,1,18.64528846740723,1,8.834767342,1,1.175685405731201,1,-1.354877949,1,1.009166479110718,1,0.4181311726570129,0,0.3141946792602539,0,-0.05575382,0
5.263797283,-55.07263184,1,19.15100479125977,1,8.530340194702148,1,1.280308127403259,1,-1.889578342,1,1.085566759109497,1,0.4234137535095215,0,0.3065465092658997,0,-0.054549251,0
5.267798901,-54.7612648,1,14.54206753,1,8.235336303710938,1,1.197288513183594,1,-2.321276665,1,1.256191968917847,1,0.4286899566650391,0,0.2969305515289307,0,-0.053755574,0
5.271802902,-52.34283829,1,9.403865814208984,1,7.942396640777588,1,0.7261754870414734,1,-2.723423243,1,1.482347608,1,0.4328621029853821,0,0.2854796051979065,0,-0.052965593,0
5.275802612,-48.8198204,1,6.109581470489502,1,8.468208312988281,1,0.058563385,1,-3.157301903,1,1.780317187309265,1,0.4346769154071808,0,0.2720892131328583,0,-0.052018058,0
5.279803753,-44.83124542,1,8.474048614501953,1,7.013804912567139,1,-0.602955639,1,-3.632498503,1,1.925843238830566,1,0.4262626767158508,0,0.2636505663394928,0,-0.064188927,0
5.283802032,-39.9354744,1,5.080214500427246,1,1.370037078857422,1,-1.278693199,1,-4.061817646,1,2.155871391296387,1,0.4228791892528534,0,0.2463396191596985,0,-0.063076779,0
5.287801266,16.90014839172363,1,-7.487325191,1,-10.70335579,1,-4.531322956,1,-5.886550903,1,2.093458176,1,0.4117820262908936,0,0.2249266356229782,0,-0.062619016,0
5.291802406,-69.96534729,1,10.05579090118408,1,22.24461174,1,-3.392858028,1,-7.477530956,1,3.115029573440552,1,0.3959256410598755,0,0.1958546340465546,0,-0.064636454,0
5.295800686,5.068906307220459,1,-35.12824249,1,-4.085287094,1,-5.457736492,1,-6.663686275,1,3.046609878540039,1,0.3776394128799438,0,0.1651280224323273,0,-0.063613549,0
5.299799919,9.528408050537109,1,-29.21158028,1,-20.93940735,1,-6.969152451,1,-8.441861153,1,3.783232450485229,1,0.3538305163383484,0,0.1330868899822235,0,-0.061709382,0
5.303802013,0.6603608727455139,1,-37.33068848,1,-50.15062332,1,-6.977586269,1,-8.883963585,1,4.450669765472412,1,0.32534498,0,0.094529241,0,-0.057930276,0
5.307799339,-17.34781647,1,-47.68484497,1,-86.23748016,1,-8.139728546,1,-8.911976814,1,5.008424758911133,1,0.2972662150859833,0,0.054776393,0,-0.050464787,0
5.311799526,-79.07984924,1,-32.90981293,1,-89.90519714,1,-8.613548279,1,-8.926606178,1,5.893659114837646,1,0.2636521458625793,0,0.014572702,0,-0.03977384,0
5.315801144,-130.1259613,1,21.98673439025879,1,-63.48406219,1,-8.619451523,1,-8.932974815,1,7.036243438720703,1,0.2290718704462051,0,-0.026431898,0,-0.023136389,0
5.319798946,-91.71788788,1,51.52645111083984,1,-44.3810997,1,-8.459527969,1,-6.567630291,1,6.446691513061523,1,0.1938012838363647,0,-0.062256519,0,-0.002694761,0
5.323798656,-35.62656021,1,66.49094390869141,1,-32.15266037,1,-4.824569702,1,-6.681870461,1,5.205519199371338,1,0.1658573597669601,0,-0.09259855,0,0.015188322,0
5.327800274,20.92417526245117,1,56.22329711914063,1,-10.00090599,1,-3.467465878,1,-7.180022717,1,5.206030368804932,1,0.1479310542345047,0,-0.122751206,0,0.031541836,0
5.331798553,36.93410110473633,1,37.82361221313477,1,18.68012046813965,1,-2.2378757,1,-7.976705551,1,5.457171440124512,1,0.1341764628887177,0,-0.156063527,0,0.048481751,0
5.335797787,-27.61370277,1,-8.787760735,1,2.952248334884644,1,-2.509965897,1,-6.447116852,1,4.965025901794434,1,0.1225150376558304,0,-0.18816866,0,0.066014402,0
5.339799404,-114.7176743,1,-50.4299736,1,-39.33576965,1,-3.853840351,1,-1.912222385,1,1.830446720123291,1,0.1067962199449539,0,-0.206743464,0,0.078435898,0
5.343797207,-105.0099716,1,0.4543311297893524,1,8.166251182556152,1,-2.978159904,1,-1.110295415,1,1.055989742279053,1,0.091541976,0,-0.211707875,0,0.082664229,0
5.347796917,22.97801780700684,1,27.96825408935547,1,-7.775192738,1,-2.009217978,1,-1.721377015,1,0.5930808782577515,1,0.081820838,0,-0.218510076,0,0.085655816,0
5.351799011,-0.039951771,1,51.84793472290039,1,-30.45652008,1,-0.94425416,1,-0.939947426,1,1.570428252220154,1,0.074377455,0,-0.223913208,0,0.089344017,0
5.355796337,-14.20468903,1,-6.502167702,1,-12.36735535,1,-0.161891147,1,-0.738202453,1,1.086653709411621,1,0.071431518,0,-0.227434516,0,0.095181875,0
5.359796047,-8.312906265,1,-33.25040436,1,-11.98465347,1,-0.748646498,1,-1.235549688,1,0.4076516032218933,1,0.068995692,0,-0.231692493,0,0.097489171,0
5.363798141,-2.019613266,1,-6.472549438,1,-14.61271763,1,-1.174286366,1,-1.149787188,1,1.052058815956116,1,0.064586885,0,-0.236556023,0,0.100051075,0
5.367795944,-7.503477573,1,1.573507547,1,-15.06035423,1,-0.858494818,1,-1.228995442,1,1.290037631988525,1,0.059171904,0,-0.241809279,0,0.1048239022493362,0
5.371795654,-6.451666355,1,5.42406702,1,-11.44712162,1,-0.608308434,1,-1.343924999,1,1.067521333694458,1,0.055091236,0,-0.24692151,0,0.1092826649546623,0
5.375797272,-7.985151768,1,3.648897171020508,1,-12.66437149,1,-0.334058434,1,-1.35030973,1,1.109057664871216,1,0.052315313,0,-0.252675682,0,0.1134155318140984,0
5.379795074,-6.098432064,1,-5.384718895,1,-9.502165794,1,-0.306749523,1,-1.349423051,1,1.118141293525696,1,0.049978834,0,-0.258312225,0,0.1177975162863731,0
5.383794785,-12.80784035,1,-0.55304718,1,-7.781737804,1,-0.226213768,1,-1.27639997,1,1.159401535987854,1,0.047741286,0,-0.26377371,0,0.1221813261508942,0
5.387796402,-7.50924015,1,0.5226145386695862,1,-9.52288723,1,-0.226761743,1,-1.258190274,1,1.192088603973389,1,0.045586865,0,-0.269011348,0,0.1268160045146942,0
5.391799927,-5.652484894,1,-0.053300414,1,-11.13931751,1,-0.067317389,1,-1.339136958,1,1.077508687973022,1,0.043771699,0,-0.274363428,0,0.1313252747058868,0
5.395799637,-3.609975576,1,5.017565250396729,1,-13.47584915,1,0.078679822,1,-1.508833885,1,1.069784164428711,1,0.042613953,0,-0.280211836,0,0.1354892551898956,0
5.399800777,-5.88717556,1,-2.182446003,1,-13.36849213,1,0.2067971378564835,1,-1.743438721,1,1.083997368812561,1,0.042081285,0,-0.286868393,0,0.1397236436605453,0
5.40379858,-8.335190773,1,-7.275630474,1,-12.18005371,1,0.058518104,1,-1.979624033,1,1.120881915092468,1,0.041439153,0,-0.294517994,0,0.1439811736345291,0
5.40779829,-5.26518774,1,-3.640856743,1,-14.45995426,1,-0.069334663,1,-2.202701569,1,1.198814392089844,1,0.040100977,0,-0.303043425,0,0.1484869867563248,0
5.411799908,-1.602957845,1,0.4622892737388611,1,-17.61456299,1,-0.361480594,1,-2.575436592,1,1.163595319,1,0.037772041,0,-0.312736511,0,0.1531175374984741,0
5.415798187,-2.956467152,1,2.729480504989624,1,-20.42360115,1,-0.202137053,1,-3.094885349,1,1.082884430885315,1,0.035298049,0,-0.324189723,0,0.1573646366596222,0
5.419797421,-3.433534384,1,0.050335195,1,-21.46409416,1,-0.301993221,1,-3.714395761,1,1.028625845909119,1,0.032931883,0,-0.337901294,0,0.1613732278347015,0
5.423799515,-3.045135498,1,1.496862292289734,1,-21.91098404,1,-0.306397676,1,-4.318733215,1,0.9781129360198975,1,0.030441197,0,-0.354055494,0,0.1650765091180801,0
5.427796841,-1.901571751,1,-0.63482666,1,-25.42263031,1,-0.208724141,1,-5.055140495,1,0.9084610342979431,1,0.02813665,0,-0.372894198,0,0.168586478,0
5.431796551,1.346218585968018,1,-2.878775358,1,-27.38956261,1,-0.249291018,1,-5.792732239,1,0.9563907384872437,1,0.026099795,0,-0.394652575,0,0.171923965,0
5.435798645,4.458210468292236,1,-7.123607159,1,-30.05814171,1,-0.518043637,1,-6.814576149,1,1.030291676521301,1,0.023131369,0,-0.419965982,0,0.175586149,0
5.439796448,5.693751335144043,1,-4.592220306,1,-29.34801865,1,-0.640394688,1,-7.793153763,1,1.216851830482483,1,0.01896056,0,-0.449264407,0,0.1797922253608704,0
5.443796158,7.524652004241943,1,-6.758333206,1,-30.72146034,1,-0.510643661,1,-8.727604866,1,1.437662959098816,1,0.014206518,0,-0.482512116,0,0.1851122826337814,0
5.447797775,9.209189414978027,1,-9.006753922,1,-28.2929554,1,-0.429083467,1,-8.731831551,1,1.737967491149902,1,0.009139986,0,-0.517507136,0,0.1918621510267258,0
5.451795578,13.38180732727051,1,-9.927946091,1,-28.69504356,1,-0.406016767,1,-8.734333992,1,2.042054414749146,1,0.003109259,0,-0.552484095,0,0.200417772,0
5.455794811,14.13054180145264,1,-10.20071507,1,-27.34949303,1,-0.43654716,1,-8.735750198,1,2.414107799530029,1,-0.004290787,0,-0.587416887,0,0.2110369205474854,0
5.459795952,13.43679809570313,1,-8.521748543,1,-25.40354538,1,-0.52067095,1,-8.739589691,1,2.702349424362183,1,-0.013452364,0,-0.622275054,0,0.2237992286682129,0
5.463793755,7.496239662,1,-8.233704567,1,-24.20497894,1,-0.640628397,1,-8.745807648,1,3.161292552947998,1,-0.025026418,0,-0.657012999,0,0.2392260879278183,0
5.467793465,0.3225258886814117,1,-4.91532135,1,-17.0128212,1,-0.593838155,1,-8.745575905,1,3.393161058425903,1,-0.038798649,0,-0.691557527,0,0.2574360370635986,0
5.471795082,-1.290758729,1,-3.446244001,1,-14.30578041,1,-0.687063217,1,-8.748168945,1,3.661504507064819,1,-0.054913171,0,-0.725845098,0,0.2782176733016968,0
5.475792885,-8.447335243,1,8.740091323852539,1,-16.64339828,1,-0.514399767,1,-8.746173859,1,3.834715127944946,1,-0.073147424,0,-0.759803593,0,0.3015398383140564,0
5.479792595,-28.46840668,1,15.96329307556152,1,-19.00426102,1,0.4414435923099518,1,-8.724202156,1,3.574981451034546,1,-0.090932481,0,-0.793405294,0,0.3264128863811493,0
5.483793736,-46.32404327,1,16.09776306152344,1,-20.74710464,1,1.877197980880737,1,-8.694462776,1,3.470940113067627,1,-0.104489021,0,-0.826716661,0,0.3514151573181152,0
5.487791538,-60.67353821,1,12.15406322479248,1,-20.32709885,1,3.169732332229614,1,-8.668109894,1,3.637764692306519,1,-0.114543207,0,-0.859665394,0,0.3785092234611511,0
5.491790771,-75.61260986,1,2.446553707122803,1,-17.68431282,1,3.909831762313843,1,-8.653692245,1,3.733054161071777,1,-0.122795798,0,-0.892314851,0,0.4077986180782318,0
5.495792866,-92.28424835,1,-2.030236959,1,-13.7067728,1,4.109296321868896,1,-8.64824295,1,3.522718667984009,1,-0.130801782,0,-0.924797297,0,0.4384074509143829,0
5.499791145,-96.19761658,1,-5.140352249,1,-11.87287712,1,4.025305271148682,1,-8.649730682,1,3.209892272949219,1,-0.139067292,0,-0.957264721,0,0.4689669907093048,0
5.503790379,-72.51729584,1,-5.859768391,1,-4.072152615,1,4.160183429718018,1,-7.941469193,1,2.848894357681274,1,-0.147333324,0,-0.989072502,0,0.4988497495651245,0
5.507791996,-40.03571701,1,-17.63662148,1,4.658116340637207,1,3.708664655685425,1,-5.766263962,1,2.522173881530762,1,-0.154283836,0,-1.014268756,0,0.5262545943260193,0
5.511795521,-4.616893768,1,-37.18266296,1,13.81377410888672,1,0.8944108486175537,1,-3.99310565,1,2.173671007156372,1,-0.164652824,0,-1.032065392,0,0.5498445630073547,0
5.515795231,-33.01243973,1,-23.57394791,1,16.65455436706543,1,-0.909626842,1,-5.235813618,1,2.544939994812012,1,-0.186895505,0,-1.048702478,0,0.5751535296440125,0
5.519797325,-67.73601532,1,-4.46593523,1,-15.01038837,1,-2.452219248,1,-2.863794804,1,2.104170322418213,1,-0.215311304,0,-1.062343597,0,0.6000194549560547,0
5.523795128,-38.0897789,1,-13.68806744,1,-9.611795425,1,-3.574638605,1,-1.536607981,1,2.219451189041138,1,-0.245545417,0,-1.068646073,0,0.6207934617996216,0
5.527794838,-14.7607975,1,-6.341970921,1,-10.40709114,1,-4.410929203,1,-2.336124659,1,2.424258232116699,1,-0.281849295,0,-1.073395252,0,0.6437978148460388,0
5.531795979,-9.931726456,1,1.578410863876343,1,-11.63977337,1,-4.661937714,1,-3.608985662,1,2.660774469,1,-0.322712779,0,-1.08033824,0,0.6654000878334045,0
5.535793781,-10.99620914,1,3.880897998809814,1,-11.11733627,1,-4.380345821,1,-5.003921509,1,3.125665187835693,1,-0.372799963,0,-1.092637062,0,0.7014255523681641,0
5.539793491,-19.64422226,1,7.161129951477051,1,-13.95968342,1,-3.635353327,1,-5.904045582,1,3.321959495544434,1,-0.429361492,0,-1.10780108,0,0.7467594742774963,0
5.543794632,-28.55469894,1,9.723077774047852,1,-16.00195313,1,-2.554755449,1,-6.189466953,1,3.287065267562866,1,-0.488051236,0,-1.123759151,0,0.7982779741287231,0
5.547792435,-32.92295074,1,6.763727665,1,-17.24464607,1,-1.445658565,1,-6.078156948,1,3.272625207901001,1,-0.546164215,0,-1.138670087,0,0.8536635041236877,0
5.551792145,-35.60791016,1,3.010121583938599,1,-19.11092186,1,-0.493248999,1,-5.721678734,1,3.204395055770874,1,-0.60235703,0,-1.151481509,0,0.9111700057983398,0
5.555793762,-36.94034195,1,-1.95753777,1,-20.95833206,1,0.1879422664642334,1,-5.232029438,1,3.069404125213623,1,-0.655360281,0,-1.161830068,0,0.9684985280036926,0
5.559791565,-35.62581635,1,-7.333199978,1,-22.8338604,1,0.4882443249225616,1,-4.670389175,1,2.904062747955322,1,-0.704636157,0,-1.169711471,0,1.023652076721191,0
5.563791275,-31.44937325,1,-11.58085251,1,-23.63340378,1,0.510069728,1,-4.236269951,1,2.744819402694702,1,-0.750725329,0,-1.175469637,0,1.075879454612732,0
5.567792416,-28.5373745,1,-13.85305691,1,-23.72081375,1,0.3813222646713257,1,-3.981245279,1,2.672677993774414,1,-0.795177639,0,-1.179655194,0,1.125975847244263,0
5.571790695,-27.52392197,1,-15.23829174,1,-23.71653748,1,0.1414058953523636,1,-3.847090721,1,2.692544221878052,1,-0.839757025,0,-1.182548642,0,1.175306916236877,0
5.575789928,-26.95716095,1,-16.3402977,1,-23.85194016,1,-0.1738123,1,-3.763911724,1,2.750377178192139,1,-0.885439754,0,-1.184181094,0,1.224601626396179,0
5.579791546,-26.83292961,1,-16.97652054,1,-23.79669189,1,-0.482175916,1,-3.715027809,1,2.849306583404541,1,-0.932677746,0,-1.184533119,0,1.274183869361877,0
5.583788872,-26.14824486,1,-17.00266266,1,-24.39901352,1,-0.816609561,1,-3.711980104,1,2.938795566558838,1,-0.981443346,0,-1.183616042,0,1.324024319648743,0
5.587788582,-25.28290558,1,-16.22018623,1,-24.93425369,1,-1.115803599,1,-3.765950918,1,3.021104097366333,1,-1.031776667,0,-1.181527853,0,1.374220132827759,0
5.591790199,-24.99595261,1,-14.81619835,1,-25.35425186,1,-1.34207952,1,-3.862972975,1,3.092142343521118,1,-1.083545566,0,-1.178363919,0,1.424868702888489,0
5.595788002,-25.3614769,1,-13.99135113,1,-26.18987465,1,-1.493790627,1,-3.97655654,1,3.167803764343262,1,-1.136326909,0,-1.174135208,0,1.475882172584534,0
5.599787235,-25.41113663,1,-14.13259411,1,-27.02931023,1,-1.612176895,1,-4.099125862,1,3.278713464736938,1,-1.189757347,0,-1.168727756,0,1.527121663093567,0
5.603788853,-25.48301506,1,-14.46115303,1,-27.52124977,1,-1.711976171,1,-4.235599995,1,3.417218923568726,1,-1.243637919,0,-1.161940336,0,1.578515172,0
5.607786655,-25.76652908,1,-14.31271172,1,-27.96554947,1,-1.824690938,1,-4.375023365,1,3.580800294876099,1,-1.297706127,0,-1.153663516,0,1.629822134971619,0
5.611786366,-25.46011353,1,-14.10923576,1,-28.28329849,1,-1.92228806,1,-4.50801897,1,3.741361379623413,1,-1.351611137,0,-1.143770814,0,1.680679798126221,0
5.615787983,-24.8505764,1,-14.08593464,1,-28.57824898,1,-2.019022942,1,-4.606455326,1,3.943249702453613,1,-1.404568911,0,-1.132175326,0,1.730309128761292,0
5.619785786,-23.54429245,1,-13.89767933,1,-29.09769821,1,-2.099629164,1,-4.695431709,1,4.165576457977295,1,-1.456195354,0,-1.118687749,0,1.778378725,0
5.623785496,-22.71613884,1,-13.24910545,1,-29.42496872,1,-2.129991293,1,-4.805420876,1,4.422936916351318,1,-1.505987525,0,-1.103274584,0,1.824497103691101,0
5.627787113,-21.87922668,1,-12.85396194,1,-30.14587212,1,-2.097743988,1,-4.900078297,1,4.650094985961914,1,-1.553523302,0,-1.08596313,0,1.868443489074707,0
5.631790638,-21.99893761,1,-11.49137115,1,-30.62044525,1,-2.020285845,1,-4.99979353,1,4.832603454589844,1,-1.598337293,0,-1.066874266,0,1.909982442855835,0
5.635790348,-23.84181786,1,-11.07126713,1,-31.78487587,1,-1.939482808,1,-4.945705414,1,5.008525371551514,1,-1.6397928,0,-1.046275854,0,1.948513150215149,0
5.639791965,-23.52922249,1,-11.68145275,1,-32.22363281,1,-1.873586416,1,-4.877874374,1,5.111741542816162,1,-1.677417994,0,-1.024360299,0,1.983394503593445,0
5.643789768,-23.35097885,1,-12.25935841,1,-33.0953598,1,-1.841308355,1,-4.756799698,1,5.186593055725098,1,-1.711414218,0,-1.001529932,0,2.014696598052979,0
5.647789478,-22.23757553,1,-13.07332897,1,-33.40992355,1,-1.831422806,1,-4.613323689,1,5.199430943,1,-1.742027044,0,-0.978092432,0,2.042537689208984,0
5.651790619,-20.98278999,1,-13.76058483,1,-33.85528946,1,-1.867308974,1,-4.451379776,1,5.188359737,1,-1.769667864,0,-0.954319596,0,2.067141056060791,0
5.655788422,-19.65266037,1,-14.21438408,1,-34.34257889,1,-1.954510331,1,-4.262490273,1,5.118325710296631,1,-1.79480195,0,-0.930491984,0,2.088774681091309,0
5.659788132,-18.31227303,1,-14.24856949,1,-34.56087875,1,-2.08044529,1,-4.029538155,1,4.993767738342285,1,-1.817817569,0,-0.906949639,0,2.107592821121216,0
5.663790226,-16.83345795,1,-14.47267818,1,-35.19931793,1,-2.203688145,1,-3.784327745,1,4.836981773376465,1,-1.839002013,0,-0.883947253,0,2.123758078,0
5.667787552,-14.54864597,1,-14.20576477,1,-35.70352936,1,-2.325063944,1,-3.537303686,1,4.646751403808594,1,-1.858644724,0,-0.861685932,0,2.137564420700073,0
5.671787739,-12.17455578,1,-13.77194691,1,-36.31087112,1,-2.416278124,1,-3.297033072,1,4.433674812316895,1,-1.876988053,0,-0.840315998,0,2.149325609207153,0
5.675788879,-9.867861748,1,-13.63189411,1,-36.55817795,1,-2.475264311,1,-3.039949656,1,4.224691867828369,1,-1.894097209,0,-0.81992197,0,2.159251213,0
5.679787159,-7.639583588,1,-13.73667145,1,-36.65273666,1,-2.542706013,1,-2.720097065,1,3.990523815155029,1,-1.909969687,0,-0.800627828,0,2.167321205,0
5.683786392,-5.748682499,1,-14.65969563,1,-35.89523697,1,-2.645840168,1,-2.318145514,1,3.733383417129517,1,-1.924654722,0,-0.782658756,0,2.173384428024292,0
5.687787533,-4.690398216,1,-16.1058979,1,-34.12937927,1,-2.812264204,1,-1.765843153,1,3.464874744415283,1,-1.938080788,0,-0.766288459,0,2.177005052566528,0
5.691785336,-3.417664051,1,-17.24710655,1,-31.83284569,1,-3.05982399,1,-1.099696517,1,3.170788049697876,1,-1.950299978,0,-0.751834154,0,2.177716255187988,0
5.695785522,-1.456641078,1,-17.42104912,1,-29.43852615,1,-3.321835041,1,-0.370176613,1,2.873238086700439,1,-1.96140635,0,-0.739528894,0,2.175257682800293,0
5.699787617,0.3476864695549011,1,-17.24517059,1,-26.31687546,1,-3.516836166,1,0.4224569201469421,1,2.633010149002075,1,-1.971217036,0,-0.72941643,0,2.169448852539063,0
5.703785419,3.862265586853027,1,-16.92537117,1,-23.56277847,1,-3.627447605,1,1.265260100364685,1,2.421534776687622,1,-1.97924757,0,-0.721455812,0,2.159985065460205,0
5.70778513,8.991254806518555,1,-16.6819458,1,-20.92842293,1,-3.664081573,1,2.086121797561646,1,2.258401155471802,1,-1.985202909,0,-0.715567291,0,2.146844625473022,0
5.711787701,16.31431198120117,1,-14.94769669,1,-16.98734093,1,-3.554537773,1,2.812878370285034,1,2.076969146728516,1,-1.988874674,0,-0.711636484,0,2.130300283432007,0
5.715785503,24.29382514953613,1,-11.94032383,1,-15.52380848,1,-3.1812253,1,3.274348497390747,1,1.884630560874939,1,-1.990018129,0,-0.70936358,0,2.111301422119141,0
5.719784737,27.95733642578125,1,-9.34474659,1,-13.79977798,1,-2.569665432,1,3.706012249,1,1.722649574279785,1,-1.988163829,0,-0.708444238,0,2.090677261352539,0
5.723786831,31.35757446289063,1,-6.488893509,1,-11.36591244,1,-1.64985323,1,4.219031810760498,1,1.604423046112061,1,-1.981963754,0,-0.708728492,0,2.068054437637329,0
5.727784634,32.95953369140625,1,-4.458326817,1,-8.565300941,1,-0.522633553,1,4.784671306610107,1,1.387642741203308,1,-1.97010231,0,-0.710290849,0,2.043121337890625,0
5.731784344,31.93918418884277,1,-3.153686762,1,-5.681855679,1,0.6725339889526367,1,5.406260967254639,1,0.9678836464881897,1,-1.952006221,0,-0.713632464,0,2.015864372253418,0
5.735785484,29.69273186,1,-1.861338973,1,-3.800583363,1,1.860249519348145,1,6.101253032684326,1,0.3414928615093231,1,-1.927404642,0,-0.719447553,0,1.986129999160767,0
5.739783287,26.34255599975586,1,-1.674328327,1,-3.395678997,1,2.970817327,1,6.809626579284668,1,-0.379207343,1,-1.896211505,0,-0.728146017,0,1.953672885894775,0
5.743782997,23.28710938,1,-4.147116661,1,-2.817823172,1,3.800568819046021,1,7.539517402648926,1,-1.110088229,1,-1.858717918,0,-0.739662349,0,1.918045520782471,0
5.747784615,21.94901275634766,1,-7.393103123,1,-1.815579653,1,4.215723037719727,1,8.219113349914551,1,-1.804356813,1,-1.815860033,0,-0.753591895,0,1.878687620162964,0
5.751788616,20.58334922790527,1,-9.927248955,1,-1.417529583,1,4.298537254333496,1,8.779901504516602,1,-2.449312449,1,-1.768877625,0,-0.769390941,0,1.835373282432556,0
5.755791187,18.06464004516602,1,-9.796211243,1,-2.356178761,1,4.216242313,1,8.806904792785645,1,-3.042631388,1,-1.71954751,0,-0.786316156,0,1.789369106292725,0
5.759792805,14.13239192962646,1,-7.69273138,1,-3.838611364,1,4.108970642089844,1,8.808178901672363,1,-3.509456873,1,-1.668916821,0,-0.803686261,0,1.741748094558716,0
5.763790131,10.16862010955811,1,-5.348054886,1,-5.76831913,1,4.094415187835693,1,8.810197830200195,1,-3.826487303,1,-1.616571546,0,-0.820893049,0,1.692188620567322,0
5.767789364,5.930009841918945,1,-2.51363349,1,-7.960259438,1,4.212944507598877,1,8.813652038574219,1,-4.048065186,1,-1.561831832,0,-0.837307632,0,1.640452385,0
5.771791458,1.784095883369446,1,0.2017309218645096,1,-10.36181736,1,4.473181247711182,1,8.819571495056152,1,-4.207489491,1,-1.504080653,0,-0.852494717,0,1.586421012878418,0
5.775789261,-2.344060183,1,2.249649286270142,1,-12.59811592,1,4.836975098,1,8.828506469726563,1,-4.338382244,1,-1.442803502,0,-0.866090178,0,1.530079007148743,0
5.779788971,-5.883150578,1,2.683262348175049,1,-13.9543705,1,5.228849888,1,8.836459159851074,1,-4.428962708,1,-1.372075438,0,-0.874710798,0,1.451673388,0
5.783790112,-8.891459465,1,1.140727877616882,1,-15.12870789,1,5.570081233978271,1,8.844098091125488,1,-4.503230572,1,-1.303889632,0,-0.883949041,0,1.391247272491455,0
5.787787914,-11.22296238,1,-1.646959901,1,-16.24129486,1,5.750092983,1,8.848132133483887,1,-4.543118477,1,-1.233105898,0,-0.890688419,0,1.329223036766052,0
5.791787148,-12.73807621,1,-4.754981518,1,-16.69365692,1,5.697348117828369,1,8.84753418,1,-4.557332516,1,-1.160986423,0,-0.894729018,0,1.266090631484985,0
5.795788765,-14.2437191,1,-6.819348812,1,-17.56798935,1,5.461837768554688,1,8.842502593994141,1,-4.546307564,1,-1.088971257,0,-0.895914257,0,1.202471613883972,0
5.799786568,-15.29878616,1,-8.136340141,1,-18.15563011,1,5.078626155853271,1,8.833990097045898,1,-4.539839268,1,-1.018311739,0,-0.894224346,0,1.138974428,0
5.803786278,-15.61582279,1,-8.806956291,1,-18.33164215,1,4.654576301574707,1,8.824658393859863,1,-4.492095947,1,-0.949967802,0,-0.889707983,0,1.076201438903809,0
5.807787895,-15.51260757,1,-8.697790146,1,-18.49604797,1,4.232408046722412,1,8.815004348754883,1,-4.406502724,1,-0.884617865,0,-0.88239342,0,1.014792084693909,0
5.811785698,-15.18667126,1,-7.772174358,1,-18.34813881,1,3.879379272460938,1,8.807616233825684,1,-4.276968002,1,-0.822716057,0,-0.872313023,0,0.9553724527359009,0
5.815784931,-14.45403481,1,-6.071918011,1,-18.19901276,1,3.643478870391846,1,8.802373886108398,1,-4.118280411,1,-0.764335155,0,-0.859579265,0,0.8984459638595581,0
5.819786072,-13.87787533,1,-4.041261673,1,-17.86238861,1,3.580199956893921,1,8.799272537231445,1,-3.937602758,1,-0.709245145,0,-0.844332516,0,0.8443991541862488,0
5.823783875,-13.97245026,1,-1.854961276,1,-17.1151619,1,3.658783912658691,1,8.800757408,1,-3.758855343,1,-0.657026052,0,-0.826751709,0,0.7934661507606506,0
5.827783585,-13.85742188,1,-0.242061019,1,-16.08686638,1,3.885677099227905,1,8.803759574890137,1,-3.537484407,1,-0.607246161,0,-0.806976855,0,0.7458575367927551,0
5.831785679,-13.6004858,1,0.7525723576545715,1,-14.39844322,1,4.227232933044434,1,8.808970451,1,-3.29078126,1,-0.559564114,0,-0.785112917,0,0.7018033266067505,0
5.835783005,-12.96549797,1,1.316697597503662,1,-12.44454384,1,4.619933128356934,1,8.815737724304199,1,-3.030929804,1,-0.513671875,0,-0.761280477,0,0.6614426970481873,0
5.839782238,-12.39537239,1,1.358297944068909,1,-10.17026615,1,5.036066532,1,8.823069572,1,-2.765779734,1,-0.46938917,0,-0.735651851,0,0.6247687339782715,0
5.843783855,-11.07473278,1,0.5853973031044006,1,-8.544563293,1,5.440448284,1,8.829841613769531,1,-2.518385172,1,-0.426551163,0,-0.708411396,0,0.5916927456855774,0
5.847781181,-10.01543331,1,-1.026421547,1,-7.03751564,1,5.716728210449219,1,8.83344841,1,-2.285404444,1,-0.385233402,0,-0.679747701,0,0.5620697140693665,0
5.851780891,-9.719367027,1,-3.860854387,1,-5.822385311,1,5.821941853,1,8.835365295410156,1,-2.092904568,1,-0.345784724,0,-0.649868786,0,0.535638154,0
5.855782509,-10.19582367,1,-6.654670715,1,-4.969135761,1,5.716880798339844,1,8.833123207092285,1,-1.979874015,1,-0.308636367,0,-0.619015574,0,0.5119978785514832,0
5.859780312,-10.46382809,1,-6.044094086,1,-5.247434616,1,5.412683963775635,1,8.826496124267578,1,-2.002458811,1,-0.274116933,0,-0.587461829,0,0.4904606640338898,0
5.863779545,-10.34179783,1,-2.324732065,1,-6.373821735,1,5.084117412567139,1,8.820117950439453,1,-2.12732482,1,-0.242219865,0,-0.555446804,0,0.4702579975128174,0
5.867781162,-11.59055328,1,-0.458450496,1,-5.751746655,1,4.997029304504395,1,8.819697380065918,1,-2.260647774,1,-0.21226503,0,-0.523051679,0,0.4510379135608673,0
5.87178421,-12.90631962,1,2.077350378036499,1,-5.98630476,1,5.133167266845703,1,8.823793411254883,1,-2.427494764,1,-0.183090717,0,-0.490289032,0,0.4326298534870148,0
5.875783443,-13.51868629,1,4.706673622131348,1,-6.539734364,1,5.360507011413574,1,8.829710960388184,1,-2.696116209,1,-0.153918922,0,-0.457201809,0,0.4146309494972229,0
5.879785538,-13.73967171,1,5.721621036529541,1,-7.343627453,1,5.622692584991455,1,8.836647033691406,1,-2.972585201,1,-0.124344364,0,-0.423780739,0,0.396817148,0
5.88378334,-13.99845123,1,4.763963699,1,-8.158633232,1,5.822142601013184,1,8.842698097229004,1,-3.263782263,1,-0.094430834,0,-0.389995158,0,0.3791190385818481,0
5.887782574,-14.04652405,1,4.380821704864502,1,-8.987329483,1,5.947921752929688,1,8.846528053283691,1,-3.558237791,1,-0.064464472,0,-0.355809808,0,0.3615036010742188,0
5.891783714,-14.27378273,1,4.164100170135498,1,-9.987503052,1,6.022454738616943,1,8.850621223449707,1,-3.848351002,1,-0.034677438,0,-0.321193933,0,0.3439525961875916,0
5.895781517,-15.50579643,1,3.713098526000977,1,-11.1451683,1,6.061045169830322,1,8.851398468017578,1,-4.1059618,1,-0.005297846,0,-0.286113679,0,0.3265385031700134,0
5.899781227,-17.24585342,1,3.277918338775635,1,-12.44123936,1,6.070523262023926,1,8.853999137878418,1,-4.368162632,1,0.023546875,0,-0.250548095,0,0.309292734,0
5.903782845,-18.44914627,1,2.976452827453613,1,-13.7993021,1,6.004878044128418,1,8.852394104003906,1,-4.643785477,1,0.051666345,0,-0.214482024,0,0.2921600341796875,0
5.907780647,-19.31803894,1,2.238801956176758,1,-15.09818172,1,5.859953880310059,1,8.798654556274414,1,-4.908067226,1,0.078757323,0,-0.17800568,0,0.2750586569309235,0
5.911779404,-20.29827309,1,1.172600388526917,1,-16.5679512,1,5.664349555969238,1,8.722358703613281,1,-5.128528118,1,0.1045163199305534,0,-0.141263351,0,0.2580495178699493,0
5.915781021,-21.80637741,1,0.411193311,1,-18.51572227,1,5.408427238464355,1,8.644306182861328,1,-5.31149292,1,0.1287257373332977,0,-0.104328111,0,0.2412195354700089,0
5.919778824,-24.30258369,1,-0.358618438,1,-20.81138992,1,5.115281581878662,1,8.586054801940918,1,-5.468318462,1,0.1512020379304886,0,-0.067194998,0,0.2246106714010239,0
5.923778534,-27.47022438,1,-0.482740134,1,-23.43195152,1,4.832203388214111,1,8.542754173278809,1,-5.591346264,1,0.1718898415565491,0,-0.029828588,0,0.20827271,0
5.927780151,-31.3885231,1,-0.332975328,1,-25.55710602,1,4.580061912536621,1,8.539073944091797,1,-5.67649889,1,0.1908832043409348,0,0.007835129,0,0.1922658830881119,0
5.931777954,-35.27997589,1,0.7674948573112488,1,-27.48967552,1,4.422462463378906,1,8.523643493652344,1,-5.729850769,1,0.2084512114524841,0,0.045811407,0,0.1766731441020966,0
5.935777664,-38.82814789,1,2.512617826461792,1,-28.37815666,1,4.347326755523682,1,8.512764930725098,1,-5.751441479,1,0.2249786555767059,0,0.084032252,0,0.1615306735038757,0
5.939779758,-42.81943512,1,3.925369501113892,1,-28.19979668,1,4.377207279205322,1,8.490537643432617,1,-5.733417511,1,0.2409098595380783,0,0.1224389597773552,0,0.1469516158103943,0
5.943776608,-45.85992432,1,4.761858463287354,1,-26.92618561,1,4.437360763549805,1,8.393273354,1,-5.63346529,1,0.2565785944461823,0,0.1607937216758728,0,0.1330729275941849,0
5.947775841,-48.37438202,1,4.898401260375977,1,-24.69908333,1,4.478735446929932,1,8.177758217,1,-5.439036846,1,0.2721110582351685,0,0.1985966861248016,0,0.1201280206441879,0
5.951777935,-50.38100052,1,3.838549613952637,1,-22.10315514,1,4.412609577178955,1,7.793455123901367,1,-5.148899078,1,0.2873906791210175,0,0.2351929694414139,0,0.1083105057477951,0
5.955775261,-52.6906929,1,3.577416896820068,1,-19.79184151,1,4.193516731262207,1,7.176136016845703,1,-4.772633553,1,0.3019774258136749,0,0.2696633040904999,0,0.097664982,0
5.959775448,-55.48420334,1,4.447847366333008,1,-17.83940506,1,3.930614709854126,1,6.394602776,1,-4.302183628,1,0.3155688643455505,0,0.3010632991790771,0,0.08821097,0
5.963776588,-58.14716339,1,7.846003056,1,-16.64968872,1,3.722744941711426,1,5.473598957061768,1,-3.791819096,1,0.3282814919948578,0,0.3287495970726013,0,0.079965271,0
5.967774868,-62.74290848,1,14.30474853515625,1,-14.97580242,1,3.763456106185913,1,4.487333775,1,-3.266148567,1,0.3407616317272186,0,0.3521724939346313,0,0.072713882,0
5.971774101,-66.60106659,1,16.64289665222168,1,-12.68366528,1,4.001495361328125,1,3.691588163375854,1,-2.666924238,1,0.3541891574859619,0,0.3715565204620361,0,0.066764817,0
5.975775719,-69.12516785,1,15.49454116821289,1,-9.190043449,1,4.012450218200684,1,2.974085092544556,1,-2.103446245,1,0.3686553239822388,0,0.387377918,0,0.062217467,0
5.979773521,-70.09890747,1,12.26322269439697,1,-4.111191273,1,3.591603994369507,1,2.393049955368042,1,-1.509036541,1,0.3827919065952301,0,0.3999739587306976,0,0.059171688,0
5.983772755,-68.92622375,1,8.947524070739746,1,0.4658328294754028,1,2.895344495773315,1,1.915268540382385,1,-0.896636605,1,0.3953069150447845,0,0.4097518920898438,0,0.057881016,0
5.987774372,-64.20619202,1,11.56543827056885,1,3.607126235961914,1,2.091312170028687,1,1.121904373168945,1,-0.422193855,1,0.4050588607788086,0,0.4163830578327179,0,0.05778455,0
5.991778374,-61.37892914,1,19.29021644592285,1,6.561303615570068,1,1.578579068183899,1,0.4166716635227203,1,0.1083084419369698,1,0.4126312136650085,0,0.4194719791412354,0,0.05845109,0
5.995778084,-59.40490723,1,20.85030364990234,1,9.085090637207031,1,1.302081108093262,1,-0.205867037,1,0.8068656921386719,1,0.419226736,0,0.4190701246261597,0,0.060502242,0
5.999779701,-57.04053879,1,20.35885620117188,1,9.250617980957031,1,0.8869708776473999,1,-0.744239569,1,1.399203538894653,1,0.4250061810016632,0,0.415518731,0,0.064017043,0
6.003777504,-54.92797089,1,20.86603736877441,1,10.08470249176025,1,0.7351300120353699,1,-1.279159307,1,1.945950388908386,1,0.4301396012306213,0,0.4090427458286285,0,0.068865858,0
6.007776737,-55.83071518,1,21.26164436340332,1,8.919775009155273,1,0.6035199761390686,1,-1.708550692,1,2.405544281005859,1,0.4351492524147034,0,0.3999274969100952,0,0.074705556,0
6.011777878,-54.77133179,1,16.92699623,1,7.939672470092773,1,0.2474379241466522,1,-1.995148778,1,2.839020967483521,1,0.4395617246627808,0,0.3887534737586975,0,0.081607811,0
6.015775681,-52.64878082,1,11.70088672637939,1,6.965240478515625,1,-0.313632935,1,-2.310509443,1,3.181550979614258,1,0.442385733,0,0.3758285045623779,0,0.089432865,0
6.019775391,-48.79423904,1,8.376364707946777,1,6.092136383056641,1,-0.926729083,1,-2.685342312,1,3.391735315322876,1,0.4428388476371765,0,0.3611756563186646,0,0.097598977,0
6.023777485,-43.59817886,1,8.738557815551758,1,5.267569541931152,1,-1.511051655,1,-3.177271843,1,3.466246843338013,1,0.4406734704971313,0,0.3447078466415405,0,0.1055280193686485,0
6.027774811,-37.83538055,1,7.996172428131104,1,2.038453102111816,1,-1.943110824,1,-3.73202014,1,3.411420822143555,1,0.4360719919204712,0,0.3264075517654419,0,0.1124911606311798,0
6.031774521,24.67215156555176,1,-4.579769135,1,-15.22202206,1,-4.417267323,1,-5.755036831,1,3.405565500259399,1,0.3996919393539429,0,0.3400634527206421,0,0.040411264,0
6.035776615,-70.34169769,1,6.550073146820068,1,27.51292419433594,1,-3.033813238,1,-7.426079273,1,4.360190868377686,1,0.3870020806789398,0,0.3094455599784851,0,0.043877468,0
6.039774418,9.980395317077637,1,-46.86167526,1,1.345123410224915,1,-5.572691441,1,-6.916183949,1,4.088276386260986,1,0.3701918721199036,0,0.2765805721282959,0,0.04921088,0
6.043773651,18.34310531616211,1,-45.62701416,1,-21.43164825,1,-7.287640095,1,-8.869631767,1,5.178163051605225,1,0.3468784689903259,0,0.2412020117044449,0,0.055807229,0
6.047774792,-2.906006098,1,-57.37718201,1,-65.68173218,1,-6.819712162,1,-8.890790939,1,6.057098865509033,1,0.3202834725379944,0,0.2003069967031479,0,0.065502651,0
6.051773071,-62.75933075,1,-93.80328369,1,-99.51796722,1,-8.616709709,1,-8.930380821,1,6.532182693481445,1,0.2907254993915558,0,0.1587286740541458,0,0.078959987,0
6.055772305,-123.5275269,1,-33.78794479,1,-79.93785095,1,-8.625411034,1,-8.939826012,1,8.220924377441406,1,0.2588152289390564,0,0.1163285374641418,0,0.097887307,0
6.059773922,-126.8013229,1,36.80778503417969,1,-47.8823967,1,-8.628024101,1,-8.571092606,1,7.921954154968262,1,0.226563424,0,0.07400398,0,0.1216653063893318,0
6.063771725,-60.84809113,1,82.18914031982422,1,-40.76127625,1,-8.03942585,1,-8.393088341,1,4.564378738,1,0.1936466693878174,0,0.036440473,0,0.1393873691558838,0
6.067771435,-17.75736809,1,78.67700195,1,-41.6030159,1,-5.95472765,1,-7.605916023,1,3.218730926513672,1,0.1666876077651978,0,0.002230194,0,0.1480905562639236,0
6.071773052,28.01875114440918,1,82.59940338134766,1,-1.958532691,1,-4.191274166,1,-7.766186714,1,4.004628658294678,1,0.1459584087133408,0,-0.030312972,0,0.1575180143117905,0
6.075770855,-17.36960602,1,39.08436584472656,1,-11.50957394,1,-2.146951199,1,-5.823191643,1,4.519585609436035,1,0.1332012563943863,0,-0.060706701,0,0.1704719513654709,0
6.079770088,-103.6050186,1,-3.815599203,1,-19.98248291,1,-1.992298126,1,-1.179612756,1,3.767352581,1,0.1238255128264427,0,-0.075958282,0,0.1860398352146149,0
6.083771706,-69.27288055,1,-46.09697342,1,20.57568932,1,-1.539618969,1,-1.939219356,1,0.6081348061561584,1,0.1163416504859924,0,-0.0824074,0,0.1943246573209763,0
6.087769508,-7.920073032,1,8.659597396850586,1,-4.743897438,1,-2.188584328,1,-1.822654128,1,0.055255435,1,0.1085438132286072,0,-0.090422116,0,0.1936280727386475,0
6.091768742,-8.173312187,1,66.87049102783203,1,-23.77835655,1,-0.478375167,1,-0.666498065,1,1.146311402320862,1,0.1028359234333038,0,-0.095620364,0,0.1955752968788147,0
6.095770836,2.853725195,1,-2.371098518,1,-8.26958847,1,0.2130404412746429,1,-0.809113324,1,1.052215456962585,1,0.1022980436682701,0,-0.098912761,0,0.2002722024917603,0
6.099768162,-30.916008,1,-46.83901215,1,-12.43270206,1,-0.471936673,1,-0.594045937,1,0.2967820763587952,1,0.101783812,0,-0.102029301,0,0.2023927420377731,0
6.103767872,5.061851501464844,1,-14.75345421,1,-13.32562256,1,-1.072580576,1,-1.025776744,1,1.162091851234436,1,0.098033607,0,-0.105416417,0,0.2047900706529617,0
6.107769966,1.479861855506897,1,11.32316303253174,1,-16.70673561,1,-0.973188818,1,-0.943026364,1,1.279957413673401,1,0.093305081,0,-0.109624252,0,0.2095991671085358,0
6.111767769,-10.85368729,1,9.490109443664551,1,-14.7512188,1,-0.493432015,1,-1.150174618,1,0.9820696115493774,1,0.089969784,0,-0.114365488,0,0.2137398421764374,0
6.115773678,-8.658129692,1,-0.927647412,1,-10.74536037,1,-0.248262748,1,-1.292778373,1,1.032068848609924,1,0.088147491,0,-0.119475201,0,0.2173369526863098,0
6.119775295,-7.979344368,1,-5.441342354,1,-8.554816246,1,-0.279031694,1,-1.273766756,1,0.9956806898117065,1,0.086627498,0,-0.124991842,0,0.2208377569913864,0
6.123773098,-8.305970192,1,1.422832846641541,1,-8.841504097,1,-0.199610367,1,-1.195782423,1,1.149383306503296,1,0.085159875,0,-0.130244091,0,0.2247529327869415,0
6.127772808,-6.258119106,1,-0.595735192,1,-10.38497829,1,-0.227213264,1,-1.263923407,1,1.085735321044922,1,0.083725318,0,-0.135501966,0,0.22888276,0
6.131774426,-5.498266697,1,4.611401081085205,1,-11.81577301,1,-0.104906462,1,-1.346659541,1,0.9743134379386902,1,0.082524888,0,-0.141044244,0,0.2325679510831833,0
6.135772228,-3.373549223,1,5.596244335174561,1,-15.59389591,1,0.1162336692214012,1,-1.585440755,1,0.927121639,1,0.082069822,0,-0.147123769,0,0.2359241247177124,0
6.139771938,-5.95766592,1,-3.426246643,1,-14.78507042,1,0.1476325243711472,1,-1.959837079,1,0.8561269044876099,1,0.082227401,0,-0.154496804,0,0.2389174848794937,0
6.143773556,-6.923480511,1,-3.105272293,1,-14.97311306,1,0.1652627140283585,1,-2.227544785,1,0.8954125046730042,1,0.08236631,0,-0.163137138,0,0.2417223155498505,0
6.147771358,-1.895477891,1,-2.824709415,1,-18.16519737,1,-0.049213246,1,-2.601049185,1,0.9391782879829407,1,0.082172558,0,-0.173006073,0,0.2446648925542831,0
6.151770592,-0.54821378,1,1.703522801399231,1,-23.10407257,1,-0.033785123,1,-3.17302537,1,0.8000425100326538,1,0.081446908,0,-0.184709772,0,0.2472208291292191,0
6.155771732,1.257885932922363,1,1.324808239936829,1,-25.14587975,1,-0.127525717,1,-3.949898958,1,0.7296115756034851,1,0.080715112,0,-0.199060366,0,0.2491893470287323,0
6.159769535,-1.177170157,1,1.144518971443176,1,-24.958992,1,-0.130845323,1,-4.718576908,1,0.6625828742980957,1,0.07994625,0,-0.216573894,0,0.2505861520767212,0
6.163769245,-1.148501635,1,-1.81965363,1,-28.49522972,1,-0.134215266,1,-5.571086407,1,0.6285942196846008,1,0.079165727,0,-0.237277985,0,0.2515603601932526,0
6.167771339,3.351247787475586,1,-5.066653728,1,-30.1448288,1,-0.203690797,1,-6.461138725,1,0.7853198647499084,1,0.07837332,0,-0.261422724,0,0.2524567842483521,0
6.171768665,6.632063388824463,1,-9.973075867,1,-31.69957352,1,-0.559041321,1,-7.630748272,1,0.9449928402900696,1,0.076493718,0,-0.289781421,0,0.253757507,0
6.175768375,10.37037658691406,1,-6.775364876,1,-32.366539,1,-0.617601633,1,-8.716749191,1,1.161894321,1,0.073457874,0,-0.322819471,0,0.2555727064609528,0
6.17977047,9.761940002441406,1,-8.185571671,1,-32.17650223,1,-0.512604833,1,-8.732952118,1,1.456508755683899,1,0.070260674,0,-0.358019263,0,0.2584410607814789,0
6.183768272,13.61225509643555,1,-9.11362648,1,-29.95913887,1,-0.508679092,1,-8.734399796,1,1.820477962493896,1,0.066569671,0,-0.393318295,0,0.2629063725471497,0
6.187767506,15.85479164123535,1,-10.47733879,1,-29.58341789,1,-0.497246355,1,-8.736261368,1,2.219975948,1,0.062070038,0,-0.428701818,0,0.269213855,0
6.191769123,14.99512100219727,1,-11.20190811,1,-27.20694542,1,-0.608816922,1,-8.741177559,1,2.605905294418335,1,0.056254115,0,-0.464169294,0,0.2776228487491608,0
6.195766926,9.600024223327637,1,-10.52708721,1,-26.24509239,1,-0.744627118,1,-8.746704102,1,3.000282287597656,1,0.048634421,0,-0.499684691,0,0.2882015705108643,0
6.199766636,1.775720715522766,1,-7.136566639,1,-25.02731895,1,-0.665030956,1,-8.745166779,1,3.319293737411499,1,0.039380986,0,-0.535192072,0,0.3009843826293945,0
6.203767776,2.935726165771484,1,-3.962536097,1,-24.36721611,1,-0.445850998,1,-8.743294716,1,3.579518795013428,1,0.029424632,0,-0.57062304,0,0.3157440423965454,0
6.207765579,0.3365526497364044,1,1.121859073638916,1,-24.44080734,1,-0.21447356,1,-8.74060154,1,3.998949051,1,0.018445915,0,-0.605948389,0,0.3330656588077545,0
6.211765289,-16.50155449,1,8.411460876464844,1,-23.48544884,1,0.5721452832221985,1,-8.725413322,1,4.031728744506836,1,0.007749035,0,-0.641090453,0,0.352376401,0
6.215766907,-37.50383759,1,11.84254646,1,-23.10694504,1,1.530074715614319,1,-8.703402519,1,3.915645837783813,1,-0.000356293,0,-0.67600435,0,0.3723090291023254,0
6.219764709,-48.20094299,1,13.54298400878906,1,-19.89390182,1,2.718182563781738,1,-8.679940224,1,4.044932842254639,1,-0.005116594,0,-0.710724711,0,0.3930713534355164,0
6.22376442,-62.78212738,1,6.593500137329102,1,-12.52024269,1,3.689839601516724,1,-8.661485672,1,4.153134346008301,1,-0.007038027,0,-0.745301068,0,0.4152608811855316,0
6.22776556,-84.18680573,1,3.716555595397949,1,-7.562748909,1,4.334907054901123,1,-8.647827148,1,4.242731094360352,1,-0.00713773,0,-0.779793382,0,0.4389564692974091,0
6.231763363,-96.75357819,1,2.956985950469971,1,-6.585158825,1,4.530522346496582,1,-8.643949509,1,4.120346069335938,1,-0.006757095,0,-0.814258039,0,0.4633319079875946,0
6.235768795,-86.82072449,1,-2.505026579,1,-0.915062308,1,4.531878948,1,-8.598986626,1,4.039496421813965,1,-0.006794556,0,-0.848681927,0,0.4876525700092316,0
6.239770412,-59.11329269,1,4.433462619781494,1,5.119616508483887,1,4.517673969268799,1,-6.54502821,1,3.816628932952881,1,-0.007474408,0,-0.879072368,0,0.5122244358062744,0
6.243768692,-19.22826958,1,-22.85974503,1,12.12495136260986,1,3.321674585342407,1,-4.527710915,1,3.899926424026489,1,-0.010081571,0,-0.900992453,0,0.5368010401725769,0
6.247767925,2.818701744,1,-32.75745773,1,26.27966881,1,0.8934543132781982,1,-4.760741234,1,4.178184032440186,1,-0.022855135,0,-0.917797148,0,0.5628083348274231,0
6.251770496,-66.39113617,1,-17.90559196,1,-5.523446083,1,-0.81239444,1,-3.776630878,1,4.021025181,1,-0.045338303,0,-0.936097264,0,0.5912929773330688,0
6.255768776,-59.11942291,1,-21.38216972,1,-10.00944328,1,-2.88620472,1,-1.836570978,1,4.126695633,1,-0.076174468,0,-0.946069717,0,0.6201323270797729,0
6.259768486,-27.94166565,1,-13.20833683,1,-8.526137352,1,-4.21969223,1,-1.62858665,1,4.359243869781494,1,-0.115068533,0,-0.950817645,0,0.6502348184585571,0
6.26377058,-19.33879471,1,-4.03289938,1,-13.09867954,1,-4.817773342,1,-2.53264451,1,4.192442417144775,1,-0.158772767,0,-0.956592441,0,0.6814616918563843,0
6.267771721,-14.0412674,1,2.686563491821289,1,-12.3010397,1,-4.831720829,1,-3.894560099,1,4.375452518463135,1,-0.205561668,0,-0.96608007,0,0.7148078680038452,0
6.271770954,-15.64215946,1,4.085087776184082,1,-12.70423508,1,-4.292210102,1,-5.193955421,1,4.514610290527344,1,-0.255647808,0,-0.979753494,0,0.7531892061233521,0
6.275773525,-24.67342377,1,6.703667640686035,1,-14.20433426,1,-3.359980106,1,-5.961614132,1,4.330290794372559,1,-0.306327522,0,-0.996440053,0,0.7954845428466797,0
6.279772282,-32.51896286,1,5.570533275604248,1,-14.68273258,1,-2.359140635,1,-6.159867287,1,4.116131306,1,-0.312420636,0,-1.012443066,0,0.752683699,0
6.283771515,-36.98619461,1,1.960621118545532,1,-15.63918877,1,-1.404695988,1,-5.988924026,1,3.958400964736938,1,-0.357894957,0,-1.030163407,0,0.7972308993339539,0
6.287772655,-39.4258194,1,-4.32021904,1,-17.30836678,1,-0.682521224,1,-5.554372311,1,3.840506315231323,1,-0.401094079,0,-1.045864701,0,0.8426201939582825,0
6.291770458,-38.65161133,1,-12.04367161,1,-19.52268028,1,-0.406991363,1,-5.018960953,1,3.685047865,1,-0.442413688,0,-1.058999181,0,0.8878201246261597,0
6.295770168,-34.59260941,1,-19.44150925,1,-21.55648994,1,-0.582082033,1,-4.509614944,1,3.505846500396729,1,-0.482796818,0,-1.069601655,0,0.9318617582321167,0
6.299772739,-29.1078167,1,-23.30430794,1,-23.09710312,1,-1.0570544,1,-4.196259022,1,3.313362121582031,1,-0.523526967,0,-1.078237653,0,0.9745103120803833,0
6.303771496,-24.64396858,1,-22.29684258,1,-24.03090477,1,-1.598100662,1,-4.074621677,1,3.048244476318359,1,-0.565415323,0,-1.0857656,0,1.015933632850647,0
6.307771206,-22.83244133,1,-19.82704735,1,-23.97162437,1,-1.969393611,1,-4.021389961,1,2.768481254577637,1,-0.6082955,0,-1.092812061,0,1.056216002,0
6.311772823,-23.1156826,1,-17.68096352,1,-23.94987869,1,-2.164670706,1,-3.962695599,1,2.479279041290283,1,-0.651439548,0,-1.099547982,0,1.095366477966309,0
6.315770149,-23.81443405,1,-15.94947052,1,-24.02054787,1,-2.227320433,1,-3.876459122,1,2.225373745,1,-0.694099545,0,-1.105951548,0,1.133297204971313,0
6.319770336,-24.43886757,1,-14.65690517,1,-24.58726883,1,-2.146943569,1,-3.786473751,1,2.024860620498657,1,-0.735924006,0,-1.11196959,0,1.170227289199829,0
6.323771477,-24.89216995,1,-13.78248024,1,-25.65308952,1,-1.978599429,1,-3.716140985,1,1.902558088302612,1,-0.776803493,0,-1.117488265,0,1.206545114517212,0
6.327774048,-25.79384422,1,-12.0102253,1,-26.40415001,1,-1.749929905,1,-3.659613848,1,1.818937420845032,1,-0.816805482,0,-1.122486949,0,1.242684125900269,0
6.331773758,-27.03654861,1,-10.48064041,1,-27.31678009,1,-1.457567811,1,-3.586779356,1,1.765715003013611,1,-0.855780661,0,-1.126881599,0,1.278759956359863,0
6.335775852,-27.46842575,1,-10.41853809,1,-28.65106773,1,-1.154227257,1,-3.460226059,1,1.745204687,1,-0.893409371,0,-1.130576015,0,1.314629077911377,0
6.339773655,-26.06412697,1,-11.57533741,1,-29.16361618,1,-0.89197439,1,-3.379435539,1,1.791170358657837,1,-0.929713249,0,-1.133378386,0,1.350224137306213,0
6.343773365,-23.51153183,1,-12.30575275,1,-29.44813919,1,-0.7102139,1,-3.333970547,1,1.890421867370605,1,-0.965492368,0,-1.135233521,0,1.386189222335815,0
6.347774982,-22.84601021,1,-13.10748291,1,-29.75490189,1,-0.61141336,1,-3.347144365,1,2.120337247848511,1,-1.001566172,0,-1.136015773,0,1.423083901405334,0
6.351772785,-21.59052086,1,-13.22031212,1,-29.97310066,1,-0.55318296,1,-3.361334324,1,2.376564741134644,1,-1.038562894,0,-1.135357738,0,1.461314916610718,0
6.355778217,-20.39532471,1,-12.96652412,1,-30.28949928,1,-0.507586956,1,-3.409927607,1,2.682451963424683,1,-1.07659018,0,-1.133220553,0,1.500953435897827,0
6.359779835,-19.03444672,1,-12.79522228,1,-30.14012718,1,-0.48548457,1,-3.455709696,1,3.010213613510132,1,-1.115565658,0,-1.129346967,0,1.541804194450378,0
6.363778114,-18.41228104,1,-12.08281231,1,-30.27072525,1,-0.429759473,1,-3.512868404,1,3.326545715332031,1,-1.155204535,0,-1.123745561,0,1.583682894706726,0
6.367777348,-18.0524292,1,-12.40865707,1,-29.95433998,1,-0.390622795,1,-3.553653479,1,3.658191919326782,1,-1.194910288,0,-1.116317868,0,1.625982761383057,0
6.371778965,-17.91277313,1,-12.90271378,1,-29.77970886,1,-0.384758383,1,-3.575009823,1,3.964580774307251,1,-1.234236121,0,-1.106993794,0,1.668127179145813,0
6.375776768,-17.44976616,1,-13.31590271,1,-29.63400269,1,-0.449510813,1,-3.581525803,1,4.246535778045654,1,-1.272835493,0,-1.095842838,0,1.709556818008423,0
6.379776001,-17.20355988,1,-13.77778339,1,-29.35313034,1,-0.58186239,1,-3.585045338,1,4.490632057189941,1,-1.310474992,0,-1.082987189,0,1.749718189239502,0
6.383777618,-16.48389816,1,-14.21938896,1,-28.70183945,1,-0.744283795,1,-3.595738649,1,4.707628726959229,1,-1.347111225,0,-1.068547845,0,1.788339376449585,0
6.387775421,-16.02431107,1,-14.02083588,1,-28.23202896,1,-0.961802781,1,-3.588750839,1,4.876206398010254,1,-1.382679462,0,-1.052715421,0,1.825200319290161,0
6.391774654,-15.43680668,1,-14.36975574,1,-28.02922058,1,-1.174186707,1,-3.572758913,1,5.022585391998291,1,-1.417003036,0,-1.035645843,0,1.859973073005676,0
6.395775795,-14.28890514,1,-14.63028812,1,-27.96269417,1,-1.414053798,1,-3.561941147,1,5.142126560211182,1,-1.450120211,0,-1.017452955,0,1.892638921737671,0
6.399773598,-13.20688438,1,-14.70836258,1,-28.14312553,1,-1.653711915,1,-3.537406921,1,5.237487316131592,1,-1.482098341,0,-0.998282373,0,1.923179626464844,0
6.403773308,-12.55124569,1,-14.73184586,1,-28.78338623,1,-1.891492486,1,-3.489668608,1,5.291327953338623,1,-1.512836576,0,-0.978308916,0,1.951491355895996,0
6.407774925,-11.90806293,1,-13.90775204,1,-29.77613831,1,-2.099478483,1,-3.402062416,1,5.255761147,1,-1.542191505,0,-0.957812846,0,1.977411866188049,0
6.411772251,-11.81825733,1,-12.74834442,1,-30.91540146,1,-2.268614531,1,-3.21438241,1,5.175401210784912,1,-1.569815993,0,-0.937124372,0,2.000654458999634,0
6.415771484,-11.21819019,1,-12.53117085,1,-31.52407265,1,-2.369677067,1,-2.892936468,1,5.014284133911133,1,-1.595110416,0,-0.916579902,0,2.020670413970947,0
6.419773579,-10.11027718,1,-12.70274353,1,-31.53376198,1,-2.435660839,1,-2.438001633,1,4.819544792175293,1,-1.617467642,0,-0.896530092,0,2.036861658096313,0
6.423770905,-8.83470726,1,-13.18513107,1,-30.89834976,1,-2.51304245,1,-1.834058046,1,4.571057319641113,1,-1.636588335,0,-0.877288401,0,2.048757791519165,0
6.427771091,-6.856631279,1,-14.26906872,1,-29.16597939,1,-2.593351841,1,-1.100851893,1,4.283968925476074,1,-1.652193069,0,-0.859185696,0,2.055832862854004,0
6.431772709,-3.839161158,1,-14.84019661,1,-27.13995934,1,-2.726219177,1,-0.304909378,1,3.946635484695435,1,-1.664382577,0,-0.842531919,0,2.057910680770874,0
6.435770512,-0.569895566,1,-15.50434208,1,-24.39926338,1,-2.853255987,1,0.5173816084861755,1,3.640234947,1,-1.67345047,0,-0.827478409,0,2.055071115493774,0
6.439770222,2.870975732803345,1,-15.31672955,1,-21.4776516,1,-2.920316458,1,1.352901339530945,1,3.353286981582642,1,-1.679449797,0,-0.813964248,0,2.047461748123169,0
6.443771362,7.124741554260254,1,-15.41464043,1,-18.54219246,1,-2.943566084,1,2.203680276870728,1,3.092355489730835,1,-1.682322264,0,-0.801946521,0,2.035181999206543,0
6.447769165,13.33701801300049,1,-16.17823792,1,-15.36437988,1,-2.917259693,1,2.983354568481445,1,2.851981163024902,1,-1.682116508,0,-0.791301668,0,2.018490076065063,0
6.451768398,21.17785072,1,-15.82155132,1,-12.00116062,1,-2.865487099,1,3.583274841308594,1,2.656285762786865,1,-1.679348111,0,-0.781811714,0,1.998211145401001,0
6.455770016,29.34514427185059,1,-14.35505676,1,-11.57289219,1,-2.657547235,1,3.844493627548218,1,2.487869739532471,1,-1.674758554,0,-0.77317512,0,1.975853800773621,0
6.459768295,29.88846778869629,1,-12.82334995,1,-10.36700821,1,-2.275486469,1,4.091456413269043,1,2.382997274398804,1,-1.668508768,0,-0.765102923,0,1.952616214752197,0
6.463767529,29.26938247680664,1,-10.53613186,1,-7.457931519,1,-1.607417464,1,4.625206470489502,1,2.282943725585938,1,-1.659024715,0,-0.757414818,0,1.927502632141113,0
6.467769146,29.19140243530273,1,-8.128920555,1,-5.785359383,1,-0.725222111,1,5.225534915924072,1,2.018359184265137,1,-1.644633651,0,-0.75039053,0,1.899611711502075,0
6.471766949,26.31474876403809,1,-5.767156124,1,-4.489360332,1,0.250799298,1,5.912740707397461,1,1.510904669761658,1,-1.624613643,0,-0.744705319,0,1.868729591369629,0
6.475772858,22.20888519287109,1,-3.831757545,1,-3.52055192,1,1.351959109306335,1,6.742013454437256,1,0.8128265142440796,1,-1.598060131,0,-0.741065681,0,1.834167242050171,0
6.479774952,18.57918739318848,1,-3.789942503,1,-2.763427973,1,2.422161340713501,1,7.594027519226074,1,0.032449841,1,-1.564241529,0,-0.739674628,0,1.795274734,0
6.483772278,16.90206146240234,1,-6.023621559,1,-2.158802509,1,3.221212863922119,1,8.383028030395508,1,-0.739364088,1,-1.523645878,0,-0.74025321,0,1.751921177,0
6.487771988,17.00803184509277,1,-8.505442619,1,-1.444486618,1,3.690322399139404,1,8.787952423095703,1,-1.463410974,1,-1.477865458,0,-0.742237687,0,1.704701662063599,0
6.491774082,16.31589889526367,1,-9.719186783,1,-1.258493662,1,3.949726581573486,1,8.796776772,1,-2.149055243,1,-1.429620385,0,-0.745331109,0,1.656081438064575,0
6.495771885,14.26910877227783,1,-9.890679359,1,-1.919926167,1,4.108121871948242,1,8.803472518920898,1,-2.731731415,1,-1.379807472,0,-0.749173105,0,1.606542825698853,0
6.499771595,11.02227973937988,1,-9.095702171,1,-3.075880766,1,4.227686882019043,1,8.809614181518555,1,-3.164958715,1,-1.328629255,0,-0.753160834,0,1.555994033813477,0
6.503772736,7.298364639282227,1,-7.465327263,1,-4.557295799,1,4.335231304168701,1,8.812270164489746,1,-3.452139616,1,-1.276226521,0,-0.756609797,0,1.504505992,0
6.507770061,3.991908789,1,-5.878436565,1,-5.922306538,1,4.535574436187744,1,8.817225456237793,1,-3.647595167,1,-1.222596526,0,-0.758965611,0,1.45226264,0
6.511769772,0.3489966690540314,1,-5.19090271,1,-7.315607548,1,4.805375576019287,1,8.824451446533203,1,-3.771253347,1,-1.167589784,0,-0.759836316,0,1.399489879608154,0
6.515771389,-3.401721478,1,-5.254077911,1,-8.379512787,1,5.102690696716309,1,8.830649375915527,1,-3.866643667,1,-1.111262679,0,-0.758947194,0,1.346461296081543,0
6.519769192,-6.586181164,1,-6.139189243,1,-9.731595993,1,5.346942425,1,8.836881637573242,1,-3.949590445,1,-1.053880095,0,-0.756176412,0,1.293417453765869,0
6.523768425,-9.169678688,1,-7.539283752,1,-11.08889961,1,5.448390483856201,1,8.839035034179688,1,-4.030562878,1,-0.99609971,0,-0.751458406,0,1.240616441,0
6.527769566,-11.31393433,1,-9.362574577,1,-12.21121407,1,5.348796367645264,1,8.837590217590332,1,-4.126838684,1,-0.938845694,0,-0.74483633,0,1.188266038894653,0
6.531767368,-13.10045528,1,-10.92807674,1,-13.07195377,1,5.099272727966309,1,8.833122253417969,1,-4.208983898,1,-0.877157688,0,-0.732450545,0,1.115007281303406,0
6.535767078,-14.3515749,1,-11.88697624,1,-13.80936527,1,4.766137123,1,8.826141357421875,1,-4.284855366,1,-0.823812902,0,-0.721926332,0,1.064464211463928,0
6.539768696,-15.21150112,1,-11.88443947,1,-14.48521614,1,4.400489330291748,1,8.819220542907715,1,-4.319895744,1,-0.773056209,0,-0.709618866,0,1.015055656433105,0
6.543766499,-15.94260979,1,-11.23483372,1,-15.02351093,1,4.096602916717529,1,8.811966896057129,1,-4.33550024,1,-0.725010812,0,-0.695581794,0,0.9669776558876038,0
6.547765732,-16.46135712,1,-10.01129055,1,-15.40413761,1,3.872033357620239,1,8.807008743286133,1,-4.328404903,1,-0.67952466,0,-0.679871321,0,0.920399547,0
6.551767349,-16.98946381,1,-8.739926338,1,-15.87625504,1,3.746963739395142,1,8.804854393005371,1,-4.307001114,1,-0.636329949,0,-0.662561536,0,0.8754341602325439,0
6.555765152,-17.34889412,1,-7.782329559,1,-16.06498337,1,3.751030206680298,1,8.804512023925781,1,-4.270866394,1,-0.595065951,0,-0.643736482,0,0.8321509957313538,0
6.559764385,-17.92162895,1,-6.396594524,1,-15.84639931,1,3.832052707672119,1,8.806267738342285,1,-4.247098446,1,-0.555378556,0,-0.623460472,0,0.7906137108802795,0
6.563766479,-18.04836464,1,-5.863243103,1,-15.21939754,1,3.991906642913818,1,8.809425354003906,1,-4.167528629,1,-0.516910493,0,-0.601777613,0,0.7509118318557739,0
6.567764282,-18.15709496,1,-6.280936718,1,-14.09887981,1,4.219342708587646,1,8.814060211181641,1,-4.032444477,1,-0.479543924,0,-0.578657091,0,0.7132895588874817,0
6.571763515,-18.15520859,1,-6.918588161,1,-12.72284889,1,4.460099697113037,1,8.817379951477051,1,-3.856126547,1,-0.443198174,0,-0.554108799,0,0.6779394149780273,0
6.57576561,-17.60432434,1,-7.460019588,1,-10.88208008,1,4.681679248809814,1,8.822019577026367,1,-3.676879168,1,-0.407910466,0,-0.528198659,0,0.6449368000030518,0
6.579763412,-16.47233391,1,-7.845057011,1,-8.973567009,1,4.874022960662842,1,8.824272155761719,1,-3.4740417,1,-0.37371546,0,-0.501014888,0,0.6143130660057068,0
6.583763123,-14.7071867,1,-7.524896145,1,-7.040752411,1,5.051015853881836,1,8.826026916503906,1,-3.267207146,1,-0.34065187,0,-0.472651303,0,0.5860810875892639,0
6.58776474,-13.33153629,1,-7.486606598,1,-5.176230431,1,5.213186264038086,1,8.828007698059082,1,-3.068595648,1,-0.308668584,0,-0.443225503,0,0.5601500272750854,0
6.591762543,-12.07870197,1,-6.654644966,1,-4.197951794,1,5.406026840209961,1,8.831504821777344,1,-2.93804574,1,-0.277521878,0,-0.412873358,0,0.5363285541534424,0
6.595768452,-11.2419014,1,-5.381728172,1,-4.130783558,1,5.611240863800049,1,8.835412025,1,-2.869281054,1,-0.246936396,0,-0.381754994,0,0.5142513513565063,0
6.599770069,-11.27283764,1,-4.174786568,1,-4.612297535,1,5.788933753967285,1,8.83972168,1,-2.864100695,1,-0.216744319,0,-0.349988073,0,0.4936046302318573,0
6.603767872,-11.71718788,1,-2.459831715,1,-5.076333523,1,5.991421699523926,1,8.843679428100586,1,-2.886722565,1,-0.186824813,0,-0.317647338,0,0.4741694033145905,0
6.607767582,-11.90987206,1,-1.081470251,1,-5.222595692,1,6.268384456634521,1,8.849895477294922,1,-2.920527697,1,-0.156889349,0,-0.284769833,0,0.4558570384979248,0
6.611769199,-12.64257717,1,0.3214188814163208,1,-5.693263054,1,6.654801368713379,1,8.857048988342285,1,-2.992988825,1,-0.126482531,0,-0.251381904,0,0.4385318756103516,0
6.615767002,-13.82417965,1,1.067787170410156,1,-6.406157494,1,7.073379039764404,1,8.78137207,1,-3.102864027,1,-0.095211923,0,-0.217630193,0,0.4220657348632813,0
6.619766712,-14.81682873,1,0.2401560246944427,1,-7.0260396,1,7.410488605499268,1,8.731185913085938,1,-3.261464357,1,-0.063053288,0,-0.183740005,0,0.4063003361225128,0
6.623768806,-15.14327145,1,-1.52131772,1,-7.392529011,1,7.563088417053223,1,8.721505165100098,1,-3.47807169,1,-0.030516891,0,-0.14952001,0,0.3910074234008789,0
6.627766132,-14.89393902,1,-1.906371117,1,-6.766575336,1,7.469809055328369,1,8.740626335144043,1,-3.789747953,1,0.001593294,0,-0.114803918,0,0.3758736848831177,0
6.631765842,-11.66183949,1,3.064631223678589,1,-11.2198801,1,7.306435585021973,1,8.507295608520508,1,-4.256613731,1,0.032667659,0,-0.080018386,0,0.3602952361106873,0
6.63576746,-10.8937006,1,0.040016372,1,-11.21465874,1,7.132717132568359,1,8.403756141662598,1,-4.593511581,1,0.062548466,0,-0.045378212,0,0.3441625237464905,0
6.639764786,-11.82431793,1,1.799675345420837,1,-13.71607208,1,6.955180644989014,1,8.167782783508301,1,-4.85923624,1,0.091188021,0,-0.01090372,0,0.3278407752513885,0
6.643764019,-13.32488155,1,3.981935977935791,1,-15.34458637,1,6.882835865020752,1,8.031109809875488,1,-5.127735615,1,0.1187066212296486,0,0.023400048,0,0.3113788664340973,0
6.647766113,-14.58617592,1,5.470028400421143,1,-17.03755379,1,6.890287876,1,7.889553070068359,1,-5.337246895,1,0.145589605,0,0.057709873,0,0.2948055267333984,0
6.651763916,-16.56076813,1,5.243162631988525,1,-18.9895401,1,6.852872371673584,1,7.789614677429199,1,-5.526564598,1,0.1718352138996124,0,0.092104249,0,0.2782547473907471,0
6.655763626,-18.87434959,1,5.314300537109375,1,-21.14754105,1,6.776695728302002,1,7.708551884,1,-5.73863554,1,0.1972837746143341,0,0.1266845464706421,0,0.2616862952709198,0
6.659765244,-21.87630653,1,4.767765522003174,1,-23.47774124,1,6.657893657684326,1,7.655290603637695,1,-5.931072235,1,0.2217825502157211,0,0.1615897417068481,0,0.2450690418481827,0
6.663763046,-25.36229706,1,3.529511929,1,-25.98867035,1,6.447834491729736,1,7.663647651672363,1,-6.092306614,1,0.2450705766677856,0,0.1969581097364426,0,0.2284897565841675,0
6.667762756,-29.42582703,1,1.812506437301636,1,-28.36514091,1,6.136816978,1,7.739020347595215,1,-6.218305111,1,0.2667753994464874,0,0.2329640984535217,0,0.2121020257472992,0
6.671763897,-34.18172836,1,1.092569470405579,1,-30.47656822,1,5.733311176300049,1,7.847012996673584,1,-6.276448727,1,0.2865992188453674,0,0.2696892023086548,0,0.1961041241884232,0
6.6757617,-38.8771553,1,1.472262024879456,1,-31.86140823,1,5.323665142059326,1,7.963484764099121,1,-6.327235699,1,0.3042947053909302,0,0.3072828054428101,0,0.1805614978075027,0
6.679760933,-42.9753418,1,2.679170132,1,-31.65959358,1,4.923199177,1,8.036676406860352,1,-6.337522507,1,0.3199327290058136,0,0.3455387651920319,0,0.1654854118824005,0
6.68376255,-45.84606171,1,4.289842606,1,-30.52637482,1,4.566130638122559,1,7.969180107116699,1,-6.258438587,1,0.3337106704711914,0,0.3840129971504211,0,0.1509335935115814,0
6.687760353,-48.52135086,1,5.308838844299316,1,-28.63523865,1,4.295303344726563,1,7.767232418060303,1,-6.064617634,1,0.3459908366203308,0,0.4219529330730438,0,0.1370593756437302,0
6.691760063,-52.02028275,1,5.085065841674805,1,-25.8020649,1,4.040717601776123,1,7.424126625061035,1,-5.763230324,1,0.3571378886699677,0,0.4586797058582306,0,0.1240870505571365,0
6.695762157,-55.9324379,1,6.193408966064453,1,-23.12560463,1,3.732484340667725,1,6.866616725921631,1,-5.41267252,1,0.3671514391899109,0,0.4933865070343018,0,0.1119707822799683,0
6.699759483,-60.36432648,1,8.181448936462402,1,-19.50030518,1,3.474485635757446,1,6.17643404,1,-4.997809887,1,0.3759794533252716,0,0.5252712965011597,0,0.100591853,0
6.703759193,-63.91436386,1,12.67819404602051,1,-16.35083199,1,3.338418245315552,1,5.316799640655518,1,-4.577151299,1,0.3840278387069702,0,0.5537790060043335,0,0.089821503,0
6.707760811,-67.28765869,1,17.74830436706543,1,-12.14140892,1,3.403673410415649,1,4.356525421142578,1,-4.059029102,1,0.391919881,0,0.5782353281974792,0,0.079505205,0
6.711758614,-69.82447052,1,18.89694213867188,1,-8.27366066,1,3.540233135223389,1,3.387837886810303,1,-3.474106073,1,0.4005577266216278,0,0.5983408689498901,0,0.069994077,0
6.715764046,-72.3136673,1,17.65270233154297,1,-4.261715889,1,3.364277839660645,1,2.410681009292603,1,-2.920159578,1,0.4094575047492981,0,0.6140040755271912,0,0.061213262,0
6.71976614,-73.0914917,1,14.54334926605225,1,0.6674258708953857,1,2.829833507537842,1,1.570734024047852,1,-2.361521244,1,0.4173020720481873,0,0.6255127191543579,0,0.05326302,0
6.72376442,-70.4230423,1,14.08756923675537,1,4.131330490112305,1,2.066377163,1,0.7780494689941406,1,-1.865301847,1,0.4229264557361603,0,0.6332612037658691,0,0.046154138,0
6.727763653,-65.53774261,1,20.20927047729492,1,6.219656467437744,1,1.447080254554749,1,-0.16614832,1,-1.536781073,1,0.4257063269615173,0,0.6371755599975586,0,0.039101832,0
6.731764793,-63.78498459,1,25.61240577697754,1,8.307273864746094,1,1.106294870376587,1,-0.983375907,1,-1.183619022,1,0.4263512492179871,0,0.63728559,0,0.031681985,0
6.735762596,-62.42316437,1,24.40771293640137,1,9.170000076293945,1,0.7994416356086731,1,-1.578607559,1,-0.724966764,1,0.4260416030883789,0,0.6341750621795654,0,0.024702216,0
6.739762306,-59.73706436,1,24.22237777709961,1,9.660326004,1,0.4579543173313141,1,-2.152799368,1,-0.275488794,1,0.4249487221240997,0,0.6282093524932861,0,0.018632228,0
6.743763924,-59.05024719,1,23.38476753234863,1,9.717409133911133,1,0.2380368709564209,1,-2.620744467,1,0.2193899005651474,1,0.4233983159065247,0,0.6195443272590637,0,0.013611663,0
6.747761726,-58.55821609,1,20.28828239440918,1,8.021825790405273,1,-0.082445182,1,-2.980990648,1,0.8175559639930725,1,0.4218515753746033,0,0.6084488034248352,0,0.010281004,0
6.751761436,-56.84663773,1,17.22230529785156,1,7.109874725341797,1,-0.609256387,1,-3.224270582,1,1.346557021141052,1,0.4197298884391785,0,0.5953267216682434,0,0.0089363,0
6.755763054,-52.70525742,1,15.74303340911865,1,6.526169776916504,1,-1.143427134,1,-3.493473768,1,1.784386515617371,1,0.4163975119590759,0,0.5805156230926514,0,0.009284266,0
6.759760857,-47.40777206,1,14.51368713378906,1,5.928400993347168,1,-1.571419239,1,-3.793845654,1,2.175961017608643,1,0.411844015,0,0.5639902353286743,0,0.010972074,0
6.763760567,-39.92045593,1,11.54935073852539,1,-0.540596545,1,-2.007108688,1,-4.24804163,1,2.492397546768188,1,0.406093955,0,0.5456153154373169,0,0.013501209,0
6.767762661,17.35497093200684,1,8.858365058898926,1,-12.68283844,1,-3.161145449,1,-6.219600677,1,3.02393651,1,0.3966748118400574,0,0.5222437381744385,0,0.016454257,0
6.771759987,-71.19644928,1,12.39840412139893,1,19.65419578552246,1,-1.886825562,1,-7.348835468,1,4.459965705871582,1,0.3904666900634766,0,0.4909473955631256,0,0.019960187,0
6.775759697,9.56297493,1,-50.54027939,1,-2.455754757,1,-5.061821461,1,-6.439351559,1,4.240434646606445,1,0.3781114220619202,0,0.4590688645839691,0,0.026189279,0
6.779761791,17.49062347412109,1,-55.59856033,1,-22.24076462,1,-6.717616081,1,-8.651428223,1,5.758476257324219,1,0.3353727459907532,0,0.4844971001148224,0,-0.107581958,0
6.783759594,4.651564121246338,1,-75.16777039,1,-65.55780029,1,-7.035914898,1,-8.901226997,1,7.098727703094482,1,0.3138054013252258,0,0.4428277015686035,0,-0.093027368,0
6.787759304,-61.76151657,1,-115.0732269,1,-99.77000427,1,-8.624578476,1,-8.937998772,1,7.864558219909668,1,0.2894613146781921,0,0.3998308777809143,0,-0.073296405,0
6.791760921,-134.8789063,1,-49.13260651,1,-77.76212311,1,-8.627070427,1,-8.943616867,1,8.614391326904297,1,0.2639384269714355,0,0.3562281429767609,0,-0.048931275,0
6.795758724,-133.5458527,1,38.06783676147461,1,-29.72502899,1,-8.643263817,1,-7.216853142,1,7.707623005,1,0.2377860993146896,0,0.3155655860900879,0,-0.023480315,0
6.799758434,-45.58108902,1,84.06427001953125,1,-39.19200516,1,-8.525401115,1,-7.3464818,1,4.449489116668701,1,0.2088583707809448,0,0.2826316952705383,0,-0.004818638,0
6.803760052,-12.71784878,1,91.11998748779297,1,-33.01821518,1,-6.336332321,1,-7.742746353,1,2.722290992736816,1,0.181355894,0,0.249621108,0,0.002586629,0
6.807757854,27.51383972167969,1,91.68356323242188,1,0.2521626055240631,1,-4.146545887,1,-7.797869205,1,3.867210626602173,1,0.1618345975875854,0,0.2171148806810379,0,0.010340314,0
6.811757565,-4.92143631,1,42.47825622558594,1,-0.396942168,1,-2.095132113,1,-6.49727726,1,4.846919536590576,1,0.1525795161724091,0,0.1853572726249695,0,0.023240641,0
6.815759182,-93.97477722,1,-11.54993629,1,-34.51774597,1,-2.473449469,1,-1.349915385,1,4.442149162,1,0.1463475525379181,0,0.1666201204061508,0,0.04048223,0
6.819756985,-99.05904388,1,-43.11032486,1,17.25260543823242,1,-2.302781582,1,-0.989052951,1,1.398091316223145,1,0.138533279,0,0.1618641763925552,0,0.052076433,0
6.823756695,-2.925486803,1,-6.888897896,1,0.3249821960926056,1,-2.832710028,1,-1.757035017,1,-0.229139164,1,0.1285285651683807,0,0.1554853320121765,0,0.05254171,0
6.827758789,-5.916116714,1,71.82445526123047,1,-30.88866806,1,-1.146105409,1,-0.639608026,1,0.9829807281494141,1,0.1201253011822701,0,0.1503947079181671,0,0.053165048,0
6.831756115,10.77392482757568,1,22.29632949829102,1,-12.6138134,1,0.069733471,1,-1.001899123,1,1.548928618431091,1,0.119212419,0,0.1468683183193207,0,0.05858051,0
6.835761547,-24.89503479,1,-40.86226654,1,-14.85678864,1,-0.37892279,1,-0.884941339,1,0.3857717514038086,1,0.1193006336688995,0,0.142529234,0,0.06187677,0
6.839763641,-0.380454272,1,-21.43344116,1,-11.31685638,1,-0.95904994,1,-1.102169156,1,0.7171542048454285,1,0.1167689114809036,0,0.1385322660207748,0,0.063227341,0
6.843761444,0.4890152215957642,1,10.80096530914307,1,-19.07831001,1,-0.758502066,1,-1.14551425,1,1.204167962,1,0.11365515,0,0.1333622187376022,0,0.066840343,0
6.847760677,-5.689921379,1,12.15820980072021,1,-14.99900246,1,-0.242927387,1,-1.457205534,1,1.007344007492065,1,0.1120466217398643,0,0.1277996003627777,0,0.07069663,0
6.851762772,-8.938280106,1,-0.382418782,1,-13.42119884,1,-0.018081987,1,-1.534287453,1,0.9940008521080017,1,0.1120700761675835,0,0.1214187666773796,0,0.073988833,0
6.855760574,-6.899587154,1,-10.43645382,1,-9.63202095,1,-0.093871862,1,-1.591191769,1,1.01939857,1,0.1123266145586967,0,0.1146541610360146,0,0.077287763,0
6.859759808,-11.98746681,1,-1.654865384,1,-7.162494659,1,-0.171130255,1,-1.535173535,1,1.267120122909546,1,0.1121445372700691,0,0.1079352721571922,0,0.081138723,0
6.863761425,-6.483875751,1,-2.171667814,1,-9.006019592,1,-0.171953991,1,-1.459421396,1,1.286195158958435,1,0.1118488237261772,0,0.1014354005455971,0,0.085676551,0
6.867759228,-4.483788013,1,-1.899474978,1,-9.325958252,1,-0.150708273,1,-1.426673174,1,1.153869748,1,0.1116363406181335,0,0.095123902,0,0.089841358,0
6.871758938,-3.982205153,1,6.824191570281982,1,-14.38407993,1,0.051705051,1,-1.604843616,1,1.089102149009705,1,0.1117527037858963,0,0.088702731,0,0.093631268,0
6.875760555,-6.141789913,1,2.273385524749756,1,-14.47818661,1,0.281209409,1,-1.948351145,1,1.098026037216187,1,0.1128026619553566,0,0.081172407,0,0.097204387,0
6.879758358,-9.185112953,1,-4.790410519,1,-14.02563858,1,0.3316710591316223,1,-2.270192623,1,1.048017621040344,1,0.1143635734915733,0,0.072296232,0,0.1005322188138962,0
6.883758068,-5.152314663,1,-7.94871664,1,-16.5020771,1,-0.281709343,1,-2.649338722,1,1.092247247695923,1,0.1146924123167992,0,0.062065817,0,0.103662521,0
6.887759686,-1.068672776,1,1.452527761459351,1,-19.85557938,1,-0.211381927,1,-3.065559149,1,1.029018164,1,0.1136631965637207,0,0.050249904,0,0.10659875,0
6.891757488,0.9117872714996338,1,0.6106628179550171,1,-22.77868652,1,-0.188321099,1,-3.663615465,1,1.004279732704163,1,0.1130654886364937,0,0.036491133,0,0.1091164499521255,0
6.895757198,-2.00095129,1,-0.566278398,1,-22.9175148,1,-0.264997691,1,-4.413559914,1,0.9113113880157471,1,0.1122749075293541,0,0.019982196,0,0.1111229285597801,0
6.899759293,-3.751003265,1,-0.147226676,1,-24.17611694,1,-0.218216717,1,-5.192426682,1,0.9055485129356384,1,0.1113318577408791,0,0.000467857,0,0.1125827133655548,0
6.903757095,-1.372736454,1,-2.829447746,1,-29.41712379,1,-0.210960597,1,-6.000876427,1,0.9646056890487671,1,0.1105664074420929,0,-0.022244012,0,0.1137347742915154,0
6.907757282,5.443155765533447,1,-7.936970711,1,-30.36643219,1,-0.495168477,1,-7.056221008,1,1.156193733215332,1,0.1090442463755608,0,-0.048601575,0,0.1151545345783234,0
6.911759377,8.189534187316895,1,-7.967275143,1,-30.63302994,1,-0.614933491,1,-8.213763237,1,1.337767958641052,1,0.1066235527396202,0,-0.079469562,0,0.1167991906404495,0
6.915757179,5.937264442443848,1,-6.684338093,1,-32.24882889,1,-0.516879916,1,-8.73416996,1,1.730907320976257,1,0.1041154265403748,0,-0.114249982,0,0.1192542240023613,0
6.919757366,10.32479667663574,1,-7.146745205,1,-29.7974987,1,-0.430902809,1,-8.734767914,1,2.000906705856323,1,0.1017018258571625,0,-0.149769858,0,0.1231445074081421,0
6.923758507,15.00912952423096,1,-9.879680634,1,-30.16625404,1,-0.3577106,1,-8.735013008,1,2.301605463027954,1,0.099285223,0,-0.185391352,0,0.1282331943511963,0
6.92775631,13.94251728057861,1,-9.717925072,1,-28.01740265,1,-0.41462186,1,-8.738778114,1,2.692121028900146,1,0.09642598,0,-0.221147478,0,0.1349210292100906,0
6.93175602,12.46826648712158,1,-9.966032028,1,-26.85297394,1,-0.468780071,1,-8.740401268,1,3.017979145050049,1,0.092665486,0,-0.257024318,0,0.143198624,0
6.935757637,6.248471736907959,1,-5.586647511,1,-25.61019516,1,-0.36827597,1,-8.73952961,1,3.332025289535522,1,0.088285051,0,-0.292992771,0,0.1530949920415878,0
6.939755917,-0.117700726,1,-2.909111977,1,-18.11735153,1,-0.170787558,1,-8.737456322,1,3.517507553100586,1,0.083693936,0,-0.32899937,0,0.1643060296773911,0
6.94375515,-2.220782518,1,0.8358647227287292,1,-16.70359993,1,0.1008916795253754,1,-8.734474182,1,3.894345522,1,0.079336584,0,-0.365023345,0,0.1769110113382339,0
6.947757244,-11.27475262,1,9.406159400939941,1,-18.13720131,1,0.4038729667663574,1,-8.729097366,1,4.115992069244385,1,0.074794084,0,-0.401096165,0,0.1914615780115128,0
6.951756001,-30.48159599,1,17.88877487182617,1,-20.55028152,1,1.426326274871826,1,-8.703680992,1,3.654404878616333,1,0.072552726,0,-0.437011421,0,0.2056501507759094,0
6.955760956,-47.8747139,1,15.93486499786377,1,-20.55163383,1,2.814618825912476,1,-8.674129486,1,3.423361063,1,0.075313017,0,-0.472707897,0,0.2184345722198486,0
6.959763527,-61.89506149,1,9.005372047424316,1,-16.39068794,1,3.870685815811157,1,-8.654457092,1,3.682789087295532,1,0.082886107,0,-0.508360744,0,0.2312599867582321,0
6.96376133,-74.86126709,1,4.876536846160889,1,-17.13906288,1,4.457240104675293,1,-8.643891335,1,3.932045698165894,1,0.092506707,0,-0.544161618,0,0.2454349100589752,0
6.96776104,-85.37099457,1,-3.380574465,1,-11.40073109,1,4.607406139373779,1,-8.641616821,1,4.028135776519775,1,0.1028669103980064,0,-0.580108404,0,0.2600619494915009,0
6.971762657,-96.34583282,1,2.385676145553589,1,-7.602498531,1,4.522176742553711,1,-8.638221741,1,3.223443031311035,1,0.1135002747178078,0,-0.616069913,0,0.2734301388263702,0
6.97576046,-72.48387146,1,-6.695867538,1,-0.626179159,1,4.502710819244385,1,-8.051110268,1,3.156874179840088,1,0.1255611926317215,0,-0.651309967,0,0.2841690480709076,0
6.97976017,-44.41652679,1,-22.63251495,1,4.664027690887451,1,3.461169719696045,1,-5.717359543,1,2.693833351135254,1,0.1355798840522766,0,-0.679923177,0,0.2944600880146027,0
6.983761787,-13.90999985,1,-39.45896912,1,14.34064579,1,0.3193661272525787,1,-3.912417173,1,2.384176731109619,1,0.1375191062688828,0,-0.699756682,0,0.3037422597408295,0
6.98775959,-58.93457413,1,-19.13551712,1,0.5212596654891968,1,-1.104936004,1,-4.178566456,1,2.359668493270874,1,0.1291721910238266,0,-0.718879282,0,0.3137665390968323,0
6.9917593,-65.19997406,1,-18.70141029,1,-12.45890236,1,-3.228036642,1,-1.927562118,1,2.106297731399536,1,0.1139242127537727,0,-0.731667221,0,0.3235493898391724,0
6.995760918,-25.91111183,1,-13.15921688,1,-7.919488907,1,-4.800208092,1,-1.267953277,1,2.480109214782715,1,0.089973204,0,-0.738108933,0,0.3350150883197784,0
6.99975872,-11.58233356,1,-4.386798859,1,-10.36985588,1,-5.490837574,1,-2.553484917,1,2.666000127792358,1,0.060332399,0,-0.74641037,0,0.3482091426849365,0
7.00375843,-12.541646,1,0.4557994306087494,1,-11.54778194,1,-5.580582142,1,-4.175178051,1,3.040236711502075,1,0.027954204,0,-0.760287046,0,0.3629366755485535,0
7.007760048,-19.1419754,1,5.227161884307861,1,-13.28514576,1,-5.162576675,1,-5.542944431,1,3.570728063583374,1,-0.006297007,0,-0.780022025,0,0.3811027407646179,0
7.011757851,-26.18830299,1,9.990408897399902,1,-15.85856724,1,-4.195535183,1,-6.385766983,1,3.732346773147583,1,-0.040597718,0,-0.803656578,0,0.4028495848178864,0
7.015757084,-33.16356277,1,9.933951377868652,1,-17.16133499,1,-2.947043657,1,-6.684617043,1,3.717792510986328,1,-0.072317399,0,-0.829038382,0,0.4267354607582092,0
7.019758701,-37.93928528,1,5.397479534,1,-18.60727501,1,-1.823430657,1,-6.566308022,1,3.734541177749634,1,-0.10098777,0,-0.854230881,0,0.4524635374546051,0
7.023756504,-40.9881134,1,-0.473962933,1,-20.78387833,1,-0.950828969,1,-6.208536625,1,3.762159585952759,1,-0.127416059,0,-0.877952337,0,0.4799874126911163,0
7.027756214,-42.65368271,1,-7.571069717,1,-23.44610596,1,-0.487285256,1,-5.698047638,1,3.748435497283936,1,-0.152625844,0,-0.899466157,0,0.5088785886764526,0
7.031757832,-41.24995422,1,-14.08349228,1,-26.44297218,1,-0.46921277,1,-5.133577347,1,3.663196086883545,1,-0.143349782,0,-0.901931763,0,0.4492168426513672,0
7.035755634,-36.76633453,1,-17.84587097,1,-28.32366562,1,-0.709884405,1,-4.70654726,1,3.551967144012451,1,-0.16791527,0,-0.919083297,0,0.4774130582809448,0
7.039755344,-33.35250473,1,-19.40779114,1,-28.74950218,1,-1.086031675,1,-4.493179321,1,3.477458715438843,1,-0.194333881,0,-0.934600353,0,0.505926788,0
7.043756962,-32.06176376,1,-18.5672245,1,-29.13338089,1,-1.456014633,1,-4.463716984,1,3.396190643310547,1,-0.223001048,0,-0.949262619,0,0.5350935459136963,0
7.047754765,-32.18616867,1,-18.0889225,1,-29.36351776,1,-1.750504017,1,-4.493282318,1,3.323645830154419,1,-0.253937989,0,-0.963489294,0,0.5650754570960999,0
7.051754475,-32.28870773,1,-17.24682236,1,-29.12218094,1,-1.984977126,1,-4.534274101,1,3.222811460494995,1,-0.286898851,0,-0.977417886,0,0.5959150195121765,0
7.055756092,-33.50706482,1,-15.84133053,1,-30.08978844,1,-2.134568691,1,-4.654308796,1,3.158708095550537,1,-0.321768373,0,-0.991110563,0,0.6278476715087891,0
7.059753895,-32.27972031,1,-14.71491337,1,-30.71708679,1,-2.182450533,1,-4.730774879,1,3.052602767944336,1,-0.358240843,0,-1.004631162,0,0.6609485745429993,0
7.063753605,-32.06757736,1,-14.42048454,1,-31.40289497,1,-2.17160821,1,-4.877596378,1,3.000293731689453,1,-0.396253377,0,-1.018035054,0,0.6954948306083679,0
7.067755699,-31.13759422,1,-14.79219818,1,-32.02602005,1,-2.133551598,1,-5.014412403,1,2.999937534332275,1,-0.436034083,0,-1.03128171,0,0.7319715023040771,0
7.071753025,-29.9946537,1,-14.83691406,1,-32.42240524,1,-2.103624821,1,-5.162121773,1,3.041030406951904,1,-0.478107393,0,-1.044206738,0,0.7709885835647583,0
7.075752735,-29.00883675,1,-14.96847916,1,-32.64696121,1,-2.086297512,1,-5.301304817,1,3.081738710403442,1,-0.522766054,0,-1.056695104,0,0.8127841949462891,0
7.079761028,-27.8477726,1,-14.71653557,1,-32.83880234,1,-2.02305603,1,-5.403388023,1,3.155976057052612,1,-0.570161998,0,-1.068518162,0,0.8576216697692871,0
7.083764553,-28.07635498,1,-14.45290279,1,-33.17069626,1,-1.940255404,1,-5.456965923,1,3.199728965759277,1,-0.620046616,0,-1.079406977,0,0.9053319692611694,0
7.087764263,-27.29674339,1,-13.30318356,1,-33.28052521,1,-1.810104012,1,-5.499946594,1,3.227520227432251,1,-0.671914041,0,-1.089183807,0,0.9555076360702515,0
7.091766357,-26.67918777,1,-12.33354664,1,-33.21918106,1,-1.655025482,1,-5.506426811,1,3.239431142807007,1,-0.72542572,0,-1.097746134,0,1.007951736450195,0
7.09576416,-25.543293,1,-12.09817219,1,-33.40630341,1,-1.469873071,1,-5.48119688,1,3.237497806549072,1,-0.779928923,0,-1.104928851,0,1.062048196792603,0
7.09976387,-23.98320389,1,-12.89593601,1,-33.18790436,1,-1.312013507,1,-5.439839363,1,3.243735790252686,1,-0.835051596,0,-1.110668063,0,1.117439389228821,0
7.103765488,-22.73210716,1,-13.96299839,1,-33.2037468,1,-1.213987827,1,-5.413648129,1,3.238087892532349,1,-0.890662074,0,-1.114935875,0,1.173828959465027,0
7.107763767,-21.49450493,1,-14.83972549,1,-33.1437912,1,-1.232654691,1,-5.382568359,1,3.232687473297119,1,-0.94674319,0,-1.117752433,0,1.230834961,0
7.111763477,-20.59765434,1,-15.527421,1,-33.28303146,1,-1.335348725,1,-5.333585739,1,3.207230091094971,1,-1.003248811,0,-1.119128466,0,1.287975549697876,0
7.115764618,-19.00035286,1,-15.90464783,1,-33.50320435,1,-1.497560978,1,-5.277099609,1,3.174942493438721,1,-1.059965372,0,-1.119060636,0,1.344728112220764,0
7.119762897,-17.79212761,1,-15.98282433,1,-33.65977859,1,-1.703943729,1,-5.216013432,1,3.142217397689819,1,-1.116709709,0,-1.117619514,0,1.400699853897095,0
7.123762131,-16.5648613,1,-15.85289955,1,-34.08248138,1,-1.918521643,1,-5.118674755,1,3.091480016708374,1,-1.173021913,0,-1.114806294,0,1.455310583114624,0
7.127764702,-15.56572342,1,-15.58137894,1,-34.46571732,1,-2.135655642,1,-5.006062031,1,3.040270090103149,1,-1.22846055,0,-1.110696197,0,1.508067607879639,0
7.131762505,-14.32976627,1,-14.65233326,1,-35.06325531,1,-2.319959641,1,-4.870637894,1,2.969791173934937,1,-1.282503009,0,-1.105380416,0,1.558483362197876,0
7.135762215,-12.90983009,1,-13.53447914,1,-35.68476105,1,-2.445147991,1,-4.70074892,1,2.894415616989136,1,-1.334624648,0,-1.099015355,0,1.606184124946594,0
7.139764309,-11.43181038,1,-11.74749565,1,-36.62783813,1,-2.475650549,1,-4.517855167,1,2.801760435,1,-1.384170175,0,-1.091723561,0,1.650804758071899,0
7.143762112,-10.12276554,1,-9.210144043,1,-37.49948502,1,-2.383650541,1,-4.27590847,1,2.686961889266968,1,-1.430467129,0,-1.083751917,0,1.692074298858643,0
7.147760868,-8.730619431,1,-7.846167088,1,-37.60910797,1,-2.173379421,1,-3.911599636,1,2.550180435180664,1,-1.472383499,0,-1.075299263,0,1.729253411,0
7.151762486,-6.65674305,1,-7.136610031,1,-36.92966843,1,-1.927390695,1,-3.409092903,1,2.393866539001465,1,-1.508812785,0,-1.066614389,0,1.761423945426941,0
7.155760288,-3.927559853,1,-7.662964821,1,-35.19721222,1,-1.739826798,1,-2.742769241,1,2.214920520782471,1,-1.539023757,0,-1.057977915,0,1.787634491920471,0
7.159759998,0.3592811226844788,1,-9.409832954,1,-32.3895874,1,-1.625136971,1,-1.89962709,1,2.013569831848145,1,-1.562401056,0,-1.049701929,0,1.80682373,0
7.163761616,5.899577140808105,1,-10.80908108,1,-29.07795334,1,-1.596644998,1,-0.980267584,1,1.802449584007263,1,-1.578784704,0,-1.04207015,0,1.818338632583618,0
7.167759418,10.23446369171143,1,-12.30453873,1,-25.08287811,1,-1.65648663,1,0.028829249,1,1.604352712631226,1,-1.588415504,0,-1.035252333,0,1.821974277496338,0
7.171759129,16.18525886535645,1,-13.08308697,1,-22.00539398,1,-1.739008784,1,1.113114833831787,1,1.455408453941345,1,-1.591194749,0,-1.029185414,0,1.817297935,0
7.175760269,25.30164719,1,-12.90835285,1,-20.68085861,1,-1.835497856,1,2.072535991668701,1,1.335551261901855,1,-1.587596774,0,-1.023727894,0,1.804722666740417,0
7.179758072,36.12301254272461,1,-12.61461639,1,-20.25988197,1,-1.83910799,1,2.801972389221191,1,1.278207778930664,1,-1.578866959,0,-1.018642187,0,1.785819172859192,0
7.183757305,41.25983810424805,1,-12.83403587,1,-19.74982262,1,-1.748565555,1,3.416890382766724,1,1.298196315765381,1,-1.565994024,0,-1.013538241,0,1.762222647666931,0
7.187758923,43.92908477783203,1,-10.03129673,1,-18.53555489,1,-1.558100939,1,4.183004379272461,1,1.381157636642456,1,-1.548638105,0,-1.007973194,0,1.733853936195374,0
7.191756725,46.56902313232422,1,-5.034792423,1,-17.21195984,1,-1.021810055,1,5.128201484680176,1,1.377854108810425,1,-1.524912834,0,-1.001776814,0,1.699532151222229,0
7.195756435,44.22400665283203,1,1.115385890007019,1,-16.07377815,1,-0.052966729,1,6.119817733764648,1,1.046500205993652,1,-1.492796183,0,-0.995444357,0,1.658650875091553,0
7.199763298,37.62227249145508,1,4.959142684936523,1,-16.33346367,1,1.168074131011963,1,7.144164085388184,1,0.368207574,1,-1.450571656,0,-0.98994863,0,1.610868931,0
7.2037673,31.84627151489258,1,2.762017250061035,1,-15.22614288,1,2.256886244,1,8.237434387207031,1,-0.397033691,1,-1.397516847,0,-0.985523105,0,1.555631160736084,0
7.20776701,28.08702087402344,1,-0.866095006,1,-12.90006828,1,2.957157135009766,1,8.770112991333008,1,-1.139550924,1,-1.335381031,0,-0.981546879,0,1.493630051612854,0
7.211767673,25.58467102050781,1,-2.944657087,1,-11.36195374,1,3.359940052032471,1,8.782357215881348,1,-1.821134329,1,-1.269906282,0,-0.977979064,0,1.430043697357178,0
7.215765476,22.05865287780762,1,-3.960730314,1,-11.00418282,1,3.616105079650879,1,8.792402267456055,1,-2.437666178,1,-1.202676177,0,-0.974494874,0,1.365763664245605,0
7.219764709,17.89886665344238,1,-3.909115076,1,-11.62816143,1,3.807997941970825,1,8.798369407653809,1,-2.982625008,1,-1.134067416,0,-0.970724761,0,1.300708055496216,0
7.22376585,13.08561038970947,1,-3.743817329,1,-12.52241039,1,3.948785543441772,1,8.804227828979492,1,-3.415784836,1,-1.064422965,0,-0.966159046,0,1.235056877,0
7.227763653,7.885371685028076,1,-4.108777046,1,-13.15076065,1,4.013270854949951,1,8.807502746582031,1,-3.702238798,1,-0.994487345,0,-0.960235357,0,1.169289588928223,0
7.231763363,2.184973955154419,1,-3.247159719,1,-13.58670044,1,4.055205345153809,1,8.809215545654297,1,-3.907922029,1,-0.925049782,0,-0.952499628,0,1.104058980941772,0
7.235764503,-3.300297499,1,-1.749157667,1,-14.92525005,1,4.170413017272949,1,8.813387870788574,1,-4.039353371,1,-0.856573105,0,-0.942700982,0,1.039965867996216,0
7.239761829,-8.128775597,1,-0.096661344,1,-16.57399178,1,4.380236148834229,1,8.817129135131836,1,-4.107420444,1,-0.789257884,0,-0.930675089,0,0.9776123762130737,0
7.243761539,-12.50262642,1,1.350136399269104,1,-17.79199028,1,4.685204506,1,8.823897361755371,1,-4.126923561,1,-0.723238707,0,-0.916324198,0,0.9175665378570557,0
7.247763157,-15.5556879,1,0.9978507161140442,1,-18.58591461,1,4.986131668,1,8.830221176147461,1,-4.083805561,1,-0.658844173,0,-0.899590671,0,0.8604134321212769,0
7.251760006,-17.82960129,1,-0.659721196,1,-19.07076836,1,5.205423831939697,1,8.833606719970703,1,-3.975634813,1,-0.596696079,0,-0.880474806,0,0.8066941499710083,0
7.255759716,-19.4391861,1,-2.64283514,1,-19.05171394,1,5.290092945098877,1,8.834278106689453,1,-3.859127998,1,-0.53750658,0,-0.859083831,0,0.7567704916000366,0
7.25976181,-20.09132576,1,-4.611564636,1,-18.8908844,1,5.203859329223633,1,8.831882476806641,1,-3.689995766,1,-0.482023001,0,-0.83561033,0,0.7108070850372314,0
7.263758659,-20.56979561,1,-6.179064751,1,-18.45069122,1,5.022736072540283,1,8.826971054077148,1,-3.489376068,1,-0.430856109,0,-0.810233772,0,0.6689616441726685,0
7.267757893,-20.99731636,1,-6.941737652,1,-18.2470932,1,4.762086868286133,1,8.819935799,1,-3.28340745,1,-0.384236276,0,-0.783196568,0,0.6311622858047485,0
7.271759987,-21.4829731,1,-7.179348946,1,-18.0020752,1,4.470987319946289,1,8.813743591308594,1,-3.090484381,1,-0.3421354,0,-0.754752338,0,0.597171426,0
7.275756836,-21.54306984,1,-6.55779314,1,-17.45302391,1,4.199998856,1,8.806781768798828,1,-2.934910774,1,-0.30415234,0,-0.72516048,0,0.5665525197982788,0
7.279756069,-21.49951744,1,-5.954676151,1,-16.66297722,1,3.982793569564819,1,8.801796913146973,1,-2.789977074,1,-0.274428964,0,-0.69367516,0,0.5286000370979309,0
7.283758163,-21.74721909,1,-5.018893719,1,-15.38298321,1,3.867753505706787,1,8.798794746398926,1,-2.648727179,1,-0.243027896,0,-0.662431121,0,0.5035380125045776,0
7.287755489,-21.22310829,1,-4.509774685,1,-13.69945526,1,3.855352401733398,1,8.798023223876953,1,-2.516047001,1,-0.214000225,0,-0.630494952,0,0.4809549748897552,0
7.291754723,-20.09716034,1,-4.141196251,1,-11.62808323,1,3.918822288513184,1,8.797442436218262,1,-2.401178598,1,-0.186728001,0,-0.597967982,0,0.4605888426303864,0
7.29575634,-18.90218925,1,-4.40502739,1,-9.506289482,1,4.000136852264404,1,8.799399375915527,1,-2.336004734,1,-0.160778552,0,-0.564939618,0,0.442160428,0
7.299753666,-18.29874229,1,-4.949920177,1,-7.182379723,1,4.081373691558838,1,8.800270080566406,1,-2.298157692,1,-0.135851383,0,-0.531493425,0,0.4253548383712769,0
7.303752899,-17.28844833,1,-4.992171288,1,-5.54809761,1,4.123853683,1,8.801227569580078,1,-2.373380184,1,-0.111728087,0,-0.497710139,0,0.4097484350204468,0
7.30775404,-16.03872299,1,-4.757215977,1,-4.304633141,1,4.102164745330811,1,8.802237510681152,1,-2.518658161,1,-0.08836326,0,-0.463653684,0,0.3948273062705994,0
7.311751366,-14.92244911,1,-4.697173595,1,-3.639508247,1,4.051527976989746,1,8.801714897155762,1,-2.692690134,1,-0.065783024,0,-0.429353833,0,0.380301297,0
7.315751076,-14.17928123,1,-4.145638943,1,-3.161588907,1,4.035853385925293,1,8.803056716918945,1,-2.879140139,1,-0.043911073,0,-0.394807577,0,0.3660481572151184,0
7.319757938,-13.5715971,1,-2.961390495,1,-2.920567989,1,4.105459690093994,1,8.805003166,1,-3.075663567,1,-0.022462964,0,-0.360006511,0,0.3519810140132904,0
7.323761463,-13.55301666,1,-0.746789515,1,-2.746359825,1,4.287450313568115,1,8.811085701,1,-3.316949368,1,-0.001002326,0,-0.324927777,0,0.3379979729652405,0
7.327761173,-13.87868786,1,1.043220639228821,1,-2.820955753,1,4.587876796722412,1,8.818706512451172,1,-3.573677063,1,0.02097505,0,-0.289533645,0,0.3239105343818665,0
7.331762791,-14.58909225,1,2.157114744186401,1,-3.223137379,1,4.977486133575439,1,8.828369141,1,-3.857729435,1,0.043915026,0,-0.253777176,0,0.3096812069416046,0
7.33575964,-15.55503559,1,2.945909023284912,1,-3.578418732,1,5.369217395782471,1,8.837550163269043,1,-4.164138317,1,0.067992106,0,-0.217605069,0,0.2952472567558289,0
7.339759827,-14.71547699,1,7.112511157989502,1,-3.589483261,1,5.693912029266357,1,8.847478866577148,1,-4.619968414,1,0.093063906,0,-0.180942655,0,0.280348003,0
7.343760967,-13.53012085,1,10.52515983581543,1,-7.305929184,1,6.044117928,1,8.857749938964844,1,-5.199241161,1,0.119175062,0,-0.143645763,0,0.2643343210220337,0
7.347758293,-13.6999588,1,8.366663932800293,1,-6.574944019,1,6.340945243835449,1,8.803288459777832,1,-5.648686886,1,0.1460193544626236,0,-0.105695479,0,0.2473223060369492,0
7.351758003,-15.34457302,1,9.510824203491211,1,-8.737491608,1,6.662791728973389,1,8.452139854431152,1,-6.010289192,1,0.1735590100288391,0,-0.067977428,0,0.2297346591949463,0
7.355759621,-18.62732124,1,8.336035728,1,-9.28732872,1,6.968101024627686,1,8.277808189,1,-6.377109051,1,0.2017406821250916,0,-0.030498864,0,0.2116173654794693,0
7.359756947,-21.18505478,1,6.504575729370117,1,-10.60340118,1,6.995813369750977,1,8.122636795043945,1,-6.707253456,1,0.2299707680940628,0,0.007129467,0,0.1930730193853378,0
7.36375618,-23.81473923,1,3.316909790039063,1,-11.70293331,1,6.733000755310059,1,8.040227890014648,1,-7.012156487,1,0.2569970786571503,0,0.045101367,0,0.1742319464683533,0
7.367757797,-26.07558632,1,-0.235505626,1,-12.78365421,1,6.244920731,1,8.010914803,1,-7.265139103,1,0.2817896604537964,0,0.083652362,0,0.1551987081766129,0
7.371755123,-28.54620361,1,-2.435391188,1,-14.42855644,1,5.556718349456787,1,7.974575519561768,1,-7.454114914,1,0.303465724,0,0.1227679774165154,0,0.1361426711082458,0
7.375754356,-31.41603851,1,-3.813310623,1,-16.21148872,1,4.759288311004639,1,7.972997188568115,1,-7.550645351,1,0.3214365839958191,0,0.1623513996601105,0,0.1171844974160194,0
7.379755974,-34.02268219,1,-4.143454075,1,-18.21131325,1,3.903445243835449,1,8.004042625427246,1,-7.538413048,1,0.3353822529315948,0,0.2023255676031113,0,0.09859091,0
7.383753777,-36.83546829,1,-3.187968969,1,-19.9077282,1,3.153911113739014,1,8.078060150146484,1,-7.403594971,1,0.3455153703689575,0,0.2426124811172485,0,0.080697551,0
7.38775301,-39.87408829,1,-1.507916331,1,-21.3153801,1,2.605583667755127,1,8.202002525,1,-7.157218456,1,0.3526090681552887,0,0.2831785678863525,0,0.063892029,0
7.39175415,-43.25691223,1,1.065599679946899,1,-22.48103714,1,2.322724580764771,1,8.345381736755371,1,-6.846736431,1,0.3577861785888672,0,0.3239421546459198,0,0.048421185,0
7.395751953,-46.15483856,1,3.445211887359619,1,-22.77962875,1,2.283498525619507,1,8.513807297,1,-6.477616787,1,0.3622490763664246,0,0.3648951947689056,0,0.034531862,0
7.399751663,-48.35453033,1,5.087363719940186,1,-22.87147141,1,2.400268555,1,8.661576271057129,1,-6.064640999,1,0.3670616745948792,0,0.4059503674507141,0,0.022459948,0
7.403752327,-49.87817764,1,5.608237743377686,1,-22.49716759,1,2.530415296554565,1,8.721035003662109,1,-5.624167919,1,0.3727497458457947,0,0.446840763,0,0.012325104,0
7.40775013,-51.37902832,1,4.242317676544189,1,-20.9780426,1,2.662946224212646,1,8.693548202514648,1,-5.124989033,1,0.3795066475868225,0,0.4871574938297272,0,0.004254902,0
7.411749363,-53.28916168,1,2.515331506729126,1,-19.13680649,1,2.701854705810547,1,8.497981071472168,1,-4.586023808,1,0.3874253034591675,0,0.5263580679893494,0,-0.00161336,0
7.415750504,-56.50611496,1,2.438767433166504,1,-17.35228348,1,2.639677762985229,1,8.024847030639648,1,-4.071656704,1,0.3961057066917419,0,0.5635744333267212,0,-0.005535503,0
7.419748306,-60.60284424,1,2.562568426132202,1,-14.59904766,1,2.505855321884155,1,7.373180389404297,1,-3.524726391,1,0.4050996601581573,0,0.5978809595108032,0,-0.007932828,0
7.423748016,-64.78359222,1,4.714177131652832,1,-12.05178928,1,2.341300249099731,1,6.536069393157959,1,-2.973837614,1,0.4142081141471863,0,0.6286379098892212,0,-0.008901195,0
7.427749157,-69.25754547,1,9.375956535339355,1,-7.981910229,1,2.355736255645752,1,5.581855773925781,1,-2.392987251,1,0.4235551357269287,0,0.6551435589790344,0,-0.008879092,0
7.431746483,-70.68187714,1,9.734797477722168,1,-3.450756073,1,2.536027669906616,1,4.769439697265625,1,-1.711288452,1,0.4342869520187378,0,0.6773718595504761,0,-0.007417938,0
7.435746193,-70.79547119,1,7.793057441711426,1,0.8341566920280457,1,2.556212902069092,1,3.851063013076782,1,-1.043695211,1,0.4463940262794495,0,0.6952950954437256,0,-0.004416831,0
7.439753056,-69.67985535,1,8.067753791809082,1,4.992602825164795,1,2.391887903213501,1,3.050082683563232,1,-0.412795842,1,0.4592680931091309,0,0.7089591026306152,0,9.448682976653799e-05,0
7.443757057,-67.58045959,1,7.409913063049316,1,8.716150283813477,1,2.094790697097778,1,2.282286643981934,1,0.1174555718898773,1,0.4719547033309937,0,0.718744159,0,0.005752818,0
7.447756767,-65.07372284,1,9.804684638977051,1,11.15019321,1,1.818582534790039,1,1.532013416290283,1,0.5698232054710388,1,0.4839567840099335,0,0.724858284,0,0.012063465,0
7.451758385,-60.89528656,1,15.08553028106689,1,11.39435101,1,1.661452651023865,1,0.6570146083831787,1,0.8328757286071777,1,0.4949283301830292,0,0.7274639010429382,0,0.018267069,0
7.455755711,-58.79614258,1,19.37079620361328,1,12.12141132354736,1,1.658672929,1,-0.210770145,1,1.004953503608704,1,0.5048072934150696,0,0.7264178991317749,0,0.02310814,0
7.459754944,-55.55960464,1,15.27269554138184,1,13.07117557525635,1,1.553461313247681,1,-0.849542439,1,1.363690853118896,1,0.5140109658241272,0,0.7222262024879456,0,0.027199257,0
7.463757038,-52.2216568,1,13.98119545,1,12.39514350891113,1,1.281928062438965,1,-1.555832863,1,1.609372735023499,1,0.5221652388572693,0,0.7150847911834717,0,0.030930609,0
7.467754364,-52.78388214,1,13.30739021,1,10.68922615,1,0.9626767635345459,1,-2.169216394,1,1.77079165,1,0.5284377932548523,0,0.7052222490310669,0,0.033693757,0
7.471753597,-53.08435822,1,11.68455219268799,1,8.375113487243652,1,0.5659158825874329,1,-2.635970354,1,2.004009246826172,1,0.5329007506370544,0,0.6931014060974121,0,0.035811,0
7.475755215,-52.87240219,1,8.069582939147949,1,6.505458354949951,1,0.017205482,1,-3.034776926,1,2.304455757141113,1,0.5354409217834473,0,0.6789595484733582,0,0.037925661,0
7.479752541,-49.96758652,1,5.821039677,1,6.084265709,1,-0.5745368,1,-3.416374445,1,2.560996055603027,1,0.5357208251953125,0,0.6628750562667847,0,0.040194314,0
7.483752251,-44.51444244,1,5.759479522705078,1,6.159616947174072,1,-1.095576525,1,-3.785007477,1,2.837387323379517,1,0.5338425636291504,0,0.644992471,0,0.042664848,0
7.487753391,-38.43782806,1,5.490956783294678,1,6.219129085540771,1,-1.527588129,1,-4.170262814,1,3.084945201873779,1,0.5301660299301147,0,0.6252585649490356,0,0.045341093,0
7.491750717,22.67383766174316,1,-14.00273514,1,-25.94112587,1,-3.113801003,1,-5.635483742,1,3.557390928268433,1,0.5229682922363281,0,0.6020473837852478,0,0.047825541,0
7.495750427,-28.63259315,1,22.05743789672852,1,11.65995407104492,1,-0.866843998,1,-7.114271641,1,3.882981300354004,1,0.5139511227607727,0,0.572522759,0,0.046686549,0
7.499751568,-18.16921806,1,-41.42672348,1,9.135255813598633,1,-3.995718002,1,-6.088577747,1,4.019499302,1,0.5051370859146118,0,0.5410222411155701,0,0.047815483,0
7.503748894,34.67675781,1,-48.02446747,1,-23.78107071,1,-4.813702583,1,-7.161840916,1,4.690702438354492,1,0.4897439479827881,0,0.5108579397201538,0,0.051415555,0
7.507749081,23.74332618713379,1,-65.23325348,1,-39.0574646,1,-6.704451084,1,-8.885716438,1,5.675966262817383,1,0.466770202,0,0.4714342653751373,0,0.054640263,0
7.511750698,-28.87952423,1,-82.65052795,1,-84.2526474,1,-8.584771156,1,-8.930055618,1,6.497029781341553,1,0.4405659437179565,0,0.4287285506725311,0,0.061682135,0
7.515748501,-114.671402,1,-65.23934937,1,-86.68984985,1,-8.626674652,1,-8.941234589,1,8.350368499755859,1,0.4113089740276337,0,0.3840015530586243,0,0.074878179,0
7.519747257,-155.0149078,1,-3.689631939,1,-50.23352432,1,-8.631782532,1,-8.517496109,1,8.535801887512207,1,0.3834986090660095,0,0.3382154107093811,0,0.093874246,0
7.523748875,-95.5644989,1,57.65002059936523,1,-29.36957359,1,-8.658373833,1,-5.845576763,1,7.392474651,1,0.3554200530052185,0,0.3006835579872131,0,0.1146582961082458,0
7.527746677,6.087285519,1,85.95494842529297,1,-47.06190872,1,-6.747843266,1,-7.090720177,1,5.155660152435303,1,0.3282226622104645,0,0.268851638,0,0.1306855380535126,0
7.531745911,23.51992225646973,1,75.64722442626953,1,-9.185072899,1,-5.194939137,1,-7.724634647,1,4.447751522064209,1,0.3051894307136536,0,0.2695684731006622,0,0.048199322,0
7.535747051,-9.193934441,1,33.27927780151367,1,-2.731759787,1,-3.563022614,1,-5.990046978,1,4.059441089630127,1,0.2902536392211914,0,0.2372720241546631,0,0.056842644,0
7.539744854,-112.1259537,1,7.779030799865723,1,-20.74344444,1,-3.142684698,1,-1.339949727,1,3.264938116073608,1,0.2790352702140808,0,0.219394863,0,0.066962399,0
7.543744564,-82.96325684,1,-13.78597164,1,15.85744094848633,1,-1.928750038,1,-1.391686678,1,1.318699836730957,1,0.2706250846385956,0,0.212719202,0,0.075080812,0
7.547746181,5.407444477081299,1,17.08496475219727,1,-4.1366992,1,-2.18760705,1,-1.637459517,1,0.452061266,1,0.262675554,0,0.2057639062404633,0,0.076194473,0
7.551743984,-7.761529446,1,60.50467681884766,1,-26.64683914,1,-0.542132854,1,-0.717335999,1,0.9895232915878296,1,0.2573420703411102,0,0.2003310918807983,0,0.077673286,0
7.555743217,-2.221519947,1,11.25380706787109,1,-9.230271339,1,0.3340545296669006,1,-0.796522141,1,0.8133214712142944,1,0.2577924728393555,0,0.196554959,0,0.080953188,0
7.559751034,-23.50264931,1,-32.03058243,1,-17.26231956,1,0.2008634507656097,1,-0.759620845,1,0.1171903237700462,1,0.2592990398406982,0,0.1931338608264923,0,0.081715889,0
7.563755035,3.368941545,1,-22.85178185,1,-14.36278248,1,-0.417632639,1,-1.180199146,1,0.8632981777191162,1,0.2588013410568237,0,0.1890179663896561,0,0.082407601,0
7.567755222,3.715690851211548,1,-7.044910908,1,-17.32244682,1,-0.620251,1,-1.249804378,1,1.233050227165222,1,0.2572939693927765,0,0.1832016706466675,0,0.08557152,0
7.57175684,-1.690677166,1,5.241011142730713,1,-18.37305069,1,-0.361072093,1,-1.618354797,1,1.202422738075256,1,0.2558560073375702,0,0.1763943880796432,0,0.088828452,0
7.575754642,-9.333803177,1,1.468935132026672,1,-14.47527695,1,-0.075018331,1,-1.832672,1,1.346692681312561,1,0.2555928826332092,0,0.1683875471353531,0,0.092093438,0
7.579753876,-7.774492264,1,-12.71143913,1,-9.535645485,1,-0.085640483,1,-1.885316372,1,1.300771236419678,1,0.2558964490890503,0,0.1598239541053772,0,0.095301293,0
7.583755493,-9.428064346,1,-7.259105682,1,-7.090076923,1,-0.329339832,1,-1.875436783,1,1.612200736999512,1,0.2556896209716797,0,0.1510656923055649,0,0.099012852,0
7.587752819,-7.849407196,1,-3.472842693,1,-8.473179817,1,-0.257618755,1,-1.713950992,1,1.665132164955139,1,0.2551242709159851,0,0.1424077302217484,0,0.1037122458219528,0
7.591752529,-4.999596596,1,0.5845701098442078,1,-9.988368988,1,-0.176773533,1,-1.721546531,1,1.570275783538818,1,0.2549052238464355,0,0.1341913342475891,0,0.1082541272044182,0
7.595754147,-5.474275589,1,8.159742355,1,-13.86100769,1,0.045180809,1,-1.892934203,1,1.510619282722473,1,0.2550989091396332,0,0.1256900131702423,0,0.1124706342816353,0
7.599751472,-7.070755005,1,-0.816128433,1,-13.84499359,1,0.275205523,1,-2.213534117,1,1.367455124855042,1,0.256319135,0,0.1163282096385956,0,0.1159794256091118,0
7.603750706,-7.189070225,1,-6.851398945,1,-14.44103813,1,-0.221325025,1,-2.609579802,1,1.347233414649963,1,0.2567233741283417,0,0.1056415066123009,0,0.1187829524278641,0
7.6077528,-4.703722954,1,-1.939898372,1,-18.1859436,1,-0.237374634,1,-2.985561371,1,1.362420558929443,1,0.255952775,0,0.093486823,0,0.1212002858519554,0
7.611750603,0.6564516425132751,1,-0.669945717,1,-22.06726456,1,-0.460817099,1,-3.592386246,1,1.308067917823792,1,0.2546914517879486,0,0.079495676,0,0.1231510117650032,0
7.615749836,0.1724628955125809,1,1.377763152122498,1,-24.17665482,1,-0.537329972,1,-4.280557156,1,1.145445823669434,1,0.2527757287025452,0,0.063069358,0,0.1239438429474831,0
7.619750977,-2.496558666,1,0.8096785545349121,1,-24.79414177,1,-0.438044906,1,-5.134799004,1,1.061302185058594,1,0.2507980465888977,0,0.043717608,0,0.1235537454485893,0
7.623748779,-1.942524791,1,-1.510100842,1,-25.75923157,1,-0.561550796,1,-5.896718979,1,1.103200078010559,1,0.2488800287246704,0,0.021275701,0,0.1222124919295311,0
7.627748013,4.121304988861084,1,-4.962628365,1,-29.34627724,1,-0.84084022,1,-6.871675491,1,1.154163360595703,1,0.2460437119007111,0,-0.004605632,0,0.1203330904245377,0
7.631749153,7.791293621063232,1,-3.260323524,1,-31.16874886,1,-0.759004593,1,-7.933827877,1,1.226004719734192,1,0.2427675575017929,0,-0.034429405,0,0.1177881434559822,0
7.635746956,8.946353912353516,1,-6.249753475,1,-31.62472153,1,-0.632348955,1,-8.735693932,1,1.480985522270203,1,0.2401337474584579,0,-0.06830772,0,0.1149581000208855,0
7.639746666,9.779177665710449,1,-9.524712563,1,-29.54825592,1,-0.63374418,1,-8.73818779,1,1.813336968421936,1,0.237809882,0,-0.103826508,0,0.1131103485822678,0
7.643747807,12.83961200714111,1,-10.62881756,1,-29.12685966,1,-0.669012845,1,-8.740175247,1,1.985835075378418,1,0.2352750599384308,0,-0.139579147,0,0.1122593581676483,0
7.647745132,13.76708316802979,1,-9.834443092,1,-29.61092758,1,-0.817131758,1,-8.745893478,1,2.356517791748047,1,0.2322310656309128,0,-0.175613746,0,0.1126362085342407,0
7.651744843,15.40428066253662,1,-10.05544567,1,-29.83177376,1,-0.874646783,1,-8.746753693,1,2.557975531,1,0.2285443991422653,0,-0.211919963,0,0.1142582148313522,0
7.65574646,10.77132606506348,1,-10.40942001,1,-31.24410629,1,-1.020040989,1,-8.751156807,1,2.824479818344116,1,0.2241471111774445,0,-0.248434305,0,0.1169576719403267,0
7.659743786,4.891260147094727,1,-8.792827606,1,-28.66849518,1,-0.951022565,1,-8.75193882,1,3.153136253356934,1,0.2189937233924866,0,-0.285217702,0,0.1211062669754028,0
7.663743019,2.599756479263306,1,-6.219616413,1,-26.03522873,1,-0.577456117,1,-8.746088982,1,3.553735971450806,1,0.2142350077629089,0,-0.322240978,0,0.1267895847558975,0
7.667744637,-7.806633472,1,-2.625586033,1,-16.54945564,1,-0.318006188,1,-8.743935585,1,4.132775307,1,0.2096611708402634,0,-0.359684289,0,0.1349958777427673,0
7.671742439,-21.22877312,1,6.517248630523682,1,-20.53046608,1,0.2068019360303879,1,-8.734013557,1,4.343897342681885,1,0.2055817842483521,0,-0.397423506,0,0.1453046202659607,0
7.675742149,-45.31754303,1,11.46514415740967,1,-21.30690956,1,1.210702657699585,1,-8.70984745,1,3.816502332687378,1,0.2043301165103912,0,-0.43491894,0,0.1551161259412766,0
7.679749012,-59.12527847,1,8.983753204345703,1,-22.38581276,1,2.297778606414795,1,-8.684008598,1,3.262223005,1,0.208166704,0,-0.471854568,0,0.162564144,0
7.683753014,-67.94654846,1,0.7125850915908813,1,-13.92192268,1,2.790348291397095,1,-8.674573898,1,3.381075382232666,1,0.2156849056482315,0,-0.508544981,0,0.168824777,0
7.687752724,-71.75065613,1,-5.791443825,1,-9.197299004,1,2.834362506866455,1,-8.676037788,1,3.701583147,1,0.2235532402992249,0,-0.54548496,0,0.1760319173336029,0
7.691753864,-75.17634583,1,-12.58607674,1,-8.136740685,1,2.550806045532227,1,-8.681926727,1,3.597033500671387,1,0.2302165329456329,0,-0.582642555,0,0.183875784,0
7.695751667,-77.43867493,1,-17.63969994,1,-4.925868988,1,2.040532112121582,1,-8.688966751,1,2.984123229980469,1,0.2360584884881973,0,-0.619486809,0,0.1896778047084808,0
7.6997509,-54.00693512,1,-18.85533905,1,6.454968452453613,1,1.823127508163452,1,-8.690009117,1,2.397621870040894,1,0.2420893460512161,0,-0.655819058,0,0.1925307959318161,0
7.703752518,-36.45674896,1,-30.96278763,1,8.141633987426758,1,0.096414499,1,-7.986927509,1,1.420280099,1,0.2472243309020996,0,-0.690744698,0,0.191528246,0
7.707749844,-46.14291763,1,-19.83038521,1,26.78147315979004,1,-2.212282896,1,-7.395414829,1,1.129768967628479,1,0.2443290948867798,0,-0.72001487,0,0.188007116,0
7.711749077,-86.99434662,1,-6.750588417,1,-16.05761719,1,-2.874569178,1,-4.511868954,1,0.5380308628082275,1,0.2370823323726654,0,-0.744797766,0,0.1842701882123947,0
7.715750694,-66.84421539,1,-18.62040329,1,-15.64835644,1,-4.291605473,1,-1.611804605,1,0.3679529130458832,1,0.2238510549068451,0,-0.757149935,0,0.1825298368930817,0
7.719748497,-23.36256027,1,-3.509144783,1,-12.86505127,1,-5.065559387,1,-1.384586096,1,0.8459334969520569,1,0.2037670612335205,0,-0.762797892,0,0.1842344254255295,0
7.723747253,-10.65518761,1,4.222272396087646,1,-13.63247395,1,-5.064554214,1,-2.414601326,1,1.32633388,1,0.1806439906358719,0,-0.77096045,0,0.1881418079137802,0
7.727749348,-11.75908852,1,6.05463171,1,-14.44769669,1,-4.635404587,1,-3.948343515,1,2.080820083618164,1,0.1567579209804535,0,-0.78456533,0,0.1944525390863419,0
7.731746674,-18.18852806,1,10.01879692077637,1,-17.64456558,1,-3.875077724,1,-5.324526787,1,3.085368633270264,1,0.1318738162517548,0,-0.804500222,0,0.2052958607673645,0
7.735745907,-22.58489037,1,14.24500560760498,1,-20.36265182,1,-2.676309347,1,-6.397448063,1,3.635666370391846,1,0.1073273867368698,0,-0.829460502,0,0.2208761721849442,0
7.739747524,-27.10110474,1,12.55681705474854,1,-19.7189827,1,-1.340598106,1,-7.035476685,1,4.018922805786133,1,0.085094914,0,-0.857791424,0,0.2399218678474426,0
7.74374485,-30.74617577,1,8.535548210144043,1,-18.17500496,1,-0.152886257,1,-7.303623199,1,4.386539459228516,1,0.064696357,0,-0.887731433,0,0.2626687586307526,0
7.74774456,-35.58716202,1,4.621999740600586,1,-18.61755943,1,0.8289023637771606,1,-7.221624851,1,4.710889816,1,0.045090508,0,-0.917807579,0,0.2894439101219177,0
7.751746178,-42.25428391,1,0.8784687519073486,1,-20.52106094,1,1.516925096511841,1,-6.829253674,1,4.946025371551514,1,0.025122503,0,-0.946631849,0,0.320254385,0
7.755743027,-46.50196075,1,-4.51900959,1,-23.13398361,1,1.893389582633972,1,-6.158952713,1,5.045620918273926,1,0.003968905,0,-0.972975373,0,0.3544738292694092,0
7.759743214,-44.97653961,1,-9.736274719,1,-25.11787987,1,2.012125492095947,1,-5.396055222,1,5.091899871826172,1,-0.01894829,0,-0.995910466,0,0.3914270401000977,0
7.763744831,-42.17424774,1,-13.05768681,1,-26.36149406,1,1.970960021018982,1,-4.801141739,1,5.175295829772949,1,-0.044325091,0,-1.015607834,0,0.4309420585632324,0
7.767742634,-39.35686874,1,-15.65476418,1,-27.14029121,1,1.789546251296997,1,-4.43446064,1,5.291184902191162,1,-0.072879232,0,-1.03277123,0,0.4731995165348053,0
7.771741867,-37.53968048,1,-17.9269619,1,-27.76388359,1,1.500889539718628,1,-4.222822189,1,5.399082660675049,1,-0.105207682,0,-1.048090339,0,0.5183464884757996,0
7.775743008,-36.46211243,1,-19.58802605,1,-28.20474243,1,1.143135547637939,1,-4.113535404,1,5.458415508270264,1,-0.141551316,0,-1.061945915,0,0.5662153363227844,0
7.77974081,-34.85086441,1,-20.26552391,1,-28.13391685,1,0.7766786217689514,1,-4.082327843,1,5.460797786712646,1,-0.165822357,0,-1.068149328,0,0.5664348602294922,0
7.78374052,-33.26402664,1,-20.70354843,1,-27.75842667,1,0.4328964650630951,1,-4.138279915,1,5.438674449920654,1,-0.208594427,0,-1.080221772,0,0.6178214550018311,0
7.787741661,-32.13399887,1,-20.78177452,1,-27.38599014,1,0.1120259240269661,1,-4.239871979,1,5.365470409393311,1,-0.254749894,0,-1.091563582,0,0.6712152361869812,0
7.791739464,-31.19753838,1,-20.82266045,1,-27.16585732,1,-0.210590377,1,-4.357013226,1,5.244104862213135,1,-0.303990543,0,-1.102246642,0,0.7263293266296387,0
7.795738697,-30.35717201,1,-20.72909546,1,-27.15343666,1,-0.489950508,1,-4.446870327,1,5.057727813720703,1,-0.355862677,0,-1.112243533,0,0.7827397584915161,0
7.799746513,-29.47289658,1,-19.9463253,1,-27.20550537,1,-0.738027394,1,-4.514484882,1,4.814568519592285,1,-0.409637779,0,-1.121505737,0,0.8398122787475586,0
7.803750038,-29.09770393,1,-19.04648209,1,-27.30772972,1,-0.928597987,1,-4.551285267,1,4.499189376831055,1,-0.464607358,0,-1.130054474,0,0.8969967365264893,0
7.807749271,-27.64284515,1,-18.53241539,1,-27.36757851,1,-1.099887133,1,-4.547929287,1,4.150262832641602,1,-0.519704103,0,-1.13790524,0,0.9533448219299316,0
7.811750889,-25.2452507,1,-18.54916954,1,-27.70510101,1,-1.261805058,1,-4.541537762,1,3.802972078323364,1,-0.574770808,0,-1.14514792,0,1.008704185,0
7.815748692,-22.66820335,1,-18.96326637,1,-28.13381004,1,-1.445318937,1,-4.569890499,1,3.466719388961792,1,-0.629844785,0,-1.151907802,0,1.063141465187073,0
7.819748402,-20.80368233,1,-19.28227615,1,-28.54681206,1,-1.656607866,1,-4.593018532,1,3.127652645111084,1,-0.685044765,0,-1.158369064,0,1.116706728935242,0
7.823749542,-19.41760445,1,-19.27528,1,-28.98288918,1,-1.901185989,1,-4.610821247,1,2.808572531,1,-0.740641236,0,-1.16453898,0,1.169565916061401,0
7.827746868,-17.73977661,1,-18.84558868,1,-29.82197762,1,-2.147619247,1,-4.670346737,1,2.522361993789673,1,-0.79692781,0,-1.170488954,0,1.221965312957764,0
7.831746578,-16.04660034,1,-18.36919022,1,-30.46090126,1,-2.421443939,1,-4.701742649,1,2.252933025360107,1,-0.85431838,0,-1.176190615,0,1.274314165115356,0
7.835748196,-14.4006319,1,-17.10057068,1,-30.94082832,1,-2.66565299,1,-4.738871574,1,2.016394138336182,1,-0.912940383,0,-1.181589723,0,1.326738834381104,0
7.839745522,-12.64783192,1,-15.68706608,1,-31.48849487,1,-2.858929396,1,-4.742869854,1,1.797962307929993,1,-0.97270298,0,-1.18655622,0,1.379325151443481,0
7.843744755,-11.22350502,1,-13.74611092,1,-31.88813782,1,-2.962717295,1,-4.711782932,1,1.617858052253723,1,-1.03320694,0,-1.19098568,0,1.431969165802002,0
7.847746372,-9.887500763,1,-11.82673168,1,-32.07711029,1,-2.956324339,1,-4.628512859,1,1.457963109016418,1,-1.093756557,0,-1.19470048,0,1.484354257583618,0
7.851744175,-8.988658905,1,-10.40084743,1,-32.33723831,1,-2.851869583,1,-4.494641781,1,1.348181486129761,1,-1.15342629,0,-1.197558284,0,1.535959362983704,0
7.855743408,-8.255177498,1,-8.928509712,1,-32.96806335,1,-2.660802603,1,-4.277429104,1,1.273653030395508,1,-1.211179733,0,-1.199354172,0,1.586109519004822,0
7.859744549,-7.656781673,1,-7.456157207,1,-33.62288284,1,-2.404435158,1,-3.969572544,1,1.225682616233826,1,-1.265681148,0,-1.20001936,0,1.633691191673279,0
7.863742352,-7.173902988,1,-6.72851038,1,-33.88436508,1,-2.090909719,1,-3.51916337,1,1.205528378486633,1,-1.315219641,0,-1.199509025,0,1.677192449569702,0
7.867742062,-6.42040205,1,-6.946722507,1,-33.2227478,1,-1.796508908,1,-2.881016731,1,1.227994322776794,1,-1.357879043,0,-1.197754741,0,1.714646816253662,0
7.871743202,-4.035622597,1,-7.670248032,1,-32.22892761,1,-1.571131706,1,-2.093102217,1,1.280585527420044,1,-1.391971231,0,-1.1947788,0,1.744064331054688,0
7.875740528,-0.187494025,1,-8.328142166,1,-30.5512886,1,-1.40325737,1,-1.193297148,1,1.340979576,1,-1.416479588,0,-1.190721273,0,1.764046669006348,0
7.879740238,4.006206512451172,1,-8.712070465,1,-28.68500137,1,-1.252626777,1,-0.196530864,1,1.408789992332458,1,-1.430691957,0,-1.185693741,0,1.773630142211914,0
7.883741856,7.558691501617432,1,-8.938797951,1,-26.67659378,1,-1.115721822,1,0.8724357485771179,1,1.486528992652893,1,-1.434159756,0,-1.179780245,0,1.772264719009399,0
7.887738705,11.18978595733643,1,-9.256473541,1,-24.83853722,1,-0.997085094,1,2.010826349258423,1,1.572452306747437,1,-1.426772833,0,-1.172928452,0,1.759689211845398,0
7.891738415,16.83283042907715,1,-10.48556805,1,-23.40286446,1,-0.902165532,1,3.131209135055542,1,1.672110319137573,1,-1.408946395,0,-1.164955735,0,1.736191987991333,0
7.895740509,24.41570281982422,1,-12.16477108,1,-22.58807755,1,-0.816835999,1,4.160217761993408,1,1.797805905342102,1,-1.38209641,0,-1.155578136,0,1.703153252601624,0
7.899738312,29.64454078674316,1,-12.98404121,1,-22.03651047,1,-0.713169813,1,5.055859565734863,1,1.920036673545837,1,-1.348232269,0,-1.144523144,0,1.662697196006775,0
7.903737545,31.26456451416016,1,-11.03504276,1,-20.60433006,1,-0.597932756,1,5.956649780273438,1,2.013378381729126,1,-1.308727503,0,-1.131586432,0,1.616261244,0
7.907738686,32.53230667114258,1,-8.202420235,1,-18.60775757,1,-0.351444423,1,6.929412841796875,1,2.032152176,1,-1.263819098,0,-1.116566896,0,1.564313530921936,0
7.911736488,33.59827805,1,-7.76418829,1,-16.14505196,1,0.1275522261857986,1,7.967474460601807,1,1.914272665977478,1,-1.213036537,0,-1.099333882,0,1.506999135017395,0
7.915736198,32.50046539306641,1,-7.531768322,1,-14.55945015,1,0.7060914635658264,1,8.707411766052246,1,1.561668872833252,1,-1.156780362,0,-1.080169559,0,1.445428371429443,0
7.919743538,27.75401688,1,-6.762281895,1,-13.66980171,1,1.156785965,1,8.720748901367188,1,0.9926904439926147,1,-1.099438787,0,-1.060572743,0,1.384373903274536,0
7.92374754,23.39064598083496,1,-6.479239464,1,-11.82258224,1,1.492468715,1,8.731841087341309,1,0.3686343729496002,1,-1.042870641,0,-1.041454077,0,1.325308799743652,0
7.927747726,20.67213439941406,1,-4.740073681,1,-11.14426804,1,1.879359722137451,1,8.742916107177734,1,-0.306260318,1,-0.986573875,0,-1.022897363,0,1.267559528,0
7.931748867,17.28304862976074,1,-4.089253426,1,-10.25229931,1,2.308554172515869,1,8.756682395935059,1,-0.99080199,1,-0.929819047,0,-1.004894018,0,1.210552096366882,0
7.93574667,13.96737670898438,1,-3.621026516,1,-10.31325912,1,2.736428737640381,1,8.768634796142578,1,-1.681446075,1,-0.87214911,0,-0.987322271,0,1.153882503509521,0
7.939745903,10.27009487,1,-4.077513218,1,-10.85744667,1,3.093516588,1,8.781029701,1,-2.296871424,1,-0.813609958,0,-0.969929218,0,1.097404003143311,0
7.94374752,5.852717399597168,1,-4.445555687,1,-12.04630947,1,3.366473675,1,8.788403511047363,1,-2.816564798,1,-0.75473994,0,-0.952285171,0,1.041385769844055,0
7.947744846,1.358126997947693,1,-5.249833107,1,-12.9685421,1,3.570112943649292,1,8.795378684997559,1,-3.210351706,1,-0.696209133,0,-0.933987796,0,0.9862468242645264,0
7.95174408,-3.004734755,1,-5.059272766,1,-13.70047379,1,3.744432687759399,1,8.801303863525391,1,-3.520412683,1,-0.638687313,0,-0.914669871,0,0.932538629,0
7.955745697,-7.066224575,1,-3.532454491,1,-15.13757992,1,3.930777311325073,1,8.806516647338867,1,-3.797226906,1,-0.582395911,0,-0.894214869,0,0.8804501295089722,0
7.9597435,-10.19402218,1,-2.170227528,1,-16.41709328,1,4.165620803833008,1,8.811837196350098,1,-4.04077816,1,-0.527363122,0,-0.872525215,0,0.8301873207092285,0
7.96374321,-13.51351547,1,-1.353464723,1,-17.60446358,1,4.426798820495605,1,8.818209648132324,1,-4.23867321,1,-0.473558575,0,-0.849536479,0,0.7819046378135681,0
7.96774435,-16.34818459,1,-1.455868006,1,-18.08300591,1,4.676290035247803,1,8.824717522,1,-4.400175095,1,-0.421084642,0,-0.825193167,0,0.7358214855194092,0
7.97174263,-18.70989418,1,-2.819652557,1,-18.5709095,1,4.834464073181152,1,8.828993797302246,1,-4.492738724,1,-0.370335966,0,-0.799469471,0,0.6921656131744385,0
7.975741863,-20.32513428,1,-4.719897747,1,-18.44784737,1,4.871760845184326,1,8.830135345458984,1,-4.543022633,1,-0.321860909,0,-0.772378862,0,0.6511415243148804,0
7.979743004,-21.43019295,1,-7.086456299,1,-18.06198692,1,4.754654884338379,1,8.827363967895508,1,-4.540690422,1,-0.276254594,0,-0.743984759,0,0.6128778457641602,0
7.983740807,-21.84656334,1,-9.339966774,1,-17.5748291,1,4.489380359649658,1,8.822087287902832,1,-4.483137131,1,-0.234151945,0,-0.714381814,0,0.5775066614151001,0
7.987740517,-21.93452454,1,-11.10762787,1,-16.95099258,1,4.116670608520508,1,8.813731194,1,-4.385497093,1,-0.196016595,0,-0.683710337,0,0.5450171232223511,0
7.991742134,-21.6701107,1,-11.57983494,1,-16.50125313,1,3.667113542556763,1,8.803218841552734,1,-4.241199493,1,-0.162087575,0,-0.652110875,0,0.5153946876525879,0
7.995738983,-21.68163681,1,-11.06118488,1,-15.90158749,1,3.238483905792236,1,8.794960975646973,1,-4.056053162,1,-0.132359609,0,-0.619731367,0,0.4885660409927368,0
7.999738693,-21.97364235,1,-10.14659023,1,-14.80591297,1,2.945035934448242,1,8.785467147827148,1,-3.834961414,1,-0.106351763,0,-0.586701274,0,0.4644596874713898,0
8.003740311,-22.05070877,1,-8.485622406,1,-13.85987759,1,2.806457757949829,1,8.782088279724121,1,-3.606781006,1,-0.083242707,0,-0.553133905,0,0.4429143965244293,0
8.00773716,-21.38887978,1,-7.287050724,1,-13.03637695,1,2.787095069885254,1,8.780436515808105,1,-3.394833326,1,-0.062263444,0,-0.51912272,0,0.4236952364444733,0
8.01173687,-20.23452759,1,-5.4788661,1,-11.84733295,1,2.861720323562622,1,8.780261039733887,1,-3.181777,1,-0.042781085,0,-0.484743297,0,0.4066087305545807,0
8.015738487,-19.20989037,1,-3.016914368,1,-10.6209631,1,3.119106531143188,1,8.783539772033691,1,-2.952436686,1,-0.024100984,0,-0.450046927,0,0.3915654420852661,0
8.01973629,-18.4723568,1,-0.311155438,1,-8.836087227,1,3.587023496627808,1,8.792285919189453,1,-2.735890388,1,-0.005247997,0,-0.415068239,0,0.3784657120704651,0
8.023735046,-17.5343399,1,1.596956014633179,1,-6.608136654,1,4.222559452056885,1,8.803949356079102,1,-2.53591156,1,0.014704492,0,-0.379827887,0,0.367203414,0
8.027736664,-15.96207428,1,1.853107094764709,1,-4.222292423,1,4.912432193756104,1,8.817853927612305,1,-2.356918097,1,0.036327876,0,-0.344350338,0,0.357724667,0
8.031734467,-14.27057552,1,2.219961166381836,1,-2.960112095,1,5.557107925415039,1,8.831378936767578,1,-2.245669842,1,0.052885048,0,-0.297999084,0,0.3317218422889709,0
8.035734177,-14.00117397,1,2.053072929382324,1,-1.989060044,1,6.104329586029053,1,8.841362953186035,1,-2.183497667,1,0.078112803,0,-0.262155056,0,0.3249409198760986,0
8.039741516,-14.46445942,1,0.8061360716819763,1,-1.049689054,1,6.532376289367676,1,8.849994659423828,1,-2.138082981,1,0.1047574281692505,0,-0.226134092,0,0.3194110691547394,0
8.043745041,-15.20072269,1,-1.022580147,1,-0.616393209,1,6.824766159057617,1,8.856852531433105,1,-2.155328512,1,0.1324311345815659,0,-0.189958483,0,0.3149957358837128,0
8.047744751,-16.0731945,1,-3.266543865,1,-0.426239192,1,6.931135654449463,1,8.859378814697266,1,-2.251734972,1,0.1606117933988571,0,-0.153621584,0,0.3114126622676849,0
8.051746368,-16.41755295,1,-4.110432625,1,-0.507605493,1,6.814896583557129,1,8.858779907226563,1,-2.450227261,1,0.1885738968849182,0,-0.117096692,0,0.3083099722862244,0
8.055744171,-13.81511688,1,2.011516332626343,1,-2.536216021,1,6.612601757049561,1,8.855646133422852,1,-2.861216545,1,0.2157126814126968,0,-0.080276944,0,0.3050886392593384,0
8.059743881,-15.1920042,1,3.938945770263672,1,-4.659858227,1,6.491991043,1,8.857405662536621,1,-3.366756678,1,0.2421911060810089,0,-0.042940881,0,0.3009665012359619,0
8.063745499,-14.81106758,1,2.950113773345947,1,-6.765354156,1,6.362818717956543,1,8.856816291809082,1,-3.820904016,1,0.2680011093616486,0,-0.005023459,0,0.29596293,0
8.067743301,-17.18556786,1,4.773181915283203,1,-8.904637337,1,6.218910694122314,1,8.824974060058594,1,-4.328545094,1,0.2930760383605957,0,0.033491626,0,0.2901391386985779,0
8.071742058,-19.3063736,1,5.224089146,1,-10.44060421,1,6.171791076660156,1,8.521345138549805,1,-4.857834339,1,0.3174652457237244,0,0.072099164,0,0.2830404043197632,0
8.075744629,-21.94611931,1,6.205372333526611,1,-12.7328577,1,6.075738906860352,1,8.270653725,1,-5.387961864,1,0.3411903977394104,0,0.1104834750294685,0,0.2744798064231873,0
8.079741478,-25.04138947,1,6.046844005584717,1,-14.46817493,1,5.960093975067139,1,8.127171516418457,1,-5.924125671,1,0.3639573156833649,0,0.1490607857704163,0,0.2644861936569214,0
8.083742142,-27.26864815,1,6.226723194122314,1,-16.21639633,1,5.844017505645752,1,8.034455299377441,1,-6.456750393,1,0.3856585621833801,0,0.188215509,0,0.2531089782714844,0
8.087743759,-28.89587593,1,5.578990459442139,1,-17.89220428,1,5.680026531219482,1,7.939151287078857,1,-6.903874874,1,0.4061156809329987,0,0.2280104160308838,0,0.2404962033033371,0
8.091740608,-30.95435715,1,4.634350776672363,1,-20.19846535,1,5.459953308105469,1,7.822622299194336,1,-7.308403015,1,0.425034225,0,0.2683290839195251,0,0.2267867177724838,0
8.095740318,-33.77351379,1,3.248324155807495,1,-22.5937252,1,5.162760257720947,1,7.726064682006836,1,-7.630050182,1,0.4421094059944153,0,0.3091115653514862,0,0.2121032476425171,0
8.099741936,-37.99319458,1,1.535997748374939,1,-24.58711052,1,4.779567241668701,1,7.690211296081543,1,-7.847324371,1,0.4570543169975281,0,0.3503080308437347,0,0.1967884302139282,0
8.103739738,-42.65760803,1,0.5849629044532776,1,-26.21084785,1,4.381604194641113,1,7.690899372,1,-7.995193481,1,0.4697039723396301,0,0.3919901251792908,0,0.1811176091432571,0
8.107739449,-46.97216415,1,0.3440691828727722,1,-26.93959236,1,3.962762117385864,1,7.740830421447754,1,-8.061445236,1,0.4800571501255035,0,0.4341229200363159,0,0.1653164625167847,0
8.111740112,-50.10725403,1,0.7058355212211609,1,-27.24346733,1,3.579434871673584,1,7.793731212615967,1,-8.044697762,1,0.4882340431213379,0,0.476635605,0,0.1496686488389969,0
8.115737915,-53.20296097,1,1.461130142211914,1,-26.76939011,1,3.256149530410767,1,7.817062377929688,1,-7.926578045,1,0.4945706129074097,0,0.5192664861679077,0,0.1343719810247421,0
8.119737625,-56.12556839,1,1.368596673,1,-24.68194389,1,2.994033098220825,1,7.816927433013916,1,-7.670556545,1,0.4995272159576416,0,0.5616579055786133,0,0.1197493150830269,0
8.123739243,-58.00919724,1,1.423248171806335,1,-22.45205307,1,2.768515586853027,1,7.641888142,1,-7.272049904,1,0.5035821795463562,0,0.6032091379165649,0,0.1061565428972244,0
8.127736092,-60.42628098,1,2.784645795822144,1,-20.09333038,1,2.544016599655151,1,7.198074817657471,1,-6.716606617,1,0.5069217085838318,0,0.6427982449531555,0,0.093703151,0
8.131735802,-65.16968536,1,3.960513830184937,1,-16.9713726,1,2.409015179,1,6.602632999420166,1,-6.018244267,1,0.5099503397941589,0,0.6793454885482788,0,0.082535118,0
8.135737419,-69.95863342,1,8.367875099182129,1,-13.75646305,1,2.392738819122314,1,5.855272293,1,-5.244626522,1,0.5133020281791687,0,0.7121428251266479,0,0.072867624,0
8.139735222,-74.91843414,1,13.32781219482422,1,-9.013492584,1,2.66823411,1,5.119919776916504,1,-4.392194748,1,0.518018901,0,0.7407119274139404,0,0.064826116,0
8.143733978,-76.18174744,1,13.28171443939209,1,-3.580608845,1,3.006484746932983,1,4.470528602600098,1,-3.469633579,1,0.5256149768829346,0,0.7651961445808411,0,0.059254449,0
8.147735596,-74.81256104,1,11.73726081848145,1,2.081897497177124,1,3.024115324020386,1,3.667773962020874,1,-2.56801939,1,0.5356477499008179,0,0.7853713035583496,0,0.056219161,0
8.151733398,-71.28176117,1,9.891342163085938,1,7.539532185,1,2.677844285964966,1,2.789985895,1,-1.700879097,1,0.5464855432510376,0,0.8008285164833069,0,0.055322025,0
8.155732155,-68.13047028,1,8.644976615905762,1,11.98084545135498,1,2.049960136413574,1,1.907692551612854,1,-0.912748456,1,0.5564953088760376,0,0.8115493059158325,0,0.056008466,0
8.159733772,-64.82458496,1,10.42677211761475,1,13.18727397918701,1,1.433477878570557,1,0.9864035248756409,1,-0.280584991,1,0.5646126270294189,0,0.8177195191383362,0,0.057612669,0
8.163737297,-61.54364395,1,14.70030879974365,1,14.15551662445068,1,0.9453615546226501,1,0.1267438381910324,1,0.2919427752494812,1,0.5705373287200928,0,0.8195324540138245,0,0.059276272,0
8.167736053,-60.39869308,1,13.30127143859863,1,13.54874038696289,1,0.7982101440429688,1,-0.765899062,1,0.8366299271583557,1,0.5750771760940552,0,0.8172171711921692,0,0.060865268,0
8.171737671,-57.79654694,1,19.34919929504395,1,12.19315052032471,1,0.7740334868431091,1,-1.261342049,1,1.333809257,1,0.579815686,0,0.8114585280418396,0,0.063097298,0
8.175735474,-57.05567932,1,20.07288932800293,1,11.48159027099609,1,0.8289424777030945,1,-1.696445227,1,1.650852442,1,0.5846966505050659,0,0.8032116293907166,0,0.065524608,0
8.17973423,-54.10559845,1,16.06115341186523,1,10.50331783294678,1,0.9720717072486877,1,-2.038702488,1,2.152680635452271,1,0.5906144380569458,0,0.7927746772766113,0,0.068631865,0
8.183735847,-50.69514465,1,10.02406024932861,1,9.149499893188477,1,0.6931363344192505,1,-2.367362022,1,2.658323287963867,1,0.597109854,0,0.7800700664520264,0,0.072944,0
8.18773365,-45.09404755,1,7.346171379089355,1,8.011693000793457,1,0.1361908316612244,1,-2.784528971,1,3.087339401245117,1,0.6023720502853394,0,0.7650861144065857,0,0.078056112,0
8.191732407,-42.22104645,1,5.467981338500977,1,6.515284538269043,1,-0.325914979,1,-3.191138744,1,3.417606830596924,1,0.6056615114212036,0,0.7478607296943665,0,0.083614439,0
8.195734978,-37.84571457,1,5.690683841705322,1,5.863627433776855,1,-0.789270401,1,-3.4636724,1,3.644419909,1,0.6070789694786072,0,0.7288408279418945,0,0.089040808,0
8.199731827,-26.52884293,1,-2.074984789,1,-2.684825897,1,-1.386145592,1,-3.838114023,1,3.878034353256226,1,0.6064020395278931,0,0.7084221839904785,0,0.094387516,0
8.203731537,30.31716156005859,1,4.018392086029053,1,-8.315338135,1,-2.794845819,1,-5.710784435,1,3.769982099533081,1,0.5989588499069214,0,0.6838010549545288,0,0.09774898,0
8.207733154,-57.6813736,1,0.577931821,1,20.56626319885254,1,-2.059895992,1,-6.746239185,1,4.748447418212891,1,0.5918793082237244,0,0.653315008,0,0.097308882,0
8.211730003,30.91480637,1,-53.10119247,1,-4.616113663,1,-4.815823078,1,-6.12195015,1,4.266395568847656,1,0.5771304965019226,0,0.6223013401031494,0,0.098401062,0
8.215729713,30.99912452697754,1,-49.91326523,1,-13.41028976,1,-7.023088455,1,-8.892806053,1,5.517629623413086,1,0.5546432733535767,0,0.5868149995803833,0,0.099022612,0
8.219731331,14.76219749450684,1,-46.49636078,1,-56.77820969,1,-6.511182308,1,-8.884232521,1,6.238857269287109,1,0.528331459,0,0.5442823767662048,0,0.1010884195566177,0
8.22372818,-61.94794083,1,-76.32242584,1,-91.9572525,1,-8.619683266,1,-8.933943748,1,7.086127281188965,1,0.4999873042106628,0,0.5001031756401062,0,0.1076508909463882,0
8.227728844,-123.1602402,1,-35.68398666,1,-62.16202164,1,-8.627583504,1,-8.942603111,1,8.614539146,1,0.4713945388793945,0,0.453642339,0,0.1205502301454544,0
8.231729507,-152.1784973,1,12.06767845153809,1,-43.52828217,1,-8.626760483,1,-8.943822861,1,8.614933013916016,1,0.4438103437423706,0,0.4063299894332886,0,0.1371700465679169,0
8.23572731,-63.02096558,1,54.83141326904297,1,-37.1435585,1,-8.407663345,1,-8.573664665,1,6.156808853149414,1,0.4149372279644012,0,0.3613595366477966,0,0.1515723466873169,0
8.23972702,-49.23790741,1,76.71927642822266,1,-56.00274277,1,-6.490083218,1,-7.285288811,1,3.360793352127075,1,0.3877190351486206,0,0.3241629600524902,0,0.1559799909591675,0
8.243727684,-24.85701752,1,85.12889862060547,1,-4.884507656,1,-4.403898716,1,-5.530239105,1,3.004192829,1,0.3651357591152191,0,0.296492338,0,0.1584634631872177,0
8.247725487,-42.33070374,1,52.76975250244141,1,-13.71990871,1,-1.412902832,1,-3.525696039,1,3.019991636276245,1,0.3558014631271362,0,0.2747707962989807,0,0.1633923947811127,0
8.251725197,-68.15530396,1,-12.64934635,1,-3.543903828,1,-1.098650575,1,-1.298753262,1,2.226715803146362,1,0.3528200387954712,0,0.2628664672374725,0,0.1711230278015137,0
8.255725861,-21.19744682,1,-36.11209869,1,5.605150223,1,-1.483551621,1,-2.121184587,1,0.3625153601169586,1,0.3486562967300415,0,0.2548582255840302,0,0.1733800321817398,0
8.259723663,-18.73009872,1,28.24778747558594,1,-11.87105179,1,-1.290204167,1,-1.329417348,1,0.7102787494659424,1,0.3423139154911041,0,0.2474516481161118,0,0.172474742,0
8.26372242,4.095267772674561,1,44.86451721191406,1,-15.55459023,1,-0.056474783,1,-1.053093195,1,1.094523787498474,1,0.3401597142219543,0,0.2418812662363052,0,0.174913689,0
8.267724037,-21.10231972,1,-4.623652458,1,-12.36900711,1,0.5096397399902344,1,-0.897525311,1,0.211155117,1,0.3417336046695709,0,0.2372475117444992,0,0.1761275082826614,0
8.27172184,-10.54081249,1,-26.10811234,1,-12.06407738,1,0.2423211187124252,1,-1.001378894,1,0.3693090081214905,1,0.3431094884872437,0,0.2333948314189911,0,0.1755472123622894,0
8.27572155,3.574847221374512,1,-22.86165619,1,-15.54612827,1,-0.383969605,1,-1.172421575,1,0.9553271532058716,1,0.3431018590927124,0,0.2285625338554382,0,0.1767403930425644,0
8.279722214,2.813874006271362,1,-4.140228748,1,-18.27019691,1,-0.465436548,1,-1.507918358,1,1.235261559486389,1,0.3283233642578125,0,0.2859778702259064,0,0.063552469,0
8.283725739,-3.842515707,1,6.434723377227783,1,-17.81371498,1,-0.154780194,1,-1.798828125,1,1.213341713,1,0.3279063701629639,0,0.2781954407691956,0,0.066285193,0
8.287725449,-6.315550804,1,-2.757233858,1,-13.55655193,1,-0.001575898,1,-1.965705514,1,1.152439117431641,1,0.3281213343143463,0,0.2695646584033966,0,0.068370402,0
8.291727066,-9.700069427,1,-5.921863079,1,-8.6978302,1,-0.003474556,1,-2.020527601,1,1.307894468307495,1,0.3287039697170258,0,0.2603891491889954,0,0.070452183,0
8.295724869,-10.53406715,1,-8.70181942,1,-6.501697063,1,-0.223264858,1,-1.987370253,1,1.622270584106445,1,0.3290188312530518,0,0.2508423924446106,0,0.073520087,0
8.299723625,-4.988769531,1,-11.57996655,1,-7.141567707,1,-0.274917454,1,-1.73264575,1,1.598520636558533,1,0.3290196061134338,0,0.2417320907115936,0,0.077410668,0
8.303725243,-3.707744598,1,3.639740943908691,1,-12.01982403,1,-0.397390574,1,-1.782259822,1,1.510253667831421,1,0.3284571766853333,0,0.2331511974334717,0,0.081134424,0
8.307723045,-6.275788307,1,11.17505264282227,1,-14.96147823,1,-0.025328916,1,-2.025010824,1,1.368527770042419,1,0.3282231092453003,0,0.2240989804267883,0,0.084270537,0
8.311722755,-6.63874197,1,-3.228710413,1,-15.27127743,1,0.061128326,1,-2.412657738,1,1.188895106315613,1,0.32903707,0,0.2140942513942719,0,0.08624614,0
8.315723419,-6.471856117,1,-3.415907145,1,-17.44758034,1,-0.233494505,1,-2.821925163,1,1.220895290374756,1,0.3288090527057648,0,0.2025932818651199,0,0.08743795,0
8.319721222,-1.906156421,1,-3.958424807,1,-19.83560371,1,-0.34457314,1,-3.284186602,1,1.240748286247253,1,0.327914298,0,0.1894422471523285,0,0.08819522,0
8.323720932,-1.587201476,1,-1.729527712,1,-24.17054939,1,-0.540348172,1,-3.96293211,1,1.160228729248047,1,0.3261493444442749,0,0.174166203,0,0.088088214,0
8.327721596,1.337320209,1,-0.333642751,1,-26.07909584,1,-0.630715311,1,-4.783574104,1,1.072390437,1,0.3235249221324921,0,0.1561911702156067,0,0.086755477,0
8.331719398,-0.110181235,1,-1.239928126,1,-28.36738396,1,-0.654901147,1,-5.581538677,1,1.118189930915833,1,0.3206275105476379,0,0.1351751834154129,0,0.084178984,0
8.335719109,2.644829273223877,1,-5.062957764,1,-29.0492382,1,-0.86626941,1,-6.588438034,1,1.239592195,1,0.3171267509460449,0,0.1105994805693626,0,0.081062682,0
8.33972168,5.602500438690186,1,-3.108804464,1,-30.69530487,1,-0.872690082,1,-7.625199318,1,1.332817554473877,1,0.3132005333900452,0,0.082037725,0,0.077109791,0
8.343718529,7.103647708892822,1,-4.730458736,1,-33.24081421,1,-0.722204804,1,-8.657361031,1,1.579818725585938,1,0.3097288310527802,0,0.049164787,0,0.072647676,0
8.347718239,10.02314949035645,1,-7.27054882,1,-31.24998093,1,-0.594818175,1,-8.736242294,1,1.831166744232178,1,0.3069101572036743,0,0.013880176,0,0.068534367,0
8.351719856,13.77025318145752,1,-8.113444328,1,-31.34969139,1,-0.392163068,1,-8.732915878,1,2.015270709991455,1,0.3049337565898895,0,-0.021748329,0,0.06533736,0
8.355716705,14.46472835540771,1,-7.150412083,1,-31.20358849,1,-0.287187696,1,-8.733020782,1,2.35612154,1,0.3036430776119232,0,-0.057683446,0,0.063175373,0
8.359716415,14.61798954,1,-6.702945709,1,-31.18296051,1,-0.08753787,1,-8.730781555,1,2.754370689,1,0.3029190301895142,0,-0.094076164,0,0.062517501,0
8.363718033,8.450931549072266,1,-7.502016544,1,-30.7528286,1,0.102894552,1,-8.729084969,1,2.990565538406372,1,0.3029391169548035,0,-0.130833924,0,0.063077331,0
8.367714882,5.715768814086914,1,-7.237260818,1,-26.50367928,1,0.3602454960346222,1,-8.725424767,1,3.322425365447998,1,0.3035406470298767,0,-0.167914659,0,0.064702451,0
8.371715546,-0.092597321,1,-2.610635757,1,-27.78115654,1,0.8725975751876831,1,-8.716648102,1,3.746548414230347,1,0.3053498864173889,0,-0.205441102,0,0.067822054,0
8.375716209,-11.5443325,1,4.002710342407227,1,-24.61512375,1,1.464230179786682,1,-8.705028534,1,3.803695678710938,1,0.3091243505477905,0,-0.243256733,0,0.071899503,0
8.379714012,-25.95090103,1,6.646634101867676,1,-19.67090416,1,1.90234375,1,-8.694747925,1,3.754200220108032,1,0.3149590492248535,0,-0.280969381,0,0.075606383,0
8.383713722,-47.17526627,1,9.524469375610352,1,-18.34763908,1,2.766206502914429,1,-8.677836418,1,3.991313457489014,1,0.3229629695415497,0,-0.318825305,0,0.079620562,0
8.387714386,-69.21627808,1,4.661318778991699,1,-11.24458313,1,3.647464275360107,1,-8.663009644,1,4.317150592803955,1,0.3343573212623596,0,-0.356981516,0,0.08434426,0
8.391712189,-84.87100983,1,2.506833076477051,1,-10.35821247,1,4.013277053833008,1,-8.657544136,1,4.677635192871094,1,0.3477638363838196,0,-0.395699799,0,0.090304464,0
8.395711899,-87.33866882,1,-1.3208884,1,-5.063577175,1,3.847939968109131,1,-8.660888672,1,4.573619842529297,1,0.3609865307807922,0,-0.434626788,0,0.09619648,0
8.399713516,-82.1423645,1,-2.441645861,1,-2.077378273,1,3.646417617797852,1,-8.661558151,1,4.240407466888428,1,0.3740698397159576,0,-0.473286062,0,0.1006423979997635,0
8.403716087,-64.99601746,1,-4.980206013,1,6.000377655029297,1,3.516215324401855,1,-8.417373657,1,4.087725639343262,1,0.3869455456733704,0,-0.511416435,0,0.1036920994520187,0
8.407715797,-43.78784943,1,-21.86473656,1,5.285662174224854,1,2.552516460418701,1,-6.464519501,1,3.530272722244263,1,0.3981083929538727,0,-0.544717193,0,0.1068554744124413,0
8.411717415,-22.65277863,1,-28.19613266,1,18.29736137390137,1,-0.021981027,1,-5.6409688,1,3.803720712661743,1,0.4002966582775116,0,-0.571171463,0,0.1115039065480232,0
8.415715218,-76.51727295,1,-11.42984486,1,-9.331372261,1,-1.302362084,1,-4.739000797,1,3.408082723617554,1,0.3945570588111877,0,-0.597784698,0,0.1172913759946823,0
8.419714928,-70.68193817,1,-21.8775959,1,-15.27993584,1,-2.96859622,1,-2.478045464,1,3.052270412445068,1,0.3814918100833893,0,-0.616014302,0,0.1250859200954437,0
8.423715591,-29.67108917,1,-13.6673708,1,-10.97011757,1,-4.111470222,1,-2.005872965,1,3.089767694473267,1,0.3610394597053528,0,-0.628062606,0,0.1355147212743759,0
8.427713394,-17.83633995,1,-2.202413321,1,-13.17236519,1,-4.480054379,1,-3.026479244,1,3.111428737640381,1,0.3377094268798828,0,-0.6417135,0,0.1456545144319534,0
8.431713104,-15.63404083,1,1.384955883026123,1,-13.2820549,1,-4.378154755,1,-4.372843742,1,3.347397804260254,1,0.3141807913780212,0,-0.659782112,0,0.1550675183534622,0
8.435713768,-18.56994629,1,2.950128078460693,1,-14.47524452,1,-3.90702033,1,-5.59637022,1,3.679227590560913,1,0.291592538,0,-0.683098733,0,0.1646043211221695,0
8.439711571,-21.74993896,1,7.195768356323242,1,-16.34666634,1,-3.052354097,1,-6.461277962,1,3.731537342071533,1,0.2712347805500031,0,-0.710472107,0,0.1745024919509888,0
8.443711281,-25.00093079,1,7.589645385742188,1,-16.62415695,1,-1.949283123,1,-6.996078968,1,3.726193666,1,0.2546649873256683,0,-0.74041003,0,0.1843644082546234,0
8.447712898,-30.77244568,1,3.920468330383301,1,-17.59673309,1,-0.918487549,1,-7.140304089,1,3.841712236404419,1,0.241730273,0,-0.771627426,0,0.194925383,0
8.451710701,-35.20679474,1,-1.444786787,1,-19.37786484,1,-0.119231343,1,-6.895540237,1,3.998359203338623,1,0.231016532,0,-0.802661479,0,0.2072051763534546,0
8.455709457,-36.24899673,1,-8.628550529,1,-21.57790947,1,0.2944475412368774,1,-6.449768066,1,4.111514091491699,1,0.2209942489862442,0,-0.832354188,0,0.221582904,0
8.459711075,-33.947258,1,-14.44566917,1,-23.49097443,1,0.2959052920341492,1,-5.933621883,1,4.149041175842285,1,0.2099835127592087,0,-0.860074937,0,0.2379851937294006,0
8.463708878,-30.53712082,1,-16.72986221,1,-24.45275497,1,0.075430118,1,-5.454022884,1,4.133141994476318,1,0.1968809217214584,0,-0.88571161,0,0.2560942769050598,0
8.467707634,-27.51301384,1,-16.91238403,1,-24.60792351,1,-0.193911731,1,-5.064538479,1,4.094686985015869,1,0.1813350170850754,0,-0.909447789,0,0.2756794691085815,0
8.471709251,-25.13524437,1,-15.94658852,1,-24.83105659,1,-0.425804347,1,-4.76237154,1,4.028104782104492,1,0.1634559780359268,0,-0.931586146,0,0.2965579628944397,0
8.475707054,-23.86325073,1,-14.44583607,1,-24.75750351,1,-0.56349194,1,-4.559087276,1,3.943795680999756,1,0.1436915397644043,0,-0.952435553,0,0.318504125,0
8.479706764,-23.76046181,1,-12.51772976,1,-24.68642998,1,-0.57243371,1,-4.402900219,1,3.860408306121826,1,0.1225930824875832,0,-0.972250223,0,0.341412365,0
8.483707428,-24.01309586,1,-10.76087284,1,-24.46536827,1,-0.432680279,1,-4.257191658,1,3.784958362579346,1,0.1006939858198166,0,-0.991159499,0,0.3652845323085785,0
8.487705231,-24.14985275,1,-9.685718536,1,-24.40478516,1,-0.18775475,1,-4.152311325,1,3.731425523757935,1,0.07843776,0,-1.009250164,0,0.3902159333229065,0
8.491704941,-23.88755035,1,-9.622465134,1,-24.41965866,1,0.099775769,1,-4.065161228,1,3.699887275695801,1,0.056024835,0,-1.026632071,0,0.4163535833358765,0
8.495706558,-23.4329567,1,-10.52241516,1,-24.38604736,1,0.3671830296516418,1,-4.030964375,1,3.664843559265137,1,0.033407241,0,-1.043447971,0,0.4437688291072845,0
8.499703407,-23.71259499,1,-12.55461502,1,-24.30721855,1,0.5097634196281433,1,-3.991769314,1,3.669407367706299,1,0.010145197,0,-1.059814215,0,0.4726149439811707,0
8.503703117,-23.24436951,1,-14.47577286,1,-24.36206627,1,0.5145488977432251,1,-3.974573612,1,3.668808698654175,1,-0.014518357,0,-1.075705409,0,0.5031395554542542,0
8.507705688,-22.53620148,1,-16.01698494,1,-24.43605614,1,0.396938145,1,-4.00124836,1,3.696073770523071,1,-0.041281354,0,-1.091241598,0,0.5355234742164612,0
8.511704445,-21.99525261,1,-17.10649681,1,-24.620121,1,0.1906582862138748,1,-4.058216095,1,3.717809677124023,1,-0.070865326,0,-1.10650003,0,0.5700762867927551,0
8.515703201,-21.40883827,1,-17.59354591,1,-24.81928444,1,-0.068740584,1,-4.136585236,1,3.727778434753418,1,-0.10371007,0,-1.121536136,0,0.606952965,0
8.519704819,-21.34524918,1,-17.16416931,1,-25.31103516,1,-0.328598291,1,-4.261220455,1,3.692790746688843,1,-0.139933959,0,-1.13639605,0,0.6461434960365295,0
8.523708344,-20.95357704,1,-18.19018555,1,-25.50840759,1,-0.615324855,1,-4.333593845,1,3.706542253494263,1,-0.179936886,0,-1.15101707,0,0.6880155205726624,0
8.527708054,-20.23828697,1,-18.05377007,1,-25.82339096,1,-0.92646277,1,-4.402553558,1,3.672702074050903,1,-0.224071234,0,-1.165223241,0,0.7328804731369019,0
8.531708717,-18.51558876,1,-17.70543861,1,-25.41115379,1,-1.195742369,1,-4.529138088,1,3.611417293548584,1,-0.24636282,0,-1.1556499,0,0.6785627007484436,0
8.53570652,-19.44632149,1,-17.59752846,1,-25.6533432,1,-1.523928642,1,-4.654555798,1,3.636426210403442,1,-0.295244455,0,-1.169564724,0,0.7259460091590881,0
8.53970623,-16.80752373,1,-17.07341766,1,-25.23143768,1,-1.852621078,1,-4.738939762,1,3.537189722061157,1,-0.348887116,0,-1.182810068,0,0.7766944169998169,0
8.543707848,-16.65019608,1,-16.71233177,1,-25.63199806,1,-2.152406454,1,-4.839644909,1,3.493653297424316,1,-0.407126814,0,-1.195437789,0,0.8307862877845764,0
8.54770565,-16.31131935,1,-16.23551559,1,-25.76340485,1,-2.427426815,1,-4.894136429,1,3.431025743484497,1,-0.470025152,0,-1.207194567,0,0.8884013891220093,0
8.55170536,-15.96212482,1,-15.51757431,1,-26.31347847,1,-2.684588909,1,-4.898683071,1,3.364083528518677,1,-0.537300408,0,-1.217805743,0,0.949303925,0
8.555706024,-15.5896368,1,-14.71464157,1,-26.87805939,1,-2.871201277,1,-4.863083839,1,3.277406930923462,1,-0.608334899,0,-1.227036595,0,1.013034105300903,0
8.559703827,-15.54877281,1,-13.59021091,1,-27.68252373,1,-3.000696421,1,-4.770924091,1,3.148438692092896,1,-0.68197,0,-1.234709382,0,1.078656435012817,0
8.563703537,-15.65221596,1,-12.11420155,1,-28.74918365,1,-3.0514009,1,-4.620681763,1,2.976981639862061,1,-0.756595373,0,-1.240771294,0,1.144802570343018,0
8.567705154,-15.68256092,1,-10.74611855,1,-29.8194828,1,-3.018375158,1,-4.398128033,1,2.751452684402466,1,-0.830281556,0,-1.245263338,0,1.209786653518677,0
8.571702957,-15.30013657,1,-9.687440872,1,-30.88496399,1,-2.910258293,1,-4.116086483,1,2.515409469604492,1,-0.901136756,0,-1.248283625,0,1.272002935409546,0
8.575701714,-14.08282089,1,-8.812787056,1,-31.92551994,1,-2.71702075,1,-3.775912523,1,2.273756980895996,1,-0.967640877,0,-1.24999094,0,1.330227017402649,0
8.579704285,-12.21200848,1,-8.61271286,1,-32.59354019,1,-2.479624033,1,-3.392054558,1,2.050265550613403,1,-1.028484702,0,-1.250486135,0,1.383362889289856,0
8.583701134,-10.3647747,1,-9.023264885,1,-33.21748734,1,-2.230567694,1,-2.963426352,1,1.859666466712952,1,-1.082862854,0,-1.249958873,0,1.430741548538208,0
8.587700844,-8.236618996,1,-9.520633698,1,-32.68100739,1,-1.995208263,1,-2.493529797,1,1.713122725486755,1,-1.130198479,0,-1.248483896,0,1.471733808517456,0
8.591702461,-6.024261951,1,-10.70271873,1,-32.02269363,1,-1.799296618,1,-1.964532733,1,1.640961289405823,1,-1.170226932,0,-1.246023297,0,1.505961656570435,0
8.59569931,-3.766686201,1,-12.34873867,1,-30.1833992,1,-1.654960036,1,-1.338833094,1,1.627337217330933,1,-1.202473283,0,-1.242463827,0,1.532734155654907,0
8.59969902,-0.659370661,1,-13.94548035,1,-27.87723923,1,-1.59449029,1,-0.626795173,1,1.660481214523315,1,-1.226431251,0,-1.237684846,0,1.551224708557129,0
8.603701591,4.052985668182373,1,-15.1159935,1,-25.47476959,1,-1.653571486,1,0.1375363916158676,1,1.696906447410583,1,-1.241914034,0,-1.231655955,0,1.560758113861084,0
8.607699394,10.12655925750732,1,-14.97998142,1,-22.45278358,1,-1.758467078,1,0.8842872977256775,1,1.690881609916687,1,-1.249377131,0,-1.224579811,0,1.561432600021362,0
8.611697197,14.78013324737549,1,-15.01446152,1,-18.81966782,1,-1.829998851,1,1.642640829086304,1,1.671842813491821,1,-1.249243855,0,-1.216604233,0,1.553635239601135,0
8.615699768,19.24860000610352,1,-14.11104298,1,-16.14988899,1,-1.85486567,1,2.378375291824341,1,1.624666094779968,1,-1.24189651,0,-1.207766175,0,1.537906646728516,0
8.619697571,24.90398025512695,1,-12.79589367,1,-13.93299007,1,-1.827811122,1,3.063337802886963,1,1.545481085777283,1,-1.227980494,0,-1.198179483,0,1.515090465545654,0
8.623697281,33.61188507080078,1,-12.11529827,1,-12.71645069,1,-1.691204786,1,3.582037210464478,1,1.465313315391541,1,-1.208666325,0,-1.187925577,0,1.486681818962097,0
8.627698898,39.78287124633789,1,-12.78821278,1,-13.42860222,1,-1.469366789,1,3.907509565353394,1,1.373702883720398,1,-1.185967445,0,-1.177175403,0,1.455315351486206,0
8.631697655,41.07507324,1,-13.31097317,1,-13.4050808,1,-1.218379498,1,4.393899440765381,1,1.310555338859558,1,-1.160187125,0,-1.165832877,0,1.421464204788208,0
8.635697365,38.73633957,1,-10.79634094,1,-13.43989658,1,-0.735768914,1,5.152685642242432,1,1.193434715270996,1,-1.129198194,0,-1.153369308,0,1.383314371109009,0
8.639698982,32.59640502929688,1,-5.477803707,1,-13.74824905,1,0.066096336,1,6.003694534301758,1,0.7386246919631958,1,-1.090249181,0,-1.139866829,0,1.339048862457275,0
8.643701553,23.16454506,1,-2.212288141,1,-13.67070675,1,0.9672889113426208,1,6.947644710540771,1,-0.105288804,1,-1.041225076,0,-1.126206517,0,1.287194132804871,0
8.647701263,15.83326912,1,-4.844195366,1,-12.30983543,1,1.758934140205383,1,8.095942497253418,1,-1.006428957,1,-0.980751991,0,-1.112137079,0,1.226114035,0
8.651702881,13.07053375244141,1,-5.614901066,1,-10.67549801,1,2.308048486709595,1,8.761112213134766,1,-1.907302737,1,-0.910770416,0,-1.096879005,0,1.156928777694702,0
8.655700684,11.82679748535156,1,-4.911979198,1,-9.142539024,1,2.698989629745483,1,8.775248527526855,1,-2.778390169,1,-0.837723672,0,-1.081566453,0,1.085832595825195,0
8.65969944,11.03640365600586,1,-4.614338398,1,-8.395174026,1,2.989311456680298,1,8.786202430725098,1,-3.595731258,1,-0.763418198,0,-1.066258311,0,1.014300346374512,0
8.663701057,9.545978546142578,1,-5.191024303,1,-8.772707939,1,3.162814855575562,1,8.792627334594727,1,-4.313250542,1,-0.688490093,0,-1.050485492,0,0.9424872994422913,0
8.667699814,7.408244609832764,1,-6.821098804,1,-9.211597443,1,3.173309326171875,1,8.796474456787109,1,-4.80385828,1,-0.614365876,0,-1.033588767,0,0.8713657259941101,0
8.67169857,4.298150539398193,1,-6.414156437,1,-10.54981518,1,3.085207223892212,1,8.796656608581543,1,-5.147480965,1,-0.542733192,0,-1.015024424,0,0.8021987080574036,0
8.675701141,-0.320473284,1,-5.072947502,1,-11.7471199,1,3.002365589141846,1,8.795248985290527,1,-5.355110645,1,-0.47472167,0,-0.994519532,0,0.7360290288925171,0
8.67969799,-4.846817017,1,-2.921782494,1,-13.1760149,1,3.034018516540527,1,8.798282623291016,1,-5.498166561,1,-0.410556912,0,-0.97201997,0,0.673424244,0
8.683697701,-8.549093246,1,-0.7879107,1,-14.58106709,1,3.203977346420288,1,8.801883697509766,1,-5.559979439,1,-0.350107491,0,-0.947545946,0,0.614820123,0
8.687700272,-11.63559341,1,-0.023781445,1,-16.07277489,1,3.491934299468994,1,8.806423187255859,1,-5.526209354,1,-0.293165803,0,-0.921146154,0,0.5606557130813599,0
8.691698074,-14.49499321,1,-0.780222833,1,-17.21614838,1,3.798646450042725,1,8.813630104064941,1,-5.429857254,1,-0.239656851,0,-0.892916858,0,0.5112681984901428,0
8.695697784,-17.05679321,1,-2.225287437,1,-17.8122139,1,3.989197731018066,1,8.816872596740723,1,-5.305325031,1,-0.189694092,0,-0.863038599,0,0.4666463732719421,0
8.699699402,-18.57136345,1,-3.860861063,1,-18.24089241,1,4.015542984008789,1,8.815342903137207,1,-5.156983852,1,-0.143642634,0,-0.831730723,0,0.4266298711299896,0
8.703697205,-19.30762863,1,-5.786600113,1,-18.20153427,1,3.931479930877686,1,8.813362121582031,1,-4.964527607,1,-0.101780914,0,-0.799213767,0,0.3910024166107178,0
8.707696915,-19.70611763,1,-6.993657589,1,-18.18317032,1,3.776717901229858,1,8.809010506,1,-4.725092411,1,-0.064195856,0,-0.765699267,0,0.3595782220363617,0
8.711698532,-20.31790543,1,-8.080415726,1,-18.07491875,1,3.515320301055908,1,8.801737785339355,1,-4.483067036,1,-0.031011976,0,-0.731391251,0,0.3322398364543915,0
8.715696335,-20.88433838,1,-8.379607201,1,-18.22457504,1,3.222525596618652,1,8.794569969177246,1,-4.232266426,1,-0.001925501,0,-0.696490645,0,0.3084264099597931,0
8.719695091,-20.7923336,1,-8.0367136,1,-18.04276466,1,2.949400901794434,1,8.788821220397949,1,-4.021558762,1,0.023433985,0,-0.661148846,0,0.2877130508422852,0
8.723696709,-20.49219322,1,-7.154262543,1,-17.74625969,1,2.713124990463257,1,8.780623435974121,1,-3.81329155,1,0.045587402,0,-0.625491858,0,0.269658238,0
8.727694511,-20.07034683,1,-6.285227299,1,-16.91292763,1,2.545588254928589,1,8.776023864746094,1,-3.611945629,1,0.065015331,0,-0.589611232,0,0.2539854049682617,0
8.731694221,-19.52179718,1,-5.537543297,1,-15.95874786,1,2.489684820175171,1,8.773722648620605,1,-3.399707317,1,0.082402147,0,-0.553576589,0,0.2404319941997528,0
8.735694885,-18.99246025,1,-5.28362751,1,-14.79769516,1,2.504403829574585,1,8.772509574890137,1,-3.194073677,1,0.098290063,0,-0.517439365,0,0.2288562506437302,0
8.739692688,-18.32442856,1,-5.158740044,1,-13.47923756,1,2.593179225921631,1,8.774147987365723,1,-3.004118204,1,0.1131756901741028,0,-0.481236547,0,0.219035804,0
8.743693352,-17.41492081,1,-4.464189053,1,-12.1521368,1,2.731133937835693,1,8.775944709777832,1,-2.867428064,1,0.1275286227464676,0,-0.444984198,0,0.2107198685407639,0
8.747694969,-15.98690701,1,-3.192427874,1,-11.00823307,1,2.923050403594971,1,8.778928756713867,1,-2.742400885,1,0.1417262256145477,0,-0.408688605,0,0.2036866545677185,0
8.751692772,-14.32744789,1,-1.410452247,1,-9.680013657,1,3.215174436569214,1,8.784069061279297,1,-2.616317272,1,0.1561902910470963,0,-0.372361511,0,0.1978544443845749,0
8.755692482,-13.07363605,1,0.3768433928489685,1,-8.246828079,1,3.646681070327759,1,8.792325973510742,1,-2.493811846,1,0.1714876741170883,0,-0.336013496,0,0.1932100653648376,0
8.759693146,-12.25325871,1,1.365205764770508,1,-6.702875137,1,4.170795917510986,1,8.803646087646484,1,-2.382490873,1,0.1881766617298126,0,-0.299649954,0,0.1897368282079697,0
8.763697624,-11.85535145,1,1.460410475730896,1,-5.850313663,1,4.740749835968018,1,8.814702987670898,1,-2.298445225,1,0.2066642343997955,0,-0.263265252,0,0.187376931,0
8.767697334,-11.72275162,1,0.9446072578430176,1,-5.500503063,1,5.266256809234619,1,8.825113296508789,1,-2.274918556,1,0.2270351201295853,0,-0.226852462,0,0.1860128790140152,0
8.771698952,-12.58331966,1,0.7488016486167908,1,-5.899285793,1,5.642958164215088,1,8.833850860595703,1,-2.359258413,1,0.2490406483411789,0,-0.190351084,0,0.1853296160697937,0
8.775696754,-13.74818707,1,-0.82431978,1,-6.018167973,1,5.822714328765869,1,8.837653160095215,1,-2.501937151,1,0.2720674574375153,0,-0.153695941,0,0.1850291788578033,0
8.779695511,-14.02669334,1,-3.273934841,1,-6.144584179,1,5.851346492767334,1,8.838381767272949,1,-2.650347948,1,0.2957014441490173,0,-0.127279446,0,0.1294436156749725,0
8.783697128,-14.21608448,1,-3.860566854,1,-6.961134434,1,5.787252426147461,1,8.839521408081055,1,-2.886362791,1,0.3189769387245178,0,-0.090236194,0,0.129609689,0
8.787694931,-14.41220665,1,-1.105886698,1,-9.347125053,1,5.652489662,1,8.838395118713379,1,-3.252613783,1,0.3418674767017365,0,-0.052820988,0,0.1295019239187241,0
8.791694641,-15.77376461,1,1.140678405761719,1,-11.18648338,1,5.528560638427734,1,8.838661193847656,1,-3.673292398,1,0.3642438054084778,0,-0.014857278,0,0.1287307441234589,0
8.795697212,-16.25578499,1,1.705668568611145,1,-12.90146255,1,5.505626678466797,1,8.841081619262695,1,-4.063530445,1,0.3862764239311218,0,0.02371354,0,0.1272875368595123,0
8.799695015,-17.17977905,1,2.996678352355957,1,-14.68915272,1,5.588194370269775,1,8.844396591186523,1,-4.455887318,1,0.4083461761474609,0,0.062919408,0,0.1252638399600983,0
8.803694725,-18.91445541,1,3.928437232971191,1,-16.39330673,1,5.727805614471436,1,8.849914551,1,-4.83908987,1,0.4307602643966675,0,0.1028116494417191,0,0.1226877346634865,0
8.807696342,-20.73671722,1,3.935808658599854,1,-17.5359745,1,5.856692790985107,1,8.855088233947754,1,-5.20502758,1,0.4535614848136902,0,0.1434129178524017,0,0.1196521520614624,0
8.811695099,-22.77103806,1,2.721849203109741,1,-18.02766228,1,5.970664024353027,1,8.860005378723145,1,-5.537376881,1,0.4766902923583984,0,0.1847070306539536,0,0.1163041368126869,0
8.815694809,-24.54367447,1,1.796813965,1,-18.70826912,1,5.987586498260498,1,8.861603736877441,1,-5.895280361,1,0.4998970627784729,0,0.2267305701971054,0,0.1126710772514343,0
8.819695473,-25.45983124,1,0.4377487599849701,1,-19.82254601,1,5.831152916,1,8.809359550476074,1,-6.273572445,1,0.5225909948348999,0,0.2695020735263824,0,0.1086450964212418,0
8.823693275,-26.40190887,1,-1.833120227,1,-21.3464489,1,5.482329845428467,1,8.643668174743652,1,-6.620363235,1,0.5439274311065674,0,0.3126868605613708,0,0.1039926186203957,0
8.827692986,-28.78809166,1,-3.797785997,1,-23.502985,1,4.981425285339355,1,8.454625129699707,1,-6.934127808,1,0.5631135702133179,0,0.3560400009155273,0,0.098606095,0
8.831694603,-32.97707748,1,-5.340279579,1,-25.83822632,1,4.394283294677734,1,8.295484543,1,-7.185346603,1,0.579626739,0,0.3994826972484589,0,0.092538305,0
8.835692406,-38.23476791,1,-5.920002937,1,-28.02009773,1,3.823063373565674,1,8.19151783,1,-7.382403374,1,0.5933597683906555,0,0.4430651068687439,0,0.085936695,0
8.839692116,-42.97376633,1,-4.964895248,1,-29.88772202,1,3.364036798477173,1,8.141598701477051,1,-7.527653694,1,0.6045666933059692,0,0.4868565201759338,0,0.078976743,0
8.843693733,-47.42287827,1,-2.782271862,1,-31.23309898,1,3.060072660446167,1,8.078986167907715,1,-7.61727953,1,0.6138717532157898,0,0.5308120846748352,0,0.071784094,0
8.847691536,-51.69107819,1,-1.046892881,1,-31.07403183,1,2.939418554,1,8.028186798095703,1,-7.603330612,1,0.6220060586929321,0,0.5747224092483521,0,0.064518116,0
8.851691246,-54.75931168,1,-0.455969036,1,-29.29771423,1,2.982572555541992,1,7.972252368927002,1,-7.45030117,1,0.629982054,0,0.6183134913444519,0,0.057670236,0
8.855692863,-57.42628479,1,0.3737872838973999,1,-27.45178032,1,3.048996210098267,1,7.749932289123535,1,-7.203877926,1,0.6383699178695679,0,0.6610652208328247,0,0.051486045,0
8.859690666,-60.56458664,1,1.527478814125061,1,-24.51225471,1,3.066335201263428,1,7.358847141265869,1,-6.837006569,1,0.6470545530319214,0,0.7021280527114868,0,0.045845289,0
8.863689423,-64.15719604,1,4.303020954,1,-21.31736946,1,3.061986207962036,1,6.785335063934326,1,-6.379843235,1,0.6559334993362427,0,0.7407153248786926,0,0.040731616,0
8.867691994,-68.28069305,1,7.030763626098633,1,-16.58306503,1,3.149613380432129,1,6.117675781,1,-5.70255518,1,0.6651643514633179,0,0.7759566903114319,0,0.036135718,0
8.871688843,-70.63504791,1,5.494911193847656,1,-11.00027466,1,3.198842287063599,1,5.481101512908936,1,-4.822187424,1,0.6758108735084534,0,0.807242751,0,0.033167649,0
8.875687599,-70.69451141,1,3.200855493545532,1,-5.164087772,1,2.927077054977417,1,4.659564018249512,1,-3.854851007,1,0.6873965859413147,0,0.833988369,0,0.032131031,0
8.87969017,-69.00196838,1,3.508635282516479,1,1.262081503868103,1,2.375289916992188,1,3.794192790985107,1,-2.840913773,1,0.6986082792282104,0,0.8555194139480591,0,0.03289815,0
8.883693695,-65.73082733,1,8.421744346618652,1,5.947646617889404,1,1.964089155197144,1,2.850655078887939,1,-2.016071796,1,0.7087002992630005,0,0.8719246387481689,0,0.034846567,0
8.887693405,-62.21548462,1,19.75136566162109,1,7.427948474884033,1,1.896080732345581,1,1.812861323356628,1,-1.439144969,1,0.7174347639083862,0,0.8834683895111084,0,0.036315016,0
8.891694069,-63.04445648,1,24.38308525085449,1,9.386220932006836,1,2.081618547439575,1,1.012662053108215,1,-0.919287205,1,0.7255197763442993,0,0.890783966,0,0.036514442,0
8.895691872,-62.50852966,1,20.41917610168457,1,10.86147403717041,1,2.128549575805664,1,0.4147946834564209,1,-0.354512781,1,0.7339931130409241,0,0.8946014642715454,0,0.036477048,0
8.899691582,-60.06389999,1,15.35524845123291,1,11.82159233093262,1,1.881289720535278,1,-0.171488181,1,0.1817272901535034,1,0.7422040700912476,0,0.8951898813247681,0,0.036645848,0
8.903693199,-57.10490799,1,11.30866718292236,1,11.93379020690918,1,1.485034346580505,1,-0.765352666,1,0.8061900734901428,1,0.7490954995155334,0,0.8925471901893616,0,0.036836546,0
8.907691002,-56.00047684,1,17.77343178,1,9.984762191772461,1,0.933255136,1,-1.170100331,1,1.166866302490234,1,0.7544091939926147,0,0.8869631290435791,0,0.037256531,0
8.911689758,-53.56052017,1,14.74872398376465,1,9.381262779,1,0.4601778984069824,1,-1.384512067,1,1.746832847595215,1,0.7580587267875671,0,0.8792573213577271,0,0.038434122,0
8.915691376,-52.46681976,1,15.06761074066162,1,8.529524803161621,1,0.042319126,1,-1.676857829,1,2.310738086700439,1,0.7610281705856323,0,0.8692448735237122,0,0.040992912,0
8.919689178,-49.16234589,1,11.39548206329346,1,7.903289794921875,1,-0.40206477,1,-1.960002899,1,2.948307514190674,1,0.7633511424064636,0,0.8567293286323547,0,0.044963125,0
8.923688889,-44.92379761,1,8.085088729858398,1,6.787460327148438,1,-0.92253679,1,-2.271404505,1,3.545340538024902,1,0.7647595405578613,0,0.8416344523429871,0,0.050337568,0
8.927690506,-40.05813599,1,5.217022419,1,5.809360504150391,1,-1.477424026,1,-2.6460886,1,4.000746250152588,1,0.7644816637039185,0,0.8240431547164917,0,0.056468446,0
8.931688309,-34.93359375,1,4.503457546234131,1,4.487744808197021,1,-1.867068291,1,-3.026658773,1,4.257191658,1,0.7620914578437805,0,0.8044019937515259,0,0.062439531,0
8.935687065,-30.8080616,1,2.429959535598755,1,3.916608810424805,1,-2.119576693,1,-3.265335798,1,4.342854022979736,1,0.7579919099807739,0,0.7833707928657532,0,0.067911141,0
8.939688683,26.59265518188477,1,-17.84113503,1,-30.10154724,1,-3.414476633,1,-4.311700821,1,4.614014625549316,1,0.7506394982337952,0,0.7605605721473694,0,0.072073922,0
8.943686485,-15.26308537,1,12.45013142,1,17.99617958068848,1,-1.885862112,1,-5.971710682,1,4.401961803436279,1,0.7370522618293762,0,0.7332268357276917,0,0.069844902,0
8.947686195,-19.60467529,1,-48.20879364,1,19.21522903442383,1,-5.049449921,1,-5.537555695,1,4.502794266,1,0.722728968,0,0.7035019993782043,0,0.067383558,0
8.951687813,44.00747299194336,1,-50.03446198,1,-9.2096138,1,-6.590839863,1,-7.196704865,1,4.743057250976563,1,0.6976109147071838,0,0.6734015941619873,0,0.06437771,0
8.955685616,33.54688262939453,1,-56.75394058,1,-20.24742126,1,-8.177507401,1,-8.915592194,1,5.573052883148193,1,0.6625937819480896,0,0.6338419914245605,0,0.058009621,0
8.959685326,-8.013861656,1,-60.06087112,1,-71.04594421,1,-8.60598278,1,-8.927531242,1,6.130715847015381,1,0.6287108063697815,0,0.5912429094314575,0,0.054712228,0
8.963685989,-70.22196198,1,-55.89175034,1,-85.1375885,1,-8.621023178,1,-8.93476963,1,7.372605800628662,1,0.5952502489089966,0,0.5464991331100464,0,0.056598209,0
8.967683792,-115.437355,1,-5.323709965,1,-38.4685173,1,-8.6258564,1,-8.940376282,1,8.331132888793945,1,0.5646359324455261,0,0.4993536770343781,0,0.064387642,0
8.971683502,-117.7873688,1,42.54426574707031,1,-31.8579216,1,-8.613803864,1,-8.928544998,1,6.092687606811523,1,0.5338866710662842,0,0.4530083537101746,0,0.072505981,0
8.975686073,-104.6534424,1,75.28411102294922,1,-61.84139633,1,-7.420125961,1,-8.878781319,1,1.811260938644409,1,0.4987074434757233,0,0.4145376086235046,0,0.067581989,0
8.979682922,-98.68655396,1,111.6608887,1,-42.27470398,1,-6.301616192,1,-5.154980183,1,2.092130422592163,1,0.4679945707321167,0,0.3859748244285583,0,0.059499256,0
8.983681679,-16.61927986,1,111.6351623535156,1,1.529498458,1,-1.713566422,1,-4.656463146,1,2.603374958,1,0.4518182873725891,0,0.3652334213256836,0,0.060088575,0
8.98768425,-29.09163094,1,37.50159072875977,1,-17.37920189,1,0.2109971195459366,1,-3.415570259,1,3.263332605361938,1,0.4510242342948914,0,0.3447709083557129,0,0.063517153,0
8.991681099,-27.51041222,1,-47.42918015,1,-5.916288376,1,0.1229292154312134,1,-2.092609644,1,1.805214405059814,1,0.453764945,0,0.33019051,0,0.068758123,0
8.995680809,-48.47290039,1,-44.26784515,1,11.82115268707275,1,-0.824932873,1,-2.097679377,1,-0.347758681,1,0.451683372,0,0.3219200968742371,0,0.067524761,0
8.99968338,-17.75164604,1,23.71565818786621,1,-13.45123577,1,-0.551956654,1,-1.292804837,1,0.2668085992336273,1,0.4474349617958069,0,0.3160570561885834,0,0.063433819,0
9.003685951,13.13840961456299,1,40.09966659545898,1,-22.66096687,1,0.5293059945106506,1,-1.248127699,1,1.085618615150452,1,0.4476162195205688,0,0.3102377951145172,0,0.064336985,0
9.007685661,-6.500852108,1,-9.706300735,1,-12.52593708,1,0.8855474591255188,1,-1.360842586,1,0.4643506705760956,1,0.4509439766407013,0,0.3041501641273499,0,0.064923964,0
9.011687279,-20.47782707,1,-33.64016724,1,-14.55442905,1,0.5359594225883484,1,-1.418602586,1,0.3506564795970917,1,0.4535481035709381,0,0.2984994649887085,0,0.063672759,0
9.015685081,5.887192726135254,1,-22.01880264,1,-14.18719578,1,-0.179101884,1,-1.803176522,1,0.9062733054161072,1,0.4538443088531494,0,0.291755885,0,0.063091129,0
9.019684792,2.711916685,1,-0.507976413,1,-15.87390614,1,-0.248582482,1,-1.859858871,1,1.164726614952087,1,0.4531719386577606,0,0.2833007276058197,0,0.063729428,0
9.023686409,-4.942631245,1,3.785039186477661,1,-13.84934044,1,-0.015276561,1,-1.936732411,1,1.106957555,1,0.4528788924217224,0,0.2744011878967285,0,0.064560294,0
9.027685165,-11.98048401,1,0.706614614,1,-11.58029842,1,0.1830297261476517,1,-2.062375784,1,1.087123632,1,0.4533065855503082,0,0.26528585,0,0.064942434,0
9.031684875,-12.62228107,1,-5.351459026,1,-8.008841515,1,0.1876507550477982,1,-2.047707796,1,1.204377532,1,0.4500446319580078,0,0.2937889993190765,0,0.057990845,0
9.035686493,-9.246006012,1,-10.33582306,1,-5.977101803,1,-0.054550163,1,-2.025051355,1,1.438883304595947,1,0.450724185,0,0.2841155230998993,0,0.059243508,0
9.039684296,-5.043210983,1,-10.77053547,1,-7.334345341,1,-0.156067953,1,-1.80441606,1,1.451118827,1,0.4508457183837891,0,0.2746598124504089,0,0.061271373,0
9.043683052,-3.821088076,1,0.8797081112861633,1,-11.00159073,1,-0.253031403,1,-1.818133473,1,1.399777651,1,0.4505166411399841,0,0.2657340466976166,0,0.063344896,0
9.047684669,-4.620990753,1,10.65840721130371,1,-15.14583397,1,0.079429448,1,-2.046926737,1,1.293606519699097,1,0.4504398107528687,0,0.2564468085765839,0,0.064936109,0
9.051682472,-7.057825565,1,0.7308541536331177,1,-14.82655144,1,0.4390797913074493,1,-2.389183044,1,1.149994969367981,1,0.4517867863178253,0,0.2463728487491608,0,0.065463036,0
9.055682182,-6.958662033,1,-5.934232712,1,-15.89636993,1,0.1712271124124527,1,-2.824135065,1,1.148988842964172,1,0.4528899192810059,0,0.2349848449230194,0,0.065026961,0
9.059684753,-4.47363472,1,-6.300670147,1,-17.07822609,1,-0.141306803,1,-3.263837099,1,1.204779028892517,1,0.4527593553066254,0,0.2220217287540436,0,0.063875042,0
9.063680649,-2.156268358,1,-0.288576841,1,-21.26825333,1,-0.422524303,1,-3.761066198,1,1.125608325004578,1,0.4511272311210632,0,0.2073224037885666,0,0.061881498,0
9.067680359,1.606009840965271,1,2.949702978134155,1,-23.31329346,1,-0.412465185,1,-4.363643646,1,0.9634383916854858,1,0.448720396,0,0.1909188330173492,0,0.058572542,0
9.07168293,-3.448050022,1,1.807941317558289,1,-25.31728554,1,-0.177219748,1,-5.06548357,1,0.8300954699516296,1,0.4466106295585632,0,0.1723558753728867,0,0.053483706,0
9.075678825,0.4180367887020111,1,-0.27330175,1,-23.01355362,1,-0.265775651,1,-5.88310957,1,0.9495028853416443,1,0.4448233544826508,0,0.1511618345975876,0,0.04727542,0
9.079678535,-0.406424612,1,-4.42920351,1,-26.55007172,1,-0.493725717,1,-6.650204182,1,0.9213598370552063,1,0.4422458410263062,0,0.126892015,0,0.03976414,0
9.083681107,6.264909267425537,1,-4.393485069,1,-27.95677757,1,-0.568400085,1,-7.502643108,1,1.032939434051514,1,0.4391239285469055,0,0.09964475,0,0.031199312,0
9.087678909,6.564414978027344,1,-6.143238068,1,-27.32575798,1,-0.516475558,1,-8.421914101,1,1.184246063232422,1,0.4361074566841125,0,0.068964712,0,0.021643637,0
9.091678619,7.228964805603027,1,-7.754506111,1,-25.68870735,1,-0.446311146,1,-8.730932236,1,1.392564058303833,1,0.4336792230606079,0,0.035386864,0,0.011751731,0
9.095680237,9.002988815307617,1,-8.197721481,1,-26.78708839,1,-0.397966295,1,-8.730596542,1,1.540675640106201,1,0.431824267,0,0.001224923,0,0.002429219,0
9.09967804,10.86632061004639,1,-7.358291149,1,-27.49048424,1,-0.396679401,1,-8.732357979,1,1.792852759361267,1,0.4303627014160156,0,-0.033274844,0,-0.006144336,0
9.103676796,11.99312591552734,1,-6.06899929,1,-27.14351273,1,-0.348656386,1,-8.732469559,1,2.092400789260864,1,0.4292276203632355,0,-0.068260156,0,-0.01365975,0
9.107678413,5.749776363372803,1,-6.567569256,1,-27.27726746,1,-0.383488089,1,-8.735654831,1,2.372064590454102,1,0.4283113181591034,0,-0.103753433,0,-0.02007213,0
9.111676216,1.835645556,1,-3.955091238,1,-27.13863373,1,-0.258253187,1,-8.73285675,1,2.555268764,1,0.4277021288871765,0,-0.139630958,0,-0.025641887,0
9.115675926,1.688626050949097,1,-4.452394962,1,-26.48713684,1,-0.131005943,1,-8.733234406,1,2.795936584472656,1,0.4275893270969391,0,-0.175833955,0,-0.030496238,0
9.11967659,-5.726297379,1,0.6062889695167542,1,-28.78079796,1,0.3089547157287598,1,-8.724363327,1,2.988952875137329,1,0.4286262392997742,0,-0.212443009,0,-0.03444472,0
9.123674393,-19.86722946,1,5.270809650421143,1,-26.09396744,1,1.152058124542236,1,-8.704571724,1,2.874495506286621,1,0.4324710667133331,0,-0.249034569,0,-0.038390543,0
9.127679825,-35.03458786,1,3.673567056655884,1,-20.59007072,1,1.759631395339966,1,-8.692883492,1,2.857732057571411,1,0.4395711421966553,0,-0.285360634,0,-0.042967647,0
9.131681442,-42.25786591,1,4.325625896453857,1,-15.5643177,1,2.482234954833984,1,-8.680102348,1,3.076907396316528,1,0.4493171870708466,0,-0.321844816,0,-0.047361791,0
9.135679245,-62.2109642,1,-0.213577971,1,-9.82215023,1,3.18983531,1,-8.666103363,1,3.183447599411011,1,0.4621045291423798,0,-0.358512223,0,-0.051609725,0
9.139678955,-80.78414917,1,-0.232683599,1,-9.296974182,1,3.412945032119751,1,-8.662015915,1,3.412942409515381,1,0.4771022796630859,0,-0.395355701,0,-0.055876791,0
9.143679619,-87.55810547,1,-3.227510691,1,-8.21146965,1,3.251597643,1,-8.666644096,1,3.445840358734131,1,0.4922673106193542,0,-0.432455778,0,-0.060159925,0
9.147677422,-75.11623383,1,-4.648339272,1,-4.979350567,1,2.836656332015991,1,-8.226119995,1,3.429961204528809,1,0.5064667463302612,0,-0.469069153,0,-0.065019667,0
9.151677132,-51.39960098,1,-4.130502224,1,1.363089442253113,1,2.801934242248535,1,-6.441382408,1,2.754689931869507,1,0.5192947387695313,0,-0.500687599,0,-0.068866618,0
9.155677795,-36.04551697,1,-19.79074478,1,4.481181621551514,1,1.857953906059265,1,-4.918331623,1,2.655898332595825,1,0.5303502678871155,0,-0.52571255,0,-0.071323253,0
9.159675598,-18.67929268,1,-20.63459396,1,13.13294029,1,-0.013816937,1,-4.213866234,1,3.001953601837158,1,0.5337030291557312,0,-0.546630383,0,-0.070924096,0
9.163675308,-59.82992935,1,-12.06011009,1,-5.152812481,1,-0.733990729,1,-3.693761587,1,3.144387245178223,1,0.5301638245582581,0,-0.567311287,0,-0.067694798,0
9.167677879,-59.435112,1,-16.58242035,1,-13.06835365,1,-1.74427402,1,-2.024098873,1,3.020856380462646,1,0.5222246050834656,0,-0.583222926,0,-0.061935686,0
9.171674728,-29.49364662,1,-10.3695116,1,-10.94801521,1,-2.765982389,1,-1.657197952,1,3.386222362518311,1,0.5078470706939697,0,-0.595480561,0,-0.052542787,0
9.175674438,-15.58710194,1,1.832439899,1,-13.25191212,1,-2.978296757,1,-2.626542091,1,3.515378952026367,1,0.490531713,0,-0.609510958,0,-0.042677838,0
9.17967701,-12.47075367,1,5.074296474456787,1,-12.98865604,1,-2.466928005,1,-3.950804234,1,3.711476564407349,1,0.4747878909111023,0,-0.627832651,0,-0.034515209,0
9.183674812,-17.52272224,1,4.188308238983154,1,-12.27479744,1,-1.731604457,1,-5.01685667,1,4.012805938720703,1,0.4621436297893524,0,-0.650926888,0,-0.027432224,0
9.187674522,-22.11657715,1,5.469779014587402,1,-12.94164562,1,-0.844994843,1,-5.62984848,1,4.111933231,1,0.4529166221618652,0,-0.677316606,0,-0.020860452,0
9.19167614,-26.31832314,1,4.568550109863281,1,-13.67597675,1,0.016130753,1,-5.896989822,1,4.149575233459473,1,0.4472866058349609,0,-0.705337763,0,-0.014605418,0
9.195673943,-29.82069206,1,1.135224223136902,1,-15.49727726,1,0.7729556560516357,1,-5.853951454,1,4.191118240356445,1,0.4446214139461517,0,-0.73381424,0,-0.008106091,0
9.199673653,-31.66538048,1,-3.744970798,1,-17.40191078,1,1.309686303138733,1,-5.571053028,1,4.237738609313965,1,0.4438665509223938,0,-0.761735201,0,-0.000775679,0
9.20367527,-31.73372459,1,-9.121949196,1,-19.07327461,1,1.537091374397278,1,-5.166172504,1,4.241988182067871,1,0.4436714649200439,0,-0.788421571,0,0.007754742,0
9.207674026,-29.76051331,1,-13.39142704,1,-20.15627098,1,1.476349353790283,1,-4.747676849,1,4.234815120697021,1,0.4427438974380493,0,-0.813591659,0,0.017543124,0
9.211672783,-27.09934425,1,-16.21188354,1,-20.77342796,1,1.214703559875488,1,-4.433388233,1,4.233497142791748,1,0.4400720298290253,0,-0.83741188,0,0.028555213,0
9.215675354,-24.97372627,1,-17.06627083,1,-20.89177132,1,0.8522040247917175,1,-4.210101128,1,4.218294143676758,1,0.4351176917552948,0,-0.860212445,0,0.040658534,0
9.219673157,-23.44326973,1,-16.74728966,1,-20.86548996,1,0.5046094655990601,1,-4.065571785,1,4.205389499664307,1,0.4278632998466492,0,-0.882284164,0,0.053693328,0
9.223671913,-22.3397274,1,-16.06836128,1,-20.7783432,1,0.2334606051445007,1,-3.995182753,1,4.171379089355469,1,0.418549508,0,-0.903848946,0,0.06751819,0
9.227673531,-21.45402527,1,-15.13244724,1,-20.65216255,1,0.048254222,1,-3.974591732,1,4.101276397705078,1,0.407703698,0,-0.92507863,0,0.081884623,0
9.231671333,-20.90100479,1,-14.32982254,1,-20.71618843,1,-0.046836786,1,-4.031954765,1,4.017421722412109,1,0.3959159255027771,0,-0.946169078,0,0.096525811,0
9.235671043,-20.51924133,1,-13.42389679,1,-20.87623405,1,-0.090893596,1,-4.12317276,1,3.932967662811279,1,0.3835513,0,-0.967293382,0,0.1113006845116615,0
9.239672661,-20.20375633,1,-12.68874073,1,-20.95621109,1,-0.091949999,1,-4.247449398,1,3.827999353408813,1,0.3709587156772614,0,-0.988566756,0,0.1260384321212769,0
9.243670464,-20.30714226,1,-12.5970583,1,-21.12160873,1,-0.074462183,1,-4.37552166,1,3.711583852767944,1,0.3582861125469208,0,-1.010045648,0,0.1407086700201035,0
9.247676849,-20.55365562,1,-12.69985199,1,-21.32761192,1,-0.053388692,1,-4.483273506,1,3.623557329177856,1,0.3455081880092621,0,-1.031736732,0,0.1553950011730194,0
9.251678467,-21.67380714,1,-13.17072487,1,-21.77702713,1,-0.048625022,1,-4.530134201,1,3.515249252319336,1,0.3325298726558685,0,-1.053494811,0,0.1702006310224533,0
9.25567627,-22.26911926,1,-13.89263439,1,-22.32133293,1,-0.083707742,1,-4.54158783,1,3.424753904342651,1,0.3190420269966125,0,-1.075134993,0,0.1853336691856384,0
9.25967598,-22.87506485,1,-14.32026196,1,-22.89517021,1,-0.160801411,1,-4.504560471,1,3.329538106918335,1,0.3047202825546265,0,-1.096518636,0,0.2009721547365189,0
9.263676643,-22.77291298,1,-14.74938297,1,-23.32198143,1,-0.274072111,1,-4.446581841,1,3.261446237564087,1,0.289143443,0,-1.117498875,0,0.2174251079559326,0
9.267674446,-22.01634979,1,-15.01810741,1,-23.74462891,1,-0.404215842,1,-4.397524834,1,3.210706711,1,0.2719348967075348,0,-1.138071537,0,0.2349704205989838,0
9.271674156,-20.60268402,1,-15.06663132,1,-24.20991325,1,-0.535872102,1,-4.383634567,1,3.178063154220581,1,0.2527660727500916,0,-1.158335447,0,0.2539249062538147,0
9.275675774,-19.37823677,1,-14.85594177,1,-24.53839111,1,-0.663416326,1,-4.406114101,1,3.165816783905029,1,0.2313304245471954,0,-1.178441763,0,0.2746118307113647,0
9.279673576,-18.35983849,1,-14.65593147,1,-24.88425636,1,-0.779087365,1,-4.45442915,1,3.145443916320801,1,0.1884739696979523,0,-1.188724279,0,0.2808358073234558,0
9.283672333,-17.31451416,1,-14.85866356,1,-25.05075073,1,-0.899835527,1,-4.50459528,1,3.137916803359985,1,0.1614062488079071,0,-1.208555579,0,0.3062836229801178,0
9.28767395,-16.04936409,1,-15.07942772,1,-25.27306938,1,-1.037871838,1,-4.568731308,1,3.137764215,1,0.1309659034013748,0,-1.228328705,0,0.3345927596092224,0
9.291671753,-14.75051975,1,-15.24067688,1,-25.38129616,1,-1.199947476,1,-4.632742405,1,3.148946046829224,1,0.096379295,0,-1.248051405,0,0.3664514720439911,0
9.295671463,-13.93435001,1,-15.44299507,1,-25.36363029,1,-1.370139956,1,-4.686580658,1,3.160152912139893,1,0.056761168,0,-1.267611265,0,0.4026831090450287,0
9.29967308,-12.97335339,1,-15.52521229,1,-25.33879662,1,-1.541462064,1,-4.707726955,1,3.160040616989136,1,0.011270272,0,-1.286829352,0,0.444117546,0
9.303671837,-12.01318645,1,-15.32257843,1,-25.91764259,1,-1.730559468,1,-4.743731976,1,3.138265609741211,1,-0.040977504,0,-1.305549026,0,0.4916047751903534,0
9.307672501,-11.00007439,1,-15.12901878,1,-26.06612015,1,-1.920905113,1,-4.735300064,1,3.112355709075928,1,-0.101019911,0,-1.323586583,0,0.5461094975471497,0
9.311674118,-10.72215939,1,-14.68439674,1,-26.60144424,1,-2.081771851,1,-4.696992874,1,3.068192244,1,-0.169905126,0,-1.340635061,0,0.6087450385093689,0
9.315671921,-10.53630829,1,-13.8148489,1,-27.2560482,1,-2.197321892,1,-4.599372387,1,2.998015880584717,1,-0.248139605,0,-1.356320858,0,0.680154562,0
9.319671631,-10.62974262,1,-12.97745132,1,-27.90222168,1,-2.28672266,1,-4.449908257,1,2.886397123336792,1,-0.335536182,0,-1.370288014,0,0.7602797746658325,0
9.323673248,-10.22119713,1,-12.29672623,1,-28.53415108,1,-2.318202019,1,-4.230391502,1,2.761114358901978,1,-0.43091163,0,-1.382193565,0,0.8480885028839111,0
9.327671051,-9.4832201,1,-12.10501099,1,-29.15426826,1,-2.291669846,1,-3.951506853,1,2.637941360473633,1,-0.532455862,0,-1.391721845,0,0.9419751167297363,0
9.331670761,-8.330228806,1,-11.8504324,1,-30.10250473,1,-2.226997614,1,-3.624298811,1,2.524617433547974,1,-0.637284756,0,-1.398671508,0,1.039249777793884,0
9.335672379,-7.226839066,1,-11.8946228,1,-30.66875076,1,-2.126186371,1,-3.223418236,1,2.415115594863892,1,-0.741265714,0,-1.402978897,0,1.135905623435974,0
9.339670181,-6.523959637,1,-12.9961071,1,-30.07471657,1,-2.011641741,1,-2.700544834,1,2.325379848480225,1,-0.839179814,0,-1.40461731,0,1.226814508,0
9.343669891,-5.276246548,1,-14.00459099,1,-28.58521271,1,-1.964465022,1,-2.028949499,1,2.236911058425903,1,-0.925191224,0,-1.403598785,0,1.305994749069214,0
9.347672462,-1.896396279,1,-14.90226364,1,-27.09232903,1,-2.033015966,1,-1.252356291,1,2.131500482559204,1,-0.994253159,0,-1.40020597,0,1.367963433265686,0
9.351669312,3.407131195068359,1,-15.1402359,1,-25.44977188,1,-2.180134058,1,-0.462825418,1,1.934693813323975,1,-1.043778062,0,-1.39507246,0,1.409698486328125,0
9.355668068,7.799689292907715,1,-15.18466759,1,-22.49580002,1,-2.378360033,1,0.3502998948097229,1,1.717093706130981,1,-1.073865414,0,-1.388825059,0,1.431017160415649,0
9.359670639,10.65970039367676,1,-15.18698311,1,-19.51501846,1,-2.545559645,1,1.221991300582886,1,1.555654287338257,1,-1.085454464,0,-1.381587625,0,1.432770729064941,0
9.363668442,12.90917873382568,1,-13.96063232,1,-16.91777802,1,-2.592815638,1,2.140756130218506,1,1.417857289,1,-1.079684258,0,-1.373182535,0,1.416378855705261,0
9.367673874,16.52236366271973,1,-12.9617157,1,-14.26397419,1,-2.516059399,1,3.044815779,1,1.291249871253967,1,-1.058282375,0,-1.363435507,0,1.384075761,0
9.371675491,24.91289138793945,1,-12.08784485,1,-13.38904285,1,-2.351514101,1,3.694801807403564,1,1.178700447,1,-1.025352359,0,-1.352308512,0,1.340398312,0
9.375673294,30.93606376647949,1,-10.83164692,1,-12.09750271,1,-2.210448027,1,4.096258640289307,1,1.090688586235046,1,-0.987356782,0,-1.340125561,0,1.292040824890137,0
9.379673004,36.04878234863281,1,-10.56148243,1,-11.838871,1,-1.959154844,1,4.487237453460693,1,1.060131192207336,1,-0.94742924,0,-1.326854229,0,1.242375373840332,0
9.383673668,37.25189590454102,1,-10.5083065,1,-9.098229408,1,-1.61157608,1,5.041324138641357,1,1.027896165847778,1,-0.905176997,0,-1.312085271,0,1.191337347,0
9.387671471,36.32955169677734,1,-7.436128616,1,-8.746778488,1,-1.110925317,1,5.678778171539307,1,0.847272515,1,-0.858940721,0,-1.295516133,0,1.137718319892883,0
9.391671181,27.76848602294922,1,-4.701355457,1,-6.354277134,1,-0.392552763,1,6.463106632232666,1,0.4428050816059113,1,-0.806767821,0,-1.27727437,0,1.080162644386292,0
9.395672798,22.02853965759277,1,-1.764194608,1,-6.638287544,1,0.5141863226890564,1,7.374751091003418,1,-0.174184918,1,-0.745951176,0,-1.257101536,0,1.016669154167175,0
9.399671555,17.53250312805176,1,-2.519791603,1,-6.167936802,1,1.338351011276245,1,8.239917755126953,1,-0.860389233,1,-0.6769315,0,-1.234788775,0,0.9477977156639099,0
9.403670311,15.22354316711426,1,-3.904998779,1,-5.701047897,1,1.920856833457947,1,8.750620842,1,-1.510312676,1,-0.603470325,0,-1.210134864,0,0.8766612410545349,0
9.407671928,14.49975586,1,-4.863135815,1,-5.134607315,1,2.316808700561523,1,8.763539314,1,-2.155790567,1,-0.531136394,0,-1.18452096,0,0.8081082105636597,0
9.411669731,12.37567615509033,1,-3.989697218,1,-5.279267788,1,2.654859543,1,8.773735046386719,1,-2.796657562,1,-0.460955143,0,-1.158380985,0,0.7427303194999695,0
9.415669441,9.507489204406738,1,-3.701233387,1,-5.660887241,1,2.979703664779663,1,8.784412384033203,1,-3.38857913,1,-0.3927432,0,-1.131531954,0,0.680219829,0
9.419670105,6.590533256530762,1,-3.657874346,1,-6.872045994,1,3.231292486190796,1,8.791415214538574,1,-3.859895468,1,-0.326941907,0,-1.103735566,0,0.6208847761154175,0
9.423667908,3.314058303833008,1,-3.577776194,1,-8.047397614,1,3.408129930496216,1,8.797388076782227,1,-4.226535797,1,-0.264384508,0,-1.074789643,0,0.5653060674667358,0
9.427667618,-0.131662861,1,-3.103183508,1,-9.40547657,1,3.551660537719727,1,8.802481651306152,1,-4.52271843,1,-0.205476657,0,-1.04462254,0,0.5137425065040588,0
9.431668282,-3.096183777,1,-2.851938248,1,-10.36803913,1,3.698536634,1,8.806716918945313,1,-4.76787138,1,-0.150196016,0,-1.013241887,0,0.4661667943000793,0
9.435666084,-5.717481613,1,-3.198196888,1,-11.18489075,1,3.834491968154907,1,8.810636520385742,1,-4.940749168,1,-0.098524645,0,-0.980685711,0,0.4225987195968628,0
9.439665794,-7.928823471,1,-3.452747822,1,-11.97494888,1,3.911128759384155,1,8.813595771789551,1,-5.07871151,1,-0.050446793,0,-0.947022676,0,0.3829455673694611,0
9.443668365,-9.483423233,1,-3.913326502,1,-12.72710228,1,3.927352905273438,1,8.813735008239746,1,-5.154682159,1,-0.005983291,0,-0.912355244,0,0.3470563888549805,0
9.447665215,-10.64768028,1,-4.753216267,1,-13.11571026,1,3.858626127243042,1,8.812323570251465,1,-5.194623947,1,0.034777287,0,-0.876806915,0,0.3147841691970825,0
9.451663971,-11.40047932,1,-5.936771393,1,-13.42797756,1,3.715208768844604,1,8.809823036193848,1,-5.183390617,1,0.071794935,0,-0.840504408,0,0.2859417498111725,0
9.455666542,-11.71368027,1,-7.059598923,1,-13.63982582,1,3.481237411499023,1,8.804571151733398,1,-5.115846157,1,0.1049738749861717,0,-0.803590655,0,0.2603389024734497,0
9.459664345,-12.18384171,1,-7.746130943,1,-14.02750683,1,3.184391021728516,1,8.79699707,1,-4.99268961,1,0.134186789,0,-0.766223013,0,0.2378929257392883,0
9.463664055,-13.03290558,1,-7.878947735,1,-14.62006855,1,2.889321088790894,1,8.790662766,1,-4.833033085,1,0.1595757305622101,0,-0.728548825,0,0.218399391,0
9.467664719,-14.18273544,1,-7.483379364,1,-14.95516396,1,2.640839815139771,1,8.783898354,1,-4.64356041,1,0.1815452724695206,0,-0.690691411,0,0.2016357481479645,0
9.471662521,-15.26788902,1,-6.768628597,1,-15.1177969,1,2.463361501693726,1,8.779726028442383,1,-4.447694778,1,0.2006176263093948,0,-0.652752399,0,0.1873635202646255,0
9.475662231,-15.90338421,1,-6.040219307,1,-15.09541798,1,2.356777906417847,1,8.776515960693359,1,-4.252186775,1,0.2174008190631866,0,-0.614795387,0,0.1752697229385376,0
9.479663849,-15.74895477,1,-5.328749657,1,-15.0005703,1,2.315097808837891,1,8.774518013000488,1,-4.070600986,1,0.2324330359697342,0,-0.576868355,0,0.1651250422000885,0
9.483661652,-15.15285301,1,-4.512555122,1,-15.00775909,1,2.345718622207642,1,8.773284912109375,1,-3.908361197,1,0.2462106049060822,0,-0.538996994,0,0.1566727608442307,0
9.487667084,-14.52705574,1,-3.283560038,1,-15.287817,1,2.466830968856812,1,8.775721549987793,1,-3.767011166,1,0.2593029737472534,0,-0.501176417,0,0.149657205,0
9.491668701,-14.42834473,1,-2.099799156,1,-15.2026062,1,2.696787834,1,8.779547691345215,1,-3.655905724,1,0.2722852528095245,0,-0.463400424,0,0.1438995599746704,0
9.495667458,-14.75638485,1,-1.465941429,1,-15.06619644,1,3.010438203811646,1,8.785553932189941,1,-3.546914339,1,0.2856854200363159,0,-0.425663829,0,0.1392714530229568,0
9.499666214,-15.31537342,1,-1.224700928,1,-14.74237633,1,3.361743450164795,1,8.791687012,1,-3.473792791,1,0.2998512387275696,0,-0.387956142,0,0.1356855630874634,0
9.503667831,-15.34334755,1,-0.941550076,1,-14.20789528,1,3.677089691162109,1,8.798995971679688,1,-3.431516886,1,0.314909816,0,-0.350250006,0,0.1329983770847321,0
9.507665634,-14.65151119,1,-1.519123435,1,-13.30071926,1,3.936896085739136,1,8.804430008,1,-3.396173,1,0.3307616114616394,0,-0.312537372,0,0.1311222016811371,0
9.511665344,-13.48847485,1,-1.716664553,1,-12.63033867,1,4.167260646820068,1,8.808717727661133,1,-3.36768961,1,0.3473067283630371,0,-0.274820894,0,0.1300363689661026,0
9.515667915,-12.2296133,1,-1.091432929,1,-12.09995556,1,4.368626117706299,1,8.812670707702637,1,-3.350984573,1,0.364476204,0,-0.2371068,0,0.1297104060649872,0
9.519664764,-11.14207268,1,0.2197699546813965,1,-11.72931099,1,4.569056987762451,1,8.817603111,1,-3.327362299,1,0.3822479844093323,0,-0.199407488,0,0.1301465779542923,0
9.523664474,-10.8502779,1,1.704554796218872,1,-11.86138725,1,4.814474105834961,1,8.821453094482422,1,-3.301971674,1,0.4007864892482758,0,-0.16173552,0,0.1313561350107193,0
9.527666092,-11.14076328,1,1.635161280632019,1,-11.96268368,1,5.117550849914551,1,8.828398704528809,1,-3.2464993,1,0.4203452169895172,0,-0.124146916,0,0.1334630101919174,0
9.531662941,-12.20750141,1,3.319342613220215,1,-12.89595413,1,5.424835205078125,1,8.833828926086426,1,-3.248315573,1,0.4510915875434875,0,-0.152486309,0,0.1320266574621201,0
9.535662651,-14.06812763,1,3.088277339935303,1,-12.72109127,1,5.695380210876465,1,8.840277671813965,1,-3.237762451,1,0.4727977216243744,0,-0.115060776,0,0.1361973881721497,0
9.539664268,-15.10057926,1,1.004141449928284,1,-12.98120594,1,5.905305862426758,1,8.844086647033691,1,-3.248025656,1,0.4955456554889679,0,-0.077729955,0,0.141214907,0
9.543661118,-15.8413105,1,0.1132068783044815,1,-14.04925632,1,5.991890907287598,1,8.846143723,1,-3.334778547,1,0.5190559029579163,0,-0.040416066,0,0.1469138264656067,0
9.547661781,-16.25507736,1,-1.884156346,1,-14.78806114,1,5.879188060760498,1,8.843710899353027,1,-3.460226297,1,0.5427092313766479,0,-0.003028654,0,0.1531165540218353,0
9.551663399,-17.13384438,1,-3.518820286,1,-16.00871277,1,5.614188671112061,1,8.840432167053223,1,-3.624333143,1,0.5658425092697144,0,0.034498807,0,0.1596893221139908,0
9.555661201,-18.01727867,1,-4.941904068,1,-17.6835041,1,5.262293815612793,1,8.834104537963867,1,-3.805635452,1,0.5879615545272827,0,0.072221108,0,0.1665403097867966,0
9.559660912,-19.44910812,1,-4.939817429,1,-19.37964821,1,4.881140232086182,1,8.826992034912109,1,-4.047814369,1,0.608898938,0,0.1102470457553864,0,0.1735022962093353,0
9.563661575,-20.99716759,1,-4.380795002,1,-20.71019173,1,4.509977818,1,8.821897506713867,1,-4.330358505,1,0.6285694241523743,0,0.1487077325582504,0,0.1804029941558838,0
9.567659378,-23.18682098,1,-3.594953537,1,-21.83283043,1,4.227946758270264,1,8.817259788513184,1,-4.649559021,1,0.647137463,0,0.1877287775278091,0,0.1870975196361542,0
9.571659088,-25.23524475,1,-1.882835627,1,-22.61926079,1,4.05137825,1,8.815587043762207,1,-5.028651714,1,0.6649746894836426,0,0.2274627983570099,0,0.1934276074171066,0
9.575660706,-26.6499958,1,-0.941351175,1,-23.22750473,1,3.927637338638306,1,8.816244125366211,1,-5.432182789,1,0.6823590993881226,0,0.2680728435516357,0,0.1992572844028473,0
9.579658508,-27.56681824,1,-0.528409481,1,-23.93063354,1,3.867884159088135,1,8.816658020019531,1,-5.818593502,1,0.6994654536247253,0,0.309594452,0,0.2046048641204834,0
9.583657265,-28.21627045,1,-0.811449826,1,-24.38600731,1,3.791267871856689,1,8.817421913146973,1,-6.171712875,1,0.7163994312286377,0,0.3519951701164246,0,0.2095731943845749,0
9.587658882,-29.07520676,1,-1.79260993,1,-24.82151794,1,3.709575653076172,1,8.748824119567871,1,-6.445365906,1,0.733126163,0,0.3950844407081604,0,0.2143222987651825,0
9.591656685,-30.98023224,1,-3.203192949,1,-24.99859428,1,3.613756418228149,1,8.539645195007324,1,-6.633712292,1,0.7495655417442322,0,0.4382635653018951,0,0.2187475264072418,0
9.595656395,-34.09514236,1,-4.13732338,1,-25.04314423,1,3.501351118087769,1,8.247329711914063,1,-6.753318787,1,0.7656071186065674,0,0.4810831844806671,0,0.2228007763624191,0
9.599658012,-37.58283615,1,-4.088531017,1,-25.2062397,1,3.387310028076172,1,7.856582164764404,1,-6.793781757,1,0.7810757160186768,0,0.5230876207351685,0,0.2263418734073639,0
9.603655815,-41.17724609,1,-4.582651615,1,-24.72498703,1,3.313948392868042,1,7.466264247894287,1,-6.703248501,1,0.7960756421089172,0,0.5638613700866699,0,0.2294748425483704,0
9.607661247,-45.56447983,1,-4.632360935,1,-24.39439201,1,3.281452894210815,1,7.083079338,1,-6.562743664,1,0.8109360933303833,0,0.6031496524810791,0,0.2324996292591095,0
9.611661911,-49.66723251,1,-2.460086823,1,-23.47144699,1,3.278648138046265,1,6.666726112365723,1,-6.442030907,1,0.8256808519363403,0,0.6409342288970947,0,0.2352983951568604,0
9.615659714,-52.45011139,1,0.054578677,1,-21.69325447,1,3.358622312545776,1,6.260875225067139,1,-6.269345284,1,0.840509295,0,0.6771513819694519,0,0.2378800213336945,0
9.619659424,-55.32855606,1,4.128334522247314,1,-20.00871849,1,3.591013908,1,5.772506713867188,1,-6.075697899,1,0.8557863235473633,0,0.7116145491600037,0,0.2401002943515778,0
9.623661995,-57.76045609,1,5.196189880371094,1,-17.39945602,1,3.96960187,1,5.346429347991943,1,-5.710859776,1,0.8722454309463501,0,0.7439972162246704,0,0.2421601563692093,0
9.627658844,-59.19644547,1,2.347265481948853,1,-13.69289303,1,4.214111804962158,1,4.941968918,1,-5.249657154,1,0.8905360102653503,0,0.7740447521209717,0,0.2448751330375671,0
9.6316576,-59.11343384,1,-0.439716458,1,-9.22014904,1,4.084185600280762,1,4.461800098419189,1,-4.688506603,1,0.9096201062202454,0,0.8013197183609009,0,0.2482279688119888,0
9.635660172,-55.15213776,1,0.092788927,1,-4.492077351,1,3.650049924850464,1,3.842360496520996,1,-4.13529253,1,0.9278296828269958,0,0.8254379034042358,0,0.2519535720348358,0
9.639657021,-50.41521072,1,8.229754447937012,1,-1.450943947,1,3.288035154342651,1,2.946821689605713,1,-3.782330751,1,0.9434128999710083,0,0.8462355732917786,0,0.2543165385723114,0
9.643657684,-49.36454773,1,13.43777847290039,1,1.830028653144836,1,3.041780233383179,1,2.185481786727905,1,-3.42490387,1,0.9559392929077148,0,0.8639339804649353,0,0.2541246116161346,0
9.647659302,-48.85037231,1,11.70979022979736,1,4.225282192230225,1,2.636215209960938,1,1.620498180389404,1,-2.916051626,1,0.9661240577697754,0,0.878695011,0,0.2524925172328949,0
9.651657104,-49.77986908,1,8.383555412,1,6.778676986694336,1,1.997806310653687,1,1.085436940193176,1,-2.396281481,1,0.973508358,0,0.8905259370803833,0,0.2500293552875519,0
9.655655861,-49.30085754,1,4.132904529571533,1,9.094532012939453,1,1.297714710235596,1,0.5938154458999634,1,-1.745179534,1,0.977747381,0,0.8992815017700195,0,0.2470355927944183,0
9.659657478,-50.19173813,1,8.708016395568848,1,8.693650245666504,1,0.541471004,1,0.2643161714076996,1,-1.219379783,1,0.9789896607398987,0,0.9051483869552612,0,0.2438890188932419,0
9.663655281,-48.06158447,1,10.61358261108398,1,9.822237968444824,1,0.1609226614236832,1,0.013494515,1,-0.556238472,1,0.9783262610435486,0,0.9084123373031616,0,0.2413985282182693,0
9.667654991,-46.41584396,1,12.76375675201416,1,8.906250953674316,1,-0.026539261,1,-0.187408775,1,0.1149351000785828,1,0.97759825,0,0.9089467525482178,0,0.2401598542928696,0
9.671655655,-45.1145401,1,12.62843990325928,1,9.623754501342773,1,-0.094165295,1,-0.431954086,1,0.7610954642295837,1,0.9772459268569946,0,0.9067989587783813,0,0.2400375306606293,0
9.675653458,-41.25855637,1,9.928780555725098,1,10.15697765350342,1,-0.188636303,1,-0.709358633,1,1.385737180709839,1,0.9774436354637146,0,0.9019681811332703,0,0.2409614771604538,0
9.679653168,-37.03809357,1,7.231136322021484,1,10.02565670013428,1,-0.452747792,1,-1.128226519,1,1.890944004058838,1,0.9770128130912781,0,0.8944567441940308,0,0.2420129776000977,0
9.683654785,-32.7677803,1,5.234704494476318,1,9.132621765136719,1,-0.794420838,1,-1.63174367,1,2.206238508224487,1,0.9746282696723938,0,0.8845471143722534,0,0.2421369701623917,0
9.687652588,-29.57453156,1,4.62156868,1,7.451018333435059,1,-1.096308589,1,-2.151638746,1,2.331260681152344,1,0.9694173336029053,0,0.8727346658706665,0,0.2403428107500076,0
9.691652298,-27.20931435,1,3.948769330978394,1,5.485451221466064,1,-1.252248645,1,-2.539263725,1,2.287688016891479,1,0.9617900848388672,0,0.8597517609596252,0,0.2365297377109528,0
9.695653915,-23.73604012,1,1.867178559303284,1,4.581451416015625,1,-1.337345362,1,-2.773989916,1,2.102386236190796,1,0.9524621367454529,0,0.8464112281799316,0,0.2310198992490768,0
9.699651718,32.67198563,1,-9.595031738,1,-24.93181801,1,-1.922902226,1,-3.791421413,1,2.189175605773926,1,0.9403848648071289,0,0.8321884274482727,0,0.2231733798980713,0
9.703650475,-36.1782341,1,14.16729927062988,1,29.57377433776855,1,-0.956264853,1,-6.187599659,1,2.885968685150146,1,0.9225231409072876,0,0.8126296997070313,0,0.207247719,0
9.707652092,-42.48020935,1,-52.07294846,1,42.17713928222656,1,-4.735843658,1,-6.555478573,1,3.758559226989746,1,0.9008094072341919,0,0.7857524156570435,0,0.1908380687236786,0
9.711648941,48.63283538818359,1,-35.27602386,1,12.95066070556641,1,-7.22527647,1,-8.887834549,1,4.165000438690186,1,0.861788273,0,0.7547310590744019,0,0.1701215505599976,0
9.715648651,0.778036356,1,-27.21861267,1,-5.995892048,1,-7.814107895,1,-8.90776062,1,5.370206356048584,1,0.8187893033027649,0,0.7158394455909729,0,0.1526333689689636,0
9.719650269,-13.90595722,1,-27.93665504,1,-67.86558533,1,-6.542580605,1,-8.885340691,1,6.175454616546631,1,0.7826014161109924,0,0.6748272180557251,0,0.1399350464344025,0
9.723648071,-26.46803284,1,-54.55929565,1,-96.97787476,1,-8.481344223,1,-8.931898117,1,7.140097141265869,1,0.7484583854675293,0,0.6308197975158691,0,0.1328488290309906,0
9.727653503,-76.09874725,1,-14.33448982,1,-51.96417618,1,-8.622799873,1,-8.936638832,1,7.624024868011475,1,0.7128531932830811,0,0.5844503045082092,0,0.130659744,0
9.731656075,-118.2816315,1,7.805004596710205,1,-20.97634125,1,-8.62552166,1,-8.940205574,1,8.310843467712402,1,0.6795140504837036,0,0.5363065004348755,0,0.1328601092100143,0
9.735652924,-131.245224,1,23.82265472412109,1,-54.16817474,1,-8.449723244,1,-8.919495583,1,5.071517944335938,1,0.6449851393699646,0,0.4913095235824585,0,0.1323668211698532,0
9.73965168,-109.218895,1,52.90776824951172,1,-54.48210144,1,-7.120843887,1,-8.476585388,1,3.269264698028564,1,0.6100019812583923,0,0.4535132050514221,0,0.1235753446817398,0
9.743654251,-103.7992935,1,91.36764526367188,1,-14.08120823,1,-4.751362801,1,-4.709330082,1,2.85170579,1,0.5830947756767273,0,0.4250228404998779,0,0.1184715628623962,0
9.747652054,-65.5488205,1,68.72284698486328,1,-4.131052494,1,-1.527313113,1,-2.855276823,1,2.628983020782471,1,0.5718404650688171,0,0.4067454636096954,0,0.120088093,0
9.751651764,-14.07474709,1,12.94631099700928,1,-7.653119087,1,-0.034232337,1,-2.482636452,1,1.409404516220093,1,0.5693963766098022,0,0.3933572769165039,0,0.1212608069181442,0
9.755652428,17.13992881774902,1,-38.64408875,1,-3.566055775,1,-0.402143031,1,-2.547781706,1,0.2204652577638626,1,0.5679128766059875,0,0.3834174573421478,0,0.118382528,0
9.75965023,-39.22826385,1,-5.921700001,1,-5.950231552,1,-0.994407713,1,-1.972121119,1,0.5016936063766479,1,0.5630471110343933,0,0.3746765851974487,0,0.1136884912848473,0
9.76364994,-22.78214264,1,17.26221656799316,1,3.163592338562012,1,-0.521079838,1,-1.135708213,1,1.176368832588196,1,0.5598493218421936,0,0.3678361177444458,0,0.1136874556541443,0
9.767651558,-11.63729382,1,0.2777244448661804,1,-13.89095306,1,-0.21600306,1,-0.828905582,1,0.7860569953918457,1,0.5590950846672058,0,0.3622394502162933,0,0.1151235774159431,0
9.771649361,6.365514755249023,1,-6.53777647,1,-12.9492321,1,-0.270005494,1,-0.905680716,1,0.6604647040367126,1,0.5583052039146423,0,0.3580217361450195,0,0.1156739592552185,0
9.775649071,3.468822717666626,1,-18.15897942,1,-17.453022,1,-0.430537105,1,-1.239010572,1,1.049666404724121,1,0.5572596788406372,0,0.3525882363319397,0,0.116338924,0
9.779650688,-1.202008128,1,-26.23517227,1,-16.87893677,1,-0.942033172,1,-1.421592951,1,1.378441214561462,1,0.5295742154121399,0,0.4142087996006012,0,0.058247317,0
9.783648491,-6.509280682,1,-8.738303185,1,-11.16416073,1,-1.138130307,1,-1.724876046,1,1.628850102424622,1,0.5260917544364929,0,0.4055798947811127,0,0.060376149,0
9.787647247,-1.491376758,1,3.407735109329224,1,-11.09046364,1,-1.024465203,1,-1.547227621,1,1.573638439178467,1,0.5229077339172363,0,0.396675169,0,0.063008182,0
9.791648865,-5.111712933,1,3.902547836303711,1,-12.14982986,1,-0.873353362,1,-1.55098772,1,1.241784572601318,1,0.5197815895080566,0,0.3884121477603912,0,0.064893298,0
9.795646667,-11.16784286,1,8.696349143981934,1,-8.750246048,1,-0.45839262,1,-1.535633445,1,1.161849975585938,1,0.5177026391029358,0,0.3806068301200867,0,0.066050418,0
9.799646378,-11.09193802,1,4.991490840911865,1,-8.009723663,1,-0.286034673,1,-1.574107885,1,0.9795917272567749,1,0.5164993405342102,0,0.3730530738830566,0,0.066763364,0
9.803647995,-10.91209698,1,5.490758895874023,1,-7.992231846,1,-0.026759785,1,-1.559448361,1,0.892333448,1,0.5159396529197693,0,0.3657624125480652,0,0.066877417,0
9.807645798,-7.9414711,1,-1.573746562,1,-8.384790421,1,0.1262080073356628,1,-1.531028152,1,0.9824181795120239,1,0.5162466764450073,0,0.358543336,0,0.0671013,0
9.811646461,-5.16745472,1,-10.28791523,1,-7.7049613,1,0.024154909,1,-1.502490997,1,0.9379423260688782,1,0.5167458057403564,0,0.3513818383216858,0,0.067499973,0
9.815648079,-3.976994991,1,-1.492840171,1,-10.6946497,1,-0.063814148,1,-1.529229879,1,0.9851133823394775,1,0.5167020559310913,0,0.3442449569702148,0,0.067830317,0
9.819645882,-6.386948109,1,2.4417274,1,-11.91275787,1,0.168315664,1,-1.655416965,1,1.027124524116516,1,0.5169995427131653,0,0.3367255926132202,0,0.068251707,0
9.823645592,-5.664013386,1,-1.276567459,1,-13.7731781,1,0.089781575,1,-1.986181855,1,0.9381042122840881,1,0.5175694823265076,0,0.3284870386123657,0,0.068084545,0
9.827646255,-5.59068346,1,3.599069356918335,1,-15.68897915,1,0.1081375703215599,1,-2.342730761,1,0.854706883,1,0.5174723863601685,0,0.319220245,0,0.066833094,0
9.831645012,-4.200437546,1,0.9094297289848328,1,-15.66824055,1,-0.071725346,1,-2.740323782,1,0.832205057,1,0.5168843269348145,0,0.3087044954299927,0,0.064666115,0
9.835643768,-5.844638348,1,-1.474712253,1,-16.35624886,1,-0.047783405,1,-3.041172028,1,0.7390520572662354,1,0.5157307386398315,0,0.2970868647098541,0,0.061491817,0
9.839645386,-2.574134588,1,-0.392402023,1,-17.91638565,1,-0.043669254,1,-3.38466382,1,0.6800903081893921,1,0.5143511295318604,0,0.284511387,0,0.057481516,0
9.843643188,-2.748604298,1,0.4472576975822449,1,-20.63485909,1,0.004928958,1,-3.818099976,1,0.6357159614562988,1,0.5129395723342896,0,0.2707133591175079,0,0.052518997,0
9.847649574,-2.044015884,1,-0.463990211,1,-21.70714569,1,-0.017664015,1,-4.343953133,1,0.6714985966682434,1,0.5114418268203735,0,0.2552618086338043,0,0.046564642,0
9.851650238,-2.27325201,1,-4.159406185,1,-21.9094162,1,-0.236851558,1,-4.986185074,1,0.6148278713226318,1,0.5091546773910522,0,0.2376660257577896,0,0.039460603,0
9.855648041,-1.542791247,1,-1.01107204,1,-21.14502335,1,-0.203145489,1,-5.571950912,1,0.6958258152008057,1,0.5063977837562561,0,0.2179691642522812,0,0.031281833,0
9.859647751,2.790838956832886,1,-1.601614356,1,-22.4407692,1,-0.122537442,1,-6.148480415,1,0.7474292516708374,1,0.5039194822311401,0,0.1960478723049164,0,0.02227273,0
9.863649368,3.258871317,1,-4.339438438,1,-22.43854713,1,-0.10353858,1,-6.767794132,1,0.8495484590530396,1,0.5016710162162781,0,0.1718800216913223,0,0.0124687,0
9.867647171,3.859302997589111,1,-5.974446774,1,-21.60548592,1,-0.097278662,1,-7.468566895,1,0.94788897,1,0.4996218681335449,0,0.1452252715826035,0,0.00182676,0
9.871646881,4.707773685455322,1,-5.743298531,1,-21.35697746,1,-0.101942122,1,-8.2827034,1,1.032847046852112,1,0.4976763129234314,0,0.1156920120120049,0,-0.009852553,0
9.875648499,4.194644927978516,1,-3.495217323,1,-22.26554298,1,-0.014815745,1,-8.720452309,1,1.156062722206116,1,0.4961540102958679,0,0.083465047,0,-0.022395298,0
9.879646301,5.269533157348633,1,-1.742266655,1,-20.76779556,1,0.176662877,1,-8.717780113,1,1.291514992713928,1,0.4956444501876831,0,0.050470967,0,-0.034730259,0
9.883646011,3.292646646499634,1,-1.895421743,1,-20.27269554,1,0.4041377305984497,1,-8.714261055,1,1.428768038749695,1,0.4964233636856079,0,0.01722068,0,-0.046541966,0
9.887647629,-0.843952894,1,-5.064921379,1,-19.26833725,1,0.3665324449539185,1,-8.715187073,1,1.584147214889526,1,0.4980590343475342,0,-0.016286174,0,-0.057876516,0
9.891646385,4.086495876312256,1,-5.512037754,1,-17.55931091,1,0.1657840460538864,1,-8.721217155,1,1.773761510848999,1,0.4994064271450043,0,-0.050125431,0,-0.06866429,0
9.895646095,2.822296380996704,1,-3.213458538,1,-19.15130806,1,0.1771116703748703,1,-8.719596863,1,1.842085361480713,1,0.5007185339927673,0,-0.084214009,0,-0.079046525,0
9.899647713,-9.686143875,1,-0.159828603,1,-20.45989037,1,0.4033596515655518,1,-8.715907097,1,1.939311742782593,1,0.5028993487358093,0,-0.118400559,0,-0.089286022,0
9.903645515,-17.21770096,1,2.640010595321655,1,-22.13241196,1,0.7256336212158203,1,-8.710883141,1,2.031800746917725,1,0.5064594149589539,0,-0.152784228,0,-0.099212334,0
9.907645226,-24.2348156,1,3.769537925720215,1,-20.70733833,1,1.244845151901245,1,-8.699822426,1,1.917071104049683,1,0.5120940804481506,0,-0.187046945,0,-0.109418601,0
9.911645889,-26.78299904,1,5.253424167633057,1,-17.4390831,1,1.769423127174377,1,-8.68612957,1,1.685039639472961,1,0.5203564167022705,0,-0.220820144,0,-0.120584577,0
9.915643692,-32.74143982,1,5.005856037139893,1,-14.38491154,1,2.227305651,1,-8.675735474,1,1.692553997039795,1,0.5311335325241089,0,-0.254244655,0,-0.132504344,0
9.919643402,-28.7062149,1,4.551501274108887,1,-10.89503288,1,2.732361793518066,1,-8.666769981,1,1.657902002334595,1,0.5442878603935242,0,-0.287495345,0,-0.144922867,0
9.92364502,-41.94049072,1,-0.522366762,1,-8.533329964,1,3.121402263641357,1,-8.505260468,1,1.682009696960449,1,0.5600429773330688,0,-0.320310771,0,-0.158014253,0
9.927642822,-50.97814941,1,-1.306580305,1,-6.197977066,1,2.845676422119141,1,-7.335133076,1,1.951693773269653,1,0.5759907364845276,0,-0.350969523,0,-0.169611707,0
9.931642532,-44.84414291,1,-3.303970814,1,-6.013634682,1,2.322073698043823,1,-6.080173016,1,2.099144936,1,0.5893779993057251,0,-0.377953827,0,-0.178101882,0
9.935645103,-36.20959091,1,-7.197171211,1,0.9826682209968567,1,1.722590446472168,1,-4.812733173,1,1.949497699737549,1,0.5996258854866028,0,-0.400472164,0,-0.183996484,0
9.939641953,-26.69283867,1,-15.54217529,1,1.260814666748047,1,0.9916174411773682,1,-3.848355055,1,2.028313398361206,1,0.6066361665725708,0,-0.419091702,0,-0.18762669,0
9.943640709,-23.72243881,1,-10.5682888,1,-2.417933464,1,-0.009061888,1,-3.409628391,1,2.266253948,1,0.6090811491012573,0,-0.435880244,0,-0.188824877,0
9.94764328,-23.37340736,1,-4.960836411,1,-1.907114863,1,-0.849381566,1,-3.46462822,1,2.354751110076904,1,0.6073995232582092,0,-0.452312529,0,-0.189155489,0
9.951640129,-46.24353027,1,-2.590603828,1,-8.584947586,1,-1.169468403,1,-3.430057049,1,2.240926742553711,1,0.6033476591110229,0,-0.469148993,0,-0.189360321,0
9.955640793,-45.68856812,1,-7.817842484,1,-12.08983898,1,-1.353752851,1,-2.531474113,1,2.056098699569702,1,0.5982394218444824,0,-0.483876318,0,-0.18913272,0
9.959641457,-24.45479012,1,-3.319607496,1,-9.631474495,1,-1.481268525,1,-2.326576948,1,1.700656771659851,1,0.5919095277786255,0,-0.495958835,0,-0.187956497,0
9.963639259,-14.77332687,1,2.236344099,1,-7.365791798,1,-1.258486986,1,-2.627638578,1,1.291570901870728,1,0.586721659,0,-0.507477283,0,-0.188630566,0
9.967644691,-11.01523209,1,0.5855570435523987,1,-5.241983891,1,-0.773579836,1,-3.098407269,1,1.051933646202087,1,0.583943248,0,-0.519577026,0,-0.191393524,0
9.971646309,-13.86065578,1,-2.838549614,1,-6.083648682,1,-0.254360974,1,-3.427214861,1,0.892426074,1,0.5842508673667908,0,-0.532660604,0,-0.196027607,0
9.975644112,-16.56619263,1,-4.082886219,1,-8.198887825,1,0.1044294983148575,1,-3.584584475,1,0.7755530476570129,1,0.5869966149330139,0,-0.546214223,0,-0.201853111,0
9.979643822,-16.72761726,1,-4.931335926,1,-9.350031853,1,0.3447433412075043,1,-3.692896128,1,0.6945426464080811,1,0.5914132595062256,0,-0.559944808,0,-0.208502308,0
9.983645439,-15.06572723,1,-7.593293667,1,-10.37481594,1,0.5069936513900757,1,-3.757787943,1,0.6731142997741699,1,0.5970303416252136,0,-0.573807061,0,-0.215726569,0
9.987643242,-12.94972801,1,-10.32016277,1,-11.28902626,1,0.5454250574111938,1,-3.786217928,1,0.7155705690383911,1,0.6032673716545105,0,-0.587821901,0,-0.223199263,0
9.991642952,-10.43217754,1,-12.26925182,1,-11.7789011,1,0.4552060961723328,1,-3.772138834,1,0.8012495636940002,1,0.6094419956207275,0,-0.601978242,0,-0.230603427,0
9.995644569,-8.174899101,1,-12.92045498,1,-11.95197392,1,0.3051858842372894,1,-3.736544847,1,0.9051064848899841,1,0.6150479912757874,0,-0.616227686,0,-0.237722233,0
9.999642372,-7.151088238,1,-12.39144993,1,-12.34055138,1,0.1761308461427689,1,-3.711558342,1,1.011586308479309,1,0.619939923,0,-0.630599022,0,-0.244490817,0
10.00364208,-6.717416763,1,-11.03607655,1,-13.06917667,1,0.1171818375587463,1,-3.690649748,1,1.113479375839233,1,0.6243368983268738,0,-0.645110846,0,-0.250938207,0
10.00764275,-6.882809639,1,-9.196556091,1,-13.93616295,1,0.1789452582597733,1,-3.67901206,1,1.210332513,1,0.6286258101463318,0,-0.659772336,0,-0.257063419,0
10.01164055,-6.882184505,1,-6.974782467,1,-14.93800926,1,0.3587751984596252,1,-3.661205053,1,1.325668215751648,1,0.6332457065582275,0,-0.674612224,0,-0.262864888,0
10.01564026,-6.851374626,1,-4.637369633,1,-15.7711668,1,0.6855611801147461,1,-3.66471529,1,1.443952918052673,1,0.6387398838996887,0,-0.689681768,0,-0.268328398,0
10.01964092,-7.888877392,1,-2.518565655,1,-16.82180214,1,1.175652623176575,1,-3.677466393,1,1.619153141975403,1,0.6456812620162964,0,-0.705113709,0,-0.273377031,0
10.02363873,-9.428916931,1,-1.479676843,1,-17.64292526,1,1.701205253601074,1,-3.663076162,1,1.796163917,1,0.6544317007064819,0,-0.720940232,0,-0.277976722,0
10.02763844,-11.40923595,1,-2.358379126,1,-18.19737244,1,2.199362277984619,1,-3.580995798,1,2.069588184356689,1,0.6647464632987976,0,-0.737122476,0,-0.281716406,0
10.03164101,-12.92133045,1,-3.726040125,1,-18.54794312,1,2.615255594,1,-3.461189985,1,2.365745782852173,1,0.6326295137405396,0,-0.729353964,0,-0.281277299,0
10.03563976,-13.87746811,1,-5.872137547,1,-18.72254372,1,2.880487680435181,1,-3.329968929,1,2.706252574920654,1,0.6435998678207397,0,-0.746305764,0,-0.281199813,0
10.03963947,-14.62374401,1,-8.12748909,1,-19.17180061,1,2.995493412017822,1,-3.205754757,1,3.076079845428467,1,0.654164732,0,-0.76369977,0,-0.279400975,0
10.04364109,-14.97523022,1,-10.23077202,1,-19.454813,1,2.931291580200195,1,-3.07569313,1,3.464019298553467,1,0.6634626388549805,0,-0.781639397,0,-0.2756868,0
10.04763889,-14.94825745,1,-11.76922894,1,-19.67977524,1,2.742415904998779,1,-2.964959145,1,3.862632751464844,1,0.6707432866096497,0,-0.800191879,0,-0.269932359,0
10.05163765,-15.12530518,1,-13.19630241,1,-19.7365818,1,2.465030670166016,1,-2.887453794,1,4.244384766,1,0.6755333542823792,0,-0.819463015,0,-0.262137622,0
10.05563927,-15.38179398,1,-13.79221535,1,-20.017519,1,2.118732213973999,1,-2.838110924,1,4.574363708496094,1,0.6774886846542358,0,-0.839450419,0,-0.252343506,0
10.05963707,-15.34382057,1,-14.55549908,1,-20.00161171,1,1.710119962692261,1,-2.788133621,1,4.858660221099854,1,0.6764534115791321,0,-0.860042691,0,-0.240741789,0
10.06363678,-14.99504566,1,-15.04043674,1,-19.96589851,1,1.293518186,1,-2.772898197,1,5.090404510498047,1,0.6722376942634583,0,-0.881156385,0,-0.227364302,0
10.0676384,-14.72204876,1,-15.08147717,1,-19.95586777,1,0.8557153940200806,1,-2.737117529,1,5.258756160736084,1,0.6648864150047302,0,-0.902641833,0,-0.212386027,0
10.0716362,-13.62069893,1,-14.81660175,1,-20.10577011,1,0.4338593184947968,1,-2.787078619,1,5.375660896,1,0.6544643640518188,0,-0.924416661,0,-0.195959389,0
10.07563591,-13.11818886,1,-14.21582508,1,-20.31855774,1,0.052403677,1,-2.855220556,1,5.455967903137207,1,0.6412397027015686,0,-0.946502447,0,-0.178331405,0
10.07963753,-12.77230549,1,-13.61304569,1,-20.47712898,1,-0.266149968,1,-2.932154655,1,5.502931118011475,1,0.6254255771636963,0,-0.968807161,0,-0.15953894,0
10.08363438,-13.41850758,1,-13.43505287,1,-20.86958313,1,-0.521481395,1,-3.028982639,1,5.517552852630615,1,0.6072975397109985,0,-0.991299033,0,-0.139632016,0
10.08763981,-13.19590282,1,-12.90132046,1,-21.22820663,1,-0.767456949,1,-3.082729101,1,5.491363048553467,1,0.5869496464729309,0,-1.013770461,0,-0.118559182,0
10.09164143,-13.85406971,1,-12.84832096,1,-21.46707916,1,-0.992438197,1,-3.120243788,1,5.433810710906982,1,0.5643820762634277,0,-1.036090493,0,-0.096274205,0
10.09563828,-14.31081867,1,-12.79029369,1,-21.64178085,1,-1.203927755,1,-3.111634493,1,5.344645977020264,1,0.5395131707191467,0,-1.05801034,0,-0.072636001,0
10.09963799,-14.72708893,1,-12.48497772,1,-21.87664604,1,-1.400857925,1,-3.058137417,1,5.221555233001709,1,0.5122817754745483,0,-1.079304338,0,-0.047519151,0
10.1036396,-14.57795334,1,-12.31723213,1,-22.32492638,1,-1.577250957,1,-2.981673479,1,5.081299781799316,1,0.4826731383800507,0,-1.099756837,0,-0.020836404,0
10.10763741,-13.93682957,1,-11.99713039,1,-22.90948868,1,-1.700985312,1,-2.910761833,1,4.926251888275146,1,0.450778067,0,-1.11929059,0,0.007434538,0
10.11163712,-13.08436108,1,-10.34496498,1,-24.5014019,1,-1.791581273,1,-2.870070457,1,4.749650955200195,1,0.4169892072677612,0,-1.137922883,0,0.037127059,0
10.11563969,-13.16055298,1,-10.37883568,1,-25.74333382,1,-1.791567087,1,-2.803205729,1,4.532905101776123,1,0.3816788196563721,0,-1.155625224,0,0.067989916,0
10.11963654,-13.92844105,1,-10.27440739,1,-26.47130013,1,-1.773422718,1,-2.63438201,1,4.261212348937988,1,0.3453628420829773,0,-1.172070742,0,0.099771917,0
10.1236372,-13.68020153,1,-12.19103909,1,-26.37089348,1,-1.841195703,1,-2.335113049,1,3.981244802474976,1,0.308050275,0,-1.186808825,0,0.1323400288820267,0
10.12763882,-12.15418339,1,-14.90740681,1,-25.3766098,1,-2.071286201,1,-1.92957139,1,3.657292366027832,1,0.2694969475269318,0,-1.199362993,0,0.1654555946588516,0
10.13163662,-10.64833069,1,-16.7993927,1,-23.43832397,1,-2.516575336,1,-1.49310565,1,3.263246059417725,1,0.2298272997140884,0,-1.209434032,0,0.1981685608625412,0
10.13563633,-9.829674721,1,-17.58358192,1,-21.32159996,1,-3.077172995,1,-1.042976618,1,2.852609395980835,1,0.1894829571247101,0,-1.216958404,0,0.2292970716953278,0
10.13963699,-9.577080727,1,-16.61540222,1,-19.56469917,1,-3.577984333,1,-0.547192872,1,2.473911524,1,0.1489266604185104,0,-1.221882582,0,0.2582567632198334,0
10.1436348,-8.827772141,1,-13.96153736,1,-18.57300568,1,-3.88795495,1,-0.04372013,1,2.112056970596313,1,0.1092702075839043,0,-1.22425437,0,0.2845036387443542,0
10.14763451,-5.573288441,1,-10.78787708,1,-17.58856583,1,-4.041306496,1,0.4383714497089386,1,1.732899547,1,0.07193321,0,-1.224146247,0,0.3073020875453949,0
10.15163612,-1.209309697,1,-7.77406168,1,-16.32967186,1,-4.029971123,1,0.8403476476669312,1,1.358873605728149,1,0.038332179,0,-1.22191906,0,0.3258345425128937,0
10.15563393,3.409354925,1,-4.838741779,1,-14.33587837,1,-3.82561779,1,1.174912571907043,1,0.9790831804275513,1,0.009549901,0,-1.217984557,0,0.339698315,0
10.15963364,6.861961364746094,1,-3.331539869,1,-12.78667068,1,-3.47592783,1,1.448006034,1,0.625088096,1,-0.013645247,0,-1.21274209,0,0.348840594,0
10.16363525,9.582761764526367,1,-2.602814913,1,-10.4506073,1,-3.042717457,1,1.727709293365479,1,0.3386411368846893,1,-0.03135848,0,-1.206337094,0,0.3538212180137634,0
10.16763306,10.65340328216553,1,-2.733951807,1,-8.182489395,1,-2.589275599,1,2.002553224563599,1,0.1060977280139923,1,-0.044184804,0,-1.198858619,0,0.3554947972297668,0
10.17163277,11.23806762695313,1,-2.695277452,1,-6.567266941,1,-2.132409096,1,2.309095383,1,-0.085106663,1,-0.052675609,0,-1.19024086,0,0.3544669151306152,0
10.17563343,10.90016174316406,1,-2.377581358,1,-5.177940845,1,-1.688136578,1,2.646427392959595,1,-0.285423309,1,-0.057155896,0,-1.180407882,0,0.3510624766349792,0
10.17963123,10.36479282,1,-1.986811757,1,-3.957481384,1,-1.261394501,1,3.069610834121704,1,-0.522937894,1,-0.057624027,0,-1.169104815,0,0.3451768457889557,0
10.18363094,9.733656883239746,1,-1.530213594,1,-2.889602661,1,-0.843265355,1,3.564594984054565,1,-0.793133199,1,-0.054040227,0,-1.15601933,0,0.3366875648498535,0
10.18763256,9.145213127,1,-0.96834445,1,-2.253154516,1,-0.429794163,1,4.090912342071533,1,-1.098686457,1,-0.046480637,0,-1.140918136,0,0.3255986273288727,0
10.19163036,8.267956733703613,1,-0.064949207,1,-1.994113803,1,-0.017318184,1,4.628814220428467,1,-1.437597036,1,-0.035034113,0,-1.123700976,0,0.3119785189628601,0
10.19563007,7.712131500244141,1,0.5778380036354065,1,-1.889094114,1,0.4093370735645294,1,5.150107383728027,1,-1.78033042,1,-0.020050626,0,-1.104315877,0,0.2961632311344147,0
10.19963169,7.653887748718262,1,0.6610199213027954,1,-1.584142566,1,0.8025659322738647,1,5.632339954376221,1,-2.09516716,1,-0.002149616,0,-1.082827568,0,0.2787567973136902,0
10.20362949,7.808088302612305,1,0.2009679824113846,1,-1.306752205,1,1.148405790328979,1,6.045917510986328,1,-2.357368946,1,0.017771618,0,-1.059377551,0,0.2605282962322235,0
10.20762825,7.981030941009521,1,-0.490373313,1,-1.256527901,1,1.408962131,1,6.37168026,1,-2.58468318,1,0.038794316,0,-1.034243941,0,0.2421787679195404,0
10.21163654,7.658191680908203,1,-0.488640547,1,-1.508724928,1,1.600939393043518,1,6.627954006195068,1,-2.779579163,1,0.060238358,0,-1.007723331,0,0.2241167426109314,0
10.21564007,6.702164649963379,1,-0.027814308,1,-1.748333454,1,1.766058206558228,1,6.858182907104492,1,-2.940487385,1,0.081594579,0,-0.980005741,0,0.2066769599914551,0
10.21963978,5.375697135925293,1,0.3227250874042511,1,-2.083941698,1,1.921907305717468,1,7.071695327758789,1,-3.063363075,1,0.1025735288858414,0,-0.951156557,0,0.1901376843452454,0
10.2236414,3.850849151611328,1,0.4355164766311646,1,-2.519486904,1,2.044696331,1,7.307507514953613,1,-3.161481142,1,0.1229598447680473,0,-0.921192527,0,0.1747004240751266,0
10.22764015,2.613284349441528,1,0.3504480421543121,1,-2.976908922,1,2.141022920608521,1,7.523466110229492,1,-3.232905626,1,0.1424930393695831,0,-0.890096664,0,0.1605269759893417,0
10.23163986,1.556715250015259,1,0.067994408,1,-3.399234295,1,2.203376531600952,1,7.728028297424316,1,-3.275502443,1,0.1610705107450485,0,-0.857972264,0,0.1476453244686127,0
10.23564148,0.7859149575233459,1,-0.337127715,1,-3.781407118,1,2.224584579467773,1,7.918137550354004,1,-3.296444654,1,0.1785194277763367,0,-0.824897528,0,0.1361430436372757,0
10.23963928,0.2247253060340881,1,-0.723753095,1,-4.17786026,1,2.211636543273926,1,8.091962814331055,1,-3.298049212,1,0.1947219222784042,0,-0.790986001,0,0.1259979158639908,0
10.24363804,-0.502137005,1,-1.006858706,1,-4.610665321,1,2.166661262512207,1,8.249439239501953,1,-3.282767296,1,0.2096617370843887,0,-0.756322026,0,0.1171595528721809,0
10.24763966,-1.351762414,1,-1.124501824,1,-5.153944016,1,2.106776953,1,8.388850212097168,1,-3.277588367,1,0.2233848124742508,0,-0.721008241,0,0.1094926223158836,0
10.25163746,-2.286666155,1,-1.158293128,1,-5.828394413,1,2.043499946594238,1,8.522486686706543,1,-3.278680325,1,0.2359836399555206,0,-0.685090959,0,0.102840245,0
10.25563717,-3.454855204,1,-0.998865664,1,-6.557216644,1,1.993881225585938,1,8.667916297912598,1,-3.304117918,1,0.2476314306259155,0,-0.648561656,0,0.097058512,0
10.25963974,-4.734695911,1,-0.98718071,1,-7.280984879,1,1.965894937515259,1,8.763781547546387,1,-3.341556787,1,0.2585476040840149,0,-0.611422718,0,0.091952965,0
10.26363659,-5.776362419,1,-1.071694136,1,-7.955090523,1,1.949864506721497,1,8.761643409729004,1,-3.378934145,1,0.2689646482467651,0,-0.574078619,0,0.087318756,0
10.2676363,-6.465985775,1,-1.076872706,1,-8.60231781,1,1.963480710983276,1,8.763174057006836,1,-3.421236038,1,0.2790241241455078,0,-0.536659181,0,0.083079778,0
10.27163887,-7.025866985,1,-1.208760738,1,-9.012688637,1,2.005626916885376,1,8.764834403991699,1,-3.449639082,1,0.288871169,0,-0.499159575,0,0.079207443,0
10.27563667,-7.321913242,1,-1.207259536,1,-9.328448296,1,2.079196929931641,1,8.765198707580566,1,-3.46412611,1,0.2986276745796204,0,-0.461599857,0,0.075733379,0
10.27963638,-7.413081646,1,-0.838117838,1,-9.667949677,1,2.165458679199219,1,8.769101142883301,1,-3.457268,1,0.328477532,0,-0.454955667,0,0.052960504,0
10.283638,-7.386939049,1,-0.345023215,1,-9.833415985,1,2.292788982391357,1,8.769390106201172,1,-3.420441628,1,0.3381049633026123,0,-0.417305291,0,0.051256586,0
10.2876358,-7.308297634,1,0.1114246249198914,1,-9.645833015,1,2.495449304580688,1,8.773537635803223,1,-3.336110353,1,0.3480523824691772,0,-0.379715055,0,0.050241645,0
10.29163551,-7.715715408,1,0.7436833381652832,1,-9.557206154,1,2.783740520477295,1,8.779175758361816,1,-3.239503622,1,0.3586673140525818,0,-0.342230439,0,0.050034225,0
10.29563713,-7.891103268,1,1.732946515083313,1,-9.770750999,1,3.119512796401978,1,8.785913467407227,1,-3.146162748,1,0.3702765107154846,0,-0.304860413,0,0.050661724,0
10.29963493,-7.469652653,1,2.590979099273682,1,-9.811429977,1,3.455988645553589,1,8.792047500610352,1,-3.05013752,1,0.3830147981643677,0,-0.267614186,0,0.052121174,0
10.30363369,-7.199534416,1,2.795145034790039,1,-9.734238625,1,3.798850297927856,1,8.798667907714844,1,-2.927252769,1,0.3969369232654572,0,-0.230530843,0,0.054504097,0
10.30763531,-7.431761742,1,2.835991382598877,1,-9.476890564,1,4.144618988037109,1,8.805097579956055,1,-2.784420967,1,0.4121121466159821,0,-0.193665728,0,0.05792366,0
10.31163311,-7.918566227,1,2.562376260757446,1,-9.251667976,1,4.481172561645508,1,8.810606956481934,1,-2.612157106,1,0.4285653233528137,0,-0.157098338,0,0.062507629,0
10.31563282,-8.262779236,1,2.196040630340576,1,-9.118575096,1,4.783392906188965,1,8.816077232,1,-2.424969673,1,0.4463078379631042,0,-0.120893531,0,0.068359978,0
10.31963444,-8.505602837,1,1.485291361808777,1,-9.078565598,1,5.028454780578613,1,8.819721221923828,1,-2.223411798,1,0.4652116596698761,0,-0.085132524,0,0.075569399,0
10.32363319,-8.7519207,1,0.8795446753501892,1,-9.491691589,1,5.172277450561523,1,8.821882247924805,1,-2.028390646,1,0.4850581288337708,0,-0.0498669,0,0.084161356,0
10.3276329,-8.860908508,1,0.4371452629566193,1,-10.00273037,1,5.236189842224121,1,8.821257591247559,1,-1.824125886,1,0.5055692791938782,0,-0.015159225,0,0.094155826,0
10.33164024,-9.423187256,1,0.029109519,1,-10.66931534,1,5.277137756347656,1,8.821074485778809,1,-1.598574162,1,0.5266214609146118,0,0.018910937,0,0.1056111007928848,0
10.33564377,-10.63960648,1,-0.364944011,1,-11.65153694,1,5.333066940307617,1,8.821480751037598,1,-1.389202356,1,0.5482981204986572,0,0.052270792,0,0.118559867,0
10.33964348,-12.55961895,1,0.593846321,1,-12.83956146,1,5.398136615753174,1,8.821422576904297,1,-1.242246985,1,0.5707440376281738,0,0.084958628,0,0.1328745782375336,0
10.3436451,-14.30422688,1,0.7918386459350586,1,-13.80647278,1,5.438353538513184,1,8.821866989135742,1,-1.152140498,1,0.5940027236938477,0,0.1170628592371941,0,0.1483573168516159,0
10.3476429,-15.24620724,1,0.2787177860736847,1,-14.67744923,1,5.484618186950684,1,8.822255135,1,-1.095138311,1,0.6180369853973389,0,0.1486252695322037,0,0.1649095565080643,0
10.35164261,-16.00880241,1,0.064921267,1,-15.44105244,1,5.549583435058594,1,8.823581695556641,1,-1.101234436,1,0.6429768800735474,0,0.1797095686197281,0,0.1824161559343338,0
10.35564423,-16.44388962,1,-0.199107304,1,-16.00214195,1,5.569003105163574,1,8.825572014,1,-1.165762782,1,0.6687749028205872,0,0.2104391008615494,0,0.2007035613059998,0
10.35964203,-16.09264183,1,-0.490651339,1,-16.70510483,1,5.544164180755615,1,8.825337409973145,1,-1.291720748,1,0.6952598094940186,0,0.2409302741289139,0,0.2196338921785355,0
10.36364174,-15.41314316,1,-0.573943377,1,-17.23438263,1,5.478027344,1,8.825685501098633,1,-1.474599719,1,0.7222315073013306,0,0.2713245749473572,0,0.2390487939119339,0
10.36764336,-15.05688381,1,-0.189936668,1,-17.59454536,1,5.413250446,1,8.824971199035645,1,-1.717765212,1,0.7496013045310974,0,0.3017646968364716,0,0.2588282227516174,0
10.37164116,-15.25504589,1,0.4286074042320251,1,-18.14467812,1,5.346022605895996,1,8.825763702392578,1,-2.029851198,1,0.7773563861846924,0,0.3324496150016785,0,0.2788210809230804,0
10.37564087,-15.79615593,1,0.5953480005264282,1,-18.36022186,1,5.240005970001221,1,8.799451828,1,-2.373126268,1,0.8053925037384033,0,0.3634958863258362,0,0.2989398241043091,0
10.37964249,-17.03869629,1,0.050116569,1,-18.51128387,1,5.103869438171387,1,8.674018859863281,1,-2.755109787,1,0.8334782123565674,0,0.3948327302932739,0,0.3188994526863098,0
10.38364029,-18.21055222,1,-0.35424298,1,-18.9189415,1,4.901262283325195,1,8.525334358215332,1,-3.165775061,1,0.8613245487213135,0,0.4264806509017944,0,0.3384837508201599,0
10.38764,-19.15519714,1,-1.38376379,1,-19.50307465,1,4.614290237426758,1,8.356011390686035,1,-3.571731567,1,0.8885638117790222,0,0.4584833085536957,0,0.3576163053512573,0
10.39164257,-20.18008423,1,-2.318949461,1,-20.24804497,1,4.288428783416748,1,8.129958152770996,1,-3.924191475,1,0.9148622751235962,0,0.4907076060771942,0,0.3762391209602356,0
10.39563942,-21.95885658,1,-2.721114635,1,-21.32829285,1,3.939228296279907,1,7.893477916717529,1,-4.236638069,1,0.9401416778564453,0,0.5229945182800293,0,0.3943736553192139,0
10.39963913,-24.61592484,1,-2.618359804,1,-22.01873589,1,3.633403778076172,1,7.601722717285156,1,-4.521173954,1,0.9643088579177856,0,0.5552474856376648,0,0.411963016,0
10.40364075,-27.5294323,1,-1.830921531,1,-23.12170601,1,3.381336927,1,7.304028987884521,1,-4.773906708,1,0.9874970316886902,0,0.587358832,0,0.4289364814758301,0
10.4076376,-31.21855927,1,-0.461413473,1,-23.81030655,1,3.251191139221191,1,7.009614944458008,1,-4.996062756,1,1.010017514228821,0,0.6192795038223267,0,0.4453073143959045,0
10.41163731,-35.45430374,1,0.3308935165405273,1,-23.54643822,1,3.229772329330444,1,6.757403373718262,1,-5.191718578,1,1.032430171966553,0,0.6510335206985474,0,0.4612623751163483,0
10.41563988,-39.05906677,1,1.464401602745056,1,-22.97150803,1,3.237908363342285,1,6.492194175720215,1,-5.359122753,1,1.055040479,0,0.6826112270355225,0,0.4769005477428436,0
10.41963768,-41.65565872,1,2.401585102081299,1,-21.39175415,1,3.272183418273926,1,6.177375793457031,1,-5.477501392,1,1.077881574630737,0,0.7138514518737793,0,0.4921902120113373,0
10.42363739,-44.36309052,1,3.728786945343018,1,-19.32265091,1,3.328977108001709,1,5.830636501312256,1,-5.566850662,1,1.100976824760437,0,0.7445546388626099,0,0.5070561766624451,0
10.42763805,-46.79092026,1,5.260716438293457,1,-17.09510612,1,3.384016752243042,1,5.407326221466064,1,-5.627755165,1,1.124160170555115,0,0.774607778,0,0.5212134122848511,0
10.43163586,-48.57972336,1,4.883340835571289,1,-14.18619728,1,3.403498411178589,1,4.924835205078125,1,-5.567202568,1,1.147115468978882,0,0.803636909,0,0.5344030857086182,0
10.43563557,-49.43468475,1,3.060036420822144,1,-11.07386589,1,3.251338720321655,1,4.385298252105713,1,-5.453122139,1,1.169295310974121,0,0.8313164114952087,0,0.546467125,0
10.43963718,-48.587883,1,0.8820921778678894,1,-7.436326027,1,2.833849906921387,1,3.735062837600708,1,-5.267433167,1,1.189235091209412,0,0.8573677539825439,0,0.5567541122436523,0
10.44363499,-45.61520004,1,0.6096364259719849,1,-3.942089081,1,2.219091653823853,1,2.944708824157715,1,-5.01813221,1,1.205246210098267,0,0.8814117312431335,0,0.5644669532775879,0
10.4476347,-43.27781677,1,6.390970706939697,1,-1.2886374,1,1.740322589874268,1,1.995481848716736,1,-4.824230671,1,1.215986728668213,0,0.9032990336418152,0,0.5681849718093872,0
10.45164204,-43.57097244,1,11.54388999938965,1,1.251373291015625,1,1.52396822,1,1.191220045089722,1,-4.624989986,1,1.221677303314209,0,0.9232420921325684,0,0.5671894550323486,0
10.45564652,-45.21870041,1,12.67745971679688,1,3.373007297515869,1,1.441760301589966,1,0.5954945683479309,1,-4.312512875,1,1.223839282989502,0,0.9412809014320374,0,0.5625027418136597,0
10.45964623,-47.06557083,1,10.68071079,1,5.406474590301514,1,1.322239637374878,1,0.1991539746522903,1,-3.866685152,1,1.223634719848633,0,0.9572029709815979,0,0.5554354190826416,0
10.46364784,-47.01425171,1,7.901219367980957,1,7.504151344299316,1,1.053770184516907,1,-0.06445618,1,-3.326108694,1,1.221678733825684,0,0.9708296060562134,0,0.5472163558006287,0
10.46764565,-44.50510788,1,7.732448577880859,1,8.762611389160156,1,0.6724071502685547,1,-0.303822726,1,-2.716906071,1,1.217956185340881,0,0.9819239377975464,0,0.5385488271713257,0
10.47164536,-42.28085327,1,10.06467247009277,1,9.508169174194336,1,0.3324374258518219,1,-0.487357944,1,-2.028903246,1,1.212682127952576,0,0.9902767539024353,0,0.5298507809638977,0
10.47564697,-39.56493378,1,12.18316745758057,1,9.015358924865723,1,0.1015726774930954,1,-0.627544701,1,-1.28869307,1,1.206715941429138,0,0.9957098364830017,0,0.5217047929763794,0
10.47964478,-37.07620239,1,12.26111412,1,7.796679019927979,1,-0.09742634,1,-0.758935869,1,-0.516590357,1,1.200693845748901,0,0.9980826377868652,0,0.5145396590232849,0
10.48364449,-35.08825684,1,11.36400985717773,1,6.503932952880859,1,-0.286998421,1,-0.889565408,1,0.2120192050933838,1,1.194839239120483,0,0.9974276423454285,0,0.5084858536720276,0
10.48764515,-32.8277092,1,10.50101089477539,1,5.442441463470459,1,-0.480211258,1,-1.002126694,1,0.8384689688682556,1,1.189088106155396,0,0.99405092,0,0.5034605264663696,0
10.49164295,-30.13038826,1,10.66595077514648,1,4.489408016204834,1,-0.651034653,1,-1.085233212,1,1.333997368812561,1,1.183389425,0,0.9884293675422668,0,0.4993729293346405,0
10.49564266,-25.39294052,1,8.765535354614258,1,1.363088726997375,1,-0.820009947,1,-1.146505594,1,1.752494096755981,1,1.177834868431091,0,0.9810329079627991,0,0.4961983263492584,0
10.49964333,24.24435234069824,1,2.119338274002075,1,-14.67829323,1,-1.72980094,1,-2.381501675,1,2.372666835784912,1,1.168871402740479,0,0.9707874655723572,0,0.4913889765739441,0
10.50364208,-56.61958313,1,14.27744007110596,1,24.09273719787598,1,-1.735592127,1,-3.751746416,1,3.237586975097656,1,1.151532292366028,0,0.9557713866233826,0,0.4782423079013824,0
10.50764084,-37.79319763,1,-37.34947968,1,31.92304611206055,1,-5.405642033,1,-4.501988411,1,3.903727769851685,1,1.125544548034668,0,0.9359887838363647,0,0.4639942944049835,0
10.51164246,18.00593566894531,1,-13.7955637,1,10.67963314056396,1,-6.343983173,1,-6.86053896,1,4.482342243,1,1.084784388542175,0,0.9111683368682861,0,0.4424511194229126,0
10.51564026,-7.66874218,1,-4.450503349,1,-2.839343548,1,-6.285313606,1,-8.873204231,1,4.812036991119385,1,1.036372065544128,0,0.8787784576416016,0,0.4127832055091858,0
10.51963997,-10.94688416,1,4.170569896697998,1,-51.66641235,1,-4.373630524,1,-8.831665039,1,4.694937229156494,1,0.9903256297111511,0,0.8442023992538452,0,0.3817870020866394,0
10.52364159,-12.66186905,1,-25.80244446,1,-70.6942749,1,-3.982566118,1,-8.82154274,1,4.271596908569336,1,0.9533716440200806,0,0.8093971610069275,0,0.353760302,0
10.52764034,-25.10640144,1,-35.36539078,1,-81.56930542,1,-4.731093884,1,-8.836537361,1,4.218238830566406,1,0.9178828001022339,0,0.7747200131416321,0,0.3277020454406738,0
10.5316391,-60.9145813,1,-13.36504364,1,-52.20389938,1,-6.387695313,1,-8.870393753,1,4.191442966461182,1,0.8920437097549438,0,0.7257927060127258,0,0.3020286560058594,0
10.53564072,-58.00374222,1,9.727661133,1,-30.74448967,1,-6.314512253,1,-8.870108604,1,4.377717495,1,0.8525896668434143,0,0.6897399425506592,0,0.2808893322944641,0
10.53963852,-46.91785049,1,24.95853614807129,1,-28.0735321,1,-5.123671532,1,-8.842015266,1,3.816116571426392,1,0.8173709511756897,0,0.65372926,0,0.2614869773387909,0
10.54363823,-40.95413208,1,29.83742904663086,1,-23.67921638,1,-3.896601915,1,-8.814201355,1,3.215131282806396,1,0.7877618074417114,0,0.6192435026168823,0,0.2418756037950516,0
10.54763985,-27.68166733,1,28.53410339355469,1,-8.391809464,1,-3.130358934,1,-8.68670845,1,3.506891489028931,1,0.7634786367416382,0,0.5847805142402649,0,0.2236800044775009,0
10.55163765,-32.94480133,1,18.16909408569336,1,5.478691577911377,1,-2.81147933,1,-7.766539574,1,3.838011980056763,1,0.743992805,0,0.5508251190185547,0,0.209517166,0
10.55563736,-45.13697052,1,8.996844291687012,1,5.079964637756348,1,-2.513816357,1,-6.690937519,1,4.172774314880371,1,0.7287562489509583,0,0.518393874,0,0.2008807808160782,0
10.55963993,-62.1841011,1,-16.90203285,1,-19.47363281,1,-2.942749739,1,-4.479329109,1,3.348698854446411,1,0.7161675691604614,0,0.4911143481731415,0,0.1969109624624252,0
10.56363678,-77.19981384,1,-16.00136948,1,-26.25639343,1,-2.50233531,1,-1.946969867,1,1.534486293792725,1,0.7045581340789795,0,0.4753306210041046,0,0.1958673596382141,0
10.56763744,-25.9163456,1,1.619255542755127,1,-0.899369657,1,-2.19006896,1,-1.323817134,1,1.055892109870911,1,0.6948503255844116,0,0.4675824046134949,0,0.1956482976675034,0
10.57164383,-8.230097771,1,23.89026069641113,1,-10.98060799,1,-1.621290565,1,-1.092110634,1,1.383862733840942,1,0.6876925826072693,0,0.4606085121631622,0,0.1961020827293396,0
10.57564735,2.136991739273071,1,20.14132881164551,1,-14.51968575,1,-1.057757974,1,-0.84744817,1,1.752112984657288,1,0.6834352016448975,0,0.4535799324512482,0,0.1990094631910324,0
10.57964706,-9.894041061,1,-9.497615814,1,-10.4367466,1,-0.927667022,1,-0.667279661,1,1.460188746452332,1,0.6811959147453308,0,0.4471743106842041,0,0.2025915086269379,0
10.58364964,-7.374166012,1,-19.00998878,1,-9.590768814,1,-1.16424489,1,-0.825793803,1,1.060871601104736,1,0.6780309081077576,0,0.441766232,0,0.2047729790210724,0
10.58764553,0.2285343706607819,1,-8.941548347,1,-14.38423824,1,-1.372881293,1,-0.840901434,1,1.324218392372131,1,0.6736624240875244,0,0.4362272322177887,0,0.20649308,0
10.59164524,1.167645573616028,1,-3.853203773,1,-14.05259514,1,-1.446212649,1,-1.060816407,1,1.454054117202759,1,0.6688858270645142,0,0.4297683238983154,0,0.2087645679712296,0
10.59564781,-16.40464783,1,5.251885890960693,1,-10.7437048,1,-1.127233028,1,-1.108221531,1,1.303303122520447,1,0.6644677519798279,0,0.4228050112724304,0,0.2106289118528366,0
10.59964562,-11.47541046,1,9.111701011657715,1,-9.474646568,1,-0.762359917,1,-1.115521431,1,1.038431882858276,1,0.6610238552093506,0,0.4164232015609741,0,0.2115926146507263,0
10.60364533,-5.285619736,1,-0.087657072,1,-8.189915657,1,-0.662430584,1,-0.995146632,1,0.9439993500709534,1,0.6585299372673035,0,0.4107337892055511,0,0.2122192233800888,0
10.60764694,-5.610234261,1,-11.58275414,1,-5.955765247,1,-0.848348379,1,-0.855837762,1,0.959131658,1,0.6558901071548462,0,0.4054193198680878,0,0.21300678,0
10.61164475,-11.70034885,1,-3.563882828,1,-7.491106033,1,-0.907695115,1,-0.762166023,1,0.9589036107063293,1,0.6526910662651062,0,0.4005107283592224,0,0.2141346335411072,0
10.61564446,-8.759466171,1,8.386219024658203,1,-9.988723755,1,-0.718880415,1,-0.636393785,1,0.9469664096832275,1,0.6499618291854858,0,0.3960187435150146,0,0.2156571745872498,0
10.61964607,-5.442025661,1,7.047494888305664,1,-12.16919708,1,-0.676173449,1,-0.576573133,1,0.706276,1,0.6477213501930237,0,0.3919548392295837,0,0.2169757187366486,0
10.62364388,-2.457738876,1,2.305047273635864,1,-11.17731762,1,-0.368262857,1,-0.865353346,1,0.6681209802627563,1,0.6461310386657715,0,0.3879797756671906,0,0.2172975242137909,0
10.62764263,-11.4604969,1,4.656176567077637,1,-7.172792435,1,-0.157070816,1,-0.903102696,1,0.6488798260688782,1,0.6449454426765442,0,0.383569211,0,0.2172288298606873,0
10.63164425,-6.846171379,1,-3.098109722,1,-8.248015404,1,-0.124241054,1,-0.778215349,1,0.5109269618988037,1,0.6444198489189148,0,0.3795177936553955,0,0.2170484364032745,0
10.63564205,-4.642439365,1,-3.34258914,1,-8.011009216,1,-0.208757713,1,-0.728761375,1,0.5464894771575928,1,0.6437276601791382,0,0.3758541345596313,0,0.2169051766395569,0
10.63964176,-5.868628502,1,-1.446537614,1,-8.772712708,1,-0.288772166,1,-0.705579042,1,0.5383874773979187,1,0.6427108645439148,0,0.3722392320632935,0,0.2169404029846191,0
10.64364338,-6.223996639,1,0.095984906,1,-8.549006462,1,-0.286425173,1,-0.673510611,1,0.5050120949745178,1,0.6415451765060425,0,0.3687838912010193,0,0.2169546782970428,0
10.64764118,-5.605687141,1,2.272064447402954,1,-9.979183197,1,-0.172396898,1,-0.673409283,1,0.4860903918743134,1,0.6406036019325256,0,0.3654663562774658,0,0.216938704,0
10.65163994,-5.111896038,1,-0.56385082,1,-11.57624722,1,-0.162826598,1,-0.839027464,1,0.5129557251930237,1,0.6399444341659546,0,0.3619120419025421,0,0.2167292386293411,0
10.65564156,-5.999046326,1,-4.011511803,1,-11.02137852,1,-0.343271792,1,-1.035053253,1,0.5549928545951843,1,0.638698399,0,0.3575837910175323,0,0.2161512076854706,0
10.65963936,-4.721230507,1,-5.668644905,1,-11.45097351,1,-0.372969508,1,-1.094801426,1,0.6499399542808533,1,0.6370460987091064,0,0.3527102172374725,0,0.2154768109321594,0
10.66363907,-2.515961409,1,-5.842869282,1,-12.48513794,1,-0.408121496,1,-1.220589995,1,0.7576208114624023,1,0.6353256702423096,0,0.347336471,0,0.2149872332811356,0
10.66764069,-3.197939873,1,-5.180247307,1,-14.07164764,1,-0.551906288,1,-1.479421496,1,0.7854454517364502,1,0.6331666707992554,0,0.3411693572998047,0,0.2142528742551804,0
10.67163849,-4.216766357,1,-3.096268892,1,-15.35914707,1,-0.732859731,1,-1.735957384,1,0.8063033819198608,1,0.6301658153533936,0,0.3341039717197418,0,0.2129660695791245,0
10.6756382,-4.374694347,1,-0.044505335,1,-16.22508812,1,-0.789628386,1,-2.066269636,1,0.8025910258293152,1,0.6264495849609375,0,0.3260754346847534,0,0.2110102325677872,0
10.67963886,-3.654384136,1,0.5324888229370117,1,-16.68318748,1,-0.740672469,1,-2.431276798,1,0.7939215302467346,1,0.6225275993347168,0,0.3169221878051758,0,0.2081984132528305,0
10.68363667,-4.171071053,1,-0.161617622,1,-18.3377552,1,-0.801398039,1,-2.822573662,1,0.7801550030708313,1,0.6183260679244995,0,0.3065424859523773,0,0.204478383,0
10.68763638,-1.091333628,1,-1.84370923,1,-18.64303017,1,-0.946744561,1,-3.280503273,1,0.7559266686439514,1,0.6134102940559387,0,0.2948062121868134,0,0.1997140645980835,0
10.69164372,-1.616768837,1,-1.723551869,1,-19.08022881,1,-1.033067822,1,-3.756348848,1,0.8107349276542664,1,0.6078020334243774,0,0.2814714312553406,0,0.1939858645200729,0
10.69564724,-0.14777115,1,-0.602651894,1,-18.88933182,1,-0.985966265,1,-4.241764069,1,0.8541247844696045,1,0.6019498705863953,0,0.2664278149604797,0,0.1874007880687714,0
10.69964695,0.1584573686122894,1,0.5268803834915161,1,-18.34026527,1,-0.799098492,1,-4.707593441,1,0.9041436910629272,1,0.5964669585227966,0,0.2496788799762726,0,0.1799497753381729,0
10.70364857,0.4991548359394073,1,-0.80195576,1,-18.44319725,1,-0.682086885,1,-5.138159752,1,0.9993644952774048,1,0.5916211605072021,0,0.231209934,0,0.1718589216470718,0
10.70764637,1.071378707885742,1,-1.886857152,1,-17.30747986,1,-0.661834836,1,-5.579786301,1,1.102388858795166,1,0.5870716571807861,0,0.2110634595155716,0,0.1632211357355118,0
10.71164608,0.9324495792388916,1,-2.580169678,1,-16.94250107,1,-0.728299737,1,-6.046931744,1,1.245587944984436,1,0.5825008153915405,0,0.1890906542539597,0,0.1541264653205872,0
10.71564674,1.360717296600342,1,-1.306314111,1,-17.04470444,1,-0.712327838,1,-6.539443493,1,1.334362387657166,1,0.5778928399085999,0,0.1651829779148102,0,0.1445054858922958,0
10.71964455,1.564894199371338,1,-1.297276378,1,-16.31962013,1,-0.664533019,1,-6.969078064,1,1.382926702,1,0.573535144,0,0.1395439952611923,0,0.1342160403728485,0
10.72364426,0.7284610867500305,1,-0.551522791,1,-15.11918736,1,-0.505637109,1,-7.311821461,1,1.411146879196167,1,0.5697782039642334,0,0.1124690175056458,0,0.1233963146805763,0
10.72764587,0.4446863830089569,1,0.3724451661109924,1,-16.52513885,1,-0.271848053,1,-7.805482388,1,1.534059286117554,1,0.5671142935752869,0,0.083746359,0,0.1120030209422112,0
10.73164368,-3.812551498,1,-1.34324193,1,-15.77494621,1,-0.220823124,1,-7.987050533,1,1.578322768211365,1,0.5653975605964661,0,0.053746209,0,0.1002692952752113,0
10.73564243,-0.495898396,1,-3.250086546,1,-14.41157246,1,-0.351781845,1,-8.290748596,1,1.633994340896606,1,0.5638070106506348,0,0.022835201,0,0.088315263,0
10.73964405,1.945984482765198,1,-3.953556299,1,-13.42865944,1,-0.519604266,1,-8.64609623,1,1.706287980079651,1,0.5619745850563049,0,-0.009374767,0,0.075850621,0
10.74364185,-2.182186604,1,-1.96329844,1,-13.77991867,1,-0.625335991,1,-8.737522125,1,1.863821387290955,1,0.5599998235702515,0,-0.042689912,0,0.06335488,0
10.74764156,-9.282009125,1,-0.935664594,1,-14.04258919,1,-0.660604119,1,-8.738481522,1,1.925399184,1,0.5581269264221191,0,-0.076357558,0,0.051247165,0
10.75164318,-12.40364361,1,0.8501998782157898,1,-14.15621758,1,-0.615445137,1,-8.737632751,1,1.819355368614197,1,0.5566931366920471,0,-0.110001519,0,0.039094996,0
10.75564098,-10.63453102,1,0.5934839248657227,1,-12.94695091,1,-0.475257874,1,-8.733449936,1,1.697919487953186,1,0.5560725331306458,0,-0.143377244,0,0.026499189,0
10.75964069,-10.32129192,1,2.112279415130615,1,-12.92542171,1,-0.285295933,1,-8.728583336,1,1.650797009468079,1,0.5565821528434753,0,-0.17657885,0,0.013590521,0
10.76364231,-11.3446579,1,2.838288307189941,1,-12.64653683,1,0.075043499,1,-8.720750809,1,1.550205707550049,1,0.5586543679237366,0,-0.209581107,0,0.000310735,0
10.76763916,-12.27124023,1,3.055113315582275,1,-12.25878525,1,0.5212525129318237,1,-8.711760521,1,1.567289829,1,0.5628760457038879,0,-0.242404222,0,-0.013329566,0
10.77163887,-15.71906662,1,3.509008884429932,1,-12.08813477,1,1.099027752876282,1,-8.684206009,1,1.566238880157471,1,0.5696175098419189,0,-0.275158525,0,-0.027148565,0
10.77564049,-25.83667374,1,3.483789920806885,1,-11.57291889,1,1.610638856887817,1,-8.250514984,1,1.592684507369995,1,0.5790254473686218,0,-0.307103425,0,-0.040889449,0
10.77963734,-29.28706932,1,2.387558221817017,1,-7.858328342,1,1.960094332695007,1,-7.640362263,1,1.663606882095337,1,0.5869399309158325,0,-0.339305907,0,-0.061094206,0
10.78363705,-32.27051163,1,-0.21076861,1,-4.159794807,1,2.041101694107056,1,-6.917400837,1,1.838448882102966,1,0.5989042520523071,0,-0.367404044,0,-0.072311237,0
10.78763962,-35.37592316,1,-1.030849099,1,-2.539064169,1,1.860044717788696,1,-6.016224384,1,1.919301033,1,0.6101593971252441,0,-0.392994881,0,-0.081470214,0
10.79163742,-29.10167122,1,-0.646091998,1,-0.166716129,1,1.617124080657959,1,-5.183826447,1,2.275294065475464,1,0.6197395324707031,0,-0.416038215,0,-0.088093571,0
10.79563713,-24.06910896,1,-0.55820179,1,1.305576563,1,1.339938521385193,1,-4.507936001,1,2.383596658706665,1,0.62732172,0,-0.43724215,0,-0.092154436,0
10.79963779,-18.70568848,1,-3.940474033,1,2.304700374603271,1,1.110539913,1,-3.91086936,1,2.60649848,1,0.6331251263618469,0,-0.456692338,0,-0.094214916,0
10.8036356,-25.65911674,1,-7.400152206,1,-2.175039768,1,0.7162072658538818,1,-3.430159092,1,2.813183307647705,1,0.6368420124053955,0,-0.474948108,0,-0.094192795,0
10.80763531,-27.50043106,1,-7.843419552,1,-3.80265522,1,-0.01207134,1,-2.868328333,1,2.918415784835815,1,0.6374169588088989,0,-0.491898954,0,-0.092235908,0
10.81164169,-26.25980186,1,0.173428863,1,-1.729753494,1,-0.618985832,1,-2.70929718,1,3.148272037506104,1,0.6342552900314331,0,-0.507947266,0,-0.088617913,0
10.81564617,-46.78377151,1,0.5213992,1,-10.08027363,1,-0.840267122,1,-2.05247283,1,2.813992500305176,1,0.6290147304534912,0,-0.522966743,0,-0.084102564,0
10.81964588,-31.80163193,1,-1.473985076,1,-8.795570374,1,-1.00025034,1,-1.058530688,1,2.383531093597412,1,0.6224915385246277,0,-0.533932328,0,-0.078453727,0
10.8236475,-11.56736565,1,-1.436238527,1,-5.022763729,1,-0.907447636,1,-1.168380499,1,1.980715036392212,1,0.6158350706100464,0,-0.542450845,0,-0.073063239,0
10.8276453,-9.257906914,1,0.3300720453262329,1,-4.260210037,1,-0.630950868,1,-1.663327456,1,1.663153529167175,1,0.6111093759536743,0,-0.551265955,0,-0.069951177,0
10.83164501,-10.87107563,1,-2.340954304,1,-5.547270775,1,-0.463481933,1,-2.016707182,1,1.466866970062256,1,0.6083919405937195,0,-0.560886204,0,-0.068885989,0
10.83564663,-11.2659626,1,-4.617789268,1,-5.841943264,1,-0.329142213,1,-2.426048279,1,1.254178047180176,1,0.6071840524673462,0,-0.571273923,0,-0.069599546,0
10.83964443,-11.71381855,1,-4.192933559,1,-6.636237621,1,-0.190212876,1,-2.816054583,1,1.090303778648376,1,0.6075412034988403,0,-0.582559764,0,-0.072164379,0
10.84364319,-12.63980579,1,-5.087888718,1,-7.48766613,1,-0.04192644,1,-3.172220707,1,0.9836588501930237,1,0.6094222068786621,0,-0.594762325,0,-0.0763482,0
10.84764481,-13.38010788,1,-6.743646145,1,-8.35893631,1,0.037125468,1,-3.4356215,1,0.9604710936546326,1,0.6124730110168457,0,-0.607829094,0,-0.081710152,0
10.85164261,-13.25766373,1,-7.872280121,1,-9.339453697,1,0.051674772,1,-3.617356539,1,0.9546611309051514,1,0.6162084937095642,0,-0.621565342,0,-0.087844834,0
10.85564232,-12.29923534,1,-8.593442917,1,-10.36676693,1,0.016308008,1,-3.742293596,1,0.9580234289169312,1,0.6203046441078186,0,-0.635785282,0,-0.094535559,0
10.85964394,-11.59937382,1,-9.160017967,1,-11.29644585,1,-0.070642523,1,-3.845098972,1,1.001969695091248,1,0.6244467496871948,0,-0.650406241,0,-0.101621941,0
10.86364079,-11.47449207,1,-9.337729454,1,-12.31052113,1,-0.181234643,1,-3.916203976,1,1.081746220588684,1,0.6283851265907288,0,-0.665423155,0,-0.108877562,0
10.8676405,-11.7305069,1,-9.166065216,1,-13.27705193,1,-0.278656363,1,-3.948725224,1,1.212529420852661,1,0.6319121718406677,0,-0.680835664,0,-0.116005234,0
10.87164211,-11.85720539,1,-9.104726791,1,-13.997756,1,-0.335052699,1,-3.972211838,1,1.381586313247681,1,0.6349625587463379,0,-0.696679592,0,-0.122745089,0
10.87563992,-11.74962997,1,-8.363063812,1,-14.94320107,1,-0.377682209,1,-3.975995779,1,1.587802886962891,1,0.637492299,0,-0.712998509,0,-0.128839791,0
10.87963963,-12.2409935,1,-8.379302979,1,-15.4025116,1,-0.404790938,1,-3.980803251,1,1.811699032783508,1,0.6395105123519897,0,-0.729821801,0,-0.13426441,0
10.88364029,-12.58575058,1,-8.121365547,1,-16.04585457,1,-0.440570593,1,-3.95539856,1,2.074505805969238,1,0.6407632827758789,0,-0.747189462,0,-0.138637945,0
10.88763809,-12.4055357,1,-7.892230988,1,-16.37602997,1,-0.459532946,1,-3.912145138,1,2.349524021148682,1,0.6411391496658325,0,-0.765088201,0,-0.141818985,0
10.8916378,-12.37168407,1,-7.604796886,1,-16.74061584,1,-0.468120337,1,-3.865860701,1,2.641103744506836,1,0.6405460834503174,0,-0.783541203,0,-0.143642008,0
10.89563942,-12.4964323,1,-7.378409386,1,-17.13208199,1,-0.459811389,1,-3.798500299,1,2.928927183151245,1,0.6389021277427673,0,-0.802492619,0,-0.143941686,0
10.89963722,-12.78868484,1,-7.300585747,1,-17.58425903,1,-0.434883356,1,-3.692626238,1,3.204253196716309,1,0.6361397504806519,0,-0.821852505,0,-0.142583802,0
10.90363598,-13.26725578,1,-7.222778797,1,-18.0702343,1,-0.399052292,1,-3.557816505,1,3.457368850708008,1,0.632108212,0,-0.841444552,0,-0.139396042,0
10.9076376,-13.95831394,1,-7.517298222,1,-18.45835114,1,-0.37974745,1,-3.365790367,1,3.712703466415405,1,0.6266382932662964,0,-0.861107111,0,-0.134194687,0
10.9116354,-14.53006935,1,-7.335878849,1,-19.05095673,1,-0.34674564,1,-3.156851768,1,3.924017429351807,1,0.6195149421691895,0,-0.880629718,0,-0.126770228,0
10.91563511,-14.81450272,1,-7.554943085,1,-19.50598335,1,-0.325107098,1,-2.937739849,1,4.096797943115234,1,0.6106852889060974,0,-0.899851441,0,-0.117129639,0
10.91963673,-14.78957748,1,-8.020580292,1,-20.01346779,1,-0.327057391,1,-2.71706295,1,4.252582073,1,0.6000116467475891,0,-0.918652415,0,-0.105249017,0
10.92363453,-14.64784718,1,-8.638670921,1,-20.88427353,1,-0.363230079,1,-2.509542942,1,4.395839691162109,1,0.5872790217399597,0,-0.936980844,0,-0.091056883,0
10.92763424,-14.40444469,1,-9.613990784,1,-22.25388336,1,-0.417445123,1,-2.339478016,1,4.529131889343262,1,0.5723785758018494,0,-0.954857171,0,-0.074593782,0
10.93164158,-14.071455,1,-10.32489014,1,-23.59726143,1,-0.514702678,1,-2.205397367,1,4.642775535583496,1,0.5551848411560059,0,-0.972334504,0,-0.055925954,0
10.9356451,-14.21651745,1,-11.29873753,1,-24.04266357,1,-0.649860799,1,-2.067033291,1,4.725530624389648,1,0.5355656743049622,0,-0.98935622,0,-0.035094876,0
10.93964481,-14.42213249,1,-13.01281071,1,-23.93991852,1,-0.862936914,1,-1.894367456,1,4.776495933532715,1,0.5132173299789429,0,-1.005744934,0,-0.012056699,0
10.94364643,-13.59582996,1,-14.76808929,1,-23.45884514,1,-1.223882079,1,-1.687726974,1,4.770247936248779,1,0.487700492,0,-1.021201611,0,0.013139521,0
10.94764423,-11.8000021,1,-16.39131927,1,-22.63563156,1,-1.727319241,1,-1.475742102,1,4.717951774597168,1,0.4585696458816528,0,-1.035485625,0,0.040288087,0
10.95164299,-10.41827679,1,-17.45336914,1,-21.26601982,1,-2.311104059,1,-1.249457479,1,4.628257751464844,1,0.4255561232566833,0,-1.048416615,0,0.069179244,0
10.95564461,-10.03306293,1,-17.79397392,1,-19.99793625,1,-2.897414446,1,-1.016454339,1,4.519534111022949,1,0.3887268304824829,0,-1.059842229,0,0.099549174,0
10.95964241,-9.931466103,1,-17.33773422,1,-18.77856445,1,-3.438964128,1,-0.739226937,1,4.369671345,1,0.3483999073505402,0,-1.069540858,0,0.1311612874269485,0
10.96364212,-9.660284042,1,-16.1930294,1,-18.20952988,1,-3.889701605,1,-0.422394663,1,4.170730113983154,1,0.3052666187286377,0,-1.077242017,0,0.1635405570268631,0
10.96764374,-9.097159386,1,-14.41041183,1,-17.94259644,1,-4.221367836,1,-0.08657793,1,3.909336090087891,1,0.2604683637619019,0,-1.082738519,0,0.1959041953086853,0
10.97164059,-8.039580345,1,-12.24202633,1,-17.47980309,1,-4.416577339,1,0.2545655071735382,1,3.567705154418945,1,0.2155031710863113,0,-1.085959196,0,0.2271841466426849,0
10.9756403,-6.59176445,1,-10.34636974,1,-16.79460144,1,-4.471648693,1,0.6038495898246765,1,3.172378540039063,1,0.171891451,0,-1.086866736,0,0.2563256621360779,0
10.97964191,-4.728541851,1,-8.933143616,1,-15.76761627,1,-4.394026279,1,0.9637747406959534,1,2.728463172912598,1,0.1310521513223648,0,-1.085549235,0,0.2824048399925232,0
10.98363972,-2.719702482,1,-7.837070942,1,-14.81548882,1,-4.216942787,1,1.292102575302124,1,2.256892681121826,1,0.094138749,0,-1.082183003,0,0.3046584725379944,0
10.98763943,-0.727359951,1,-6.963864803,1,-13.91410351,1,-3.973445892,1,1.593888998031616,1,1.768004179000854,1,0.061878528,0,-1.077046514,0,0.3226415514945984,0
10.99164105,1.034946918487549,1,-6.131289482,1,-12.86597157,1,-3.649651527,1,1.863915920257568,1,1.291102409362793,1,0.034729116,0,-1.070431471,0,0.3361609578132629,0
10.99563789,2.609142780303955,1,-5.333551407,1,-11.63202953,1,-3.227128506,1,2.106053352355957,1,0.8344001173973083,1,0.012924463,0,-1.062583804,0,0.3453277349472046,0
10.9996376,4.205272197723389,1,-4.585494041,1,-10.49792671,1,-2.744799137,1,2.315526962280273,1,0.3947947323322296,1,-0.003459054,0,-1.053748488,0,0.3504009544849396,0
11.00364018,6.015767097473145,1,-3.883246899,1,-9.599826813,1,-2.217353344,1,2.478839874267578,1,-0.038440734,1,-0.014469376,0,-1.044149876,0,0.3516494035720825,0
11.00763798,7.455151081085205,1,-3.522880554,1,-8.631222725,1,-1.675561786,1,2.601471900939941,1,-0.465228021,1,-0.02024487,0,-1.034002542,0,0.3493053317070007,0
11.01163769,8.582938194274902,1,-3.105789185,1,-7.718810558,1,-1.139422059,1,2.726952075958252,1,-0.878086329,1,-0.021047868,0,-1.023400545,0,0.343677431,0
11.01563931,8.924267768859863,1,-2.927986383,1,-6.763651848,1,-0.623358309,1,2.873007297515869,1,-1.290712357,1,-0.017190671,0,-1.012295604,0,0.335004985,0
11.01963711,8.462211608886719,1,-2.681839705,1,-6.037139416,1,-0.138712958,1,3.041671514511108,1,-1.691774487,1,-0.009043361,0,-1.000567079,0,0.3235600590705872,0
11.02363682,7.700429916381836,1,-2.579845667,1,-5.369176388,1,0.2817858755588531,1,3.244900226593018,1,-2.074117184,1,0.002921656,0,-0.988028049,0,0.3096421360969543,0
11.02763844,7.048743248,1,-2.497959137,1,-4.812953472,1,0.6437230110168457,1,3.476668357849121,1,-2.433553696,1,-0.10209766,0,-0.978253365,0,-0.581863105,0
11.03163624,6.369442462921143,1,-2.656483412,1,-4.307919025,1,0.9331246614456177,1,3.729204416275024,1,-2.749543905,1,-0.087458692,0,-0.960758269,0,-0.427596271,0
11.03563595,5.704948902130127,1,-2.69696331,1,-4.045024872,1,1.164023041725159,1,3.991077661514282,1,-3.044544697,1,-0.065308265,0,-0.946248412,0,-0.449595749,0
11.03963661,5.118366718292236,1,-2.741435766,1,-3.805837393,1,1.320942759513855,1,4.256847858428955,1,-3.306717634,1,-0.041784763,0,-0.930452943,0,-0.472574204,0
11.04363442,4.523001194000244,1,-2.788796425,1,-3.833308697,1,1.412949085235596,1,4.504051685333252,1,-3.525663376,1,-0.017590143,0,-0.913336754,0,-0.496049792,0
11.04763413,3.962705612182617,1,-2.275992155,1,-3.91400671,1,1.435264468193054,1,4.733037948608398,1,-3.706719875,1,0.006637618,0,-0.894934535,0,-0.519612491,0
11.05164051,3.422488451004028,1,-1.266422272,1,-3.96435976,1,1.445152163505554,1,4.935135364532471,1,-3.841298342,1,0.030429544,0,-0.875316501,0,-0.54290235,0
11.05564499,2.795870780944824,1,-0.340004176,1,-4.141970158,1,1.494695782661438,1,5.131738662719727,1,-3.926990747,1,0.053523973,0,-0.854542375,0,-0.565539718,0
11.0596447,2.169124126434326,1,0.187762976,1,-4.349538326,1,1.585433483123779,1,5.343172073364258,1,-3.949217558,1,0.075835876,0,-0.832608163,0,-0.587171495,0
11.06364632,1.327208280563354,1,0.7948318123817444,1,-4.844902992,1,1.695331454277039,1,5.545850754,1,-3.919476748,1,0.097235821,0,-0.809558451,0,-0.607437789,0
11.06764412,0.3047008216381073,1,1.130767226219177,1,-5.419565678,1,1.784801006317139,1,5.758230209350586,1,-3.859774828,1,0.1175625249743462,0,-0.785416663,0,-0.626101613,0
11.07164383,-0.711635709,1,1.079807043075562,1,-5.895874977,1,1.852522373199463,1,5.979895592,1,-3.780565262,1,0.1367364376783371,0,-0.760197163,0,-0.643123686,0
11.07564545,-1.567785382,1,0.7829691171646118,1,-6.240358829,1,1.876387000083923,1,6.212977886199951,1,-3.676150084,1,0.1545977294445038,0,-0.733903289,0,-0.658416271,0
11.07964325,-2.20464015,1,0.2227309793233871,1,-6.603003025,1,1.851387619972229,1,6.451839923858643,1,-3.558184624,1,0.1710070222616196,0,-0.706559181,0,-0.671965241,0
11.08364296,-2.73541522,1,-0.567975879,1,-6.913477898,1,1.758630514144897,1,6.697399139404297,1,-3.426173925,1,0.1857748180627823,0,-0.678208709,0,-0.683767319,0
11.08764362,-3.09692049,1,-1.121281266,1,-7.314069271,1,1.613887667655945,1,6.945704936981201,1,-3.290964365,1,0.1987709850072861,0,-0.648856878,0,-0.69389075,0
11.09164143,-3.443911314,1,-1.289862514,1,-7.786025047,1,1.446737885475159,1,7.182632446289063,1,-3.153621912,1,0.2099490463733673,0,-0.618571341,0,-0.7024405,0
11.09564114,-3.686367989,1,-1.063241005,1,-8.309407234,1,1.298984169960022,1,7.414631843566895,1,-3.032456398,1,0.2194763720035553,0,-0.587411702,0,-0.70955646,0
11.09964275,-3.823575258,1,-0.622829318,1,-8.773917198,1,1.197476267814636,1,7.616924285888672,1,-2.919688702,1,0.2276340574026108,0,-0.55545038,0,-0.715426922,0
11.10364056,-3.990668535,1,0.024681712,1,-9.254247665,1,1.139207720756531,1,7.795612335205078,1,-2.818822145,1,0.234752744,0,-0.522811234,0,-0.72020781,0
11.10763931,-4.222913265,1,0.8475997447967529,1,-9.606692314,1,1.143102169036865,1,7.964659690856934,1,-2.731330633,1,0.2411738187074661,0,-0.489557356,0,-0.724049747,0
11.11164093,-4.321364403,1,1.575130939483643,1,-9.968715668,1,1.210961222648621,1,8.101842880249023,1,-2.668082952,1,0.2472564876079559,0,-0.455760032,0,-0.727095962,0
11.11563873,-4.338697433,1,2.184419631958008,1,-10.30926895,1,1.337231755256653,1,8.214603424072266,1,-2.609678507,1,0.253347784,0,-0.421518743,0,-0.729452789,0
11.11963844,-4.390983105,1,2.539238929748535,1,-10.59655571,1,1.508579254150391,1,8.309947014,1,-2.546648026,1,0.2597118616104126,0,-0.386931986,0,-0.731175363,0
11.12364006,-4.23695755,1,2.718448638916016,1,-11.10704517,1,1.695235967636108,1,8.374842643737793,1,-2.48165226,1,0.2665188908576965,0,-0.352084816,0,-0.732293189,0
11.12763786,-4.50330019,1,2.591629505157471,1,-11.3293314,1,1.911249995231628,1,8.425166130065918,1,-2.38769412,1,0.2738820612430573,0,-0.317124069,0,-0.732751846,0
11.13163757,-5.321212292,1,2.142464160919189,1,-11.69178104,1,2.146416425704956,1,8.491518020629883,1,-2.292594671,1,0.2819060087203979,0,-0.282013446,0,-0.732462704,0
11.13563919,-5.871628761,1,1.791871547698975,1,-12.04308033,1,2.372108459472656,1,8.543498039245605,1,-2.203596592,1,0.2906766831874847,0,-0.246772632,0,-0.731432676,0
11.13963699,-6.250787735,1,1.339009881019592,1,-12.45906925,1,2.569700717926025,1,8.586326599121094,1,-2.125230789,1,0.3001752495765686,0,-0.211470023,0,-0.72969985,0
11.1436367,-6.912239552,1,1.073746562004089,1,-12.98960114,1,2.739876032,1,8.610688209533691,1,-2.065948963,1,0.3103471994400024,0,-0.176153392,0,-0.727310896,0
11.14763737,-7.769625664,1,0.8538634777069092,1,-13.20868015,1,2.888360977172852,1,8.648013114929199,1,-2.022732735,1,0.3211332857608795,0,-0.140805438,0,-0.724319339,0
11.15163517,-9.179920197,1,0.5489614605903625,1,-12.55729485,1,3.032014131546021,1,8.725516319274902,1,-1.980701804,1,0.3325340151786804,0,-0.105334438,0,-0.720724702,0
11.15563488,-10.39709568,1,-0.849645197,1,-12.59135342,1,3.158083200454712,1,8.778980255126953,1,-1.932659149,1,0.3445554077625275,0,-0.069672391,0,-0.716454029,0
11.15963745,-10.59524632,1,-1.252682567,1,-13.09627247,1,3.280298471450806,1,8.781167984008789,1,-1.86558497,1,0.3571814298629761,0,-0.034081802,0,-0.711510777,0
11.1636343,-11.31646729,1,-0.874153733,1,-13.47320271,1,3.432416200637817,1,8.784223556518555,1,-1.794963598,1,0.3704994320869446,0,0.001349032,0,-0.705842495,0
11.16763401,-11.9350214,1,-1.113404155,1,-13.85021114,1,3.625892162322998,1,8.78775692,1,-1.749774456,1,0.3847446739673615,0,0.036624774,0,-0.699464023,0
11.17163563,-12.22712326,1,-1.868857622,1,-14.02556992,1,3.791709184646606,1,8.791345596313477,1,-1.74355185,1,0.3999733924865723,0,0.07177718,0,-0.692456722,0
11.17563915,-12.46777821,1,-3.346667528,1,-14.2499752,1,3.886734724,1,8.793019295,1,-1.767732501,1,0.4160130620002747,0,0.1068422272801399,0,-0.684914052,0
11.17963982,-12.78243065,1,-5.006062508,1,-14.694561,1,3.908379316329956,1,8.794310569763184,1,-1.845182538,1,0.432607889,0,0.1418671309947968,0,-0.67694062,0
11.18364048,-13.33510303,1,-5.753560066,1,-15.19220543,1,3.844884634017944,1,8.793047904968262,1,-1.986224771,1,0.4494399130344391,0,0.1769364178180695,0,-0.668734014,0
11.18763828,-13.51723766,1,-5.790049076,1,-15.8321085,1,3.727694272994995,1,8.792679786682129,1,-2.1783216,1,0.4661765098571777,0,0.2121622562408447,0,-0.660494864,0
11.19163799,-13.46173382,1,-5.145970821,1,-16.75545883,1,3.635618925094604,1,8.791715621948242,1,-2.386135101,1,0.4827496707439423,0,0.2476152777671814,0,-0.652332425,0
11.19563961,-13.64780331,1,-4.22120285,1,-17.66403008,1,3.638447284698486,1,8.793407440185547,1,-2.593969584,1,0.4993983209133148,0,0.2833226323127747,0,-0.644246995,0
11.19963741,-14.49046516,1,-3.269004583,1,-18.58052444,1,3.747998952865601,1,8.796027183532715,1,-2.798486233,1,0.5165329575538635,0,0.3193062543869019,0,-0.636200428,0
11.20363712,-16.23334694,1,-2.156727314,1,-19.340662,1,3.932862997055054,1,8.749765396118164,1,-3.008344412,1,0.5345176458358765,0,0.3555144667625427,0,-0.628182292,0
11.20763874,-18.14598846,1,-1.99616766,1,-19.78791046,1,4.138350963592529,1,8.689746856689453,1,-3.222332478,1,0.5535484552383423,0,0.3917971551418304,0,-0.620253503,0
11.21163654,-19.48729134,1,-3.005782843,1,-19.95580673,1,4.326629638671875,1,8.641964912414551,1,-3.436374426,1,0.5736512541770935,0,0.4282156527042389,0,-0.612322748,0
11.21563625,-20.49998283,1,-4.270273685,1,-19.89990807,1,4.444937229156494,1,8.574913024902344,1,-3.627279282,1,0.5946636199951172,0,0.4647313058376312,0,-0.604330599,0
11.21963692,-21.61822128,1,-5.253587723,1,-19.89800644,1,4.469416618347168,1,8.486809730529785,1,-3.829499006,1,0.6162699460983276,0,0.5012837648391724,0,-0.596245468,0
11.22363472,-22.69974709,1,-5.860153675,1,-19.87935066,1,4.404095649719238,1,8.379735946655273,1,-4.026146889,1,0.6380889415740967,0,0.5378198623657227,0,-0.588093042,0
11.22763443,-24.04537392,1,-6.889388084,1,-19.9448452,1,4.261082649230957,1,8.259858131408691,1,-4.21601963,1,0.6597660183906555,0,0.5743100047111511,0,-0.579874635,0
11.23163605,-25.54003143,1,-7.596991539,1,-19.61305618,1,4.035084247589111,1,8.102801322937012,1,-4.374102116,1,0.6809988617897034,0,0.6106446981430054,0,-0.571612537,0
11.23563385,-27.3449955,1,-8.612222672,1,-19.13146591,1,3.768993139266968,1,7.902011394500732,1,-4.479351044,1,0.7015368938446045,0,0.646605372,0,-0.563260078,0
11.23963356,-29.37631798,1,-9.410977364,1,-18.13292122,1,3.457854270935059,1,7.639155387878418,1,-4.546786308,1,0.7212044,0,0.6819586753845215,0,-0.554835975,0
11.24363422,-31.50764656,1,-9.064705849,1,-16.67228127,1,3.095838547,1,7.302746772766113,1,-4.573013306,1,0.7397172451019287,0,0.7164090275764465,0,-0.546508729,0
11.24763203,-33.7161026,1,-6.91951561,1,-15.59781075,1,2.853015422821045,1,6.876646518707275,1,-4.596832275,1,0.7568947076797485,0,0.7496827840805054,0,-0.538610101,0
11.25163174,-35.69872284,1,-2.148913145,1,-14.66121674,1,2.738501310348511,1,6.334569454193115,1,-4.6401124,1,0.7728222608566284,0,0.7815527319908142,0,-0.5316962,0
11.25563431,-37.86650467,1,4.383833885192871,1,-13.79006958,1,2.892116785049438,1,5.701055526733398,1,-4.709165573,1,0.7877296209335327,0,0.8118192553520203,0,-0.526473284,0
11.25963116,-40.96054077,1,8.738407135009766,1,-12.27995491,1,3.330628156661987,1,5.127785682678223,1,-4.74729538,1,0.8024981021881104,0,0.8404760956764221,0,-0.523229599,0
11.26363182,-44.95589066,1,9.541898727416992,1,-10.05908203,1,3.865195512771606,1,4.643718719482422,1,-4.747840405,1,0.8181033134460449,0,0.867694616,0,-0.521644533,0
11.26763344,-48.4458313,1,6.483326435089111,1,-6.933465481,1,4.163356781005859,1,4.244195938110352,1,-4.67363596,1,0.8345768451690674,0,0.8935949802398682,0,-0.521219313,0
11.27163124,-50.06027985,1,1.244416952133179,1,-2.641626596,1,4.043094158172607,1,3.921702385,1,-4.504376411,1,0.8510584831237793,0,0.9181808233261108,0,-0.521279156,0
11.27563,-49.13516998,1,-2.333995819,1,0.9547744989395142,1,3.524569034576416,1,3.520532608032227,1,-4.260804653,1,0.866020143,0,0.9412068724632263,0,-0.52159673,0
11.27963162,-45.72371674,1,-0.286012858,1,3.371961832046509,1,2.796893597,1,2.939365148544312,1,-4.036062717,1,0.9790377616882324,0,0.9017122983932495,0,-0.255441576,0
11.28362942,-44.54934311,1,5.024167060852051,1,5.854854106903076,1,2.093261003494263,1,2.239719867706299,1,-3.879271746,1,0.9886041879653931,0,0.9206057786941528,0,-0.255685985,0
11.28762913,-44.9556427,1,9.349747657775879,1,7.605662346,1,1.573966742,1,1.618710517883301,1,-3.731592178,1,0.9933608770370483,0,0.9375730156898499,0,-0.25887087,0
11.29162979,-45.42988968,1,10.55231666564941,1,10.05475521087646,1,1.111806631088257,1,1.088244318962097,1,-3.570904016,1,0.9939398765563965,0,0.9527555108070374,0,-0.264761358,0
11.29563332,-44.58302689,1,10.57225894927979,1,12.22780418395996,1,0.6954955458641052,1,0.6096672415733337,1,-3.33564353,1,0.9907999634742737,0,0.9661747217178345,0,-0.273018122,0
11.29963303,-42.69691086,1,10.36513900756836,1,13.52526092529297,1,0.2448392510414124,1,0.1523185223340988,1,-3.08303237,1,0.984184742,0,0.9777362942695618,0,-0.283301592,0
11.30363464,-41.87659073,1,11.18962955474854,1,14.23417186737061,1,-0.146792918,1,-0.243244782,1,-2.782871246,1,0.9742752313613892,0,0.9873716235160828,0,-0.295424044,0
11.30763245,-41.68677521,1,11.49373435974121,1,14.11212158203125,1,-0.438711107,1,-0.552131593,1,-2.408196688,1,0.9620291590690613,0,0.9950187802314758,0,-0.308628261,0
11.31163216,-41.94439697,1,11.31600379943848,1,13.46653938293457,1,-0.647541583,1,-0.779626191,1,-1.954517484,1,0.9486129283905029,0,1.000616073608398,0,-0.321980715,0
11.31563282,-40.60138321,1,10.39403915405273,1,12.99627590179443,1,-0.808945775,1,-0.930269957,1,-1.445390582,1,0.9350902438163757,0,1.004101991653442,0,-0.334549189,0
11.31963062,-38.03691483,1,10.70438098907471,1,12.13347339630127,1,-0.91757828,1,-1.122191191,1,-1.014703751,1,0.9218376874923706,0,1.00557816,0,-0.34615168,0
11.32363033,-19.17718124,1,5.945485591888428,1,-0.623908639,1,-1.059502602,1,-1.47232008,1,-0.513930202,1,0.9085277318954468,0,1.005015612,0,-0.357261062,0
11.32763195,8.608821868896484,1,22.2082634,1,7.864838123321533,1,-1.55132997,1,-3.455638409,1,-0.190993443,1,0.8907678127288818,0,0.9999364614486694,0,-0.372038424,0
11.3316288,-75.51847839,1,8.427427291870117,1,34.55251312255859,1,-2.466116667,1,-4.896968365,1,0.6614403128623962,1,0.863645077,0,0.9881549477577209,0,-0.39551267,0
11.33562851,-16.41475868,1,-18.14603043,1,24.55905914306641,1,-3.472528934,1,-4.900866508,1,0.7205780744552612,1,0.8324671387672424,0,0.9735618233680725,0,-0.417918563,0
11.33963013,12.18027400970459,1,6.610931396484375,1,-1.927819014,1,-3.612980843,1,-7.23197031,1,1.001992702484131,1,0.7961275577545166,0,0.9545798301696777,0,-0.44496277,0
11.34362793,-17.94892311,1,1.847488880157471,1,-17.7398777,1,-4.060189247,1,-8.731461525,1,0.729619026,1,0.7529639005661011,0,0.929104745,0,-0.4791058,0
11.34762764,2.471490621566772,1,21.46021461486816,1,-51.82081223,1,-1.74042511,1,-8.27263546,1,0.8534426093101501,1,0.7147942781448364,0,0.9015074968338013,0,-0.51252383,0
11.35163021,15.49111652374268,1,3.230471611022949,1,-65.06311035,1,-1.53227067,1,-8.752223969,1,1.252468585968018,1,0.6844743490219116,0,0.8725457191467285,0,-0.542941093,0
11.35562706,21.06257247924805,1,9.601909637451172,1,-72.55934143,1,0.2665511667728424,1,-8.720086098,1,2.208329916000366,1,0.6639633178710938,0,0.8408249616622925,0,-0.567756355,0
11.35962772,-47.4478569,1,2.010359525680542,1,-51.58585358,1,-0.238453984,1,-8.735812187,1,2.932185173034668,1,0.6497707366943359,0,0.8070583939552307,0,-0.587441266,0
11.36362934,-68.2841568,1,5.225396156311035,1,-36.61563492,1,-0.612746119,1,-8.750105858,1,4.050992965698242,1,0.6381257176399231,0,0.7706426978111267,0,-0.601269364,0
11.36762714,-48.13126373,1,5.531807422637939,1,-33.56971741,1,-0.824984252,1,-8.754828453,1,4.188328266143799,1,0.6284726858139038,0,0.7325159311294556,0,-0.611163199,0
11.37162685,-54.8453064,1,1.929111719,1,-23.16029167,1,-0.611566067,1,-8.542844772,1,3.722912788391113,1,0.619275689,0,0.6950209140777588,0,-0.621046066,0
11.37562847,-62.47585297,1,-1.098921537,1,-12.69996738,1,-0.229774922,1,-6.975083828,1,3.061759948730469,1,0.611802876,0,0.6616058349609375,0,-0.630106568,0
11.37962627,-37.91165543,1,-16.48338699,1,-5.107791424,1,-0.494726926,1,-5.555372238,1,2.971246957778931,1,0.6074590682983398,0,0.6346495151519775,0,-0.635460258,0
11.38362503,-30.41796684,1,-11.85212994,1,6.945670127868652,1,-0.974699557,1,-4.941281319,1,3.062269687652588,1,0.6026055812835693,0,0.6101399660110474,0,-0.638452888,0
11.38762665,-24.72776794,1,-8.280143738,1,-2.395566225,1,-1.193044543,1,-4.444135189,1,3.102639436721802,1,0.5980696082115173,0,0.5879433751106262,0,-0.63863343,0
11.39162445,-28.31855011,1,-15.74036598,1,-7.794719696,1,-1.596516013,1,-3.661682606,1,2.833184957504272,1,0.5931287407875061,0,0.5675157308578491,0,-0.637803435,0
11.39562416,-27.76092529,1,-16.45393181,1,-12.60807896,1,-2.108707666,1,-2.725128174,1,2.099877595901489,1,0.5863339304924011,0,0.5514256358146667,0,-0.636553884,0
11.39962578,-35.09643936,1,-7.030992031,1,-6.011711121,1,-2.194532633,1,-1.756018996,1,1.650587558746338,1,0.5783368945121765,0,0.5400207042694092,0,-0.634937644,0
11.40362358,-19.93138313,1,4.214227199554443,1,-7.757236004,1,-1.752017021,1,-1.140851736,1,1.525809884,1,0.5717442035675049,0,0.5317705273628235,0,-0.632459998,0
11.40762234,-9.002540588,1,4.917631626,1,-12.93352413,1,-1.500115156,1,-0.817097247,1,1.616794825,1,0.5671677589416504,0,0.5251271724700928,0,-0.628718495,0
11.41162396,-7.520843983,1,-1.213145137,1,-13.0242281,1,-1.306441903,1,-0.637485266,1,1.591098666191101,1,0.5638046264648438,0,0.5192719101905823,0,-0.624244094,0
11.41562748,-5.205823421,1,-14.81566525,1,-9.779795647,1,-1.399365783,1,-0.67903918,1,1.462276101112366,1,0.5606387853622437,0,0.5138249397277832,0,-0.619878054,0
11.41962719,0.7394519448280334,1,-16.86983299,1,-9.042898178,1,-1.762185693,1,-0.848864138,1,1.545405268669128,1,0.5562466979026794,0,0.5081097483634949,0,-0.615960002,0
11.42362976,-2.82631278,1,-9.922399521,1,-11.58211517,1,-2.030136585,1,-0.923362792,1,1.734779477119446,1,0.5506871938705444,0,0.5015864372253418,0,-0.611721039,0
11.42762661,-3.68083334,1,-1.415910959,1,-9.961847305,1,-2.074078321,1,-1.010958791,1,1.711190462112427,1,0.5445314645767212,0,0.494674414,0,-0.607212365,0
11.43162537,-9.486102104,1,6.099875926971436,1,-8.422792435,1,-1.804418445,1,-0.995863259,1,1.472078204154968,1,0.5385692119598389,0,0.4878863990306854,0,-0.603360653,0
11.43562794,-11.84992027,1,8.439578056335449,1,-8.252268791,1,-1.375536561,1,-0.960888147,1,1.179806113243103,1,0.5334880948066711,0,0.481780082,0,-0.600484669,0
11.43962479,-8.464157104,1,3.994329214096069,1,-8.167387009,1,-1.10904181,1,-0.80331403,1,0.9678745865821838,1,0.5295608639717102,0,0.4767055511474609,0,-0.598318756,0
11.44362354,-4.220020294,1,-0.921268284,1,-9.227593422,1,-1.047957897,1,-0.691086233,1,0.9702141880989075,1,0.5261751413345337,0,0.4723981916904449,0,-0.596086383,0
11.44762611,-7.934394836,1,-2.433897734,1,-8.704866409,1,-1.020000339,1,-0.754423678,1,0.9629923701286316,1,0.5229824185371399,0,0.4679522514343262,0,-0.593962491,0
11.45162296,-9.691740036,1,-0.004114513,1,-8.720862389,1,-0.971141756,1,-0.670738399,1,0.9806806445121765,1,0.519972026,0,0.4635434150695801,0,-0.591780245,0
11.45562363,-5.432644844,1,-3.422620773,1,-8.463580132,1,-0.908541024,1,-0.677331686,1,0.9571973085403442,1,0.5172433853149414,0,0.4592834115028381,0,-0.589496493,0
11.45962524,-4.404184818,1,-5.169747353,1,-8.916708946,1,-1.007966042,1,-0.646227837,1,0.9436459541320801,1,0.5144397020339966,0,0.4550939500331879,0,-0.587288618,0
11.46362305,-5.184781551,1,1.315520048141479,1,-9.715595245,1,-0.98034811,1,-0.653028727,1,0.9083276391029358,1,0.5113711953163147,0,0.450970471,0,-0.585098207,0
11.46762276,-5.713344574,1,7.078192710876465,1,-10.71057701,1,-0.811081111,1,-0.640740693,1,0.7738006114959717,1,0.5085673928260803,0,0.4470901787281036,0,-0.583214521,0
11.47162437,-7.14353466,1,5.670669078826904,1,-9.205503464,1,-0.595524311,1,-0.620777547,1,0.6088455319404602,1,0.5063362717628479,0,0.4435320794582367,0,-0.581896603,0
11.47562218,-8.416735649,1,1.954119801521301,1,-7.38997364,1,-0.454475135,1,-0.567346811,1,0.4992181658744812,1,0.5046405792236328,0,0.4403772950172424,0,-0.581048191,0
11.47962093,-7.651476383,1,0.8082956075668335,1,-7.496668816,1,-0.397740424,1,-0.5089854,1,0.4295522570610046,1,0.5032168626785278,0,0.4375922679901123,0,-0.580401838,0
11.48362255,-6.908830643,1,-0.028050743,1,-7.89488554,1,-0.353479326,1,-0.460140526,1,0.3725448250770569,1,0.5019557476043701,0,0.4351119101047516,0,-0.579883993,0
11.48762035,-6.176301479,1,-1.703703165,1,-8.067336082,1,-0.364417076,1,-0.41700089,1,0.3457448482513428,1,0.5007193684577942,0,0.4329043626785278,0,-0.579421937,0
11.49162006,-6.581314087,1,-2.551576853,1,-8.051034927,1,-0.40920341,1,-0.381729305,1,0.3349074721336365,1,0.4993685483932495,0,0.4308372735977173,0,-0.578978539,0
11.49562073,-6.112402916,1,-2.571791172,1,-8.105808258,1,-0.485894263,1,-0.359020829,1,0.3397867679595947,1,0.4977826774120331,0,0.428897351,0,-0.578442156,0
11.49961853,-5.718893528,1,-1.874183416,1,-8.422252655,1,-0.516574025,1,-0.325302243,1,0.3175028264522552,1,0.496006191,0,0.4270632266998291,0,-0.577893913,0
11.50361824,-5.17667532,1,-1.277492046,1,-9.078384399,1,-0.542824686,1,-0.319833726,1,0.296979696,1,0.4941068887710571,0,0.425360382,0,-0.577363253,0
11.50761986,-4.767631531,1,-1.449113488,1,-9.276531219,1,-0.57390976,1,-0.344979972,1,0.3034905791282654,1,0.4920569062232971,0,0.4236389994621277,0,-0.576891184,0
11.51161766,-5.639111519,1,-1.45638752,1,-9.026215553,1,-0.593379796,1,-0.349928796,1,0.2972846925258636,1,0.4898950755596161,0,0.4218334257602692,0,-0.576455235,0
11.51561737,-5.453713894,1,-1.798885584,1,-8.974740982,1,-0.584509969,1,-0.351341248,1,0.3270682096481323,1,0.4877228140830994,0,0.4200320541858673,0,-0.575973392,0
11.51961899,-5.150825977,1,-3.422814131,1,-9.356586456,1,-0.600140452,1,-0.434401065,1,0.3812451958656311,1,0.4856002926826477,0,0.418010801,0,-0.57540679,0
11.52361679,-5.33866024,1,-3.814999342,1,-9.646845818,1,-0.679540038,1,-0.539046466,1,0.4509312510490417,1,0.4833028316497803,0,0.4154963791370392,0,-0.574792504,0
11.5276165,-5.190523624,1,-1.509382486,1,-10.34608459,1,-0.617027342,1,-0.592300236,1,0.5044360160827637,1,0.4809443950653076,0,0.4126092791557312,0,-0.574072719,0
11.53161812,-3.568210602,1,-2.297101974,1,-11.57561588,1,-0.567896485,1,-0.747335732,1,0.5545258522033691,1,0.5180468559265137,0,0.3875329196453094,0,-0.439101756,0
11.53562069,-3.718801498,1,-1.909398675,1,-12.04594135,1,-0.595887899,1,-0.916065276,1,0.5773127675056458,1,0.515821099,0,0.3835124373435974,0,-0.438763142,0
11.5396204,-3.743089199,1,0.093713358,1,-12.6430912,1,-0.485824347,1,-1.083215475,1,0.5883278250694275,1,0.513672411,0,0.378888726,0,-0.438698351,0
11.54362297,-3.64280653,1,-0.311580837,1,-13.72111702,1,-0.450077027,1,-1.311223745,1,0.5921688675880432,1,0.5117250084877014,0,0.3735533654689789,0,-0.439003408,0
11.54762077,-3.060881615,1,-0.478029311,1,-14.36514759,1,-0.47600773,1,-1.572658896,1,0.5675115585327148,1,0.5095736384391785,0,0.3674027323722839,0,-0.439849496,0
11.55161953,-4.194079399,1,0.022686232,1,-15.61084175,1,-0.472794592,1,-1.859502077,1,0.5800530314445496,1,0.5071564316749573,0,0.3602795302867889,0,-0.441291749,0
11.55562115,-2.600049973,1,-0.492327601,1,-15.70167923,1,-0.502792776,1,-2.189002752,1,0.5851953625679016,1,0.5045198798179626,0,0.3520742952823639,0,-0.443297148,0
11.55961895,-2.686989069,1,-0.784160197,1,-16.70583534,1,-0.489821017,1,-2.554614067,1,0.5903462171554565,1,0.5015873312950134,0,0.3426347374916077,0,-0.44597894,0
11.56361866,-2.483351231,1,-2.099731684,1,-16.2048893,1,-0.470803469,1,-2.840816021,1,0.6441015601158142,1,0.4986619651317596,0,0.3320160210132599,0,-0.449172467,0
11.56762028,-0.58886838,1,-2.612440109,1,-16.04581642,1,-0.530356228,1,-3.197922707,1,0.701337457,1,0.4955142438411713,0,0.3201121985912323,0,-0.452751637,0
11.57161808,-1.22554493,1,-1.952602863,1,-16.30669022,1,-0.535954475,1,-3.538892746,1,0.7659452557563782,1,0.4921334981918335,0,0.3068417608737946,0,-0.456760615,0
11.57561779,-0.913581669,1,-1.435663819,1,-15.39298725,1,-0.548717916,1,-3.855496168,1,0.8400132656097412,1,0.4886965155601501,0,0.2922797799110413,0,-0.461077273,0
11.57961845,-0.619997799,1,-1.64389658,1,-14.89521408,1,-0.553174317,1,-4.189387321,1,0.8920353651046753,1,0.4851829409599304,0,0.2764338254928589,0,-0.465714574,0
11.58361626,-1.807442188,1,-1.486853957,1,-14.69933987,1,-0.554363787,1,-4.495759964,1,0.9614295363426208,1,0.4816614091396332,0,0.2593165040016174,0,-0.470700026,0
11.58761597,-2.810013294,1,-1.355057955,1,-14.2227602,1,-0.565829694,1,-4.761418343,1,1.006893873214722,1,0.4781296849250793,0,0.2410586625337601,0,-0.475931257,0
11.59161758,-2.789234161,1,-0.394610256,1,-13.69686699,1,-0.513237715,1,-4.988353252,1,1.024141907691956,1,0.4747112393379211,0,0.2218595296144485,0,-0.4813914,0
11.59561539,-2.153169155,1,-0.138325214,1,-12.93249416,1,-0.44929114,1,-5.207809925,1,1.057756423950195,1,0.4715885519981384,0,0.2018113881349564,0,-0.487104863,0
11.5996151,-1.831917048,1,-0.791385591,1,-12.0849123,1,-0.404784113,1,-5.433156967,1,1.078631043434143,1,0.4687710702419281,0,0.1809080243110657,0,-0.493049085,0
11.60361576,-3.358463764,1,-1.066236138,1,-12.04755497,1,-0.418024033,1,-5.625841141,1,1.055139899253845,1,0.4660879075527191,0,0.1592071056365967,0,-0.49928239,0
11.60761356,-1.155012369,1,0.5629022121429443,1,-10.54027939,1,-0.353855431,1,-5.834969521,1,1.065975666046143,1,0.4635369181632996,0,0.1369686424732208,0,-0.505891085,0
11.61161327,-3.017109394,1,-0.946833014,1,-11.1986618,1,-0.381864995,1,-6.063142776,1,1.152564883232117,1,0.4612050652503967,0,0.1136066913604736,0,-0.512562931,0
11.61561489,-4.069369793,1,-0.139808968,1,-10.67034912,1,-0.387196362,1,-6.17252779,1,1.151299953460693,1,0.4589820504188538,0,0.089638956,0,-0.519344926,0
11.61961269,-5.266947746,1,-0.110564478,1,-10.72992134,1,-0.361201435,1,-6.303613663,1,1.138994216918945,1,0.4569347500801086,0,0.065207817,0,-0.526281059,0
11.6236124,-8.115367889,1,0.903465748,1,-10.53988171,1,-0.264577895,1,-6.347707748,1,1.120177507400513,1,0.4552909135818481,0,0.040494353,0,-0.533407807,0
11.62761402,-7.207765579,1,0.5933341383934021,1,-9.817257881,1,-0.161800146,1,-6.350132942,1,1.165816187858582,1,0.4542459845542908,0,0.015683735,0,-0.540446401,0
11.63161182,-6.510587215,1,-0.090310417,1,-9.761528969,1,-0.09843415,1,-6.404257774,1,1.222523212432861,1,0.4537138938903809,0,-0.009325901,0,-0.547342777,0
11.63561058,-8.063587189,1,0.6062287092208862,1,-9.947642326,1,-0.009166196,1,-6.445766449,1,1.222109079360962,1,0.4536182582378387,0,-0.034584604,0,-0.554203212,0
11.6396122,-10.9907589,1,1.767591238021851,1,-10.97174454,1,0.1591259837150574,1,-6.434530735,1,1.123393297195435,1,0.4542381763458252,0,-0.059818976,0,-0.561290145,0
11.64361,-11.96714592,1,2.783710241317749,1,-10.74945736,1,0.3398829102516174,1,-6.385144711,1,0.9793543815612793,1,0.4557574689388275,0,-0.08469341,0,-0.56878078,0
11.64760971,-11.60520077,1,2.706070184707642,1,-10.13992214,1,0.5257649421691895,1,-6.335269451,1,0.8420966863632202,1,0.4582679271697998,0,-0.109123319,0,-0.57679826,0
11.65161133,-12.48196411,1,2.567487001419067,1,-9.27767849,1,0.7130615711212158,1,-6.276521683,1,0.699589729,1,0.4617752730846405,0,-0.133114308,0,-0.585298061,0
11.65561581,-15.11866283,1,1.679588913917542,1,-8.878664017,1,0.8902771472930908,1,-6.091881752,1,0.630378783,1,0.4662590622901917,0,-0.156446561,0,-0.594123304,0
11.65961456,-16.3219738,1,0.7205140590667725,1,-7.563918591,1,1.007943034172058,1,-5.815170765,1,0.6422083973884583,1,0.4715144038200378,0,-0.178830251,0,-0.602754116,0
11.66361618,-14.93674469,1,-0.957050979,1,-5.72349453,1,0.9914881587028503,1,-5.560017109,1,0.6696161031723022,1,0.4771117568016052,0,-0.200263441,0,-0.610951304,0
11.66761398,-16.13771439,1,-3.892208815,1,-4.592431068,1,0.749720037,1,-5.300355911,1,0.7193447351455688,1,0.4822725653648376,0,-0.220812276,0,-0.618711472,0
11.67161369,-19.89443016,1,-4.017608166,1,-4.36342907,1,0.3376120626926422,1,-5.013544559,1,0.76973027,1,0.4861164689064026,0,-0.240467042,0,-0.62585938,0
11.67561531,-21.59469223,1,-4.778985023,1,-2.343008757,1,-0.225707024,1,-4.68913126,1,0.892075241,1,0.4879555106163025,0,-0.259159535,0,-0.632223368,0
11.67961311,-21.31926918,1,-4.437171459,1,-2.449671268,1,-0.819336653,1,-4.378093243,1,0.9166076183319092,1,0.4872988760471344,0,-0.27690202,0,-0.637679815,0
11.68361282,-22.89027214,1,-4.546133518,1,-2.416624308,1,-1.342308998,1,-4.028866291,1,0.7389853596687317,1,0.4844000339508057,0,-0.293323517,0,-0.642820716,0
11.68761444,-22.09872437,1,-6.430955887,1,-2.896105289,1,-1.877312183,1,-3.715719223,1,0.6300790309906006,1,0.4794664978981018,0,-0.308280766,0,-0.647770286,0
11.69161224,-23.72050095,1,-7.069872379,1,-4.685854435,1,-2.469700575,1,-3.444501162,1,0.4407153427600861,1,0.4722676575183868,0,-0.32200259,0,-0.652665973,0
11.695611,-22.9197216,1,-7.317174435,1,-5.959573269,1,-3.042267799,1,-3.255360365,1,0.2336126863956451,1,0.4629198610782623,0,-0.334550172,0,-0.657786608,0
11.69961262,-20.91924286,1,-4.299438953,1,-4.923167229,1,-3.452905893,1,-3.230989456,1,0.03988111,1,0.4516101777553558,0,-0.346359998,0,-0.663335621,0
11.70361137,-29.00272751,1,3.712924957275391,1,-9.875006676,1,-3.426126242,1,-2.849581242,1,-0.135235801,1,0.4398160874843597,0,-0.357395202,0,-0.669062138,0
11.70761108,-29.38466835,1,3.142591476,1,-13.2862072,1,-3.157505274,1,-2.300824642,1,-0.371148765,1,0.4286207556724548,0,-0.366312861,0,-0.67477411,0
11.71161175,-15.9778471,1,2.472976922988892,1,-12.78925419,1,-2.705046177,1,-1.980490088,1,-0.372995973,1,0.4187347292900085,0,-0.373375833,0,-0.679952264,0
11.71560955,-8.819578171,1,3.471873522,1,-12.14779568,1,-2.125189543,1,-2.119936943,1,-0.327436507,1,0.4108799993991852,0,-0.380260408,0,-0.684888721,0
11.71960926,-8.657969475,1,2.992030143737793,1,-12.24408436,1,-1.591931105,1,-2.335416555,1,-0.131782934,1,0.4052564203739166,0,-0.388075352,0,-0.689642727,0
11.72360992,-9.770652771,1,1.715565562,1,-13.1744442,1,-1.185739398,1,-2.449954748,1,0.1710826307535172,1,0.4012740552425385,0,-0.396930635,0,-0.693662107,0
11.72760773,-9.808901787,1,0.7161579728126526,1,-14.0190258,1,-0.874222994,1,-2.49757576,1,0.486943781,1,0.3982806801795959,0,-0.406565815,0,-0.69652158,0
11.73160744,-9.203999519,1,0.011932255,1,-14.33429813,1,-0.608440876,1,-2.511831522,1,0.7990253567695618,1,0.3959916830062866,0,-0.416814297,0,-0.698179603,0
11.73560906,-8.421792984,1,-0.233390003,1,-14.60558414,1,-0.403176546,1,-2.506963491,1,1.135801196098328,1,0.3941018581390381,0,-0.427572608,0,-0.698502183,0
11.73960686,-8.437999725,1,-0.437741816,1,-15.01984882,1,-0.236238644,1,-2.490090609,1,1.478024721,1,0.3923678994178772,0,-0.438815147,0,-0.69740659,0
11.74360657,-8.519128799,1,-0.811514616,1,-15.11198235,1,-0.126741573,1,-2.420667171,1,1.832823991775513,1,0.3905245661735535,0,-0.450426608,0,-0.694786072,0
11.74760819,-8.656971931,1,-1.13040626,1,-15.58469391,1,-0.038985834,1,-2.308942795,1,2.197726726531982,1,0.3882956802845001,0,-0.462234467,0,-0.690478325,0
11.75160599,-8.805903435,1,-1.188061833,1,-16.05595016,1,0.047362395,1,-2.156362772,1,2.583792209625244,1,0.3855417966842651,0,-0.474125504,0,-0.684332967,0
11.7556057,-9.030239105,1,-1.233505249,1,-16.5923996,1,0.115486242,1,-1.975690603,1,2.983946084976196,1,0.3821025788784027,0,-0.48596704,0,-0.676172078,0
11.75960827,-9.340257645,1,-1.156690598,1,-17.06112671,1,0.1834123283624649,1,-1.783443213,1,3.370325565338135,1,0.3778785467147827,0,-0.497689158,0,-0.665947258,0
11.76360512,-9.11256218,1,-1.130195618,1,-17.28023911,1,0.2390188574790955,1,-1.596415281,1,3.768885135650635,1,0.3727701306343079,0,-0.509209573,0,-0.65361017,0
11.76760483,-8.914196968,1,-1.320208192,1,-17.40453148,1,0.2883646786212921,1,-1.410749674,1,4.168853759765625,1,0.3666796982288361,0,-0.520539641,0,-0.639097571,0
11.77160645,-8.869626999,1,-2.017855883,1,-17.54923058,1,0.3201220631599426,1,-1.23137033,1,4.569443702697754,1,0.3595204949378967,0,-0.531680822,0,-0.622391343,0
11.77560997,-8.756315231,1,-3.268430471,1,-17.95607376,1,0.3093261420726776,1,-1.06985414,1,4.967706680297852,1,0.3511000871658325,0,-0.542631626,0,-0.603437483,0
11.77960968,-8.252916336,1,-4.769348621,1,-18.37835884,1,0.2369773089885712,1,-0.918681204,1,5.360927104949951,1,0.3544055819511414,0,-0.563586891,0,-0.499331206,0
11.7836113,-8.429240227,1,-6.444862366,1,-19.2865696,1,0.1117922514677048,1,-0.818250179,1,5.739943981170654,1,0.3425276875495911,0,-0.574419737,0,-0.475966364,0
11.7876091,-8.655690193,1,-7.497187614,1,-19.75444794,1,-0.091322169,1,-0.688425779,1,6.074717044830322,1,0.3286160826683044,0,-0.585044384,0,-0.450459182,0
11.79160881,-9.289403915,1,-7.952199936,1,-19.96203995,1,-0.340885758,1,-0.557055414,1,6.312111854553223,1,0.3125355243682861,0,-0.595221937,0,-0.423086524,0
11.79561043,-10.02961636,1,-8.764557838,1,-19.89585304,1,-0.641734004,1,-0.396158606,1,6.467351437,1,0.2942651212215424,0,-0.604690015,0,-0.394203037,0
11.79960823,-10.85511684,1,-9.748445511,1,-19.95780754,1,-0.999643922,1,-0.222454205,1,6.552777767181396,1,0.273803174,0,-0.613184512,0,-0.364142656,0
11.80360794,-11.14269352,1,-11.01472187,1,-19.77202988,1,-1.395431519,1,-0.012399836,1,6.605668067932129,1,0.2510733902454376,0,-0.620467365,0,-0.333124071,0
11.8076086,-10.97756481,1,-12.03014946,1,-19.54617882,1,-1.816341043,1,0.2028860151767731,1,6.610404014587402,1,0.2261079102754593,0,-0.626351655,0,-0.301378787,0
11.81160641,-10.85557079,1,-12.614398,1,-19.36950684,1,-2.228302002,1,0.3964335024356842,1,6.595852851867676,1,0.1990706920623779,0,-0.630747557,0,-0.269145161,0
11.81560612,-10.43706703,1,-12.75261021,1,-19.36867523,1,-2.621727467,1,0.5832480788230896,1,6.536478996276855,1,0.1701744347810745,0,-0.633642793,0,-0.236678332,0
11.81960774,-10.0960741,1,-12.48972511,1,-19.24351501,1,-2.979619026,1,0.7532198429107666,1,6.437987327575684,1,0.1397868096828461,0,-0.635016441,0,-0.204329267,0
11.82360554,-9.792969704,1,-12.39869881,1,-19.11920738,1,-3.288478136,1,0.939702034,1,6.306375026702881,1,0.1082916334271431,0,-0.63481915,0,-0.17238456,0
11.82760525,-9.692792892,1,-12.11230659,1,-19.15771103,1,-3.550581932,1,1.121688842773438,1,6.140059947967529,1,0.076097548,0,-0.633009434,0,-0.141141891,0
11.83160591,-9.719194412,1,-11.85099697,1,-19.20374298,1,-3.749242544,1,1.309699177742004,1,5.918023109436035,1,0.043668862,0,-0.629592836,0,-0.110955216,0
11.83560467,-9.963644028,1,-11.85819626,1,-19.21762466,1,-3.900647163,1,1.508596420288086,1,5.671839237213135,1,0.01144543,0,-0.624607325,0,-0.082138173,0
11.83960342,-9.863170624,1,-11.91428852,1,-19.26523399,1,-4.014571667,1,1.709641337394714,1,5.423326015472412,1,-0.020267237,0,-0.618075132,0,-0.054874122,0
11.84360504,-9.61609745,1,-12.5008707,1,-19.31246567,1,-4.108156204,1,1.920439243,1,5.172983646392822,1,-0.051271491,0,-0.610071659,0,-0.029284269,0
11.84760284,-9.284262657,1,-13.30302525,1,-19.09739876,1,-4.20764637,1,2.159679651260376,1,4.907330513000488,1,-0.081444077,0,-0.600589097,0,-0.005473647,0
11.85160255,-8.840622902,1,-14.02157688,1,-18.69174385,1,-4.325032234,1,2.408872365951538,1,4.614650249481201,1,-0.110755131,0,-0.589675307,0,0.016368777,0
11.85560417,-8.217178345,1,-14.64794064,1,-17.98591995,1,-4.469858646,1,2.663197517,1,4.309137344360352,1,-0.139191091,0,-0.577385306,0,0.036070127,0
11.85960102,-7.64484024,1,-15.43593025,1,-17.13874817,1,-4.633595943,1,2.930241823196411,1,3.998235940933228,1,-0.166846573,0,-0.563811541,0,0.053554177,0
11.86360073,-7.405124664,1,-15.73153114,1,-16.22509766,1,-4.802162647,1,3.211683273,1,3.676178932189941,1,-0.193743765,0,-0.548979282,0,0.06873998,0
11.8676033,-7.351788044,1,-15.8613987,1,-15.18005753,1,-4.949763298,1,3.516896248,1,3.357207298278809,1,-0.219874993,0,-0.532921374,0,0.081583083,0
11.87160111,-7.128684044,1,-15.74216938,1,-13.999506,1,-5.071233273,1,3.847807645797729,1,3.049097299575806,1,-0.245174453,0,-0.515645683,0,0.092069581,0
11.87560082,-6.716587543,1,-15.48535824,1,-13.00814056,1,-5.154870987,1,4.172952651977539,1,2.735807180404663,1,-0.269582748,0,-0.497183949,0,0.1001901626586914,0
11.87960243,-6.367928505,1,-14.97337818,1,-11.77018261,1,-5.193113804,1,4.510999202728271,1,2.434570550918579,1,-0.293014884,0,-0.477630258,0,0.105993778,0
11.88360024,-5.679550171,1,-14.09082317,1,-10.9988327,1,-5.158012867,1,4.816464900970459,1,2.147977828979492,1,-0.315321952,0,-0.457090497,0,0.1095208525657654,0
11.88759995,-5.176012993,1,-12.92586803,1,-10.22475243,1,-5.040278435,1,5.110224247,1,1.862233757972717,1,-0.3363415,0,-0.435709447,0,0.1108996048569679,0
11.89160156,-4.896938801,1,-11.69573307,1,-9.575109482,1,-4.809734821,1,5.395181655883789,1,1.573727846,1,-0.355763495,0,-0.413619995,0,0.1101578250527382,0
11.89560509,-5.007131577,1,-10.69804478,1,-8.997215271,1,-4.481463909,1,5.670008659362793,1,1.299649596214294,1,-0.373302698,0,-0.390897691,0,0.1074040979146957,0
11.8996048,-5.697050095,1,-9.929251671,1,-8.579772949,1,-4.052507401,1,5.924873828887939,1,1.034953236579895,1,-0.388674706,0,-0.367637336,0,0.1027770861983299,0
11.90360546,-6.6547122,1,-9.400413513,1,-8.298906326,1,-3.57170105,1,6.185451984405518,1,0.768071711,1,-0.401708812,0,-0.343894541,0,0.096375778,0
11.90760326,-7.646317482,1,-9.364159584,1,-7.873193741,1,-3.075505257,1,6.452912807,1,0.5046262145042419,1,-0.412362218,0,-0.319676518,0,0.088260174,0
11.91160297,-8.448359489,1,-10.08877563,1,-7.330512047,1,-2.604031801,1,6.710194588,1,0.2551721334457397,1,-0.420769572,0,-0.294993937,0,0.078529067,0
11.91560364,-8.917811394,1,-11.46644497,1,-6.674402714,1,-2.189858913,1,6.958962440490723,1,0.037168305,1,-0.427218705,0,-0.269833356,0,0.067352712,0
11.91960144,-9.198900223,1,-13.07289886,1,-6.054181099,1,-1.872570872,1,7.17779541,1,-0.148206159,1,-0.432166994,0,-0.244226217,0,0.054969754,0
11.92360115,-9.305875778,1,-14.68606281,1,-5.512682915,1,-1.661477566,1,7.358773708343506,1,-0.30662939,1,-0.436131239,0,-0.218218848,0,0.041536443,0
11.92760277,-9.590967178,1,-15.83207321,1,-5.082045555,1,-1.539334655,1,7.511550903320313,1,-0.453701109,1,-0.43959713,0,-0.191924945,0,0.027246818,0
11.93160057,-10.15102482,1,-16.60279846,1,-4.662571907,1,-1.46660614,1,7.623313903808594,1,-0.569770277,1,-0.442931414,0,-0.165429577,0,0.012227778,0
11.93560028,-10.86820126,1,-16.8509655,1,-4.490316868,1,-1.417880774,1,7.731926441192627,1,-0.666172802,1,-0.446336269,0,-0.138766304,0,-0.003389277,0
11.93960285,-11.74448299,1,-16.73127747,1,-4.334786415,1,-1.358670473,1,7.834351539611816,1,-0.766644478,1,-0.449868232,0,-0.111951292,0,-0.019578496,0
11.9435997,-12.59958935,1,-16.57722282,1,-4.351489067,1,-1.273660779,1,7.938437938690186,1,-0.880541205,1,-0.453495592,0,-0.08500085,0,-0.036389325,0
11.94759941,-13.39171219,1,-16.38140106,1,-4.51506567,1,-1.160255075,1,8.037133217,1,-1.017544985,1,-0.457112432,0,-0.057974059,0,-0.053894758,0
11.95160103,-14.19058895,1,-16.10414886,1,-4.845311642,1,-1.015143275,1,8.134707450866699,1,-1.177734017,1,-0.460659564,0,-0.030907104,0,-0.072165385,0
11.95559788,-14.77390862,1,-15.80383015,1,-5.155241013,1,-0.853821993,1,8.231764793395996,1,-1.366407514,1,-0.464086771,0,-0.003882641,0,-0.091313429,0
11.95959854,-15.48103619,1,-15.63642693,1,-5.348562241,1,-0.673821688,1,8.324067115783691,1,-1.573337555,1,-0.467342913,0,0.023065919,0,-0.111433588,0
11.96360016,-16.10707474,1,-15.43615532,1,-5.520675182,1,-0.475933492,1,8.407265663146973,1,-1.806218386,1,-0.47041139,0,0.04985521,0,-0.132590801,0
11.96759796,-16.66466141,1,-15.25550842,1,-5.589855194,1,-0.258412629,1,8.488807678222656,1,-2.047645569,1,-0.473290682,0,0.076453216,0,-0.154862657,0
11.97159767,-16.81785011,1,-15.44765949,1,-5.541148663,1,-0.04098805,1,8.559740067,1,-2.296647072,1,-0.475991458,0,0.1028218865394592,0,-0.17828083,0
11.97559929,-17.02101326,1,-15.59965038,1,-5.501527309,1,0.1739641427993774,1,8.602427483,1,-2.542244673,1,-0.478554845,0,0.1288645267486572,0,-0.202808172,0
11.97959709,-17.12187767,1,-15.73838806,1,-5.429623127,1,0.3635042011737823,1,8.614399909973145,1,-2.794123173,1,-0.481091768,0,0.1544922441244125,0,-0.228425652,0
11.9835968,-17.19880676,1,-16.18512154,1,-5.171618938,1,0.5231319069862366,1,8.601370811462402,1,-3.029796124,1,-0.483751029,0,0.1795869022607803,0,-0.255083799,0
11.98759747,-17.22491455,1,-16.44818306,1,-5.082418442,1,0.6537049412727356,1,8.557948112487793,1,-3.255351067,1,-0.486664265,0,0.2040910869836807,0,-0.282717377,0
11.99159527,-17.06997299,1,-16.55992699,1,-4.917417049,1,0.7710714936256409,1,8.493915557861328,1,-3.47578764,1,-0.489937633,0,0.2279081791639328,0,-0.311267644,0
11.99559498,-16.84311485,1,-16.61261749,1,-4.844917297,1,0.8820989727973938,1,8.390768051147461,1,-3.67391324,1,-0.49360013,0,0.2509282827377319,0,-0.34065479,0
11.9995966,-16.62053871,1,-16.46704865,1,-4.829926968,1,0.9887264966964722,1,8.259578704833984,1,-3.861330509,1,-0.497666687,0,0.2730596959590912,0,-0.370781958,0
12.0035944,-16.4133625,1,-16.22121048,1,-4.879028797,1,1.101040720939636,1,8.099487305,1,-4.037809372,1,-0.50211376,0,0.2942090034484863,0,-0.401555389,0
12.00759411,-16.1716938,1,-15.87232685,1,-5.043488503,1,1.219051361083984,1,7.920397281646729,1,-4.196282864,1,-0.506867111,0,0.3142990469932556,0,-0.432904929,0
12.01159573,-15.52684402,1,-15.31209946,1,-5.542444229,1,1.362840890884399,1,7.717427730560303,1,-4.345200539,1,-0.511842906,0,0.3332737982273102,0,-0.464736402,0
12.0155983,-14.98633862,1,-14.27765179,1,-5.983911991,1,1.539945125579834,1,7.500536441802979,1,-4.47083807,1,-0.516860068,0,0.3510949015617371,0,-0.49692291,0
12.01959801,-15.36960697,1,-13.24603081,1,-6.223883152,1,1.790129304,1,7.316717624664307,1,-4.577296257,1,-0.521650255,0,0.367841363,0,-0.529412389,0
12.02359867,-15.85043335,1,-12.56495762,1,-6.629131317,1,2.097945452,1,7.152029037475586,1,-4.677636147,1,-0.525912404,0,0.3836383819580078,0,-0.562211573,0
12.02759647,-16.02737045,1,-12.1849165,1,-7.314251423,1,2.413498878479004,1,7.004774570465088,1,-4.752929688,1,-0.529485345,0,0.3986011743545532,0,-0.595258594,0
12.03159618,-16.02396584,1,-12.07085419,1,-7.959199905,1,2.710559606552124,1,6.869236469268799,1,-4.801987171,1,-0.467553407,0,0.4225864410400391,0,-0.52018106,0
12.03559876,-15.96419621,1,-11.86356163,1,-8.320608139,1,3.008789539337158,1,6.767485618591309,1,-4.814984322,1,-0.469657272,0,0.4382270574569702,0,-0.552626848,0
12.0395956,-15.90502357,1,-11.61848831,1,-8.748678207,1,3.310881376266479,1,6.683099269866943,1,-4.790424347,1,-0.471032768,0,0.4534899890422821,0,-0.585124731,0
12.04359531,-15.81180191,1,-11.30653858,1,-9.478034973,1,3.626080513000488,1,6.62108326,1,-4.741436481,1,-0.471600294,0,0.4685326814651489,0,-0.617574692,0
12.04759789,-15.82905388,1,-11.09421539,1,-10.39285755,1,3.938088655471802,1,6.573013305664063,1,-4.67011404,1,-0.471288264,0,0.4834833145141602,0,-0.649922669,0
12.05159569,-16.47727776,1,-11.20228672,1,-11.31297112,1,4.255456447601318,1,6.550397872924805,1,-4.589467049,1,-0.470081568,0,0.4984577894210815,0,-0.682121396,0
12.05559444,-17.87211227,1,-11.20637321,1,-12.12686634,1,4.554399013519287,1,6.579559803009033,1,-4.531765938,1,-0.468033403,0,0.5136300921440125,0,-0.714278221,0
12.05959606,-19.47890091,1,-10.66954994,1,-12.79455566,1,4.805711269378662,1,6.635586738586426,1,-4.513782024,1,-0.465395987,0,0.529093325,0,-0.74660486,0
12.06359386,-20.72218704,1,-11.39427757,1,-13.15285492,1,4.982756614685059,1,6.729562759399414,1,-4.503612518,1,-0.462539643,0,0.5449159145355225,0,-0.779301047,0
12.06759358,-21.80826378,1,-12.69448566,1,-13.36689758,1,5.111316680908203,1,6.852831363677979,1,-4.509216785,1,-0.459749371,0,0.5612314939498901,0,-0.812461972,0
12.07159519,-23.05527115,1,-13.29627705,1,-13.68302345,1,5.160435199737549,1,6.940450668334961,1,-4.556372643,1,-0.457394749,0,0.5779568552970886,0,-0.846261621,0
12.075593,-23.51538086,1,-13.58817673,1,-14.11570168,1,5.109817981719971,1,6.978748798370361,1,-4.639455318,1,-0.455962241,0,0.5948429703712463,0,-0.88082689,0
12.07959271,-23.68165016,1,-14.08001614,1,-14.4437542,1,4.967532157897949,1,6.938322544,1,-4.75494051,1,-0.455849648,0,0.6115788817405701,0,-0.916172504,0
12.08359432,-24.23497581,1,-13.96411896,1,-14.87703991,1,4.797006130218506,1,6.854616165161133,1,-4.918200016,1,-0.457383037,0,0.6278325319290161,0,-0.952437818,0
12.08759213,-24.91054535,1,-12.93427372,1,-15.28539371,1,4.638307094573975,1,6.702671051025391,1,-5.144813538,1,-0.460687071,0,0.6432303190231323,0,-0.989786088,0
12.09159184,-25.68059158,1,-12.00866508,1,-15.56586933,1,4.504193782806396,1,6.503365993499756,1,-5.388498783,1,-0.465725273,0,0.6574687957763672,0,-1.028281093,0
12.0955925,-26.50525093,1,-11.47480679,1,-15.90980148,1,4.401857852935791,1,6.279343605041504,1,-5.66642189,1,-0.472399145,0,0.6702879667282104,0,-1.067998052,0
12.0995903,-27.36898994,1,-11.0039072,1,-16.09702492,1,4.336277008056641,1,6.026199340820313,1,-5.952986717,1,-0.480546355,0,0.6815072298049927,0,-1.108937979,0
12.10359001,-28.32430267,1,-10.24901104,1,-16.50091934,1,4.300643920898438,1,5.732048988342285,1,-6.262386322,1,-0.489962965,0,0.6909251809120178,0,-1.151050925,0
12.10759163,-29.45119095,1,-9.795490265,1,-16.53791046,1,4.285984992980957,1,5.420197486877441,1,-6.562744617,1,-0.500445843,0,0.6983641982078552,0,-1.194227934,0
12.11158943,-30.76234245,1,-9.382203102,1,-16.37269592,1,4.293985843658447,1,5.101723194122314,1,-6.847564697,1,-0.511713624,0,0.7037700414657593,0,-1.238286972,0
12.11558914,-32.18984985,1,-9.0731287,1,-16.1916008,1,4.305542469024658,1,4.757553577423096,1,-7.110808372,1,-0.523497999,0,0.7070984840393066,0,-1.282986403,0
12.11958981,-33.74408722,1,-8.485109329,1,-15.24070263,1,4.320687294006348,1,4.428630828857422,1,-7.341367245,1,-0.535552502,0,0.7083530426025391,0,-1.328049541,0
12.12358761,-34.30921936,1,-2.952988148,1,-13.04165077,1,4.346790790557861,1,4.044939994812012,1,-7.57869482,1,-0.54760772,0,0.7075432538986206,0,-1.373210192,0
12.12758732,-29.68379211,1,7.879409790039063,1,-15.29061508,1,4.684754848480225,1,3.322414636611938,1,-7.870455742,1,-0.558649957,0,0.7038345336914063,0,-1.417949557,0
12.13158894,-27.76031876,1,8.639138221740723,1,-13.29909801,1,5.173830509185791,1,2.783019065856934,1,-8.112268448,1,-0.567274332,0,0.6971263885498047,0,-1.461840272,0
12.13559151,-29.0735054,1,13.31982612609863,1,-13.93176651,1,5.702225208282471,1,2.021852016448975,1,-8.268598557,1,-0.572714865,0,0.6875060200691223,0,-1.50446558,0
12.13959122,-33.00764847,1,12.53666973114014,1,-11.48238659,1,6.179317474365234,1,1.506794691085815,1,-8.290287971,1,-0.574607015,0,0.6753815412521362,0,-1.545200229,0
12.14359379,-38.56996536,1,7.829351902008057,1,-9.601426125,1,6.461948394775391,1,1.138090133666992,1,-8.194484711,1,-0.573373437,0,0.6618887186050415,0,-1.584160805,0
12.14759159,-43.64380264,1,0.5424731969833374,1,-8.119604111,1,6.143208980560303,1,0.8759990334510803,1,-7.959466934,1,-0.57054317,0,0.6477349400520325,0,-1.62118125,0
12.1515913,-47.18767166,1,-7.309011936,1,-5.83634901,1,5.165403366088867,1,0.7053136229515076,1,-7.616893291,1,-0.568615973,0,0.6335791945457458,0,-1.656052232,0
12.15559292,-49.11170197,1,-11.56225014,1,-2.88586235,1,3.687129735946655,1,0.5706286430358887,1,-7.189632416,1,-0.569877923,0,0.619760275,0,-1.688563347,0
12.15959072,-49.50063705,1,-10.16771603,1,0.595076859,1,2.076728820800781,1,0.4618518054485321,1,-6.725299835,1,-0.575631499,0,0.606421947,0,-1.718554735,0
12.16358948,-47.72219849,1,-3.511432886,1,3.479832887649536,1,0.7260289192199707,1,0.3246712386608124,1,-6.246533394,1,-0.58557117,0,0.5935144424438477,0,-1.745912552,0
12.1675911,-44.76369476,1,4.353276252746582,1,6.261633873,1,-0.134554356,1,0.1363656222820282,1,-5.719595432,1,-0.598103583,0,0.5809396505355835,0,-1.770420194,0
12.1715889,-42.49094391,1,10.03379344940186,1,8.691563606262207,1,-0.493832797,1,-0.095551275,1,-5.102231026,1,-0.611051381,0,0.5687044262886047,0,-1.791722775,0
12.17558861,-40.09357452,1,11.86915683746338,1,10.84308624267578,1,-0.498153478,1,-0.360011578,1,-4.382803917,1,-0.622561216,0,0.5569841861724854,0,-1.809434652,0
12.17959023,-37.14205551,1,11.45788097381592,1,12.43063354492188,1,-0.329524398,1,-0.661559343,1,-3.606184244,1,-0.63146925,0,0.5459505915641785,0,-1.82323575,0
12.18358803,-35.03619003,1,10.52835941314697,1,12.96078681945801,1,-0.136506766,1,-0.982244849,1,-2.822898626,1,-0.637440085,0,0.5356879830360413,0,-1.833027005,0
12.18758678,-35.03104401,1,10.44402313232422,1,12.33341312408447,1,0.027524484,1,-1.24733758,1,-2.130012989,1,-0.640736163,0,0.5261937975883484,0,-1.839114785,0
12.1915884,-36.53371429,1,9.738990783691406,1,10.74878120422363,1,0.1700849235057831,1,-1.383855343,1,-1.519399405,1,-0.641860366,0,0.5175858736038208,0,-1.842186093,0
12.19558621,-37.19652939,1,7.810563564300537,1,8.973052978515625,1,0.2001447677612305,1,-1.419795036,1,-1.020717263,1,-0.641475439,0,0.5100601315498352,0,-1.842971802,0
12.19958592,-36.32191467,1,5.328980922698975,1,7.732921600341797,1,0.061797902,1,-1.408928752,1,-0.632032216,1,-0.640491784,0,0.5035555362701416,0,-1.842104912,0
12.20358753,-33.83558273,1,3.605345964431763,1,7.113313198,1,-0.227563828,1,-1.426343083,1,-0.354962766,1,-0.63978833,0,0.4978584945201874,0,-1.840038061,0
12.20758534,4.667227268218994,1,-0.548628867,1,-8.056578636,1,-0.86166954,1,-2.035309792,1,-0.085869536,1,-0.639989734,0,0.4921514093875885,0,-1.836436272,0
12.21158505,-21.8557682,1,3.668477296829224,1,9.973223686218262,1,-3.206034184,1,-3.898016453,1,-1.211658597,1,-0.645130813,0,0.4809631705284119,0,-1.830433369,0
12.21558571,-29.85823822,1,9.406676292419434,1,14.46407222747803,1,-3.354073524,1,-4.300045967,1,-1.019624949,1,-0.655753076,0,0.4649167358875275,0,-1.822985649,0
12.21958351,13.03833675384521,1,19.85962867736816,1,0.4797918498516083,1,-1.857814193,1,-4.741275787,1,-1.706442714,1,-0.662664533,0,0.447653055,0,-1.815631151,0
12.22358322,0.4674425423145294,1,17.57192039489746,1,-15.66340733,1,-2.003232002,1,-6.125135422,1,-2.232460976,1,-0.667186201,0,0.4255645573139191,0,-1.807887077,0
12.22758484,-7.322874069,1,23.02482986450195,1,-27.92358398,1,-1.243169785,1,-6.441637993,1,-2.324542522,1,-0.670002043,0,0.4000089168548584,0,-1.798383951,0
12.23158264,-6.502018452,1,22.53917694091797,1,-42.21576309,1,-0.684172511,1,-6.460444927,1,-1.988050103,1,-0.669695377,0,0.3742650151252747,0,-1.788483858,0
12.2355814,-2.509845495,1,21.5886116,1,-36.00672913,1,-0.539842725,1,-6.514784336,1,-1.173220396,1,-0.668353736,0,0.3499497771263123,0,-1.776881337,0
12.23958302,2.910064458847046,1,24.31044387817383,1,-37.04361343,1,0.5588462948799133,1,-6.878279686,1,0.1003550961613655,1,-0.663176,0,0.3276256918907166,0,-1.761290431,0
12.24358082,-26.8175869,1,31.23560905456543,1,-44.6631279,1,1.132583260536194,1,-7.133359909,1,1.523242235183716,1,-0.652922928,0,0.3071612417697906,0,-1.740069509,0
12.24758053,-37.19970703,1,33.01857757568359,1,-39.26532745,1,1.996106743812561,1,-6.331946373,1,2.289188146591187,1,-0.63945657,0,0.2903774380683899,0,-1.716688037,0
12.25158215,-44.30706787,1,17.36268997192383,1,-37.35398483,1,2.714927434921265,1,-5.384494781,1,2.758456230163574,1,-0.623636782,0,0.2772774696350098,0,-1.69370389,0
12.25557995,-45.5271759,1,-2.745470524,1,-29.57052231,1,2.888625860214233,1,-4.11097908,1,3.053372144699097,1,-0.606661618,0,0.2684969305992126,0,-1.672359824,0
12.25958633,-35.90818024,1,-20.17195892,1,-19.73662186,1,2.590922594070435,1,-2.752884388,1,2.829334735870361,1,-0.590724468,0,0.2639319896697998,0,-1.654236555,0
12.26358795,-19.88103104,1,-38.14057541,1,-5.290437222,1,1.832120537757874,1,-2.199607611,1,2.406939268112183,1,-0.577844858,0,0.2616794407367706,0,-1.639592648,0
12.26758575,-2.774020672,1,-41.26546097,1,5.719419479370117,1,0.7596318125724792,1,-2.771239281,1,2.103157043457031,1,-0.569304347,0,0.2583776116371155,0,-1.626475096,0
12.27158546,0.616039515,1,-26.17888641,1,2.522535562515259,1,-0.180048287,1,-3.367637157,1,1.993050575256348,1,-0.56465888,0,0.2523042559623718,0,-1.612318397,0
12.27558708,-2.994758129,1,-16.01753807,1,-3.785376549,1,-0.678977489,1,-3.603208065,1,1.637069582939148,1,-0.562898338,0,0.2443343698978424,0,-1.598245144,0
12.27958489,-17.31048012,1,-14.19143391,1,-7.741592407,1,-1.167049885,1,-3.094963074,1,1.344460725784302,1,-0.553228796,0,0.2601915299892426,0,-1.486758113,0
12.2835846,-30.46798706,1,0.2584661841392517,1,-12.55375004,1,-1.268167853,1,-1.889948845,1,1.442402362823486,1,-0.555620432,0,0.2544695436954498,0,-1.476378918,0
12.28758526,-33.39671707,1,20.04416465759277,1,-12.2771101,1,-0.561339617,1,-0.398739636,1,1.753261685371399,1,-0.557311654,0,0.2539544105529785,0,-1.468214273,0
12.29158306,-12.7039156,1,8.989973068237305,1,-7.975628376,1,-0.051252015,1,-0.070785396,1,1.791259766,1,-0.556601882,0,0.2572685182094574,0,-1.461645365,0
12.29558277,-3.346879005,1,-12.97165966,1,-5.399285316,1,-0.222372413,1,-0.300127238,1,1.351540684700012,1,-0.555498421,0,0.2599996626377106,0,-1.455596924,0
12.29958344,-5.55113554,1,-20.08351707,1,-5.969112873,1,-0.639285088,1,-0.496010035,1,0.9903271198272705,1,-0.555971026,0,0.2610665559768677,0,-1.450680971,0
12.30358124,-9.22723484,1,-16.00928116,1,-5.748418331,1,-0.947783232,1,-0.434437364,1,1.011433601379395,1,-0.557984829,0,0.2614608705043793,0,-1.446159959,0
12.30758095,-4.395534039,1,-5.93798399,1,-8.339977264,1,-1.190365434,1,-0.282065153,1,1.255445837974548,1,-0.561114967,0,0.2626980841159821,0,-1.44146657,0
12.31158257,-7.018240452,1,-1.26449573,1,-11.67155933,1,-1.166123271,1,-0.187104642,1,1.401863694190979,1,-0.564515769,0,0.2647587954998016,0,-1.436182022,0
12.31558037,-5.934424877,1,-1.924548149,1,-10.5196228,1,-1.053150058,1,-0.214110807,1,1.244893908500671,1,-0.567638338,0,0.2670187056064606,0,-1.4311589,0
12.31958008,-2.66626215,1,-3.455058098,1,-10.35649014,1,-0.999980927,1,-0.425087452,1,1.117594838142395,1,-0.570456505,0,0.2684741616249084,0,-1.426322937,0
12.32358074,-3.685530663,1,-3.013306618,1,-11.36722279,1,-1.010131598,1,-0.523893178,1,1.051008939743042,1,-0.573183,0,0.269195169,0,-1.421466231,0
12.32757855,-2.936784267,1,-2.656833649,1,-10.54457664,1,-1.000967741,1,-0.647373915,1,1.032219529151917,1,-0.575906515,0,0.2695322632789612,0,-1.416544795,0
12.33157826,-6.230448723,1,0.2799865007400513,1,-10.90840149,1,-0.932631493,1,-0.68399775,1,0.9968439936637878,1,-0.578431129,0,0.2694581747055054,0,-1.411470532,0
12.33557987,-7.548727512,1,1.153259277,1,-9.58121109,1,-0.830951691,1,-0.75082767,1,0.8718691468238831,1,-0.580734968,0,0.2690733969211578,0,-1.406597376,0
12.33957768,-7.142857075,1,1.074786305427551,1,-8.838668823,1,-0.754987895,1,-0.710036755,1,0.6878421902656555,1,-0.582698226,0,0.2683234512805939,0,-1.402241468,0
12.34357739,-6.396604061,1,2.430349588394165,1,-8.838518143,1,-0.651501417,1,-0.713278234,1,0.5948095917701721,1,-0.584516585,0,0.267338753,0,-1.398364305,0
12.34757805,-6.254617214,1,1.227136969566345,1,-8.116681099,1,-0.593440294,1,-0.64114356,1,0.4716264307498932,1,-0.58613956,0,0.2662783563137054,0,-1.394991517,0
12.35157585,-6.183905125,1,0.9175848364830017,1,-8.449583054,1,-0.532865286,1,-0.588273525,1,0.3963668644428253,1,-0.587600231,0,0.2651799321174622,0,-1.392099619,0
12.35557556,-7.158763885,1,1.590831875801086,1,-8.952685356,1,-0.472242117,1,-0.535554111,1,0.3129021525382996,1,-0.588922739,0,0.2640945315361023,0,-1.389567375,0
12.35957718,-6.046501637,1,-1.05261302,1,-8.380636215,1,-0.440628141,1,-0.480044961,1,0.2768547534942627,1,-0.590174496,0,0.2630507051944733,0,-1.387390852,0
12.36357498,-5.53264904,1,-3.619107723,1,-8.269290924,1,-0.46393171,1,-0.455104321,1,0.3101525604724884,1,-0.591443479,0,0.2621395885944366,0,-1.38531673,0
12.36757469,-6.621753216,1,-3.422227859,1,-8.525574684,1,-0.48939696,1,-0.437298745,1,0.3654992282390594,1,-0.592777252,0,0.2614044547080994,0,-1.383121848,0
12.37157726,-5.736727238,1,-2.323321581,1,-8.832375526,1,-0.4848212,1,-0.429076731,1,0.397954911,1,-0.594126523,0,0.2608440816402435,0,-1.380786419,0
12.37557411,-4.700588226,1,-2.556882381,1,-9.140295029,1,-0.510605216,1,-0.445191771,1,0.3999382853507996,1,-0.595473707,0,0.2602934241294861,0,-1.378407359,0
12.3795805,-4.675132275,1,-1.271771073,1,-9.392466545,1,-0.507471919,1,-0.482431322,1,0.3827338218688965,1,-0.596902907,0,0.2596412003040314,0,-1.375976086,0
12.38358212,-5.0000453,1,-1.143679857,1,-9.659183502,1,-0.522555709,1,-0.488500059,1,0.3629635870456696,1,-0.598349094,0,0.2588817179203033,0,-1.373575568,0
12.38757992,-4.826848507,1,-1.876671076,1,-9.493667603,1,-0.533607662,1,-0.507067263,1,0.3424062132835388,1,-0.599854171,0,0.2580260038375854,0,-1.371206522,0
12.39157963,-5.13973093,1,-2.518505096,1,-9.150450706,1,-0.574667871,1,-0.512618244,1,0.347272664,1,-0.60146755,0,0.2571189105510712,0,-1.368841767,0
12.39558029,-6.009120941,1,-2.124342918,1,-8.572003365,1,-0.615614831,1,-0.494764149,1,0.377348781,1,-0.603235126,0,0.2562662661075592,0,-1.366414428,0
12.39957809,-6.249904156,1,-1.626069427,1,-7.825173855,1,-0.616903067,1,-0.46179834,1,0.3866790235042572,1,-0.605088234,0,0.2555496990680695,0,-1.363975286,0
12.40357781,-5.744850159,1,-1.425530076,1,-8.000432014,1,-0.601491332,1,-0.430061758,1,0.3916699886322021,1,-0.606913328,0,0.2549835741519928,0,-1.361599326,0
12.40757942,-5.591684341,1,-0.588609755,1,-7.950482368,1,-0.590117216,1,-0.383754313,1,0.3778141140937805,1,-0.608745873,0,0.2545300424098969,0,-1.359328508,0
12.41157723,-5.253562927,1,0.018313756,1,-8.441706657,1,-0.555000722,1,-0.342830896,1,0.3573064208030701,1,-0.610490441,0,0.2541733086109161,0,-1.357223392,0
12.41557694,-4.859707355,1,-0.081614621,1,-8.881853104,1,-0.535309553,1,-0.341582239,1,0.3354330956935883,1,-0.612164617,0,0.2538537383079529,0,-1.355251074,0
12.4195776,-5.066968918,1,-0.128175363,1,-9.034967422,1,-0.491841346,1,-0.352933735,1,0.3281005918979645,1,-0.613757432,0,0.2534909248352051,0,-1.353321552,0
12.4235754,-5.049427032,1,-0.816259623,1,-9.00181675,1,-0.44155395,1,-0.38873589,1,0.3388865888118744,1,-0.615125716,0,0.2530526518821716,0,-1.351312876,0
12.42757511,-5.260943413,1,-2.414966106,1,-8.817577362,1,-0.439655423,1,-0.407908767,1,0.3536326289176941,1,-0.616353631,0,0.252555788,0,-1.349204659,0
12.43157673,-4.841198444,1,-3.341421366,1,-9.087542534,1,-0.499993235,1,-0.444722503,1,0.402973861,1,-0.617656291,0,0.2520517408847809,0,-1.346912384,0
12.43557453,-4.870312691,1,-2.183878183,1,-9.682786942,1,-0.510093451,1,-0.512719154,1,0.4379221200942993,1,-0.619086862,0,0.2514806687831879,0,-1.344364524,0
12.43957424,-4.149929047,1,-2.610758066,1,-10.3381443,1,-0.48224172,1,-0.589261472,1,0.4673978388309479,1,-0.620315075,0,0.2507515251636505,0,-1.341519356,0
12.44357586,-3.803476095,1,-2.486153364,1,-10.62980366,1,-0.567843854,1,-0.695010424,1,0.4871349632740021,1,-0.62165451,0,0.2497851103544235,0,-1.338375688,0
12.44757366,-4.246116161,1,-1.25459528,1,-11.47076225,1,-0.560165465,1,-0.804416597,1,0.5016623139381409,1,-0.623075783,0,0.2484988421201706,0,-1.334922552,0
12.45157337,-4.112602711,1,-0.916376829,1,-11.40242672,1,-0.538961411,1,-0.936059713,1,0.5026345252990723,1,-0.624339581,0,0.246872678,0,-1.331146598,0
12.45557594,-4.2059412,1,-1.773656368,1,-11.67590427,1,-0.554517627,1,-1.078014255,1,0.4821737706661224,1,-0.625515282,0,0.2447696030139923,0,-1.327070475,0
12.45957279,-4.288007736,1,-2.273947954,1,-11.92355633,1,-0.643546283,1,-1.229018569,1,0.4782344996929169,1,-0.626834929,0,0.2421674579381943,0,-1.322674036,0
12.46357346,-4.594149113,1,-1.255012631,1,-12.67401028,1,-0.669598043,1,-1.401555061,1,0.4669845700263977,1,-0.628352761,0,0.2390131205320358,0,-1.317916274,0
12.46757507,-3.627355576,1,-1.55410099,1,-12.40097904,1,-0.693929791,1,-1.586947322,1,0.4809240400791168,1,-0.629852533,0,0.2352981269359589,0,-1.312730908,0
12.47157288,-3.974394798,1,-2.871889591,1,-13.09949875,1,-0.797915816,1,-1.789845347,1,0.4977706968784332,1,-0.631486475,0,0.2309880703687668,0,-1.307018042,0
12.47557259,-2.937134027,1,-1.857133985,1,-12.93257332,1,-0.884208441,1,-1.99787426,1,0.5234543681144714,1,-0.633452475,0,0.2260839492082596,0,-1.300735116,0
12.47957325,-3.089201689,1,-0.545311034,1,-13.66644478,1,-0.866155207,1,-2.238249302,1,0.5526283979415894,1,-0.635446131,0,0.2205353677272797,0,-1.29379487,0
12.48357105,-4.249545097,1,-0.611027062,1,-13.92358875,1,-0.784454823,1,-2.426939726,1,0.5905894637107849,1,-0.637089849,0,0.2143680602312088,0,-1.286231756,0
12.48757076,-1.697146297,1,-2.114935875,1,-13.48135757,1,-0.765093446,1,-2.69966507,1,0.6340712904930115,1,-0.638435245,0,0.2076014578342438,0,-1.277969003,0
12.49157143,-2.679919243,1,-2.75396204,1,-14.02197075,1,-0.818223178,1,-2.958832979,1,0.7108542323112488,1,-0.639760256,0,0.2001159489154816,0,-1.268878698,0
12.49556923,-1.824872971,1,-2.441949368,1,-13.56782818,1,-0.871104062,1,-3.21385479,1,0.7906458377838135,1,-0.641206682,0,0.1920287907123566,0,-1.258898258,0
12.49957562,-2.144997835,1,-2.439449787,1,-13.83507633,1,-0.892204046,1,-3.493043184,1,0.8604364991188049,1,-0.642703295,0,0.1832530200481415,0,-1.248038292,0
12.50357819,-2.127836704,1,-2.315560818,1,-13.21367836,1,-0.900993228,1,-3.755502224,1,0.9235663414001465,1,-0.644219577,0,0.1737907528877258,0,-1.236296415,0
12.50757694,-1.5723176,1,-1.934832335,1,-13.30998802,1,-0.895422101,1,-4.025161743,1,0.9985814690589905,1,-0.645697236,0,0.1636855453252792,0,-1.223676085,0
12.51157665,-2.802867174,1,-1.973874331,1,-12.57519722,1,-0.893471241,1,-4.239543438,1,1.005533695220947,1,-0.647199631,0,0.152882919,0,-1.210353255,0
12.51557827,-2.452709913,1,-2.21206522,1,-13.39680862,1,-0.878184557,1,-4.525344372,1,1.129381537437439,1,-0.648652196,0,0.1414836794137955,0,-1.196146011,0
12.51957512,-2.817439795,1,-0.925040126,1,-12.93769455,1,-0.871968329,1,-4.699370861,1,1.167821645736694,1,-0.650142968,0,0.1295773833990097,0,-1.18121922,0
12.52357483,-1.882747889,1,-0.941382766,1,-12.08771133,1,-0.836364925,1,-4.935705185,1,1.184270739555359,1,-0.651658714,0,0.1170914694666862,0,-1.16566968,0
12.5275774,-2.537346363,1,-0.14503631,1,-12.42863274,1,-0.765266359,1,-5.152537823,1,1.205356001853943,1,-0.653074265,0,0.1039572730660439,0,-1.149520874,0
12.5315752,-3.053784847,1,-0.393794566,1,-11.65677929,1,-0.716896176,1,-5.34778738,1,1.227357387542725,1,-0.646691918,0,0.1055476665496826,0,-1.07176137,0
12.53557491,-3.372603893,1,-0.466240078,1,-11.75859737,1,-0.707130909,1,-5.532131672,1,1.255263924598694,1,-0.647853971,0,0.091187343,0,-1.054589152,0
12.53957653,-3.433794022,1,-0.131986558,1,-10.90197754,1,-0.691647708,1,-5.68151474,1,1.303411245346069,1,-0.649171352,0,0.076415569,0,-1.036900878,0
12.54357433,-2.493967056,1,-0.061872829,1,-10.2329483,1,-0.672852993,1,-5.869258881,1,1.347915768623352,1,-0.6506446,0,0.061210748,0,-1.01866889,0
12.54757404,-3.317195415,1,-0.070519395,1,-9.979775429,1,-0.670281529,1,-6.051098347,1,1.378211140632629,1,-0.652325213,0,0.045550738,0,-0.999824703,0
12.55157566,-4.695090771,1,0.1461332142353058,1,-9.722310066,1,-0.705302835,1,-6.170530319,1,1.418806076049805,1,-0.654347539,0,0.029534744,0,-0.980506778,0
12.55557346,-6.438169003,1,0.3677335381507874,1,-9.844812393,1,-0.719232321,1,-6.290519238,1,1.332898736000061,1,-0.656787395,0,0.013162829,0,-0.960908473,0
12.55957317,-9.759490967,1,1.651163578033447,1,-9.505210876,1,-0.64621973,1,-6.264660835,1,1.236339330673218,1,-0.65944618,0,-0.003606402,0,-0.941477239,0
12.56357479,-8.77870369,1,0.8410796523094177,1,-8.735071182,1,-0.554135621,1,-6.222439766,1,1.222894191741943,1,-0.662052512,0,-0.020292409,0,-0.922285199,0
12.56757259,-6.940342903,1,-0.226088807,1,-8.453267097,1,-0.578991592,1,-6.217113972,1,1.231145143508911,1,-0.6648435,0,-0.036865599,0,-0.903079093,0
12.5715723,-7.460041523,1,-0.9801144,1,-8.418239594,1,-0.610444784,1,-6.24362278,1,1.210791230201721,1,-0.668088794,0,-0.053452123,0,-0.883813858,0
12.57557297,-9.747981071,1,-0.024328558,1,-8.728631973,1,-0.578710973,1,-6.172307014,1,1.195476531982422,1,-0.671687245,0,-0.069939502,0,-0.864565313,0
12.57957077,-12.45772171,1,1.527753829956055,1,-8.4680233,1,-0.476287454,1,-6.009034634,1,1.130635499954224,1,-0.675293744,0,-0.086100914,0,-0.845654488,0
12.58357048,-13.39294529,1,2.564357519,1,-8.405364037,1,-0.352069795,1,-5.805302143,1,1.016062378883362,1,-0.678653359,0,-0.101809576,0,-0.827429652,0
12.58757114,-13.45992756,1,3.437964200973511,1,-7.96566391,1,-0.26114592,1,-5.668526173,1,0.7940102815628052,1,-0.681790709,0,-0.117338225,0,-0.81007266,0
12.5915699,-16.19721794,1,3.998344659805298,1,-8.099905014,1,-0.14580217,1,-5.469774723,1,0.5420152544975281,1,-0.684658647,0,-0.132949829,0,-0.793789029,0
12.59556866,-18.6983757,1,4.673151016235352,1,-7.123344898,1,0.040359441,1,-5.118957043,1,0.3023078143596649,1,-0.686977327,0,-0.148310453,0,-0.778920174,0
12.59957027,-17.31291008,1,3.538097858428955,1,-5.490049839,1,0.2195999175310135,1,-4.705093384,1,0.1408394277095795,1,-0.688491225,0,-0.162915096,0,-0.765621364,0
12.60356808,-15.92351627,1,1.182744145393372,1,-4.372251987,1,0.2589170634746552,1,-4.359801769,1,-0.006411994,1,-0.689495683,0,-0.176757559,0,-0.753727078,0
12.60756779,-17.29235458,1,1.341501235961914,1,-4.457796097,1,0.1647895127534866,1,-3.950766802,1,-0.156993449,1,-0.690581918,0,-0.18977347,0,-0.743169546,0
12.61156941,-18.60545349,1,1.806959390640259,1,-3.842181683,1,0.047133837,1,-3.51161623,1,-0.281580836,1,-0.691879034,0,-0.201871112,0,-0.734223604,0
12.61556721,-16.57139015,1,3.163007497787476,1,-2.970336437,1,-0.122503422,1,-3.226150274,1,-0.280519158,1,-0.693666995,0,-0.212921456,0,-0.726295292,0
12.61957359,-16.25075722,1,5.404485702514648,1,-3.225469828,1,-0.229623169,1,-2.961529493,1,-0.402281046,1,-0.69592154,0,-0.223309413,0,-0.719272614,0
12.62357521,-14.72658634,1,3.929106712341309,1,-2.138036013,1,-0.293504864,1,-2.759568691,1,-0.467006445,1,-0.698343337,0,-0.233204156,0,-0.713115931,0
12.62757301,-13.89852619,1,0.7730454206466675,1,-2.759220362,1,-0.536553144,1,-2.642122507,1,-0.573262691,1,-0.701237082,0,-0.242777765,0,-0.707606256,0
12.63157272,-13.37914658,1,-3.286790371,1,-3.773372412,1,-1.062780619,1,-2.565479279,1,-0.742518306,1,-0.705582738,0,-0.252412736,0,-0.702728748,0
12.63557434,-11.86030102,1,-5.321312428,1,-5.056475639,1,-1.727649331,1,-2.544364214,1,-0.933477223,1,-0.712219477,0,-0.262332588,0,-0.698469222,0
12.63957214,-9.54948616,1,-8.075539589,1,-4.331461906,1,-2.548180342,1,-2.637621403,1,-1.147502661,1,-0.721677482,0,-0.272833914,0,-0.694737792,0
12.6435709,-16.66493607,1,-5.207283974,1,-3.901199341,1,-3.164211035,1,-2.901960611,1,-1.158465981,1,-0.734450758,0,-0.284313142,0,-0.690618873,0
12.64757252,-27.79717445,1,-0.501503646,1,-9.711806297,1,-3.395354509,1,-2.575621128,1,-1.4454,1,-0.748722911,0,-0.295924395,0,-0.686774373,0
12.65157032,-22.03164101,1,-1.662627339,1,-10.94383907,1,-3.424974442,1,-2.135382652,1,-1.515066147,1,-0.762997568,0,-0.306850672,0,-0.684634924,0
12.65557003,-11.42389011,1,-0.343841314,1,-10.33027744,1,-3.394556999,1,-2.173260689,1,-1.487006307,1,-0.777186632,0,-0.3171193,0,-0.682937264,0
12.65957165,-7.870873928,1,2.321856737136841,1,-10.84411144,1,-3.25893259,1,-2.433461189,1,-1.398735762,1,-0.791320384,0,-0.327744663,0,-0.680411756,0
12.66356945,-7.837547779,1,2.370538473129272,1,-10.87833309,1,-3.072611809,1,-2.677203655,1,-1.157373071,1,-0.805288732,0,-0.338575095,0,-0.676462829,0
12.66756916,-8.203410149,1,1.619947314,1,-11.39342499,1,-2.849761248,1,-2.87853694,1,-0.833421767,1,-0.819052935,0,-0.349104047,0,-0.670807838,0
12.67157078,-8.752673149,1,1.444026589393616,1,-12.14934635,1,-2.581411839,1,-3.052253723,1,-0.499391794,1,-0.832489967,0,-0.359121323,0,-0.663425982,0
12.67556858,-9.553527832,1,1.161074519,1,-12.80442333,1,-2.292617559,1,-3.168690443,1,-0.152383626,1,-0.845430136,0,-0.36840719,0,-0.654444396,0
12.67956734,-10.1993866,1,0.6773722171783447,1,-13.29717827,1,-2.026270151,1,-3.217916489,1,0.2017101049423218,1,-0.857842505,0,-0.37676084,0,-0.644043386,0
12.68356895,-10.68496132,1,0.068263479,1,-13.93430996,1,-1.80533421,1,-3.219385862,1,0.5829142332077026,1,-0.869812012,0,-0.383935094,0,-0.632410705,0
12.68756676,-10.83231926,1,-0.927921712,1,-14.65098572,1,-1.651482582,1,-3.186341286,1,0.9613538980484009,1,-0.881528497,0,-0.389775008,0,-0.619629979,0
12.69156647,-10.81145763,1,-2.169538736,1,-15.22936344,1,-1.574542165,1,-3.136865139,1,1.333538293838501,1,-0.893218279,0,-0.394201696,0,-0.605875373,0
12.69556809,-11.12667751,1,-2.854892731,1,-16.1043663,1,-1.564193249,1,-3.085448265,1,1.703876972198486,1,-0.905118942,0,-0.397201061,0,-0.591208816,0
12.69956589,-11.49434662,1,-2.985642672,1,-17.00706482,1,-1.599591494,1,-3.004891634,1,2.066639423370361,1,-0.917426586,0,-0.398695171,0,-0.57576102,0
12.7035656,-12.07516956,1,-2.720856905,1,-17.72154999,1,-1.643035531,1,-2.891206264,1,2.417684555053711,1,-0.930161595,0,-0.398649842,0,-0.559673369,0
12.70756722,-12.74310493,1,-2.715483904,1,-18.35427856,1,-1.61999476,1,-2.73414731,1,2.783709764480591,1,-0.943107963,0,-0.396941841,0,-0.543145657,0
12.71156502,-13.4739809,1,-3.002377748,1,-18.82922173,1,-1.544901848,1,-2.52236867,1,3.149300813674927,1,-0.955888271,0,-0.393428445,0,-0.526385486,0
12.71556377,-13.88704681,1,-3.66666317,1,-19.4068718,1,-1.444842219,1,-2.277236938,1,3.528201580047607,1,-0.968253195,0,-0.387963176,0,-0.509597659,0
12.71956539,-14.38471603,1,-4.84671402,1,-19.83029366,1,-1.390233874,1,-1.994312525,1,3.914730548858643,1,-0.980149031,0,-0.380449504,0,-0.492959291,0
12.72356319,-15.42429256,1,-6.107143879,1,-20.25489807,1,-1.381535649,1,-1.695654273,1,4.295529842376709,1,-0.991674483,0,-0.370844305,0,-0.476590544,0
12.7275629,-16.03703499,1,-7.528183937,1,-20.41548538,1,-1.423237443,1,-1.353683233,1,4.674228191375732,1,-1.002943158,0,-0.359084874,0,-0.46069026,0
12.73156548,-16.28718376,1,-8.620668411,1,-20.49157143,1,-1.519955158,1,-0.9820292,1,5.029103279,1,-1.014066577,0,-0.345153362,0,-0.445455909,0
12.73556233,-16.29522705,1,-9.734752655,1,-20.40976906,1,-1.64113009,1,-0.60650593,1,5.358950614929199,1,-1.0251472,0,-0.329121232,0,-0.431040972,0
12.73956871,-15.94446182,1,-10.50737667,1,-20.23093414,1,-1.803305507,1,-0.244126439,1,5.668638706207275,1,-1.036279798,0,-0.311071098,0,-0.417558283,0
12.74357033,-15.58270836,1,-11.16089821,1,-19.95223999,1,-1.974829674,1,0.09855675,1,5.944085121154785,1,-1.047550082,0,-0.29114753,0,-0.405025661,0
12.74756813,-15.00037575,1,-11.93175602,1,-19.5795002,1,-2.154406786,1,0.4107687473297119,1,6.191713333129883,1,-1.059010029,0,-0.269543439,0,-0.393459171,0
12.75156784,-14.45087814,1,-12.81381607,1,-19.23019218,1,-2.346291304,1,0.6755349040031433,1,6.419655323028564,1,-1.070726871,0,-0.246412382,0,-0.382782042,0
12.7555685,-13.86153316,1,-13.65193367,1,-18.90906334,1,-2.553218126,1,0.907681406,1,6.602173328399658,1,-1.082814217,0,-0.221976116,0,-0.37296322,0
12.75956631,-13.48663998,1,-14.21055698,1,-18.83460808,1,-2.780147552,1,1.081973910331726,1,6.740685463,1,-1.095357299,0,-0.196466491,0,-0.363929689,0
12.76356602,-13.06315136,1,-14.44917393,1,-18.75046158,1,-2.995706558,1,1.208564758300781,1,6.817547321,1,-1.108420134,0,-0.170176685,0,-0.355635434,0
12.76756764,-13.26222897,1,-14.69957542,1,-18.69037056,1,-3.186698198,1,1.318593859672546,1,6.841014862060547,1,-1.121972203,0,-0.14341554,0,-0.348060578,0
12.77156544,-13.55351639,1,-15.06290722,1,-18.30064964,1,-3.374228954,1,1.438127279281616,1,6.813601970672607,1,-1.135969758,0,-0.116365574,0,-0.341290534,0
12.77556515,-13.62461472,1,-15.40948105,1,-17.82195091,1,-3.539813042,1,1.572671652,1,6.708584308624268,1,-1.150397778,0,-0.089243539,0,-0.335525274,0
12.77956677,-13.99581718,1,-15.92494869,1,-17.41746902,1,-3.695138454,1,1.726571202278137,1,6.543290615081787,1,-1.160568237,0,-0.061001249,0,-0.321046233,0
12.78356457,-14.10325336,1,-16.31137848,1,-16.87574387,1,-3.853702545,1,1.911995053291321,1,6.311222076416016,1,-1.175824046,0,-0.034481999,0,-0.317655981,0
12.78756332,-14.32986259,1,-16.89928436,1,-16.53179169,1,-4.026125431,1,2.09942627,1,6.040487766265869,1,-1.191627026,0,-0.008569375,0,-0.315740108,0
12.79156494,-14.62264729,1,-17.49374771,1,-16.1149559,1,-4.214018345,1,2.288916110992432,1,5.750930309295654,1,-1.208097339,0,0.016584128,0,-0.315367877,0
12.79556274,-14.69597054,1,-18.11261177,1,-15.74272442,1,-4.416519165,1,2.512134313583374,1,5.457106590270996,1,-1.225390911,0,0.040934194,0,-0.316604197,0
12.79956245,-14.54289627,1,-18.75130463,1,-15.21943855,1,-4.608804703,1,2.739219188690186,1,5.154809474945068,1,-1.243600607,0,0.06442745,0,-0.3195104,0
12.80356407,-14.55972767,1,-19.15824318,1,-14.73835659,1,-4.785717487,1,2.984561204910278,1,4.853969573974609,1,-1.262748361,0,0.087012976,0,-0.324151844,0
12.80756187,-14.78825378,1,-19.29905128,1,-14.01219273,1,-4.942905903,1,3.268823146820068,1,4.546606540679932,1,-1.28284359,0,0.108649381,0,-0.330611885,0
12.81156063,-14.93388081,1,-19.25450706,1,-13.26754761,1,-5.057094574,1,3.586421251296997,1,4.240507603,1,-1.303857803,0,0.1293008178472519,0,-0.339043081,0
12.8155632,-15.01399803,1,-18.98561096,1,-12.53887367,1,-5.135399342,1,3.929362058639526,1,3.937610626220703,1,-1.325714588,0,0.1489309519529343,0,-0.349546283,0
12.81956005,-15.07303238,1,-18.49899864,1,-11.59290123,1,-5.164393425,1,4.292513847351074,1,3.643926858901978,1,-1.348329306,0,0.1674820929765701,0,-0.362171173,0
12.82355976,-14.90250683,1,-18.04218292,1,-10.52331543,1,-5.141847134,1,4.681885242462158,1,3.365444183349609,1,-1.371561289,0,0.1849456131458282,0,-0.377025694,0
12.82756233,-14.63703918,1,-17.64900398,1,-9.444311142,1,-5.060284138,1,5.073973178863525,1,3.102339029312134,1,-1.395263672,0,0.2012851387262344,0,-0.394101322,0
12.83156014,-13.99734592,1,-17.43105888,1,-8.423201561,1,-4.938043118,1,5.444119453430176,1,2.871757745742798,1,-1.419271588,0,0.2164977639913559,0,-0.413342059,0
12.83555985,-13.39536667,1,-17.29177856,1,-7.428386211,1,-4.761814594,1,5.785698890686035,1,2.667508840560913,1,-1.443386793,0,0.2305786907672882,0,-0.434580982,0
12.83956146,-12.83059502,1,-17.29034805,1,-6.595722675,1,-4.548763275,1,6.070034027099609,1,2.479963064193726,1,-1.467423797,0,0.2435249090194702,0,-0.457607597,0
12.84355927,-12.39813232,1,-17.63028717,1,-5.483467102,1,-4.305139542,1,6.320403099060059,1,2.326336860656738,1,-1.491219759,0,0.2553478479385376,0,-0.482180804,0
12.84755898,-12.34026623,1,-17.63555717,1,-4.825911045,1,-4.032310963,1,6.525697231292725,1,2.164815664291382,1,-1.514592171,0,0.2660499811172485,0,-0.508095026,0
12.85156059,-12.83260918,1,-17.74902344,1,-3.878967047,1,-3.744866371,1,6.701000690460205,1,1.988402485847473,1,-1.537388206,0,0.275532067,0,-0.535134971,0
12.8555584,-13.18327427,1,-17.95013046,1,-3.044101477,1,-3.450066566,1,6.861603260040283,1,1.808204650878906,1,-1.559524417,0,0.2837377786636353,0,-0.563176036,0
12.85956383,-13.3554697,1,-17.94470215,1,-2.254311085,1,-3.133934259,1,6.976127147674561,1,1.608673214912415,1,-1.580865264,0,0.2905866503715515,0,-0.592030048,0
12.86356545,-13.66107655,1,-17.9326458,1,-1.479811788,1,-2.81052494,1,7.079120159,1,1.387212872505188,1,-1.601289749,0,0.2960097193717957,0,-0.621513903,0
12.86756325,-13.88368034,1,-17.74082756,1,-0.997973561,1,-2.461792946,1,7.155683040618896,1,1.147621393203735,1,-1.620647907,0,0.2999288439750671,0,-0.651503742,0
12.87156296,-13.92163086,1,-17.75519371,1,-0.440433979,1,-2.075649977,1,7.188405990600586,1,0.9051567316055298,1,-1.638712287,0,0.3023377656936646,0,-0.681759655,0
12.87556362,-14.35871124,1,-17.57250023,1,-0.141360894,1,-1.677037477,1,7.215773105621338,1,0.63387531,1,-1.655273199,0,0.303209126,0,-0.712108254,0
12.87956238,-14.90746593,1,-17.52423286,1,0.057456024,1,-1.25294733,1,7.223400115966797,1,0.3338605761528015,1,-1.670181632,0,0.3024803996086121,0,-0.742416918,0
12.88356113,-15.95662785,1,-17.70773315,1,0.2820727825164795,1,-0.832493484,1,7.223981857299805,1,0.00890522,1,-1.683309197,0,0.3001101016998291,0,-0.772580266,0
12.88756371,-16.95799255,1,-18.00938797,1,0.6493684053421021,1,-0.423114598,1,7.227988243103027,1,-0.336378455,1,-1.694607854,0,0.2960594296455383,0,-0.802518964,0
12.89156056,-17.96140862,1,-18.39763069,1,1.024567127227783,1,-0.039384317,1,7.237007141113281,1,-0.709301889,1,-1.70410192,0,0.2902874350547791,0,-0.832205832,0
12.89556027,-18.63891602,1,-19.00274658,1,1.449829816818237,1,0.291840136,1,7.231692314147949,1,-1.137228727,1,-1.711881995,0,0.2826785445213318,0,-0.861567974,0
12.89956188,-18.62786102,1,-19.85354996,1,1.864766597747803,1,0.5510197281837463,1,7.198229789733887,1,-1.597288728,1,-1.718106627,0,0.2731310725212097,0,-0.89046818,0
12.90355873,-18.32185173,1,-20.642416,1,2.353453874588013,1,0.7176773548126221,1,7.119293689727783,1,-2.082186699,1,-1.722998381,0,0.2615816295146942,0,-0.91869849,0
12.90755844,-17.67411804,1,-21.01536369,1,2.575036049,1,0.8156204223632813,1,6.992319583892822,1,-2.594262123,1,-1.72681427,0,0.2479978203773499,0,-0.94606185,0
12.91156101,-17.35949516,1,-21.13541222,1,2.814769506454468,1,0.8782148361206055,1,6.824580192565918,1,-3.099008799,1,-1.729671001,0,0.2324202805757523,0,-0.972331405,0
12.91555882,-17.3199482,1,-20.86770058,1,3.069231748580933,1,0.9348224997520447,1,6.632443904876709,1,-3.605844259,1,-1.731608868,0,0.2148862034082413,0,-0.997385621,0
12.91955853,-17.25481224,1,-20.30436325,1,3.216745138168335,1,0.9976865649223328,1,6.446297168731689,1,-4.103432178,1,-1.732611418,0,0.1954630762338638,0,-1.021221995,0
12.92356014,-17.02775574,1,-19.5182209,1,3.326225280761719,1,1.080350637435913,1,6.258613109588623,1,-4.583796978,1,-1.732631445,0,0.1742104291915894,0,-1.043877363,0
12.92755795,-16.62665939,1,-19.13252258,1,3.347175359725952,1,1.172407865524292,1,6.064272880554199,1,-5.025006771,1,-1.731607914,0,0.1512714028358459,0,-1.065397382,0
12.93155766,-16.03374481,1,-18.69036865,1,3.368685007095337,1,1.260542988777161,1,5.854375839233398,1,-5.440913677,1,-1.729581594,0,0.1268007904291153,0,-1.085793972,0
12.93555832,-14.93622589,1,-18.07248688,1,3.489744901657104,1,1.350071430206299,1,5.642714977264404,1,-5.824027061,1,-1.726559877,0,0.1009375602006912,0,-1.105096936,0
12.93955612,-13.67729855,1,-17.42361259,1,3.06232214,1,1.447378158569336,1,5.393358707427979,1,-6.145362377,1,-1.722562075,0,0.073882297,0,-1.123321414,0
12.94355583,-12.91171932,1,-16.63491821,1,2.958778142929077,1,1.557906389,1,5.143666744232178,1,-6.41617918,1,-1.717586279,0,0.045889951,0,-1.140451431,0
12.94755745,-12.74489594,1,-15.5620718,1,2.590566158294678,1,1.721791505813599,1,4.915594577789307,1,-6.650518894,1,-1.711549997,0,0.017133569,0,-1.156611204,0
12.95155525,-12.52885246,1,-14.62814426,1,2.205455303192139,1,1.901673555374146,1,4.708570957183838,1,-6.822194099,1,-1.704353571,0,-0.012199466,0,-1.171983361,0
12.95555401,-12.2608242,1,-13.92190075,1,1.694468737,1,2.096596717834473,1,4.518532276153564,1,-6.954102993,1,-1.6959548,0,-0.041911412,0,-1.186728477,0
12.95955563,-11.77306175,1,-13.38269329,1,1.310201764,1,2.297595739364624,1,4.361222743988037,1,-7.037116528,1,-1.686360717,0,-0.071830817,0,-1.20101428,0
12.96355343,-11.32622337,1,-12.7035799,1,0.8196413516998291,1,2.487993955612183,1,4.201294422149658,1,-7.093107224,1,-1.675571799,0,-0.101812869,0,-1.214975834,0
12.96755314,-10.82408047,1,-12.10568237,1,0.4671224057674408,1,2.669829368591309,1,4.054531574249268,1,-7.107875824,1,-1.663657427,0,-0.131713614,0,-1.228697896,0
12.97155476,-10.28313065,1,-11.63717651,1,0.2072295993566513,1,2.855336904525757,1,3.917632341384888,1,-7.077670574,1,-1.650629759,0,-0.161367357,0,-1.242276311,0
12.97555256,-9.787521362,1,-11.15355778,1,-0.208573461,1,3.026446104049683,1,3.786307573318481,1,-7.021021843,1,-1.636500239,0,-0.19060415,0,-1.255805969,0
12.97955799,-9.402046204,1,-10.71402073,1,-0.769519985,1,3.197208881378174,1,3.675187110900879,1,-6.952425003,1,-1.621294379,0,-0.219382629,0,-1.269362688,0
12.98355961,-9.056061745,1,-10.2010603,1,-1.445351839,1,3.343226194381714,1,3.550801992416382,1,-6.87381649,1,-1.605044007,0,-0.247626826,0,-1.283006072,0
12.98755646,-8.584856987,1,-9.422151566,1,-2.23453927,1,3.473741054534912,1,3.422238349914551,1,-6.790549755,1,-1.587861061,0,-0.27530548,0,-1.296728015,0
12.99155617,-8.453674316,1,-8.856694221,1,-2.767926216,1,3.624426842,1,3.294802665710449,1,-6.67768383,1,-1.569747686,0,-0.302348942,0,-1.310505986,0
12.99555874,-9.324241638,1,-8.36225605,1,-3.167438745,1,3.792248487472534,1,3.199933052062988,1,-6.569416523,1,-1.550604701,0,-0.328694969,0,-1.324457049,0
12.99955654,-10.9001112,1,-7.90868187,1,-3.526703835,1,3.977932929992676,1,3.162353277206421,1,-6.462213993,1,-1.530260086,0,-0.354353994,0,-1.338789225,0
13.00355434,-12.81808186,1,-7.937783718,1,-3.740662336,1,4.160627841949463,1,3.173785686,1,-6.36880827,1,-1.508603573,0,-0.379337043,0,-1.353745937,0
13.00755692,-14.74387646,1,-8.310734749,1,-4.043334484,1,4.292867660522461,1,3.214088916778564,1,-6.2938447,1,-1.485656261,0,-0.403642565,0,-1.36952579,0
13.01155472,-16.69935036,1,-9.093338013,1,-4.340407372,1,4.368055344,1,3.281697988510132,1,-6.250136375,1,-1.461538434,0,-0.427346051,0,-1.386312366,0
13.01555443,-18.42782974,1,-10.15128899,1,-4.35983181,1,4.359924316,1,3.355760335922241,1,-6.250700951,1,-1.436446309,0,-0.450542986,0,-1.404214144,0
13.019557,-19.98806763,1,-11.28125381,1,-4.139942646,1,4.248343467712402,1,3.412734985351563,1,-6.278603077,1,-1.410702229,0,-0.473332852,0,-1.423291683,0
13.0235548,-20.96880722,1,-12.74643612,1,-3.590128183,1,4.012063026428223,1,3.447781801223755,1,-6.349694252,1,-1.384745002,0,-0.4958435,0,-1.443487048,0
13.02755451,-21.52082634,1,-12.89882946,1,-2.725012302,1,3.623828411102295,1,3.428927183151245,1,-6.476554871,1,-1.359128356,0,-0.518234134,0,-1.46472919,0
13.03155613,-19.76166344,1,-8.599253654,1,-3.793362617,1,3.209576368331909,1,3.191132307052612,1,-6.660611153,1,-1.341570735,0,-0.543045104,0,-1.44764483,0
13.03555393,-18.25306892,1,-6.410153389,1,-3.208791256,1,2.987643003463745,1,2.898068904876709,1,-6.833405018,1,-1.317923784,0,-0.566346884,0,-1.469094157,0
13.03955364,-19.29619598,1,-4.392628193,1,-2.33757925,1,2.966404438018799,1,2.621039390563965,1,-7.030797005,1,-1.294347048,0,-0.590228319,0,-1.490513802,0
13.04355526,-21.43297195,1,-2.291591883,1,-1.902981877,1,2.999559879302979,1,2.256479740142822,1,-7.168658257,1,-1.270427465,0,-0.614692748,0,-1.511652827,0
13.04755306,-23.4362812,1,-1.255139589,1,-0.265927345,1,3.062878370285034,1,1.922686457633972,1,-7.24116087,1,-1.2461344,0,-0.639574289,0,-1.532415628,0
13.05155277,-25.80025864,1,-0.850426435,1,1.174281239509583,1,3.166143178939819,1,1.590662002563477,1,-7.278131962,1,-1.221268535,0,-0.664672256,0,-1.55284512,0
13.05555439,-28.16328239,1,-1.22748816,1,2.650909423828125,1,3.190003156661987,1,1.278953790664673,1,-7.262323856,1,-1.19592917,0,-0.689841151,0,-1.572957277,0
13.05955124,-30.01036263,1,-1.359634876,1,4.016149997711182,1,3.157492876052856,1,0.9581446051597595,1,-7.174273968,1,-1.170475602,0,-0.714906454,0,-1.59268713,0
13.06355095,-32.27209854,1,-0.923578739,1,5.069514751434326,1,3.087762832641602,1,0.615475059,1,-7.038661957,1,-1.14525032,0,-0.739688039,0,-1.611820579,0
13.06755257,-35.81587601,1,-0.241176009,1,6.296282768249512,1,2.986261845,1,0.3091475367546082,1,-6.879962444,1,-1.120496273,0,-0.764135838,0,-1.630253911,0
13.07155037,-39.94932175,1,0.079678439,1,7.837329387664795,1,2.833969831466675,1,0.1260799020528793,1,-6.672370911,1,-1.096246481,0,-0.788026333,0,-1.648265004,0
13.07555008,-43.96673584,1,0.6775141954421997,1,9.573381423950195,1,2.675262928009033,1,0.073720105,1,-6.40917635,1,-1.072290897,0,-0.810986698,0,-1.666278005,0
13.0795517,-46.43439102,1,1.704534054,1,11.31682300567627,1,2.463110446929932,1,0.1403755098581314,1,-6.046529293,1,-1.048536897,0,-0.832537234,0,-1.68467629,0
13.0835495,-46.82809448,1,3.287829399108887,1,12.99032020568848,1,2.253798961639404,1,0.2019664943218231,1,-5.614127636,1,-1.025084138,0,-0.852278352,0,-1.703457594,0
13.08754921,-46.73942184,1,5.348889827728271,1,14.25719928741455,1,2.077199697494507,1,0.1956674009561539,1,-5.086878777,1,-1.002454758,0,-0.870033205,0,-1.721889377,0
13.09155083,-46.4636879,1,8.255105972290039,1,15.59349536895752,1,1.982459187507629,1,0.107951745,1,-4.482513905,1,-0.981111288,0,-0.885722756,0,-1.739121079,0
13.09554863,-46.71269226,1,11.12288188934326,1,16.67196655273438,1,2.012407302856445,1,-0.026419749,1,-3.823306799,1,-0.961330295,0,-0.899346411,0,-1.754295945,0
13.09955502,-46.87910843,1,13.69612216949463,1,17.59111976623535,1,2.118281602859497,1,-0.177208751,1,-3.139481783,1,-0.94322443,0,-0.910930157,0,-1.766831636,0
13.10355663,-46.32134628,1,15.72951984405518,1,18.49533081054688,1,2.269095182418823,1,-0.359947503,1,-2.460521698,1,-0.926912904,0,-0.920573831,0,-1.77634573,0
13.10755444,-45.42005539,1,16.54392815,1,19.57677841186523,1,2.408024549484253,1,-0.552162826,1,-1.81067884,1,-0.912621021,0,-0.928460598,0,-1.782512903,0
13.11155319,-44.03522491,1,16.40217399597168,1,20.31680488586426,1,2.456382036209106,1,-0.757833123,1,-1.204555035,1,-0.900629878,0,-0.93481791,0,-1.785286903,0
13.11555481,-42.13907242,1,15.35851479,1,20.81770706176758,1,2.359892129898071,1,-0.961662829,1,-0.651678264,1,-0.891458631,0,-0.939860404,0,-1.784674883,0
13.11955261,-39.69176865,1,14.19147777557373,1,21.04178810119629,1,2.124702215194702,1,-1.179110408,1,-0.15269497,1,-0.885647416,0,-0.943793356,0,-1.780739903,0
13.12355232,-37.24903107,1,13.40846538543701,1,20.63594627380371,1,1.78574276,1,-1.42363286,1,0.2873237729072571,1,-0.883643985,0,-0.94687438,0,-1.773540974,0
13.12755394,-34.76495361,1,13.19330406188965,1,19.96526718139648,1,1.410126805305481,1,-1.678320169,1,0.6471225619316101,1,-0.885607481,0,-0.949340105,0,-1.763242364,0
13.13155174,-31.43720245,1,13.55388164520264,1,19.10973930358887,1,1.051151394844055,1,-1.947370768,1,0.9210761785507202,1,-0.891350865,0,-0.951460302,0,-1.750142694,0
13.13555145,-44.4876442,1,0.9506174921989441,1,17.63491630554199,1,0.4603138267993927,1,-2.240875006,1,1.323355793952942,1,-0.90104717,0,-0.953343868,0,-1.734232545,0
13.13955307,-63.79348373,1,-14.33683014,1,11.93465232849121,1,-2.613605738,1,-1.548413038,1,4.321271896362305,1,-0.922701418,0,-0.9496364,0,-1.711571574,0
13.14354992,-75.34991455,1,-26.49091339,1,4.581670284,1,-6.360911846,1,-0.315125078,1,4.994394779205322,1,-0.960920453,0,-0.936137795,0,-1.687192202,0
13.14754963,-64.77037048,1,5.353961468,1,-3.129981995,1,-8.691569328,1,1.997195005,1,5.990933418273926,1,-1.003690004,0,-0.916755676,0,-1.671667576,0
13.15155125,-59.33662033,1,27.09358596801758,1,-7.454775333,1,-8.762645721,1,3.229755163192749,1,6.599700927734375,1,-1.04407239,0,-0.88881284,0,-1.664787173,0
13.15554905,-64.26387024,1,29.89653778076172,1,-14.95556355,1,-7.681712151,1,4.748961448669434,1,5.618068218231201,1,-1.075630069,0,-0.859773338,0,-1.667658329,0
13.15954876,-27.86559296,1,25.18586921691895,1,-26.33362579,1,-5.758414745,1,5.440773963928223,1,4.480177879333496,1,-1.092134356,0,-0.832189023,0,-1.681305647,0
13.16355038,10.26465892791748,1,19.93642616271973,1,-32.77140045,1,-4.867263794,1,4.583206176757813,1,4.091946125030518,1,-1.102279902,0,-0.807997108,0,-1.696197391,0
13.16754818,8.748459815979004,1,7.918032646179199,1,-37.43725586,1,-4.387316704,1,4.528737068,1,4.016500473022461,1,-1.111555934,0,-0.785267472,0,-1.708582163,0
13.17154789,12.87689971923828,1,-17.28338242,1,-22.92175865,1,-5.549389839,1,5.144854545593262,1,3.126849412918091,1,-1.120265603,0,-0.76406008,0,-1.724252343,0
13.17554855,24.37734031677246,1,-10.83311939,1,-20.77076912,1,-5.848124027,1,4.586578369140625,1,3.299483299255371,1,-1.131882429,0,-0.74391824,0,-1.741232753,0
13.17954636,0.6359081864356995,1,-1.606912017,1,-18.41162109,1,-5.489524364,1,3.475147724151611,1,2.711943387985229,1,-1.146011472,0,-0.726105094,0,-1.753968477,0
13.18354607,-15.11423302,1,10.95605182647705,1,-19.83966064,1,-4.891804218,1,2.911169767379761,1,2.146005868911743,1,-1.160254836,0,-0.712183654,0,-1.764248848,0
13.18754768,-8.109174728,1,31.59580612182617,1,-20.54943848,1,-3.353610039,1,2.554843664169312,1,2.094389200210571,1,-1.170808434,0,-0.700001001,0,-1.772973299,0
13.19154549,-7.649374962,1,40.58518218994141,1,-26.61502838,1,-1.881256342,1,2.122028827667236,1,1.500523447990417,1,-1.176609874,0,-0.689780414,0,-1.78044939,0
13.1955452,4.940684319,1,30.39937400817871,1,-22.96292877,1,-0.983753324,1,1.286207437515259,1,0.5454860329627991,1,-1.178291917,0,-0.683304429,0,-1.786757827,0
13.19954777,0.2411551773548126,1,16.24519157409668,1,-18.27110291,1,-0.378275722,1,0.7131465077400208,1,-0.06201965,1,-1.178158879,0,-0.68101275,0,-1.790964842,0
13.20354462,-3.335744619,1,7.053604125976563,1,-12.27203751,1,-0.081244253,1,0.38516143,1,-0.427871823,1,-1.177212238,0,-0.681134105,0,-1.793956518,0
13.20754528,-5.451625347,1,2.112966775894165,1,-10.05763149,1,0.087047935,1,0.3441799283027649,1,-0.526491761,1,-1.175454021,0,-0.682413757,0,-1.796663523,0
13.2115469,-6.533575535,1,0.2440878301858902,1,-7.720083714,1,0.085562259,1,0.2896769940853119,1,-0.467773497,1,-1.173516631,0,-0.683784127,0,-1.799138427,0
13.2155447,-7.640415668,1,-4.355764866,1,-6.250533581,1,0.095061213,1,0.343823642,1,-0.395423204,1,-1.171677232,0,-0.684897482,0,-1.80150044,0
13.21954441,-5.567288876,1,-11.12851524,1,-5.598047256,1,-0.112889528,1,0.4236075878143311,1,-0.283950478,1,-1.170038104,0,-0.685571849,0,-1.80403471,0
13.22355175,-4.218345165,1,-10.03437138,1,-6.437708378,1,-0.304575562,1,0.468296081,1,-0.088321216,1,-1.169361472,0,-0.685588241,0,-1.806522369,0
13.22755623,-3.503663301,1,-3.569584608,1,-8.451985359,1,-0.349767685,1,0.492327482,1,0.1439924389123917,1,-1.169281602,0,-0.684715748,0,-1.808757067,0
13.23155594,-4.681134224,1,0.098836251,1,-10.11945343,1,-0.332170278,1,0.4970631301403046,1,0.2329523116350174,1,-1.169425488,0,-0.683186948,0,-1.810716271,0
13.23555756,-4.223629951,1,0.015849886,1,-11.15771484,1,-0.273102731,1,0.4230412542819977,1,0.2088939249515533,1,-1.169517875,0,-0.681643486,0,-1.81249094,0
13.23955441,-2.059105158,1,-1.568897605,1,-11.07136059,1,-0.267721742,1,0.2427932024002075,1,0.2359761148691177,1,-1.169884562,0,-0.680316687,0,-1.813674688,0
13.24355412,-3.797948599,1,-2.42116642,1,-10.35316086,1,-0.266808093,1,0.1287260353565216,1,0.2739278674125671,1,-1.170692921,0,-0.679109395,0,-1.814027071,0
13.24755573,-5.120828629,1,-0.321667522,1,-9.781414032,1,-0.21556811,1,0.061203603,1,0.3616359531879425,1,-1.171800137,0,-0.677773416,0,-1.813783765,0
13.25155354,-4.297934532,1,0.1927243769168854,1,-9.753460884,1,-0.190398753,1,0.056435831,1,0.3839575052261353,1,-1.17290616,0,-0.676293135,0,-1.81334126,0
13.25555325,-3.792851686,1,0.011213523,1,-10.23618317,1,-0.111372657,1,-0.022181828,1,0.3304646611213684,1,-1.173880696,0,-0.674943209,0,-1.81272912,0
13.25955486,-3.622938871,1,0.2074048966169357,1,-10.46848392,1,-0.041847169,1,-0.09971974,1,0.3059078454971313,1,-1.174752116,0,-0.673883736,0,-1.811829567,0
13.26355267,-4.619404793,1,0.3189925849437714,1,-10.73541355,1,0.025866598,1,-0.218591973,1,0.3304272294044495,1,-1.175643206,0,-0.672968626,0,-1.81043613,0
13.26755238,-5.03501606,1,-0.312546402,1,-10.55640602,1,0.056878645,1,-0.334332049,1,0.3621337115764618,1,-1.176712394,0,-0.672096252,0,-1.808455348,0
13.27155399,-4.583263874,1,-2.194927216,1,-10.28998852,1,0.065674044,1,-0.433559895,1,0.3891130685806274,1,-1.178048134,0,-0.671308219,0,-1.805898905,0
13.2755518,-4.087361813,1,-3.586849928,1,-10.04727745,1,0.030322421,1,-0.543705523,1,0.4301774799823761,1,-1.179782152,0,-0.670532525,0,-1.802796841,0
13.27955151,-4.232901573,1,-2.82418704,1,-10.16393185,1,-0.027168533,1,-0.618934512,1,0.4685147106647491,1,-1.193727136,0,-0.657337725,0,-1.743144989,0
13.28355312,-4.552924156,1,-1.135989428,1,-10.39132118,1,-0.024845859,1,-0.709899426,1,0.4781226515769958,1,-1.196272492,0,-0.656553268,0,-1.739141345,0
13.28755093,-4.913350582,1,-0.204599828,1,-10.88084412,1,-0.034865923,1,-0.822028875,1,0.4618052542209625,1,-1.199114203,0,-0.655921102,0,-1.734690785,0
13.29154968,-4.830715179,1,0.5537875890731812,1,-11.22403049,1,-0.016411433,1,-0.963671505,1,0.4366369545459747,1,-1.202282429,0,-0.655522943,0,-1.729663968,0
13.2955513,-5.030187607,1,-0.040200125,1,-10.97659683,1,-0.013708458,1,-1.09394753,1,0.3741712868213654,1,-1.20573473,0,-0.655482769,0,-1.724083424,0
13.2995491,-5.24806118,1,-0.411450028,1,-11.19201469,1,-0.001952909,1,-1.221124291,1,0.3387517631053925,1,-1.209512949,0,-0.655795217,0,-1.717988729,0
13.30354881,-4.840637684,1,-2.550047636,1,-10.53043175,1,-0.035477515,1,-1.344260097,1,0.3297162652015686,1,-1.213604689,0,-0.656347096,0,-1.711332798,0
13.30755043,-4.519639492,1,-2.701890945,1,-10.80979443,1,-0.051094342,1,-1.436766505,1,0.349074125,1,-1.218167901,0,-0.657028317,0,-1.704145908,0
13.31154823,-4.537375927,1,-3.23796463,1,-11.58746052,1,-0.094242148,1,-1.567329049,1,0.377962738,1,-1.223195434,0,-0.657725632,0,-1.696392894,0
13.31554794,-4.084668636,1,-2.609266996,1,-12.20175934,1,-0.105425067,1,-1.72324419,1,0.4026583433151245,1,-1.228789568,0,-0.658465981,0,-1.687911987,0
13.31954956,-3.589841127,1,-2.86004591,1,-13.09302521,1,-0.152150929,1,-1.909507751,1,0.4138699769973755,1,-1.234995365,0,-0.659340143,0,-1.678592086,0
13.32354736,-3.514122963,1,-2.527339935,1,-13.56146145,1,-0.194159031,1,-2.150022268,1,0.39046219,1,-1.242057681,0,-0.660477757,0,-1.668205976,0
13.32754707,-3.72904706,1,-2.320598364,1,-14.50350952,1,-0.230554238,1,-2.393414021,1,0.3920451998710632,1,-1.24999249,0,-0.661889791,0,-1.656648874,0
13.33154964,-3.456749439,1,-2.617235422,1,-14.46248913,1,-0.321933985,1,-2.633961439,1,0.3623351156711578,1,-1.258910894,0,-0.663584232,0,-1.64392674,0
13.33554649,-2.298932791,1,-1.842798829,1,-15.65824604,1,-0.339078069,1,-2.951648474,1,0.3290753960609436,1,-1.268947363,0,-0.665625215,0,-1.629853487,0
13.3395462,-2.606491566,1,-2.886484623,1,-15.50708866,1,-0.404013157,1,-3.29890132,1,0.3594813942909241,1,-1.280132532,0,-0.667961597,0,-1.614139676,0
13.3435545,-2.629469156,1,-3.923359632,1,-15.71194935,1,-0.509274364,1,-3.659668446,1,0.3484191000461578,1,-1.292817712,0,-0.670497298,0,-1.596617579,0
13.34755802,-2.622573853,1,-4.49507761,1,-16.39962959,1,-0.625477493,1,-4.070035458,1,0.3834388554096222,1,-1.307259798,0,-0.673222899,0,-1.577069759,0
13.35155773,-0.88052392,1,-4.816768169,1,-16.11062241,1,-0.693159997,1,-4.457048416,1,0.4644461870193481,1,-1.323426723,0,-0.67588973,0,-1.555407166,0
13.3555603,-1.03561008,1,-6.096732616,1,-16.98578072,1,-0.767666519,1,-4.882876396,1,0.5454727411270142,1,-1.341325402,0,-0.678358316,0,-1.531516433,0
13.35955811,-0.561837494,1,-6.517210484,1,-17.53395844,1,-0.832857192,1,-5.324571609,1,0.7261672019958496,1,-1.361066818,0,-0.680353403,0,-1.505178332,0
13.36355782,1.411006331443787,1,-7.322486877,1,-17.257267,1,-0.923984706,1,-5.781013966,1,0.8798352479934692,1,-1.382742167,0,-0.681597769,0,-1.476384282,0
13.36755943,1.150548815727234,1,-8.407412529,1,-17.5233326,1,-0.986830652,1,-6.253570557,1,1.170503735542297,1,-1.406374335,0,-0.68182677,0,-1.444933295,0
13.37155724,2.515957117080688,1,-8.729988098,1,-17.17985535,1,-0.996172011,1,-6.68411541,1,1.510283708572388,1,-1.431771398,0,-0.680447161,0,-1.410965681,0
13.37555599,3.485654354095459,1,-9.168377876,1,-17.28321648,1,-1.00871551,1,-7.127379894,1,1.962943434715271,1,-1.458557725,0,-0.677024603,0,-1.374662876,0
13.37955761,4.678207397460938,1,-8.836549759,1,-17.0666275,1,-1.066817522,1,-7.619310856,1,2.365280628204346,1,-1.486854553,0,-0.671289563,0,-1.336011052,0
13.38355637,4.233789443969727,1,-7.202436447,1,-15.86577797,1,-1.252208352,1,-8.075875282,1,2.689805507659912,1,-1.51670897,0,-0.663324118,0,-1.295260668,0
13.38755512,4.309330940246582,1,-5.134874821,1,-15.25186729,1,-1.431644201,1,-8.700139046,1,2.770075082778931,1,-1.548378825,0,-0.653623998,0,-1.252349377,0
13.39155674,1.831109642982483,1,-4.731032372,1,-15.95753765,1,-1.456354618,1,-8.760099411,1,2.760125398635864,1,-1.580729485,0,-0.642763078,0,-1.208383083,0
13.39555454,-0.748214185,1,-4.009784698,1,-15.59979534,1,-1.371595263,1,-8.758393288,1,2.744227886199951,1,-1.612092376,0,-0.630874991,0,-1.165170074,0
13.39955425,-0.878912449,1,-4.195035934,1,-14.14061737,1,-1.242716074,1,-8.755724907,1,2.784264802932739,1,-1.642086148,0,-0.617892683,0,-1.122830153,0
13.40355587,-2.811780691,1,-4.343437195,1,-15.00680828,1,-1.047665596,1,-8.752019882,1,2.892890691757202,1,-1.6704005,0,-0.603595793,0,-1.081429243,0
13.40755367,-4.192801476,1,-3.120684385,1,-12.34367275,1,-0.895103693,1,-8.749608994,1,3.04151988,1,-1.696965694,0,-0.587837577,0,-1.041031837,0
13.41155338,-5.148840427,1,-2.549162865,1,-15.02827835,1,-0.650865495,1,-8.74512291,1,3.171637296676636,1,-1.721571684,0,-0.570658505,0,-1.001680613,0
13.415555,-12.36314392,1,1.413943529129028,1,-16.30668831,1,-0.316593617,1,-8.73801136,1,3.068873405456543,1,-1.744040489,0,-0.552651942,0,-0.963293791,0
13.4195528,-21.66695404,1,3.171712160110474,1,-17.41059494,1,0.1931949853897095,1,-8.726473808,1,2.910735607147217,1,-1.763679743,0,-0.534512997,0,-0.925717652,0
13.42355251,-23.25415802,1,2.279642581939697,1,-15.07563686,1,0.5870447754859924,1,-8.716607094,1,2.726610422134399,1,-1.78058219,0,-0.516473711,0,-0.888815939,0
13.42755413,-22.46916008,1,-0.614730775,1,-12.35767078,1,0.8286285996437073,1,-8.711465836,1,2.62397027,1,-1.795343995,0,-0.498530269,0,-0.852504671,0
13.43155193,-27.34657097,1,0.088726632,1,-11.07579517,1,0.9332334399223328,1,-8.708659172,1,2.412675857543945,1,-1.808617115,0,-0.480696857,0,-0.816707015,0
13.43555164,-31.40286636,1,-0.731385112,1,-7.760930538,1,1.037161469459534,1,-8.502636909,1,2.337611914,1,-1.820740461,0,-0.463198304,0,-0.781534612,0
13.43955326,-41.396595,1,-1.408987761,1,-6.768176556,1,1.331834197044373,1,-7.449349403,1,2.014703273773193,1,-1.830121517,0,-0.446673244,0,-0.749430358,0
13.44355106,-47.43317413,1,-3.320355892,1,-3.174426317,1,1.454055905342102,1,-5.906751633,1,1.911096572875977,1,-1.835693359,0,-0.432168603,0,-0.723148704,0
13.44755077,-49.81593704,1,-1.89530623,1,-5.389925003,1,1.459496974945068,1,-4.301181316,1,1.636384606361389,1,-1.837939024,0,-0.419865996,0,-0.703516066,0
13.45155239,-42.08490753,1,0.064652599,1,-1.716383696,1,1.529209136962891,1,-2.805936813,1,1.516313433647156,1,-1.837247491,0,-0.410110533,0,-0.690482616,0
13.45555019,-25.3990612,1,-0.095787302,1,2.980134725570679,1,1.444008827209473,1,-1.451770306,1,1.685497999191284,1,-1.834023952,0,-0.401848555,0,-0.683374524,0
13.4595499,-9.256101608,1,-5.672075748,1,8.469935417175293,1,1.129639029502869,1,-0.648758292,1,1.946133494377136,1,-1.829644442,0,-0.393714368,0,-0.681157649,0
13.4635582,2.493237733840942,1,-14.26174641,1,9.444959641,1,0.07973887,1,-0.216312692,1,2.115744113922119,1,-1.826821685,0,-0.385411084,0,-0.681706846,0
13.46756172,3.437092065811157,1,-14.58305359,1,11.35108375549316,1,-1.207992792,1,-0.449164271,1,2.199163675308228,1,-1.828816772,0,-0.376857817,0,-0.68271482,0
13.47156143,-22.24202919,1,-2.870996475,1,4.530089378356934,1,-1.812361479,1,-0.411540508,1,2.210407733917236,1,-1.834764481,0,-0.367460072,0,-0.683267117,0
13.4755621,-30.61254501,1,-2.574146032,1,-3.32671237,1,-2.322519541,1,0.4095831215381622,1,2.089393377304077,1,-1.842093825,0,-0.359237432,0,-0.685682595,0
13.4795599,-12.44208145,1,-3.885662079,1,-0.644542217,1,-2.842428207,1,0.618858814,1,1.950974941253662,1,-1.850850582,0,-0.352106631,0,-0.690371215,0
13.48355961,-1.985744715,1,0.081353053,1,0.8972892165184021,1,-3.055869818,1,0.070986532,1,1.855509519577026,1,-1.861409187,0,-0.345205367,0,-0.694216669,0
13.48756218,-1.736466885,1,-0.455012709,1,1.846060872077942,1,-3.132413149,1,-0.726189017,1,1.794927000999451,1,-1.873498559,0,-0.337863982,0,-0.695066929,0
13.49155998,-3.057506323,1,-1.316702604,1,1.480237483978271,1,-3.228186607,1,-1.259162545,1,1.842054724693298,1,-1.886754155,0,-0.329704881,0,-0.693358421,0
13.49555874,-2.356981039,1,-0.906521916,1,1.328150987625122,1,-3.254948139,1,-1.763964415,1,1.842848300933838,1,-1.900911212,0,-0.320781708,0,-0.689795136,0
13.49956131,-4.596035957,1,0.4915623962879181,1,0.3214879631996155,1,-3.060486078,1,-2.265186548,1,1.746705889701843,1,-1.915314794,0,-0.311297238,0,-0.684254766,0
13.50355911,-9.022807121,1,0.8609137535095215,1,-1.673629642,1,-2.792863607,1,-2.538310766,1,1.603238224983215,1,-1.929165602,0,-0.301674336,0,-0.677169681,0
13.50755882,-12.21891499,1,-0.29711023,1,-3.429635525,1,-2.543185234,1,-2.657214165,1,1.473639249801636,1,-1.942148685,0,-0.292215973,0,-0.669283807,0
13.51156044,-13.4982996,1,-1.386607409,1,-4.700425625,1,-2.304488659,1,-2.690862894,1,1.367072343826294,1,-1.954171181,0,-0.282988787,0,-0.661083937,0
13.51555824,-13.86370277,1,-2.378249645,1,-6.032277584,1,-2.092178583,1,-2.72618866,1,1.232591152191162,1,-1.965257525,0,-0.274064332,0,-0.652703881,0
13.51955795,-13.55896378,1,-2.249540567,1,-6.944104195,1,-1.950312138,1,-2.751523733,1,1.101938009262085,1,-1.975611925,0,-0.265498132,0,-0.644112885,0
13.52355957,-12.74113464,1,-3.7092309,1,-7.902227879,1,-1.823878765,1,-2.795392513,1,1.040844202041626,1,-1.985439658,0,-0.257178247,0,-0.635304213,0
13.52755737,-13.56810093,1,-7.485846996,1,-7.740400314,1,-1.789065003,1,-2.832416296,1,0.9958968162536621,1,-1.994858503,0,-0.24888283,0,-0.626421809,0
13.53155613,-13.4761858,1,-6.222073555,1,-9.39921093,1,-1.878010392,1,-2.940078259,1,1.034449934959412,1,-1.999699831,0,-0.244197249,0,-0.614257753,0
13.53555775,-13.03745937,1,-7.002103806,1,-9.983898163,1,-2.01209712,1,-3.037722111,1,1.070350408554077,1,-2.009699345,0,-0.235359505,0,-0.604924738,0
13.53955555,-12.95329475,1,-7.341824532,1,-10.69324398,1,-2.116697073,1,-3.179272413,1,1.117299556732178,1,-2.020148516,0,-0.22607249,0,-0.595310688,0
13.54355526,-13.02574444,1,-7.146994114,1,-11.3158493,1,-2.230998516,1,-3.307258129,1,1.186890125274658,1,-2.031011581,0,-0.21622102,0,-0.585450292,0
13.54755688,-13.0434227,1,-6.824763775,1,-11.76005173,1,-2.323879004,1,-3.445126534,1,1.265932083129883,1,-2.04224205,0,-0.20577985,0,-0.575357676,0
13.55155468,-12.86858463,1,-6.661084175,1,-12.18788052,1,-2.393758297,1,-3.573985577,1,1.365125894546509,1,-2.053710461,0,-0.194670707,0,-0.565092027,0
13.55555439,-13.35000801,1,-6.343570232,1,-12.6923914,1,-2.473169327,1,-3.70411396,1,1.476138830184937,1,-2.065388203,0,-0.182814106,0,-0.554715872,0
13.55955601,-13.91886425,1,-6.580160141,1,-13.17064381,1,-2.544717312,1,-3.799191713,1,1.603493452072144,1,-2.077240705,0,-0.17020908,0,-0.54433471,0
13.56355381,-14.74127388,1,-6.685385227,1,-13.61654758,1,-2.627702713,1,-3.860330582,1,1.746467113494873,1,-2.089239836,0,-0.156848729,0,-0.534116447,0
13.56755352,-15.50534058,1,-6.694367409,1,-14.2927475,1,-2.695457458,1,-3.891199827,1,1.894291281700134,1,-2.101364374,0,-0.142782539,0,-0.524228036,0
13.57155514,-16.47534561,1,-6.707317352,1,-15.03532028,1,-2.756493092,1,-3.860989571,1,2.044692277908325,1,-2.113544703,0,-0.1280839,0,-0.514831841,0
13.57555294,-17.66791344,1,-5.970389843,1,-16.13273621,1,-2.739368916,1,-3.803254604,1,2.173702955245972,1,-2.125598907,0,-0.112911835,0,-0.506130576,0
13.5795517,-18.88996506,1,-5.538530827,1,-16.24053001,1,-2.669276953,1,-3.695148706,1,2.312419652938843,1,-2.137278557,0,-0.09733291,0,-0.498106569,0
13.58355999,-19.80050278,1,-4.318892002,1,-17.05533981,1,-2.520733595,1,-3.510285616,1,2.399899244308472,1,-2.148295403,0,-0.081603646,0,-0.491072953,0
13.58756352,-20.13139915,1,-3.611008167,1,-17.6322937,1,-2.321009159,1,-3.354679108,1,2.489413499832153,1,-2.15844512,0,-0.065889776,0,-0.484983951,0
13.59156323,-20.5274601,1,-3.696652412,1,-17.85983467,1,-2.072975874,1,-3.183011532,1,2.589927196502686,1,-2.167545319,0,-0.050172511,0,-0.479793191,0
13.59556484,-19.97501564,1,-3.613754272,1,-18.16287422,1,-1.795928121,1,-3.033708096,1,2.673573732376099,1,-2.175467491,0,-0.034462895,0,-0.475488544,0
13.59956265,-19.54627609,1,-3.569709778,1,-18.40327263,1,-1.509777069,1,-2.90319109,1,2.769909858703613,1,-2.182174683,0,-0.018763302,0,-0.471973568,0
13.60356236,-18.75016022,1,-3.803926945,1,-18.7239399,1,-1.233849645,1,-2.812252283,1,2.874234914779663,1,-2.187700987,0,-0.002961893,0,-0.469150066,0
13.60756397,-17.778162,1,-3.877225399,1,-18.93385124,1,-0.978567362,1,-2.807798147,1,2.972858190536499,1,-2.192109585,0,0.013075798,0,-0.466778189,0
13.61156178,-18.0249424,1,-4.642302036,1,-19.23187065,1,-0.760209203,1,-2.769675732,1,3.077292203903198,1,-2.195532799,0,0.029428124,0,-0.464804649,0
13.61556149,-17.35392761,1,-5.489944935,1,-19.26608086,1,-0.591330588,1,-2.796837807,1,3.190734624862671,1,-2.198145628,0,0.046100181,0,-0.463094741,0
13.6195631,-17.66521454,1,-7.411169529,1,-18.97068787,1,-0.50947386,1,-2.784909248,1,3.337898254394531,1,-2.200233698,0,0.063230351,0,-0.461696595,0
13.62356091,-17.7010746,1,-8.723070145,1,-19.15630913,1,-0.532988131,1,-2.773963451,1,3.473057032,1,-2.202231169,0,0.080793731,0,-0.460742295,0
13.62755966,-17.73833084,1,-9.989900589,1,-19.04214478,1,-0.628850579,1,-2.695096731,1,3.605567932128906,1,-2.20450139,0,0.098687716,0,-0.460281134,0
13.63156128,-18.37200546,1,-10.63477039,1,-19.1787796,1,-0.79571265,1,-2.575227022,1,3.711600780487061,1,-2.207367659,0,0.1167448759078979,0,-0.460469544,0
13.63555908,-19.10650635,1,-10.78005314,1,-19.33820152,1,-0.963801563,1,-2.359274626,1,3.766444683074951,1,-2.211004972,0,0.1346551924943924,0,-0.461453766,0
13.63955879,-20.0135746,1,-10.54211998,1,-19.52593231,1,-1.120433569,1,-2.067787647,1,3.761431217193604,1,-2.21545434,0,0.1520454883575439,0,-0.463396639,0
13.64356136,-20.72508621,1,-10.05922985,1,-19.5171299,1,-1.283578873,1,-1.690672517,1,3.674570560455322,1,-2.220752001,0,0.1684668362140656,0,-0.466399372,0
13.64755821,-19.36678314,1,-9.53143692,1,-18.43903351,1,-1.43449831,1,-1.182363033,1,3.530677795410156,1,-2.226908445,0,0.1834409683942795,0,-0.47062245,0
13.65155888,-19.56248474,1,-9.893280029,1,-19.74745941,1,-1.544329524,1,-0.87002182,1,3.367722034454346,1,-2.233963013,0,0.1968434751033783,0,-0.476054162,0
13.65556049,-18.49747849,1,-9.961429596,1,-18.22369766,1,-1.662886143,1,-0.313285202,1,3.161469459533691,1,-2.241631985,0,0.2085711061954498,0,-0.482361466,0
13.6595583,-15.28706551,1,-9.801457405,1,-17.60938644,1,-1.761003613,1,0.092856497,1,2.921336174,1,-2.250068665,0,0.2183336019515991,0,-0.489809215,0
13.66355801,-12.30811119,1,-10.02096176,1,-16.64464188,1,-1.852262735,1,0.4718532562255859,1,2.700029373168945,1,-2.25909853,0,0.2263222187757492,0,-0.497994423,0
13.66755867,-10.06549168,1,-10.20498943,1,-15.71877384,1,-1.955976129,1,0.7758684158325195,1,2.489948272705078,1,-2.268698454,0,0.2327070534229279,0,-0.506775916,0
13.67155647,-7.976023197,1,-10.02645016,1,-14.86394596,1,-2.079718113,1,1.057652831077576,1,2.283509969711304,1,-2.278921366,0,0.2376129478216171,0,-0.5160079,0
13.67555618,-6.221821785,1,-9.624573708,1,-14.04959869,1,-2.183093548,1,1.290664434432983,1,2.081865549087524,1,-2.28971982,0,0.2411348521709442,0,-0.525540769,0
13.6795578,-4.228820801,1,-9.153467178,1,-13.01091671,1,-2.221435785,1,1.513139605522156,1,1.893994212150574,1,-2.300895691,0,0.2433527112007141,0,-0.535305917,0
13.6835556,-2.283619165,1,-8.56503582,1,-12.63774872,1,-2.189317226,1,1.690365911,1,1.718862771987915,1,-2.312129498,0,0.2444088459014893,0,-0.545201004,0
13.68755531,-1.37115407,1,-7.479811192,1,-11.92642117,1,-2.09513545,1,1.885789275169373,1,1.534662961959839,1,-2.32311964,0,0.2443472295999527,0,-0.555155396,0
13.69155598,-0.656724513,1,-5.969660282,1,-10.99510384,1,-1.905513287,1,2.151340007781982,1,1.315571665763855,1,-2.333570242,0,0.2429607510566711,0,-0.565241098,0
13.69555378,-0.427687854,1,-4.753035545,1,-9.709759712,1,-1.65391767,1,2.499152898788452,1,1.057681918144226,1,-2.343156815,0,0.2399373650550842,0,-0.575513542,0
13.69955349,-0.118424281,1,-4.032827377,1,-8.442139626,1,-1.36410296,1,2.938044786453247,1,0.7700168490409851,1,-2.351702929,0,0.2349424660205841,0,-0.586118221,0
13.70356083,0.3249737620353699,1,-3.659569502,1,-6.991948605,1,-1.030334353,1,3.449096918106079,1,0.4835309684276581,1,-2.359036922,0,0.227701262,0,-0.597208381,0
13.70756531,0.9761203527450562,1,-3.333286285,1,-5.616660595,1,-0.644961953,1,4.012362957000732,1,0.1791663467884064,1,-2.36498785,0,0.2180280387401581,0,-0.608925283,0
13.71156502,1.790173172950745,1,-2.81683445,1,-4.405917168,1,-0.254848123,1,4.598687648773193,1,-0.126940057,1,-2.369399548,0,0.2057963907718658,0,-0.621319056,0
13.71556664,2.636487961,1,-2.573974133,1,-3.385270119,1,0.1340291947126389,1,5.147417545318604,1,-0.427889913,1,-2.372204781,0,0.1910282224416733,0,-0.634357214,0
13.71956444,3.496744155883789,1,-2.239858389,1,-2.477647543,1,0.4911251068115234,1,5.633971214294434,1,-0.716814876,1,-2.373423576,0,0.1739198714494705,0,-0.647941232,0
13.72356415,4.314181804656982,1,-2.066851616,1,-1.857780099,1,0.8179950714111328,1,6.037827014923096,1,-0.985143304,1,-2.37308383,0,0.1547472178936005,0,-0.661912739,0
13.72756577,5.086142539978027,1,-1.850959778,1,-1.142074466,1,1.131186962127686,1,6.366178035736084,1,-1.237007022,1,-2.371230602,0,0.1338280737400055,0,-0.676129818,0
13.73156357,5.694028854370117,1,-1.772341967,1,-0.777846694,1,1.432166576385498,1,6.600566387176514,1,-1.489626765,1,-2.367851257,0,0.1114355325698853,0,-0.690434337,0
13.73556328,5.869791030883789,1,-2.0343256,1,-0.450664759,1,1.703893423080444,1,6.792872905731201,1,-1.715910316,1,-2.362990141,0,0.087810986,0,-0.704697907,0
13.73956394,5.247459411621094,1,-2.513869762,1,-0.418315947,1,1.944587111473083,1,6.958562850952148,1,-1.934736729,1,-2.35674715,0,0.063146815,0,-0.718917608,0
13.74356175,4.117894172668457,1,-3.043447971,1,-0.488042235,1,2.124587774276733,1,7.125081539154053,1,-2.14187026,1,-2.349321604,0,0.037509475,0,-0.733172715,0
13.74756146,2.886336803436279,1,-3.661066771,1,-0.779119849,1,2.253201484680176,1,7.279409885406494,1,-2.348411322,1,-2.340902805,0,0.010940874,0,-0.747485518,0
13.75156307,1.719684839248657,1,-4.427467346,1,-1.169764161,1,2.354076623916626,1,7.431499481201172,1,-2.563615561,1,-2.331645489,0,-0.016533725,0,-0.761898041,0
13.75556088,0.4831295609474182,1,-4.944478989,1,-1.763105154,1,2.395789146,1,7.559857845306396,1,-2.786207914,1,-2.321689367,0,-0.044876307,0,-0.776388168,0
13.75956059,-0.608727336,1,-5.135774612,1,-2.443487406,1,2.402352571487427,1,7.682291507720947,1,-3.026005268,1,-2.311215639,0,-0.074104398,0,-0.790929556,0
13.7635622,-1.653794527,1,-5.16736412,1,-2.989259005,1,2.385004043579102,1,7.806174755096436,1,-3.275664091,1,-2.300343752,0,-0.10422942,0,-0.805512905,0
13.76756001,-2.497186661,1,-4.956488132,1,-3.553058863,1,2.365011215209961,1,7.924798965454102,1,-3.536414385,1,-2.289087772,0,-0.135279894,0,-0.820156991,0
13.77155876,-3.434396505,1,-4.547142982,1,-4.079636574,1,2.363291263580322,1,8.043162346,1,-3.787842274,1,-2.27741766,0,-0.167247161,0,-0.834920466,0
13.77556038,-4.258863926,1,-3.90154314,1,-4.382954121,1,2.392764806747437,1,8.162828445,1,-4.032911301,1,-2.265192509,0,-0.200102136,0,-0.849856973,0
13.77955818,-4.81445837,1,-3.558079958,1,-4.50647068,1,2.454730272293091,1,8.269298553466797,1,-4.263586044,1,-2.24380374,0,-0.223567143,0,-0.80900979,0
13.78355789,-5.16503334,1,-3.507389069,1,-4.636122227,1,2.537665605545044,1,8.357506752,1,-4.476712227,1,-2.230050087,0,-0.257870078,0,-0.82480377,0
13.78755951,-5.3419981,1,-3.905647278,1,-4.501675129,1,2.614237308502197,1,8.404029846191406,1,-4.641953468,1,-2.215339661,0,-0.292722076,0,-0.841001034,0
13.79155731,-5.398928165,1,-4.30347681,1,-4.421510696,1,2.678720235824585,1,8.409307479858398,1,-4.771502972,1,-2.1996665,0,-0.327872157,0,-0.857639909,0
13.79555702,-5.390048981,1,-4.670855999,1,-4.36604023,1,2.703600883483887,1,8.369235992431641,1,-4.873273373,1,-2.183110952,0,-0.36309123,0,-0.874739766,0
13.79955959,-5.275953293,1,-4.731726646,1,-4.301552296,1,2.723243713378906,1,8.290909767150879,1,-4.92553997,1,-2.165726185,0,-0.398156524,0,-0.892313123,0
13.80355644,-4.942284107,1,-4.459813595,1,-4.293801785,1,2.741080522537231,1,8.193348885,1,-4.950032711,1,-2.1474998,0,-0.432845116,0,-0.910399556,0
13.80755615,-4.794100761,1,-4.008132458,1,-4.30938673,1,2.786333322525024,1,8.058279991149902,1,-4.943793297,1,-2.128341436,0,-0.467009157,0,-0.929041624,0
13.81155872,-4.730839252,1,-3.541737318,1,-4.341534615,1,2.852985382080078,1,7.934438228607178,1,-4.907252312,1,-2.108113527,0,-0.500490725,0,-0.948293626,0
13.81555653,-4.925743103,1,-2.906968117,1,-4.490175724,1,2.966752529144287,1,7.812698841094971,1,-4.846113682,1,-2.086582661,0,-0.533194959,0,-0.968324065,0
13.81955528,-5.192238331,1,-2.335410118,1,-4.434400558,1,3.100301742553711,1,7.707695484161377,1,-4.76936388,1,-2.063510895,0,-0.565030515,0,-0.989286184,0
13.82356262,-5.388471603,1,-1.963369489,1,-4.419843674,1,3.246939659118652,1,7.625414848327637,1,-4.67553854,1,-2.038700104,0,-0.595962584,0,-1.011363268,0
13.82756615,-5.171681404,1,-1.874091983,1,-4.430734158,1,3.388244152069092,1,7.542161942,1,-4.582139492,1,-2.012019396,0,-0.625921071,0,-1.034715414,0
13.83156681,-5.057741642,1,-1.948117614,1,-4.447049141,1,3.513323783874512,1,7.459196090698242,1,-4.45522213,1,-1.983436346,0,-0.654801965,0,-1.059433937,0
13.83556747,-5.116853237,1,-2.205972433,1,-4.266020775,1,3.621567249298096,1,7.389840126037598,1,-4.330412865,1,-1.952894211,0,-0.682489932,0,-1.085658789,0
13.83956432,-4.661390305,1,-0.582310319,1,-4.792176247,1,3.687598943710327,1,7.280760765075684,1,-4.247039318,1,-1.920474648,0,-0.708994687,0,-1.113409519,0
13.84356499,-3.517517328,1,5.022228240966797,1,-6.192347527,1,3.839255571365356,1,7.015898228,1,-4.23966074,1,-1.886578679,0,-0.734375834,0,-1.142010331,0
13.84756661,-4.170005798,1,4.631948471069336,1,-6.102588654,1,4.168505191802979,1,6.957529544830322,1,-4.137041092,1,-1.850475073,0,-0.758597136,0,-1.171629071,0
13.85156441,-5.237449169,1,1.988515377044678,1,-6.607744217,1,4.439763069152832,1,6.973590374,1,-4.012188435,1,-1.811160088,0,-0.781502485,0,-1.203280687,0
13.85556412,-5.352586746,1,1.442862749099731,1,-7.326756954,1,4.491257667541504,1,6.981469631195068,1,-3.88513422,1,-1.769099116,0,-0.80300492,0,-1.237196445,0
13.85956574,-5.606263638,1,0.4347380697727203,1,-7.344803333,1,4.450172901153564,1,7.021446704864502,1,-3.747991323,1,-1.724899054,0,-0.822951853,0,-1.27339828,0
13.86356449,-6.139593124,1,-0.502551556,1,-7.51757431,1,4.352101326,1,7.111086845397949,1,-3.585943222,1,-1.678644896,0,-0.841187418,0,-1.31213975,0
13.86756325,-6.427586555,1,-0.832603157,1,-7.949966431,1,4.174257278442383,1,7.250686168670654,1,-3.422656775,1,-1.630364656,0,-0.857556701,0,-1.353693962,0
13.87156487,-6.269233704,1,-1.2000705,1,-8.258173943,1,3.960194349,1,7.399276733398438,1,-3.264461994,1,-1.580268383,0,-0.871942163,0,-1.398123145,0
13.87556267,-6.201422215,1,-0.85322684,1,-8.878935814,1,3.760844469070435,1,7.504805088043213,1,-3.13982892,1,-1.528630495,0,-0.884243608,0,-1.445147753,0
13.87956238,-6.230083942,1,0.3807921409606934,1,-9.79393959,1,3.584115982055664,1,7.545878410339355,1,-3.033863068,1,-1.475856185,0,-0.894502759,0,-1.494186163,0
13.883564,-6.440898418,1,1.894677400588989,1,-10.25422764,1,3.446872711181641,1,7.565453529,1,-2.929684401,1,-1.422289014,0,-0.902677894,0,-1.544689178,0
13.8875618,-7.055845737,1,2.940381050109863,1,-10.4189167,1,3.439074039459229,1,7.616220474243164,1,-2.806167603,1,-1.367883801,0,-0.908670247,0,-1.596361876,0
13.89156151,-8.255347252,1,4.089285373687744,1,-10.49250603,1,3.562175512313843,1,7.675155639648438,1,-2.69407177,1,-1.312324643,0,-0.912387669,0,-1.649002075,0
13.89556313,-9.503595352,1,4.226836681365967,1,-10.53986931,1,3.744595766067505,1,7.719529628753662,1,-2.580165148,1,-1.255591154,0,-0.913791001,0,-1.702210307,0
13.89956093,-10.86079121,1,3.377231836,1,-10.49840736,1,3.889773845672607,1,7.734369277954102,1,-2.487155437,1,-1.198165894,0,-0.912903309,0,-1.755431652,0
13.90356064,-11.97638893,1,1.959832072257996,1,-10.40212727,1,3.934216022491455,1,7.704595089,1,-2.42732358,1,-1.140847802,0,-0.909870923,0,-1.808110833,0
13.90756226,-13.38633156,1,0.5208291411399841,1,-10.48625374,1,3.873004913330078,1,7.636336326599121,1,-2.410027266,1,-1.084525466,0,-0.904963493,0,-1.859746933,0
13.91156006,-15.83342552,1,-0.318010002,1,-10.96874142,1,3.73496151,1,7.564176559448242,1,-2.458149433,1,-1.029771328,0,-0.898474097,0,-1.910130501,0
13.91555977,-18.70987129,1,-0.094913423,1,-11.71429825,1,3.548069000244141,1,7.496133804321289,1,-2.570735216,1,-0.976811767,0,-0.890756249,0,-1.959342837,0
13.91956139,-21.44433022,1,0.4422376751899719,1,-12.15391922,1,3.363794088363647,1,7.430309295654297,1,-2.704464674,1,-0.925699353,0,-0.882008731,0,-2.007481098,0
13.92355919,-23.61539841,1,2.121650457382202,1,-12.26276302,1,3.245672702789307,1,7.315248966217041,1,-2.847464561,1,-0.876371324,0,-0.872394741,0,-2.054469109,0
13.9275589,-25.51255035,1,4.141433238983154,1,-12.04345608,1,3.253217935562134,1,7.095742225646973,1,-2.954394817,1,-0.828780055,0,-0.862175941,0,-2.09988308,0
13.93156052,-27.6816349,1,5.884110450744629,1,-11.81526661,1,3.373022556304932,1,6.761585235595703,1,-3.006269932,1,-0.782909632,0,-0.851566494,0,-2.143069744,0
13.93555832,-30.3034153,1,7.029557704925537,1,-11.52300358,1,3.557954072952271,1,6.303627967834473,1,-3.002414465,1,-0.738837481,0,-0.840919375,0,-2.183427334,0
13.93955803,-33.53172302,1,7.598799228668213,1,-10.82556534,1,3.742616891860962,1,5.736310482025146,1,-2.965841055,1,-0.696735501,0,-0.830632567,0,-2.220480204,0
13.94356632,-36.79676056,1,7.775172233581543,1,-9.858870506,1,3.839934825897217,1,5.080944061279297,1,-2.914193392,1,-0.65688771,0,-0.821121931,0,-2.2540133,0
13.94756985,-39.9261055,1,6.811879634857178,1,-8.492511749,1,3.792698145,1,4.347781181335449,1,-2.838839054,1,-0.619745135,0,-0.81283021,0,-2.283956528,0
13.95156956,-42.94167328,1,5.024242877960205,1,-7.537155151,1,3.575887680053711,1,3.599025726318359,1,-2.729946375,1,-0.585885048,0,-0.806069136,0,-2.310312748,0
13.95557213,-46.33255386,1,2.643426656723022,1,-6.866587639,1,3.214458227157593,1,2.894963741,1,-2.612538815,1,-0.555669188,0,-0.800929904,0,-2.333367348,0
13.95956898,-50.16407776,1,1.976000070571899,1,-6.842344761,1,2.727951526641846,1,2.237488269805908,1,-2.539065838,1,-0.529274046,0,-0.797466934,0,-2.353589535,0
13.96356869,-53.77684402,1,3.130341291427612,1,-6.683308601,1,2.245096683502197,1,1.661911487579346,1,-2.554709673,1,-0.506359756,0,-0.795741677,0,-2.37173605,0
13.96757126,-56.90794373,1,5.484201431274414,1,-5.956803322,1,1.852495551109314,1,1.117249608039856,1,-2.628130674,1,-0.486204296,0,-0.795800984,0,-2.38852334,0
13.97156906,-58.80674362,1,8.703801155090332,1,-4.549122334,1,1.556309342384338,1,0.5861846804618835,1,-2.721969604,1,-0.46809721,0,-0.79769063,0,-2.404350281,0
13.97556877,-59.45708084,1,11.63381385803223,1,-2.40432024,1,1.380515813827515,1,0.023014776,1,-2.786246538,1,-0.451516718,0,-0.801471949,0,-2.419329882,0
13.97957039,-59.27320862,1,14.01879119873047,1,0.2721090614795685,1,1.280643105506897,1,-0.579555273,1,-2.771232367,1,-0.436254442,0,-0.80725193,0,-2.433132648,0
13.98356819,-58.36190796,1,14.20790576934814,1,3.801831483840942,1,1.180226683616638,1,-1.164393306,1,-2.607682943,1,-0.42250669,0,-0.814926565,0,-2.445295811,0
13.9875679,-56.01854324,1,13.29440784454346,1,7.660509109,1,0.9691947102546692,1,-1.745275855,1,-2.253591776,1,-0.411134213,0,-0.824203372,0,-2.454926252,0
13.99156952,-51.96498108,1,12.61989212036133,1,10.37746429443359,1,0.6328840255737305,1,-2.310157776,1,-1.719163299,1,-0.40341419,0,-0.834822834,0,-2.461024046,0
13.99556732,-47.87824249,1,12.48439788818359,1,11.87077999,1,0.1356074512004852,1,-2.838296175,1,-1.125923634,1,-0.400549114,0,-0.846528649,0,-2.462828159,0
13.99956703,-38.16483307,1,6.746076583862305,1,3.225652694702148,1,-0.54958117,1,-3.431915522,1,-0.348542333,1,-0.403369009,0,-0.859173417,0,-2.459861279,0
14.00356865,-18.6699295,1,6.264601230621338,1,10.95305633544922,1,-2.818599224,1,-5.157276154,1,0.7015638947486877,1,-0.419301629,0,-0.874301553,0,-2.448332787,0
14.00756645,-79.16432953,1,15.63233470916748,1,21.62475395202637,1,-3.488986015,1,-6.578641415,1,2.0342381,1,-0.450569272,0,-0.893906474,0,-2.423926115,0
14.01156616,-53.88309479,1,5.485425472259521,1,28.42383193969727,1,-4.338226795,1,-5.726511002,1,2.767746925354004,1,-0.491231471,0,-0.911553085,0,-2.392370939,0
14.01556778,-20.8949585,1,2.453676939,1,9.384566307067871,1,-5.460335255,1,-5.926392555,1,3.845186710357666,1,-0.540240049,0,-0.925029457,0,-2.354822397,0
14.01956558,-34.5765152,1,0.6818586587905884,1,-7.946588516,1,-5.738816738,1,-6.09645319,1,4.777153491973877,1,-0.600978076,0,-0.93620342,0,-2.308202982,0
14.02356529,-43.55186844,1,3.690296411514282,1,-42.52638626,1,-3.937514305,1,-5.037260532,1,4.941388607025146,1,-0.659895062,0,-0.942836702,0,-2.259145498,0
14.02756691,-62.48230743,1,-23.53618431,1,-59.76180649,1,-3.419706821,1,-3.962888002,1,4.904267311096191,1,-0.71094656,0,-0.944170177,0,-2.21402669,0
14.03156471,-73.48248291,1,-40.9006691,1,-69.21934509,1,-4.416597843,1,-3.238693714,1,4.941150188446045,1,-0.74766469,0,-0.937029421,0,-2.202159166,0
14.03556442,-53.1488533,1,-25.91454124,1,-61.93898392,1,-5.916696072,1,-2.68191433,1,5.01000452,1,-0.799250603,0,-0.931439757,0,-2.164433241,0
14.03956509,-11.1849823,1,10.36233043670654,1,-35.12556458,1,-4.81574297,1,-3.019833565,1,5.082266330718994,1,-0.850631535,0,-0.924386024,0,-2.12776351,0
14.04356384,26.13827896118164,1,29.69250679016113,1,-24.11526871,1,-3.817690372,1,-3.219517469,1,5.084505558013916,1,-0.897039711,0,-0.916570902,0,-2.090586424,0
14.04756355,33.02840042114258,1,11.78602600097656,1,-13.81580067,1,-3.600500822,1,-4.893283844,1,5.166811466217041,1,-0.944444895,0,-0.909974694,0,-2.04931283,0
14.05156517,11.41647815704346,1,-14.6288414,1,-0.678738356,1,-4.084786892,1,-4.942483902,1,4.553443431854248,1,-0.995203316,0,-0.905318737,0,-2.004223108,0
14.05556297,-34.14002609,1,-20.46250916,1,-11.24589539,1,-4.888706207,1,-3.910998821,1,3.247161388397217,1,-1.043280125,0,-0.901081741,0,-1.966103554,0
14.05956268,-81.78068542,1,-1.333559155,1,-9.646539688,1,-4.107951164,1,-2.273582458,1,2.026854753494263,1,-1.081919074,0,-0.89834857,0,-1.940597057,0
14.06357002,-34.26250076,1,30.98637199401855,1,-6.87231636,1,-3.035833836,1,-1.327419877,1,1.804905295372009,1,-1.107503295,0,-0.894556165,0,-1.925821781,0
14.06757355,-5.189970493,1,42.10279846191406,1,-15.17371273,1,-1.826575518,1,-1.403792977,1,1.821752548217773,1,-1.127797842,0,-0.890549898,0,-1.912454128,0
14.07157326,-12.72446632,1,19.63722229003906,1,-17.70212746,1,-0.788196981,1,-0.801668286,1,1.321967959403992,1,-1.141029119,0,-0.886466563,0,-1.901965618,0
14.07557488,1.763657212257385,1,-5.573078632,1,-8.563417435,1,-0.656911612,1,-1.137311816,1,0.8047494292259216,1,-1.150007963,0,-0.88427937,0,-1.894009233,0
14.07957268,-13.4168663,1,-11.77678967,1,-12.66922092,1,-0.763755441,1,-0.993379772,1,0.7671467065811157,1,-1.159217,0,-0.883251011,0,-1.885634542,0
14.08357239,-8.890900612,1,-2.47808218,1,-9.379817009,1,-0.729629338,1,-1.025603771,1,0.8129945993423462,1,-1.168269038,0,-0.881919861,0,-1.877815127,0
14.08757496,-8.134444237,1,6.154115200042725,1,-13.08404446,1,-0.459033102,1,-0.965765059,1,0.7979185581207275,1,-1.176722765,0,-0.880466402,0,-1.870014191,0
14.09157181,-5.435321331,1,1.097846508026123,1,-12.55812454,1,-0.271066993,1,-1.076689243,1,0.7304983735084534,1,-1.184063196,0,-0.87920922,0,-1.862358809,0
14.09557152,-7.729997158,1,-10.23004723,1,-8.849603653,1,-0.417400599,1,-1.096915603,1,0.7369311451911926,1,-1.191577673,0,-0.878126502,0,-1.854315519,0
14.09957409,-8.953795433,1,-6.376817703,1,-7.910321236,1,-0.483402699,1,-1.101639032,1,0.7631621956825256,1,-1.199736238,0,-0.876957655,0,-1.846163511,0
14.10357189,-8.138540268,1,2.500450134277344,1,-8.648814201,1,-0.431222051,1,-0.941373706,1,0.8479387760162354,1,-1.20756948,0,-0.875387728,0,-1.838490844,0
14.1075716,-8.750480652,1,0.2719768285751343,1,-7.987727165,1,-0.291079909,1,-0.898809791,1,0.7748425602912903,1,-1.214425802,0,-0.873611629,0,-1.831366539,0
14.11157322,-7.08406353,1,-2.243929863,1,-7.702039719,1,-0.331407726,1,-0.836517751,1,0.6959584951400757,1,-1.220765948,0,-0.872067034,0,-1.824708581,0
14.11557102,-5.045890331,1,2.48067832,1,-9.91770649,1,-0.227999315,1,-0.775388539,1,0.6541188359260559,1,-1.226619601,0,-0.870634198,0,-1.818626285,0
14.11957073,-6.777579784,1,2.948966503143311,1,-10.43695164,1,-0.045309529,1,-0.838621378,1,0.6082333326339722,1,-1.231737614,0,-0.869324207,0,-1.812629461,0
14.12357235,-8.189641953,1,0.2236791998147964,1,-9.765022278,1,0.034566518,1,-0.929509223,1,0.57170409,1,-1.236603737,0,-0.868274689,0,-1.806225419,0
14.12757015,-5.841775894,1,-1.387575746,1,-10.21630096,1,0.078809917,1,-0.957418799,1,0.5842781066894531,1,-1.241484046,0,-0.86732316,0,-1.799551964,0
14.13156986,-3.005729198,1,-3.116868496,1,-11.28095627,1,0.1439274549484253,1,-1.057108998,1,0.6280909776687622,1,-1.246404767,0,-0.866312861,0,-1.792507768,0
14.13557053,-3.790458679,1,-4.177812099,1,-11.31885719,1,0.1400084793567657,1,-1.161801577,1,0.6542713642120361,1,-1.251713514,0,-0.865283132,0,-1.784758091,0
14.13956928,-4.890062332,1,-2.794822693,1,-12.59751987,1,0.010653738,1,-1.363577724,1,0.697115421,1,-1.257998347,0,-0.864282131,0,-1.776101828,0
14.14356804,-4.816464424,1,-0.918944061,1,-13.92411804,1,0.11577297,1,-1.590989113,1,0.7434683442115784,1,-1.265409231,0,-0.863329887,0,-1.766083956,0
14.14756966,-3.40928483,1,-3.660856962,1,-14.13581181,1,0.015131111,1,-1.867417216,1,0.7842392325401306,1,-1.273824215,0,-0.862447262,0,-1.754576206,0
14.15156746,-3.827444077,1,-2.079442739,1,-15.65767384,1,0.006377518,1,-2.184401035,1,0.7864559888839722,1,-1.283943653,0,-0.86178112,0,-1.741249561,0
14.15556717,-1.839244246,1,-1.481591702,1,-16.09349823,1,-0.004851039,1,-2.517251253,1,0.8224404454231262,1,-1.295439243,0,-0.861283422,0,-1.726023436,0
14.15956879,-2.435920238,1,-2.933082104,1,-17.87496185,1,-0.013871578,1,-2.944937229,1,0.7888004183769226,1,-1.308772206,0,-0.861076474,0,-1.708536506,0
14.16356659,-1.883336544,1,-3.491228104,1,-18.77398872,1,-0.015459711,1,-3.396291256,1,0.8162351846694946,1,-1.324038386,0,-0.86115551,0,-1.688499451,0
14.1675663,-2.034206629,1,-4.137738705,1,-18.497612,1,-0.170750201,1,-3.850040436,1,0.8704034686088562,1,-1.341671824,0,-0.861296654,0,-1.665674925,0
14.17156792,0.2655305564403534,1,-5.578761101,1,-20.15494728,1,-0.436855048,1,-4.469600201,1,0.9113686084747314,1,-1.362665892,0,-0.861407042,0,-1.639603615,0
14.17556667,-0.329772204,1,-3.676198483,1,-21.10370636,1,-0.55012238,1,-5.023715973,1,1.009955883026123,1,-1.387269497,0,-0.861365676,0,-1.609819651,0
14.17956543,2.012510061264038,1,-4.958731651,1,-21.02204132,1,-0.638029099,1,-5.648695469,1,1.123947024345398,1,-1.414981127,0,-0.860736191,0,-1.576480269,0
14.18357372,3.105979919433594,1,-4.729409695,1,-20.45214272,1,-0.613932312,1,-6.230137825,1,1.229685425758362,1,-1.445541143,0,-0.859447539,0,-1.539413214,0
14.18757725,3.731720447540283,1,-7.137916565,1,-19.46554375,1,-0.634246349,1,-6.914702415,1,1.439961194992065,1,-1.478949666,0,-0.856977463,0,-1.498564005,0
14.19157696,3.005295991897583,1,-7.693968296,1,-19.14858246,1,-0.735204935,1,-7.566813946,1,1.621085047721863,1,-1.515441179,0,-0.852975488,0,-1.453857422,0
14.19557858,2.504263401031494,1,-8.002965927,1,-19.27627182,1,-0.792040944,1,-8.072498322,1,1.772591114044189,1,-1.554467797,0,-0.847307205,0,-1.406048179,0
14.19957638,4.086302280426025,1,-6.232859135,1,-18.44341087,1,-0.770525455,1,-8.573529243,1,1.916423201560974,1,-1.595015049,0,-0.839820266,0,-1.356082201,0
14.20357609,4.865401268005371,1,-4.525839806,1,-17.77929688,1,-0.654304385,1,-8.738946915,1,2.104458332061768,1,-1.635853171,0,-0.830223382,0,-1.304827452,0
14.20757771,2.441396236419678,1,-5.071979046,1,-17.95313835,1,-0.655480266,1,-8.740071297,1,2.246254920959473,1,-1.675342679,0,-0.818564832,0,-1.254613996,0
14.21157551,-2.980891228,1,-4.572338104,1,-18.07194901,1,-0.671233475,1,-8.742094994,1,2.379744768,1,-1.713358402,0,-0.805060208,0,-1.205853105,0
14.21557522,-0.668008566,1,-2.526953697,1,-18.53812599,1,-0.49043256,1,-8.738298416,1,2.406023263931274,1,-1.749604225,0,-0.7899791,0,-1.158642054,0
14.21957779,-0.105055474,1,-1.907984853,1,-20.05378342,1,-0.292255312,1,-8.733962059,1,2.464689970016479,1,-1.783237934,0,-0.773684323,0,-1.112995505,0
14.22357464,-4.700959682,1,-1.373412728,1,-19.79824066,1,-0.141961083,1,-8.730387688,1,2.552205801010132,1,-1.814644337,0,-0.755943179,0,-1.069001913,0
14.22757435,-9.208219528,1,0.2585077285766602,1,-22.02036095,1,0.1789205819368362,1,-8.722653389,1,2.403949261,1,-1.843465805,0,-0.737351537,0,-1.026501894,0
14.23157692,-15.87104702,1,3.706604957580566,1,-20.42820549,1,0.7153529524803162,1,-8.71051693,1,2.076157093048096,1,-1.869405985,0,-0.719041049,0,-0.985016644,0
14.23557472,-17.54574394,1,2.917738676071167,1,-20.90386391,1,1.20115602,1,-8.701490402,1,2.161582231521606,1,-1.891816139,0,-0.700274408,0,-0.944734395,0
14.23957443,-22.37090111,1,1.683863520622253,1,-19.24519539,1,1.755378127098083,1,-8.689881325,1,2.035512447357178,1,-1.910859466,0,-0.68103677,0,-0.905593991,0
14.24357605,-33.74505615,1,-0.149808139,1,-13.31679249,1,2.294995784759521,1,-8.67781353,1,1.973329067230225,1,-1.926493645,0,-0.661696672,0,-0.867367983,0
14.24757385,-39.09374619,1,-3.902067423,1,-10.1798439,1,2.495417833328247,1,-8.67489624,1,2.222093582,1,-1.939346313,0,-0.641613483,0,-0.830263913,0
14.25157356,-49.55138016,1,-4.196298599,1,-6.995739937,1,2.187043905258179,1,-8.6394701,1,2.463499784469604,1,-1.951002836,0,-0.620182037,0,-0.794559836,0
14.25557518,-55.24280167,1,-2.70314765,1,-7.923844814,1,1.886912346,1,-7.277716637,1,2.487715482711792,1,-1.960940242,0,-0.59885776,0,-0.762938142,0
14.25957298,-56.31387329,1,1.236081719398499,1,-5.218536377,1,1.667322158813477,1,-5.710269928,1,2.386019468307495,1,-1.967504025,0,-0.57995379,0,-0.738556921,0
14.26357269,-45.27771378,1,3.639034271240234,1,-0.673577428,1,1.861349463,1,-4.247484207,1,2.215352535247803,1,-1.970092893,0,-0.56380868,0,-0.720992267,0
14.26757431,-25.74849319,1,2.125186204910278,1,1.670955657958984,1,1.966428995132446,1,-3.324822664,1,2.091408014297485,1,-1.968793392,0,-0.550073862,0,-0.708708107,0
14.27157211,-11.16858196,1,-10.66151237,1,6.750535965,1,1.407154440879822,1,-2.267505884,1,2.408613920211792,1,-1.965867043,0,-0.537541389,0,-0.700811267,0
14.27557182,-4.961802006,1,-12.09076595,1,10.54034614562988,1,0.2407483607530594,1,-2.657435656,1,2.666707038879395,1,-1.965559363,0,-0.524710655,0,-0.695199966,0
14.27957344,-42.58108902,1,-5.544430256,1,-2.680443048,1,-0.764585495,1,-2.52190733,1,2.657722473144531,1,-1.975216508,0,-0.515063286,0,-0.709649861,0
14.28357124,-49.11974716,1,-8.081069946,1,-9.152842522,1,-1.651362777,1,-1.330196381,1,2.539266825,1,-1.981720686,0,-0.502541721,0,-0.706375659,0
14.28757095,-22.3564167,1,-9.467041016,1,-7.353843212,1,-2.273002625,1,-0.910490394,1,2.347031354904175,1,-1.989576697,0,-0.491894007,0,-0.706507742,0
14.29157257,-10.15207195,1,-4.824709415,1,-5.120948315,1,-2.693486691,1,-1.434724331,1,2.264812707901001,1,-1.999760628,0,-0.481713653,0,-0.706091225,0
14.29557037,-5.433478832,1,-1.178557754,1,-3.166723251,1,-2.837972879,1,-2.334767818,1,2.291710138320923,1,-2.012446404,0,-0.470240206,0,-0.702735186,0
14.29957008,-7.760174751,1,-0.193987265,1,-4.506637573,1,-2.78299427,1,-2.976234674,1,2.303261041641235,1,-2.026533604,0,-0.45730868,0,-0.696409643,0
14.3035717,-9.417668343,1,-0.548511386,1,-5.281446457,1,-2.550344944,1,-3.404957533,1,2.28754735,1,-2.040817022,0,-0.44337827,0,-0.688260853,0
14.30757523,-11.6309042,1,1.149338483810425,1,-6.892590046,1,-2.141835451,1,-3.773414135,1,2.240619183,1,-2.054244757,0,-0.428726584,0,-0.678776383,0
14.31157589,-16.55207253,1,1.021137714385986,1,-8.830526352,1,-1.656788945,1,-3.99970293,1,2.189033747,1,-2.066132069,0,-0.413580358,0,-0.6682356,0
14.31557751,-20.81119537,1,-1.613163233,1,-10.5446558,1,-1.234785199,1,-4.034731388,1,2.174060821533203,1,-2.076169729,0,-0.39820084,0,-0.657404065,0
14.31957531,-21.68361473,1,-4.115358353,1,-11.94715977,1,-0.95497191,1,-3.959719658,1,2.169867753982544,1,-2.084527254,0,-0.382813632,0,-0.64688611,0
14.32357502,-20.48687935,1,-6.864767075,1,-12.93171597,1,-0.795626879,1,-3.882314205,1,2.154461622238159,1,-2.091679335,0,-0.367549717,0,-0.636844337,0
14.32757568,-18.62277222,1,-9.525462151,1,-13.95939541,1,-0.77445519,1,-3.877502203,1,2.189246654510498,1,-2.098209381,0,-0.352284789,0,-0.627129614,0
14.33157444,-17.41781235,1,-11.64925671,1,-15.0560112,1,-0.879813194,1,-3.934453249,1,2.262375354766846,1,-2.10471487,0,-0.336723536,0,-0.617603838,0
14.3355732,-16.93472862,1,-12.90805435,1,-16.49150658,1,-1.052572608,1,-4.040579796,1,2.386685848236084,1,-2.11161685,0,-0.320575804,0,-0.608158827,0
14.33957481,-17.04643631,1,-13.1318531,1,-17.54217339,1,-1.239484072,1,-4.170991898,1,2.510816574,1,-2.119105339,0,-0.303690851,0,-0.598724723,0
14.34357262,-17.61930847,1,-12.76634884,1,-18.47381783,1,-1.397863626,1,-4.32593441,1,2.645049095153809,1,-2.127145052,0,-0.286008328,0,-0.589260161,0
14.34757233,-18.34692764,1,-12.17864513,1,-19.49250984,1,-1.504739761,1,-4.487362385,1,2.770954132080078,1,-2.135573149,0,-0.267462283,0,-0.579729497,0
14.35157394,-19.08131981,1,-11.49403477,1,-20.46953773,1,-1.560479045,1,-4.658200741,1,2.896373510360718,1,-2.144170523,0,-0.248058736,0,-0.570104957,0
14.35557175,-19.52947807,1,-11.2761097,1,-21.38502121,1,-1.569107413,1,-4.811744213,1,3.023245096206665,1,-2.152729511,0,-0.227800488,0,-0.560433626,0
14.35957146,-19.78454208,1,-11.21802521,1,-22.05218887,1,-1.540434599,1,-4.9729352,1,3.171638250350952,1,-2.161041021,0,-0.20665589,0,-0.55074501,0
14.36357307,-20.07620621,1,-10.7491703,1,-22.44527626,1,-1.482895494,1,-5.101926804,1,3.327423095703125,1,-2.168963432,0,-0.184598804,0,-0.541139901,0
14.36757088,-20.2927475,1,-9.857830048,1,-22.89294243,1,-1.403276563,1,-5.21276474,1,3.454082012176514,1,-2.176378727,0,-0.161741316,0,-0.531675577,0
14.37157059,-20.17612648,1,-9.278367996,1,-23.28815651,1,-1.292190075,1,-5.314819813,1,3.560075759887695,1,-2.183174372,0,-0.138190106,0,-0.522329032,0
14.37557221,-20.27999496,1,-9.384432793,1,-23.48947716,1,-1.166639686,1,-5.355550766,1,3.673041582107544,1,-2.189250708,0,-0.114042155,0,-0.5131796,0
14.37957001,-20.18125343,1,-10.06924438,1,-23.59792328,1,-1.042721987,1,-5.36959362,1,3.795090198516846,1,-2.194561958,0,-0.089408703,0,-0.504371643,0
14.38356972,-20.43056107,1,-10.75055981,1,-23.63674355,1,-0.938374519,1,-5.325754642,1,3.912745475769043,1,-2.199157,0,-0.064364135,0,-0.496032149,0
14.38757134,-20.5771122,1,-11.16639519,1,-23.9813385,1,-0.880556107,1,-5.214003563,1,4.018447875976563,1,-2.203198671,0,-0.039135624,0,-0.488385826,0
14.39156914,-21.62482262,1,-11.50496674,1,-24.09934425,1,-0.823762596,1,-5.056290627,1,4.110175609588623,1,-2.206777573,0,-0.013839046,0,-0.481444448,0
14.39556885,-22.06303024,1,-11.51080608,1,-24.31435204,1,-0.819443643,1,-4.851653576,1,4.152140617370605,1,-2.210056543,0,0.01125206,0,-0.475359887,0
14.39957142,-22.03557777,1,-11.89500427,1,-24.17285919,1,-0.829791248,1,-4.640043736,1,4.182598591,1,-2.213240147,0,0.035959601,0,-0.470126003,0
14.40356922,-21.55189323,1,-11.91654873,1,-24.38583565,1,-0.893002987,1,-4.36224556,1,4.194739342,1,-2.216475248,0,0.060187902,0,-0.465823472,0
14.40756798,-20.87628365,1,-12.17036915,1,-24.23968697,1,-0.928341508,1,-4.174106598,1,4.210654258728027,1,-2.219860792,0,0.083906844,0,-0.462304384,0
14.41157055,-19.66721535,1,-12.24362564,1,-24.46881485,1,-0.9842453,1,-4.005959511,1,4.209558486938477,1,-2.22342205,0,0.1071974411606789,0,-0.45950228,0
14.41556931,-18.34189987,1,-12.20618248,1,-24.62730408,1,-1.068762898,1,-3.884020805,1,4.204955101013184,1,-2.227241039,0,0.1301452666521072,0,-0.457220048,0
14.41956806,-17.11816406,1,-11.69944954,1,-24.97851944,1,-1.148649216,1,-3.838781118,1,4.175419330596924,1,-2.231396914,0,0.1528481543064117,0,-0.455256701,0
14.42356968,-15.94682312,1,-11.58316517,1,-25.33919525,1,-1.240737438,1,-3.829977512,1,4.130220890045166,1,-2.235873699,0,0.1753769963979721,0,-0.453373551,0
14.4275732,-14.97137833,1,-11.33815765,1,-25.67397499,1,-1.339174867,1,-3.850801706,1,4.063424587249756,1,-2.240664721,0,0.1977600455284119,0,-0.451422781,0
14.43157291,-14.14249897,1,-11.37559032,1,-25.98070145,1,-1.458320856,1,-3.854279995,1,3.961018323898315,1,-2.245812654,0,0.2199126183986664,0,-0.4493092,0
14.43557453,-13.20929623,1,-12.02503014,1,-25.95153809,1,-1.611946225,1,-3.810691357,1,3.825232028961182,1,-2.251427889,0,0.2416808307170868,0,-0.447067589,0
14.43957233,-12.64791393,1,-13.17481995,1,-25.47875786,1,-1.840669632,1,-3.681970596,1,3.654536008834839,1,-2.257750511,0,0.262765646,0,-0.444806457,0
14.44357204,-12.2678442,1,-14.31744289,1,-24.84942627,1,-2.148029804,1,-3.470825434,1,3.450384378433228,1,-2.265142679,0,0.2828575372695923,0,-0.442727178,0
14.44757366,-11.87810326,1,-14.96245193,1,-23.97552109,1,-2.499841213,1,-3.173690557,1,3.189804553985596,1,-2.273955822,0,0.3015831112861633,0,-0.441014826,0
14.45157147,-12.18068123,1,-14.65099144,1,-22.83466148,1,-2.855633259,1,-2.74399066,1,2.892216205596924,1,-2.284338236,0,0.3185422420501709,0,-0.43988958,0
14.45557022,-12.50537491,1,-13.59330273,1,-21.90626526,1,-3.141974449,1,-2.222213745,1,2.540227174758911,1,-2.296238899,0,0.333282858,0,-0.43953985,0
14.45957279,-11.4889822,1,-12.26675415,1,-20.89460945,1,-3.356649876,1,-1.605970383,1,2.193162679672241,1,-2.309468031,0,0.3454532623291016,0,-0.440185726,0
14.4635706,-9.759669304,1,-10.53199863,1,-19.63613319,1,-3.457532644,1,-0.931574881,1,1.828533291816711,1,-2.323741913,0,0.3548069596290588,0,-0.442008734,0
14.46757031,-6.536957741,1,-7.997424126,1,-18.13205528,1,-3.432439089,1,-0.242098048,1,1.50004518,1,-2.338637114,0,0.3612369000911713,0,-0.445086062,0
14.47157288,-2.014302969,1,-5.165897846,1,-16.7443161,1,-3.259143114,1,0.3934475779533386,1,1.196404933929443,1,-2.353585243,0,0.3648492991924286,0,-0.449361742,0
14.47556973,3.197583436965942,1,-2.469427347,1,-15.45884609,1,-2.868970156,1,0.9578348398208618,1,0.9197480082511902,1,-2.367771626,0,0.3658903837203979,0,-0.454628408,0
14.47956848,7.918565273284912,1,-0.04007706,1,-14.29919815,1,-2.332971811,1,1.420198559761047,1,0.6687931418418884,1,-2.380334854,0,0.3646556735038757,0,-0.460597873,0
14.48357105,12.24464035,1,1.788405656814575,1,-12.6432476,1,-1.645851851,1,1.797323822975159,1,0.4628201723098755,1,-2.390639305,0,0.3615044057369232,0,-0.467088968,0
14.48756886,13.51727485656738,1,2.483169794082642,1,-12.06230068,1,-0.87832886,1,2.077350378036499,1,0.299603671,1,-2.398087978,0,0.3568333983421326,0,-0.473891437,0
14.49156857,12.18915271759033,1,2.748064517974854,1,-10.41124344,1,-0.106923141,1,2.431951522827148,1,0.1977124214172363,1,-2.402574301,0,0.3508767485618591,0,-0.481145531,0
14.49557018,10.93302726745605,1,2.689920187,1,-8.580841064,1,0.5929696559906006,1,2.902629137039185,1,0.079456501,1,-2.404312611,0,0.343369722,0,-0.489202231,0
14.49956799,10.47208595275879,1,1.554759383201599,1,-6.43862772,1,1.171204686164856,1,3.460456609725952,1,-0.051613644,1,-2.403766155,0,0.3340080976486206,0,-0.498302281,0
14.5035677,9.950684547424316,1,0.1267958879470825,1,-4.438549042,1,1.619656682014465,1,4.104374885559082,1,-0.21044153,1,-2.401497602,0,0.3225001096725464,0,-0.508651257,0
14.50756931,9.730295181274414,1,-0.721903563,1,-2.994353533,1,1.951136350631714,1,4.784895420074463,1,-0.418810964,1,-2.397955418,0,0.3085591197013855,0,-0.52032268,0
14.51156712,9.733439445495605,1,-1.334127188,1,-1.857101321,1,2.148789405822754,1,5.468480110168457,1,-0.660350084,1,-2.393542767,0,0.2920303344726563,0,-0.533239365,0
14.51556683,10.58724975585938,1,-1.764029622,1,-1.131156206,1,2.234133243560791,1,6.102457046508789,1,-0.914150894,1,-2.388663292,0,0.272947222,0,-0.547286212,0
14.51956844,11.38578987121582,1,-1.822782993,1,-0.537142515,1,2.224000453948975,1,6.652070522,1,-1.155259967,1,-2.383616686,0,0.2515308260917664,0,-0.562285364,0
14.52356625,11.71142768859863,1,-1.521837115,1,-0.156463504,1,2.167049646377563,1,7.115002632141113,1,-1.385077119,1,-2.378586769,0,0.2280663549900055,0,-0.578052342,0
14.52756596,11.93529987335205,1,-0.765109599,1,-0.000223482,1,2.114524126052856,1,7.493902683258057,1,-1.612151384,1,-2.373523474,0,0.2028381824493408,0,-0.59437269,0
14.53156757,11.56279850006104,1,0.4968716204166412,1,0.042612433,1,2.104120492935181,1,7.794457436,1,-1.846218348,1,-2.365681648,0,0.18892549,0,-0.578092158,0
14.53556633,10.78095245361328,1,1.722402334213257,1,-0.199920431,1,2.142730474472046,1,8.035395622253418,1,-2.067148209,1,-2.360148668,0,0.1608826816082001,0,-0.595013857,0
14.53956604,9.432564735412598,1,2.463989973068237,1,-0.663523853,1,2.239904880523682,1,8.241993904,1,-2.258560896,1,-2.35388875,0,0.1317189782857895,0,-0.612076223,0
14.54356766,7.397569179534912,1,2.455655813217163,1,-1.182059526,1,2.391693115234375,1,8.430039405822754,1,-2.433983803,1,-2.346642971,0,0.10160701,0,-0.629304647,0
14.54757023,5.178633213043213,1,1.950322151184082,1,-1.9734478,1,2.564618825912476,1,8.615616798400879,1,-2.609363317,1,-2.338227749,0,0.070604622,0,-0.646767259,0
14.55157089,3.360249042510986,1,0.902164102,1,-2.9382689,1,2.676861524581909,1,8.762716293334961,1,-2.789621115,1,-2.328688383,0,0.03878193,0,-0.664472461,0
14.55557251,1.831116437911987,1,-0.421448648,1,-3.764662981,1,2.699620723724365,1,8.776622772216797,1,-2.974867105,1,-2.318313122,0,0.006375848,0,-0.682201266,0
14.55957127,0.6968715190887451,1,-1.828770995,1,-4.57242012,1,2.629669666290283,1,8.775978088378906,1,-3.15771842,1,-2.307477474,0,-0.026392411,0,-0.699782431,0
14.56357002,-0.531073511,1,-2.723214626,1,-5.283835411,1,2.525880336761475,1,8.774474143981934,1,-3.325353146,1,-2.296402216,0,-0.059472539,0,-0.71727562,0
14.56757164,-1.957519412,1,-3.381358385,1,-6.076226711,1,2.393030881881714,1,8.772099494934082,1,-3.470883131,1,-2.28522563,0,-0.092840582,0,-0.734739423,0
14.57156944,-3.12045455,1,-3.728644371,1,-6.777587891,1,2.264226913452148,1,8.771307945251465,1,-3.603001118,1,-2.274000645,0,-0.126426578,0,-0.752266645,0
14.57556915,-4.483163357,1,-3.543535233,1,-7.505320549,1,2.162562370300293,1,8.768378257751465,1,-3.710754395,1,-2.262641668,0,-0.160164282,0,-0.769940495,0
14.57957077,-5.714626789,1,-2.76660037,1,-8.10611248,1,2.118315458297729,1,8.768712997436523,1,-3.823115349,1,-2.250945568,0,-0.194048494,0,-0.787808657,0
14.58356857,-6.645226479,1,-1.943657041,1,-8.465741158,1,2.127944946289063,1,8.769610404968262,1,-3.924345732,1,-2.238685846,0,-0.228050768,0,-0.805942476,0
14.58756828,-7.133952141,1,-1.18651998,1,-8.671001434,1,2.197015762329102,1,8.771703720092773,1,-4.00316906,1,-2.225560427,0,-0.262111813,0,-0.824440241,0
14.5915699,-7.4058671,1,-0.654342592,1,-8.654612541,1,2.317969083786011,1,8.773914337158203,1,-4.055614471,1,-2.211308241,0,-0.296142995,0,-0.84342891,0
14.5955677,-7.746890068,1,-0.228543699,1,-8.393380165,1,2.478451013565063,1,8.777605056762695,1,-4.075656891,1,-2.195677519,0,-0.33003217,0,-0.863061666,0
14.59956741,-7.926017761,1,-0.053116877,1,-8.109493256,1,2.652307987213135,1,8.781064033508301,1,-4.050075054,1,-2.178451538,0,-0.363598675,0,-0.883538544,0
14.60356903,-8.055696487,1,-0.247980893,1,-7.543471336,1,2.820856571,1,8.783818244934082,1,-3.98007679,1,-2.159526587,0,-0.39666304,0,-0.905051053,0
14.60756683,-7.956464291,1,-0.511101246,1,-6.883267879,1,2.961630344390869,1,8.787199974060059,1,-3.8684268,1,-2.138814211,0,-0.429027379,0,-0.927797318,0
14.61156654,-7.498353004,1,-1.212606192,1,-6.105519772,1,3.062295198440552,1,8.788517951965332,1,-3.698661566,1,-2.116341352,0,-0.460460037,0,-0.951983094,0
14.61556816,-6.885660172,1,-1.941841364,1,-5.425782681,1,3.116083860397339,1,8.786909103393555,1,-3.487747669,1,-2.092151165,0,-0.490724325,0,-0.977795482,0
14.61956596,-6.4558568,1,-2.293559551,1,-4.886779308,1,3.136155843734741,1,8.786121368408203,1,-3.247566938,1,-2.066277027,0,-0.519603431,0,-1.005382538,0
14.62356567,-6.111854076,1,-2.084430695,1,-4.617886543,1,3.133881092071533,1,8.785204887390137,1,-2.98918128,1,-2.038763523,0,-0.546934485,0,-1.034837008,0
14.62756729,-6.217159271,1,-1.45795095,1,-4.560465813,1,3.156247615814209,1,8.783479690551758,1,-2.733732462,1,-2.009530067,0,-0.57261771,0,-1.066193938,0
14.63156509,-6.590795994,1,-0.793296814,1,-4.758697033,1,3.232276439666748,1,8.783630371,1,-2.478968382,1,-1.978404284,0,-0.596551001,0,-1.099471569,0
14.6355648,-7.267361164,1,-0.025813907,1,-4.991338253,1,3.384669780731201,1,8.785098075866699,1,-2.242839813,1,-1.945103645,0,-0.618667245,0,-1.134659052,0
14.63956642,-8.344268799,1,0.7739335298538208,1,-5.183989525,1,3.596687078475952,1,8.788675308227539,1,-2.044635057,1,-1.909366965,0,-0.638958037,0,-1.171691537,0
14.64356422,-9.581266403,1,1.196072578430176,1,-5.291841984,1,3.865672826766968,1,8.793814659118652,1,-1.90349853,1,-1.871035814,0,-0.657489359,0,-1.210464001,0
14.64756393,-10.76012039,1,1.316746830940247,1,-5.418022156,1,4.132045269012451,1,8.799190521240234,1,-1.807528496,1,-1.830063581,0,-0.674322724,0,-1.250867009,0
14.65156651,-11.40030956,1,1.070016145706177,1,-5.282938004,1,4.348857879638672,1,8.802644729614258,1,-1.754329443,1,-1.786674261,0,-0.689540863,0,-1.292773843,0
14.65556335,-11.61567497,1,-0.236048564,1,-4.80557394,1,4.507811069488525,1,8.806730270385742,1,-1.713018894,1,-1.7411654,0,-0.703107536,0,-1.336088419,0
14.65956307,-11.60335445,1,-1.517141938,1,-4.428911686,1,4.627753257751465,1,8.808054924,1,-1.687484145,1,-1.693824887,0,-0.714972973,0,-1.380698442,0
14.66356564,-11.35300446,1,-2.43350172,1,-4.250841618,1,4.671979904174805,1,8.808911323547363,1,-1.728460193,1,-1.645030141,0,-0.725228846,0,-1.42644608,0
14.66756821,-10.88559818,1,-3.409721851,1,-4.250529766,1,4.595584869384766,1,8.808403968811035,1,-1.808508754,1,-1.595303774,0,-0.734024107,0,-1.473189473,0
14.67156792,-10.2500639,1,-4.291067123,1,-4.58943367,1,4.444872379302979,1,8.805772781,1,-1.92720139,1,-1.545181036,0,-0.741467237,0,-1.520804524,0
14.67556953,-9.90969944,1,-5.004964828,1,-5.220407009,1,4.259732723236084,1,8.780388832092285,1,-2.061256647,1,-1.495006561,0,-0.747635484,0,-1.56915307,0
14.67956734,-9.934711456,1,-5.145625114,1,-6.471074581,1,4.119047642,1,8.650357246398926,1,-2.222275734,1,-1.445134044,0,-0.752641976,0,-1.617741346,0
14.68356705,-10.63363457,1,-4.560515881,1,-7.928750038,1,4.030811786651611,1,8.529445648193359,1,-2.421022654,1,-1.395602822,0,-0.756653547,0,-1.666285038,0
14.68756867,-11.82033157,1,-3.803143024,1,-9.429973602,1,4.014392375946045,1,8.443741798400879,1,-2.673687696,1,-1.346108198,0,-0.759892642,0,-1.714885831,0
14.69156647,-12.94554043,1,-2.974318504,1,-10.80866909,1,4.065134525299072,1,8.396259307861328,1,-2.979146957,1,-1.296225548,0,-0.762513816,0,-1.763796926,0
14.69556618,-13.79219723,1,-2.611085653,1,-11.8851347,1,4.172158241271973,1,8.373272895812988,1,-3.322606325,1,-1.245536447,0,-0.764632165,0,-1.813294411,0
14.6995678,-14.85695267,1,-2.585910082,1,-13.01721478,1,4.321461678,1,8.37098217,1,-3.70423317,1,-1.193684578,0,-0.766304851,0,-1.863608241,0
14.70356655,-16.08698463,1,-2.81360507,1,-14.0956831,1,4.453906536102295,1,8.340726852416992,1,-4.142533779,1,-1.140558004,0,-0.767599642,0,-1.914850473,0
14.70756531,-17.27213097,1,-3.437511683,1,-15.08193302,1,4.521018981933594,1,8.292272567749023,1,-4.606534004,1,-1.086262226,0,-0.768588543,0,-1.967139482,0
14.71156693,-18.61314201,1,-3.996937275,1,-16.31857681,1,4.521499633789063,1,8.192036628723145,1,-5.055114746,1,-1.03117907,0,-0.769277096,0,-2.02031064,0
14.71556568,-20.01388168,1,-4.433263302,1,-17.71664619,1,4.474047183990479,1,8.020189285,1,-5.487511635,1,-0.975702524,0,-0.769629002,0,-2.074183464,0
14.71956444,-22.51277733,1,-4.472716331,1,-19.08295059,1,4.431684017181396,1,7.806311130523682,1,-5.898911476,1,-0.92009294,0,-0.769667327,0,-2.128504515,0
14.72356701,-25.817873,1,-4.234636307,1,-19.96456528,1,4.413834095001221,1,7.540278434753418,1,-6.265788078,1,-0.864452362,0,-0.769358397,0,-2.183051586,0
14.72756386,-30.14295197,1,-4.427334309,1,-20.39592743,1,4.425398826599121,1,7.280451298,1,-6.547486305,1,-0.808853865,0,-0.768528223,0,-2.237587929,0
14.73156357,-34.45059967,1,-4.080866337,1,-19.96259308,1,4.414194583892822,1,6.999946594238281,1,-6.773104191,1,-0.753464282,0,-0.767015636,0,-2.291875601,0
14.73556614,-38.54141235,1,-3.95260644,1,-18.36628723,1,4.396784306,1,6.689189434051514,1,-6.886996269,1,-0.698689997,0,-0.764709234,0,-2.345464468,0
14.73956394,-40.9262352,1,-4.450185299,1,-15.72118473,1,4.341765403747559,1,6.329752922058105,1,-6.850032806,1,-0.645079613,0,-0.761443555,0,-2.397721529,0
14.7435627,-41.93687439,1,-3.711465359,1,-13.02130795,1,4.248762130737305,1,5.767255306243896,1,-6.648102283,1,-0.5936203,0,-0.757388473,0,-2.447493792,0
14.74756432,-43.73006821,1,-1.676581383,1,-10.84423161,1,4.198501110076904,1,4.984165191650391,1,-6.289010048,1,-0.545252144,0,-0.753238201,0,-2.493431091,0
14.75156307,-47.52397919,1,-0.318630815,1,-9.301804543,1,4.203953742980957,1,4.156207084655762,1,-5.781245708,1,-0.500374317,0,-0.749470949,0,-2.53457284,0
14.75556183,-51.95274353,1,3.003048896789551,1,-8.705043793,1,4.257020473480225,1,3.246168137,1,-5.140461445,1,-0.459140986,0,-0.746423542,0,-2.570362568,0
14.75956345,-58.51442337,1,5.482447147369385,1,-7.31940937,1,4.471899032592773,1,2.465846777,1,-4.408742428,1,-0.421263635,0,-0.744303048,0,-2.600495577,0
14.76356125,-63.62686157,1,5.032890796661377,1,-6.190209389,1,4.597288131713867,1,1.804053187,1,-3.6774261,1,-0.386309147,0,-0.742818296,0,-2.625230789,0
14.76756096,-67.69277191,1,3.753525257110596,1,-4.303980827,1,4.410850524902344,1,1.263005018234253,1,-2.948424339,1,-0.35486117,0,-0.741940856,0,-2.644965887,0
14.77156258,-70.84283447,1,2.409136295318604,1,-1.527749062,1,3.943722009658813,1,0.8670087456703186,1,-2.302320004,1,-0.32772243,0,-0.741498053,0,-2.660302639,0
14.77556038,-71.01426697,1,1.476693511009216,1,1.512315034866333,1,3.237652540206909,1,0.5970803499221802,1,-1.628076315,1,-0.30565688,0,-0.741153121,0,-2.671694279,0
14.77956009,-67.02635956,1,5.054666042327881,1,4.805449009,1,2.514311552047729,1,0.3211095333099365,1,-0.970866799,1,-0.310448408,0,-0.76308465,0,-2.593653202,0
14.78356171,-61.42991257,1,12.04740333557129,1,7.425446987,1,2.070822715759277,1,-0.158524022,1,-0.313945353,1,-0.298885494,0,-0.763516307,0,-2.597192049,0
14.78756523,-59.1357193,1,16.40368270874023,1,10.20640754699707,1,1.872619986534119,1,-0.614859104,1,0.4658458232879639,1,-0.291743159,0,-0.764951229,0,-2.596195221,0
14.79156494,-57.15438843,1,18.82657241821289,1,10.73022651672363,1,1.637720584869385,1,-1.023807883,1,1.212576508522034,1,-0.28870976,0,-0.767101288,0,-2.590375423,0
14.79556751,-52.95743179,1,17.03668785095215,1,11.25595951080322,1,1.543921232223511,1,-1.457189798,1,2.025268793106079,1,-0.289718777,0,-0.770033777,0,-2.579805136,0
14.79956436,-53.85453796,1,15.82926273345947,1,9.710999488830566,1,1.366668939590454,1,-1.759723067,1,2.732678890228271,1,-0.294581801,0,-0.773500085,0,-2.564456463,0
14.80356407,-53.54616165,1,13.22939586639404,1,6.816440105438232,1,1.027297377586365,1,-1.946528673,1,3.282626152038574,1,-0.303216428,0,-0.777056098,0,-2.545233488,0
14.80756664,-52.70103455,1,8.771842002868652,1,4.728720664978027,1,0.4894109964370728,1,-2.028604269,1,3.665385961532593,1,-0.315634668,0,-0.780385971,0,-2.52316618,0
14.81156445,-48.2792511,1,5.345880985,1,3.724005222320557,1,-0.225065067,1,-2.176857233,1,3.858319997787476,1,-0.331927538,0,-0.783522129,0,-2.499243498,0
14.81556416,-40.52006912,1,5.032450199127197,1,3.092938423156738,1,-0.969680011,1,-2.512048721,1,3.857573032,1,-0.351995111,0,-0.787115216,0,-2.474226475,0
14.81956577,16.51814651489258,1,-38.39219666,1,-13.12503433,1,-6.14610672,1,-3.787054062,1,3.426515579223633,1,-0.383001864,0,-0.793279827,0,-2.447898388,0
14.82356358,-27.46588516,1,18.95102119445801,1,-1.186235547,1,-4.996474743,1,-5.672855377,1,2.966039657592773,1,-0.426022232,0,-0.805913091,0,-2.421736956,0
14.82756329,-8.391446114,1,8.002835273742676,1,0.4928266704082489,1,-4.783214092,1,-4.866335392,1,2.052883148193359,1,-0.465634406,0,-0.820970953,0,-2.393893957,0
14.8315649,22.03775787353516,1,-15.56070995,1,-21.6078949,1,-4.37919569,1,-4.577054024,1,1.798197627067566,1,-0.499596924,0,-0.833610952,0,-2.372170925,0
14.83556271,21.69578362,1,-37.06785202,1,-26.32250023,1,-5.12027359,1,-6.600029945,1,1.995513200759888,1,-0.538603902,0,-0.84914422,0,-2.345383167,0
14.83956146,5.261262893676758,1,-34.58517075,1,-45.8056488,1,-6.082790852,1,-7.474150658,1,2.377912044525146,1,-0.5867365,0,-0.868597329,0,-2.311150551,0
14.84356308,-28.5297966,1,-32.32614899,1,-51.56137085,1,-7.689903736,1,-8.595640182,1,3.380527257919312,1,-0.647779167,0,-0.888016343,0,-2.267668962,0
14.84756088,-78.21388245,1,-7.403982162,1,-61.53496933,1,-7.628490448,1,-8.904169083,1,5.589165210723877,1,-0.723699808,0,-0.904215872,0,-2.210153341,0
14.85156059,-110.2866669,1,23.62524223327637,1,-64.30267334,1,-7.324017048,1,-6.505185127,1,6.807932854,1,-0.805473924,0,-0.909351826,0,-2.144366264,0
14.85556221,-67.56767273,1,51.98846435546875,1,-49.76916885,1,-5.408248901,1,-3.311497688,1,5.814358234405518,1,-0.871469557,0,-0.903490424,0,-2.093604803,0
14.85956001,-12.35906887,1,54.44084548950195,1,-27.8868885,1,-3.037448168,1,-3.062817574,1,5.673301696777344,1,-0.917863727,0,-0.893193603,0,-2.056154251,0
14.86355972,43.93325805664063,1,39.39341354370117,1,-12.17188931,1,-1.614054441,1,-4.877985477,1,5.886093616485596,1,-0.959338367,0,-0.883699775,0,-2.014155388,0
14.86756134,25.83927726745605,1,-11.20169544,1,12.23132896,1,-1.773905277,1,-5.370546341,1,5.042739868164063,1,-1.001983881,0,-0.877059817,0,-1.967065096,0
14.87155914,-24.68512154,1,-43.71740723,1,1.337782144546509,1,-3.336699486,1,-4.354578495,1,3.524095535,1,-1.042688251,0,-0.87251389,0,-1.927067876,0
14.87555885,-81.16345978,1,-38.39204788,1,-9.617117882,1,-4.026260376,1,-2.847668648,1,1.591224670410156,1,-1.079319954,0,-0.870874226,0,-1.8993783,0
14.87956047,-75.61704254,1,16.83053779602051,1,-5.779014587,1,-3.224885702,1,-0.908226907,1,1.920956969261169,1,-1.104767084,0,-0.868122518,0,-1.88527143,0
14.88355827,13.56541156768799,1,52.77512359619141,1,-14.41703796,1,-2.048133612,1,-1.003195763,1,1.845531105995178,1,-1.123254418,0,-0.863020539,0,-1.874738932,0
14.88755798,-5.908656597,1,30.46498107910156,1,-21.18241882,1,-0.924723089,1,-0.302918792,1,1.760647058486938,1,-1.135617733,0,-0.857524931,0,-1.866167784,0
14.89155865,-9.189769745,1,-13.22326756,1,-8.528253555,1,-0.570238411,1,-0.482085347,1,1.045633316040039,1,-1.142358065,0,-0.852858424,0,-1.860854268,0
14.8955574,-9.659197807,1,-20.82484436,1,-13.04154015,1,-0.82498914,1,-0.932047486,1,0.8586146235466003,1,-1.149936199,0,-0.850915194,0,-1.854486227,0
14.89955616,-3.856989861,1,-5.619486809,1,-11.19560051,1,-1.135632277,1,-0.736589134,1,1.253246426582336,1,-1.159265399,0,-0.848318934,0,-1.847305655,0
14.90355778,-1.876819134,1,-6.619070053,1,-11.85351563,1,-1.1283741,1,-0.797886014,1,1.260610222816467,1,-1.169346929,0,-0.844855547,0,-1.839923382,0
14.90756226,-8.424292564,1,0.5319415330886841,1,-12.76731968,1,-1.081153035,1,-0.911073625,1,1.108604788780212,1,-1.179359436,0,-0.841778636,0,-1.832578301,0
14.91156197,-11.63684082,1,9.559855461120605,1,-12.80580235,1,-0.694721997,1,-0.984691322,1,1.075594782829285,1,-1.18871212,0,-0.83922267,0,-1.824724674,0
14.91556358,-7.369650364,1,1.481506705284119,1,-11.21378326,1,-0.427687943,1,-0.974962234,1,0.9563905596733093,1,-1.196612597,0,-0.836836934,0,-1.817048907,0
14.91956139,-5.689768791,1,-1.998755097,1,-9.819833755,1,-0.381663173,1,-1.062508464,1,0.863791823,1,-1.203848243,0,-0.834951639,0,-1.809507847,0
14.9235611,-8.168148994,1,4.391921997070313,1,-11.3523798,1,-0.233019322,1,-1.069577932,1,0.8324297070503235,1,-1.211290121,0,-0.833402157,0,-1.80120635,0
14.92756271,-5.898561478,1,1.863466262817383,1,-8.49519825,1,-0.045344967,1,-1.02942872,1,0.7447020411491394,1,-1.217209578,0,-0.831856847,0,-1.794047117,0
14.93156052,-6.799734592,1,-3.480433226,1,-10.15602398,1,-0.054817814,1,-1.038629651,1,0.7017270922660828,1,-1.222749352,0,-0.830590904,0,-1.786749363,0
14.93555927,-7.425617218,1,-4.189533234,1,-10.32520866,1,-0.106242187,1,-1.105981231,1,0.7763829827308655,1,-1.228564382,0,-0.829249561,0,-1.779367328,0
14.93956089,-8.079556465,1,-3.141789198,1,-10.02780724,1,-0.057976887,1,-1.140088439,1,0.8322582840919495,1,-1.234701395,0,-0.827730179,0,-1.771483779,0
14.94355869,-5.459059238,1,-2.447780609,1,-11.10172462,1,-0.048317567,1,-1.216471791,1,0.8423093557357788,1,-1.24091351,0,-0.826081395,0,-1.763290524,0
14.9475584,-3.745632172,1,-1.939494133,1,-12.28219604,1,0.012844592,1,-1.312455773,1,0.8318259119987488,1,-1.247336984,0,-0.824541926,0,-1.754654765,0
14.95156002,-3.740494251,1,-2.003965855,1,-12.99996853,1,0.02315009,1,-1.458731771,1,0.8359991312026978,1,-1.254101634,0,-0.823117495,0,-1.745384455,0
14.95555782,-5.484528542,1,-2.694303989,1,-13.31493473,1,0.1058823093771935,1,-1.651421309,1,0.8767290115356445,1,-1.261302352,0,-0.821775138,0,-1.735146761,0
14.95955753,-5.070092201,1,-5.085803032,1,-13.83722878,1,-0.029635768,1,-1.915588617,1,0.8994169235229492,1,-1.26955533,0,-0.820519745,0,-1.723623037,0
14.96355915,-3.882150173,1,-3.01137352,1,-16.30937767,1,-0.12523964,1,-2.278770447,1,0.9138829112052917,1,-1.279621601,0,-0.819513679,0,-1.710347176,0
14.96755695,-1.612772465,1,-2.10691309,1,-18.51400757,1,-0.151885867,1,-2.748275042,1,0.9140666723251343,1,-1.291560173,0,-0.818786681,0,-1.694795012,0
14.97155666,-0.416453719,1,-2.733653307,1,-20.06959915,1,-0.160258427,1,-3.28407979,1,0.8888975381851196,1,-1.305613279,0,-0.818554401,0,-1.676393747,0
14.97555828,0.205293283,1,-3.805625677,1,-21.29259682,1,-0.257416517,1,-3.90780735,1,0.8958563804626465,1,-1.322195292,0,-0.818749189,0,-1.654732823,0
14.97955608,-1.706231117,1,-5.224516869,1,-23.99105644,1,-0.359999865,1,-4.6466856,1,0.9184969067573547,1,-1.342200041,0,-0.819290757,0,-1.629078984,0
14.98355579,1.141484022140503,1,-5.574762344,1,-22.66702271,1,-0.577543497,1,-5.375281811,1,1.070796251296997,1,-1.365803719,0,-0.819712162,0,-1.599305987,0
14.98755741,1.357691049575806,1,-8.120671272,1,-25.52187538,1,-0.782479823,1,-6.23853159,1,1.210358977,1,-1.39394021,0,-0.819658518,0,-1.564499617,0
14.99155521,5.183214188,1,-5.044497967,1,-23.88296318,1,-0.81597954,1,-6.989442348,1,1.442063450813293,1,-1.42602098,0,-0.818694115,0,-1.525090575,0
14.99555492,7.608408928,1,-5.409945965,1,-25.85006523,1,-0.548632383,1,-7.851699352,1,1.735722541809082,1,-1.461021423,0,-0.816148281,0,-1.480828643,0
14.99955654,4.621708869934082,1,-7.543820381,1,-23.75432587,1,-0.456966251,1,-8.624312401,1,2.015744686126709,1,-1.498424411,0,-0.811657965,0,-1.432039738,0
15.00355434,8.210631370544434,1,-10.97677612,1,-23.12049294,1,-0.584107757,1,-8.739370346,1,2.310727596282959,1,-1.537380219,0,-0.804835737,0,-1.381012321,0
15.0075531,8.970012664794922,1,-10.19515705,1,-22.38422394,1,-0.684185028,1,-8.742803574,1,2.608488321304321,1,-1.576121449,0,-0.795533776,0,-1.330622435,0
15.01155567,9.916658401489258,1,-6.619928837,1,-21.9797287,1,-0.733364165,1,-8.745450974,1,2.969933032989502,1,-1.613968611,0,-0.783495724,0,-1.281349778,0
15.01555443,10.13994503,1,-5.17201376,1,-20.61328888,1,-0.766216636,1,-8.748456001,1,3.278384447097778,1,-1.650480151,0,-0.768920422,0,-1.233481169,0
15.01955319,2.824956893920898,1,-3.605885744,1,-18.20111465,1,-0.791938007,1,-8.750031471,1,3.500916481018066,1,-1.685477614,0,-0.75190717,0,-1.187237263,0
15.0235548,-3.921512365,1,-3.355032921,1,-9.930764198,1,-1.048925281,1,-8.756253242,1,3.679927110671997,1,-1.719230175,0,-0.733096898,0,-1.142678142,0
15.02755833,-3.252676964,1,2.872190952301025,1,-10.7946701,1,-0.976531386,1,-8.756833076,1,3.901266574859619,1,-1.751651168,0,-0.712499142,0,-1.099895716,0
15.03155804,-11.48760033,1,9.372696876525879,1,-14.62372303,1,-0.774831831,1,-8.751677513,1,3.978214740753174,1,-1.733504295,0,-0.716719747,0,-1.081185222,0
15.03555965,-20.58439636,1,14.69849205,1,-16.77767944,1,0.008537022,1,-8.7339077,1,3.656009912490845,1,-1.762231827,0,-0.695551991,0,-1.039470792,0
15.03955746,-36.0650444,1,14.87649726867676,1,-19.46535301,1,1.204587697982788,1,-8.706521988,1,3.341309547424316,1,-1.78546524,0,-0.674745023,0,-0.999011636,0
15.04355717,-47.24147415,1,9.476685523986816,1,-20.12871742,1,2.485814809799194,1,-8.680809975,1,3.292273283004761,1,-1.802455783,0,-0.654151857,0,-0.959657311,0
15.04755878,-58.9056282,1,-0.761615634,1,-19.46183395,1,3.269687652587891,1,-8.666241646,1,3.568749189376831,1,-1.813561559,0,-0.632786036,0,-0.921511889,0
15.05155659,-72.73710632,1,-2.689325571,1,-22.2506218,1,3.571243286132813,1,-8.659878731,1,3.460196733474731,1,-1.821367502,0,-0.610589743,0,-0.884432852,0
15.0555563,-79.79829407,1,-6.44479084,1,-17.46584892,1,3.522918224334717,1,-8.659456253,1,3.192927360534668,1,-1.827830911,0,-0.588988423,0,-0.847872317,0
15.05955887,-76.35714722,1,-9.47917366,1,-10.76111031,1,3.233783960342407,1,-7.476208687,1,3.162939786911011,1,-1.832983017,0,-0.568284452,0,-0.813606739,0
15.06355572,-53.09444046,1,-7.634732246,1,-5.598679543,1,2.921981096,1,-5.623074532,1,2.989702701568604,1,-1.834438086,0,-0.549591899,0,-0.787492335,0
15.06755543,-24.67918205,1,-15.65493965,1,5.689588547,1,2.398664236068726,1,-4.104632378,1,3.034147024154663,1,-1.832980394,0,-0.533008754,0,-0.76942575,0
15.071558,1.949323296546936,1,-28.58190346,1,8.517153739929199,1,0.1725942492485046,1,-3.283259153,1,3.063002347946167,1,-1.833715916,0,-0.517278731,0,-0.756740034,0
15.0755558,-14.0302372,1,-13.37732983,1,19.02791976928711,1,-1.142938614,1,-4.838785648,1,3.607406854629517,1,-1.842671275,0,-0.500242412,0,-0.743515193,0
15.07955551,-59.8497467,1,-2.28998208,1,-9.640563011,1,-2.288470984,1,-3.144058704,1,3.253266096115112,1,-1.855910897,0,-0.482721895,0,-0.729870439,0
15.08355713,-37.07108688,1,-11.54580975,1,-9.278833389,1,-3.091794252,1,-2.031753302,1,3.134097337722778,1,-1.869873881,0,-0.467644751,0,-0.723059416,0
15.08755493,-20.60429001,1,-7.362775326,1,-6.593466282,1,-3.640182972,1,-2.276834726,1,3.206607341766357,1,-1.885507941,0,-0.452988088,0,-0.718446612,0
15.09155464,-16.79247665,1,-2.654693842,1,-10.06300449,1,-3.826706171,1,-2.940508842,1,3.178856134414673,1,-1.903222919,0,-0.437614352,0,-0.712014794,0
15.09555626,-12.3677187,1,-0.965459585,1,-8.351986885,1,-3.777279854,1,-3.925875425,1,3.435175419,1,-1.922355413,0,-0.420622021,0,-0.702753603,0
15.09955406,-15.14903164,1,0.4792786836624146,1,-8.99365139,1,-3.407308578,1,-4.944892883,1,3.694958209991455,1,-1.941869855,0,-0.400933981,0,-0.690101385,0
15.10355377,-21.1003437,1,2.078613758087158,1,-11.53426647,1,-2.788542747,1,-5.553940296,1,3.726667165756226,1,-1.960063934,0,-0.37926501,0,-0.674881458,0
15.10755539,-26.20934868,1,2.141523122787476,1,-13.03869438,1,-2.079293251,1,-5.878735065,1,3.640162944793701,1,-1.975748181,0,-0.356800914,0,-0.658375204,0
15.11155319,-30.7412262,1,0.4278390407562256,1,-14.8407135,1,-1.392330885,1,-5.982914925,1,3.555773496627808,1,-1.988456249,0,-0.334119946,0,-0.641317606,0
15.1155529,-34.32778931,1,-3.055051565,1,-17.31417084,1,-0.847991586,1,-5.936039448,1,3.521296739578247,1,-1.998213291,0,-0.311427683,0,-0.624491274,0
15.11955452,-37.07965469,1,-7.643980503,1,-20.07155228,1,-0.512696147,1,-5.795564175,1,3.509015321731567,1,-2.005671024,0,-0.288847476,0,-0.60831809,0
15.12355232,-38.40473175,1,-11.73363018,1,-22.40018463,1,-0.397957504,1,-5.625385761,1,3.505485534667969,1,-2.011649132,0,-0.266466916,0,-0.592998683,0
15.12755203,-38.59497833,1,-15.30034637,1,-24.32009315,1,-0.444204122,1,-5.463564873,1,3.516337871551514,1,-2.016942024,0,-0.244277686,0,-0.578535259,0
15.13155365,-38.26088333,1,-17.59166908,1,-25.57281876,1,-0.616193354,1,-5.378578663,1,3.560304641723633,1,-2.022223234,0,-0.222119704,0,-0.564780056,0
15.13555145,-37.87482071,1,-18.86934853,1,-26.48387337,1,-0.8850528,1,-5.357903004,1,3.620568275,1,-2.027992249,0,-0.199792415,0,-0.55149883,0
15.13955021,-36.73459625,1,-20.02027321,1,-27.29944801,1,-1.189077854,1,-5.390882492,1,3.666306257247925,1,-2.034562588,0,-0.177188173,0,-0.538507521,0
15.14355183,-34.48052216,1,-21.61715698,1,-28.11596489,1,-1.52665329,1,-5.498515129,1,3.718094587,1,-2.042130709,0,-0.154208139,0,-0.525566936,0
15.14755631,-33.10018158,1,-22.08277321,1,-28.60197449,1,-1.866687775,1,-5.67803669,1,3.789746046066284,1,-2.050788879,0,-0.130617693,0,-0.512442112,0
15.15155602,-31.75534439,1,-21.78956604,1,-29.04966164,1,-2.186941862,1,-5.850849628,1,3.830919981002808,1,-2.060486794,0,-0.106382959,0,-0.499052644,0
15.15555763,-30.69804955,1,-20.3885994,1,-29.42040825,1,-2.443529844,1,-6.043554783,1,3.845840692520142,1,-2.071063042,0,-0.081576206,0,-0.485358208,0
15.15955544,-30.19361115,1,-18.67135811,1,-29.6752243,1,-2.581082344,1,-6.210339546,1,3.828780174255371,1,-2.082101583,0,-0.056266893,0,-0.471325368,0
15.16355515,-30.02902031,1,-16.7703743,1,-30.1638298,1,-2.603944778,1,-6.323587418,1,3.777094364,1,-2.093117476,0,-0.030642472,0,-0.457032263,0
15.16755676,-29.60505486,1,-15.06199646,1,-30.43148804,1,-2.509133339,1,-6.376333237,1,3.696540594100952,1,-2.10363698,0,-0.004926761,0,-0.442587763,0
15.17155457,-28.9100647,1,-13.0646019,1,-30.94494629,1,-2.309541702,1,-6.360361576,1,3.603497028,1,-2.11320734,0,0.02067706,0,-0.428194374,0
15.17555428,-29.46225357,1,-11.91750431,1,-31.77823257,1,-2.033422232,1,-6.319947243,1,3.533756732940674,1,-2.121399879,0,0.046063785,0,-0.413888723,0
15.17955589,-29.88329697,1,-11.28571796,1,-32.28160477,1,-1.752184033,1,-6.11730051,1,3.455656528,1,-2.128179312,0,0.071033895,0,-0.400074899,0
15.1835537,-30.10778427,1,-11.55494499,1,-32.72436523,1,-1.489957213,1,-5.836294174,1,3.371125936508179,1,-2.133551836,0,0.095313922,0,-0.387019694,0
15.18755341,-30.05356216,1,-12.65243721,1,-33.15103912,1,-1.297370791,1,-5.477712631,1,3.339366198,1,-2.137827635,0,0.1187637820839882,0,-0.375010759,0
15.19155407,-28.74244881,1,-14.0859251,1,-33.51156998,1,-1.196014881,1,-5.097809792,1,3.341226339,1,-2.14139533,0,0.1413954347372055,0,-0.364284813,0
15.19555283,-27.07684898,1,-15.54863834,1,-34.51216888,1,-1.195210338,1,-4.714386463,1,3.35011363,1,-2.144739628,0,0.1632676124572754,0,-0.354916304,0
15.19955158,-24.55656242,1,-16.1661644,1,-34.85011673,1,-1.274728537,1,-4.33719635,1,3.398564816,1,-2.148305893,0,0.1844528019428253,0,-0.346982419,0
15.2035532,-21.72403908,1,-16.32605171,1,-35.54141235,1,-1.374446511,1,-4.02257061,1,3.445289134979248,1,-2.152317524,0,0.2050480097532272,0,-0.340358555,0
15.207551,-18.42642021,1,-15.75975609,1,-36.35906219,1,-1.491190553,1,-3.741836786,1,3.491970062255859,1,-2.15688777,0,0.2251888960599899,0,-0.334938973,0
15.21155071,-14.97959328,1,-14.59337711,1,-36.98191452,1,-1.584668159,1,-3.487648726,1,3.506852388381958,1,-2.162027121,0,0.244867668,0,-0.330568492,0
15.21555233,-12.23572636,1,-13.17684746,1,-37.09328079,1,-1.641091108,1,-3.221848726,1,3.454668760299683,1,-2.167625427,0,0.2639360725879669,0,-0.327126443,0
15.21955013,-10.08168602,1,-12.5741539,1,-36.80131149,1,-1.68439424,1,-2.860527277,1,3.341445922851563,1,-2.173610926,0,0.2820461392402649,0,-0.324654669,0
15.22354984,-7.652080059,1,-12.71920013,1,-36.19168854,1,-1.731126189,1,-2.446670771,1,3.165437459945679,1,-2.180045366,0,0.2987973690032959,0,-0.323273301,0
15.22755146,-5.387695313,1,-13.04330444,1,-34.38698959,1,-1.793971062,1,-1.961772084,1,2.980002164840698,1,-2.187044144,0,0.3139393925666809,0,-0.323103547,0
15.23154926,-3.595353127,1,-13.61242867,1,-32.42894745,1,-1.877080202,1,-1.397314906,1,2.796872615814209,1,-2.194778442,0,0.3272461891174316,0,-0.324384928,0
15.23554897,-1.432053447,1,-14.51251125,1,-30.36319733,1,-2.023247719,1,-0.724139869,1,2.603468894958496,1,-2.203560114,0,0.3384890556335449,0,-0.327449918,0
15.23955059,0.4155065417289734,1,-14.83503437,1,-28.60174751,1,-2.158624172,1,-0.105375387,1,2.375912189483643,1,-2.213550091,0,0.3474833369255066,0,-0.33229959,0
15.24354839,3.699977636,1,-14.82618618,1,-26.45093536,1,-2.342320919,1,0.6719601154327393,1,2.180344581604004,1,-2.224895954,0,0.3540691733360291,0,-0.33911854,0
15.2475481,6.863945960998535,1,-13.43581772,1,-24.43449783,1,-2.474726915,1,1.456194043159485,1,1.950218081474304,1,-2.237696648,0,0.3579872250556946,0,-0.348101497,0
15.25155067,10.78954696655273,1,-11.42015457,1,-22.38882446,1,-2.471843958,1,2.306562900543213,1,1.699131608009338,1,-2.251549721,0,0.359006792,0,-0.359261155,0
15.25554752,15.46040058135986,1,-8.341958046,1,-20.65971756,1,-2.294142008,1,3.121821165084839,1,1.406395554542542,1,-2.265737295,0,0.3569229245185852,0,-0.372435808,0
15.25954723,20.09730911254883,1,-5.515054226,1,-18.84052658,1,-1.883514524,1,3.917251825332642,1,1.080371737480164,1,-2.279324055,0,0.3516159057617188,0,-0.387326479,0
15.26354981,23.82801055908203,1,-3.447597027,1,-17.97392654,1,-1.249859333,1,4.661143779754639,1,0.7638309001922607,1,-2.291204453,0,0.3431661128997803,0,-0.403693438,0
15.26754761,24.87108421325684,1,-2.720832348,1,-16.59495926,1,-0.550872326,1,5.429746150970459,1,0.4354747831821442,1,-2.30066824,0,0.3315782248973846,0,-0.421361178,0
15.27155304,26.19143486022949,1,-2.241091013,1,-15.0409708,1,0.1411488056182861,1,6.238289833068848,1,0.093179666,1,-2.307549715,0,0.3167528510093689,0,-0.440393597,0
15.27555466,26.28293609619141,1,-1.594454288,1,-13.04586029,1,0.8502045869827271,1,7.080047130584717,1,-0.285166711,1,-2.311757565,0,0.2985422015190125,0,-0.460778952,0
15.27955246,25.52141761779785,1,-0.2717655,1,-11.61546707,1,1.619413614273071,1,7.932584285736084,1,-0.748908222,1,-2.320571661,0,0.331244946,0,-0.374681056,0
15.28355217,22.09376525878906,1,0.099740349,1,-10.39966011,1,2.381477355957031,1,8.727869987487793,1,-1.300464153,1,-2.319690466,0,0.3055151700973511,0,-0.397482932,0
15.28755379,19.23186302185059,1,-0.096141048,1,-9.826416016,1,2.982265234,1,8.775722503662109,1,-1.901908159,1,-2.315309048,0,0.2770179212093353,0,-0.41979146,0
15.29155159,17.26359367370605,1,-0.942748308,1,-8.953641891,1,3.357665777206421,1,8.787442207336426,1,-2.472181559,1,-2.307944775,0,0.2468525469303131,0,-0.440512449,0
15.2955513,16.37373161315918,1,-1.515692711,1,-7.902060032,1,3.571778774261475,1,8.793527603149414,1,-2.994415045,1,-2.298485041,0,0.2151968628168106,0,-0.459848195,0
15.29955292,15.35959815979004,1,-1.292494416,1,-7.704333782,1,3.710894823074341,1,8.799697875976563,1,-3.468377113,1,-2.287524462,0,0.1822173893451691,0,-0.478045911,0
15.30355072,13.12333965301514,1,-1.311568975,1,-8.138847351,1,3.818908691,1,8.805199623,1,-3.843546867,1,-2.27532506,0,0.1481406688690186,0,-0.49540627,0
15.30755043,10.89422321,1,-1.973452926,1,-9.441336632,1,3.986287117004395,1,8.808573722839355,1,-4.049116135,1,-2.261927366,0,0.1133802384138107,0,-0.512373447,0
15.31155205,5.561474323272705,1,-3.780431509,1,-8.902003288,1,3.942300796508789,1,8.808377265930176,1,-4.21801281,1,-2.247680187,0,0.078318432,0,-0.529324651,0
15.31554985,2.219878911972046,1,-2.695351362,1,-10.64648819,1,3.879241228103638,1,8.808828353881836,1,-4.295811653,1,-2.233003616,0,0.043050796,0,-0.546377182,0
15.31954956,-1.548287392,1,-2.829657078,1,-11.78436375,1,3.916913509368896,1,8.808817863464355,1,-4.301653385,1,-2.21794486,0,0.007959867,0,-0.563860774,0
15.32355213,-4.948403835,1,-1.536181211,1,-13.11859322,1,4.123656749725342,1,8.813036918640137,1,-4.282624722,1,-2.201675177,0,-0.026850231,0,-0.581902385,0
15.32754898,-8.202740669,1,-2.094595909,1,-14.34570217,1,4.273691654205322,1,8.816419601,1,-4.265785694,1,-2.184024096,0,-0.061291616,0,-0.600610495,0
15.33154964,-10.59633255,1,-2.911944151,1,-14.91489983,1,4.309735774993896,1,8.816654205322266,1,-4.274749756,1,-2.165314674,0,-0.09537334,0,-0.620000303,0
15.33555126,-12.27484512,1,-3.749419689,1,-15.16783333,1,4.278100967407227,1,8.817708015441895,1,-4.281097412,1,-2.14586854,0,-0.129116014,0,-0.640081525,0
15.33954907,-13.66666889,1,-4.471216202,1,-15.37577248,1,4.184473514556885,1,8.814569473266602,1,-4.270475388,1,-2.125899076,0,-0.162442252,0,-0.660923362,0
15.34354878,-14.65847397,1,-5.112722397,1,-15.40607929,1,4.020277023,1,8.810508728027344,1,-4.219502926,1,-2.105610609,0,-0.195241943,0,-0.682604909,0
15.34755039,-14.9441967,1,-5.714673042,1,-15.39264202,1,3.816612243652344,1,8.805850982666016,1,-4.10510397,1,-2.085162401,0,-0.2273155,0,-0.705254018,0
15.3515482,-15.4054594,1,-6.118247032,1,-14.89790821,1,3.596412420272827,1,8.799619674682617,1,-3.921530008,1,-2.064616919,0,-0.258387297,0,-0.729023695,0
15.35554791,-15.73462486,1,-5.991274357,1,-14.254035,1,3.403427124023438,1,8.795118332,1,-3.686752796,1,-2.043876171,0,-0.288232923,0,-0.754025936,0
15.35954952,-16.11172295,1,-5.675617218,1,-13.34785938,1,3.245547771453857,1,8.790062904,1,-3.417965889,1,-2.022738934,0,-0.316642046,0,-0.780352831,0
15.36354733,-15.52479839,1,-5.093895435,1,-12.25461674,1,3.138714075088501,1,8.785665512084961,1,-3.1305902,1,-2.00101614,0,-0.343486875,0,-0.808040738,0
15.36754704,-14.67465591,1,-4.506762981,1,-11.23670769,1,3.118960618972778,1,8.783106803894043,1,-2.84066844,1,-1.97838068,0,-0.36869508,0,-0.837101042,0
15.37154865,-14.33875084,1,-4.764780045,1,-9.993210793,1,3.156491279602051,1,8.783176422119141,1,-2.560073853,1,-1.954534531,0,-0.392188787,0,-0.867534161,0
15.37554646,-13.97528267,1,-5.490140915,1,-9.113370895,1,3.236935138702393,1,8.783445358276367,1,-2.32424593,1,-1.92929399,0,-0.414025128,0,-0.899277449,0
15.37954617,-13.90912628,1,-5.286445618,1,-8.438724518,1,3.312703371047974,1,8.784471512,1,-2.176265478,1,-1.902629018,0,-0.434358895,0,-0.932222366,0
15.38354778,-14.19259262,1,-4.818652153,1,-7.564771175,1,3.411645174026489,1,8.786533355712891,1,-2.10515976,1,-1.874596596,0,-0.453462332,0,-0.966223776,0
15.38754559,-14.28547668,1,-4.008432388,1,-6.83150959,1,3.558535337,1,8.789113998413086,1,-2.100245953,1,-1.845061421,0,-0.47153455,0,-1.001193047,0
15.39155006,-14.52401352,1,-3.221424103,1,-5.651655674,1,3.769801378250122,1,8.793132781982422,1,-2.132573366,1,-1.813843012,0,-0.488708436,0,-1.037076712,0
15.39555264,-14.82792568,1,-3.087908745,1,-4.531659126,1,4.039854049682617,1,8.799098968505859,1,-2.18999505,1,-1.780687571,0,-0.5050264,0,-1.073869705,0
15.39955139,-15.29695606,1,-2.80991745,1,-3.831254482,1,4.351625442504883,1,8.805967330932617,1,-2.302279234,1,-1.745414853,0,-0.520570755,0,-1.111562371,0
15.40355015,-16.10239029,1,-2.838980913,1,-3.015805483,1,4.672179222106934,1,8.813666343688965,1,-2.441903114,1,-1.707915306,0,-0.535413742,0,-1.150157213,0
15.40755177,-16.52831078,1,-2.752386808,1,-2.366137505,1,4.987221717834473,1,8.821017265319824,1,-2.613506079,1,-1.668183684,0,-0.549576223,0,-1.189675808,0
15.41154957,-16.6659317,1,-3.815425634,1,-1.377103448,1,5.261813163757324,1,8.828571319580078,1,-2.807158947,1,-1.626301885,0,-0.563075364,0,-1.230147839,0
15.41554928,-16.81687164,1,-5.36824131,1,-0.708429813,1,5.476476192474365,1,8.833515167236328,1,-3.077479124,1,-1.582432032,0,-0.576011479,0,-1.271599531,0
15.4195509,-16.17783546,1,-4.737448215,1,-1.110265613,1,5.471918583,1,8.836438179016113,1,-3.472528458,1,-1.537100673,0,-0.588692307,0,-1.314086437,0
15.42354965,-13.89520645,1,2.818509101867676,1,-3.306032896,1,5.419925212860107,1,8.837450027,1,-3.916538239,1,-1.490928054,0,-0.601470768,0,-1.357714057,0
15.42754936,-13.31733799,1,6.168574810028076,1,-3.545501471,1,5.748692035675049,1,8.594766616821289,1,-4.29690218,1,-1.443348408,0,-0.614209414,0,-1.402105093,0
15.43155098,-15.94843102,1,8.183865547180176,1,-4.292029381,1,6.343986511230469,1,8.356254577636719,1,-4.719760418,1,-1.393272161,0,-0.626873255,0,-1.446669817,0
15.43554878,-17.97352982,1,11.23408794403076,1,-5.776541233,1,6.903852939605713,1,8.098347663879395,1,-5.162543774,1,-1.340150356,0,-0.639573276,0,-1.49161756,0
15.43954849,-20.56160355,1,10.02528667449951,1,-6.243179798,1,7.344964027404785,1,7.849168300628662,1,-5.61280489,1,-1.284222603,0,-0.652250648,0,-1.537122369,0
15.44355011,-23.23979187,1,7.856742858886719,1,-7.158988953,1,7.595269203186035,1,7.588778972625732,1,-6.058240891,1,-1.225917339,0,-0.664862573,0,-1.583426118,0
15.44754791,-25.41811371,1,4.336650848388672,1,-8.816244125,1,7.535220623016357,1,7.249846458435059,1,-6.435579777,1,-1.166363955,0,-0.677286685,0,-1.63038063,0
15.45154762,-27.9285202,1,-0.311183691,1,-10.96876526,1,7.128385066986084,1,6.887248992919922,1,-6.679474354,1,-1.107086062,0,-0.689212263,0,-1.677716732,0
15.45554924,-31.89155006,1,-3.615324259,1,-13.65258312,1,6.463927268981934,1,6.537129402160645,1,-6.801511288,1,-1.04951632,0,-0.700297892,0,-1.725101709,0
15.45954704,-38.47127914,1,-4.859704971,1,-16.42854881,1,5.683906078338623,1,6.275810718536377,1,-6.845590115,1,-0.994491577,0,-0.710241675,0,-1.772466779,0
15.46354675,-45.80150604,1,-3.821362734,1,-18.69645119,1,4.883716583251953,1,6.179063797,1,-6.865265846,1,-0.942110896,0,-0.718739271,0,-1.820169091,0
15.46754837,-52.13279724,1,-0.685000181,1,-19.73440742,1,4.182939529418945,1,6.229706287384033,1,-6.826833248,1,-0.892027795,0,-0.725410581,0,-1.868578911,0
15.47154617,-55.92392731,1,2.942914962768555,1,-19.32704735,1,3.724782943725586,1,6.385031223297119,1,-6.710062981,1,-0.843539357,0,-0.72978282,0,-1.917798162,0
15.47554588,-57.84898758,1,6.508089065551758,1,-17.97330666,1,3.529900550842285,1,6.533847808837891,1,-6.510499001,1,-0.7959764,0,-0.731486142,0,-1.967402339,0
15.4795475,-57.87780762,1,9.703213691711426,1,-16.20369911,1,3.512282609939575,1,6.558135986328125,1,-6.169121742,1,-0.749187589,0,-0.730423808,0,-2.016436577,0
15.4835453,-57.78940964,1,11.14604663848877,1,-13.97068501,1,3.628287792205811,1,6.400729179382324,1,-5.656410217,1,-0.703711867,0,-0.726753354,0,-2.063316107,0
15.48754501,-57.95470428,1,11.08061027526855,1,-11.93490696,1,3.801481008529663,1,5.971198558807373,1,-4.945033073,1,-0.660454154,0,-0.72088623,0,-2.106204033,0
15.49154759,-60.15026474,1,10.40532493591309,1,-10.34769249,1,3.903505086898804,1,5.275637149810791,1,-4.119948864,1,-0.620551109,0,-0.713663995,0,-2.143408775,0
15.49554443,-63.54468155,1,10.50655460357666,1,-8.593648911,1,3.893270492553711,1,4.433280944824219,1,-3.240494967,1,-0.584980369,0,-0.706024885,0,-2.173945904,0
15.49954414,-68.77413177,1,9.330069541931152,1,-6.39610672,1,3.738996744155884,1,3.601108551025391,1,-2.378436565,1,-0.554374695,0,-0.698556483,0,-2.197679996,0
15.50354672,-72.53638458,1,9.726590156555176,1,-4.677526951,1,3.433698415756226,1,2.769888401031494,1,-1.556607485,1,-0.528870523,0,-0.691691637,0,-2.215003729,0
15.50754452,-77.62551117,1,13.61446189880371,1,-2.703593493,1,3.144525527954102,1,2.056591272354126,1,-0.878121436,1,-0.508414388,0,-0.685758352,0,-2.226596355,0
15.51154995,-81.30739594,1,15.00699615478516,1,-0.355557412,1,2.967104434967041,1,1.562498569488525,1,-0.330271691,1,-0.491636276,0,-0.680581689,0,-2.233747959,0
15.51555157,-82.59079742,1,16.78959083557129,1,2.333740949630737,1,2.543503046035767,1,1.094346523284912,1,0.045490675,1,-0.478145838,0,-0.676156342,0,-2.237551689,0
15.51954937,-77.6727829,1,15.38829422,1,6.893936157226563,1,1.951271414756775,1,0.5636674761772156,1,0.3898331522941589,1,-0.468495727,0,-0.67277807,0,-2.238516808,0
15.52354908,-70.16181183,1,13.33123874664307,1,10.43655586242676,1,1.137945890426636,1,-0.121112347,1,0.8089064359664917,1,-0.4636406,0,-0.670882344,0,-2.236338854,0
15.5275507,-63.1937294,1,12.48524379730225,1,12.59490489959717,1,0.2480106949806213,1,-0.868849099,1,1.287432312965393,1,-0.464568019,0,-0.670773447,0,-2.230420589,0
15.5315485,-56.31277466,1,14.86134433746338,1,12.03021240234375,1,-0.410275102,1,-1.658175588,1,1.761932253837585,1,-0.443016201,0,-0.681715906,0,-2.284262896,0
15.53554821,-53.16973114,1,19.25879478,1,10.11151981,1,-0.643174827,1,-2.419450045,1,2.183251857757568,1,-0.453925759,0,-0.685670495,0,-2.270488501,0
15.53954983,-53.5460968,1,21.00538254,1,7.636270046234131,1,-0.584168911,1,-2.997478008,1,2.510857582092285,1,-0.467350155,0,-0.691223562,0,-2.253290653,0
15.54354763,-53.28795242,1,19.10688400268555,1,6.339015483856201,1,-0.475813985,1,-3.407018661,1,2.702947854995728,1,-0.482083768,0,-0.697885752,0,-2.233563662,0
15.54754734,-49.31567764,1,15.08423424,1,5.644989967346191,1,-0.577389121,1,-3.718606234,1,2.787893772125244,1,-0.498011112,0,-0.705188751,0,-2.212080717,0
15.55154991,-43.1740799,1,12.06063938140869,1,6.281148910522461,1,-0.870894372,1,-4.152740479,1,2.730045557022095,1,-0.515721262,0,-0.713587463,0,-2.189262629,0
15.55554676,-35.88183212,1,10.35081481933594,1,7.419311523,1,-1.322881699,1,-4.625652313,1,2.596235036849976,1,-0.535861969,0,-0.723410547,0,-2.1653018,0
15.55954647,-26.98712921,1,10.47560691833496,1,8.885836601257324,1,-1.765327692,1,-5.143137455,1,2.403799533843994,1,-0.558760762,0,-0.734867156,0,-2.140220642,0
15.56354904,0.6809084415435791,1,-6.308325768,1,-14.62158298,1,-2.768144846,1,-5.944415092,1,2.429590940475464,1,-0.585436881,0,-0.748207808,0,-2.113328934,0
15.56754684,46.13729858398438,1,28.02324485778809,1,-2.356393576,1,-0.981845796,1,-6.575640202,1,1.646903872489929,1,-0.614624321,0,-0.764423966,0,-2.084342241,0
15.57154656,-9.54139328,1,-5.462416172,1,-14.34736824,1,-1.685251117,1,-6.572828293,1,1.827844262123108,1,-0.639292836,0,-0.781511903,0,-2.054493189,0
15.57554722,34.31794357299805,1,-62.81949997,1,-16.48903656,1,-3.113298655,1,-5.687850475,1,2.777154922485352,1,-0.671365857,0,-0.795615077,0,-2.023456812,0
15.57954502,38.04177093505859,1,-94.3122406,1,-33.24813843,1,-5.283745289,1,-8.524484634,1,4.715698719024658,1,-0.717141628,0,-0.807378829,0,-1.982381225,0
15.58354473,-63.53613281,1,-109.8061295,1,-72.9667511,1,-8.467980385,1,-8.931807518,1,7.097832202911377,1,-0.78855592,0,-0.816531599,0,-1.921669006,0
15.58754635,-182.7794952,1,-100.8082428,1,-102.0707245,1,-8.661506653,1,-5.81357193,1,7.853872776031494,1,-0.867631555,0,-0.815613031,0,-1.860386491,0
15.59154415,-166.4229889,1,12.19087028503418,1,-37.01170731,1,-8.691581726,1,-3.624150276,1,8.651061058044434,1,-0.941644311,0,-0.802145541,0,-1.806067467,0
15.59554386,30.71761894226074,1,95.47831726074219,1,-51.16183853,1,-8.351894379,1,-1.340794444,1,6.463030815124512,1,-1.000006437,0,-0.778980911,0,-1.772521496,0
15.59954548,22.99009895324707,1,77.23818206787109,1,-33.84534836,1,-6.652387142,1,-3.897726059,1,3.187471866607666,1,-1.047595978,0,-0.770085692,0,-1.745733738,0
15.60354328,12.95952320098877,1,54.22507095336914,1,-10.89545059,1,-4.692098141,1,-4.826131344,1,3.473980903625488,1,-1.091528177,0,-0.767146945,0,-1.715394139,0
15.60754299,-73.24435425,1,43.11117172241211,1,-15.65071678,1,-2.912087679,1,-2.071001053,1,3.392760038375854,1,-1.125055432,0,-0.760729432,0,-1.688589334,0
15.61154461,-51.52470779,1,14.88192272186279,1,13.98746204376221,1,-1.09927094,1,-1.437576652,1,1.552948236465454,1,-1.142150044,0,-0.754319489,0,-1.675139785,0
15.61554241,-7.10462141,1,-0.035519198,1,-7.089738846,1,-0.992988706,1,-1.68681705,1,0.471175879,1,-1.153099298,0,-0.753694415,0,-1.664980173,0
15.61954212,-9.135643959,1,50.39971542358398,1,-13.08130169,1,-0.110147767,1,-1.099398375,1,0.5939959287643433,1,-1.160979748,0,-0.753913999,0,-1.657081962,0
15.62354374,-12.8487854,1,27.56198120117188,1,-20.00409889,1,1.209765553474426,1,-1.173921704,1,0.1364334225654602,1,-1.163981915,0,-0.754824162,0,-1.648833513,0
15.62754154,-5.976495266,1,-21.18593407,1,-10.20754528,1,1.113207697868347,1,-0.989174306,1,-0.394980967,1,-1.162480593,0,-0.756754994,0,-1.644696593,0
15.63154697,-4.313471317,1,-35.12531281,1,-12.87056637,1,0.5398596525192261,1,-1.15080595,1,0.1015194654464722,1,-1.162409186,0,-0.759364009,0,-1.639640212,0
15.63554955,-2.419625759,1,-22.70003319,1,-10.17128372,1,-0.102250628,1,-1.039133668,1,0.9338223934173584,1,-1.166250348,0,-0.759015143,0,-1.63296628,0
15.63954735,0.4321734309196472,1,-13.86223316,1,-13.55739784,1,-0.425969005,1,-1.24247694,1,1.189782977104187,1,-1.172881126,0,-0.75682193,0,-1.624942303,0
15.64354706,-7.50140667,1,1.901089906692505,1,-11.97492409,1,-0.35222137,1,-1.455023289,1,1.428608298301697,1,-1.181181431,0,-0.754025519,0,-1.615247369,0
15.64754868,-11.16124916,1,0.5421502590179443,1,-10.2576704,1,-0.194620654,1,-1.486278534,1,1.319613695144653,1,-1.189346552,0,-0.751056552,0,-1.604824662,0
15.65154743,-7.711290836,1,-6.606338501,1,-7.927504063,1,-0.240005612,1,-1.364883304,1,1.227854013442993,1,-1.196844101,0,-0.748523355,0,-1.595042109,0
15.65554619,-7.132900238,1,-1.557996392,1,-8.944153786,1,-0.224380553,1,-1.350017905,1,1.308479667,1,-1.204138041,0,-0.745680571,0,-1.585613251,0
15.65954781,-7.768023014,1,4.748384475708008,1,-9.743156433,1,-0.196421936,1,-1.379376769,1,1.132068991661072,1,-1.211356759,0,-0.743048191,0,-1.576354742,0
15.66354656,-7.112561703,1,6.856985092163086,1,-12.37727547,1,0.1264824271202087,1,-1.474412322,1,0.9761070013046265,1,-1.217735887,0,-0.741072416,0,-1.567117214,0
15.66754627,-5.640987396,1,-2.292438269,1,-12.7908802,1,0.2338808476924896,1,-1.643486261,1,0.8267948627471924,1,-1.223358631,0,-0.739873827,0,-1.557556987,0
15.67154789,-6.147275448,1,-4.840735912,1,-12.95292473,1,0.2332858145236969,1,-1.840896606,1,0.8887260556221008,1,-1.229505301,0,-0.739030719,0,-1.54712224,0
15.67554569,-3.45564723,1,-3.27721405,1,-16.65628815,1,0.1966216117143631,1,-2.120820045,1,0.9713998436927795,1,-1.236509204,0,-0.738107502,0,-1.535412669,0
15.6795454,-0.224085301,1,-2.146256208,1,-21.17361259,1,0.2298779487609863,1,-2.650422335,1,0.9427741169929504,1,-1.244950533,0,-0.737552643,0,-1.521619916,0
15.68354702,0.840982974,1,-3.023655891,1,-23.93603516,1,0.2374391853809357,1,-3.421430588,1,0.9032334089279175,1,-1.255549669,0,-0.737841785,0,-1.504575253,0
15.68754482,1.067611455917358,1,-3.525964737,1,-25.10519218,1,0.1735300421714783,1,-4.233392715,1,0.9414580464363098,1,-1.268957496,0,-0.738979399,0,-1.483345985,0
15.69154453,1.768872141838074,1,-3.215673208,1,-26.51424599,1,0.1844479143619537,1,-5.119046211,1,0.9601039290428162,1,-1.285558105,0,-0.740736365,0,-1.457645535,0
15.69554615,1.151860714,1,-5.4862113,1,-28.82260513,1,0.1362129896879196,1,-6.055623055,1,1.162290573120117,1,-1.305672884,0,-0.742822945,0,-1.426895857,0
15.69954395,7.147059440612793,1,-12.26346111,1,-30.42388916,1,-0.239578277,1,-7.155427456,1,1.302978157997131,1,-1.330432415,0,-0.744599342,0,-1.390640736,0
15.70354366,6.696257114,1,-12.54833603,1,-31.98977089,1,-0.468008071,1,-8.293247223,1,1.613408327102661,1,-1.360920429,0,-0.74591887,0,-1.347833157,0
15.70754528,10.17432785,1,-10.05926895,1,-30.8041687,1,-0.446894854,1,-8.734855652,1,2.007279634475708,1,-1.395388842,0,-0.745301127,0,-1.299916029,0
15.71154308,9.262887001037598,1,-11.45786667,1,-28.11081886,1,-0.286418229,1,-8.734463692,1,2.422177314758301,1,-1.429840684,0,-0.742157102,0,-1.251162648,0
15.71554279,11.24804878234863,1,-12.41583061,1,-31.0712204,1,-0.241122916,1,-8.736869812,1,3.005428075790405,1,-1.463551879,0,-0.735589743,0,-1.202425957,0
15.71954441,13.73131465911865,1,-14.78621006,1,-26.94087601,1,-0.361605346,1,-8.740950584,1,3.317500114440918,1,-1.496973515,0,-0.726341963,0,-1.154159784,0
15.72354221,14.76415252685547,1,-12.3283329,1,-23.25025368,1,-0.530351162,1,-8.749238968,1,4.106852054595947,1,-1.530141354,0,-0.713475049,0,-1.106578827,0
15.72754288,4.990104675292969,1,-9.652574539,1,-9.23405838,1,-1.014080405,1,-8.761386871,1,4.839603900909424,1,-1.563379884,0,-0.696475387,0,-1.060047269,0
15.73154545,-9.558914185,1,-2.662767887,1,-11.49117756,1,-0.794108391,1,-8.760658264,1,5.310258865356445,1,-1.595727801,0,-0.675680816,0,-1.014984012,0
15.73554325,-16.5044117,1,7.984270095825195,1,-11.97931004,1,-0.252097666,1,-8.750885963,1,5.632439136505127,1,-1.62470293,0,-0.652448356,0,-0.971638799,0
15.73954296,-18.68469048,1,18.61114501953125,1,-14.27169991,1,0.919369638,1,-8.725571632,1,5.537373542785645,1,-1.648422122,0,-0.627723634,0,-0.929998159,0
15.74354458,-40.5308876,1,18.18198394775391,1,-17.95783234,1,2.711087226867676,1,-8.688806534,1,5.483458995819092,1,-1.664222717,0,-0.602806568,0,-0.889828026,0
15.74754238,-59.41442871,1,12.72305679321289,1,-18.08725166,1,3.989982604980469,1,-8.659914017,1,5.232913970947266,1,-1.672519922,0,-0.578089058,0,-0.850784123,0
15.75154781,-65.377388,1,3.619140625,1,-13.96242905,1,4.960438251495361,1,-8.639022827,1,4.959655762,1,-1.675029397,0,-0.554420114,0,-0.812481046,0
15.75554943,-76.83716583,1,-5.113223553,1,-11.35396671,1,5.388807773590088,1,-8.63332653,1,5.342979907989502,1,-1.673613191,0,-0.530219257,0,-0.774875045,0
15.75954819,-88.59555054,1,-11.28543186,1,-9.211338997,1,5.256260871887207,1,-8.633746147,1,5.096311569213867,1,-1.670610785,0,-0.505863011,0,-0.737773776,0
15.7635479,-90.71720886,1,-11.70198154,1,-8.381752968,1,4.802605628967285,1,-8.641822815,1,4.860911846160889,1,-1.667999029,0,-0.482713103,0,-0.700933576,0
15.76754952,-66.98764038,1,-8.108229637,1,-0.300901294,1,4.542419910430908,1,-8.626123428,1,4.650490283966064,1,-1.666053414,0,-0.460477173,0,-0.664368987,0
15.77154732,-36.08710861,1,-19.66662025,1,7.491853237,1,3.466763257980347,1,-6.455882072,1,4.706871509552002,1,-1.663265586,0,-0.438974261,0,-0.632602751,0
15.77554703,-6.904073238,1,-29.15830612,1,21.35272598266602,1,1.407455682754517,1,-6.087153912,1,4.540791034698486,1,-1.664394736,0,-0.418935627,0,-0.609001994,0
15.7795496,-89.51301575,1,-21.37243652,1,2.691005468,1,-0.064999878,1,-4.882155418,1,4.002374649047852,1,-1.676182151,0,-0.471691638,0,-0.539878011,0
15.78354645,-71.38937378,1,-30.4558773,1,-11.34312725,1,-2.561891794,1,-1.716441631,1,3.509459495544434,1,-1.687271237,0,-0.455500096,0,-0.527499318,0
15.78754616,-29.09813881,1,-20.20849419,1,-7.05891943,1,-4.234619617,1,-0.675847173,1,3.704744338989258,1,-1.70210433,0,-0.440704077,0,-0.525220513,0
15.79154968,-20.67006874,1,-10.16242599,1,-9.959467888,1,-4.884191036,1,-1.32555449,1,3.582883358001709,1,-1.721404552,0,-0.425697505,0,-0.523110509,0
15.79554749,-17.62181854,1,-4.32716465,1,-12.03557205,1,-5.281993866,1,-2.392390728,1,3.837254762649536,1,-1.74392724,0,-0.409998149,0,-0.517833829,0
15.7995472,-15.63275719,1,-0.690113306,1,-13.31208992,1,-5.195727825,1,-3.736837626,1,4.313776493,1,-1.768844604,0,-0.391697645,0,-0.508041978,0
15.80354881,-13.72931194,1,5.419035435,1,-16.74116707,1,-4.438877583,1,-5.074044704,1,4.482635021209717,1,-1.793730736,0,-0.370697469,0,-0.493425399,0
15.80754662,-18.45294189,1,7.618607044219971,1,-15.98619938,1,-3.333866119,1,-6.195885181,1,4.495847225189209,1,-1.815996647,0,-0.347986758,0,-0.474414438,0
15.81154633,-26.86022758,1,5.974226474761963,1,-14.91749668,1,-2.115234613,1,-6.882396698,1,4.542966842651367,1,-1.834163666,0,-0.323868513,0,-0.452267051,0
15.81554794,-35.25954056,1,1.318466305732727,1,-15.26063919,1,-1.048082232,1,-6.991187096,1,4.600883960723877,1,-1.847533941,0,-0.298810571,0,-0.429190159,0
15.81954575,-40.79056168,1,-5.342090607,1,-17.13845825,1,-0.293227673,1,-6.686270237,1,4.643033504486084,1,-1.856357098,0,-0.273414195,0,-0.407068014,0
15.82354546,-41.73987198,1,-11.92791271,1,-19.42827415,1,0.1337418109178543,1,-6.207640648,1,4.617613315582275,1,-1.861777306,0,-0.248311296,0,-0.386926323,0
15.82754707,-40.70440674,1,-17.3341713,1,-21.53968811,1,0.1991201490163803,1,-5.716911793,1,4.583661556243896,1,-1.865266085,0,-0.223825499,0,-0.36890927,0
15.83154488,-39.96188736,1,-20.5140686,1,-23.5192585,1,0.013079325,1,-5.318770409,1,4.520978927612305,1,-1.868181109,0,-0.199985251,0,-0.35278067,0
15.83554459,-39.36837006,1,-21.01491356,1,-25.28399086,1,-0.220169842,1,-5.0096488,1,4.416031360626221,1,-1.871352434,0,-0.17681855,0,-0.33806479,0
15.8395462,-38.04773331,1,-20.35043144,1,-26.54757309,1,-0.435357243,1,-4.776548862,1,4.239063262939453,1,-1.874960542,0,-0.154470816,0,-0.324370593,0
15.84354401,-36.20074844,1,-19.55265999,1,-27.25736809,1,-0.547856629,1,-4.642614841,1,4.033163547515869,1,-1.878809452,0,-0.133027151,0,-0.311299205,0
15.84754372,-35.30324554,1,-19.47689056,1,-27.59428787,1,-0.582902014,1,-4.575898647,1,3.845967769622803,1,-1.882653356,0,-0.112407587,0,-0.298437834,0
15.85154533,-33.73015976,1,-20.40579796,1,-27.46851158,1,-0.603613138,1,-4.599414825,1,3.728023529052734,1,-1.886337042,0,-0.092358425,0,-0.285595417,0
15.85554314,-32.53971481,1,-21.66113472,1,-27.52861977,1,-0.67844516,1,-4.669866085,1,3.693366527557373,1,-1.889939904,0,-0.072490074,0,-0.272574514,0
15.85954285,-31.26379395,1,-22.2859478,1,-27.40996361,1,-0.813872457,1,-4.794485092,1,3.716819286346436,1,-1.893747926,0,-0.052463874,0,-0.25925833,0
15.86354446,-30.21924591,1,-22.04292297,1,-27.39591217,1,-1.014664292,1,-4.949230671,1,3.779634714126587,1,-1.897980332,0,-0.032031856,0,-0.245569304,0
15.86754322,-28.61273575,1,-21.49705887,1,-27.21488953,1,-1.213327765,1,-5.110758305,1,3.847942352294922,1,-1.902730346,0,-0.01109172,0,-0.231466502,0
15.87154865,-27.08506203,1,-21.20806885,1,-27.14472198,1,-1.398108959,1,-5.277801991,1,3.938726186752319,1,-1.90797472,0,0.010441001,0,-0.216965213,0
15.87555122,-26.41654778,1,-20.42025948,1,-27.02584648,1,-1.583306432,1,-5.435301304,1,4.034581661224365,1,-1.913639665,0,0.032620173,0,-0.202069029,0
15.87954903,-26.24833488,1,-19.33439636,1,-27.53284264,1,-1.755465269,1,-5.508477688,1,4.056266307830811,1,-1.919656754,0,0.055283148,0,-0.186965585,0
15.88354874,-27.30879211,1,-18.32493973,1,-28.26030731,1,-1.873166442,1,-5.514552116,1,4.050007343292236,1,-1.925917625,0,0.078115113,0,-0.171809271,0
15.88755035,-28.21385765,1,-17.25081253,1,-29.26499367,1,-1.960252881,1,-5.447738171,1,3.975336074829102,1,-1.932273626,0,0.1008478552103043,0,-0.156825691,0
15.89154816,-28.79527664,1,-16.54370308,1,-30.04641151,1,-1.978306293,1,-5.278218269,1,3.882690906524658,1,-1.938518643,0,0.1232009828090668,0,-0.142271936,0
15.89554787,-28.54348183,1,-15.85695076,1,-30.82058907,1,-1.971929312,1,-5.070075989,1,3.767528295516968,1,-1.944559336,0,0.1449615508317947,0,-0.128375337,0
15.89954948,-27.58255005,1,-15.31984043,1,-31.12619591,1,-1.981090903,1,-4.823764324,1,3.659571170806885,1,-1.950440049,0,0.1660414636135101,0,-0.115276098,0
15.90354729,-26.05224228,1,-15.00732899,1,-31.76069832,1,-1.985703349,1,-4.597538471,1,3.538826704025269,1,-1.956208587,0,0.1864394247531891,0,-0.102977328,0
15.907547,-23.99630737,1,-14.86887932,1,-32.17778397,1,-1.999199152,1,-4.391420841,1,3.432602643966675,1,-1.961919785,0,0.2061464935541153,0,-0.091396794,0
15.91154862,-22.19253731,1,-14.33782291,1,-32.83414841,1,-2.02166605,1,-4.24512434,1,3.328615665435791,1,-1.967621803,0,0.2252622097730637,0,-0.080394961,0
15.91554642,-19.69771385,1,-13.73097038,1,-33.04990005,1,-2.034136534,1,-4.084195614,1,3.214632987976074,1,-1.973282933,0,0.2437944710254669,0,-0.069852993,0
15.91954613,-17.51661682,1,-13.36598015,1,-33.24620438,1,-2.046401739,1,-3.9851017,1,3.130115747451782,1,-1.978908896,0,0.2618111371994019,0,-0.059702475,0
15.92354775,-15.80675983,1,-13.27111626,1,-33.45210648,1,-2.070603609,1,-3.858684778,1,3.049588203430176,1,-1.984519362,0,0.2794097065925598,0,-0.049898475,0
15.92754555,-13.82590199,1,-13.1957922,1,-33.84283066,1,-2.090457439,1,-3.723478079,1,2.976551532745361,1,-1.99017036,0,0.2965770959854126,0,-0.040505897,0
15.93154526,-11.85695076,1,-12.84121799,1,-34.24592209,1,-2.111469746,1,-3.556517363,1,2.895756006240845,1,-1.995900035,0,0.313260555,0,-0.031611312,0
15.93554783,-10.05262184,1,-13.10647774,1,-34.41794205,1,-2.130222082,1,-3.290145159,1,2.822816371917725,1,-2.001805067,0,0.3293579816818237,0,-0.023445537,0
15.93954468,-8.922006607,1,-13.24307156,1,-34.21297455,1,-2.166021347,1,-2.88739109,1,2.720654726028442,1,-2.008089304,0,0.3446365594863892,0,-0.016462449,0
15.94354439,-7.552453995,1,-13.21540737,1,-33.33195496,1,-2.23271513,1,-2.30561614,1,2.584542751312256,1,-2.015083075,0,0.3586981892585754,0,-0.011238443,0
15.94754696,-5.441565514,1,-13.00942326,1,-31.72617722,1,-2.30450964,1,-1.526404381,1,2.389188289642334,1,-2.023149252,0,0.3710213899612427,0,-0.008411677,0
15.95154476,-1.931949496,1,-12.98199749,1,-30.16588974,1,-2.366807461,1,-0.614002824,1,2.147771835327148,1,-2.032552242,0,0.3810710310935974,0,-0.008563656,0
15.95554447,2.497844219207764,1,-11.57356071,1,-27.90267754,1,-2.394467115,1,0.4060691893100739,1,1.875403761863708,1,-2.043404102,0,0.3884646892547607,0,-0.012054612,0
15.95954609,8.254020690917969,1,-10.75468731,1,-25.10813522,1,-2.322113752,1,1.472101807594299,1,1.580030798912048,1,-2.055545807,0,0.3928598463535309,0,-0.019091187,0
15.96354389,16.11215209960938,1,-10.66937828,1,-23.25294685,1,-2.177640438,1,2.455901861190796,1,1.310622334480286,1,-2.068571806,0,0.3942300081253052,0,-0.029559501,0
15.9675436,25.13885116577148,1,-10.78606987,1,-22.67617226,1,-2.0602355,1,3.307094336,1,1.031414509,1,-2.082157373,0,0.3927330672740936,0,-0.042974435,0
15.97154522,33.38430023193359,1,-12.37011719,1,-21.87748909,1,-1.950523496,1,3.992417573928833,1,0.85391289,1,-2.096184731,0,0.3887384533882141,0,-0.058708698,0
15.97554302,40.87068557739258,1,-12.3022995,1,-20.36441994,1,-1.729603291,1,4.599118232727051,1,0.760383129,1,-2.110308886,0,0.3827526569366455,0,-0.07651154,0
15.97954273,42.26567840576172,1,-10.34634018,1,-20.34077644,1,-1.394084692,1,5.077979088,1,0.6029391288757324,1,-2.123700857,0,0.3750491440296173,0,-0.095818728,0
15.98354435,40.87438965,1,-4.96769762,1,-19.39048195,1,-0.948543191,1,5.754698753356934,1,0.3268988430500031,1,-2.135957479,0,0.3651901483535767,0,-0.116561197,0
15.98754215,41.61100387573242,1,0.7846661806106567,1,-18.59554291,1,-0.15873608,1,6.481617928,1,-0.14586775,1,-2.146071196,0,0.3523218631744385,0,-0.138803661,0
15.99154759,37.60162353515625,1,-0.395308822,1,-18.14018059,1,0.7745969295501709,1,7.247804641723633,1,-0.780103564,1,-2.152682543,0,0.3358055651187897,0,-0.162146643,0
15.99555016,29.49196053,1,-3.36791563,1,-16.84209824,1,1.390121936798096,1,8.161060333251953,1,-1.50029242,1,-2.156079531,0,0.315050483,0,-0.186580658,0
15.99954701,23.96869468688965,1,-2.560569763,1,-16.82203484,1,1.809021949768066,1,8.752847671508789,1,-2.21134758,1,-2.157258749,0,0.2899416089057922,0,-0.21210973,0
16.00354767,18.46241188049316,1,-1.520760775,1,-16.43130684,1,2.228018760681152,1,8.765889167785645,1,-2.884300232,1,-2.155841351,0,0.2620659470558167,0,-0.236588299,0
16.00754929,12.93853378295898,1,-2.256602764,1,-16.75091171,1,2.554382562637329,1,8.775508880615234,1,-3.479289293,1,-2.151872158,0,0.2321065366268158,0,-0.259552062,0
16.01154709,7.800531864,1,-5.385185719,1,-16.68159866,1,2.734751462936401,1,8.782319068908691,1,-3.952404022,1,-2.145927906,0,0.2004400491714478,0,-0.281326026,0
16.0155468,2.438908576965332,1,-7.636110783,1,-16.94291687,1,2.710694789886475,1,8.783301353,1,-4.30210638,1,-2.138818264,0,0.1675245314836502,0,-0.302279651,0
16.01954842,-1.452376366,1,-8.636396408,1,-17.82159805,1,2.583055496,1,8.781776428222656,1,-4.521492481,1,-2.131265163,0,0.1337733417749405,0,-0.322727323,0
16.02354622,-6.431297779,1,-8.374180794,1,-17.67650986,1,2.465614318847656,1,8.779702186584473,1,-4.616240978,1,-2.123546124,0,0.099676318,0,-0.34301585,0
16.02754593,-11.0856266,1,-6.7178936,1,-17.87522507,1,2.355472326278687,1,8.778224945068359,1,-4.697580814,1,-2.115605831,0,0.065475263,0,-0.36333549,0
16.03154755,-14.02555084,1,-4.556062698,1,-18.36562347,1,2.327459812164307,1,8.779026031494141,1,-4.760736942,1,-2.108628511,0,0.077439442,0,-0.316322535,0
16.03554535,-16.34030724,1,-2.916211605,1,-19.22694778,1,2.440840005874634,1,8.780356407165527,1,-4.767733574,1,-2.100368977,0,0.043159232,0,-0.336892694,0
16.03954506,-18.23477554,1,-1.094985485,1,-20.13868904,1,2.716455698013306,1,8.786203384399414,1,-4.726773262,1,-2.090620279,0,0.009128399,0,-0.357793808,0
16.04354858,-20.35917854,1,-1.145734191,1,-20.72953987,1,3.019696235656738,1,8.792247772216797,1,-4.653713703,1,-2.078986645,0,-0.024494432,0,-0.379181087,0
16.04754448,-22.31266785,1,-2.211952209,1,-20.84822083,1,3.300916433334351,1,8.797969818115234,1,-4.580122948,1,-2.065418005,0,-0.057608325,0,-0.401162684,0
16.0515461,-24.01326942,1,-4.423504353,1,-20.42305565,1,3.472237825393677,1,8.800601959228516,1,-4.458667278,1,-2.050183058,0,-0.090065107,0,-0.423860848,0
16.05554771,-25.21019745,1,-6.737409115,1,-19.83151054,1,3.507227182388306,1,8.800600051879883,1,-4.309779644,1,-2.033709764,0,-0.121678375,0,-0.447393954,0
16.05954552,-25.42336655,1,-9.107492447,1,-18.69172668,1,3.449346066,1,8.797924995422363,1,-4.132594585,1,-2.016406775,0,-0.152288392,0,-0.471842557,0
16.06354523,-25.64465332,1,-11.02706623,1,-17.34829521,1,3.254058122634888,1,8.792232513427734,1,-3.923932552,1,-1.998745203,0,-0.181784958,0,-0.497249931,0
16.06754684,-25.45065498,1,-11.92135143,1,-16.28247452,1,2.984118700027466,1,8.785363197,1,-3.717927217,1,-1.981105447,0,-0.210044518,0,-0.523651242,0
16.07154465,-25.94549751,1,-12.26579189,1,-14.46044731,1,2.671847343444824,1,8.778665542602539,1,-3.500120401,1,-1.963746905,0,-0.237059444,0,-0.551023185,0
16.07554436,-24.91858292,1,-11.52448654,1,-13.37682915,1,2.380444049835205,1,8.770858764648438,1,-3.291443586,1,-1.946646214,0,-0.262814879,0,-0.579345107,0
16.07954598,-24.12875175,1,-10.21071815,1,-11.10050869,1,2.188912153244019,1,8.766111373901367,1,-3.055459499,1,-1.929587245,0,-0.287273943,0,-0.608612478,0
16.08354378,-23.08695412,1,-8.354586601,1,-8.926592827,1,2.164202213287354,1,8.763081550598145,1,-2.76857543,1,-1.912013054,0,-0.310245454,0,-0.638887346,0
16.08754349,-22.20697594,1,-5.585216522,1,-6.492909908,1,2.359015464782715,1,8.766635894775391,1,-2.470539808,1,-1.893138409,0,-0.331566632,0,-0.670218945,0
16.09154511,-21.58825684,1,-2.546700001,1,-4.386602879,1,2.754881858825684,1,8.772505760192871,1,-2.221865654,1,-1.872093081,0,-0.351247251,0,-0.702594697,0
16.09554291,-20.79734039,1,0.2745134830474854,1,-2.395705223,1,3.308619737625122,1,8.782139778137207,1,-2.048394918,1,-1.848241925,0,-0.369443774,0,-0.735948563,0
16.09954262,-19.7412529,1,2.436719179153442,1,-1.106701136,1,3.980484008789063,1,8.795786858,1,-1.987906933,1,-1.821043015,0,-0.386394739,0,-0.770200431,0
16.10354424,-19.05768204,1,3.638043880462646,1,-0.180083394,1,4.678442478179932,1,8.810807228088379,1,-2.004624128,1,-1.790231705,0,-0.402344555,0,-0.805282831,0
16.10754204,-18.26241684,1,2.804665088653564,1,0.6937472224235535,1,5.336074352264404,1,8.824595451,1,-2.08626771,1,-1.755873919,0,-0.417437077,0,-0.841164708,0
16.11154747,-17.36404419,1,0.3944339454174042,1,1.112645387649536,1,5.835922241210938,1,8.836283683776855,1,-2.208524704,1,-1.718378067,0,-0.431744307,0,-0.877832651,0
16.115551,-16.80343628,1,-2.864786625,1,0.8097681403160095,1,6.084455013275146,1,8.843535423278809,1,-2.380232096,1,-1.678565741,0,-0.445353895,0,-0.915278494,0
16.1195488,-16.12379837,1,-6.247440338,1,0.3690405189990997,1,6.034140110015869,1,8.842649459838867,1,-2.567935944,1,-1.637568235,0,-0.458301008,0,-0.953487754,0
16.12354851,-16.39256859,1,-8.459516525,1,0.1032759770750999,1,5.730892181396484,1,8.837105751037598,1,-2.803245306,1,-1.596546888,0,-0.470650375,0,-0.992441475,0
16.12755013,-16.63708687,1,-4.8991642,1,-0.659655988,1,5.335875511169434,1,8.831621170043945,1,-3.230973959,1,-1.556198716,0,-0.482843101,0,-1.032140613,0
16.13154793,-17.04759407,1,2.055196285247803,1,-4.785884857,1,5.086271763,1,8.830040932,1,-3.810304642,1,-1.516324759,0,-0.495738864,0,-1.072689652,0
16.13554764,-18.99894714,1,1.588567614555359,1,-4.245261192,1,5.005236625671387,1,8.830963134765625,1,-4.328043938,1,-1.476205587,0,-0.509355843,0,-1.114266872,0
16.13954926,-20.33690834,1,4.663084983825684,1,-7.029777527,1,5.108996868133545,1,8.836529731750488,1,-4.842001915,1,-1.434843779,0,-0.523490131,0,-1.157057047,0
16.14354706,-22.63430405,1,7.452168464660645,1,-8.01453495,1,5.318860530853271,1,8.844069480895996,1,-5.369257927,1,-1.391635656,0,-0.538122475,0,-1.201269388,0
16.14754677,-25.01032829,1,7.965324878692627,1,-8.629150391,1,5.538573265075684,1,8.797731399536133,1,-5.881258965,1,-1.346167326,0,-0.553077877,0,-1.247017622,0
16.15154839,-26.9739399,1,7.788262367248535,1,-9.32497406,1,5.715867519378662,1,8.738073348999023,1,-6.403794765,1,-1.298509836,0,-0.568268657,0,-1.294286489,0
16.15554619,-27.34892464,1,6.474843025,1,-10.00961685,1,5.760317802429199,1,8.644563674926758,1,-6.871872425,1,-1.248864412,0,-0.583494902,0,-1.343230844,0
16.1595459,-26.88518524,1,4.267856121063232,1,-10.6462698,1,5.651147842407227,1,8.442612648010254,1,-7.238700867,1,-1.197990775,0,-0.598410428,0,-1.393541098,0
16.16354752,-27.15007591,1,2.600575447,1,-11.98719215,1,5.429827690124512,1,8.129204750061035,1,-7.476563931,1,-1.146721005,0,-0.612682581,0,-1.444636106,0
16.16754532,-28.76749229,1,0.8825139999389648,1,-13.1597681,1,5.110289096832275,1,7.786570072174072,1,-7.592477322,1,-1.095833302,0,-0.626047373,0,-1.495947957,0
16.17154503,-32.42109299,1,-0.345006168,1,-14.76902676,1,4.695880889892578,1,7.422250270843506,1,-7.601073265,1,-1.045975685,0,-0.638147593,0,-1.547093987,0
16.17554665,-37.96377182,1,-1.40891099,1,-15.95366096,1,4.20259428,1,7.147787094116211,1,-7.551366806,1,-0.99766165,0,-0.648817301,0,-1.597916484,0
16.17954445,-44.03984833,1,-1.80890727,1,-17.43834877,1,3.693203687667847,1,6.990011215209961,1,-7.46100378,1,-0.951079845,0,-0.657785058,0,-1.64858377,0
16.18354416,-49.5507164,1,-1.716350675,1,-18.13182068,1,3.209478855133057,1,6.943426132202148,1,-7.35977602,1,-0.906117439,0,-0.664847374,0,-1.699345827,0
16.18754578,-54.16886139,1,-1.068495512,1,-18.30796623,1,2.786037207,1,6.971871376037598,1,-7.237667084,1,-0.86260581,0,-0.669804871,0,-1.750294685,0
16.19154358,-58.57781601,1,1.079498291015625,1,-17.84386063,1,2.413326025009155,1,7.021468639373779,1,-7.110568047,1,-0.820432425,0,-0.672555327,0,-1.801386833,0
16.19554329,-61.42090988,1,2.630760669708252,1,-15.66016769,1,2.145070314407349,1,7.041614532470703,1,-6.896613121,1,-0.779680192,0,-0.673060536,0,-1.852202535,0
16.19954491,-62.19427109,1,3.688939809799194,1,-12.98015499,1,2.000505685806274,1,6.906223297119141,1,-6.517185688,1,-0.740589499,0,-0.671324134,0,-1.901713252,0
16.20354271,-62.19090271,1,4.613635063171387,1,-10.6649456,1,1.929386019706726,1,6.526154041290283,1,-5.950093269,1,-0.703811169,0,-0.66760844,0,-1.948330283,0
16.20754242,-63.05815887,1,5.984934807,1,-8.001591682,1,1.923489212989807,1,5.875178337097168,1,-5.221579552,1,-0.670186639,0,-0.662583232,0,-1.99036181,0
16.21154594,-64.94406891,1,7.320508003234863,1,-4.619220257,1,1.970955014228821,1,5.042033195495605,1,-4.384361744,1,-0.640243053,0,-0.656953692,0,-2.026529312,0
16.21554184,-66.08285522,1,11.04231834411621,1,-1.981923461,1,2.109206676483154,1,4.010508537,1,-3.50548315,1,-0.614162207,0,-0.651520789,0,-2.056063414,0
16.21954346,-69.53983307,1,14.40132808685303,1,1.047596693,1,2.378614664077759,1,3.034685134887695,1,-2.596242189,1,-0.591533899,0,-0.646908641,0,-2.078677654,0
16.22354507,-71.13018036,1,13.63738441467285,1,2.897269725799561,1,2.603452920913696,1,2.254077434539795,1,-1.713665128,1,-0.571750402,0,-0.642803907,0,-2.094938755,0
16.22754288,-71.94300079,1,12.10676097869873,1,5.328783988952637,1,2.534323453903198,1,1.600612640380859,1,-0.942289472,1,-0.555018365,0,-0.639136434,0,-2.105614901,0
16.23154831,-72.02155304,1,9.451996803283691,1,7.872658252716064,1,2.216293573379517,1,1.049837350845337,1,-0.293691665,1,-0.541875839,0,-0.635883927,0,-2.111651897,0
16.23555183,-70.85257721,1,7.130512237548828,1,10.59703445,1,1.739486455917358,1,0.5104780793190002,1,0.2757286727428436,1,-0.532743037,0,-0.633211792,0,-2.113659143,0
16.23955154,-67.96409607,1,6.141146659851074,1,12.44490242004395,1,1.202048182487488,1,-0.027938971,1,0.825572133,1,-0.527897298,0,-0.631268501,0,-2.111901283,0
16.24355125,-62.54577255,1,7.523752212524414,1,13.59331893920898,1,0.7465336918830872,1,-0.568320394,1,1.409539937973022,1,-0.527320683,0,-0.630032659,0,-2.106370211,0
16.24755287,-56.79227066,1,12.22584152,1,13.58216857910156,1,0.6234150528907776,1,-1.157739282,1,1.920995950698853,1,-0.530139327,0,-0.629608154,0,-2.097087383,0
16.25154877,-52.21133423,1,16.57889175415039,1,13.10637855529785,1,0.8323212862014771,1,-1.811218023,1,2.362065553665161,1,-0.534870744,0,-0.630372882,0,-2.08421278,0
16.25555039,-50.4341507,1,15.18777370452881,1,12.48792552947998,1,1.084518432617188,1,-2.392209053,1,2.777137517929077,1,-0.540621161,0,-0.632359862,0,-2.067923784,0
16.259552,-48.68739319,1,9.827603340148926,1,11.32461357116699,1,1.105391502380371,1,-2.909630537,1,3.147073507,1,-0.547673345,0,-0.635288239,0,-2.048503399,0
16.26354981,-47.33242798,1,6.273007392883301,1,9.578797340393066,1,0.8893244862556458,1,-3.40344739,1,3.359493732452393,1,-0.556768894,0,-0.639198422,0,-2.026423931,0
16.26754952,-45.4208107,1,4.054304122924805,1,8.412952423095703,1,0.5646965503692627,1,-3.830698729,1,3.445499181747437,1,-0.568227708,0,-0.64418447,0,-2.002390862,0
16.27155113,-41.52514648,1,3.644438743591309,1,7.644348145,1,0.094514221,1,-4.187303543,1,3.429031610488892,1,-0.582201838,0,-0.65014863,0,-1.976949453,0
16.27554894,-28.34572792,1,-5.833217144,1,-4.705565453,1,-0.759053528,1,-4.702635765,1,3.554041147232056,1,-0.599444568,0,-0.657081366,0,-1.950213552,0
16.27954865,33.01076126098633,1,11.09037780761719,1,-2.544076204,1,-2.381795645,1,-6.304083347,1,2.924649715423584,1,-0.717589378,0,-0.709458351,0,-1.907522917,0
16.28355026,-43.78251648,1,0.7081173658370972,1,5.644643783569336,1,-1.628932834,1,-7.456950665,1,4.184474945068359,1,-0.747914553,0,-0.720725119,0,-1.868824244,0
16.28754807,24.22667503356934,1,-47.37564087,1,-13.25239754,1,-3.399188042,1,-6.329548359,1,4.014933109283447,1,-0.786754608,0,-0.729732692,0,-1.827842593,0
16.29154778,35.81624984741211,1,-50.42264938,1,-39.75736237,1,-4.313878536,1,-8.787417412,1,5.453543186187744,1,-0.832288802,0,-0.73627466,0,-1.781853676,0
16.29554939,-27.84540176,1,-86.72238159,1,-79.82545471,1,-6.225206375,1,-8.884332657,1,6.975229740142822,1,-0.891369104,0,-0.740627289,0,-1.723884106,0
16.2995472,-144.3491974,1,-93.44476318,1,-102.2867813,1,-8.627959251,1,-8.943311691,1,8.614672660827637,1,-0.966975629,0,-0.736090302,0,-1.659028649,0
16.30354691,-187.4680481,1,-57.69425583,1,-75.88257599,1,-8.637682915,1,-8.120191574,1,8.619905471801758,1,-1.044514418,0,-0.72569865,0,-1.594615579,0
16.30754852,-71.3968811,1,44.94339752197266,1,-7.762784004,1,-8.687884331,1,-3.723988056,1,8.179314613342285,1,-1.112189889,0,-0.707406163,0,-1.544389367,0
16.31154633,-0.808500707,1,89.55941772460938,1,-63.34843063,1,-5.459012032,1,-5.90081501,1,4.484477043151855,1,-1.163352609,0,-0.691868603,0,-1.510104299,0
16.31554604,22.72025299072266,1,61.953125,1,-14.93460464,1,-4.778192997,1,-5.581163406,1,3.125353574752808,1,-1.206757069,0,-0.687025785,0,-1.474621177,0
16.31954765,25.15612983703613,1,34.35120773,1,-2.253386021,1,-3.042565823,1,-5.553754807,1,3.483797311782837,1,-1.242635369,0,-0.682707787,0,-1.441616058,0
16.32354546,-86.9955368,1,10.93264675140381,1,-14.59981537,1,-2.438527107,1,-2.182887554,1,3.721778392791748,1,-1.269933462,0,-0.67334497,0,-1.415784478,0
16.32754517,-75.14976501,1,-19.56063461,1,21.96465301513672,1,-1.914227962,1,-1.431166887,1,1.662827730178833,1,-1.285483479,0,-0.664436281,0,-1.404615402,0
16.33154678,-9.220852852,1,9.497992515563965,1,-5.979942322,1,-1.80966866,1,-1.75374186,1,0.6390188336372375,1,-1.299111366,0,-0.662431479,0,-1.394808531,0
16.33554649,-11.62223434,1,69.18206024169922,1,-19.16141701,1,-0.447518587,1,-0.601759017,1,1.084541559,1,-1.307966113,0,-0.660433471,0,-1.388012648,0
16.3395462,-5.933866978,1,18.35496711730957,1,-14.00608349,1,0.8083750009536743,1,-0.810199499,1,0.5446531176567078,1,-1.309824944,0,-0.657664716,0,-1.383480191,0
16.34354782,-14.35827637,1,-44.2347908,1,-9.945070267,1,0.3644373416900635,1,-0.700529873,1,-0.127486214,1,-1.30926168,0,-0.657954991,0,-1.379827499,0
16.34754562,-1.10598743,1,-31.05737877,1,-16.79968262,1,-0.291890413,1,-1.200624466,1,0.8297199010848999,1,-1.312423229,0,-0.657698989,0,-1.374363899,0
16.35154533,7.758241176605225,1,-6.245551109,1,-16.168993,1,-0.749422491,1,-1.298213601,1,1.292245745658875,1,-1.319339752,0,-0.654630423,0,-1.367213726,0
16.35555267,-5.322209835,1,5.772922992706299,1,-17.20635986,1,-0.473528296,1,-1.625686884,1,1.223201274871826,1,-1.32701683,0,-0.651188374,0,-1.358537316,0
16.3595562,-16.6281395,1,5.157148838043213,1,-10.8783741,1,-0.155272856,1,-1.712233424,1,1.215200662612915,1,-1.334156036,0,-0.648021102,0,-1.348829269,0
16.36355782,-7.278653145,1,-4.472523689,1,-8.284179688,1,-0.112048045,1,-1.60480392,1,1.121776938438416,1,-1.340358973,0,-0.645053983,0,-1.339429855,0
16.36755943,-5.34389019,1,-7.066929817,1,-9.382775307,1,-0.192561284,1,-1.521990418,1,1.238245487213135,1,-1.346173882,0,-0.641899228,0,-1.330528855,0
16.37155724,-6.189211845,1,-2.363679171,1,-10.1004858,1,-0.215533927,1,-1.4810673,1,1.294426083564758,1,-1.352330923,0,-0.638220489,0,-1.321814418,0
16.37555695,-7.409827709,1,4.461763381958008,1,-10.50482655,1,-0.106039949,1,-1.486851096,1,1.219400644302368,1,-1.358033419,0,-0.634547651,0,-1.313305259,0
16.37955856,-5.910241604,1,3.454253673553467,1,-13.42747021,1,0.1579505056142807,1,-1.648740053,1,1.060943365097046,1,-1.363111615,0,-0.63138938,0,-1.30459404,0
16.38355637,-5.057445526,1,-5.426758289,1,-13.32224464,1,0.1830713897943497,1,-1.918661952,1,1.036488652229309,1,-1.368126392,0,-0.628778279,0,-1.294910073,0
16.38755608,-6.821686745,1,-5.738405228,1,-13.75771236,1,0.2258729040622711,1,-2.112980366,1,1.145252346992493,1,-1.373635769,0,-0.626130164,0,-1.284069657,0
16.39155769,-2.236690998,1,-3.558301449,1,-18.15162277,1,0.1039996,1,-2.456141472,1,1.201809406280518,1,-1.380039573,0,-0.623227835,0,-1.271970034,0
16.3955555,0.9346415400505066,1,-2.165322542,1,-23.67987823,1,0.09804707,1,-3.121615171,1,1.157936573028564,1,-1.388102055,0,-0.620651186,0,-1.257423639,0
16.39955521,0.8075549602508545,1,-1.642155528,1,-26.11273575,1,0.063805126,1,-3.999591351,1,1.147964119911194,1,-1.398329496,0,-0.618641615,0,-1.239228845,0
16.40355682,0.152806893,1,0.3847116231918335,1,-25.15869904,1,0.094578885,1,-4.903183937,1,1.171478629112244,1,-1.411089778,0,-0.617019415,0,-1.21672833,0
16.40755463,-1.634070277,1,-1.125979543,1,-28.34631348,1,0.1672081500291824,1,-5.770047665,1,1.184596061706543,1,-1.426060677,0,-0.615653694,0,-1.189958334,0
16.41155434,6.127028465270996,1,-6.201301098,1,-30.3874321,1,-0.04034856,1,-6.789548397,1,1.355522751808167,1,-1.443723559,0,-0.613949418,0,-1.158807635,0
16.41555595,6.817009925842285,1,-10.56101322,1,-33.04587555,1,-0.329578876,1,-7.921436787,1,1.480410695075989,1,-1.465454221,0,-0.611832798,0,-1.122269988,0
16.41955376,10.65588283538818,1,-6.997650623,1,-32.84666061,1,-0.311294943,1,-8.729727745,1,1.832252502441406,1,-1.490718126,0,-0.608262777,0,-1.080631971,0
16.42355347,9.673164367675781,1,-8.490840912,1,-30.82610321,1,-0.084016055,1,-8.728377342,1,2.207352161407471,1,-1.516035795,0,-0.602594078,0,-1.037605643,0
16.42755508,11.34037113189697,1,-10.1994791,1,-29.21014786,1,0.096248329,1,-8.726284981,1,2.556484699249268,1,-1.540071487,0,-0.594565868,0,-0.994896054,0
16.43155289,15.07427787780762,1,-12.72773743,1,-29.96435165,1,0.043013662,1,-8.730360031,1,2.966560363769531,1,-1.563251972,0,-0.584175348,0,-0.952650905,0
16.4355526,16.75116157531738,1,-11.52113438,1,-28.22851944,1,0.1092603728175163,1,-8.729605675,1,3.267024755477905,1,-1.585698843,0,-0.571602702,0,-0.911020458,0
16.43955421,13.52902317047119,1,-9.311146736,1,-24.43921089,1,0.1105896010994911,1,-8.733400345,1,3.914341449737549,1,-1.607219934,0,-0.556428134,0,-0.870138347,0
16.44355202,-2.718550205,1,-6.171837807,1,-17.85321426,1,0.2876282632350922,1,-8.732626915,1,4.475942134857178,1,-1.627147436,0,-0.537885427,0,-0.830200076,0
16.44755173,-4.372344017,1,-3.392991066,1,-7.120895386,1,0.2362701296806335,1,-8.735531807,1,4.719542980194092,1,-1.645828962,0,-0.517291605,0,-0.791245103,0
16.45155525,-10.06665039,1,8.748360633850098,1,-10.51800251,1,0.6318195462226868,1,-8.729012489,1,5.116681098937988,1,-1.662623763,0,-0.494751841,0,-0.753324389,0
16.45555115,-34.2752037,1,20.81147193908691,1,-15.89360046,1,1.971131443977356,1,-8.698642731,1,4.668320178985596,1,-1.674932718,0,-0.471721083,0,-0.716330349,0
16.45955086,-57.27366638,1,20.6230526,1,-19.17186165,1,3.574619532,1,-8.662790298,1,4.319653511047363,1,-1.679889441,0,-0.450158238,0,-0.679931045,0
16.46355438,-67.41329956,1,11.48686981201172,1,-15.53318977,1,4.750961780548096,1,-8.637166023,1,4.033733845,1,-1.678355336,0,-0.429799259,0,-0.643921912,0
16.46755219,-72.79301453,1,-1.517306089,1,-8.966251373,1,5.433638572692871,1,-8.625853539,1,4.430472850799561,1,-1.67240715,0,-0.40951547,0,-0.608245432,0
16.47154999,-86.38998413,1,-10.46365166,1,-4.123509884,1,5.291533470153809,1,-8.628811836,1,4.507399559020996,1,-1.664556265,0,-0.388130665,0,-0.572891355,0
16.47555733,-94.55853271,1,-11.82472801,1,-6.55983305,1,4.777076721191406,1,-8.63956356,1,4.279220104217529,1,-1.657345891,0,-0.367637694,0,-0.537578344,0
16.47956085,-77.46591187,1,-10.4181633,1,0.062120866,1,4.419280529022217,1,-8.644778252,1,4.058889865875244,1,-1.651463866,0,-0.348106652,0,-0.502286911,0
16.48356056,-48.89656448,1,-18.30971909,1,6.799031734466553,1,3.850611686706543,1,-8.056502342,1,3.895911217,1,-1.645971656,0,-0.329694688,0,-0.467660189,0
16.48756409,-6.636311054,1,-36.99313736,1,12.99233150482178,1,0.8948535919189453,1,-5.870189667,1,3.563960075378418,1,-1.6448524,0,-0.312859297,0,-0.439904392,0
16.49156189,-68.73181152,1,-18.1637001,1,20.55215835571289,1,0.1345547884702682,1,-7.034851551,1,3.384649038314819,1,-1.650804639,0,-0.296172082,0,-0.412424982,0
16.4955616,-85.08344269,1,-21.68302727,1,-12.73151207,1,-2.599613667,1,-3.35256505,1,2.718870162963867,1,-1.661736965,0,-0.282247722,0,-0.392435968,0
16.49956322,-37.07756042,1,-19.63698196,1,-7.471304417,1,-4.079168797,1,-1.241413713,1,2.494325637817383,1,-1.677365661,0,-0.271224588,0,-0.385165155,0
16.50356102,-18.47711754,1,-7.243511677,1,-7.70857811,1,-4.546013355,1,-1.843593836,1,2.387488842010498,1,-1.696105719,0,-0.260802239,0,-0.380087405,0
16.50756073,-15.0112257,1,-4.891639709,1,-9.564957619,1,-4.767101288,1,-2.807730675,1,2.626320362091064,1,-1.71680975,0,-0.249764353,0,-0.372059941,0
16.51156235,-17.52726746,1,-0.933419764,1,-11.07547092,1,-4.802305222,1,-4.048363686,1,3.265837193,1,-1.738926172,0,-0.236012399,0,-0.360029608,0
16.51556015,-18.81818199,1,3.354061126708984,1,-14.51665592,1,-4.196770191,1,-5.235328197,1,3.829849243164063,1,-1.760747552,0,-0.218624637,0,-0.34384352,0
16.51955986,-20.88089943,1,7.690892219543457,1,-17.04236603,1,-3.042432547,1,-6.207335949,1,4.006976604,1,-1.779411793,0,-0.198650867,0,-0.32401222,0
16.52356148,-24.59229469,1,6.359707832336426,1,-15.79705524,1,-1.795137525,1,-6.81575346,1,4.131792068481445,1,-1.793270588,0,-0.177176133,0,-0.301598966,0
16.52755928,-27.62030411,1,2.612392187,1,-14.21641064,1,-0.609642446,1,-7.156478405,1,4.291062831878662,1,-1.801959038,0,-0.154458359,0,-0.277770042,0
16.53155899,-33.33189392,1,-1.425116897,1,-15.33833694,1,0.3370116949081421,1,-7.128365993,1,4.460020065307617,1,-1.787191153,0,-0.055005495,0,-0.23771891,0
16.53556061,-39.54269409,1,-6.412023067,1,-17.11726761,1,0.935558021,1,-6.752434731,1,4.498387813568115,1,-1.785570145,0,-0.031529799,0,-0.214329287,0
16.53955841,-42.33740997,1,-11.93186188,1,-19.10104561,1,1.224539756774902,1,-6.168013096,1,4.500014305114746,1,-1.781589627,0,-0.008447196,0,-0.192858741,0
16.54355812,-41.54803467,1,-15.62827587,1,-20.80727005,1,1.261328935623169,1,-5.583359718,1,4.457134724,1,-1.776544094,0,0.013930273,0,-0.173578054,0
16.54755974,-40.07154465,1,-17.60369301,1,-22.25062752,1,1.164921164512634,1,-5.143231392,1,4.417712211608887,1,-1.771241188,0,0.035660427,0,-0.156176209,0
16.55155945,-38.87440872,1,-18.09231377,1,-23.59592628,1,1.023605823516846,1,-4.797589779,1,4.370924949645996,1,-1.766106129,0,0.056792408,0,-0.140149444,0
16.55555916,-37.77878189,1,-17.88814354,1,-24.23087883,1,0.8438491821289063,1,-4.562795162,1,4.330059528,1,-1.761389732,0,0.077447809,0,-0.125107035,0
16.55956078,-37.15100098,1,-17.57211494,1,-24.56158638,1,0.7132475972175598,1,-4.432088375,1,4.283577442169189,1,-1.757018328,0,0.097728707,0,-0.110633947,0
16.56355858,-36.36709976,1,-17.5069561,1,-24.91966248,1,0.6337988972663879,1,-4.376610279,1,4.247556686401367,1,-1.752799511,0,0.1177289709448814,0,-0.096364416,0
16.56755829,-35.67917252,1,-18.30181694,1,-25.18227005,1,0.5727640986442566,1,-4.386789799,1,4.260939121246338,1,-1.748570919,0,0.1375891715288162,0,-0.082054928,0
16.57155991,-34.33096313,1,-19.62150383,1,-25.60257721,1,0.4853048026561737,1,-4.481660366,1,4.341352939605713,1,-1.744295835,0,0.1575980186462402,0,-0.067473009,0
16.57555771,-33.39309311,1,-21.56064034,1,-26.13972664,1,0.3372630178928375,1,-4.602733135,1,4.450518131256104,1,-1.740097284,0,0.1780222058296204,0,-0.052326199,0
16.57955742,-31.44632912,1,-22.70471573,1,-26.12734222,1,0.1210194379091263,1,-4.807639122,1,4.604967117,1,-1.736216187,0,0.199002281,0,-0.03651787,0
16.58355904,-29.95550156,1,-22.13608932,1,-25.84664536,1,-0.111421563,1,-4.998053551,1,4.727069378,1,-1.732717276,0,0.220654771,0,-0.019816987,0
16.58755684,-29.46944618,1,-21.51881218,1,-26.5800705,1,-0.266558409,1,-5.310511589,1,4.836616039276123,1,-1.729429483,0,0.2427729368209839,0,-0.002057027,0
16.59155655,-30.00585175,1,-19.89593506,1,-26.82694435,1,-0.409214675,1,-5.422914028,1,4.900891304016113,1,-1.726075888,0,0.2654436230659485,0,0.016707266,0
16.59556389,-29.60542297,1,-18.47763062,1,-27.42350006,1,-0.435134143,1,-5.588965416,1,4.867838382720947,1,-1.722465515,0,0.2881057262420654,0,0.036234818,0
16.59956741,-29.4437294,1,-17.16004372,1,-28.01499176,1,-0.400079101,1,-5.647434711,1,4.769120216369629,1,-1.718172908,0,0.3105360269546509,0,0.056504052,0
16.60356903,-29.5192585,1,-16.8801651,1,-28.42150879,1,-0.331558436,1,-5.700656414,1,4.640707015991211,1,-1.71306181,0,0.3324393630027771,0,0.077332951,0
16.60757065,-29.0812645,1,-16.75410652,1,-28.99324036,1,-0.268289596,1,-5.704977512,1,4.482672691345215,1,-1.70708859,0,0.3536843061447144,0,0.098634481,0
16.61156845,-28.90099716,1,-17.67978668,1,-29.40199661,1,-0.262465477,1,-5.677255154,1,4.317494869232178,1,-1.700421333,0,0.3741514980792999,0,0.1202964261174202,0
16.61556816,-27.82632256,1,-18.30394554,1,-29.88124657,1,-0.350598782,1,-5.61582756,1,4.143260955810547,1,-1.693431497,0,0.3937917351722717,0,0.1421757936477661,0
16.61956978,-26.69472122,1,-19.24386215,1,-30.22779083,1,-0.549172461,1,-5.559996605,1,3.948318719863892,1,-1.686568022,0,0.4125253856182098,0,0.1642166823148727,0
16.62356758,-24.90012932,1,-19.9017067,1,-30.89448547,1,-0.83016634,1,-5.503079414,1,3.754529714584351,1,-1.680233121,0,0.4303146600723267,0,0.18640098,0
16.62756729,-22.36588287,1,-20.53037071,1,-31.32521629,1,-1.172249436,1,-5.478542805,1,3.572413682937622,1,-1.67471242,0,0.4472186267375946,0,0.2087925374507904,0
16.63156891,-19.91938019,1,-20.87022018,1,-31.76891327,1,-1.563407063,1,-5.472012043,1,3.428446769714355,1,-1.670205951,0,0.4633532464504242,0,0.2314616590738297,0
16.63556671,-17.90331459,1,-20.70608139,1,-32.26787186,1,-1.956167698,1,-5.48693943,1,3.301328420639038,1,-1.666795254,0,0.4788780808448792,0,0.2544707655906677,0
16.63956642,-16.07604599,1,-20.23353958,1,-32.62779236,1,-2.335624456,1,-5.46546936,1,3.188695907592773,1,-1.664496541,0,0.4938735961914063,0,0.2777542173862457,0
16.64356804,-14.69177151,1,-19.41655922,1,-33.44462967,1,-2.663911104,1,-5.419500351,1,3.092623472213745,1,-1.663266659,0,0.508402944,0,0.3011502921581268,0
16.64756584,-13.90366077,1,-18.29321289,1,-34.64494705,1,-2.898896933,1,-5.29600668,1,2.989168405532837,1,-1.662956953,0,0.5224992632865906,0,0.3243990540504456,0
16.65156555,-13.59719944,1,-16.54080009,1,-35.85434723,1,-3.021236897,1,-5.098045826,1,2.854728937149048,1,-1.663340688,0,0.5360625386238098,0,0.347157359,0
16.65556717,-13.63070011,1,-14.34987164,1,-36.9586525,1,-2.992968082,1,-4.771665096,1,2.674544095993042,1,-1.664152026,0,0.5489112734794617,0,0.3689560890197754,0
16.65956497,-13.80272579,1,-12.57188416,1,-37.49767303,1,-2.815976381,1,-4.251811028,1,2.452514410018921,1,-1.665224552,0,0.5608202815055847,0,0.389042079,0
16.66356468,-12.94306278,1,-11.21505928,1,-37.64795303,1,-2.567131042,1,-3.514644384,1,2.204305410385132,1,-1.666716099,0,0.5715762376785278,0,0.4063543677330017,0
16.6675663,-11.45971107,1,-11.19671249,1,-36.70571518,1,-2.282551289,1,-2.59026432,1,1.910560250282288,1,-1.668993831,0,0.5809639096260071,0,0.4199635684490204,0
16.6715641,-9.280642509,1,-11.68963432,1,-35.51430511,1,-2.046868086,1,-1.496019125,1,1.613251328468323,1,-1.672700882,0,0.5888005495071411,0,0.4289185404777527,0
16.67556381,-5.212868214,1,-11.93495464,1,-33.18432236,1,-1.859338522,1,-0.295018315,1,1.311192870140076,1,-1.678531528,0,0.5949858427047729,0,0.4324830174446106,0
16.67956543,0.2888250052928925,1,-12.83345795,1,-30.3749485,1,-1.666144729,1,0.9217081069946289,1,1.025040269,1,-1.686793447,0,0.5994827747344971,0,0.4303335845470428,0
16.68356323,7.358395099639893,1,-13.57946587,1,-28.49978828,1,-1.51377511,1,2.062185049057007,1,0.774954617,1,-1.697517514,0,0.6023276448249817,0,0.4225909411907196,0
16.68756294,16.10365295410156,1,-14.82406235,1,-26.97992706,1,-1.479524374,1,3.095170259475708,1,0.5675219893455505,1,-1.710772157,0,0.6035964488983154,0,0.4096997082233429,0
16.69156456,24.70226669311523,1,-16.08477783,1,-25.03572083,1,-1.567602158,1,3.985262870788574,1,0.4598323404788971,1,-1.726730704,0,0.6035096049308777,0,0.392280638,0
16.69556236,31.62574195861816,1,-16.51077843,1,-23.38999557,1,-1.707833052,1,4.798466682434082,1,0.4381589889526367,1,-1.745406747,0,0.602375865,0,0.3708826303482056,0
16.69956207,36.84354019165039,1,-14.97898388,1,-20.59940529,1,-1.757862091,1,5.629348278045654,1,0.4406684935092926,1,-1.766682744,0,0.6002588868141174,0,0.3456389307975769,0
16.70356369,37.90058135986328,1,-11.15575504,1,-19.77639389,1,-1.525182724,1,6.426350116729736,1,0.367897093,1,-1.789635181,0,0.5969182848930359,0,0.3166705369949341,0
16.70756149,33.98722076416016,1,-7.284689426,1,-18.09623337,1,-1.162427664,1,7.355339050292969,1,0.1029133945703506,1,-1.813289285,0,0.591585636,0,0.2840838730335236,0
16.7115612,31.73451805114746,1,-4.561741829,1,-17.3293438,1,-0.614484072,1,8.252668380737305,1,-0.307365209,1,-1.836971283,0,0.583358109,0,0.2478713691234589,0
16.71556854,27.22624397277832,1,-3.149325132,1,-15.54167175,1,-0.035959378,1,8.706448554992676,1,-0.795927286,1,-1.85933435,0,0.5718827843666077,0,0.2092836499214172,0
16.71957207,20.51129150390625,1,-0.163484871,1,-13.75308323,1,0.4987161159515381,1,8.721199989318848,1,-1.430219054,1,-1.878702521,0,0.5574033856391907,0,0.1713864356279373,0
16.72357369,16.18899726867676,1,2.259871482849121,1,-12.50540257,1,1.162959098815918,1,8.738429069519043,1,-2.090239763,1,-1.894383311,0,0.5398615598678589,0,0.1350501030683517,0
16.7275753,14.99194717407227,1,2.860041142,1,-11.92059898,1,1.856763243675232,1,8.756211280822754,1,-2.764846087,1,-1.905894756,0,0.519369364,0,0.1003165021538734,0
16.73157311,8.962693214416504,1,1.522129893302917,1,-11.73074818,1,2.414171934127808,1,8.772499084472656,1,-3.392700195,1,-1.913407207,0,0.4960954487323761,0,0.067165017,0
16.73557282,4.215517044067383,1,-0.950317919,1,-11.77698326,1,2.759273290634155,1,8.782375335693359,1,-3.937798023,1,-1.917748809,0,0.4703900814056396,0,0.035460811,0
16.73957443,-0.275300652,1,-2.93112731,1,-12.54343033,1,2.922181129455566,1,8.789134026,1,-4.346200466,1,-1.919796467,0,0.4427982270717621,0,0.004963374,0
16.74357224,-3.911968708,1,-4.881774426,1,-13.24964333,1,2.952963829040527,1,8.791030883789063,1,-4.621196747,1,-1.920297146,0,0.4138860106468201,0,-0.024596181,0
16.74757195,-7.860428333,1,-6.04449749,1,-14.11057377,1,2.886433124542236,1,8.790507316589355,1,-4.816630363,1,-1.91983068,0,0.384114146,0,-0.053439658,0
16.75157356,-11.84269524,1,-5.457082272,1,-15.52328205,1,2.814012527,1,8.789454460144043,1,-4.978082657,1,-1.918629289,0,0.3536800742149353,0,-0.081692562,0
16.75557137,-15.61692524,1,-4.677945614,1,-16.57413483,1,2.787699699401855,1,8.790255546569824,1,-5.084453583,1,-1.916669607,0,0.3227903246879578,0,-0.109487914,0
16.75957108,-19.34950829,1,-4.079331875,1,-17.61962891,1,2.824889183044434,1,8.790935516357422,1,-5.138389587,1,-1.91376555,0,0.2916568517684937,0,-0.136961028,0
16.76357269,-22.70829582,1,-3.944129944,1,-18.4501133,1,2.908963441848755,1,8.793076515197754,1,-5.165266514,1,-1.909750223,0,0.2604640424251556,0,-0.164239496,0
16.7675705,-25.06682587,1,-4.646447182,1,-19.04076004,1,3.008299350738525,1,8.794834136962891,1,-5.125107765,1,-1.904521227,0,0.2294106185436249,0,-0.191455409,0
16.77157021,-27.17300034,1,-6.271859169,1,-19.13002968,1,3.087864398956299,1,8.796651840209961,1,-5.061572552,1,-1.89810431,0,0.1987264901399612,0,-0.218744457,0
16.77557182,-28.82715034,1,-7.945490837,1,-18.54079819,1,3.097411632537842,1,8.795900344848633,1,-4.974084854,1,-1.890709996,0,0.168507919,0,-0.246180028,0
16.77956963,-30.08379364,1,-9.727561951,1,-17.56093979,1,2.973772525787354,1,8.791935920715332,1,-4.862432957,1,-1.940636635,0,0.1862952262163162,0,-0.27606979,0
16.78356934,-30.3970871,1,-11.30925846,1,-16.1947403,1,2.740776538848877,1,8.786284446716309,1,-4.726117134,1,-1.933664799,0,0.1557792872190475,0,-0.302400231,0
16.78757095,-29.01360512,1,-11.96518612,1,-14.65917492,1,2.424861192703247,1,8.779379844665527,1,-4.549403667,1,-1.927063107,0,0.1260469406843185,0,-0.329017103,0
16.79156876,-27.38629532,1,-11.99036789,1,-12.77465153,1,2.108536005020142,1,8.770443916320801,1,-4.309226036,1,-1.921009302,0,0.097274706,0,-0.355986118,0
16.79556847,-26.26373482,1,-10.57758999,1,-11.52482128,1,1.896450757980347,1,8.764781951904297,1,-4.032052517,1,-1.915304303,0,0.069643326,0,-0.38337487,0
16.79957008,-24.98636818,1,-7.84398222,1,-10.25541401,1,1.817940354347229,1,8.760641098022461,1,-3.735075474,1,-1.909491062,0,0.043266784,0,-0.411241353,0
16.80356979,-23.56631088,1,-4.129640579,1,-9.199050903,1,1.951918601989746,1,8.763176918029785,1,-3.418593407,1,-1.902868986,0,0.018219078,0,-0.439635724,0
16.8075695,-21.6612339,1,-0.435046673,1,-7.869278431,1,2.318723678588867,1,8.768959045410156,1,-3.104489088,1,-1.894581676,0,-0.005427655,0,-0.468624592,0
16.81157112,-20.47131348,1,1.664006114006042,1,-5.807950497,1,2.912046194076538,1,8.779989242553711,1,-2.806303024,1,-1.883680582,0,-0.027632192,0,-0.498257339,0
16.81556892,-19.98018456,1,2.155421495437622,1,-3.718792915,1,3.620805025100708,1,8.792153358459473,1,-2.552637815,1,-1.869462013,0,-0.04842259,0,-0.528565228,0
16.81956863,-19.13335991,1,1.827980041503906,1,-2.552765846,1,4.296271800994873,1,8.805761337280273,1,-2.406641006,1,-1.851804972,0,-0.067958184,0,-0.55951333,0
16.82357025,-18.45284653,1,1.204648971557617,1,-1.420108795,1,4.811359405517578,1,8.816076278686523,1,-2.353275537,1,-1.831102371,0,-0.086534262,0,-0.591025233,0
16.82756805,-17.65788651,1,-0.795751631,1,-0.158919275,1,5.135889530181885,1,8.821377754211426,1,-2.319190502,1,-1.808122754,0,-0.104275152,0,-0.62305969,0
16.83156776,-16.95257759,1,-3.196071148,1,0.7332108616828918,1,5.356368064880371,1,8.827373504638672,1,-2.298041105,1,-1.783450127,0,-0.121142298,0,-0.655614018,0
16.8355751,-16.37290382,1,-4.911484241,1,1.317064166069031,1,5.487324237823486,1,8.831414222717285,1,-2.331959963,1,-1.757478237,0,-0.137214318,0,-0.688666046,0
16.83957863,-16.4747982,1,-5.676922321,1,2.259487390518188,1,5.491121768951416,1,8.830785751342773,1,-2.45127964,1,-1.730644226,0,-0.152713239,0,-0.722163379,0
16.84357834,-15.60067177,1,-2.881360054,1,2.148823499679565,1,5.384348869,1,8.830605506896973,1,-2.769891024,1,-1.70348084,0,-0.168115452,0,-0.756032884,0
16.84757996,-14.5947113,1,3.561490297317505,1,-1.458940148,1,5.289136409759521,1,8.832192420959473,1,-3.26399231,1,-1.67615521,0,-0.184298918,0,-0.790202498,0
16.85157776,-15.47677326,1,0.9186400771141052,1,-0.362396777,1,5.221956253051758,1,8.832688331604004,1,-3.725385904,1,-1.648545504,0,-0.201472163,0,-0.824744403,0
16.85557747,-15.48406982,1,2.385166407,1,-2.001693726,1,5.205312728881836,1,8.834061622619629,1,-4.184286118,1,-1.620352745,0,-0.219488546,0,-0.859775305,0
16.85957909,-17.02396584,1,4.478728294372559,1,-3.207396507,1,5.206703186035156,1,8.838596343994141,1,-4.681106567,1,-1.591462493,0,-0.238434166,0,-0.895405233,0
16.86357689,-19.26685715,1,5.526263236999512,1,-4.950966835,1,5.303661823272705,1,8.843132972717285,1,-5.233020782,1,-1.561510801,0,-0.258449912,0,-0.931772053,0
16.8675766,-22.36331367,1,6.517924308776855,1,-6.842355251,1,5.402000427246094,1,8.847188949584961,1,-5.815855503,1,-1.530186176,0,-0.279652834,0,-0.969034791,0
16.87157822,-24.94085503,1,6.503236770629883,1,-8.44816494,1,5.453987121582031,1,8.852231979370117,1,-6.395956993,1,-1.497459888,0,-0.302016169,0,-1.00737977,0
16.87557602,-27.80505371,1,5.585273742675781,1,-10.22489643,1,5.407594203948975,1,8.855305671691895,1,-6.977178574,1,-1.463487387,0,-0.325469315,0,-1.046997428,0
16.87957573,-30.23339653,1,3.966004848480225,1,-12.10679531,1,5.288942813873291,1,8.775398254394531,1,-7.495536327,1,-1.428507209,0,-0.349815071,0,-1.087959051,0
16.88357735,-32.78226471,1,2.142005205154419,1,-14.29155064,1,5.097916126251221,1,8.660424232,1,-7.911892891,1,-1.392804623,0,-0.374709487,0,-1.130032539,0
16.88757515,-35.20025635,1,0.3885639309883118,1,-16.83672714,1,4.855347633361816,1,8.561848640441895,1,-8.193285942,1,-1.356553316,0,-0.39963156,0,-1.173283339,0
16.89157486,-38.04411697,1,-0.921635687,1,-18.99338722,1,4.574611663818359,1,8.519147872924805,1,-8.331949234,1,-1.319836855,0,-0.423955441,0,-1.217872262,0
16.89557648,-41.94120026,1,-1.27010119,1,-20.97341537,1,4.272562980651855,1,8.500826835632324,1,-8.389830589,1,-1.282725215,0,-0.44714424,0,-1.263871431,0
16.89957428,-47.34939957,1,-1.454715252,1,-21.95996284,1,3.915153026580811,1,8.562216758728027,1,-8.348607063,1,-1.245305061,0,-0.46878618,0,-1.311398387,0
16.90357399,-53.02964401,1,-1.567263603,1,-22.13166618,1,3.526670694351196,1,8.717279434204102,1,-8.187838554,1,-1.207741618,0,-0.488287508,0,-1.360611796,0
16.90757561,-56.63032913,1,-0.856463253,1,-21.73651505,1,3.133450031280518,1,8.814321517944336,1,-7.934803963,1,-1.170240164,0,-0.505141199,0,-1.411380291,0
16.91157341,-57.59757996,1,0.7451072335243225,1,-21.20178413,1,2.819140434265137,1,8.804080009460449,1,-7.577460289,1,-1.13315475,0,-0.51916796,0,-1.462802887,0
16.91557312,-58.68532562,1,1.901539683,1,-19.6788578,1,2.619226217269897,1,8.798607826,1,-7.068250656,1,-1.09652853,0,-0.530005813,0,-1.514246464,0
16.91957474,-60.6476593,1,3.307839393615723,1,-18.14081383,1,2.542217969894409,1,8.788969993591309,1,-6.455488682,1,-1.060366392,0,-0.537224889,0,-1.565105557,0
16.92357254,-63.42456055,1,6.253910541534424,1,-16.88498116,1,2.633141279220581,1,8.357069016,1,-5.799481392,1,-1.024882078,0,-0.541078568,0,-1.614138365,0
16.92757225,-67.69087219,1,8.848097801208496,1,-14.34402657,1,2.880023956298828,1,7.616520404815674,1,-5.105741024,1,-0.99059391,0,-0.542451501,0,-1.65930295,0
16.93157387,-71.62706757,1,11.73334026,1,-10.64647007,1,3.187330246,1,6.577332973480225,1,-4.342456341,1,-0.957892954,0,-0.542088509,0,-1.699186087,0
16.93557167,-75.71640015,1,15.69337463378906,1,-5.01904726,1,3.645167589187622,1,5.424976825714111,1,-3.583228588,1,-0.926979125,0,-0.540870249,0,-1.732694149,0
16.93957138,-76.36240387,1,11.32653236,1,0.5523694753646851,1,3.966222524642944,1,4.413503646850586,1,-2.736487865,1,-0.897735834,0,-0.538797259,0,-1.759854555,0
16.943573,-75.74177551,1,4.967973232269287,1,5.249174118041992,1,3.810892820358276,1,3.245501756668091,1,-1.930337906,1,-0.871448874,0,-0.536288619,0,-1.780539393,0
16.9475708,-75.57230377,1,2.238324880599976,1,9.217166900634766,1,3.168660640716553,1,2.128336191177368,1,-1.272257328,1,-0.8501122,0,-0.534150958,0,-1.794807911,0
16.95157051,-75.03546906,1,0.6720417141914368,1,12.62019634246826,1,2.369533777236938,1,1.153133153915405,1,-0.712061882,1,-0.834602952,0,-0.532725334,0,-1.803526759,0
16.95557785,-75.61701965,1,4.484551906585693,1,14.47337818145752,1,1.655086278915405,1,0.3017789125442505,1,-0.244037241,1,-0.824591398,0,-0.532185555,0,-1.807479739,0
16.95958138,-72.35189819,1,10.12932205200195,1,15.04451084136963,1,1.242022037506104,1,-0.487587512,1,0.1897386461496353,1,-0.819015086,0,-0.532529771,0,-1.807256937,0
16.96358109,-66.87558746,1,16.42219734191895,1,14.74235153198242,1,1.19266665,1,-1.244727254,1,0.6975474953651428,1,-0.81642437,0,-0.533639073,0,-1.802917242,0
16.96758461,-60.5184288,1,20.12969779968262,1,13.35996913909912,1,1.368259072303772,1,-1.956707358,1,1.267976403236389,1,-0.815689325,0,-0.53517288,0,-1.7943753,0
16.97158051,-56.36359406,1,20.47432899475098,1,11.79686260223389,1,1.595845460891724,1,-2.602553844,1,1.844527483,1,-0.816226304,0,-0.536886096,0,-1.7816571,0
16.97558212,-56.49642944,1,18.24206924438477,1,8.986229897,1,1.582837939,1,-3.091372013,1,2.344708442687988,1,-0.81818521,0,-0.538607836,0,-1.765270472,0
16.97958374,-56.7173996,1,12.34620571136475,1,5.906976222991943,1,1.202532649040222,1,-3.374068022,1,2.837815046310425,1,-0.822441339,0,-0.539888084,0,-1.745964646,0
16.98358154,-53.3457222,1,6.482361793518066,1,3.156493186950684,1,0.4983355700969696,1,-3.638368845,1,3.305971145629883,1,-0.830143988,0,-0.540337086,0,-1.724224329,0
16.98758125,-49.30312347,1,5.242048263549805,1,1.857807159423828,1,-0.354862511,1,-3.785909653,1,3.604794979095459,1,-0.842051923,0,-0.540014148,0,-1.700533152,0
16.99158287,-42.77155685,1,6.512603282928467,1,2.053880692,1,-1.123534679,1,-3.924398899,1,3.744772911071777,1,-0.85780859,0,-0.53910768,0,-1.675682306,0
16.99558067,-32.46869659,1,5.292291641235352,1,0.4965821504592896,1,-1.742540479,1,-4.150491238,1,3.858033180236816,1,-0.876707852,0,-0.537978411,0,-1.649981856,0
16.99958038,34.78303527832031,1,1.245285749435425,1,-14.41872597,1,-3.409250259,1,-5.653718948,1,3.903342247009277,1,-0.902858436,0,-0.537599802,0,-1.62049377,0
17.003582,-29.75584412,1,13.42642402648926,1,8.006807327270508,1,-1.622468829,1,-6.748680592,1,4.724321365356445,1,-0.928976536,0,-0.5398103,0,-1.585526347,0
17.0075798,15.60062313079834,1,-52.95261002,1,2.941852093,1,-4.598740578,1,-5.761516571,1,4.342026710510254,1,-0.961274385,0,-0.540297449,0,-1.549167514,0
17.01157951,46.60746383666992,1,-58.69538879,1,-18.05000877,1,-6.099606037,1,-7.960869789,1,5.443045616149902,1,-1.000685573,0,-0.538553417,0,-1.511922359,0
17.01558113,8.268995285,1,-83.35955811,1,-53.8117981,1,-7.46612215,1,-8.909787178,1,6.896676063537598,1,-1.053379536,0,-0.535314202,0,-1.462516904,0
17.01957893,-109.8756332,1,-110.0252686,1,-99.38360596,1,-8.627586365,1,-8.942814827,1,8.614981651306152,1,-1.113767862,0,-0.524532259,0,-1.409050703,0
17.02357864,-184.9399109,1,-86.28477478,1,-81.29473114,1,-8.627682686,1,-8.942210197,1,8.614297866821289,1,-1.174859285,0,-0.50795579,0,-1.355217814,0
17.02757835,-107.6355743,1,46.26627731323242,1,-14.64822578,1,-8.665476799,1,-5.881289005,1,8.635714530944824,1,-1.232439876,0,-0.487316102,0,-1.307052255,0
17.03157616,-32.52745819,1,103.4500427246094,1,-71.4217453,1,-7.824404716,1,-5.507379532,1,3.464490891,1,-1.143373728,0,-0.386992395,0,-1.561608434,0
17.03557587,-15.53030777,1,109.7316360473633,1,-35.76501846,1,-6.384484291,1,-5.311522484,1,2.082429409,1,-1.181763768,0,-0.386718184,0,-1.534962416,0
17.03957748,12.81075477600098,1,93.49146270751953,1,-2.058092117,1,-2.445694685,1,-5.266636848,1,3.114525318145752,1,-1.208672166,0,-0.385305464,0,-1.509385467,0
17.04357529,-53.82895279,1,45.82215118408203,1,-21.41617012,1,-0.634874225,1,-2.428780794,1,3.783603907,1,-1.221934438,0,-0.377631962,0,-1.487968802,0
17.047575,-63.77719116,1,-36.99868393,1,16.24918937683105,1,-0.423923135,1,-1.552434325,1,1.657254338264465,1,-1.227953672,0,-0.36883682,0,-1.476731181,0
17.05157661,-17.25694466,1,-48.26706314,1,13.77843189239502,1,-0.900051951,1,-2.518549442,1,-0.332637936,1,-1.234194398,0,-0.370330811,0,-1.4671911,0
17.05557442,-11.86820984,1,51.42180252075195,1,-18.40031815,1,-1.158308506,1,-0.26035592,1,0.6769554018974304,1,-1.24171865,0,-0.371271342,0,-1.46328795,0
17.05957413,6.799694538116455,1,46.07520676,1,-18.9980278,1,0.5393880605697632,1,-0.651441276,1,0.8529202342033386,1,-1.243630886,0,-0.368486792,0,-1.460359454,0
17.06357575,-16.34038162,1,-27.24224281,1,-16.04601479,1,0.7586057186126709,1,-0.902796686,1,0.1024743691086769,1,-1.241964102,0,-0.367745817,0,-1.456489801,0
17.06757355,-1.195720792,1,-44.0148735,1,-11.15807724,1,-0.199554607,1,-1.087682366,1,0.3735086023807526,1,-1.242269278,0,-0.368487358,0,-1.45237565,0
17.07157326,6.834515571594238,1,-12.28265381,1,-18.1475296,1,-0.603702307,1,-1.273842812,1,1.147566556930542,1,-1.246178865,0,-0.366933405,0,-1.446345568,0
17.0755806,-0.210437581,1,5.375182151794434,1,-16.02863121,1,-0.472257346,1,-1.599241257,1,1.228170514,1,-1.251168728,0,-0.364182681,0,-1.438925624,0
17.07958412,-15.32589626,1,9.482380867004395,1,-12.45095444,1,-0.12488769,1,-1.682915449,1,1.238096475601196,1,-1.255344868,0,-0.361520112,0,-1.430613041,0
17.08358383,-9.947072029,1,-4.890798569,1,-9.243837357,1,0.068939812,1,-1.810936689,1,1.125859737,1,-1.258391142,0,-0.359181881,0,-1.421909451,0
17.08758545,-5.842756748,1,-9.475377083,1,-7.238079071,1,-0.025671238,1,-1.741760731,1,1.202113389968872,1,-1.261413932,0,-0.357020915,0,-1.413175225,0
17.09158325,-5.488871574,1,-1.288804412,1,-10.16386795,1,0.007607491,1,-1.668998003,1,1.247268319129944,1,-1.264379025,0,-0.354342878,0,-1.404656768,0
17.09558296,-8.848216057,1,8.814560890197754,1,-11.00614166,1,0.1116693615913391,1,-1.769385457,1,1.110255479812622,1,-1.26726675,0,-0.351849377,0,-1.396155119,0
17.09958649,-6.935272217,1,9.556432723999023,1,-13.88000393,1,0.6320545077323914,1,-1.870074868,1,0.9033844470977783,1,-1.268748283,0,-0.350219548,0,-1.387525558,0
17.10358238,-4.017873287,1,-5.014462948,1,-15.31338978,1,0.6687749028205872,1,-2.23190403,1,0.8569822907447815,1,-1.269245744,0,-0.349321753,0,-1.378111601,0
17.10758209,-6.535870075,1,-8.32979393,1,-14.67404175,1,0.5183784961700439,1,-2.560401201,1,0.8951995968818665,1,-1.270637751,0,-0.348840058,0,-1.367254257,0
17.11158562,-3.983053207,1,-4.099513054,1,-18.11523056,1,0.490428627,1,-2.862381697,1,1.019635677337646,1,-1.272766113,0,-0.348379999,0,-1.355054498,0
17.11558151,0.4135952293872833,1,-0.893417656,1,-25.44334412,1,0.507633388,1,-3.512611628,1,0.9802286624908447,1,-1.275582671,0,-0.348229587,0,-1.340941548,0
17.11958313,3.014239311218262,1,-2.132774115,1,-28.8178215,1,0.4513269066810608,1,-4.452019215,1,0.95447892,1,-1.279581189,0,-0.349104226,0,-1.323653817,0
17.12358284,1.649420976638794,1,-0.407584101,1,-28.15874863,1,0.5389289855957031,1,-5.49613905,1,0.9970400929450989,1,-1.285063744,0,-0.351063251,0,-1.302152514,0
17.12758255,-1.153872728,1,-2.08735013,1,-29.78635597,1,0.6692517399787903,1,-6.542649269,1,1.029120683670044,1,-1.291605711,0,-0.353887022,0,-1.276336193,0
17.13158035,4.728377342224121,1,-8.675374985,1,-30.73308372,1,0.3768856525421143,1,-7.610096455,1,1.243732213973999,1,-1.299827337,0,-0.3571437,0,-1.246101499,0
17.13558197,8.343507766723633,1,-17.01115608,1,-35.41740036,1,-0.003232788,1,-8.722022057,1,1.416374325752258,1,-1.311520338,0,-0.360664397,0,-1.210630655,0
17.13957977,11.50805664,1,-13.30698776,1,-34.24832535,1,-0.09931872,1,-8.725199699,1,1.688691497,1,-1.325186372,0,-0.363363266,0,-1.172839403,0
17.14357948,13.21375846862793,1,-12.23051834,1,-32.15386581,1,0.055922102,1,-8.724675179,1,2.136229515075684,1,-1.338907361,0,-0.36426717,0,-1.134640455,0
17.1475811,13.01300239562988,1,-11.1059227,1,-29.39108658,1,0.3017661869525909,1,-8.723365784,1,2.673818349838257,1,-1.351964474,0,-0.362657905,0,-1.095945001,0
17.1515789,12.08608245849609,1,-12.17342091,1,-26.80867767,1,0.518883228,1,-8.721506119,1,3.268110990524292,1,-1.364206791,0,-0.358415484,0,-1.056820989,0
17.15557861,8.942425727844238,1,-10.36579227,1,-18.45643425,1,0.2498710155487061,1,-8.733268738,1,4.179584980010986,1,-1.375953436,0,-0.350900084,0,-1.017213583,0
17.15958023,-2.435122013,1,-10.50509071,1,-5.482870102,1,-0.355059087,1,-8.748688698,1,4.917502403259277,1,-1.390147805,0,-0.339347064,0,-0.977049828,0
17.16357803,-18.94662285,1,4.018574237823486,1,-10.49201107,1,-0.199133426,1,-8.744368553,1,4.857263088226318,1,-1.404317141,0,-0.325984836,0,-0.936992288,0
17.16757774,-19.65535927,1,18.40583229064941,1,-8.150576591,1,0.7589787840843201,1,-8.725149155,1,4.899899959564209,1,-1.415842772,0,-0.312417775,0,-0.89740181,0
17.17157936,-36.180439,1,20.16958236694336,1,-11.17063046,1,2.383128643035889,1,-8.692308426,1,5.064309120178223,1,-1.421499252,0,-0.297965735,0,-0.85813576,0
17.17557716,-70.11506653,1,15.74812412261963,1,-14.17486572,1,3.917752265930176,1,-8.661751747,1,5.272896766662598,1,-1.419946074,0,-0.282231927,0,-0.819028974,0
17.17957687,-89.25327301,1,9.671994209289551,1,-14.33331871,1,5.125643730163574,1,-8.634438515,1,4.767119884490967,1,-1.412063837,0,-0.267940193,0,-0.780351341,0
17.1835804,-104.0738297,1,-4.181888103,1,-12.50021267,1,5.748860836029053,1,-8.621445656,1,4.832011222839355,1,-1.40009892,0,-0.254595608,0,-0.74185127,0
17.1875782,-117.6845856,1,-8.723724365,1,-9.919161797,1,5.585278987884521,1,-8.62542057,1,4.803555965423584,1,-1.386706352,0,-0.24161844,0,-0.703306258,0
17.191576,-101.587059,1,-5.389636517,1,-7.700068474,1,5.537917613983154,1,-8.625174522,1,4.425286293029785,1,-1.373670101,0,-0.230122849,0,-0.66488862,0
17.19558334,-65.47546387,1,-9.110421181,1,1.081011652946472,1,5.259492874145508,1,-6.991851807,1,4.062228202819824,1,-1.359787226,0,-0.219869927,0,-0.62900418,0
17.19958687,-16.25587654,1,-38.79802704,1,7.392058849334717,1,2.209957361221313,1,-4.086183548,1,3.948756933,1,-1.349508882,0,-0.209501296,0,-0.603755772,0
17.20358658,-52.89166641,1,-27.9146843,1,18.00567436218262,1,1.592472791671753,1,-6.704706192,1,4.323351383209229,1,-1.34734118,0,-0.197841302,0,-0.576945782,0
17.2075882,-81.6182785,1,-27.18605995,1,-16.31407166,1,-1.828447819,1,-3.363477945,1,4.109527111053467,1,-1.352706909,0,-0.185591906,0,-0.553379714,0
17.211586,-30.60904121,1,-19.85507584,1,-7.981720924,1,-3.605194569,1,-2.094032764,1,3.846414804458618,1,-1.366158366,0,-0.17212446,0,-0.540450931,0
17.21558571,-13.54558849,1,-7.77568388,1,-12.42688751,1,-4.369540691,1,-3.574963093,1,3.892384529,1,-1.384563088,0,-0.159176588,0,-0.526154518,0
17.21958733,-17.60756874,1,-3.482999802,1,-14.54470444,1,-4.712575912,1,-5.196861744,1,4.228440761566162,1,-1.405999303,0,-0.146359012,0,-0.505891442,0
17.22358513,-26.85649681,1,1.112869620323181,1,-17.0453434,1,-4.455925465,1,-6.654524326,1,4.877271652,1,-1.428121924,0,-0.132018834,0,-0.479309022,0
17.22758484,-33.52225113,1,4.089540481567383,1,-19.26238251,1,-3.722670555,1,-7.548865795,1,5.267647743225098,1,-1.448458195,0,-0.115519136,0,-0.448105276,0
17.23158646,-37.75909042,1,5.677141666412354,1,-19.84739304,1,-2.617719173,1,-7.936436653,1,5.254718304,1,-1.464766026,0,-0.098112106,0,-0.414619923,0
17.23558426,-41.06443787,1,2.316513538360596,1,-19.23373985,1,-1.504215121,1,-7.899330616,1,5.265884876251221,1,-1.475996494,0,-0.080394469,0,-0.38075605,0
17.23958397,-42.40758514,1,-3.200823545,1,-20.93196106,1,-0.638318241,1,-7.567801952,1,5.358824729919434,1,-1.482524276,0,-0.062058385,0,-0.347890377,0
17.24358749,-43.91033936,1,-9.980392456,1,-23.3047905,1,-0.129159629,1,-7.136435032,1,5.398197174072266,1,-1.485622644,0,-0.043157082,0,-0.316652477,0
17.24758339,-45.24062729,1,-17.10050201,1,-26.87445831,1,-0.040851403,1,-6.548449039,1,5.306021213531494,1,-1.486850262,0,-0.024102995,0,-0.287518919,0
17.25158119,-40.82874298,1,-21.38320351,1,-29.21793556,1,-0.212997973,1,-5.936994076,1,5.133655548095703,1,-1.487703204,0,-0.00535066,0,-0.260949254,0
17.25558281,-35.34723282,1,-22.08027267,1,-30.02651405,1,-0.454010725,1,-5.582247734,1,4.898159503936768,1,-1.488935709,0,0.012744102,0,-0.236390948,0
17.25958061,-32.64265823,1,-20.99219513,1,-30.15745163,1,-0.683124006,1,-5.448516846,1,4.650872230529785,1,-1.490721226,0,0.02999543,0,-0.212882698,0
17.26358414,-32.33172607,1,-19.55240631,1,-29.96087837,1,-0.829013109,1,-5.400567055,1,4.393419266,1,-1.492898583,0,0.046314813,0,-0.189809367,0
17.26758575,-32.59836197,1,-18.06108284,1,-29.72743797,1,-0.837914467,1,-5.361688137,1,4.123507976531982,1,-1.495044708,0,0.061645262,0,-0.167016655,0
17.27158356,-32.21289825,1,-17.03721237,1,-29.82309341,1,-0.720009267,1,-5.366260529,1,3.861919641494751,1,-1.496628284,0,0.075965576,0,-0.144381225,0
17.27558136,-31.70421219,1,-16.41206741,1,-30.17266273,1,-0.518158019,1,-5.456665039,1,3.637969493865967,1,-1.497245073,0,0.089317508,0,-0.121634535,0
17.27958298,-31.84211922,1,-16.63354874,1,-30.87624741,1,-0.331776172,1,-5.596545219,1,3.469620704650879,1,-1.488345623,0,0.1084652990102768,0,-0.101194203,0
17.28358078,-32.04567719,1,-18.18818474,1,-31.62851715,1,-0.217434451,1,-5.751158714,1,3.359069108963013,1,-1.486681581,0,0.1201719641685486,0,-0.077289656,0
17.2875824,-31.81253624,1,-20.57090569,1,-31.88783836,1,-0.222567201,1,-5.914504051,1,3.309581041,1,-1.484443069,0,0.1314568370580673,0,-0.052713763,0
17.29158211,-31.62800789,1,-23.05469704,1,-31.79141808,1,-0.381393224,1,-6.079319954,1,3.376015901565552,1,-1.482175112,0,0.1426409035921097,0,-0.027461195,0
17.29557991,-30.28072548,1,-23.23099136,1,-31.62642097,1,-0.586958289,1,-6.284008026,1,3.376225471496582,1,-1.480229497,0,0.1538624316453934,0,-0.001338688,0
17.29957962,-30.24105263,1,-24.33616447,1,-31.72394943,1,-0.797765851,1,-6.542421341,1,3.543288946151733,1,-1.478646278,0,0.1652220040559769,0,0.025827799,0
17.30358124,-29.90859985,1,-24.61052322,1,-31.67919731,1,-1.20421505,1,-6.676505566,1,3.739184379577637,1,-1.47797966,0,0.1773906946182251,0,0.053796928,0
17.30757904,-28.64018822,1,-22.71537018,1,-32.55225372,1,-1.524850488,1,-6.8677001,1,3.875573635101318,1,-1.478163719,0,0.1900315135717392,0,0.082663126,0
17.31158066,-29.10797501,1,-20.96340561,1,-32.97497559,1,-1.715167046,1,-7.034831047,1,4.005136966705322,1,-1.478853822,0,0.2031629830598831,0,0.1123978495597839,0
17.31558037,-30.00881958,1,-19.1107502,1,-33.59272766,1,-1.8123312,1,-7.116659164,1,4.100756645202637,1,-1.479628325,0,0.2167268246412277,0,0.1427473872900009,0
17.31958389,-29.72256851,1,-17.20918083,1,-34.27259827,1,-1.775574088,1,-7.171432495,1,4.125339031219482,1,-1.480011582,0,0.2305233031511307,0,0.1734793037176132,0
17.3235836,-30.13212967,1,-15.71945381,1,-35.47228241,1,-1.642011285,1,-7.203937531,1,4.116634368896484,1,-1.479551792,0,0.2443104237318039,0,0.2045239806175232,0
17.32758522,-30.63675499,1,-14.98733139,1,-36.29020309,1,-1.485358596,1,-7.113490582,1,4.075240612030029,1,-1.478104115,0,0.2580212354660034,0,0.2355359345674515,0
17.33158302,-30.62606812,1,-15.26070881,1,-37.1193924,1,-1.31475246,1,-6.968105316,1,4.017914295196533,1,-1.475672722,0,0.2714971601963043,0,0.266182929,0
17.33558273,-30.3782959,1,-15.5765686,1,-37.57544327,1,-1.169369698,1,-6.745127201,1,3.919503688812256,1,-1.472395539,0,0.2846471071243286,0,0.2961708605289459,0
17.33958435,-30.28828049,1,-16.05468559,1,-37.77706528,1,-1.073934436,1,-6.449906826,1,3.786087751,1,-1.46854043,0,0.2973666191101074,0,0.3252120614051819,0
17.34358215,-29.16620636,1,-16.61124229,1,-38.29925156,1,-1.095543027,1,-6.078787804,1,3.666707277297974,1,-1.464569807,0,0.3096121549606323,0,0.3529674410820007,0
17.34758186,-27.38276863,1,-17.30037117,1,-38.51556396,1,-1.151709437,1,-5.711977005,1,3.511871337890625,1,-1.460883141,0,0.3213376998901367,0,0.3792611062526703,0
17.35158348,-24.92353058,1,-17.56894112,1,-38.87448502,1,-1.257401347,1,-5.335392475,1,3.373361349105835,1,-1.457731843,0,0.3325659334659576,0,0.404069722,0
17.35558128,-22.710783,1,-17.52765656,1,-38.94453812,1,-1.378518224,1,-4.969578743,1,3.227670192718506,1,-1.455280781,0,0.3433276414871216,0,0.4273691177368164,0
17.35958099,-20.60565567,1,-17.23811722,1,-39.06323624,1,-1.497702599,1,-4.58539629,1,3.096291065216064,1,-1.453608036,0,0.353670597,0,0.4491327106952667,0
17.36358261,-18.14702988,1,-16.4913559,1,-39.13703918,1,-1.617149234,1,-4.220306873,1,2.958762407302856,1,-1.452745318,0,0.363627553,0,0.4693278968334198,0
17.36758041,-15.45658493,1,-15.25390434,1,-38.93881226,1,-1.708352089,1,-3.842942715,1,2.811314582824707,1,-1.452684879,0,0.3731931447982788,0,0.4879602193832397,0
17.37158012,-12.23543739,1,-13.84573746,1,-38.52108002,1,-1.753650427,1,-3.429985523,1,2.650322675704956,1,-1.453362584,0,0.3823384046554565,0,0.5049060583114624,0
17.37558174,-8.654727936,1,-12.38860989,1,-37.43031693,1,-1.774612546,1,-2.949488878,1,2.465364694595337,1,-1.454766631,0,0.3910166621208191,0,0.5199069976806641,0
17.37957954,-4.565760612,1,-11.39721775,1,-35.95956802,1,-1.783603549,1,-2.358426332,1,2.247505664825439,1,-1.457029581,0,0.399168074,0,0.5325326919555664,0
17.38357925,-0.170975119,1,-11.3373251,1,-33.88914108,1,-1.794220805,1,-1.606288195,1,1.981899142,1,-1.460401177,0,0.4066929221153259,0,0.5421788096427917,0
17.38758087,4.902143001556396,1,-11.15495872,1,-31.22618675,1,-1.841299176,1,-0.721417189,1,1.679969072341919,1,-1.465287328,0,0.4134631752967834,0,0.5481211543083191,0
17.39157867,10.80418872833252,1,-11.93313026,1,-28.00489426,1,-1.911514282,1,0.266848087,1,1.363660693,1,-1.472105026,0,0.4194144904613495,0,0.5497913360595703,0
17.39557838,18.14909172058105,1,-11.94774532,1,-25.88459015,1,-1.976341128,1,1.278887152671814,1,1.051451563835144,1,-1.48107326,0,0.4245087504386902,0,0.5469093322753906,0
17.39958,26.78683090209961,1,-12.04222488,1,-25.65748024,1,-2.085004807,1,2.271094560623169,1,0.7690349817276001,1,-1.492252707,0,0.4287071228027344,0,0.5394707322120667,0
17.40357781,34.21344757080078,1,-14.22624397,1,-25.23089027,1,-2.213334322,1,3.344272852,1,0.6151555180549622,1,-1.505886197,0,0.4322429597377777,0,0.5274146795272827,0
17.40757752,41.76715850830078,1,-11.90213776,1,-24.59708977,1,-2.17860055,1,4.483860015869141,1,0.5257934331893921,1,-1.52195859,0,0.4354169368743896,0,0.5102778077125549,0
17.41157913,41.74451828,1,-7.699475288,1,-24.82693291,1,-1.91288507,1,5.628493309020996,1,0.3390594720840454,1,-1.53955245,0,0.4380139708518982,0,0.4880938231945038,0
17.41557694,41.29964065551758,1,-1.897376657,1,-25.00149918,1,-1.416081786,1,6.888468742370605,1,-0.06285692,1,-1.558049917,0,0.4391452074050903,0,0.4604529738426208,0
17.41957665,41.89950942993164,1,-1.773733139,1,-24.26300812,1,-0.592481613,1,8.131817817687988,1,-0.514544785,1,-1.576187611,0,0.4381002187728882,0,0.4272621273994446,0
17.42357826,35.66778564453125,1,0.2936351001262665,1,-22.73832321,1,0.056560036,1,8.710659027099609,1,-1.152846932,1,-1.593075991,0,0.4343595504760742,0,0.3896670937538147,0
17.42757607,26.84817314147949,1,1.159031391143799,1,-19.5957489,1,0.6092771887779236,1,8.726118087768555,1,-1.856296301,1,-1.607735872,0,0.4272816181182861,0,0.351502538,0
17.43157578,22.85536575317383,1,2.450685739517212,1,-17.79465103,1,1.306526423,1,8.743906021118164,1,-2.4979918,1,-1.619427681,0,0.4170553684234619,0,0.3136465549468994,0
17.4355793,20.85729789733887,1,0.6331613659858704,1,-16.43006325,1,1.900498867034912,1,8.760063171386719,1,-3.073771,1,-1.627949238,0,0.404045045,0,0.2761666774749756,0
17.43958283,16.93672370910645,1,-2.651558876,1,-15.71074963,1,2.249722003936768,1,8.768703460693359,1,-3.491084099,1,-1.633901596,0,0.3887928128242493,0,0.2390872985124588,0
17.44358254,11.75705051422119,1,-5.205066681,1,-15.66883659,1,2.330391883850098,1,8.772238731384277,1,-3.784167528,1,-1.638319612,0,0.3719398677349091,0,0.2024106979370117,0
17.44758415,5.391789436340332,1,-6.607847691,1,-16.3747654,1,2.323356628417969,1,8.773387908935547,1,-3.933467865,1,-1.641890883,0,0.35408777,0,0.1661071181297302,0
17.45158196,-0.872400701,1,-7.195382595,1,-16.91326714,1,2.313681125640869,1,8.773680686950684,1,-4.022367954,1,-1.644781351,0,0.3356557190418243,0,0.1301444321870804,0
17.45558167,-6.29052639,1,-6.345444679,1,-17.53115273,1,2.331325293,1,8.773572922,1,-4.112704277,1,-1.646926761,0,0.3167977929115295,0,0.094489545,0
17.45958328,-11.23577213,1,-5.005209923,1,-18.89896774,1,2.395150661468506,1,8.776371002197266,1,-4.164109707,1,-1.648184538,0,0.2975860834121704,0,0.059108056,0
17.46358109,-15.75227356,1,-3.492277145,1,-20.34004211,1,2.554829835891724,1,8.780649185180664,1,-4.185696602,1,-1.648292303,0,0.278213769,0,0.023950705,0
17.4675808,-19.3813858,1,-2.832667589,1,-21.96221542,1,2.815655231,1,8.785058022,1,-4.171520233,1,-1.646857262,0,0.2588440775871277,0,-0.011043745,0
17.47158241,-22.93117142,1,-3.629247665,1,-23.80452538,1,3.138738393783569,1,8.790719985961914,1,-4.149092197,1,-1.643559337,0,0.2396361380815506,0,-0.045936514,0
17.47558022,-26.37448311,1,-5.519169331,1,-24.66707993,1,3.464244365692139,1,8.797492027282715,1,-4.101664066,1,-1.638288736,0,0.2206982374191284,0,-0.080787197,0
17.47957802,-29.09109306,1,-7.931621552,1,-24.68486786,1,3.678469419,1,8.801850318908691,1,-4.012855053,1,-1.63128686,0,0.2022347003221512,0,-0.115650915,0
17.48357964,-31.16293716,1,-10.16382599,1,-24.55223465,1,3.756522178649902,1,8.802562713623047,1,-3.905451775,1,-1.623091817,0,0.184439406,0,-0.150562048,0
17.48757744,-32.77974701,1,-12.01183033,1,-23.8136425,1,3.739524602890015,1,8.802145004272461,1,-3.783111572,1,-1.614199996,0,0.1674083024263382,0,-0.185535252,0
17.49157715,-33.38113403,1,-12.72295761,1,-22.93502808,1,3.650773763656616,1,8.799548149108887,1,-3.698477745,1,-1.60495007,0,0.1510936468839645,0,-0.220572397,0
17.49557877,-33.39704895,1,-13.13565731,1,-21.77121162,1,3.507825136184692,1,8.796658515930176,1,-3.620350122,1,-1.595629811,0,0.1354253143072128,0,-0.255676061,0
17.49957657,-32.16062546,1,-13.10596943,1,-20.40756798,1,3.352880477905273,1,8.792806625366211,1,-3.557717562,1,-1.586394548,0,0.1203493177890778,0,-0.29084152,0
17.50357628,-30.67719078,1,-12.14588451,1,-19.61774063,1,3.238470077514648,1,8.790919303894043,1,-3.519431829,1,-1.577191949,0,0.1058190315961838,0,-0.326075286,0
17.5075779,-28.98646736,1,-10.97920322,1,-18.70913887,1,3.162495851516724,1,8.787754058837891,1,-3.45447135,1,-1.567865372,0,0.091814615,0,-0.361377537,0
17.5115757,-27.79514694,1,-9.360129356,1,-17.43539238,1,3.278784275054932,1,8.789445877075195,1,-3.331629515,1,-1.557901621,0,0.078539863,0,-0.396766126,0
17.51557541,-25.18166924,1,-6.797843933,1,-15.44660378,1,3.433710813522339,1,8.793306350708008,1,-3.214462519,1,-1.547106385,0,0.066049665,0,-0.432253778,0
17.51957703,-23.97364616,1,-4.94927454,1,-13.23982525,1,3.691462755203247,1,8.796895980834961,1,-3.035881042,1,-1.535037041,0,0.054595768,0,-0.467849284,0
17.52357483,-22.22587967,1,-3.66065526,1,-10.25317669,1,4.118299007415771,1,8.804214477539063,1,-2.830815077,1,-1.521206141,0,0.044365387,0,-0.503558636,0
17.52757454,-21.07476997,1,-2.602935553,1,-7.175273895,1,4.653121948242188,1,8.813849449157715,1,-2.641057253,1,-1.505105972,0,0.03547845,0,-0.539390564,0
17.53157616,-19.83888245,1,-1.52190721,1,-5.178962708,1,5.222877025604248,1,8.825733184814453,1,-2.537754536,1,-1.668269515,0,0.046624083,0,-0.634668946,0
17.53557396,-19.43257141,1,-1.568211079,1,-3.58403492,1,5.695040702819824,1,8.834932327270508,1,-2.519695759,1,-1.647767425,0,0.033488154,0,-0.66899997,0
17.53957367,-19.27364922,1,-3.362225056,1,-1.954873681,1,6.023853302001953,1,8.842482566833496,1,-2.520267248,1,-1.625241518,0,0.02109845,0,-0.703626275,0
17.54357529,-18.78698158,1,-4.909130573,1,-1.28892827,1,6.164270401000977,1,8.846394538879395,1,-2.557790995,1,-1.60135138,0,0.009452484,0,-0.738543749,0
17.54757309,-18.03227806,1,-6.273319244,1,-0.572338879,1,6.184613227844238,1,8.845170021057129,1,-2.636347055,1,-1.576754928,0,-0.001588524,0,-0.773731172,0
17.5515728,-17.22657204,1,-5.449110985,1,0.438345879,1,6.110962867736816,1,8.846000671386719,1,-2.80957222,1,-1.551897645,0,-0.012191568,0,-0.809185266,0
17.55557442,-15.04513168,1,6.412220001220703,1,-4.345326424,1,6.150899887084961,1,8.848629951477051,1,-3.237644196,1,-1.526832938,0,-0.023148904,0,-0.844940782,0
17.55957604,-17.99075127,1,5.949554920196533,1,-1.809621453,1,6.378952503204346,1,8.856577873,1,-3.697210312,1,-1.500742435,0,-0.034996469,0,-0.88109988,0
17.56357765,-19.56741714,1,5.696243762969971,1,-3.194805622,1,6.643448352813721,1,8.865243911743164,1,-4.178199768,1,-1.473129392,0,-0.047702555,0,-0.917766988,0
17.56757927,-21.08765602,1,8.008993148803711,1,-4.310847759,1,6.752143383026123,1,8.869833946228027,1,-4.733529091,1,-1.444308877,0,-0.061435979,0,-0.955062151,0
17.57157707,-23.15726852,1,7.584999561309814,1,-5.349629402,1,6.835215569,1,8.875797271728516,1,-5.341394424,1,-1.414512157,0,-0.076376922,0,-0.993131399,0
17.57557678,-26.10501671,1,8.168639183044434,1,-6.629614353,1,6.852469444274902,1,8.879711151123047,1,-5.998289108,1,-1.383819699,0,-0.092653394,0,-1.032134414,0
17.57957649,-28.9877739,1,8.325181007385254,1,-8.06925106,1,6.713639736175537,1,8.880952835083008,1,-6.664132595,1,-1.352567554,0,-0.110307507,0,-1.072232246,0
17.5835743,-31.34971619,1,6.860217571258545,1,-9.512373924,1,6.436613082885742,1,8.613559722900391,1,-7.285972118,1,-1.321347117,0,-0.129327208,0,-1.113127589,0
17.58757401,-34.08773041,1,4.902599334716797,1,-11.52907753,1,6.036679267883301,1,8.238345146179199,1,-7.814083099,1,-1.290696979,0,-0.149673313,0,-1.153972507,0
17.59157562,-37.49129486,1,3.028919696807861,1,-14.06019688,1,5.548481941223145,1,7.850428581237793,1,-8.213058472,1,-1.261027694,0,-0.171022475,0,-1.194620728,0
17.59557724,-41.84482574,1,1.402973413467407,1,-16.63692093,1,4.996534348,1,7.497255802154541,1,-8.43723011,1,-1.232632041,0,-0.192872748,0,-1.234975815,0
17.59957314,-47.37100601,1,0.6494210958480835,1,-18.88943672,1,4.467834949493408,1,7.209619998931885,1,-8.572192192,1,-1.205600023,0,-0.214705363,0,-1.275144219,0
17.60357666,-54.03547287,1,0.6520211696624756,1,-20.00281143,1,3.956617355,1,7.048942565917969,1,-8.574347496,1,-1.179771304,0,-0.236072406,0,-1.315325737,0
17.60757256,-60.90214539,1,1.158918499946594,1,-20.04190063,1,3.505459547042847,1,7.001871109008789,1,-8.471478462,1,-1.155022025,0,-0.256436229,0,-1.355740547,0
17.61157417,-66.6270752,1,1.836061954498291,1,-19.47357178,1,3.101408243179321,1,7.073623657226563,1,-8.259446144,1,-1.131057978,0,-0.275245249,0,-1.396660924,0
17.61557579,-70.41503906,1,2.447048902511597,1,-18.38667107,1,2.709910631,1,7.218122482299805,1,-7.950531483,1,-1.107816935,0,-0.291967928,0,-1.438197613,0
17.61957359,-73.63188171,1,3.266931295394897,1,-16.56456757,1,2.370329141616821,1,7.281189918518066,1,-7.506698608,1,-1.085364819,0,-0.30625093,0,-1.48001945,0
17.6235733,-76.01620483,1,4.376552104949951,1,-13.07506657,1,2.156474351882935,1,7.249898910522461,1,-6.872345924,1,-1.063666224,0,-0.317714512,0,-1.521315813,0
17.62757492,-76.98455048,1,7.652044773101807,1,-10.12142467,1,2.106431245803833,1,6.904851913452148,1,-6.050778389,1,-1.042682052,0,-0.326155692,0,-1.560823202,0
17.63157272,-78.21503448,1,12.05226421356201,1,-6.941922188,1,2.286328077316284,1,6.170310497283936,1,-5.093839645,1,-1.022349358,0,-0.331891507,0,-1.596736073,0
17.63557243,-80.82421112,1,14.61771583557129,1,-3.070816278,1,2.609668731689453,1,5.268850803375244,1,-3.959695816,1,-1.002522469,0,-0.335140526,0,-1.627469301,0
17.63957405,-84.11536407,1,17.95640754699707,1,-0.36490643,1,2.986800432,1,4.259499073028564,1,-2.880140066,1,-0.983147502,0,-0.336148381,0,-1.652291298,0
17.64357185,-88.59155273,1,21.73191643,1,3.179448127746582,1,3.400549650192261,1,3.275773525238037,1,-1.915701509,1,-0.964171946,0,-0.335630298,0,-1.671144247,0
17.64757156,-87.79288483,1,22.38889885,1,6.510163307189941,1,3.621119976043701,1,2.476989030838013,1,-1.040894628,1,-0.945604801,0,-0.33375752,0,-1.684689403,0
17.65157318,-83.69897461,1,19.56584930419922,1,10.11453533172607,1,3.459488391876221,1,1.545168399810791,1,-0.332717091,1,-0.928537846,0,-0.331203222,0,-1.693239212,0
17.65557098,-80.43952942,1,16.98182869,1,12.7898531,1,2.744959592819214,1,0.6989705562591553,1,0.1983869671821594,1,-0.914688349,0,-0.32869935,0,-1.697161794,0
17.65957069,-76.8216629,1,11.98719882965088,1,14.81269550323486,1,1.726903080940247,1,-0.150432646,1,0.688096821,1,-0.905784309,0,-0.326637089,0,-1.69693315,0
17.66357231,-72.87168121,1,10.72321510314941,1,15.76797008514404,1,0.6519190669059753,1,-0.936623991,1,1.202751517295837,1,-0.902427256,0,-0.325013578,0,-1.692656636,0
17.66757011,-69.61581421,1,14.63255500793457,1,15.54262351989746,1,-0.079974487,1,-1.655700326,1,1.705867290496826,1,-0.903985143,0,-0.32367143,0,-1.68453455,0
17.67156982,-66.478302,1,19.21991729736328,1,14.02660083770752,1,-0.255235434,1,-2.188997746,1,2.267014265060425,1,-0.908430099,0,-0.32220903,0,-1.672983408,0
17.67557144,-62.30180359,1,19.31354904174805,1,12.99297428131104,1,-0.101969287,1,-2.645988226,1,2.904283524,1,-0.913851738,0,-0.319965661,0,-1.658218026,0
17.67957497,-56.49291611,1,17.58714485168457,1,12.31384944915771,1,0.06455335,1,-3.054880142,1,3.454056024551392,1,-0.919457436,0,-0.316772342,0,-1.640535831,0
17.68357468,-49.54705048,1,16.21620178222656,1,11.29605102539063,1,0.1782862842082977,1,-3.554362535,1,3.772463798522949,1,-0.925225973,0,-0.313168287,0,-1.620253205,0
17.68757629,-45.0547905,1,13.59118175506592,1,9.647060394287109,1,0.1228536367416382,1,-4.081478596,1,3.862641096115112,1,-0.931435108,0,-0.310087472,0,-1.597745419,0
17.6915741,-31.18565369,1,-2.439511299,1,-4.368472576,1,-0.648224056,1,-4.695329189,1,4.097454548,1,-0.939537227,0,-0.307738423,0,-1.573337674,0
17.69557381,31.98141479492188,1,15.52176380157471,1,-5.544229984,1,-0.888569236,1,-6.407148361,1,3.812644720077515,1,-0.953766167,0,-0.307351053,0,-1.544121981,0
17.69957542,-46.4507103,1,-2.650237799,1,6.074623107910156,1,-0.864830077,1,-7.209776402,1,5.090360164642334,1,-0.964315057,0,-0.308475077,0,-1.50951314,0
17.70357323,25.66143226623535,1,-68.87432098,1,-13.20678329,1,-3.15624547,1,-5.817220211,1,5.298881053924561,1,-0.984685838,0,-0.306754142,0,-1.475035071,0
17.70757294,34.97999954223633,1,-87.24687195,1,-44.95428848,1,-4.02957058,1,-8.78772831,1,7.437705039978027,1,-1.009125352,0,-0.300715119,0,-1.435992241,0
17.71157455,-60.302742,1,-154.8847809,1,-99.12896729,1,-8.308428764,1,-8.936842918,1,8.614082336425781,1,-1.04730773,0,-0.290669084,0,-1.386310577,0
17.71557236,-191.8338928,1,-166.0527649,1,-105.9934235,1,-8.627202988,1,-8.943374634,1,8.615015983581543,1,-1.095492005,0,-0.277548373,0,-1.336413741,0
17.71957207,-183.1437836,1,-21.16021156,1,-8.940545082,1,-8.673037529,1,-5.230606556,1,8.640701293945313,1,-1.141531467,0,-0.259381533,0,-1.293392181,0
17.72357369,-1.710572243,1,101.4749069213867,1,-43.77899551,1,-8.677839279,1,-3.594284058,1,6.391651153564453,1,-1.182955265,0,-0.235574037,0,-1.266176939,0
17.72757149,-11.59273911,1,122.7349319458008,1,-61.0196991,1,-7.491152287,1,-4.924685478,1,2.438204288482666,1,-1.220632315,0,-0.227822453,0,-1.242224097,0
17.7315712,41.82838439941406,1,134.7988586425781,1,-16.498806,1,-3.840885639,1,-5.159366608,1,3.470841169,1,-1.248840213,0,-0.223481745,0,-1.219575405,0
17.73557282,-40.54493713,1,72.87677001953125,1,-21.30052948,1,-0.48390311,1,-2.969132185,1,4.923523902893066,1,-1.261890531,0,-0.212557629,0,-1.196962833,0
17.73957062,-78.48465729,1,-40.32777405,1,21.09275054931641,1,-0.286651164,1,-1.29966855,1,2.175685644,1,-1.265244246,0,-0.20006825,0,-1.185497284,0
17.74357033,-24.61982155,1,-69.34076691,1,23.35539436340332,1,-1.776983619,1,-2.073274374,1,-0.279118359,1,-1.27088654,0,-0.199652672,0,-1.177791715,0
17.74757195,-16.88700294,1,69.43476867675781,1,-22.47278023,1,-0.887800276,1,-1.236950278,1,0.8521666526794434,1,-1.278564692,0,-0.201010928,0,-1.170927644,0
17.75156975,-2.664119959,1,73.07251739501953,1,-26.3637085,1,1.152711749076843,1,-0.798791349,1,1.000256657600403,1,-1.278319955,0,-0.19807224,0,-1.165521741,0
17.75556946,-17.17351532,1,-39.7440033,1,-4.832587242,1,1.236711382865906,1,-0.9780339,1,-0.4906708,1,-1.273991585,0,-0.198163018,0,-1.161969423,0
17.75957108,-3.445607424,1,-55.56459427,1,-12.65264797,1,0.065116651,1,-1.245021939,1,0.3620094060897827,1,-1.272060394,0,-0.200280488,0,-1.157741547,0
17.76356888,10.35014915466309,1,-17.80052757,1,-15.15226936,1,-0.660351396,1,-1.361927271,1,1.391119241714478,1,-1.274861574,0,-0.198133498,0,-1.151608944,0
17.76756859,-0.017735619,1,1.730625748634338,1,-17.02443123,1,-0.636848748,1,-1.562756538,1,1.469150066375732,1,-1.278905392,0,-0.194323614,0,-1.144205093,0
17.7715683,-17.6162529,1,11.40997505187988,1,-12.34856892,1,-0.141246632,1,-1.77879405,1,1.457491278648376,1,-1.282165408,0,-0.190577984,0,-1.135979056,0
17.77556801,-11.30786133,1,-7.689330101,1,-7.707945824,1,-0.027624253,1,-1.758841515,1,1.362085461616516,1,-1.283989906,0,-0.187217906,0,-1.127394199,0
17.77956772,-3.968740702,1,-15.98609161,1,-7.543199062,1,-0.343355089,1,-1.697845101,1,1.567466259002686,1,-1.38672626,0,-0.200593397,0,-1.302351952,0
17.78356934,-3.873961449,1,-4.298758507,1,-10.10825443,1,-0.359371752,1,-1.621510029,1,1.697455763816833,1,-1.389808774,0,-0.195266917,0,-1.294503808,0
17.78756905,-6.814631939,1,7.093014717102051,1,-11.9127636,1,-0.247036442,1,-1.720377803,1,1.551571130752563,1,-1.392550826,0,-0.190029681,0,-1.286704302,0
17.79156494,-5.114685059,1,9.961233139038086,1,-16.32126808,1,0.082909077,1,-1.980054736,1,1.320384860038757,1,-1.394507051,0,-0.185670391,0,-1.278225303,0
17.79556847,-4.038644791,1,-3.237415075,1,-16.51050949,1,0.2509781122207642,1,-2.419380188,1,1.226466894,1,-1.395465136,0,-0.182263359,0,-1.268558979,0
17.79957199,-6.90837574,1,-6.746635914,1,-17.48885918,1,0.07721024,1,-2.862147331,1,1.288243174552917,1,-1.396873593,0,-0.179161459,0,-1.257080555,0
17.8035717,-2.046760082,1,-2.798648357,1,-21.01786804,1,-0.045042433,1,-3.439707041,1,1.416176438331604,1,-1.399166346,0,-0.175982758,0,-1.243642688,0
17.80757332,2.075786352157593,1,0.409620464,1,-27.28395844,1,-0.004456662,1,-4.242490292,1,1.288555979728699,1,-1.402123928,0,-0.17322576,0,-1.227289915,0
17.81157112,4.057248592376709,1,-1.178976178,1,-28.93697739,1,0.1023539453744888,1,-5.177910805,1,1.220721244812012,1,-1.405243158,0,-0.171411902,0,-1.207646608,0
17.81557083,-0.595839858,1,-2.702502966,1,-28.94086838,1,0.1246736496686935,1,-6.212991238,1,1.306343197822571,1,-1.408735991,0,-0.170216218,0,-1.183944464,0
17.81957245,2.144493579864502,1,-5.04827261,1,-28.37544823,1,-0.128399178,1,-7.341378689,1,1.466424942016602,1,-1.413511872,0,-0.169011414,0,-1.155989408,0
17.82357025,2.643110990524292,1,-9.839838028,1,-32.61855698,1,-0.303335488,1,-8.414966583,1,1.664755106,1,-1.41988194,0,-0.167719334,0,-1.123347163,0
17.82756996,10.30599689483643,1,-10.9701004,1,-34.40747833,1,-0.161455274,1,-8.726934433,1,1.893360376358032,1,-1.426792622,0,-0.16580677,0,-1.087588191,0
17.83157158,10.95048236846924,1,-11.93906689,1,-31.38651085,1,0.1066870391368866,1,-8.724816322,1,2.346158981323242,1,-1.432825565,0,-0.162353203,0,-1.051358581,0
17.83556938,11.82290935516357,1,-13.16594315,1,-30.75914955,1,0.1834029257297516,1,-8.726678848,1,2.818696737289429,1,-1.437921524,0,-0.156715497,0,-1.014904261,0
17.83956909,14.34842872619629,1,-14.64659595,1,-29.44463348,1,0.1291803419589996,1,-8.729728699,1,3.31753397,1,-1.442856312,0,-0.149206862,0,-0.978283286,0
17.84357071,14.62605571746826,1,-11.94031811,1,-19.53662872,1,-0.303738624,1,-8.744338036,1,4.129081726074219,1,-1.448353887,0,-0.138913244,0,-0.941385806,0
17.84756851,1.970120429992676,1,-9.601840019,1,-10.87260056,1,-0.998639762,1,-8.762387276,1,4.919185161590576,1,-1.456071854,0,-0.124839857,0,-0.904118538,0
17.85156822,-18.01113129,1,-0.517933846,1,-11.73404408,1,-1.040421009,1,-8.762778282,1,4.933021068572998,1,-1.464542627,0,-0.109015651,0,-0.866841912,0
17.85556984,-18.28247452,1,11.29720973968506,1,-12.37737179,1,-0.474141538,1,-8.75107193,1,4.847025394439697,1,-1.471549153,0,-0.093183912,0,-0.829808652,0
17.85956764,-32.81924057,1,18.75638008117676,1,-10.32221127,1,0.9490639567375183,1,-8.722323418,1,5.038018703460693,1,-1.474011898,0,-0.07703916,0,-0.792976439,0
17.86356545,-70.0683136,1,8.753177642822266,1,-12.47350025,1,2.594448804855347,1,-8.689531326,1,5.297254085540771,1,-1.469322801,0,-0.059813637,0,-0.756193042,0
17.86756706,-91.14563751,1,0.7838208079338074,1,-15.07948494,1,3.383806943893433,1,-8.67485714,1,5.428161144256592,1,-1.458979249,0,-0.042228255,0,-0.719346821,0
17.87156487,-107.4018478,1,-12.16052055,1,-17.56217766,1,3.334366083145142,1,-8.677257538,1,5.715701580047607,1,-1.446508765,0,-0.024065254,0,-0.682232678,0
17.87556458,-110.9503632,1,-15.9298048,1,-19.54986572,1,2.623378276824951,1,-8.687335968,1,5.093464374542236,1,-1.435311556,0,-0.006875003,0,-0.644955397,0
17.87956619,-90.00989532,1,-11.73698425,1,-13.79862213,1,2.405887603759766,1,-8.688473701,1,4.205654144287109,1,-1.425616026,0,0.006654819,0,-0.607940972,0
17.883564,-64.78905487,1,-11.16095448,1,-4.321816444,1,2.298539161682129,1,-8.523015976,1,3.342932462692261,1,-1.415498257,0,0.016425755,0,-0.571490228,0
17.88756371,-23.16440582,1,-27.2220192,1,-3.243611336,1,-0.174580753,1,-5.735734463,1,2.646721124649048,1,-1.409904122,0,0.023528483,0,-0.541232288,0
17.89156532,-42.35903931,1,-10.23452091,1,19.76440238952637,1,-0.160314411,1,-8.119556427,1,2.702474117279053,1,-1.410439849,0,0.030228913,0,-0.51213336,0
17.89556313,-82.83522034,1,-18.37236023,1,-18.38454247,1,-2.293951511,1,-4.906738281,1,2.318441867828369,1,-1.414337754,0,0.035847217,0,-0.484857827,0
17.89956284,-39.86668015,1,-16.70155144,1,-11.13968658,1,-3.501286745,1,-3.181256533,1,2.166700839996338,1,-1.425555348,0,0.042315595,0,-0.468627304,0
17.90356445,-17.94456673,1,-7.109950542,1,-12.6859951,1,-3.888007879,1,-4.275082588,1,2.324203729629517,1,-1.439740539,0,0.049115062,0,-0.452733278,0
17.90756226,-20.28205299,1,-3.496128321,1,-15.20776558,1,-4.024532318,1,-5.683888435,1,2.817975997924805,1,-1.454522967,0,0.056734562,0,-0.431793243,0
17.91156197,-29.23843765,1,1.035374522209167,1,-17.95400429,1,-3.81414938,1,-6.986397743,1,3.741402387619019,1,-1.468623757,0,0.066977732,0,-0.404994786,0
17.91556358,-34.01519012,1,3.804332733154297,1,-19.85504532,1,-3.1771698,1,-7.799090862,1,4.410838127,1,-1.480476618,0,0.080479153,0,-0.373854488,0
17.91956711,-37.43040848,1,5.115298748016357,1,-19.4056282,1,-2.170470476,1,-8.216477394,1,4.814847469329834,1,-1.488173604,0,0.096159436,0,-0.340074003,0
17.92356682,-41.08839417,1,2.651609420776367,1,-18.757761,1,-1.214440465,1,-8.185937881,1,5.168763637542725,1,-1.491321325,0,0.1133941859006882,0,-0.305494726,0
17.92757034,-44.47561264,1,-1.419992447,1,-19.87823105,1,-0.389313757,1,-7.88864994,1,5.593022346496582,1,-1.49031651,0,0.1322784572839737,0,-0.27142036,0
17.93156624,-47.62034988,1,-6.008354664,1,-22.09015083,1,0.2693254947662354,1,-7.413892269,1,5.953496932983398,1,-1.485848546,0,0.152806431,0,-0.238650233,0
17.93556595,-50.69561005,1,-10.65881348,1,-25.5026207,1,0.6710987091064453,1,-6.798618793,1,6.131565570831299,1,-1.478886366,0,0.1744236797094345,0,-0.207736999,0
17.93956947,-48.29768753,1,-14.81964684,1,-28.5272274,1,0.8773894906044006,1,-6.149294376,1,6.218804359436035,1,-1.470486879,0,0.1965455710887909,0,-0.179148942,0
17.94356728,-43.38941193,1,-18.14687538,1,-29.99430656,1,0.9987473487854004,1,-5.747131348,1,6.249439239501953,1,-1.461182952,0,0.2188652008771896,0,-0.152360022,0
17.94756699,-39.53244019,1,-20.82981873,1,-30.51960373,1,1.008417129516602,1,-5.620249271,1,6.268441200256348,1,-1.451221228,0,0.2411679923534393,0,-0.126290083,0
17.9515686,-38.04008102,1,-22.16811371,1,-30.94400787,1,0.9332623481750488,1,-5.643125057,1,6.268032550811768,1,-1.440747023,0,0.2632503509521484,0,-0.099990845,0
17.95556641,-37.05848312,1,-23.55195045,1,-30.90616035,1,0.8424342274665833,1,-5.72948885,1,6.191604614257813,1,-1.429919839,0,0.2848715782165527,0,-0.073100217,0
17.95956612,-36.22058487,1,-23.78671265,1,-30.77041817,1,0.740021288,1,-5.839125633,1,6.051951408,1,-1.418709397,0,0.3057413697242737,0,-0.045441493,0
17.96356773,-35.99425125,1,-23.97583961,1,-30.27733803,1,0.6491041779518127,1,-5.948963165,1,5.847814559936523,1,-1.407111406,0,0.32554692,0,-0.017016158,0
17.96756554,-36.3798027,1,-24.40472221,1,-29.59584236,1,0.5801835656166077,1,-6.050469875,1,5.632242679595947,1,-1.395075679,0,0.3441222310066223,0,0.012143885,0
17.97156525,-37.10976791,1,-25.16405487,1,-29.15543747,1,0.4916775226593018,1,-6.127036095,1,5.423178672790527,1,-1.382621288,0,0.361457497,0,0.041935053,0
17.97556686,-36.86316299,1,-26.27001953,1,-28.89056778,1,0.3629786968231201,1,-6.191168308,1,5.223668575286865,1,-1.36993587,0,0.3775847554206848,0,0.072264552,0
17.97956467,-35.97231293,1,-27.21998596,1,-28.82668686,1,0.1841407120227814,1,-6.24186945,1,5.051795482635498,1,-1.357253194,0,0.3925853967666626,0,0.1030856892466545,0
17.98356438,-34.71896362,1,-27.66394424,1,-29.15832329,1,-0.03031322,1,-6.317824841,1,4.884506702423096,1,-1.344762802,0,0.4064939916133881,0,0.1343986093997955,0
17.98756409,-33.63632584,1,-27.32270813,1,-29.80573463,1,-0.252683759,1,-6.387397289,1,4.697772503,1,-1.332553029,0,0.4193089008331299,0,0.1662082672119141,0
17.99156189,-33.45498276,1,-26.09633446,1,-30.93069077,1,-0.407288194,1,-6.4520154,1,4.442275047302246,1,-1.320619702,0,0.4308432340621948,0,0.198389396,0
17.9955616,-34.45580673,1,-25.15777206,1,-31.86871338,1,-0.512376249,1,-6.417006493,1,4.183487415313721,1,-1.308834791,0,0.4410025775432587,0,0.2306984663009644,0
17.99956322,-33.79124451,1,-23.93272781,1,-33.15938187,1,-0.549309969,1,-6.344810486,1,3.858250617980957,1,-1.297189236,0,0.4497665166854858,0,0.2626793086528778,0
18.00356293,-32.60233307,1,-23.52459335,1,-34.34939957,1,-0.562795222,1,-6.241207123,1,3.530548572540283,1,-1.285625696,0,0.4570352733135223,0,0.2941448092460632,0
18.00756073,-30.80450058,1,-23.51279831,1,-35.14381027,1,-0.605238378,1,-6.130875111,1,3.200124979019165,1,-1.274299741,0,0.4628291130065918,0,0.3249018490314484,0
18.01156235,-28.63108063,1,-23.53531647,1,-36.38385773,1,-0.691497982,1,-6.018601418,1,2.884416580200195,1,-1.26342237,0,0.4672207236289978,0,0.3548995852470398,0
18.01556015,-26.03994179,1,-23.54595757,1,-36.75025558,1,-0.833862901,1,-5.892413616,1,2.564166307449341,1,-1.253269792,0,0.4702637493610382,0,0.3840722739696503,0
18.01955986,-23.71253967,1,-23.22474289,1,-37.04851913,1,-1.025772452,1,-5.742528439,1,2.267866611480713,1,-1.244176626,0,0.4720437526702881,0,0.4122740030288696,0
18.02356148,-21.41789055,1,-23.11411476,1,-37.12049484,1,-1.262043357,1,-5.58043623,1,2.023500680923462,1,-1.236374021,0,0.4728114008903503,0,0.439460278,0
18.02755928,-18.69354248,1,-22.94564438,1,-37.07011795,1,-1.524362445,1,-5.387513161,1,1.830141067504883,1,-1.230052352,0,0.4727965593338013,0,0.4655671119689941,0
18.03155899,-16.84515762,1,-22.35432243,1,-37.06478119,1,-1.794382334,1,-5.198119164,1,1.691905736923218,1,-1.25817287,0,0.4423480629920959,0,0.4744736552238464,0
18.03556061,-14.68321609,1,-21.47377586,1,-37.2783165,1,-2.032124996,1,-4.980201244,1,1.616784930229187,1,-1.255706072,0,0.4423357546329498,0,0.49816364,0
18.03956413,-12.77678585,1,-19.88916969,1,-38.10941696,1,-2.207376003,1,-4.748507023,1,1.594329357147217,1,-1.254502654,0,0.4423910975456238,0,0.5208329558372498,0
18.04356384,-10.99801731,1,-16.90037918,1,-39.05078125,1,-2.272812605,1,-4.49176836,1,1.600247979164124,1,-1.25422883,0,0.4427042901515961,0,0.542474627,0
18.04756546,-9.961817741,1,-13.73457718,1,-39.85882187,1,-2.162609339,1,-4.145271778,1,1.609523535,1,-1.254384637,0,0.4434172511100769,0,0.562895656,0
18.05156326,-8.866986275,1,-11.29665756,1,-40.30877304,1,-1.942009211,1,-3.670019627,1,1.581458568572998,1,-1.254585862,0,0.4446106553077698,0,0.58158356,0
18.05556297,-6.722407818,1,-9.681293488,1,-40.11156464,1,-1.681898832,1,-3.053705931,1,1.518534421920776,1,-1.254803538,0,0.446323037,0,0.5979170799255371,0
18.05956459,-4.364613533,1,-9.375917435,1,-38.6985054,1,-1.416621804,1,-2.278232336,1,1.413682103157043,1,-1.255237937,0,0.4485759735107422,0,0.6112365126609802,0
18.06356239,-1.49619925,1,-9.473397255,1,-36.56906509,1,-1.19381547,1,-1.335450411,1,1.278348565101624,1,-1.256302714,0,0.4514578282833099,0,0.620755672,0
18.0675621,1.762399435043335,1,-10.75260162,1,-33.72496414,1,-1.041982889,1,-0.26603809,1,1.126614212989807,1,-1.258529663,0,0.4550287127494812,0,0.6258260607719421,0
18.07156372,6.152886867523193,1,-12.27780628,1,-30.89446449,1,-0.976713538,1,0.8887120485305786,1,0.9706062078475952,1,-1.262493372,0,0.4593918323516846,0,0.6259375810623169,0
18.07556152,11.90421009063721,1,-13.74452877,1,-29.39089584,1,-1.00874114,1,2.064610004425049,1,0.8190398812294006,1,-1.268708587,0,0.4645904004573822,0,0.6208489537239075,0
18.07956123,19.07493209838867,1,-14.275877,1,-28.1249733,1,-1.130980492,1,3.185102701187134,1,0.630041242,1,-1.277613044,0,0.470451295,0,0.610541046,0
18.08356285,25.18876838684082,1,-14.67781925,1,-26.55002022,1,-1.300413966,1,4.241020679473877,1,0.4744124412536621,1,-1.28946209,0,0.4767694771289825,0,0.595224917,0
18.08756065,29.54876136779785,1,-14.43432713,1,-24.22350693,1,-1.45062077,1,5.289029121398926,1,0.3400727808475494,1,-1.304319143,0,0.483484149,0,0.5750396847724915,0
18.09156036,33.77798843383789,1,-11.77434349,1,-22.90635872,1,-1.408791184,1,6.311146259307861,1,0.1694956868886948,1,-1.321868896,0,0.4904067814350128,0,0.5499102473258972,0
18.09556198,31.89631462097168,1,-8.18272686,1,-20.86320114,1,-1.164925098,1,7.312621116638184,1,-0.131273985,1,-1.341263175,0,0.4969654381275177,0,0.5199211835861206,0
18.09955978,30.97811508178711,1,-5.576024532,1,-18.98044777,1,-0.744403243,1,8.369366645812988,1,-0.574021518,1,-1.362023473,0,0.5024351477622986,0,0.4846878349781036,0
18.10355949,32.05926513671875,1,-3.158203602,1,-17.73454857,1,-0.135034889,1,8.706240653991699,1,-1.132701159,1,-1.38282299,0,0.5059059262275696,0,0.4453323185443878,0
18.10756111,27.11487007141113,1,-0.675227702,1,-15.69349957,1,0.4204413592815399,1,8.722184181213379,1,-1.83929348,1,-1.401820779,0,0.5062938928604126,0,0.4049175083637238,0
18.11155891,18.90628623962402,1,1.582292199134827,1,-13.38909626,1,0.9331321716308594,1,8.736117362976074,1,-2.643747807,1,-1.418969631,0,0.5030045509338379,0,0.363902211,0
18.11555862,15.61835289001465,1,2.939185619354248,1,-12.42577171,1,1.542546033859253,1,8.754290580749512,1,-3.426932812,1,-1.433867335,0,0.4960114359855652,0,0.322476327,0
18.11956215,12.14652442932129,1,2.166598796844482,1,-11.9577198,1,2.071299076080322,1,8.769396781921387,1,-4.167976379,1,-1.446236849,0,0.485509992,0,0.2808302640914917,0
18.12355804,7.836896419525146,1,0.2950516045093536,1,-11.98676872,1,2.410533905029297,1,8.780482292175293,1,-4.817847729,1,-1.456437349,0,0.4718284904956818,0,0.2391531467437744,0
18.12755776,2.479831934,1,-2.637895107,1,-12.52595139,1,2.527723073959351,1,8.785106658935547,1,-5.280947208,1,-1.46507585,0,0.4555619657039642,0,0.1976268291473389,0
18.13156128,-2.510130644,1,-4.557487965,1,-13.53499508,1,2.460956335067749,1,8.785755157470703,1,-5.584997177,1,-1.472855687,0,0.4374752044677734,0,0.1564109325408936,0
18.13555908,-8.813549995,1,-5.456031799,1,-15.24661636,1,2.325732231140137,1,8.784029006958008,1,-5.766283989,1,-1.480213523,0,0.418169379,0,0.1156139448285103,0
18.13955879,-15.03351879,1,-5.139807224,1,-17.06162643,1,2.194670915603638,1,8.781796455383301,1,-5.906884193,1,-1.487172961,0,0.397955596,0,0.075270817,0
18.14356041,-20.70419121,1,-4.880209923,1,-18.17271042,1,2.093777418136597,1,8.781075477600098,1,-5.983974457,1,-1.493674397,0,0.3770526945590973,0,0.03539205,0
18.14755821,-25.16623497,1,-4.40639925,1,-18.81875992,1,2.011551856994629,1,8.778306007385254,1,-6.016053677,1,-1.499596477,0,0.3557142615318298,0,-0.004022887,0
18.15155792,-28.51401138,1,-4.061793327,1,-19.32504463,1,1.974571228027344,1,8.778338432312012,1,-5.976235867,1,-1.504820824,0,0.3341671228408813,0,-0.042994209,0
18.15555954,-30.89017105,1,-3.553186893,1,-19.55132484,1,2.033837795257568,1,8.779577255249023,1,-5.877456665,1,-1.509075761,0,0.3127376437187195,0,-0.081549101,0
18.15956307,-31.46713829,1,-4.007813931,1,-19.44654655,1,2.131499528884888,1,8.780069351196289,1,-5.744793415,1,-1.512109756,0,0.2916379272937775,0,-0.119731598,0
18.16356278,-31.30780029,1,-5.446081638,1,-19.00545692,1,2.215614795684814,1,8.780571937561035,1,-5.573608875,1,-1.513904572,0,0.2710554003715515,0,-0.157587826,0
18.16756439,-30.21853828,1,-7.331838131,1,-18.08236313,1,2.226212978363037,1,8.780033111572266,1,-5.366917133,1,-1.51470232,0,0.2511836290359497,0,-0.195161536,0
18.1715622,-28.84745979,1,-9.548069954,1,-16.91723824,1,2.139942884,1,8.776784896850586,1,-5.105440617,1,-1.514876366,0,0.2322313189506531,0,-0.232474521,0
18.17556191,-27.77645111,1,-11.94053745,1,-16.14015961,1,1.980957508087158,1,8.771533012390137,1,-4.782860756,1,-1.51482451,0,0.2144294083118439,0,-0.269542366,0
18.17956352,-27.43484116,1,-13.7222929,1,-15.23378563,1,1.735429525375366,1,8.764808654785156,1,-4.454619884,1,-1.514922261,0,0.1979390829801559,0,-0.306369424,0
18.18356133,-27.36813927,1,-14.82173157,1,-14.24602985,1,1.455531358718872,1,8.755583763122559,1,-4.107460976,1,-1.515475512,0,0.1827893406152725,0,-0.342967004,0
18.18756104,-26.68380356,1,-14.02650452,1,-12.6724205,1,1.210871696472168,1,8.750594139099121,1,-3.763420343,1,-1.516538501,0,0.1689863353967667,0,-0.379346192,0
18.19156456,-25.84685516,1,-12.27009487,1,-11.09320927,1,1.145734906196594,1,8.746081352233887,1,-3.419876575,1,-1.517732024,0,0.1565134972333908,0,-0.415532321,0
18.19556236,-24.89959335,1,-10.08438587,1,-9.226569176,1,1.290458083152771,1,8.747699737548828,1,-3.052891016,1,-1.518336415,0,0.1454251855611801,0,-0.451558918,0
18.19956207,-22.88330841,1,-7.295194149,1,-7.56063509,1,1.657085180282593,1,8.751811027526855,1,-2.700248957,1,-1.517521143,0,0.135799453,0,-0.487464845,0
18.20356369,-21.02605438,1,-3.877906322,1,-5.863437176,1,2.226249456,1,8.763190269470215,1,-2.398664951,1,-1.514503837,0,0.1275507509708405,0,-0.523305893,0
18.20756149,-19.08696365,1,-0.817360699,1,-4.620168209,1,3.010900020599365,1,8.777452469,1,-2.196854591,1,-1.508507371,0,0.1204761117696762,0,-0.559137881,0
18.2115612,-17.98374367,1,0.952426553,1,-3.783990383,1,3.929631948471069,1,8.796423912,1,-2.109376192,1,-1.498850703,0,0.1142646074295044,0,-0.595024943,0
18.21556282,-17.02408791,1,1.258053660392761,1,-2.990668297,1,4.844577789306641,1,8.816351890563965,1,-2.133202314,1,-1.485284328,0,0.1086006835103035,0,-0.631025136,0
18.21956062,-16.3582325,1,-0.305401832,1,-2.193636417,1,5.583718299865723,1,8.832349777,1,-2.24834466,1,-1.468186498,0,0.1032107472419739,0,-0.667184472,0
18.22355843,-15.92886925,1,-2.865557671,1,-1.655901194,1,6.061010837554932,1,8.841828346252441,1,-2.421893835,1,-1.44847858,0,0.097901955,0,-0.703538179,0
18.22756004,-15.39320374,1,-5.919733524,1,-1.313198328,1,6.279684066772461,1,8.84777832,1,-2.644397974,1,-1.427218437,0,0.092545055,0,-0.740114212,0
18.23155785,-15.1182394,1,-8.302382469,1,-1.229014039,1,6.288434982299805,1,8.850575447,1,-2.93497777,1,-1.405331254,0,0.086987749,0,-0.776953101,0
18.23555946,-14.98502254,1,-10.08110428,1,-1.593362689,1,6.094449520111084,1,8.848536491394043,1,-3.289173365,1,-1.383618951,0,0.080963522,0,-0.814114094,0
18.23956108,-15.73592186,1,-10.30827618,1,-2.857669592,1,5.712314605712891,1,8.842908859,1,-3.751648188,1,-1.362889051,0,0.074121818,0,-0.851683617,0
18.24355888,-16.89646912,1,-8.848605156,1,-3.443413496,1,5.257870197296143,1,8.836670875549316,1,-4.287322998,1,-1.343617916,0,0.066095665,0,-0.889765561,0
18.24755669,-14.96888256,1,0.1074401512742043,1,-9.693407059,1,4.957431316375732,1,8.834341049194336,1,-4.966353893,1,-1.325654268,0,0.056366485,0,-0.928530812,0
18.2515583,-17.50974464,1,1.565773129463196,1,-9.737953186,1,4.946952342987061,1,8.837054252624512,1,-5.493825912,1,-1.307926178,0,0.044967219,0,-0.968053341,0
18.25555801,-19.62477684,1,3.690663338,1,-11.89617157,1,5.233854293823242,1,8.845191955566406,1,-5.973250389,1,-1.289168239,0,0.03239784,0,-1.008306861,0
18.25955772,-23.04454613,1,5.842871666,1,-13.4522419,1,5.568923950195313,1,8.856785774230957,1,-6.494784832,1,-1.268608689,0,0.018699214,0,-1.049402714,0
18.26355934,-25.64509964,1,6.160956382751465,1,-15.29018593,1,5.872135639190674,1,8.864611625671387,1,-6.971275806,1,-1.246161342,0,0.003990899,0,-1.091428399,0
18.26755714,-28.95039749,1,4.563717842102051,1,-16.82073593,1,6.036485195159912,1,8.858034133911133,1,-7.415662289,1,-1.222149611,0,-0.011466605,0,-1.134405971,0
18.27155685,-33.02871323,1,3.016013860702515,1,-18.77037811,1,6.030886650085449,1,8.700990676879883,1,-7.79463768,1,-1.197122335,0,-0.027543958,0,-1.178015947,0
18.27555656,-37.35203552,1,0.3953416347503662,1,-21.02563667,1,5.835240364074707,1,8.606622695922852,1,-8.073094368,1,-1.171770096,0,-0.043924324,0,-1.222058177,0
18.279562,-42.18291473,1,-2.044833422,1,-23.40015411,1,5.427966117858887,1,8.548715591430664,1,-8.226886749,1,-1.362174988,0,-0.289214492,0,-1.365718126,0
18.28356171,-49.07265091,1,-3.335524797,1,-24.89661026,1,4.869577407836914,1,8.531854629516602,1,-8.312717438,1,-1.328884244,0,-0.313861668,0,-1.408301115,0
18.28756332,-56.24206924,1,-3.140763283,1,-25.38122559,1,4.266815662384033,1,8.610352516174316,1,-8.25625515,1,-1.296561718,0,-0.337182403,0,-1.452188849,0
18.29156113,-62.39268112,1,-0.760287046,1,-24.96269608,1,3.709936380386353,1,8.726535797119141,1,-8.113578796,1,-1.265181303,0,-0.358658552,0,-1.497498631,0
18.29556084,-65.90872192,1,2.624666213989258,1,-23.96479607,1,3.317957401275635,1,8.789988518,1,-7.88218832,1,-1.234439492,0,-0.377966791,0,-1.543986797,0
18.29956245,-69.01332855,1,6.611358165740967,1,-22.1402607,1,3.100095748901367,1,8.701144218444824,1,-7.581424236,1,-1.203925133,0,-0.3949579,0,-1.590991616,0
18.30356026,-72.27968597,1,9.536886215209961,1,-18.47089767,1,3.016063451766968,1,8.446808815002441,1,-7.166879654,1,-1.173459053,0,-0.409536958,0,-1.637590051,0
18.30755997,-74.64548492,1,12.27050685882568,1,-14.50347805,1,3.039310455322266,1,7.858597278594971,1,-6.664432049,1,-1.143254757,0,-0.4217816,0,-1.682491183,0
18.31156158,-77.00424194,1,15.57826709747314,1,-9.68225193,1,3.176192283630371,1,6.864931106567383,1,-6.05186367,1,-1.113761544,0,-0.432164669,0,-1.723794341,0
18.31555939,-80.1362915,1,17.02716827392578,1,-5.555522442,1,3.374120950698853,1,5.655217170715332,1,-5.225654125,1,-1.085461974,0,-0.440914065,0,-1.759777665,0
18.3195591,-82.70910645,1,20.61166572570801,1,-2.645798922,1,3.646164655685425,1,4.235786437988281,1,-4.321846008,1,-1.05881989,0,-0.448225796,0,-1.789174795,0
18.32356072,-88.86933136,1,24.57699584960938,1,0.5019339323043823,1,4.020601272583008,1,2.941682815551758,1,-3.403966904,1,-1.033766866,0,-0.454467624,0,-1.811470628,0
18.32755852,-91.44792175,1,24.89709091186523,1,3.532644271850586,1,4.231526374816895,1,1.982332348823547,1,-2.521002531,1,-1.01002419,0,-0.459457099,0,-1.827684879,0
18.33155823,-90.18645477,1,23.49156379699707,1,7.887071609,1,4.052577972412109,1,1.135924100875854,1,-1.720284343,1,-0.988460839,0,-0.463243097,0,-1.838640451,0
18.33555985,-87.53643799,1,20.43156242370605,1,12.35244178771973,1,3.302206278,1,0.4222166836261749,1,-0.929866493,1,-0.970851779,0,-0.465921044,0,-1.844802618,0
18.33955765,-83.21733856,1,15.94353008270264,1,14.62049198150635,1,2.137727737426758,1,-0.233384818,1,-0.166933492,1,-0.959099054,0,-0.467507422,0,-1.846565843,0
18.34355736,-77.03953552,1,13.47067356109619,1,15.48719310760498,1,0.7713918089866638,1,-0.826350689,1,0.7122929096221924,1,-0.954465747,0,-0.467882037,0,-1.843922973,0
18.34755898,-69.56977081,1,15.29577255249023,1,14.74982738494873,1,-0.340106845,1,-1.37851572,1,1.667662501335144,1,-0.956961215,0,-0.466538846,0,-1.836829185,0
18.35155678,-64.6497879,1,26.42304039001465,1,13.05941390991211,1,-0.687998831,1,-1.92729497,1,2.396569252,1,-0.964275599,0,-0.463664442,0,-1.825445175,0
18.35555649,-61.47110367,1,29.54330062866211,1,10.90665817260742,1,-0.555747747,1,-2.180644751,1,3.002506017684937,1,-0.973286331,0,-0.459425867,0,-1.810994983,0
18.35955811,-58.06999588,1,26.48956489562988,1,10.46534252166748,1,-0.291515172,1,-2.385545492,1,3.435951948165894,1,-0.982239366,0,-0.453848511,0,-1.794480205,0
18.36355591,-51.35946655,1,18.92373657226563,1,8.951051712036133,1,-0.354861438,1,-2.5744977,1,3.641180515289307,1,-0.991208792,0,-0.447365761,0,-1.77669692,0
18.36755562,-46.32963562,1,12.78809833526611,1,9.114720344543457,1,-0.67595911,1,-2.962379932,1,3.624975442886353,1,-1.001380444,0,-0.441160619,0,-1.757603168,0
18.37155724,-40.22381592,1,9.747065544128418,1,8.183736801147461,1,-1.194904804,1,-3.358940601,1,3.422978878,1,-1.013652682,0,-0.435973912,0,-1.737460613,0
18.37555504,-32.93344879,1,5.417145252227783,1,6.289131164550781,1,-1.868233204,1,-3.802921772,1,3.123434782028198,1,-1.028578758,0,-0.432267487,0,-1.716528535,0
18.37955475,46.91190719604492,1,4.393816947937012,1,-28.4676609,1,-2.354387283,1,-5.68269968,1,3.299021244049072,1,-1.047962427,0,-0.430279851,0,-1.691668391,0
18.38355637,-49.73308945,1,14.58671855926514,1,23.78577232,1,0.2101347297430038,1,-7.506710052,1,5.157523632049561,1,-1.063929915,0,-0.430104911,0,-1.657373309,0
18.38755417,21.70886039733887,1,-79.53746033,1,-3.129532814,1,-4.121412277,1,-6.842769146,1,4.562059402,1,-1.089733362,0,-0.426590562,0,-1.619256735,0
18.39155388,66.50233459472656,1,-79.12924957,1,-52.29102325,1,-4.771931171,1,-8.861658096,1,8.222099304199219,1,-1.123566031,0,-0.418219984,0,-1.576889753,0
18.3955555,0.5249424576759338,1,-164.3771515,1,-98.44096375,1,-8.431006432,1,-8.939575195,1,8.614100456237793,1,-1.169550061,0,-0.40184778,0,-1.526216149,0
18.3995533,-152.1856995,1,-145.2055359,1,-101.9915771,1,-8.626660347,1,-8.942154884,1,8.614005088806152,1,-1.222861886,0,-0.382867396,0,-1.47655201,0
18.40355873,-182.2585144,1,-31.8268261,1,0.7356826066970825,1,-8.627080917,1,-8.942167282,1,8.614249229431152,1,-1.27487576,0,-0.361495912,0,-1.428429723,0
18.40756035,-159.4020538,1,46.36921310424805,1,-33.94262314,1,-8.514736176,1,-7.811058044,1,3.582517147064209,1,-1.324213147,0,-0.344657272,0,-1.385091305,0
18.41155815,-182.6072693,1,166.3160858154297,1,-102.835907,1,-8.703843117,1,0.7831162214279175,1,1.329975008964539,1,-1.364231229,0,-0.3409881,0,-1.368283749,0
18.41555786,26.99188995361328,1,200.5014648,1,0.3480598330497742,1,-1.024122119,1,-3.735584259,1,1.750226974487305,1,-1.388260365,0,-0.334994078,0,-1.363485932,0
18.41956139,62.56443023681641,1,119.8764572143555,1,-20.50037384,1,2.345351457595825,1,-4.760881901,1,3.720628261566162,1,-1.391974807,0,-0.327582628,0,-1.342376709,0
18.42355728,-9.432169914,1,-56.49303436,1,-9.515136719,1,2.134300470352173,1,-2.578406572,1,2.395616531,1,-1.387582064,0,-0.31764394,0,-1.325108171,0
18.42755699,-84.87136841,1,-140.6316223,1,36.65787887573242,1,-0.280068278,1,-2.268972158,1,-0.745692611,1,-1.386364222,0,-0.316188008,0,-1.314343214,0
18.43156052,-26.00492668,1,5.902668952941895,1,4.488588333129883,1,-1.261200786,1,-1.512171745,1,0.8631143569946289,1,-1.393483877,0,-0.318252206,0,-1.306548119,0
18.43555832,1.774144291877747,1,91.89520263671875,1,-29.28738976,1,0.6035473942756653,1,-0.568255424,1,1.574968457221985,1,-1.396188021,0,-0.313267201,0,-1.302027941,0
18.43955803,-5.64487648,1,-7.90365839,1,-9.623001099,1,1.441985368728638,1,-1.41394043,1,0.4114914536476135,1,-1.393293142,0,-0.31016922,0,-1.296878099,0
18.44355965,-10.76675415,1,-61.56375504,1,-11.29114246,1,0.435442716,1,-1.33520031,1,0.3862916827201843,1,-1.390836835,0,-0.309972942,0,-1.290885806,0
18.44755745,9.283941268920898,1,-28.62483597,1,-13.31079197,1,-0.708169341,1,-1.398831487,1,1.514271498,1,-1.393998146,0,-0.30719918,0,-1.284818292,0
18.45155716,-1.586287856,1,9.452202796936035,1,-18.18054581,1,-0.479610205,1,-1.52031517,1,1.798142910003662,1,-1.398650885,0,-0.301291704,0,-1.277566791,0
18.45555878,-10.31499672,1,15.82778930664063,1,-14.05547333,1,0.02923684,1,-1.774609804,1,1.213683009147644,1,-1.401836514,0,-0.296586752,0,-1.269699216,0
18.45955658,-13.56871986,1,10.33078575134277,1,-12.41761971,1,0.4963988363742828,1,-1.821712613,1,1.130285501480103,1,-1.403125763,0,-0.293195069,0,-1.261431813,0
18.46355629,-3.465739965,1,-18.27292633,1,-8.892842293,1,0.2702499628067017,1,-1.915755033,1,1.109555840492249,1,-1.403839946,0,-0.290106744,0,-1.252961278,0
18.46755791,-4.138623714,1,-22.99220276,1,-6.270343304,1,-0.241528437,1,-1.794634342,1,1.538693308830261,1,-1.406276941,0,-0.286202788,0,-1.244376898,0
18.47155571,-5.276914597,1,-16.08025932,1,-7.547202587,1,-0.56476903,1,-1.65939033,1,1.825862288475037,1,-1.410188079,0,-0.280523151,0,-1.236203432,0
18.47555542,-5.308105469,1,7.862024784088135,1,-12.52381516,1,-0.614160061,1,-1.822884679,1,1.683062314987183,1,-1.415006161,0,-0.274657071,0,-1.227943897,0
18.47955704,-2.998149395,1,14.23959922790527,1,-19.63522148,1,-0.240646467,1,-2.207369804,1,1.530036687850952,1,-1.419056773,0,-0.269504488,0,-1.218759179,0
18.48355484,-4.053280354,1,-2.119624376,1,-19.38047409,1,-0.139744729,1,-2.898436308,1,1.327654719352722,1,-1.422773361,0,-0.265380144,0,-1.207392573,0
18.48755455,-5.574635983,1,-8.014678001,1,-19.23613739,1,-0.436347723,1,-3.429335117,1,1.358936786651611,1,-1.427455425,0,-0.261919528,0,-1.193603516,0
18.49155617,-2.484894037,1,-3.97052002,1,-21.57253456,1,-0.633249521,1,-3.930089235,1,1.444575905799866,1,-1.433654547,0,-0.258410126,0,-1.177758932,0
18.49555397,1.582224846,1,-1.508994222,1,-25.62192917,1,-0.715156376,1,-4.666448116,1,1.345767974853516,1,-1.441068888,0,-0.255104512,0,-1.159424782,0
18.49955368,2.207030773162842,1,-1.475042105,1,-29.31447029,1,-0.733809531,1,-5.451846123,1,1.327158928,1,-1.449268222,0,-0.252436996,0,-1.137994766,0
18.5035553,2.475045919418335,1,-0.766769588,1,-27.21436501,1,-0.790597618,1,-6.467306137,1,1.436292886734009,1,-1.458554029,0,-0.249694467,0,-1.112921834,0
18.5075531,1.084360480308533,1,0.4248348772525787,1,-24.63936996,1,-0.733938098,1,-7.430500507,1,1.529889941215515,1,-1.468879819,0,-0.246780202,0,-1.083770156,0
18.51155281,2.376996278762817,1,-8.207715988,1,-29.2334919,1,-0.676322103,1,-8.309880257,1,1.697340130805969,1,-1.479706883,0,-0.24334985,0,-1.050783753,0
18.51555443,8.918170928955078,1,-15.09819412,1,-28.77677345,1,-0.714391351,1,-8.739256859,1,1.829939126968384,1,-1.491039276,0,-0.239326015,0,-1.014848351,0
18.51955223,13.09172534942627,1,-13.7628603,1,-28.2409935,1,-0.684790134,1,-8.741061211,1,2.161268711090088,1,-1.502450466,0,-0.23399964,0,-0.978383303,0
18.52355766,12.43493366241455,1,-12.4208622,1,-27.65405846,1,-0.706366003,1,-8.744193077,1,2.610504150390625,1,-1.513523817,0,-0.226645648,0,-0.941923916,0
18.52755928,13.37072944641113,1,-11.49870872,1,-28.97631073,1,-0.77778697,1,-8.747226715,1,3.050678968429565,1,-1.524518013,0,-0.217178896,0,-0.905511975,0
18.53155708,11.3455925,1,-7.507816315,1,-29.79005814,1,-0.702539802,1,-8.747447014,1,3.429331541061401,1,-1.446732759,0,-0.042034574,0,-1.007689238,0
18.53555679,6.670242309570313,1,-3.089850903,1,-28.18909073,1,-0.350827336,1,-8.740731239,1,3.638012170791626,1,-1.450225949,0,-0.032289993,0,-0.97122854,0
18.53955841,-1.653487206,1,-4.717436314,1,-19.42297745,1,-0.120253868,1,-8.73827076,1,3.851806641,1,-1.452019095,0,-0.021610213,0,-0.934725165,0
18.54355812,-7.782951832,1,-3.065909624,1,-17.84212875,1,-0.229719862,1,-8.742675781,1,4.318681240081787,1,-1.453332424,0,-0.009483063,0,-0.898075223,0
18.54755592,-25.89209938,1,2.199166059494019,1,-16.95043755,1,0.068002321,1,-8.73766613,1,4.539276599884033,1,-1.453754425,0,0.004141522,0,-0.86127001,0
18.55155754,-48.81135178,1,9.276166915893555,1,-17.10589027,1,1.210388541221619,1,-8.713477135,1,4.489003658294678,1,-1.450933933,0,0.017880796,0,-0.824487567,0
18.55555534,-69.6553421,1,9.461361885070801,1,-17.19872284,1,2.321032762527466,1,-8.691717148,1,4.644725799560547,1,-1.442883849,0,0.031753153,0,-0.787677526,0
18.55955696,-79.40991974,1,-1.621946454,1,-10.89348602,1,2.622803688049316,1,-8.689792633,1,5.361980915,1,-1.43140769,0,0.046892211,0,-0.75054276,0
18.56355667,-93.11179352,1,-3.843447924,1,-9.950169563,1,2.541333436965942,1,-8.693242073,1,5.327618598937988,1,-1.418777227,0,0.063184008,0,-0.712964773,0
18.56755447,-94.32009888,1,-2.645211458,1,-9.717190742,1,2.198189258575439,1,-8.696727753,1,4.912308216094971,1,-1.406671047,0,0.078057997,0,-0.675281227,0
18.57155418,-77.54660034,1,3.422923088,1,-5.041210651,1,2.288732290267944,1,-8.69198513,1,4.453662395477295,1,-1.394647956,0,0.09056244,0,-0.637712717,0
18.5755558,-59.08903503,1,1.136814832687378,1,1.197512865066528,1,2.341706991195679,1,-7.798674583,1,4.026805400848389,1,-1.381746411,0,0.1010549739003181,0,-0.601206899,0
18.5795536,-33.43467331,1,-17.73086166,1,6.130074501037598,1,0.8561471700668335,1,-5.542939186,1,4.079893112182617,1,-1.372299314,0,0.111639492,0,-0.57231319,0
18.58355331,-72.11125946,1,4.669881820678711,1,7.870131015777588,1,1.503652811050415,1,-6.431135178,1,3.716946125030518,1,-1.363625169,0,0.1226244121789932,0,-0.543987989,0
18.58755493,-88.68079376,1,-16.97808456,1,-15.20521259,1,-0.430434614,1,-3.347085714,1,4.152959347,1,-1.358671427,0,0.1341645568609238,0,-0.521660805,0
18.59155273,-40.00463486,1,-15.17481422,1,-10.65060616,1,-1.793418288,1,-1.904730916,1,4.035605907440186,1,-1.361576915,0,0.1480082124471664,0,-0.508848071,0
18.59555244,-23.95632935,1,-7.37799263,1,-11.32863426,1,-2.194519997,1,-2.970360279,1,4.350796222686768,1,-1.367673159,0,0.1624646186828613,0,-0.495834798,0
18.59955597,-24.10939217,1,-5.400355339,1,-13.39863682,1,-2.590423584,1,-4.278615952,1,4.848192215,1,-1.374152899,0,0.1775243133306503,0,-0.477780491,0
18.60355187,-27.06690407,1,-3.567224026,1,-14.5403204,1,-2.827109098,1,-5.54791832,1,5.579574108123779,1,-1.380707026,0,0.1942267119884491,0,-0.454029918,0
18.60755158,-27.87399101,1,-0.776114762,1,-15.79794407,1,-2.596602917,1,-6.608966827,1,5.975118160247803,1,-1.385817528,0,0.212500274,0,-0.425156057,0
18.6115551,-29.60855484,1,2.693591117858887,1,-17.57688713,1,-2.047491789,1,-7.404838085,1,6.082428455352783,1,-1.38792634,0,0.2310971766710281,0,-0.392285764,0
18.6155529,-33.88648605,1,2.718045711517334,1,-18.25394249,1,-1.30574739,1,-7.801271915,1,6.126030921936035,1,-1.386218071,0,0.2495472282171249,0,-0.356828272,0
18.61955261,-39.05691528,1,0.5091499090194702,1,-19.67724228,1,-0.511875749,1,-7.890211582,1,6.211849212646484,1,-1.380429387,0,0.2679172158241272,0,-0.320107639,0
18.62355423,-44.00373077,1,-3.272554874,1,-21.59560585,1,0.1075434610247612,1,-7.701076984,1,6.273948669433594,1,-1.371096969,0,0.2863970100879669,0,-0.283223987,0
18.62755203,-47.93518448,1,-7.785569668,1,-23.42809868,1,0.4946021735668182,1,-7.312577724,1,6.246148109436035,1,-1.35931921,0,0.3047963976860046,0,-0.247084692,0
18.63155174,-49.33163834,1,-12.58217239,1,-25.5364933,1,0.6395899057388306,1,-6.744961262,1,6.148306846618652,1,-1.346334219,0,0.3229293823242188,0,-0.212591559,0
18.63555336,-47.36235046,1,-16.76570892,1,-26.88005257,1,0.578466535,1,-6.261186123,1,6.054682255,1,-1.333234668,0,0.3407394886016846,0,-0.179943651,0
18.63955307,-43.58932495,1,-18.89321709,1,-27.07715797,1,0.403512716,1,-5.922783852,1,5.957145690917969,1,-1.320523739,0,0.3581981062889099,0,-0.148638964,0
18.6435566,-42.10488129,1,-20.05807686,1,-27.25917625,1,0.1980333924293518,1,-5.834327698,1,5.8562994,1,-1.308283448,0,0.3750630021095276,0,-0.11789237,0
18.64755821,-41.240345,1,-20.85730743,1,-27.47667694,1,-0.080361128,1,-5.774822712,1,5.715809345245361,1,-1.296559453,0,0.3912519514560699,0,-0.087166563,0
18.65155602,-41.31458282,1,-22.08031845,1,-27.39401436,1,-0.36674583,1,-5.82889986,1,5.577024936676025,1,-1.285412788,0,0.4065597653388977,0,-0.056182932,0
18.65555573,-38.91944885,1,-22.47613716,1,-27.44478416,1,-0.66639936,1,-5.935041428,1,5.372513294219971,1,-1.274850726,0,0.4208076298236847,0,-0.024759572,0
18.65955734,-38.36101151,1,-23.16553688,1,-27.59694862,1,-0.946729839,1,-6.171175957,1,5.198846817016602,1,-1.264676094,0,0.4338213801383972,0,0.007529986,0
18.66355515,-37.75709534,1,-23.25562668,1,-27.62887383,1,-1.252412438,1,-6.410111427,1,5.022761344909668,1,-1.254853487,0,0.4455778300762177,0,0.040913302,0
18.66755486,-37.10905457,1,-23.07867241,1,-27.61268234,1,-1.550248981,1,-6.662059784,1,4.845660209655762,1,-1.245440364,0,0.4560515284538269,0,0.075387396,0
18.67155647,-37.19445801,1,-23.1232605,1,-27.3774395,1,-1.829410195,1,-6.857840061,1,4.708397865,1,-1.236425161,0,0.4653816223144531,0,0.1108958870172501,0
18.67555428,-36.16699219,1,-22.65823555,1,-27.50783539,1,-2.060716152,1,-7.046699047,1,4.566822528839111,1,-1.227780461,0,0.4736064076423645,0,0.1472065001726151,0
18.67955399,-36.43794632,1,-21.97466087,1,-27.99960136,1,-2.254328489,1,-7.133288383,1,4.410736560821533,1,-1.219442844,0,0.4808187484741211,0,0.1841249167919159,0
18.6835556,-36.65077972,1,-21.81834984,1,-28.49326324,1,-2.431864262,1,-7.14455843,1,4.274468421936035,1,-1.211565256,0,0.4871755242347717,0,0.2212133854627609,0
18.68755341,-35.60786438,1,-21.75081253,1,-28.98226738,1,-2.596215248,1,-7.09975481,1,4.164216995239258,1,-1.204202771,0,0.4927940964698792,0,0.2581791877746582,0
18.69155312,-35.09765244,1,-22.7201252,1,-29.99773788,1,-2.659606934,1,-7.06401062,1,3.942380666732788,1,-1.197321534,0,0.4977702498435974,0,0.2948203086853027,0
18.69555473,-33.67127991,1,-21.83948898,1,-31.61886215,1,-2.775326252,1,-6.977743149,1,3.816791058,1,-1.190799475,0,0.5018463134765625,0,0.3310705423355103,0
18.69955254,-32.12203598,1,-21.59372139,1,-32.52979279,1,-2.867645741,1,-6.895021439,1,3.638505220413208,1,-1.184849381,0,0.5053250789642334,0,0.3668222725391388,0
18.70355225,-30.42600632,1,-20.98361969,1,-33.81577301,1,-2.911685228,1,-6.8013134,1,3.465017795562744,1,-1.179344535,0,0.5080903172492981,0,0.4019785523414612,0
18.70755386,-28.23357391,1,-20.74246407,1,-34.78190994,1,-2.926198483,1,-6.698885918,1,3.251095533370972,1,-1.174206495,0,0.5101230144500732,0,0.4364578127861023,0
18.71155167,-25.65112686,1,-19.97763062,1,-35.62313843,1,-2.921056032,1,-6.596219063,1,3.054989099502563,1,-1.169435263,0,0.5114079117774963,0,0.4701615273952484,0
18.71555138,-23.1773262,1,-19.10317993,1,-36.4645195,1,-2.862609863,1,-6.478115082,1,2.849919557571411,1,-1.164884329,0,0.5119929313659668,0,0.5030853748321533,0
18.71955299,-20.86759949,1,-18.1349144,1,-37.10024261,1,-2.7716465,1,-6.332393646,1,2.654397964477539,1,-1.160490751,0,0.5119225382804871,0,0.5350753664970398,0
18.7235508,-18.8385582,1,-17.15594292,1,-37.5848999,1,-2.642216444,1,-6.147373199,1,2.461406707763672,1,-1.156181455,0,0.5112899541854858,0,0.5660092234611511,0
18.72755051,-16.8611145,1,-16.14921951,1,-38.19664383,1,-2.476169586,1,-5.914607048,1,2.273489475250244,1,-1.151912808,0,0.5101776123046875,0,0.5956951975822449,0
18.73155212,-14.99524689,1,-15.48666573,1,-38.68647003,1,-2.270970821,1,-5.640842915,1,2.104420185089111,1,-1.14761889,0,0.5087127685546875,0,0.6239643692970276,0
18.73554993,-13.04353905,1,-14.99965858,1,-39.08135605,1,-2.044188738,1,-5.319583893,1,1.960263967514038,1,-1.143284917,0,0.5070649385452271,0,0.6506572365760803,0
18.73954964,-11.27813148,1,-14.97487164,1,-39.09270096,1,-1.813874602,1,-4.941188812,1,1.842455387115479,1,-1.138894677,0,0.5054192543029785,0,0.6756205558776855,0
18.74355125,-9.35983181,1,-15.52045727,1,-39.21184921,1,-1.604198933,1,-4.51830101,1,1.762868404388428,1,-1.134550929,0,0.5039978623390198,0,0.6987100839614868,0
18.74754906,-7.109760284,1,-16.17861938,1,-39.18809891,1,-1.432025075,1,-4.047807217,1,1.718709349632263,1,-1.130437136,0,0.5030110478401184,0,0.7198086977005005,0
18.75154877,-4.340127945,1,-16.61788177,1,-38.86181259,1,-1.31800127,1,-3.486477852,1,1.701173424720764,1,-1.126811385,0,0.5027399063110352,0,0.7387217879295349,0
18.75555039,-0.839326739,1,-16.83006477,1,-37.85533142,1,-1.259163857,1,-2.790658712,1,1.679701805114746,1,-1.12409687,0,0.5034239292144775,0,0.7550204992294312,0
18.75954819,4.270745277404785,1,-17.07256317,1,-36.97574234,1,-1.270924568,1,-1.962121964,1,1.601513028144836,1,-1.122828484,0,0.5052387714385986,0,0.7680906057357788,0
18.76355553,10.88507175445557,1,-16.50718117,1,-35.653759,1,-1.367313266,1,-1.070466995,1,1.393151760101318,1,-1.123593926,0,0.5080308318138123,0,0.7773449420928955,0
18.76755714,17.84984016418457,1,-16.59374809,1,-32.3516655,1,-1.483135819,1,-0.047186378,1,1.099111318588257,1,-1.126983166,0,0.5115659832954407,0,0.7821358442306519,0
18.77155495,25.81331253051758,1,-14.73912811,1,-31.32159805,1,-1.489241481,1,0.9512694478034973,1,0.7547290325164795,1,-1.133012056,0,0.5157225728034973,0,0.7820442318916321,0
18.77555466,31.15375328063965,1,-13.36940289,1,-31.87716675,1,-1.416916847,1,1.950940489768982,1,0.3629322052001953,1,-1.141291618,0,0.5202083587646484,0,0.7770891785621643,0
18.77955627,36.58476638793945,1,-12.17957592,1,-34.33833313,1,-1.299433708,1,3.001296281814575,1,-0.054877046,1,-1.229673624,0,0.5340861082077026,0,0.748898447,0
18.78355408,42.20544052124023,1,-12.88700676,1,-34.83261871,1,-1.079100609,1,4.198351860046387,1,-0.414026171,1,-1.242712617,0,0.5379008650779724,0,0.7327495813369751,0
18.78755379,44.46334838867188,1,-11.58375359,1,-34.97106934,1,-0.721284211,1,5.511911392211914,1,-0.813473761,1,-1.257840157,0,0.5417061448097229,0,0.7104068994522095,0
18.79155541,43.74962615966797,1,-8.317364693,1,-36.24675751,1,-0.147562027,1,6.769216537475586,1,-1.372056961,1,-1.274600744,0,0.5448995232582092,0,0.6814690232276917,0
18.79555321,41.53238296508789,1,-10.31882191,1,-37.30104446,1,0.5262649655342102,1,7.939544200897217,1,-1.923228264,1,-1.292080402,0,0.5469418168067932,0,0.6462832689285278,0
18.79955292,32.26467514038086,1,-6.565234184,1,-35.42118835,1,1.000518321990967,1,8.738426208496094,1,-2.703451157,1,-1.310257673,0,0.5470499992370605,0,0.6053828001022339,0
18.80355454,17.98685646057129,1,-3.174526691,1,-30.50211716,1,1.483379364013672,1,8.754375457763672,1,-3.544941902,1,-1.327785969,0,0.5436605215072632,0,0.5621126890182495,0
18.80755234,8.827603340148926,1,-2.209549189,1,-26.61674118,1,1.985952615737915,1,8.769326210021973,1,-4.375235081,1,-1.343463778,0,0.5363972187042236,0,0.5180652141571045,0
18.81155205,5.576366901397705,1,-4.148825169,1,-22.49052238,1,2.275223016738892,1,8.780116081237793,1,-5.090723038,1,-1.357437849,0,0.5255469679832458,0,0.4735369086265564,0
18.81555367,2.696714639663696,1,-5.501801968,1,-19.89841843,1,2.356816769,1,8.783981323242188,1,-5.64547348,1,-1.370287657,0,0.5117223262786865,0,0.4288657605648041,0
18.81955147,-0.980245113,1,-5.903764248,1,-19.04144096,1,2.306983947753906,1,8.785762786865234,1,-6.094695568,1,-1.382447958,0,0.4954397678375244,0,0.3843147754669189,0
18.82355118,-6.335402012,1,-6.634907246,1,-18.44355774,1,2.194858789,1,8.785048484802246,1,-6.374747753,1,-1.394109011,0,0.4772669076919556,0,0.3400996327400208,0
18.8275528,-9.922457695,1,-6.605622768,1,-18.31711578,1,2.043734073638916,1,8.783961296081543,1,-6.550293446,1,-1.405337453,0,0.4577589333057404,0,0.2963820397853851,0
18.8315506,-14.96775532,1,-6.847203255,1,-18.98270988,1,1.882796764373779,1,8.781528472900391,1,-6.638541698,1,-1.416176081,0,0.4372848272323608,0,0.2532464265823364,0
18.83555031,-20.78086662,1,-6.357066631,1,-20.05014229,1,1.746850014,1,8.777060508728027,1,-6.646830559,1,-1.426524282,0,0.4162207245826721,0,0.2107517719268799,0
18.83955193,-26.66723442,1,-5.453944683,1,-21.01436806,1,1.680731058120728,1,8.776129722595215,1,-6.610208511,1,-1.43619442,0,0.3948265910148621,0,0.1689082980155945,0
18.84354973,-32.41043091,1,-4.88902998,1,-22.18636513,1,1.679230332374573,1,8.775453567504883,1,-6.528310299,1,-1.444933176,0,0.3733265697956085,0,0.1276914179325104,0
18.84754944,-36.5925827,1,-5.300587654,1,-22.53510094,1,1.684177875518799,1,8.774154663085938,1,-6.440945148,1,-1.452618599,0,0.3518301844596863,0,0.087051451,0
18.85155106,-38.39004517,1,-5.081405163,1,-22.50784302,1,1.653518319129944,1,8.772722244262695,1,-6.296598911,1,-1.459339619,0,0.3305346965789795,0,0.046957847,0
18.85554886,-37.25247192,1,-4.498408794,1,-21.65855217,1,1.634646892547607,1,8.772730827331543,1,-6.119373798,1,-1.465221524,0,0.3096539378166199,0,0.007378107,0
18.85954857,-35.1375351,1,-4.47589159,1,-20.35738182,1,1.677898526191711,1,8.771749496459961,1,-5.853382111,1,-1.470144868,0,0.2894308567047119,0,-0.031726774,0
18.86355019,-33.64167404,1,-4.592518806,1,-19.01108551,1,1.767933726,1,8.770957946777344,1,-5.556147575,1,-1.473953247,0,0.2701720297336578,0,-0.070391648,0
18.86754799,-32.54761887,1,-5.285123348,1,-17.72856331,1,1.870290040969849,1,8.771661758422852,1,-5.225871563,1,-1.47655046,0,0.2520401179790497,0,-0.108670361,0
18.8715477,-32.33908081,1,-5.45785141,1,-17.07837486,1,1.969460725784302,1,8.772665023803711,1,-4.882207394,1,-1.478001356,0,0.2351795434951782,0,-0.146611705,0
18.87554932,-31.78083038,1,-5.278000355,1,-16.57629395,1,2.072594404220581,1,8.771390914916992,1,-4.550312519,1,-1.478417516,0,0.2196445465087891,0,-0.184258059,0
18.87954712,-31.69713402,1,-4.852748871,1,-15.6321497,1,2.235365152359009,1,8.774016380310059,1,-4.228685856,1,-1.47770834,0,0.2054069191217422,0,-0.221662879,0
18.88355255,-30.79637527,1,-4.725981236,1,-14.42519188,1,2.464102268218994,1,8.776854515075684,1,-3.922077894,1,-1.475675344,0,0.1924718469381332,0,-0.258870184,0
18.88755417,-29.24689484,1,-4.231258392,1,-13.4624548,1,2.741514205932617,1,8.780849456787109,1,-3.625124454,1,-1.472144246,0,0.1808339059352875,0,-0.29592216,0
18.89155197,-28.56885529,1,-3.711956263,1,-12.37351799,1,3.05057168,1,8.785422325134277,1,-3.355686665,1,-1.467024207,0,0.1704892069101334,0,-0.332850337,0
18.89555168,-29.66297722,1,-3.654364586,1,-10.73502922,1,3.426770448684692,1,8.791599273681641,1,-3.137249708,1,-1.460172653,0,0.1613524854183197,0,-0.369693637,0
18.89955521,-30.52055359,1,-3.270070791,1,-8.992215157,1,3.840888500213623,1,8.799674987792969,1,-3.02363348,1,-1.451404452,0,0.153176412,0,-0.406505525,0
18.9035511,-30.40848351,1,-2.600999594,1,-7.941124439,1,4.235751628875732,1,8.807816505432129,1,-3.026416779,1,-1.440725327,0,0.1455907672643661,0,-0.443355501,0
18.90755081,-29.82840157,1,-2.318181515,1,-7.071407795,1,4.569250106811523,1,8.816158294677734,1,-3.163003922,1,-1.42830956,0,0.138142318,0,-0.480324715,0
18.91155434,-28.66773224,1,-2.298063278,1,-6.496906281,1,4.806228160858154,1,8.822816848754883,1,-3.389413595,1,-1.414513707,0,0.1304498463869095,0,-0.517489374,0
18.91555214,-27.06286621,1,-2.862268686,1,-5.918795586,1,4.985170841217041,1,8.827238082885742,1,-3.622685909,1,-1.399628639,0,0.1223743930459023,0,-0.554895639,0
18.91955185,-24.66046715,1,-3.428766012,1,-5.116314411,1,5.120193481445313,1,8.831262588500977,1,-3.895044327,1,-1.383848906,0,0.1138712391257286,0,-0.592586279,0
18.92355347,-22.9400444,1,-4.160047054,1,-5.023894787,1,5.189058303833008,1,8.834595680236816,1,-4.198573589,1,-1.367359877,0,0.1048586964607239,0,-0.630610824,0
18.92755127,-21.22528648,1,1.152262926101685,1,-7.504021168,1,5.195586681365967,1,8.837353706359863,1,-4.641618252,1,-1.350446582,0,0.095084019,0,-0.669060409,0
18.93155098,-20.52032852,1,3.337841272354126,1,-9.777103424,1,5.215779304504395,1,8.841236114501953,1,-5.214132309,1,-1.333110332,0,0.08389093,0,-0.708133399,0
18.9355526,-22.48290634,1,4.360855579376221,1,-9.82816124,1,5.259639739990234,1,8.845043182373047,1,-5.675662041,1,-1.315297008,0,0.071369722,0,-0.7478773,0
18.9395504,-24.87898827,1,8.883326530456543,1,-10.81271744,1,5.503494739532471,1,8.852194786071777,1,-6.129874229,1,-1.29643631,0,0.057873216,0,-0.788293123,0
18.94355011,-29.1627388,1,10.83413410186768,1,-10.2957859,1,5.959413528442383,1,8.864724159240723,1,-6.611165524,1,-1.275629044,0,0.043363541,0,-0.829508424,0
18.94755173,-33.0741272,1,12.45206642150879,1,-10.5438633,1,6.412391185760498,1,8.877006530761719,1,-7.081653595,1,-1.252373695,0,0.027975067,0,-0.871627152,0
18.95154953,-36.07009888,1,12.12977695465088,1,-10.18257427,1,6.780952930450439,1,8.887230873,1,-7.567018986,1,-1.226780772,0,0.011821754,0,-0.914759874,0
18.95554924,-36.66693497,1,10.60997486114502,1,-10.57549381,1,7.050003528594971,1,8.896175384521484,1,-8.001414299,1,-1.199205399,0,-0.004901369,0,-0.95898205,0
18.95955086,-37.8371582,1,7.824520111083984,1,-10.89126682,1,6.983839511871338,1,8.896558762,1,-8.351896286,1,-1.170398116,0,-0.02182785,0,-1.004275084,0
18.96354866,-36.68062973,1,2.923340797424316,1,-11.82150173,1,6.607588768005371,1,8.888650894165039,1,-8.506249428,1,-1.141756177,0,-0.038427871,0,-1.050471902,0
18.96754837,-37.10555649,1,-1.633341193,1,-13.57614326,1,5.921596527099609,1,8.874990463256836,1,-8.486404419,1,-1.11447525,0,-0.053949509,0,-1.097202539,0
18.97154999,-38.8511734,1,-5.184585094,1,-15.0614109,1,5.031577587127686,1,8.854376792907715,1,-8.291517258,1,-1.0896734,0,-0.067880832,0,-1.144092083,0
18.97554779,-41.68598557,1,-6.003592968,1,-17.35310555,1,4.069911479949951,1,8.834790229797363,1,-8.018283844,1,-1.068004847,0,-0.079913057,0,-1.190810919,0
18.9795475,-46.41559219,1,-5.151063442,1,-19.29819298,1,3.174071788787842,1,8.737223625183105,1,-7.723210335,1,-1.049609661,0,-0.090103544,0,-1.237109303,0
18.98354912,-52.39310837,1,-2.945308208,1,-21.05752182,1,2.439262152,1,8.526845932006836,1,-7.421119213,1,-1.034160495,0,-0.098836958,0,-1.282361388,0
18.98754692,-57.59725189,1,-0.242451429,1,-22.60458374,1,1.939091086387634,1,8.490216255187988,1,-7.115951538,1,-1.020895839,0,-0.106183469,0,-1.32675612,0
18.99154663,-61.56053925,1,2.423369169235229,1,-23.08113098,1,1.651943683624268,1,8.524495124816895,1,-6.796549797,1,-1.008997798,0,-0.111833662,0,-1.370583296,0
18.99554825,-64.19966125,1,4.020823001861572,1,-22.32104301,1,1.576578140258789,1,8.679434776306152,1,-6.458683014,1,-0.997653604,0,-0.115711108,0,-1.414130449,0
18.99954605,-65.26422882,1,5.893438339233398,1,-21.38911819,1,1.726094365119934,1,8.713028907775879,1,-6.099635601,1,-0.986069322,0,-0.117680967,0,-1.457319021,0
19.00355148,-67.2822876,1,9.465694427490234,1,-20.24876022,1,2.060210227966309,1,8.573907852172852,1,-5.686797619,1,-0.973573923,0,-0.117979497,0,-1.499503016,0
19.0075531,-71.62412262,1,12.68881034851074,1,-18.4582119,1,2.479338645935059,1,8.324579238891602,1,-5.270161152,1,-0.959744394,0,-0.116799705,0,-1.540072322,0
19.0115509,-76.92432404,1,18.88829231262207,1,-14.56847668,1,3.040911436080933,1,7.911231041,1,-4.810709953,1,-0.944284022,0,-0.114462689,0,-1.578457594,0
19.01555061,-79.35261536,1,15.47592926025391,1,-7.766561508,1,3.533000946044922,1,7.794600963592529,1,-4.107654572,1,-0.92703408,0,-0.110218033,0,-1.614555955,0
19.01955223,-75.73883057,1,7.162222862243652,1,0.2001408040523529,1,3.523554086685181,1,7.461091995239258,1,-3.228780031,1,-0.90916574,0,-0.103336126,0,-1.648026228,0
19.02355003,-67.49924469,1,-1.704047441,1,8.768024444580078,1,2.939960003,1,6.820699214935303,1,-2.026715279,1,-0.893213034,0,-0.093869947,0,-1.677193046,0
19.02754974,-58.88890457,1,-7.229166031,1,16.10931396484375,1,1.939586162567139,1,5.860446453094482,1,-0.63617599,1,-0.881391764,0,-0.081947707,0,-1.700365067,0
19.03155136,-49.70719147,1,1.661750197410583,1,17.54569244384766,1,1.235548138618469,1,4.547502994537354,1,0.498078316,1,-0.951263845,0,-0.124908656,0,-1.661978483,0
19.03554916,-51.07666016,1,20.25835227966309,1,14.91182422637939,1,1.277077913284302,1,3.118101119995117,1,1.162090539932251,1,-0.945136726,0,-0.113265701,0,-1.672397733,0
19.03954697,-60.90808487,1,28.53451347351074,1,12.77661228179932,1,1.776081085205078,1,2.366747856140137,1,1.497855186462402,1,-0.938493073,0,-0.102544181,0,-1.678022265,0
19.04354858,-64.44392395,1,28.36691093444824,1,11.07085037231445,1,2.396008253097534,1,1.881638765335083,1,1.641063213348389,1,-0.929823995,0,-0.092408843,0,-1.681134462,0
19.04754639,-62.36761475,1,22.46914291381836,1,12.26919555664063,1,2.7697649,1,1.385365367,1,1.619756817817688,1,-0.91928196,0,-0.08326944,0,-1.68241775,0
19.051548,-58.4005661,1,15.65454102,1,11.71896648406982,1,2.679552078,1,0.7900766730308533,1,1.612022280693054,1,-0.908274591,0,-0.075473353,0,-1.68193984,0
19.05554962,-57.10664368,1,10.04918193817139,1,11.63906478881836,1,2.031884193,1,0.2042535543441772,1,1.626116394996643,1,-0.89888835,0,-0.069163077,0,-1.67948544,0
19.05954742,-54.14757919,1,7.402279853820801,1,11.23700141906738,1,0.9514238834381104,1,-0.421279997,1,1.647585988044739,1,-0.893145263,0,-0.064295329,0,-1.675077558,0
19.06354523,-49.59273529,1,5.861311435699463,1,10.52745342254639,1,-0.342539668,1,-1.16406548,1,1.69711709,1,-0.892337859,0,-0.061046958,0,-1.66844368,0
19.06754684,-47.88497162,1,7.124257564544678,1,9.625435829162598,1,-1.520831943,1,-1.967314959,1,1.809012174606323,1,-0.89668566,0,-0.059531018,0,-1.659135222,0
19.07154465,-46.3050499,1,7.717515945,1,7.569699764251709,1,-2.350121021,1,-2.751818895,1,1.971485853,1,-0.905219257,0,-0.059479885,0,-1.647031069,0
19.07554627,-44.24328613,1,8.212803840637207,1,5.203423023223877,1,-2.822595835,1,-3.410408735,1,2.149971008300781,1,-0.916542172,0,-0.0605281,0,-1.632189989,0
19.07954979,-40.79456711,1,6.527973175048828,1,3.306754112243652,1,-2.980207205,1,-3.947282076,1,2.315540552139282,1,-0.929270506,0,-0.062296405,0,-1.615004063,0
19.08354569,-36.2573204,1,5.619359970092773,1,1.763174772262573,1,-2.890291691,1,-4.365071774,1,2.36339283,1,-0.942257822,0,-0.064623713,0,-1.595992684,0
19.0875473,-31.7801342,1,4.157441616,1,1.665620327,1,-2.654393673,1,-4.673172951,1,2.330249309539795,1,-0.954675794,0,-0.067505687,0,-1.575733304,0
19.09154892,39.03833770751953,1,-1.347252846,1,-35.89461517,1,-2.156565666,1,-5.688723087,1,2.436255455,1,-0.966308534,0,-0.071274839,0,-1.553459167,0
19.09554672,5.859433174133301,1,17.34717178344727,1,2.112314224243164,1,0.8843986988067627,1,-6.560150146,1,2.730728387832642,1,-0.970086694,0,-0.077913143,0,-1.527644753,0
19.09954643,-9.735348701,1,-57.16112518,1,0.07065516,1,-3.583091974,1,-6.07596159,1,2.796106576919556,1,-0.977907479,0,-0.082540058,0,-1.499588966,0
19.10354805,62.41278457641602,1,-92.95284271,1,-15.65087509,1,-5.058299541,1,-7.574491501,1,4.766981125,1,-0.996694744,0,-0.084321819,0,-1.470504761,0
19.10754585,88.97745513916016,1,-122.7607956,1,-33.35288239,1,-8.625741005,1,-8.939685822,1,8.166008949279785,1,-1.029549241,0,-0.080868199,0,-1.427740693,0
19.11154556,18.76827812194824,1,-127.5048218,1,-95.13106537,1,-8.627605438,1,-8.942970276,1,8.614853858947754,1,-1.067673206,0,-0.069229603,0,-1.379650593,0
19.11554718,-130.3832397,1,-28.79363823,1,-53.4833107,1,-8.62678051,1,-8.941509247,1,8.614978790283203,1,-1.105161667,0,-0.055390399,0,-1.33186543,0
19.11954498,-166.5417328,1,25.01190376281738,1,14.10862827301025,1,-8.626995087,1,-8.941979408,1,8.614573479,1,-1.141919494,0,-0.039789625,0,-1.284663558,0
19.12354851,-122.2096863,1,69.99337005615234,1,-39.58392715,1,-8.599710464,1,-8.917002678,1,3.814425468444824,1,-1.1778512,0,-0.028165815,0,-1.240550399,0
19.12755013,-184.0098419,1,112.3433532714844,1,-99.17858887,1,-8.269364357,1,-5.672263622,1,0.8168970942497253,1,-1.212172866,0,-0.033365447,0,-1.208443761,0
19.13154984,-84.08154297,1,194.6282501220703,1,-6.97862196,1,-2.73168087,1,-1.068563342,1,1.679667949676514,1,-1.237168312,0,-0.031257264,0,-1.196678877,0
19.13554955,51.15866088867188,1,83.90756225585938,1,-6.272075653,1,0.3780604004859924,1,-3.402047873,1,2.536444664001465,1,-1.240741849,0,-0.027844243,0,-1.184350252,0
19.13955116,28.55644607543945,1,-30.95467567,1,-23.35330009,1,1.126044750213623,1,-2.493411541,1,2.397983074188232,1,-1.237031937,0,-0.021270836,0,-1.169188857,0
19.14354897,-57.36442184,1,-92.30051422,1,13.54330348968506,1,-0.881532729,1,-1.725624442,1,0.7803128957748413,1,-1.236842394,0,-0.017768394,0,-1.160086632,0
19.14754868,-46.34553528,1,-23.32221794,1,18.07496643066406,1,-1.596327424,1,-1.150069356,1,0.6663064956665039,1,-1.242020726,0,-0.018068463,0,-1.15329814,0
19.15155029,-7.082328796,1,46.80232620239258,1,-28.83660889,1,-0.7969836,1,-0.477211624,1,1.531651616096497,1,-1.247298121,0,-0.014597873,0,-1.148984194,0
19.1555481,13.82651805877686,1,23.62391090393066,1,-12.82098866,1,0.052548207,1,-1.016739845,1,1.310470938682556,1,-1.248724461,0,-0.009980457,0,-1.144543052,0
19.15954781,-23.67922974,1,-26.15875816,1,-18.2667675,1,0.1800703257322311,1,-1.142348766,1,0.9272614121437073,1,-1.247982144,0,-0.007002471,0,-1.138945103,0
19.16354942,0.9364453554153442,1,-27.01194382,1,-12.97346115,1,-0.49826476,1,-1.31098783,1,1.140128374099731,1,-1.248876691,0,-0.00493603,0,-1.133246422,0
19.16754723,4.941445350646973,1,2.393921852111816,1,-19.18488884,1,-0.348887295,1,-1.597769141,1,1.556051731109619,1,-1.250717759,0,-0.001530409,0,-1.125900507,0
19.17154503,-1.453226209,1,9.47514534,1,-17.94308662,1,0.017165858,1,-1.744860291,1,1.281413793563843,1,-1.251341581,0,0.001933934,0,-1.117741227,0
19.17554855,-9.114182472,1,10.20255947113037,1,-12.61938095,1,0.4105024337768555,1,-2.019523621,1,1.050148606300354,1,-1.250533104,0,0.003853897,0,-1.109113812,0
19.17954636,-12.4410677,1,-0.047552947,1,-10.91813946,1,0.7169193029403687,1,-2.006848335,1,1.125320792198181,1,-1.248131633,0,0.005464044,0,-1.100090146,0
19.18354607,-7.652226925,1,-16.6189785,1,-6.307791233,1,0.465505838,1,-1.9627527,1,1.222864151000977,1,-1.245596051,0,0.007332033,0,-1.091078043,0
19.18754768,-3.812972069,1,-19.60754585,1,-7.108650208,1,0.022509813,1,-1.828876495,1,1.676735639572144,1,-1.244591475,0,0.010357267,0,-1.082046747,0
19.19154549,-5.842551231,1,-8.318642616,1,-7.587079525,1,-0.087957658,1,-1.758993745,1,1.729707479476929,1,-1.244666219,0,0.01464768,0,-1.073029518,0
19.1955452,-4.753657818,1,9.163516044616699,1,-14.01529217,1,0.067086168,1,-1.803914428,1,1.600479245185852,1,-1.24460113,0,0.01870485,0,-1.064231873,0
19.19954681,-3.19066,1,6.789252758026123,1,-16.76998901,1,0.4127461016178131,1,-2.227622986,1,1.416997194290161,1,-1.243466735,0,0.021867229,0,-1.054690123,0
19.20354462,-4.312420845,1,-5.984179974,1,-16.61142349,1,0.3395290970802307,1,-2.78984046,1,1.370458602905273,1,-1.241556883,0,0.023860306,0,-1.0434376,0
19.20754433,-5.838925362,1,-8.02867794,1,-17.20723724,1,0.064499348,1,-3.300781727,1,1.420608520507813,1,-1.240375996,0,0.025135063,0,-1.030073881,0
19.21154594,-3.935115337,1,-4.525328159,1,-20.85931778,1,-0.223986447,1,-3.817575216,1,1.436894894,1,-1.240387559,0,0.02596527,0,-1.014724016,0
19.21554375,1.592272400856018,1,-0.090528421,1,-23.34088135,1,-0.295679629,1,-4.403058052,1,1.373602867126465,1,-1.241012931,0,0.026009956,0,-0.997380495,0
19.21954346,0.028248454,1,0.5591720342636108,1,-26.59499168,1,-0.126315773,1,-5.12537241,1,1.268258333206177,1,-1.241344094,0,0.024780633,0,-0.977629244,0
19.22354507,1.613475084,1,-1.811868668,1,-23.2103405,1,-0.273163617,1,-5.953424931,1,1.401185750961304,1,-1.241535068,0,0.022713827,0,-0.95504719,0
19.22754288,-2.159377575,1,-7.089920521,1,-27.51922226,1,-0.481131941,1,-6.850397587,1,1.452865600585938,1,-1.242536306,0,0.019815726,0,-0.928882301,0
19.23154259,5.027792453765869,1,-8.681818008,1,-28.87973976,1,-0.553690434,1,-7.683802128,1,1.599661111831665,1,-1.244080544,0,0.016246257,0,-0.899484694,0
19.23554421,6.714223384857178,1,-10.57352257,1,-28.67682457,1,-0.558381021,1,-8.643958092,1,1.841700553894043,1,-1.245866299,0,0.012254932,0,-0.866326272,0
19.23954201,9.272933959960938,1,-11.21950817,1,-27.40950203,1,-0.477041513,1,-8.735466003,1,2.133539199829102,1,-1.247576475,0,0.008679351,0,-0.830762029,0
19.24354935,10.18376445770264,1,-10.86592388,1,-28.11103439,1,-0.383292377,1,-8.736041069,1,2.377596855163574,1,-1.24902916,0,0.006171355,0,-0.79475987,0
19.24755096,12.58718109130859,1,-9.743899345,1,-28.03695297,1,-0.214931801,1,-8.734264374,1,2.706442832946777,1,-1.250017881,0,0.004747588,0,-0.758413851,0
19.25154877,12.61366939544678,1,-9.117342949,1,-28.49020195,1,-0.151905417,1,-8.735219955,1,3.219050645828247,1,-1.250497222,0,0.004951229,0,-0.721535861,0
19.25554848,5.174144268035889,1,-9.866723061,1,-26.60454369,1,-0.153325424,1,-8.737214088,1,3.604527473449707,1,-1.251057982,0,0.007015673,0,-0.684033275,0
19.2595501,3.169649124145508,1,-6.876643181,1,-23.32712746,1,0.068101205,1,-8.734978676,1,3.889596223831177,1,-1.25086236,0,0.010219543,0,-0.646161675,0
19.2635479,1.727233648300171,1,-4.01457262,1,-24.55506516,1,0.5129284858703613,1,-8.726969719,1,4.281804084777832,1,-1.249294043,0,0.01469054,0,-0.607874513,0
19.26754761,-12.21359539,1,1.269428133964539,1,-20.46586609,1,0.9499194622039795,1,-8.720496178,1,4.551908016204834,1,-1.245711207,0,0.020443268,0,-0.569140613,0
19.27154923,-21.43902779,1,6.919652938842773,1,-21.02318573,1,1.648425817489624,1,-8.705872536,1,4.601404190063477,1,-1.239638805,0,0.026638262,0,-0.530206025,0
19.27554703,-31.85819244,1,6.969293594360352,1,-20.42878151,1,2.470577239990234,1,-8.686541557,1,4.381172657012939,1,-1.23033917,0,0.032072917,0,-0.491456151,0
19.27954674,-45.84770584,1,5.796924591064453,1,-16.22534943,1,3.459870338439941,1,-8.665210724,1,4.239905357,1,-1.22045207,0,0.075406238,0,-0.547522783,0
19.28354836,-60.31659317,1,0.6712031364440918,1,-13.51446915,1,3.981095076,1,-8.658135414,1,4.721260547637939,1,-1.202363968,0,0.080258839,0,-0.508574843,0
19.28754616,-70.6891861,1,-3.752279043,1,-9.611914635,1,4.223814487457275,1,-8.653025627,1,4.609186649,1,-1.182570696,0,0.084311374,0,-0.46958527,0
19.29154587,-79.65898895,1,-6.140426636,1,-11.02630138,1,4.110327243804932,1,-8.656250954,1,4.860963821411133,1,-1.162405491,0,0.088778205,0,-0.429998159,0
19.29554749,-75.78620148,1,-7.428750515,1,-7.942914486,1,3.933275223,1,-8.658478737,1,4.528919219970703,1,-1.142896414,0,0.091706499,0,-0.390642941,0
19.29954529,-58.65731812,1,-4.625974655,1,2.668350458145142,1,3.778153896331787,1,-7.771176338,1,4.401637554168701,1,-1.124007463,0,0.093764402,0,-0.35244,0
19.303545,-35.52623749,1,-13.38400841,1,6.598142147064209,1,3.120762825012207,1,-6.019008636,1,3.855239868164063,1,-1.106756926,0,0.096447416,0,-0.320279121,0
19.30754471,-20.45343208,1,-18.42614365,1,16.86449241638184,1,1.661681771278381,1,-5.016115189,1,3.522442102432251,1,-1.094897628,0,0.099557146,0,-0.294585139,0
19.31154442,-77.33021545,1,-15.69867039,1,5.757505893707275,1,0.7276825904846191,1,-4.133900166,1,3.350998163223267,1,-1.087421894,0,0.1031103283166885,0,-0.270320058,0
19.31554413,-62.93807602,1,-24.27696609,1,-8.707314491,1,-1.179682374,1,-1.869834781,1,2.977804422,1,-1.086717367,0,0.1088087856769562,0,-0.254148602,0
19.31954384,-29.03808594,1,-15.86334705,1,-6.909123898,1,-2.712337494,1,-0.968185663,1,3.044250726699829,1,-1.093460679,0,0.1170977652072906,0,-0.244056597,0
19.32354164,-14.44193459,1,-8.420265198,1,-7.197035789,1,-3.407409668,1,-1.783826709,1,3.155426740646362,1,-1.104643583,0,0.1257254779338837,0,-0.233616859,0
19.32754135,-12.19359112,1,-4.265158653,1,-8.75894165,1,-3.714405537,1,-2.958202839,1,3.575238704681396,1,-1.117048264,0,0.1335015445947647,0,-0.219101056,0
19.33154297,-13.08019352,1,2.032374143600464,1,-9.874158859,1,-3.733941793,1,-4.203064919,1,4.179358005523682,1,-1.129371166,0,0.1412834525108337,0,-0.19931908,0
19.33554077,-15.92341709,1,0.9271037578582764,1,-11.78500557,1,-3.184866428,1,-5.224389076,1,4.609523773193359,1,-1.139681816,0,0.149387002,0,-0.174465463,0
19.33954048,-21.11067772,1,5.608267784118652,1,-13.61005592,1,-2.446012259,1,-5.982275486,1,4.775002002716064,1,-1.146607518,0,0.1571228802204132,0,-0.145838067,0
19.3435421,-26.88231277,1,6.120284557342529,1,-13.20831776,1,-1.485270858,1,-6.347706795,1,4.920293807983398,1,-1.14954114,0,0.1646655797958374,0,-0.114895962,0
19.3475399,-32.89173508,1,3.018900394439697,1,-14.09404469,1,-0.524864495,1,-6.307404995,1,5.034664154052734,1,-1.148198724,0,0.1724472194910049,0,-0.083108358,0
19.35153961,-36.92264175,1,-1.046549439,1,-15.62561226,1,0.2258033901453018,1,-5.98954916,1,5.106147766113281,1,-1.143250227,0,0.1807695627212524,0,-0.051805142,0
19.35554123,-38.21071243,1,-5.505390644,1,-17.22749901,1,0.7192516922950745,1,-5.545660973,1,5.141924858093262,1,-1.135737896,0,0.1897640526294708,0,-0.021746632,0
19.35953903,-38.08356094,1,-9.993027687,1,-18.74173546,1,0.9731824994087219,1,-5.097109795,1,5.146915435791016,1,-1.126785278,0,0.1993412375450134,0,0.006790664,0
19.36353874,-37.4838562,1,-13.2910099,1,-20.03117371,1,0.9968782663345337,1,-4.732773781,1,5.170076847076416,1,-1.117292047,0,0.2094016075134277,0,0.033990156,0
19.36754608,-36.76623917,1,-15.55660248,1,-21.0925045,1,0.8872493505477905,1,-4.464591026,1,5.196232318878174,1,-1.10789299,0,0.2198762446641922,0,0.060237471,0
19.37155151,-35.70262527,1,-17.29985809,1,-21.78746414,1,0.699187696,1,-4.299796581,1,5.230309009552002,1,-1.098980546,0,0.2306109219789505,0,0.085910834,0
19.37555122,-34.67210007,1,-18.92952538,1,-22.15192795,1,0.4614653289318085,1,-4.237440109,1,5.248149871826172,1,-1.0906986,0,0.2414216697216034,0,0.1113798245787621,0
19.37955284,-33.808815,1,-20.01073074,1,-22.26853561,1,0.189954013,1,-4.259127617,1,5.235829353,1,-1.083147645,0,0.2520906031131744,0,0.1369249820709229,0
19.38355064,-33.13850021,1,-20.38997841,1,-22.38844681,1,-0.107824832,1,-4.34705925,1,5.212681770324707,1,-1.076414585,0,0.2624144852161407,0,0.1627936065196991,0
19.38755035,-32.41952896,1,-20.66823769,1,-22.85914421,1,-0.390152305,1,-4.481756687,1,5.155822277069092,1,-1.070420623,0,0.2722054123878479,0,0.1891673803329468,0
19.39155197,-31.34195328,1,-20.76687241,1,-22.78792381,1,-0.629675031,1,-4.655836582,1,5.089350700378418,1,-1.065114617,0,0.2813571095466614,0,0.2160585224628448,0
19.39554977,-30.16653633,1,-21.01887512,1,-23.01909447,1,-0.840861917,1,-4.861243248,1,5.029775142669678,1,-1.060299039,0,0.2897824943065643,0,0.2436635047197342,0
19.39954948,-28.51476288,1,-20.4245739,1,-23.22932816,1,-1.022875547,1,-5.117127419,1,4.967011929,1,-1.055840135,0,0.297447681,0,0.2720362544059753,0
19.4035511,-29.54179382,1,-19.89050102,1,-23.83468628,1,-1.161122084,1,-5.328306675,1,4.882788658,1,-1.051492572,0,0.3041971325874329,0,0.3013125061988831,0
19.4075489,-28.60173035,1,-19.21508789,1,-24.07580757,1,-1.2402668,1,-5.521425724,1,4.766774654388428,1,-1.047289014,0,0.3101285696029663,0,0.3311336636543274,0
19.41154862,-29.2788372,1,-18.75323868,1,-24.57772446,1,-1.244601965,1,-5.709846973,1,4.648532867431641,1,-1.042929292,0,0.3151443600654602,0,0.3615275621414185,0
19.41555023,-28.56896591,1,-17.89467812,1,-24.88017082,1,-1.199496746,1,-5.802517414,1,4.471315383911133,1,-1.038261414,0,0.3192135095596313,0,0.3921421468257904,0
19.41954804,-28.49689674,1,-17.33752823,1,-25.3276577,1,-1.125403643,1,-5.879612923,1,4.296890735626221,1,-1.033261657,0,0.3223907947540283,0,0.4227665662765503,0
19.42354775,-28.39182281,1,-17.47540092,1,-25.68784332,1,-1.041257143,1,-5.893757343,1,4.101424217224121,1,-1.027918339,0,0.3246768116950989,0,0.4531880915164948,0
19.42754936,-27.66153908,1,-18.15045738,1,-25.98602295,1,-1.004363537,1,-5.865457058,1,3.910532236099243,1,-1.022407413,0,0.3261758983135223,0,0.4831798672676086,0
19.43154717,-26.05717468,1,-18.97705269,1,-26.33840942,1,-1.011871576,1,-5.884008408,1,3.724320888519287,1,-1.016944289,0,0.326865941,0,0.5127493143081665,0
19.43554688,-24.77197266,1,-19.51147461,1,-26.75382805,1,-1.101203442,1,-5.894637585,1,3.550710916519165,1,-1.01177752,0,0.326790065,0,0.5419745445251465,0
19.43954849,-23.94244576,1,-19.78306198,1,-27.12053108,1,-1.233533978,1,-5.884522438,1,3.389296293258667,1,-1.007167459,0,0.3259763121604919,0,0.5708494186401367,0
19.4435463,-22.81921196,1,-19.8347435,1,-27.17788887,1,-1.374818206,1,-5.851240635,1,3.201127052307129,1,-1.003316164,0,0.3245371580123901,0,0.5992218852043152,0
19.44754601,-21.72035599,1,-20.17956352,1,-27.91967773,1,-1.548144221,1,-5.787923336,1,2.999599456787109,1,-1.000353575,0,0.3224621117115021,0,0.6269401907920837,0
19.45154762,-20.07494926,1,-19.89831924,1,-28.40876961,1,-1.765347481,1,-5.703245163,1,2.776974916,1,-0.998453438,0,0.3197522759437561,0,0.6539102792739868,0
19.45554543,-18.69509125,1,-19.63242722,1,-28.92546272,1,-1.971106291,1,-5.606217861,1,2.552825212478638,1,-0.997753024,0,0.3164384365081787,0,0.6800219416618347,0
19.45954514,-17.36696053,1,-18.93047523,1,-29.65269089,1,-2.177151442,1,-5.468025684,1,2.311808586120605,1,-0.998250484,0,0.3125967979431152,0,0.7051621079444885,0
19.46354675,-16.44487572,1,-18.1298542,1,-30.2700386,1,-2.323302269,1,-5.267711639,1,2.062339305877686,1,-0.999942899,0,0.308319628,0,0.729100764,0
19.46754456,-15.67537403,1,-17.2077198,1,-30.94896317,1,-2.396924257,1,-5.005511284,1,1.820123314857483,1,-1.002580404,0,0.303737998,0,0.7516652345657349,0
19.47154427,-14.63789845,1,-16.47105217,1,-31.53892899,1,-2.424524307,1,-4.673803329,1,1.552603602409363,1,-1.006051898,0,0.2990477085113525,0,0.7725545763969421,0
19.47554588,-13.77613735,1,-15.43448925,1,-32.25422287,1,-2.395731449,1,-4.273748398,1,1.294070601463318,1,-1.010130048,0,0.2942957580089569,0,0.791577935,0
19.47954369,-12.09979916,1,-14.81114197,1,-32.47745895,1,-2.31049633,1,-3.799817562,1,1.053810834884644,1,-1.014683962,0,0.2897033393383026,0,0.808485746,0
19.4835434,-9.788516998,1,-14.33501244,1,-32.10364151,1,-2.20921731,1,-3.246348381,1,0.837471604,1,-1.019575953,0,0.2855051457881927,0,0.8230862021446228,0
19.48755074,-6.679834366,1,-14.7985487,1,-31.1679554,1,-2.148513556,1,-2.58531785,1,0.645612359,1,-1.02490449,0,0.2819454967975616,0,0.8350944519042969,0
19.49155617,-2.390045404,1,-15.59925747,1,-29.86380577,1,-2.185128689,1,-1.850651741,1,0.4649850428104401,1,-1.031024933,0,0.279260516,0,0.8442109823226929,0
19.49555588,3.181509017944336,1,-15.29369068,1,-28.31502724,1,-2.311757088,1,-1.089839935,1,0.246949166,1,-1.03834188,0,0.2774876356124878,0,0.8502476811408997,0
19.4995575,9.289820671081543,1,-14.51816845,1,-25.51785851,1,-2.471892118,1,-0.317163736,1,0.004132826,1,-1.047148228,0,0.2764897048473358,0,0.853039026,0
19.5035553,14.51268387,1,-14.06736088,1,-22.10592079,1,-2.572629929,1,0.5233972072601318,1,-0.201025248,1,-1.05742836,0,0.2763327360153198,0,0.8524602651596069,0
19.50755501,20.32299232,1,-12.41580582,1,-20.63144875,1,-2.58742857,1,1.337458491325378,1,-0.384062141,1,-1.068846464,0,0.2771104276180267,0,0.8484593629837036,0
19.51155663,25.97863006591797,1,-11.47198105,1,-19.86306381,1,-2.606919289,1,2.099140644073486,1,-0.510153115,1,-1.081210375,0,0.2787909507751465,0,0.8412861824035645,0
19.51555443,32.28020858764648,1,-9.891624451,1,-20.40915489,1,-2.580403328,1,2.837496280670166,1,-0.591232479,1,-1.094429731,0,0.2814024090766907,0,0.831106424,0
19.51955414,36.91319656,1,-8.041828156,1,-20.4619236,1,-2.388667345,1,3.577728748321533,1,-0.608958781,1,-1.108073354,0,0.2850379943847656,0,0.8180878758430481,0
19.52355576,38.22959518432617,1,-4.729222298,1,-20.54714584,1,-1.867561936,1,4.397366046905518,1,-0.616157353,1,-1.121219277,0,0.2898813486099243,0,0.80204016,0
19.52755356,31.42070198059082,1,-3.527173042,1,-20.23036385,1,-1.175100803,1,5.408305644989014,1,-0.710801303,1,-1.132974386,0,0.2958919405937195,0,0.7824553251266479,0
19.53155136,26.02261161804199,1,-2.939050198,1,-17.6898632,1,-0.436966509,1,6.696682453155518,1,-0.933657825,1,-1.1696316,0,0.2990207672119141,0,0.6908441781997681,0
19.53555298,25.21123886108398,1,-2.463511229,1,-17.05459595,1,0.3718813955783844,1,7.853805065155029,1,-1.25425005,1,-1.178668857,0,0.3062838315963745,0,0.6609013080596924,0
19.53955078,18.85223579406738,1,-1.788952827,1,-15.63288975,1,0.987806499,1,8.731090545654297,1,-1.747376084,1,-1.186483979,0,0.3133627772331238,0,0.6261500716209412,0
19.54355049,13.66387462615967,1,-0.257788837,1,-13.27968121,1,1.468910098075867,1,8.746313095092773,1,-2.305984974,1,-1.193147063,0,0.3188359141349792,0,0.5888360738754272,0
19.54755211,12.23569965362549,1,0.6729605793952942,1,-11.16575336,1,1.894809007644653,1,8.758762359619141,1,-2.860513687,1,-1.198493004,0,0.3220498263835907,0,0.5505282878875732,0
19.55154991,10.42532444000244,1,-0.003299754,1,-9.728830338,1,2.281133890151978,1,8.769952774047852,1,-3.423527956,1,-1.202576518,0,0.3230240345001221,0,0.5112795233726501,0
19.55554962,7.488150119781494,1,-0.74331516,1,-9.685938835,1,2.572801113128662,1,8.778957366943359,1,-3.963288784,1,-1.205556154,0,0.3218091726303101,0,0.471148819,0
19.55955124,4.122831344604492,1,-1.790627956,1,-9.841754913,1,2.702436685562134,1,8.784266471862793,1,-4.450507641,1,-1.207853556,0,0.3185534775257111,0,0.4302374124526978,0
19.56354904,0.5051810741424561,1,-2.621175528,1,-10.64533329,1,2.743020057678223,1,8.787721633911133,1,-4.828074455,1,-1.209832668,0,0.3136171102523804,0,0.3887344598770142,0
19.56754875,-2.706011057,1,-3.899009943,1,-11.28252506,1,2.730833053588867,1,8.788705825805664,1,-5.100660324,1,-1.211676717,0,0.3074055910110474,0,0.3468335866928101,0
19.57155037,-6.815843105,1,-4.755093098,1,-12.15738869,1,2.682190895080566,1,8.788902282714844,1,-5.309924603,1,-1.213433385,0,0.3002102375030518,0,0.304670513,0
19.57554817,-9.885751724,1,-5.753645897,1,-13.06395245,1,2.565528154373169,1,8.787487030029297,1,-5.45121336,1,-1.215273023,0,0.2922831177711487,0,0.2623659670352936,0
19.57954788,-13.31690693,1,-5.847729206,1,-13.78641224,1,2.428125143051147,1,8.784356117248535,1,-5.541152,1,-1.217315316,0,0.2838531732559204,0,0.2200280725955963,0
19.5835495,-16.38850212,1,-4.912872314,1,-14.84352779,1,2.328195810317993,1,8.782350540161133,1,-5.607292652,1,-1.219494462,0,0.275050938,0,0.1777184754610062,0
19.5875473,-19.0975647,1,-4.105031967,1,-15.33741665,1,2.281811952590942,1,8.783252716064453,1,-5.653835773,1,-1.221588135,0,0.2659392058849335,0,0.135452539,0
19.59154701,-20.6287117,1,-4.082222939,1,-15.68583298,1,2.284682989120483,1,8.783542633056641,1,-5.652075768,1,-1.223344564,0,0.2566732466220856,0,0.093282022,0
19.59554863,-20.97850227,1,-4.466597557,1,-15.76632595,1,2.289983749389648,1,8.781999588012695,1,-5.628248692,1,-1.224670887,0,0.2473812699317932,0,0.051242366,0
19.59954643,-21.1588459,1,-5.440061569,1,-15.52321529,1,2.257456541061401,1,8.780924797058105,1,-5.552149296,1,-1.225641727,0,0.2382427304983139,0,0.009390149,0
19.60354614,-20.76477432,1,-5.741172791,1,-15.23474598,1,2.215189933776855,1,8.779890060424805,1,-5.43720293,1,-1.226320863,0,0.2294191420078278,0,-0.032228805,0
19.60755348,-20.55594063,1,-6.520206928,1,-14.29375744,1,2.136841297149658,1,8.777667999267578,1,-5.275794983,1,-1.226861,0,0.2210806012153625,0,-0.073564008,0
19.61155701,-20.0947876,1,-6.684202194,1,-13.76451492,1,2.080250263214111,1,8.774975776672363,1,-5.066450119,1,-1.227250576,0,0.2134278863668442,0,-0.114551403,0
19.61555672,-20.61273575,1,-6.607852936,1,-12.87603855,1,2.053636789321899,1,8.773656845092773,1,-4.800069809,1,-1.227462173,0,0.2066673934459686,0,-0.155130535,0
19.61956024,-21.00551987,1,-6.645071507,1,-11.84580231,1,2.068573951721191,1,8.772117614746094,1,-4.523383141,1,-1.227356434,0,0.200921357,0,-0.19527863,0
19.62355804,-21.30577469,1,-6.954074383,1,-10.78878498,1,2.127645254135132,1,8.770848274230957,1,-4.227284908,1,-1.22680521,0,0.1962621808052063,0,-0.23499018,0
19.62755776,-20.59818268,1,-5.944858551,1,-10.04559231,1,2.192809343338013,1,8.771340370178223,1,-3.973121881,1,-1.225750208,0,0.1926854401826859,0,-0.274287224,0
19.63155937,-20.02451897,1,-5.81239748,1,-8.87877655,1,2.298630714416504,1,8.771076202392578,1,-3.694787979,1,-1.224180937,0,0.1901525855064392,0,-0.31320101,0
19.63555718,-19.55193901,1,-5.200026512,1,-6.880672455,1,2.465993165969849,1,8.772859573364258,1,-3.4371593,1,-1.221974373,0,0.1886909157037735,0,-0.351737112,0
19.63955689,-18.44425774,1,-4.979564667,1,-5.621842384,1,2.651060342788696,1,8.775604248046875,1,-3.215099812,1,-1.218916416,0,0.188236803,0,-0.389946878,0
19.6435585,-18.09160995,1,-4.663623333,1,-3.991944075,1,2.884436845779419,1,8.780136108398438,1,-3.057858467,1,-1.214943409,0,0.1886681914329529,0,-0.427887201,0
19.64755631,-17.77214432,1,-4.351398468,1,-2.950228453,1,3.145245075,1,8.785563468933105,1,-2.986485004,1,-1.209974527,0,0.1896947771310806,0,-0.465686619,0
19.65155602,-17.45154762,1,-3.422962427,1,-2.685679913,1,3.344640493392944,1,8.789640426635742,1,-3.042621613,1,-1.204113603,0,0.1909487545490265,0,-0.503503203,0
19.65555763,-17.11987114,1,-3.227458954,1,-2.044947147,1,3.459076881408691,1,8.791980743408203,1,-3.157592297,1,-1.197715878,0,0.1920971274375916,0,-0.541465878,0
19.65955544,-16.21793365,1,-3.256603956,1,-1.902191043,1,3.552907705307007,1,8.796346664428711,1,-3.28526783,1,-1.191004515,0,0.1930539906024933,0,-0.579618871,0
19.66355515,-14.80286026,1,-2.807068586,1,-1.827028751,1,3.689619302749634,1,8.798801422119141,1,-3.458938837,1,-1.183923721,0,0.193708524,0,-0.618012488,0
19.66755676,-14.41600704,1,-1.990025043,1,-2.20717597,1,3.851101636886597,1,8.803359031677246,1,-3.686342955,1,-1.176293731,0,0.1939162760972977,0,-0.656725764,0
19.67155457,-14.48264408,1,-1.24431169,1,-1.996040463,1,4.031217098236084,1,8.808954238891602,1,-3.979956388,1,-1.168071151,0,0.1934649646282196,0,-0.695868731,0
19.67555428,-13.38184261,1,3.445711135864258,1,-2.743857861,1,4.246332645,1,8.815461158752441,1,-4.387638569,1,-1.159167647,0,0.192107156,0,-0.735577106,0
19.67955589,-13.64203835,1,6.536728858947754,1,-4.691421509,1,4.499377250671387,1,8.823975563049316,1,-4.897461891,1,-1.149329185,0,0.1893795281648636,0,-0.776097417,0
19.6835537,-13.570961,1,5.437417984008789,1,-4.284453392,1,4.723402976989746,1,8.831460952758789,1,-5.326830387,1,-1.138615727,0,0.1853503435850143,0,-0.817442238,0
19.68755341,-13.66396904,1,6.685880661010742,1,-5.629429817,1,4.99911356,1,8.839117050170898,1,-5.684933662,1,-1.126835823,0,0.180379331,0,-0.859494925,0
19.69155312,-14.98348808,1,6.840860843658447,1,-6.3325243,1,5.338960171,1,8.848320007324219,1,-6.022259235,1,-1.113716245,0,0.1746885627508163,0,-0.90221107,0
19.69555092,-16.49069786,1,6.721200942993164,1,-7.270030975,1,5.621916294,1,8.855630874633789,1,-6.341079235,1,-1.099178076,0,0.1684363782405853,0,-0.945579648,0
19.69955063,-18.15089798,1,5.801694393157959,1,-8.439035416,1,5.744853973388672,1,8.859008789,1,-6.670451164,1,-1.083634377,0,0.1617033332586288,0,-0.989610851,0
19.70355225,-19.7397728,1,3.753962755203247,1,-9.816724777,1,5.698049068450928,1,8.596767425537109,1,-6.985069752,1,-1.067686677,0,0.1542717814445496,0,-1.033875585,0
19.70755005,-22.11891174,1,1.345834136009216,1,-11.70682526,1,5.511600971221924,1,8.297600746154785,1,-7.277191162,1,-1.051816702,0,0.1459161937236786,0,-1.077797294,0
19.71154976,-25.9563427,1,-1.396766186,1,-13.81369495,1,5.194380760192871,1,8.054470062255859,1,-7.549114704,1,-1.036507249,0,0.1366884708404541,0,-1.121405244,0
19.71555138,-30.70278168,1,-4.486257553,1,-16.18367004,1,4.633720874786377,1,7.940540790557861,1,-7.802300453,1,-1.022516847,0,0.1268383413553238,0,-1.164999604,0
19.71954918,-35.2794075,1,-7.600094318,1,-18.3284359,1,3.890422582626343,1,7.901018142700195,1,-7.943364143,1,-1.010757923,0,0.1166971176862717,0,-1.208817601,0
19.72354889,-40.17325211,1,-9.25707531,1,-20.21929932,1,3.028384923934937,1,7.980765819549561,1,-8.032305717,1,-1.001829743,0,0.1066906154155731,0,-1.253006458,0
19.72755623,-44.69461441,1,-8.3732481,1,-21.82658958,1,2.222004652023315,1,8.093115807,1,-8.089506149,1,-0.995898843,0,0.096969754,0,-1.297713995,0
19.73155975,-47.35911942,1,-6.006948948,1,-22.20438576,1,1.610499739646912,1,8.211234092712402,1,-8.05632019,1,-0.992455065,0,0.087660313,0,-1.342867136,0
19.73555946,-49.61578751,1,-3.16522789,1,-22.43079948,1,1.259902358055115,1,8.295648574829102,1,-7.928256989,1,-0.990540445,0,0.078977711,0,-1.388176322,0
19.73956108,-52.28771591,1,-0.273453355,1,-22.67102051,1,1.152081489562988,1,8.360286712646484,1,-7.701194286,1,-0.989163697,0,0.071100667,0,-1.433320999,0
19.74355888,-55.55007172,1,0.7523533701896667,1,-21.60763359,1,1.232808351516724,1,8.483536720275879,1,-7.363204956,1,-0.987468064,0,0.064427689,0,-1.478129387,0
19.74755859,-58.64017487,1,0.9774827361106873,1,-19.75518036,1,1.440485954284668,1,8.537693023681641,1,-6.941647053,1,-0.984864771,0,0.059353504,0,-1.522437215,0
19.75156212,-61.04082489,1,2.138925552368164,1,-17.74282265,1,1.676317215,1,8.333023071289063,1,-6.458349705,1,-0.981110096,0,0.055784129,0,-1.565518141,0
19.75555801,-63.86351395,1,2.115355014801025,1,-15.01348972,1,1.870173335075378,1,7.957009315490723,1,-5.81916666,1,-0.976230741,0,0.053598937,0,-1.606381178,0
19.75955772,-67.10888672,1,5.099240779876709,1,-12.15551949,1,2.048368453979492,1,7.241147994995117,1,-5.09894228,1,-0.970408916,0,0.05267597,0,-1.643929124,0
19.76356125,-72.23125458,1,7.644766330718994,1,-6.678991795,1,2.397481441497803,1,6.507364273071289,1,-4.230853558,1,-0.963284373,0,0.052855838,0,-1.677167416,0
19.76755905,-72.90325165,1,5.083293437957764,1,-0.595509291,1,2.642930030822754,1,5.823507308959961,1,-3.32102704,1,-0.95468545,0,0.054687429,0,-1.706134915,0
19.77155876,-69.93978882,1,3.409293651580811,1,5.205914974212646,1,2.511803865432739,1,4.813915729522705,1,-2.362720728,1,-0.945616543,0,0.057835266,0,-1.730149746,0
19.77556038,-65.45244598,1,3.616550922393799,1,11.40199756622314,1,2.082529067993164,1,3.662792444229126,1,-1.42200613,1,-0.937473297,0,0.061705988,0,-1.748317957,0
19.77955818,-61.30558777,1,8.783196449279785,1,14.52127170562744,1,1.722747921943665,1,2.397824048995972,1,-0.676068723,1,-0.930695653,0,0.065595448,0,-1.760586739,0
19.78355789,-57.67463684,1,16.97224807739258,1,14.56474208831787,1,1.568635225296021,1,1.124282956123352,1,-0.159191698,1,-0.967686355,0,-0.030312443,0,-1.804210663,0
19.78755951,-57.4644928,1,24.853899,1,13.30605030059814,1,1.666435003,1,-0.092559837,1,0.1427051424980164,1,-0.961181998,0,-0.029274682,0,-1.805812001,0
19.79155731,-58.26872253,1,22.33650016784668,1,12.09474373,1,1.763761639595032,1,-0.861652851,1,0.4814424514770508,1,-0.954362392,0,-0.029412726,0,-1.803489685,0
19.79555702,-56.43569183,1,15.72362613677979,1,10.42049121856689,1,1.637659192085266,1,-1.464226007,1,0.8261028528213501,1,-0.94765532,0,-0.029987473,0,-1.798167467,0
19.79955864,-55.97805786,1,14.82511329650879,1,8.648132324,1,1.303331732749939,1,-1.919465899,1,1.040320634841919,1,-0.941975415,0,-0.030950032,0,-1.790433645,0
19.80355644,-56.32561874,1,15.97607803344727,1,6.095088481903076,1,0.9207199811935425,1,-2.115427732,1,1.277496814727783,1,-0.937835038,0,-0.031989902,0,-1.781154275,0
19.80755615,-56.49531174,1,16.30054092407227,1,4.457961559295654,1,0.5630307197570801,1,-2.185241699,1,1.566822528839111,1,-0.935175776,0,-0.032527555,0,-1.770840406,0
19.81155777,-53.35170364,1,12.04277992248535,1,3.659690618515015,1,0.068080328,1,-2.264336824,1,1.962243914604187,1,-0.934225321,0,-0.032156523,0,-1.759512305,0
19.81555557,-48.06575394,1,7.863460540771484,1,3.608828783035278,1,-0.583083153,1,-2.496925354,1,2.431042194366455,1,-0.935626924,0,-0.030726857,0,-1.746668458,0
19.81955528,-41.37588882,1,5.526211261749268,1,3.978260517120361,1,-1.249699831,1,-2.853484154,1,2.878325223922729,1,-0.939750493,0,-0.02847293,0,-1.731768131,0
19.8235569,-34.69514847,1,2.821989774703979,1,1.607214808,1,-1.884171486,1,-3.263227463,1,3.327658891677856,1,-0.946476161,0,-0.025627589,0,-1.71459949,0
19.8275547,39.61531066894531,1,-0.407692343,1,-23.48615265,1,-2.847916126,1,-5.188716412,1,3.961403369903564,1,-0.956850171,0,-0.02290014,0,-1.692561746,0
19.83155441,-46.80315399,1,17.33624076843262,1,14.94760894775391,1,-0.750016093,1,-6.372131348,1,5.477274417877197,1,-0.962742746,0,-0.021851491,0,-1.662594318,0
19.83555603,2.410187244415283,1,-58.66479874,1,7.444634914398193,1,-4.768811226,1,-5.518603325,1,4.634859085083008,1,-0.976215303,0,-0.018941404,0,-1.631349564,0
19.83955383,38.13381195068359,1,-57.95697403,1,-25.15986443,1,-5.718279839,1,-7.282381535,1,6.413202763,1,-0.996293664,0,-0.013873456,0,-1.599586368,0
19.84355164,39.15907669067383,1,-71.96563721,1,-45.91582489,1,-6.428711414,1,-8.893173218,1,8.001663208007813,1,-1.0222013,0,-0.007762391,0,-1.555626631,0
19.84755898,-42.83610153,1,-116.2403336,1,-94.82499695,1,-8.627587318,1,-8.942162514,1,8.614517211914063,1,-1.053285718,0,0.003227866,0,-1.507687926,0
19.8515625,-119.2292252,1,-69.64879608,1,-60.15019989,1,-8.626712799,1,-8.943190575,1,8.615114212036133,1,-1.087332129,0,0.01629699,0,-1.459774017,0
19.85556221,-132.5911713,1,0.5589888095855713,1,-19.46417618,1,-8.626774788,1,-8.943320274,1,8.614247322,1,-1.120721936,0,0.030973736,0,-1.412315965,0
19.85956383,-104.2359772,1,52.23197937011719,1,-37.06707382,1,-8.50864315,1,-8.847743034,1,3.348724603652954,1,-1.153564095,0,0.038240485,0,-1.369593859,0
19.86356163,-102.9013977,1,118.6986236572266,1,-79.40518951,1,-7.337045193,1,-5.578000069,1,1.240934371948242,1,-1.183190584,0,0.034027319,0,-1.339155912,0
19.86756134,-20.72101784,1,157.5359344482422,1,-8.95298481,1,-2.688865423,1,-4.033847332,1,2.211849451065063,1,-1.204525709,0,0.033430964,0,-1.319994569,0
19.87156296,13.24363231658936,1,83.37631988525391,1,-16.38467026,1,0.4285533130168915,1,-3.804295301,1,3.809665441513062,1,-1.207043171,0,0.038993433,0,-1.300601482,0
19.87556076,-30.60666275,1,-30.18203735,1,-14.64089966,1,0.4949927926063538,1,-1.990651011,1,3.529249191,1,-1.203933716,0,0.049665868,0,-1.283650398,0
19.87956047,-64.52122498,1,-98.52602386,1,28.47649765014648,1,-0.915445149,1,-1.872415185,1,0.064544693,1,-1.204150081,0,0.05418627,0,-1.274958968,0
19.88356209,-29.62341309,1,2.848751306533813,1,4.093748092651367,1,-1.815657377,1,-1.252601743,1,0.3054802715778351,1,-1.20973599,0,0.050967075,0,-1.268656015,0
19.88755989,1.559627056121826,1,76.55746459960938,1,-33.67193985,1,-0.051675312,1,-0.65346241,1,1.523844480514526,1,-1.213418365,0,0.053721815,0,-1.263863087,0
19.8915596,-1.645958662,1,6.046445369720459,1,-9.831871033,1,0.8089489936828613,1,-1.187858105,1,0.7337251305580139,1,-1.211339235,0,0.056919642,0,-1.258824825,0
19.89556313,-20.59884262,1,-43.21894836,1,-11.20939159,1,0.4147818386554718,1,-1.119900107,1,0.231695756,1,-1.208232522,0,0.056656927,0,-1.253791213,0
19.89955902,4.830825328826904,1,-20.14961624,1,-16.53925896,1,-0.161548227,1,-1.441839457,1,1.118199586868286,1,-1.207547545,0,0.05731779,0,-1.248111963,0
19.90355873,2.033943653106689,1,1.535812854766846,1,-17.88913345,1,-0.065222256,1,-1.665182471,1,1.396591901779175,1,-1.207658648,0,0.060018834,0,-1.24029851,0
19.90756226,-1.993060231,1,4.490650177001953,1,-17.49349022,1,0.1006676331162453,1,-1.719312906,1,1.094870090484619,1,-1.206972122,0,0.062218174,0,-1.232189894,0
19.91156006,-6.718164444,1,0.028719837,1,-11.09240532,1,0.2837656736373901,1,-1.98328793,1,0.9668663144111633,1,-1.205727577,0,0.0633028,0,-1.223778248,0
19.91555977,-7.714713573,1,-12.03323746,1,-8.407073975,1,0.2256297618150711,1,-1.883811951,1,1.127131819725037,1,-1.204044223,0,0.064460151,0,-1.215019345,0
19.91956139,-13.35946083,1,-4.798092365,1,-5.287011147,1,-0.006470068,1,-1.813521743,1,1.486782193183899,1,-1.203112125,0,0.066630304,0,-1.206242085,0
19.92355919,-11.82232761,1,-8.533751488,1,-5.00728941,1,0.063975736,1,-1.560447454,1,1.540218353271484,1,-1.202410936,0,0.070007131,0,-1.197693348,0
19.9275589,-1.633559346,1,-8.174206734,1,-8.696456909,1,-0.152350172,1,-1.477633476,1,1.368476867675781,1,-1.201990247,0,0.073236138,0,-1.189965129,0
19.93156052,-2.07612586,1,6.137704849243164,1,-14.06592274,1,-0.164327621,1,-1.614863992,1,1.308427691459656,1,-1.202178001,0,0.076027572,0,-1.18228364,0
19.93555832,-6.430265903,1,4.747002124786377,1,-14.83994293,1,0.2216155678033829,1,-1.914356351,1,1.162481665611267,1,-1.20139277,0,0.078117438,0,-1.173945665,0
19.93955803,-6.120469093,1,-2.897926569,1,-15.31669044,1,0.092182115,1,-2.370694876,1,1.153050422668457,1,-1.199914336,0,0.079308987,0,-1.164268017,0
19.94355965,-5.932174206,1,-6.482550144,1,-16.69959831,1,-0.0300723,1,-2.792981863,1,1.182039856910706,1,-1.198895335,0,0.079876393,0,-1.152935147,0
19.94755745,-2.309765816,1,-5.716379642,1,-19.13591003,1,-0.307113498,1,-3.277367592,1,1.221901297569275,1,-1.198590636,0,0.080022454,0,-1.139840484,0
19.95155716,0.6984567642211914,1,-0.736955285,1,-22.01483345,1,-0.363185018,1,-3.783462048,1,1.176586270332336,1,-1.198766947,0,0.079383872,0,-1.124933839,0
19.95555878,0.6536737084388733,1,0.8866047263145447,1,-24.63672829,1,-0.211577505,1,-4.49740839,1,1.071598052978516,1,-1.198596478,0,0.077579923,0,-1.107825875,0
19.95955658,-0.433069468,1,-0.651179075,1,-24.52493477,1,-0.226138294,1,-5.216930866,1,1.130740047,1,-1.197874904,0,0.074608743,0,-1.088118553,0
19.96355629,-0.21606952,1,-6.435640812,1,-26.29784203,1,-0.450509489,1,-6.116229534,1,1.201749920845032,1,-1.197561026,0,0.070680499,0,-1.065220237,0
19.96756363,2.484120369,1,-4.904849529,1,-25.95642853,1,-0.56041193,1,-6.910327435,1,1.347894191741943,1,-1.197854161,0,0.065904088,0,-1.039080858,0
19.97156715,4.940312862,1,-7.087851048,1,-26.91792107,1,-0.527594686,1,-7.808425426,1,1.500334263,1,-1.198210835,0,0.060506687,0,-1.009572506,0
19.97556496,5.327363014221191,1,-9.052204132,1,-25.03198624,1,-0.456183404,1,-8.644820213,1,1.736956477165222,1,-1.198267221,0,0.054558843,0,-0.976469219,0
19.97956657,8.520165443,1,-10.08695984,1,-25.43411255,1,-0.431669325,1,-8.734809875,1,1.95141077,1,-1.198272467,0,0.048766151,0,-0.941274285,0
19.98356438,9.967048645019531,1,-8.19116497,1,-26.26625252,1,-0.355501145,1,-8.733067513,1,2.175178050994873,1,-1.198229313,0,0.043721028,0,-0.905701697,0
19.98756409,11.65088653564453,1,-7.653048515,1,-26.12679672,1,-0.297944069,1,-8.734270096,1,2.504109382629395,1,-1.198030114,0,0.039685022,0,-0.869739056,0
19.9915657,8.997571945,1,-8.664996147,1,-25.03113365,1,-0.326285124,1,-8.736775398,1,2.948343515396118,1,-1.197855592,0,0.037126489,0,-0.833194673,0
19.99556351,4.735973834991455,1,-8.808064461,1,-24.95598412,1,-0.338028103,1,-8.739042282,1,3.275608062744141,1,-1.197858334,0,0.036009345,0,-0.796074271,0
19.99956322,1.947212815284729,1,-6.620034218,1,-24.43073845,1,-0.240806162,1,-8.737870216,1,3.403050422668457,1,-1.197733521,0,0.035747781,0,-0.758616805,0
20.00356484,-1.151160359,1,-4.875196934,1,-26.32902908,1,0.027418476,1,-8.733510971,1,3.758301019668579,1,-1.19675684,0,0.036241598,0,-0.720870972,0
20.00756264,-8.952997208,1,-0.553697467,1,-21.76166916,1,0.2694368362426758,1,-8.730683327,1,3.95614481,1,-1.194755554,0,0.037897065,0,-0.682656288,0
20.01156235,-19.67201424,1,0.8193118572235107,1,-18.32444572,1,0.6684324741363525,1,-8.722186089,1,3.939941167831421,1,-1.191373587,0,0.039753716,0,-0.644341171,0
20.01556397,-32.29779816,1,2.749077320098877,1,-17.09179878,1,1.147025227546692,1,-8.711285591,1,3.839753389358521,1,-1.18630743,0,0.04115304,0,-0.606173873,0
20.01956177,-41.86863708,1,3.391644954681396,1,-12.96585655,1,1.917487740516663,1,-8.695205688,1,3.797062158584595,1,-1.178597927,0,0.042113684,0,-0.568138421,0
20.02356148,-52.77853012,1,-4.615228176,1,-8.089313507,1,2.403545856,1,-8.68951416,1,4.380134582519531,1,-1.168197751,0,0.043473464,0,-0.529833198,0
20.0275631,-59.02925491,1,0.92523247,1,-7.609464645,1,2.655172586,1,-8.680273056,1,3.811824321746826,1,-1.156447411,0,0.04487266,0,-0.49133876,0
20.0315609,-66.3740921,1,-3.467533112,1,-5.757990837,1,2.797802686691284,1,-8.679550171,1,4.078354835510254,1,-1.172377706,0,0.070519678,0,-0.484104455,0
20.03556061,-75.90625,1,-6.905427456,1,-1.930964351,1,2.675990343093872,1,-8.679917336,1,3.685519218444824,1,-1.158736229,0,0.07112544,0,-0.445973128,0
20.03956413,-63.01977158,1,-4.432239532,1,1.381128668785095,1,2.529292583465576,1,-8.681037903,1,3.463822841644287,1,-1.145670891,0,0.070009455,0,-0.408374846,0
20.04356003,-44.75004578,1,-6.549166679,1,8.067624092102051,1,2.318636655807495,1,-8.261663437,1,3.201764583587646,1,-1.133266807,0,0.067877017,0,-0.371505976,0
20.04756165,-16.95935249,1,-20.67443657,1,12.14394283294678,1,0.8394755125045776,1,-6.580955505,1,2.504600763320923,1,-1.124552727,0,0.065566063,0,-0.339689493,0
20.05156326,-65.07292175,1,-10.22523975,1,18.09811973571777,1,0.047851466,1,-6.518232822,1,2.822294712,1,-1.120976448,0,0.063856661,0,-0.31115368,0
20.05556107,-86.37910461,1,-16.25907707,1,-10.28369045,1,-1.338192344,1,-3.568880558,1,2.447806835174561,1,-1.121925235,0,0.064654015,0,-0.288686454,0
20.05956078,-51.47012711,1,-22.05685806,1,-11.23352623,1,-2.721695662,1,-1.758721232,1,2.487039328,1,-1.129190207,0,0.068891399,0,-0.275012881,0
20.06356239,-26.24006844,1,-8.90130043,1,-9.066171646,1,-3.712623358,1,-1.778689384,1,2.847347021102905,1,-1.14149487,0,0.075817183,0,-0.264460623,0
20.0675602,-15.33232975,1,-1.945854068,1,-10.49238682,1,-3.933151245,1,-2.779049158,1,3.220477581,1,-1.155835271,0,0.083131425,0,-0.251244843,0
20.07155991,-15.55975914,1,-0.840960741,1,-10.70865154,1,-3.906647682,1,-3.96977663,1,3.834713935852051,1,-1.169987321,0,0.090700746,0,-0.233197987,0
20.07556152,-15.97308636,1,2.330182075500488,1,-12.184865,1,-3.525623798,1,-5.068321705,1,4.418174266815186,1,-1.182789564,0,0.099037789,0,-0.210019529,0
20.07955933,-17.41730881,1,6.960659503936768,1,-13.38229179,1,-2.641312122,1,-5.950568199,1,4.708148956298828,1,-1.192362785,0,0.1077762767672539,0,-0.182518259,0
20.08355713,-21.00623131,1,7.377610206604004,1,-13.67122364,1,-1.564150095,1,-6.580943584,1,4.905188083648682,1,-1.19737339,0,0.1164322793483734,0,-0.151896238,0
20.08756447,-27.32348824,1,4.538883686065674,1,-15.23191643,1,-0.568548858,1,-6.788916588,1,5.066902637481689,1,-1.197689176,0,0.12524645,0,-0.119377226,0
20.09156799,-31.56658936,1,0.171410933,1,-17.26356125,1,0.2844267189502716,1,-6.581853867,1,5.142524719238281,1,-1.193968296,0,0.1344620287418365,0,-0.086669303,0
20.09556961,-32.83193588,1,-4.607267857,1,-19.10107422,1,0.8901124596595764,1,-6.169647694,1,5.137709617614746,1,-1.187172771,0,0.144092321,0,-0.055017158,0
20.09956932,-32.6409874,1,-8.656099319,1,-20.23137283,1,1.239015460014343,1,-5.672811985,1,5.090499401092529,1,-1.178390145,0,0.1540687531232834,0,-0.024999289,0
20.10356712,-31.83360291,1,-11.57832527,1,-20.60558319,1,1.375267624855042,1,-5.17751646,1,5.043582439422607,1,-1.168628216,0,0.1643687635660172,0,0.003205164,0
20.10756683,-30.83596039,1,-13.44464874,1,-20.91057205,1,1.346152186393738,1,-4.712316513,1,4.978175640106201,1,-1.158692002,0,0.1749522686004639,0,0.029671811,0
20.11156845,-26.45272446,1,-14.46498775,1,-21.53820801,1,1.219494342803955,1,-4.341255188,1,4.895561695098877,1,-1.149086356,0,0.185730979,0,0.054526161,0
20.11556625,-28.79648018,1,-14.10068417,1,-20.8162365,1,1.185394525527954,1,-4.135697365,1,4.801646233,1,-1.139707565,0,0.1963071376085281,0,0.078506187,0
20.11956596,-24.85996437,1,-13.39906502,1,-20.38882065,1,1.126975893974304,1,-3.910722017,1,4.718232154846191,1,-1.130485535,0,0.2068239152431488,0,0.1015425398945808,0
20.12356758,-25.74258423,1,-13.26438236,1,-19.85034943,1,1.165007829666138,1,-3.83251524,1,4.589883327484131,1,-1.121173859,0,0.2169533669948578,0,0.1240543499588966,0
20.12756538,-24.73592377,1,-13.20278358,1,-19.53364182,1,1.166359543800354,1,-3.772304773,1,4.505300998687744,1,-1.111622095,0,0.2266524881124496,0,0.1462256461381912,0
20.13156509,-24.37263489,1,-14.07076836,1,-19.22628593,1,1.131742119789124,1,-3.783454657,1,4.375176906585693,1,-1.101960421,0,0.2357656061649323,0,0.1682564169168472,0
20.13556671,-23.14440346,1,-15.07798576,1,-19.06404305,1,1.028655767440796,1,-3.856832027,1,4.253704548,1,-1.092369437,0,0.2441661804914474,0,0.1903422623872757,0
20.13956451,-22.57692528,1,-16.01225471,1,-19.04777908,1,0.8522971868515015,1,-3.979985952,1,4.128099918365479,1,-1.08310008,0,0.251738578,0,0.212684765,0
20.14356422,-22.51525688,1,-17.13851166,1,-19.24416351,1,0.5930966734886169,1,-4.136601925,1,4.010661125183105,1,-1.074469209,0,0.2584165334701538,0,0.235419363,0
20.14756584,-22.68692398,1,-18.12108231,1,-19.55068207,1,0.2523039579391479,1,-4.302621365,1,3.892060041427612,1,-1.066766381,0,0.2641899287700653,0,0.2585993707180023,0
20.15156364,-22.7423954,1,-18.96645164,1,-20.06817245,1,-0.127396733,1,-4.484676838,1,3.773383855819702,1,-1.060263276,0,0.2690582871437073,0,0.2822371125221252,0
20.15556335,-22.91923714,1,-19.2927227,1,-20.73335457,1,-0.540553868,1,-4.667319775,1,3.643890619277954,1,-1.055135727,0,0.2730058431625366,0,0.306356668,0
20.15956497,-22.7199707,1,-19.14741898,1,-21.49069595,1,-0.973379612,1,-4.856665134,1,3.511466979980469,1,-1.051514864,0,0.2760171294212341,0,0.3309074640274048,0
20.16356278,-22.64611816,1,-18.81628609,1,-22.23090553,1,-1.379092932,1,-5.038420677,1,3.371656179428101,1,-1.049383759,0,0.2781146764755249,0,0.3558803200721741,0
20.16756249,-22.38137245,1,-18.55758476,1,-22.98071671,1,-1.762187004,1,-5.222766399,1,3.237763404846191,1,-1.048692822,0,0.279340923,0,0.3812539279460907,0
20.17156601,-22.25341415,1,-17.92790794,1,-23.62353897,1,-2.090796947,1,-5.397586823,1,3.106762886047363,1,-1.049318075,0,0.2797532677650452,0,0.4069948196411133,0
20.17556191,-22.25446129,1,-17.41504288,1,-24.35896111,1,-2.358641386,1,-5.52987957,1,2.976733446121216,1,-1.051055312,0,0.2794234454631805,0,0.4330194592475891,0
20.17956162,-22.20733452,1,-16.67846107,1,-25.03375435,1,-2.586799145,1,-5.617386341,1,2.828277111053467,1,-1.053764582,0,0.2784459292888641,0,0.4591673314571381,0
20.18356133,-22.5321064,1,-15.60264492,1,-25.88565826,1,-2.730140924,1,-5.64896822,1,2.674558401107788,1,-1.057278156,0,0.2769199013710022,0,0.4852164685726166,0
20.18755913,-22.16402435,1,-14.59556866,1,-27.02020836,1,-2.805427551,1,-5.625910759,1,2.480570554733276,1,-1.061369777,0,0.2748821973800659,0,0.5109163522720337,0
20.19155884,-21.4765892,1,-13.67054749,1,-27.70211792,1,-2.839880705,1,-5.551267624,1,2.269496440887451,1,-1.065884709,0,0.2723210453987122,0,0.5360218286514282,0
20.19556236,-20.52580452,1,-12.93119812,1,-28.43206406,1,-2.817844868,1,-5.4405756,1,2.054017543792725,1,-1.070697427,0,0.269307554,0,0.5603476166725159,0
20.19955826,-19.28756523,1,-12.36823845,1,-29.14666557,1,-2.768859386,1,-5.292348385,1,1.831989049911499,1,-1.07568419,0,0.2658829987049103,0,0.5837525129318237,0
20.20355797,-17.83197212,1,-11.84417439,1,-29.71156883,1,-2.684324265,1,-5.127469063,1,1.630925416946411,1,-1.080740094,0,0.2621078789234161,0,0.6061738729476929,0
20.20756722,-16.35734749,1,-11.29208374,1,-30.32543755,1,-2.576814413,1,-4.943777084,1,1.477719783782959,1,-1.085766435,0,0.2581532299518585,0,0.6275880932807922,0
20.21157074,-14.51672745,1,-10.32514191,1,-31.1575489,1,-2.43839407,1,-4.7425704,1,1.362654924,1,-1.090625405,0,0.2541962265968323,0,0.6480454802513123,0
20.21557045,-13.43041229,1,-9.086949348,1,-31.72881317,1,-2.235435963,1,-4.531845093,1,1.287123680114746,1,-1.095112085,0,0.2503586411476135,0,0.6675833463668823,0
20.21957207,-11.13478374,1,-8.243187904,1,-31.90441322,1,-1.98642087,1,-4.232827663,1,1.248996854,1,-1.099003792,0,0.2468394190073013,0,0.686079204,0
20.22356987,-9.386494637,1,-7.500380516,1,-31.89584923,1,-1.744609833,1,-3.897537708,1,1.229842544,1,-1.102254868,0,0.2438579052686691,0,0.703365147,0
20.22756958,-6.8872118,1,-7.997778893,1,-30.95739174,1,-1.597014427,1,-3.429932356,1,1.230296254,1,-1.105117798,0,0.241639644,0,0.7191492915153503,0
20.2315712,-3.851135492,1,-9.313580513,1,-29.30513191,1,-1.583766818,1,-2.847986698,1,1.230793476104736,1,-1.108145833,0,0.2404175996780396,0,0.7330067157745361,0
20.235569,-0.437433839,1,-10.08043098,1,-27.03264809,1,-1.672987103,1,-2.172008276,1,1.239221215248108,1,-1.111891031,0,0.2403656393289566,0,0.7445414066314697,0
20.23956871,2.814995527267456,1,-10.17534828,1,-24.69355965,1,-1.789447069,1,-1.426856518,1,1.263876795768738,1,-1.116701603,0,0.2416715025901794,0,0.7534749507904053,0
20.24357033,5.079171180725098,1,-9.843113899,1,-22.73166847,1,-1.85442555,1,-0.592830837,1,1.314009785652161,1,-1.122541308,0,0.244529516,0,0.7595497369766235,0
20.24756813,7.664515972137451,1,-9.454915047,1,-21.34492493,1,-1.898086548,1,0.3156792223453522,1,1.362437725067139,1,-1.129343271,0,0.2491089105606079,0,0.76245594,0
20.25156784,12.32852554321289,1,-10.07605743,1,-20.50749779,1,-1.924851775,1,1.241887092590332,1,1.414320230484009,1,-1.137116194,0,0.2554718554019928,0,0.7619686722755432,0
20.25556946,17.98903656005859,1,-9.669242859,1,-20.05065727,1,-1.939546466,1,2.132850646972656,1,1.451573252677917,1,-1.145852685,0,0.2634937167167664,0,0.75807786,0
20.25956726,22.92661476135254,1,-8.012683868,1,-19.80855751,1,-1.853499293,1,3.008971452713013,1,1.472150444984436,1,-1.155404449,0,0.273034543,0,0.7508301138877869,0
20.26356697,26.49995040893555,1,-4.647540092,1,-19.7886982,1,-1.475794911,1,3.877422332763672,1,1.449028730392456,1,-1.16509974,0,0.2839090824127197,0,0.7401247024536133,0
20.26756859,25.08231353759766,1,-0.973525107,1,-19.66762733,1,-0.838090956,1,4.781519412994385,1,1.325545907020569,1,-1.173871994,0,0.2957952618598938,0,0.7257910966873169,0
20.27156639,20.84192657470703,1,1.267199635505676,1,-17.70719337,1,-0.061207462,1,5.895136833190918,1,1.075021147727966,1,-1.181255102,0,0.3084247708320618,0,0.7071377635002136,0
20.27556419,19.16700172424316,1,1.137306928634644,1,-15.47288227,1,0.8373633027076721,1,7.071278095245361,1,0.6884586215019226,1,-1.187115431,0,0.3214923441410065,0,0.6832685470581055,0
20.27956581,18.67242431640625,1,-0.313570261,1,-13.12193871,1,1.711630225,1,8.125334739685059,1,0.1881234794855118,1,-1.185215235,0,0.3344597220420837,0,0.6724708080291748,0
20.28356361,17.50479316711426,1,0.03173957,1,-11.31485271,1,2.360919476,1,8.753434181213379,1,-0.44197312,1,-1.188275456,0,0.3467673063278198,0,0.6387901306152344,0
20.28756332,16.04147529602051,1,0.5916417241096497,1,-9.041176796,1,2.817983865737915,1,8.767580986022949,1,-1.115335941,1,-1.190260291,0,0.3569228649139404,0,0.6029077172279358,0
20.29156494,16.97504615783691,1,-0.126275137,1,-7.304048538,1,3.179652929,1,8.778427124023438,1,-1.749153376,1,-1.191341043,0,0.3646142780780792,0,0.56580174,0
20.29556274,17.10687637329102,1,-1.515192747,1,-6.000259876,1,3.412765026092529,1,8.786973953,1,-2.369499922,1,-1.191859603,0,0.3699687123298645,0,0.5275657176971436,0
20.29956245,15.54616832733154,1,-2.257629395,1,-5.981905937,1,3.498627185821533,1,8.791878700256348,1,-2.959179163,1,-1.192272782,0,0.3730472922325134,0,0.4882672429084778,0
20.30356407,13.01721477508545,1,-2.560766459,1,-7.026880741,1,3.509885549545288,1,8.795226097106934,1,-3.479832411,1,-1.192924023,0,0.3740473985671997,0,0.4480391442775726,0
20.30756187,8.625374794006348,1,-3.229356289,1,-7.869918346,1,3.482191324234009,1,8.797768592834473,1,-3.92142415,1,-1.193908691,0,0.3732384443283081,0,0.4070379436016083,0
20.31156158,3.275207042694092,1,-3.616945028,1,-9.439293861,1,3.415271520614624,1,8.798727989196777,1,-4.273302078,1,-1.19522512,0,0.3709196150302887,0,0.365435779,0
20.3155632,-1.773815393,1,-3.704496384,1,-10.94781876,1,3.323080539703369,1,8.798509598,1,-4.563840389,1,-1.196927547,0,0.3673344254493713,0,0.3233748376369476,0
20.31956101,-6.432120323,1,-3.457765579,1,-12.41187286,1,3.224434375762939,1,8.797844886779785,1,-4.830389023,1,-1.198977351,0,0.3626471757888794,0,0.2809570729732513,0
20.32356072,-11.04160881,1,-3.031410933,1,-13.23796844,1,3.185847043991089,1,8.799554824829102,1,-5.092829227,1,-1.201204062,0,0.3568916916847229,0,0.2382261157035828,0
20.32756996,-14.64281654,1,-3.127146721,1,-13.8459444,1,3.159871578216553,1,8.798696517944336,1,-5.346701145,1,-1.203413963,0,0.3500957489013672,0,0.1952170878648758,0
20.33157349,-16.81690598,1,-3.531381607,1,-14.37895107,1,3.066795349121094,1,8.798985481262207,1,-5.550400257,1,-1.205623627,0,0.3423402309417725,0,0.1519807577133179,0
20.3355732,-17.91405487,1,-3.691492796,1,-14.68518448,1,2.953530073165894,1,8.797378540039063,1,-5.704683781,1,-1.207963228,0,0.3338167071342468,0,0.1086189150810242,0
20.33957481,-18.74515915,1,-4.157297134,1,-14.66825962,1,2.849061727523804,1,8.795160293579102,1,-5.781080246,1,-1.21039021,0,0.3247583508491516,0,0.06524428,0
20.34357262,-19.53888893,1,-4.704885483,1,-14.56821537,1,2.769609689712524,1,8.793297768,1,-5.791389465,1,-1.21277976,0,0.3154488205909729,0,0.02197817,0
20.34757233,-20.24578285,1,-5.75082159,1,-14.43217564,1,2.683986425,1,8.791725158691406,1,-5.742938995,1,-1.215035796,0,0.3061122596263885,0,-0.021102326,0
20.35157394,-20.93476868,1,-6.826233864,1,-13.90897942,1,2.560479164123535,1,8.789134026,1,-5.661743164,1,-1.217254639,0,0.2969157099723816,0,-0.063933752,0
20.35557175,-20.82157707,1,-7.789894581,1,-13.30644035,1,2.377601385116577,1,8.783924102783203,1,-5.556696892,1,-1.219631791,0,0.2879825830459595,0,-0.106468469,0
20.35957146,-20.36599541,1,-9.080677032,1,-12.6399641,1,2.133814096450806,1,8.778309822,1,-5.400755405,1,-1.222404957,0,0.2794346511363983,0,-0.148660332,0
20.36357117,-19.70297623,1,-9.786056519,1,-12.03570461,1,1.858806490898132,1,8.771278381347656,1,-5.217047691,1,-1.225779533,0,0.2713862955570221,0,-0.190466002,0
20.36756897,-18.97319221,1,-9.938477516,1,-11.51080227,1,1.594257116317749,1,8.765285491943359,1,-4.995687962,1,-1.22981894,0,0.2639452517032623,0,-0.23183772,0
20.37156868,-18.57459641,1,-9.216812134,1,-10.84535694,1,1.384605050086975,1,8.759202957,1,-4.728388309,1,-1.23441267,0,0.257236511,0,-0.272741437,0
20.3755703,-18.24132156,1,-7.817396641,1,-10.22101402,1,1.292210936546326,1,8.755460739135742,1,-4.420261383,1,-1.239260793,0,0.251425028,0,-0.313132763,0
20.3795681,-17.95055962,1,-5.654340744,1,-9.796725273,1,1.371289849281311,1,8.755286217,1,-4.082303524,1,-1.243812323,0,0.2466570138931274,0,-0.352997601,0
20.38356781,-17.8560257,1,-3.712351084,1,-9.150462151,1,1.651338458061218,1,8.757800102233887,1,-3.741624117,1,-1.247349739,0,0.2430136948823929,0,-0.392359406,0
20.38756943,-17.64267349,1,-1.93939364,1,-8.249079704,1,2.088767051696777,1,8.765113830566406,1,-3.422267437,1,-1.249223113,0,0.2405286580324173,0,-0.431267411,0
20.39156723,-17.51622963,1,-0.281830221,1,-7.525283813,1,2.630178689956665,1,8.774610519,1,-3.154687405,1,-1.248965621,0,0.2391547113656998,0,-0.469801784,0
20.39556694,-17.35287285,1,0.6632301807403564,1,-6.95524931,1,3.235667467,1,8.787205696105957,1,-2.949668407,1,-1.246291876,0,0.2387406229972839,0,-0.508063972,0
20.39956856,-17.03505135,1,0.5365782976150513,1,-6.45819664,1,3.853607654571533,1,8.797725677490234,1,-2.804982901,1,-1.241127491,0,0.239155576,0,-0.546141565,0
20.40356636,-16.91617584,1,-0.46091181,1,-6.365729809,1,4.427659034729004,1,8.810389518737793,1,-2.717546225,1,-1.233553886,0,0.2402572184801102,0,-0.58410871,0
20.40756607,-17.20069504,1,-0.76170069,1,-6.710310936,1,4.884025096893311,1,8.820154190063477,1,-2.743960619,1,-1.223959088,0,0.2418157309293747,0,-0.622077048,0
20.41156769,-17.85292244,1,-1.3322891,1,-6.942847252,1,5.182741165161133,1,8.827200889587402,1,-2.851572752,1,-1.212935448,0,0.243497834,0,-0.660177469,0
20.41556549,-17.92955971,1,-2.622998953,1,-6.705147266,1,5.357020378112793,1,8.831514358520508,1,-2.991359711,1,-1.201094389,0,0.2451406866312027,0,-0.698478818,0
20.4195652,-17.49585724,1,-3.996894598,1,-6.4545784,1,5.452528953552246,1,8.834674835205078,1,-3.16776824,1,-1.188839793,0,0.2466579377651215,0,-0.737021387,0
20.42356682,-16.7276268,1,-3.208497286,1,-5.758481979,1,5.475117206573486,1,8.835311889648438,1,-3.417091608,1,-1.176483512,0,0.2478845119476318,0,-0.775883317,0
20.42756462,-13.73152924,1,1.500333189964294,1,-9.19529438,1,5.501766204833984,1,8.839623451,1,-3.832284451,1,-1.164204478,0,0.2483332306146622,0,-0.815287769,0
20.43156433,-14.70294285,1,-0.22796461,1,-8.660723686,1,5.401789665222168,1,8.839290618896484,1,-4.268193722,1,-1.152216911,0,0.2476825267076492,0,-0.855397046,0
20.43556595,-13.08482552,1,-0.086258739,1,-10.37080193,1,5.221354484558105,1,8.837965012,1,-4.678048611,1,-1.140934825,0,0.2459200769662857,0,-0.896224856,0
20.43956375,-12.78158855,1,0.5266731381416321,1,-11.80501938,1,5.055549621582031,1,8.837088584899902,1,-5.046000481,1,-1.130446792,0,0.243171439,0,-0.937717795,0
20.44356346,-13.32972145,1,1.900109887123108,1,-13.41581631,1,4.991854190826416,1,8.837884902954102,1,-5.368938446,1,-1.120444775,0,0.2395868599414825,0,-0.979818583,0
20.44756317,-15.09401703,1,3.587107181549072,1,-14.9732523,1,5.014455318450928,1,8.839547157287598,1,-5.650279522,1,-1.110487342,0,0.2353432774543762,0,-1.022457361,0
20.4515667,-18.0016346,1,4.457710266113281,1,-16.04127312,1,5.130584239959717,1,8.832536697387695,1,-5.952685833,1,-1.100178599,0,0.2304804772138596,0,-1.065627456,0
20.45556831,-21.01708412,1,4.963826179504395,1,-16.94697571,1,5.286566257476807,1,8.732322692871094,1,-6.297910213,1,-1.089183569,0,0.2248077243566513,0,-1.109197736,0
20.45956993,-23.63328743,1,4.657269001,1,-17.96994591,1,5.372518062591553,1,8.639317512512207,1,-6.684821606,1,-1.077491403,0,0.2181305438280106,0,-1.153124213,0
20.46356773,-25.80978012,1,3.187783479690552,1,-19.0763607,1,5.337605953216553,1,8.558588027954102,1,-7.056177616,1,-1.065475583,0,0.2104641050100327,0,-1.197494149,0
20.46756744,-28.45673561,1,0.5302661657333374,1,-20.27147865,1,5.144757747650146,1,8.505752563476563,1,-7.371956348,1,-1.053638697,0,0.2019819617271423,0,-1.242327809,0
20.47156906,-31.57437897,1,-2.550641537,1,-21.70024872,1,4.775180339813232,1,8.487276077270508,1,-7.626288414,1,-1.04267633,0,0.1929301768541336,0,-1.287662029,0
20.47556686,-35.08372879,1,-5.373332024,1,-22.80060196,1,4.256363391876221,1,8.456361770629883,1,-7.790518284,1,-1.033117771,0,0.1835799664258957,0,-1.333320975,0
20.47956657,-39.42292404,1,-7.097566128,1,-23.28924751,1,3.609558105,1,8.466474533081055,1,-7.890254498,1,-1.025525808,0,0.1741281747817993,0,-1.37922287,0
20.48356819,-43.71930695,1,-7.547156334,1,-23.66728592,1,2.931217432022095,1,8.475125312805176,1,-7.908400059,1,-1.020229101,0,0.1648110151290894,0,-1.425289154,0
20.48756599,-47.42223358,1,-6.001262188,1,-23.64038658,1,2.342159748077393,1,8.439825057983398,1,-7.872889996,1,-1.017048478,0,0.1556662172079086,0,-1.471253633,0
20.4915657,-50.30881119,1,-3.939141273,1,-22.80942726,1,1.932395815849304,1,8.386697769165039,1,-7.727020741,1,-1.015425563,0,0.1468466818332672,0,-1.516831756,0
20.49556732,-52.79806137,1,-1.408686042,1,-20.998806,1,1.759479165077209,1,8.294288635253906,1,-7.453689098,1,-1.014468551,0,0.1386532336473465,0,-1.561675429,0
20.49956513,-55.54506683,1,2.517386198043823,1,-19.25498962,1,1.812544822692871,1,8.058490753173828,1,-7.07902956,1,-1.013255477,0,0.1312706619501114,0,-1.605249643,0
20.50356484,-58.95630264,1,6.043170452,1,-16.60683632,1,2.053567171096802,1,7.746726036071777,1,-6.578598499,1,-1.010891795,0,0.1248627677559853,0,-1.646913171,0
20.50756645,-63.47373581,1,10.67031574249268,1,-13.60801315,1,2.487982988357544,1,7.275714397,1,-6.005302429,1,-1.006630063,0,0.1195558905601501,0,-1.686065912,0
20.51156426,-68.1955719,1,12.20106792449951,1,-8.779625893,1,3.111825942993164,1,6.867629051208496,1,-5.195966244,1,-0.999698162,0,0.1157876998186111,0,-1.722193956,0
20.51556206,-70.22357178,1,7.637686252593994,1,-3.683238029,1,3.624016284942627,1,6.530222893,1,-4.238551617,1,-0.989929438,0,0.1145656704902649,0,-1.755214453,0
20.51956368,-68.16239929,1,1.392633796,1,1.912094712257385,1,3.634031057357788,1,5.964844703674316,1,-3.130248308,1,-0.978606462,0,0.1160919144749641,0,-1.784418106,0
20.52356339,-64.19628906,1,-1.855457067,1,7.078730583190918,1,3.180787563323975,1,5.176980495452881,1,-1.978022933,1,-0.967773676,0,0.1202555969357491,0,-1.808778644,0
20.5275631,-58.6943779,1,0.7171205282211304,1,11.63640022277832,1,2.608487129211426,1,4.305471897125244,1,-0.965185702,1,-0.958557844,0,0.1263065040111542,0,-1.827865362,0
20.53156471,-52.04102707,1,12.11955070495605,1,11.67541694641113,1,2.315492391586304,1,3.217777013778687,1,-0.244054392,1,-1.074328423,0,-0.004244072,0,-1.865757704,0
20.53556252,-52.20376205,1,24.55398941040039,1,10.70286942,1,2.411825418,1,2.243883848190308,1,0.1355935484170914,1,-1.064900994,0,0.000785977,0,-1.875300288,0
20.53956223,-55.44874573,1,24.5488224,1,9.684242248535156,1,2.556427717208862,1,1.692008734,1,0.3716309070587158,1,-1.054952621,0,0.005511372,0,-1.881609917,0
20.54356384,-53.26868439,1,18.68956184387207,1,10.69560050964355,1,2.406890630722046,1,1.173632502555847,1,0.572224498,1,-1.044923425,0,0.010001974,0,-1.885662198,0
20.54756165,-51.4445076,1,12.83141136169434,1,11.31051731109619,1,1.886731386184692,1,0.6488294005393982,1,0.6703832149505615,1,-1.036308765,0,0.014003049,0,-1.887609243,0
20.55156136,-49.80134583,1,11.26147079467773,1,11.84476566314697,1,1.183013558387756,1,0.095045619,1,0.8311388492584229,1,-1.030125141,0,0.017280871,0,-1.88733232,0
20.55556107,-47.89274216,1,12.66195487976074,1,11.13666439056396,1,0.4865720570087433,1,-0.392189443,1,1.063035726547241,1,-1.026783705,0,0.02023373,0,-1.884854794,0
20.55955887,-46.97323608,1,14.28445529937744,1,9.491604804992676,1,-0.14485833,1,-0.827355981,1,1.345337510108948,1,-1.026005983,0,0.023146549,0,-1.880244732,0
20.56355858,-45.73390198,1,13.05959320068359,1,8.609678268432617,1,-0.721511722,1,-1.241303563,1,1.635600686073303,1,-1.027596116,0,0.026061354,0,-1.873642206,0
20.5675602,-42.16731644,1,10.08357429504395,1,8.069842338562012,1,-1.275244236,1,-1.707425714,1,2.022364377975464,1,-1.031348586,0,0.029302498,0,-1.864824891,0
20.57156372,-39.90150833,1,8.007699012756348,1,6.971345425,1,-1.764006853,1,-2.162030458,1,2.309720039367676,1,-1.037111282,0,0.032806259,0,-1.85370791,0
20.57556343,-34.89286804,1,5.458465576171875,1,4.529551982879639,1,-2.131419659,1,-2.685130835,1,2.534197330474854,1,-1.04448092,0,0.036302876,0,-1.840483904,0
20.57956505,18.40946578979492,1,-8.178355217,1,-30.12805176,1,-2.723146439,1,-3.852129459,1,3.179996967315674,1,-1.053437948,0,0.039654516,0,-1.823979616,0
20.58356285,-14.15142441,1,28.71645927429199,1,7.805068016052246,1,0.017575348,1,-6.337320805,1,4.373105525970459,1,-1.059375525,0,0.042030249,0,-1.798797607,0
20.58756256,-46.09179306,1,-32.12749481,1,30.82663917541504,1,-4.699074745,1,-6.025221825,1,4.613210201263428,1,-1.064641118,0,0.047109529,0,-1.767231226,0
20.59156418,39.44626998901367,1,-62.62782669,1,-8.632768631,1,-5.68215704,1,-6.384464741,1,5.727173805236816,1,-1.085446358,0,0.052196149,0,-1.736868382,0
20.59556198,59.32917404174805,1,-69.53806305,1,-19.53196907,1,-7.771790504,1,-8.923949242,1,8.494739532470703,1,-1.110583782,0,0.063809119,0,-1.694846749,0
20.59956169,57.46668625,1,-94.2056427,1,-80.63441467,1,-8.191894531,1,-8.935350418,1,8.615875244140625,1,-1.138098717,0,0.079375595,0,-1.647701144,0
20.60356331,-50.50803757,1,-89.63548279,1,-80.34593964,1,-8.627526283,1,-8.941513062,1,8.614234924316406,1,-1.16806519,0,0.096360967,0,-1.60085988,0
20.60756111,-112.183815,1,1.792759776115417,1,4.486019134521484,1,-8.627177238,1,-8.943332672,1,8.614976883,1,-1.197687626,0,0.1147295236587524,0,-1.554462433,0
20.61156082,-96.58267212,1,33.05276870727539,1,-12.09497261,1,-8.622458458,1,-8.937836647,1,7.709522724151611,1,-1.226536632,0,0.1335901767015457,0,-1.508840561,0
20.61556244,-189.5221405,1,39.34939575195313,1,-60.42414474,1,-8.591135979,1,-8.903777122,1,2.048888444900513,1,-1.255521655,0,0.1381929814815521,0,-1.469147325,0
20.61956024,-200.1567993,1,150.9840545654297,1,-76.03583527,1,-7.81910944,1,-3.349690437,1,1.996527314186096,1,-1.285256028,0,0.1379585415124893,0,-1.440733314,0
20.62355995,-68.90278625,1,155.5275115966797,1,-8.291635513,1,-1.324624658,1,-0.919774294,1,1.830419659614563,1,-1.301279306,0,0.1432258486747742,0,-1.432746172,0
20.62756157,45.92360305786133,1,70.91362762451172,1,-5.067931652,1,1.338178873062134,1,-2.502865314,1,2.709031581878662,1,-1.299806476,0,0.1510030031204224,0,-1.423296452,0
20.63155937,49.17150115966797,1,-48.80446243,1,-13.19340992,1,1.238110899925232,1,-2.323251486,1,0.8109510540962219,1,-1.291992426,0,0.1551726460456848,0,-1.41166532,0
20.63555718,-63.92079926,1,-89.75212097,1,-2.166751146,1,-0.564451814,1,-2.314146519,1,0.2158351540565491,1,-1.289085865,0,0.1538802981376648,0,-1.402006745,0
20.63955879,-33.59771729,1,4.266316413879395,1,22.65538979,1,-1.384444118,1,-1.214055061,1,1.65228796,1,-1.292465806,0,0.1556391417980194,0,-1.394162297,0
20.6435566,-10.90713692,1,28.97080612182617,1,-21.08449554,1,-0.399748713,1,-0.834121823,1,1.561025619506836,1,-1.295021772,0,0.1611194610595703,0,-1.388238311,0
20.64755631,-1.84032023,1,5.589668750762939,1,-6.899166107,1,-0.212128758,1,-0.818980515,1,1.134981036186218,1,-1.29554534,0,0.165261373,0,-1.383838296,0
20.65155983,-2.279264688,1,-13.07496738,1,-15.92835903,1,-0.009055831,1,-0.779467225,1,1.061081409454346,1,-1.29505229,0,0.1686253696680069,0,-1.379590511,0
20.65555573,7.190440178,1,-31.45294952,1,-19.09710312,1,-0.428459376,1,-1.2885921,1,1.428830385,1,-1.295099258,0,0.1722302883863449,0,-1.37436986,0
20.65955544,2.054637908935547,1,-16.67261696,1,-18.55645752,1,-0.876624703,1,-1.690376997,1,2.075931310653687,1,-1.296338439,0,0.1773901134729385,0,-1.366455436,0
20.66355896,-13.14916229,1,1.652213693,1,-7.197094917,1,-0.7122823,1,-1.531431079,1,2.089566230773926,1,-1.297925472,0,0.1837891340255737,0,-1.357682228,0
20.66755676,-3.704653978,1,-1.150972486,1,-11.05808926,1,-0.595276296,1,-1.339036226,1,1.696859359741211,1,-1.299081802,0,0.189549983,0,-1.350012183,0
20.67155647,1.743343353271484,1,-2.108749628,1,-9.895457268,1,-0.756928325,1,-1.382807851,1,1.542756676673889,1,-1.300473332,0,0.194262683,0,-1.342932224,0
20.67555809,-6.458636761,1,3.197283983230591,1,-9.089277267,1,-0.463081807,1,-1.169060469,1,1.403445125,1,-1.301632881,0,0.1986313164234161,0,-1.336259007,0
20.67955589,-16.21248436,1,9.752597808837891,1,-5.803858757,1,-0.603031158,1,-0.929800391,1,1.182403683662415,1,-1.302487373,0,0.2024592757225037,0,-1.330667734,0
20.6835556,-12.9158392,1,4.318584919,1,-7.239494324,1,-0.084880784,1,-1.160366774,1,1.270797252655029,1,-1.302663803,0,0.2059420049190521,0,-1.325317621,0
20.68755722,-7.888586998,1,-16.96327972,1,-2.831794262,1,-0.24096939,1,-1.266729474,1,1.231166124343872,1,-1.301993132,0,0.2095440775156021,0,-1.319368839,0
20.69156075,-5.842518806,1,-10.42105961,1,-8.164891243,1,-0.72955662,1,-1.138403177,1,1.289144396781921,1,-1.302643061,0,0.2130444347858429,0,-1.313261986,0
20.69556046,-2.931828976,1,1.088888526,1,-12.98891544,1,-0.900241911,1,-1.279965281,1,1.454132556915283,1,-1.304647326,0,0.217152938,0,-1.306998253,0
20.69956207,-2.208157301,1,-2.808958054,1,-13.78039551,1,-0.789961517,1,-1.528529048,1,1.242640137672424,1,-1.306591511,0,0.2209188342094421,0,-1.30005753,0
20.70355988,-4.511281013,1,1.875499129295349,1,-15.56955242,1,-0.774603426,1,-1.865100503,1,1.252765893936157,1,-1.307906628,0,0.2238997966051102,0,-1.292057872,0
20.70755959,-5.476903915,1,2.635733604431152,1,-16.38458252,1,-0.772216737,1,-2.306496143,1,1.306501030921936,1,-1.308810711,0,0.2267078161239624,0,-1.282404542,0
20.7115612,-6.387401581,1,-3.365110159,1,-16.4599247,1,-0.899541497,1,-2.737680197,1,1.290579557418823,1,-1.309523344,0,0.2291106581687927,0,-1.270991564,0
20.71555901,-2.864903688,1,-2.839868307,1,-15.9610014,1,-1.044774652,1,-3.111218691,1,1.307030797,1,-1.310521483,0,0.2311038821935654,0,-1.257994413,0
20.71955872,-3.407239676,1,-1.24613142,1,-19.86058807,1,-1.003108501,1,-3.44547987,1,1.358951807022095,1,-1.311310768,0,0.2328422516584396,0,-1.243571043,0
20.72356033,0.4619952440261841,1,-3.714832306,1,-21.65330696,1,-1.147927284,1,-4.001391411,1,1.468166947364807,1,-1.311791658,0,0.2345831096172333,0,-1.227332592,0
20.72755814,-0.779971659,1,-3.143288374,1,-22.89523315,1,-1.278066874,1,-4.676766872,1,1.464273810386658,1,-1.312308073,0,0.2357809841632843,0,-1.208561659,0
20.73155594,-0.318978369,1,-0.023611514,1,-22.67116737,1,-1.281538248,1,-5.35853529,1,1.596825242042542,1,-1.312405229,0,0.2365460097789764,0,-1.186974883,0
20.73555756,2.417483568191528,1,-0.30912441,1,-22.5759697,1,-1.145522833,1,-6.018104076,1,1.750920653343201,1,-1.311568975,0,0.2372368574142456,0,-1.162595868,0
20.73955536,3.335917949676514,1,-2.903261662,1,-22.24676704,1,-0.978267729,1,-6.65730238,1,1.817466259002686,1,-1.309406757,0,0.2375906854867935,0,-1.135474086,0
20.74355507,3.8809762,1,-3.617700338,1,-21.25774956,1,-0.885552287,1,-7.341123104,1,1.987407922744751,1,-1.306156754,0,0.2376838773488998,0,-1.105682492,0
20.74755669,3.555361986160278,1,-4.704809189,1,-20.41095352,1,-0.813324511,1,-8.097446442,1,2.129704952,1,-1.301783204,0,0.2374975383281708,0,-1.072763562,0
20.75155449,4.670190811157227,1,-3.91967392,1,-20.7367382,1,-0.787780821,1,-8.683317184,1,2.195066690444946,1,-1.296596646,0,0.2368278056383133,0,-1.037085295,0
20.7555542,7.004474639892578,1,-1.705402851,1,-20.15262413,1,-0.695952952,1,-8.741099358,1,2.215956687927246,1,-1.290958405,0,0.2357513457536697,0,-1.000068903,0
20.75955582,7.307596206665039,1,-1.148515224,1,-20.65239906,1,-0.498933345,1,-8.738202095,1,2.405405998,1,-1.284711003,0,0.2348625808954239,0,-0.962897778,0
20.76355362,4.799220561981201,1,-2.377095222,1,-20.55548668,1,-0.405217826,1,-8.736268997,1,2.385975122451782,1,-1.277800679,0,0.2341048717498779,0,-0.925637782,0
20.76755333,2.426400899887085,1,-4.980060101,1,-18.84840965,1,-0.562864184,1,-8.740615845,1,2.583874464035034,1,-1.271072388,0,0.2333335131406784,0,-0.888314426,0
20.77155495,1.616298198699951,1,-4.051098824,1,-18.98580933,1,-0.594796598,1,-8.740859985,1,2.676935673,1,-1.264770269,0,0.2329734712839127,0,-0.850779414,0
20.77555275,-0.872962654,1,-2.440748453,1,-19.00639153,1,-0.4892883,1,-8.739368439,1,2.584765434265137,1,-1.258343697,0,0.2323973774909973,0,-0.813251376,0
20.77955246,-3.912662983,1,0.2909493446350098,1,-21.9579792,1,-0.353564113,1,-8.736722946,1,2.752512216567993,1,-1.191862941,0,0.2537631690502167,0,-0.914538145,0
20.78355408,-20.52012444,1,3.345630407333374,1,-23.06049919,1,-0.033883657,1,-8.72755146,1,2.365372180938721,1,-1.183350325,0,0.250270665,0,-0.877102733,0
20.78755188,-15.53389645,1,1.859027743339539,1,-21.18446922,1,0.2732854187488556,1,-8.72068119,1,2.295928716659546,1,-1.17379427,0,0.2455995678901672,0,-0.840140462,0
20.79155159,-19.83526802,1,3.824394702911377,1,-20.62099266,1,0.5597073435783386,1,-8.714799881,1,2.220870494842529,1,-1.163329363,0,0.2403175383806229,0,-0.80341363,0
20.79555321,-28.8592186,1,5.603302955627441,1,-17.84646606,1,1.149467945098877,1,-8.701669693,1,2.022224665,1,-1.151410937,0,0.2340559065341949,0,-0.7671085,0
20.79955101,-33.17463684,1,1.68592906,1,-11.87704849,1,1.738452076911926,1,-8.691464424,1,2.288632154464722,1,-1.137364984,0,0.2273446619510651,0,-0.730998278,0
20.80355072,-43.08596039,1,0.4963144063949585,1,-12.81372738,1,1.782099962234497,1,-8.69302845,1,2.834098100662231,1,-1.12195456,0,0.221870944,0,-0.694215596,0
20.80755234,-50.98387146,1,-2.018055677,1,-7.447838306,1,1.502648830413818,1,-8.698939323,1,2.884370803833008,1,-1.107310057,0,0.2168558835983276,0,-0.657037616,0
20.81155396,-58.18029022,1,-2.335141182,1,-6.917907715,1,1.272662878036499,1,-8.701574326,1,2.628489494,1,-1.093860865,0,0.2109073251485825,0,-0.620185256,0
20.81555748,-56.94837952,1,-1.4188658,1,-2.886058331,1,0.949141264,1,-7.799592018,1,2.406307697296143,1,-1.082271338,0,0.2042008340358734,0,-0.585034311,0
20.81955719,-44.64862823,1,-4.067229748,1,4.465635299682617,1,0.6287611722946167,1,-6.374443531,1,2.255803346633911,1,-1.073090076,0,0.1990159004926682,0,-0.555131793,0
20.82355499,-35.61468887,1,-13.53474426,1,8.330514907836914,1,-0.116995782,1,-5.097817421,1,2.178161621,1,-1.06694448,0,0.1957507729530334,0,-0.530314445,0
20.8275547,-22.47041512,1,-15.30945396,1,7.211697578430176,1,-1.662736773,1,-4.081985474,1,2.201699733734131,1,-1.066462636,0,0.194646418,0,-0.509662688,0
20.83155632,-37.97906113,1,3.028589725494385,1,8.859766960144043,1,-2.328095198,1,-4.101527691,1,2.349366664886475,1,-1.071299672,0,0.1948487907648087,0,-0.490889192,0
20.83555412,-65.3649292,1,-0.848089755,1,-5.816377163,1,-2.183901072,1,-3.199695587,1,2.034137010574341,1,-1.07674098,0,0.1952672004699707,0,-0.473356366,0
20.83955383,-43.71482086,1,-7.662056923,1,-6.248894215,1,-2.813111782,1,-2.067370653,1,2.295654535293579,1,-1.084094048,0,0.1979712694883347,0,-0.459898263,0
20.84355545,-20.71372604,1,0.1706662625074387,1,-4.634209156,1,-3.110562801,1,-2.328480005,1,2.639194488525391,1,-1.093648195,0,0.2028204649686813,0,-0.447587162,0
20.84755325,-12.74213886,1,3.315146207809448,1,-5.9306674,1,-2.874356508,1,-3.26855731,1,2.833431005477905,1,-1.102581382,0,0.2075033187866211,0,-0.43233332,0
20.85155296,-14.04789829,1,1.798960686,1,-3.679965019,1,-2.5305686,1,-4.122084141,1,3.186398506164551,1,-1.109428525,0,0.2115839272737503,0,-0.413300782,0
20.85555458,-17.06894112,1,1.787708044052124,1,-3.848988295,1,-2.044474363,1,-4.813309669,1,3.543853282928467,1,-1.113832355,0,0.2157458364963531,0,-0.390724599,0
20.85955238,-21.8831234,1,2.131613492965698,1,-5.84858942,1,-1.541703224,1,-5.121079445,1,3.784448862075806,1,-1.11557734,0,0.220134437,0,-0.365744889,0
20.86355209,-24.37817574,1,1.284590721130371,1,-7.455694199,1,-1.035165906,1,-5.181768417,1,3.909851074,1,-1.115009904,0,0.2249020636081696,0,-0.339790732,0
20.86755371,-25.70000648,1,0.1235017776489258,1,-9.371350288,1,-0.554393351,1,-5.092811584,1,3.953551054000854,1,-1.112291098,0,0.2299432903528214,0,-0.313692689,0
20.87155151,-26.23340607,1,-2.412460089,1,-10.71532059,1,-0.150813669,1,-4.86894989,1,3.973056077957153,1,-1.107757568,0,0.2352808862924576,0,-0.288089782,0
20.87555122,-25.94082832,1,-5.351575851,1,-11.71744347,1,0.1179290413856506,1,-4.595170975,1,4.024528503417969,1,-1.101927996,0,0.2410509884357452,0,-0.263285279,0
20.87955284,-24.40123749,1,-7.720429897,1,-12.51238155,1,0.2521111965179443,1,-4.307021141,1,4.091831207275391,1,-1.095376253,0,0.2474063187837601,0,-0.239341229,0
20.88355064,-21.75957489,1,-9.225969315,1,-13.01614094,1,0.2811781764030457,1,-4.085883141,1,4.171660423278809,1,-1.088526249,0,0.2543520331382751,0,-0.216121569,0
20.88754845,-19.27834129,1,-9.906036377,1,-13.18880272,1,0.2713617384433746,1,-3.953728676,1,4.267420291900635,1,-1.081583261,0,0.2617785334587097,0,-0.193289608,0
20.89155006,-17.47469902,1,-9.960953712,1,-13.20204639,1,0.2656526267528534,1,-3.912035704,1,4.361779213,1,-1.074525595,0,0.2695570290088654,0,-0.170479551,0
20.89554787,-16.21627998,1,-9.808936119,1,-13.27369595,1,0.276461273,1,-3.919114113,1,4.462605953216553,1,-1.067219377,0,0.2775430679321289,0,-0.147419572,0
20.89954948,-15.60898495,1,-9.447325706,1,-13.21521473,1,0.321058452,1,-3.949451447,1,4.557530403137207,1,-1.05952394,0,0.2856583297252655,0,-0.123970941,0
20.90354919,-15.56638718,1,-9.03619194,1,-13.16470242,1,0.4194025695323944,1,-3.993225098,1,4.646253586,1,-1.051232457,0,0.2938496470451355,0,-0.100074515,0
20.907547,-15.98490334,1,-8.692051888,1,-13.19847107,1,0.5514134764671326,1,-4.017587185,1,4.733332633972168,1,-1.042155623,0,0.3020675778388977,0,-0.075742625,0
20.91154671,-16.46988106,1,-8.511153221,1,-13.29786587,1,0.7262937426567078,1,-4.027233601,1,4.809963226318359,1,-1.032141089,0,0.3103154003620148,0,-0.051022056,0
20.91554833,-17.21125221,1,-8.672204971,1,-13.50818539,1,0.8930551409721375,1,-4.031503201,1,4.892077922821045,1,-1.02114892,0,0.3185679316520691,0,-0.02596309,0
20.91954613,-17.86098671,1,-9.118442535,1,-13.68557072,1,1.042252421379089,1,-4.002820015,1,4.954277992248535,1,-1.009222627,0,0.3268324136734009,0,-0.000617027,0
20.92354584,-18.69061279,1,-9.785710335,1,-13.86082649,1,1.136586546897888,1,-3.966000319,1,5.019242763519287,1,-0.996535838,0,0.33506456,0,0.024943957,0
20.92754746,-19.38049507,1,-10.73289299,1,-14.0964365,1,1.180243253707886,1,-3.910212517,1,5.060922145843506,1,-0.983329654,0,0.3432754874229431,0,0.050643831,0
20.93155098,-20.00177765,1,-11.43799019,1,-14.30582523,1,1.161239266395569,1,-3.831794739,1,5.102319717407227,1,-0.9698627,0,0.3514643609523773,0,0.076397322,0
20.93555069,-20.88587189,1,-12.29329967,1,-14.87133026,1,1.085088610649109,1,-3.721158981,1,5.131860256195068,1,-0.956427276,0,0.3596629500389099,0,0.1020814776420593,0
20.93955231,-21.60862732,1,-12.53800201,1,-15.24376965,1,1.002133608,1,-3.617860079,1,5.084395408630371,1,-0.943185687,0,0.3677366971969604,0,0.1275744885206223,0
20.94355011,-22.51772118,1,-13.39871693,1,-15.62304115,1,0.8665176033973694,1,-3.482703447,1,5.060077667236328,1,-0.930292845,0,0.375688225,0,0.152757853,0
20.94754982,-22.41897011,1,-14.21733189,1,-16.346632,1,0.6886273622512817,1,-3.345220804,1,4.989384174346924,1,-0.917955816,0,0.3834826946258545,0,0.177566797,0
20.95155144,-21.69842529,1,-14.7511673,1,-16.37664032,1,0.4650106430053711,1,-3.238012552,1,4.907572269439697,1,-0.906450987,0,0.3911034166812897,0,0.2018918544054031,0
20.95554924,-21.03618431,1,-15.0855484,1,-16.88075829,1,0.2212812751531601,1,-3.172442675,1,4.808351993560791,1,-0.895854115,0,0.3983837962150574,0,0.225854218,0
20.95954895,-20.29654503,1,-15.21353912,1,-17.69561386,1,-0.056066316,1,-3.129640818,1,4.678741455078125,1,-0.886214077,0,0.4051735103130341,0,0.2495095431804657,0
20.96355057,-19.22996902,1,-15.32485008,1,-17.29208183,1,-0.322409719,1,-3.165162086,1,4.519648551940918,1,-0.877730608,0,0.4113845229148865,0,0.2728257775306702,0
20.96754837,-18.16243935,1,-15.14278889,1,-17.66692924,1,-0.57463479,1,-3.225927353,1,4.351984977722168,1,-0.870206714,0,0.4168016016483307,0,0.2959649562835693,0
20.97154808,-17.35080719,1,-15.13053608,1,-17.56218529,1,-0.847171307,1,-3.308220863,1,4.165305614471436,1,-0.863699615,0,0.4213344156742096,0,0.3189401626586914,0
20.9755497,-16.530756,1,-14.98064613,1,-17.67171478,1,-1.118418932,1,-3.404090405,1,3.951367616653442,1,-0.858268142,0,0.4249125719070435,0,0.3417136073112488,0
20.9795475,-15.79993153,1,-14.86750031,1,-17.71247482,1,-1.384381652,1,-3.509687901,1,3.723648787,1,-0.853954852,0,0.4274462461471558,0,0.3642449378967285,0
20.9835453,-15.35810661,1,-14.78566456,1,-17.71476555,1,-1.658518314,1,-3.597668171,1,3.485117197036743,1,-0.850825429,0,0.4289400279521942,0,0.3864368796348572,0
20.98754692,-15.03538036,1,-14.59053993,1,-17.83824539,1,-1.893576503,1,-3.664924383,1,3.223002195358276,1,-0.84889555,0,0.4294241070747375,0,0.4081750214099884,0
20.99154472,-14.85284519,1,-14.48671436,1,-18.39457321,1,-2.104221582,1,-3.709989548,1,2.945034742355347,1,-0.848102927,0,0.4289358258247375,0,0.4293097853660583,0
20.99554443,-14.37961578,1,-14.50934792,1,-19.43691635,1,-2.295469284,1,-3.742772579,1,2.666117191314697,1,-0.848419189,0,0.4274965524673462,0,0.4497668445110321,0
20.99954605,-13.78050518,1,-13.71603966,1,-20.86829948,1,-2.448596239,1,-3.750108957,1,2.381651639938354,1,-0.849775374,0,0.425165206,0,0.4694521725177765,0
21.00354385,-13.65958977,1,-12.3412056,1,-22.06180382,1,-2.511516094,1,-3.71323657,1,2.071559906005859,1,-0.852002978,0,0.4220130443572998,0,0.4882249534130096,0
21.00754356,-13.70970821,1,-11.59718132,1,-23.0768528,1,-2.499669313,1,-3.592250109,1,1.740483761,1,-0.854867578,0,0.4181375503540039,0,0.5057916045188904,0
21.01154518,-13.74166298,1,-13.03073597,1,-22.81241417,1,-2.467107296,1,-3.328652143,1,1.392251372337341,1,-0.858341992,0,0.4137730598449707,0,0.5217482447624207,0
21.01554298,-13.27399731,1,-16.01523018,1,-22.72169113,1,-2.535738945,1,-2.930198193,1,1.010527014732361,1,-0.862775803,0,0.4092472195625305,0,0.5355578064918518,0
21.01954269,-12.20138645,1,-18.30422211,1,-22.09588623,1,-2.832457781,1,-2.461156845,1,0.5831651091575623,1,-0.869007707,0,0.4046939611434937,0,0.5467718839645386,0
21.02354622,-10.46119595,1,-18.756464,1,-20.88391685,1,-3.3206532,1,-1.961755395,1,0.1227438002824783,1,-0.87801981,0,0.4000913202762604,0,0.5551336407661438,0
21.02754211,-8.89156723,1,-17.67565155,1,-19.39309311,1,-3.762820005,1,-1.445104837,1,-0.301114619,1,-0.890105844,0,0.3954800069332123,0,0.5605916380882263,0
21.03154373,-7.194432735,1,-15.40467167,1,-19.04289627,1,-4.0227952,1,-0.923580229,1,-0.684047937,1,-0.947936893,0,0.3581821024417877,0,0.5307527184486389,0
21.03554535,-5.082172394,1,-11.36946392,1,-18.69649124,1,-4.086242199,1,-0.349689633,1,-1.057353735,1,-0.964159012,0,0.3538565635681152,0,0.5308327674865723,0
21.03954315,-2.032299995,1,-9.162492752,1,-18.27285576,1,-3.965989113,1,0.2225407660007477,1,-1.468592286,1,-0.981235564,0,0.3495420813560486,0,0.5280526876449585,0
21.04354286,1.095019221305847,1,-9.449875832,1,-16.45159721,1,-3.829717636,1,0.7699277997016907,1,-1.931085467,1,-0.998767376,0,0.3449625670909882,0,0.5223027467727661,0
21.04754448,5.350359916687012,1,-9.362404823,1,-14.65479755,1,-3.860320568,1,1.231482506,1,-2.408559322,1,-1.016979694,0,0.3397672474384308,0,0.5137511491775513,0
21.051548,10.32053279876709,1,-9.655278206,1,-12.26908779,1,-3.943174601,1,1.607700824737549,1,-2.843456268,1,-1.036231637,0,0.3337250947952271,0,0.5028032660484314,0
21.05554581,14.72634983062744,1,-8.905845642,1,-10.26545429,1,-3.92979598,1,1.892726421356201,1,-3.185914278,1,-1.056169033,0,0.3267987072467804,0,0.4899970591068268,0
21.05954742,16.21111869812012,1,-6.415503025,1,-8.327775955,1,-3.844531775,1,2.265238761901855,1,-3.55866313,1,-1.076323628,0,0.3189879059791565,0,0.4754697680473328,0
21.06354523,18.86090850830078,1,-3.012736082,1,-6.94411087,1,-3.678369999,1,2.646934270858765,1,-3.929890633,1,-1.096484065,0,0.3103033602237701,0,0.4590071737766266,0
21.06754494,20.62556648254395,1,0.1580726206302643,1,-6.065856934,1,-3.401661396,1,3.037987709,1,-4.30368948,1,-1.116209984,0,0.3006774187088013,0,0.4406235814094543,0
21.07154656,19.86377906799316,1,3.078384637832642,1,-4.769145489,1,-2.991878033,1,3.500856876373291,1,-4.700859547,1,-1.134976506,0,0.2900333404541016,0,0.4202121794223785,0
21.07554436,17.31372451782227,1,5.248508453369141,1,-4.349244118,1,-2.406648397,1,4.035614967346191,1,-5.105359554,1,-1.152191997,0,0.2784053981304169,0,0.3974624574184418,0
21.07954407,14.75256156921387,1,5.715368270874023,1,-3.982420921,1,-1.75933516,1,4.658411502838135,1,-5.426258564,1,-1.167321086,0,0.2660111486911774,0,0.3721904158592224,0
21.08354569,14.02381038665771,1,6.345679759979248,1,-4.323441982,1,-1.083928227,1,5.202844142913818,1,-5.636115551,1,-1.18009758,0,0.2532139718532562,0,0.3444809913635254,0
21.08754349,13.36459922790527,1,6.855424880981445,1,-3.970300198,1,-0.512112021,1,5.705390453338623,1,-5.736145973,1,-1.190523624,0,0.2403362989425659,0,0.3147895634174347,0
21.0915432,12.48934078216553,1,6.790311336517334,1,-3.690935612,1,-0.049909957,1,6.152347087860107,1,-5.784638405,1,-1.198887587,0,0.2275843769311905,0,0.2833974659442902,0
21.09554482,12.35636711120605,1,6.250323772,1,-3.323129892,1,0.315509707,1,6.587265968322754,1,-5.762300968,1,-1.205553532,0,0.2152103632688522,0,0.2504888474941254,0
21.09954262,11.25187969207764,1,5.754456043243408,1,-3.254140854,1,0.6297744512557983,1,7.007588863372803,1,-5.663063526,1,-1.210771203,0,0.2034696042537689,0,0.2162050306797028,0
21.10354233,9.138072014,1,5.127879619598389,1,-3.547716856,1,0.9235928058624268,1,7.394805431365967,1,-5.501589775,1,-1.214637041,0,0.1926418840885162,0,0.1807100474834442,0
21.10754395,6.766361713409424,1,4.876097202301025,1,-4.511537552,1,1.166256785392761,1,7.755825042724609,1,-5.303825855,1,-1.217266679,0,0.1828923672437668,0,0.1441454589366913,0
21.11154175,4.324966430664063,1,4.242788314819336,1,-5.207926273,1,1.346390008926392,1,8.116079330444336,1,-5.075313568,1,-1.218895555,0,0.1743772625923157,0,0.1065959185361862,0
21.11554146,2.139005184173584,1,3.577898025512695,1,-6.065144062,1,1.473283171653748,1,8.469043731689453,1,-4.851307392,1,-1.219795704,0,0.1671612411737442,0,0.068056859,0
21.11954308,0.1275700628757477,1,2.865826845169067,1,-6.856249809,1,1.559615015983582,1,8.761337280273438,1,-4.640808582,1,-1.220173597,0,0.1612000316381454,0,0.02858899,0
21.12354088,-1.883051157,1,2.084011554718018,1,-7.754113674,1,1.611565947532654,1,8.761738777160645,1,-4.459698677,1,-1.220086932,0,0.1561504602432251,0,-0.011070036,0
21.12754059,-3.500393152,1,1.04302454,1,-8.450176239,1,1.619562626,1,8.761614799499512,1,-4.302917004,1,-1.219647765,0,0.1517443656921387,0,-0.050467934,0
21.13154221,-4.794205666,1,0.4033570885658264,1,-9.130187988,1,1.580320835113525,1,8.759524345397949,1,-4.149004459,1,-1.219076753,0,0.1479432582855225,0,-0.089622781,0
21.13554001,-5.944099903,1,-0.553849399,1,-9.752931595,1,1.495995163917542,1,8.756355285644531,1,-4.00531435,1,-1.218595386,0,0.1447185575962067,0,-0.128539935,0
21.13953972,-7.052796364,1,-1.022674084,1,-10.64436531,1,1.401630401611328,1,8.753476142883301,1,-3.874325037,1,-1.218326092,0,0.1420221775770187,0,-0.167240605,0
21.14354134,-8.314805031,1,-1.407645583,1,-11.19032097,1,1.303806662559509,1,8.750544548034668,1,-3.766459227,1,-1.218326211,0,0.1397596150636673,0,-0.205756098,0
21.14753914,-9.348075867,1,-1.38772738,1,-11.76824951,1,1.240044236183167,1,8.749484062194824,1,-3.697688818,1,-1.218549013,0,0.1378412395715714,0,-0.244122088,0
21.15153885,-10.18391132,1,-1.141932726,1,-12.37713432,1,1.194701075553894,1,8.748909950256348,1,-3.643177986,1,-1.21892941,0,0.1361419260501862,0,-0.282387227,0
21.15554047,-10.61805725,1,-0.573046207,1,-13.08544159,1,1.208120465278625,1,8.748426437,1,-3.578138828,1,-1.219291806,0,0.1346034109592438,0,-0.32057488,0
21.15953827,-10.91202641,1,-0.217555657,1,-13.52050495,1,1.256539344787598,1,8.749088287353516,1,-3.546904564,1,-1.219498515,0,0.1332661360502243,0,-0.358677447,0
21.16353798,-11.35454559,1,0.3027510344982147,1,-13.94033813,1,1.403152346611023,1,8.751985549926758,1,-3.518640995,1,-1.2192173,0,0.1320516318082809,0,-0.396737516,0
21.1675396,-11.82485199,1,0.8815056085586548,1,-14.25595951,1,1.614534854888916,1,8.756473541259766,1,-3.479491949,1,-1.218187332,0,0.1309982687234879,0,-0.43475619,0
21.17154312,-12.44269466,1,1.282258033752441,1,-14.39986229,1,1.880276679992676,1,8.760273933410645,1,-3.448878527,1,-1.216146469,0,0.1301296800374985,0,-0.47274226,0
21.17554474,-12.8399868,1,1.042919158935547,1,-14.38504887,1,2.143748998641968,1,8.766853332519531,1,-3.409884691,1,-1.21300745,0,0.1294945031404495,0,-0.510700285,0
21.17954636,-13.05900002,1,0.2486869543790817,1,-14.21091557,1,2.383194208145142,1,8.771087646484375,1,-3.359838486,1,-1.208841681,0,0.129168227,0,-0.548614383,0
21.18354416,-12.94270039,1,-0.772237778,1,-13.89179611,1,2.581575393676758,1,8.774725914001465,1,-3.299650431,1,-1.203776121,0,0.1292339116334915,0,-0.586461723,0
21.18754387,-12.54828644,1,-1.758051872,1,-13.7121172,1,2.735821247,1,8.778000831604004,1,-3.220909357,1,-1.198003888,0,0.1297614872455597,0,-0.624222815,0
21.19154549,-12.48950386,1,-2.607298374,1,-13.59986877,1,2.836278676986694,1,8.779408455,1,-3.127185345,1,-1.191741347,0,0.1308401674032211,0,-0.661865771,0
21.19554329,-12.70711803,1,-3.224867582,1,-13.75734425,1,2.916391611099243,1,8.780474662780762,1,-3.028661013,1,-1.185148954,0,0.13252762,0,-0.699363708,0
21.19954109,-13.38749123,1,-3.476542473,1,-13.917696,1,2.978758335113525,1,8.781978607177734,1,-2.931601763,1,-1.17833364,0,0.1348315328359604,0,-0.736713648,0
21.20354271,-13.96320343,1,-3.182593822,1,-14.13874531,1,3.030201435089111,1,8.781285285949707,1,-2.857882023,1,-1.171366453,0,0.1377071589231491,0,-0.773927689,0
21.20754051,-14.54552746,1,-2.517097235,1,-14.49002552,1,3.118530750274658,1,8.783155441,1,-2.830034018,1,-1.164227962,0,0.1410232186317444,0,-0.811063409,0
21.21154213,-15.19653988,1,-1.611985087,1,-14.88168335,1,3.249592781066895,1,8.785543441772461,1,-2.830239773,1,-1.156785727,0,0.1446638554334641,0,-0.848175049,0
21.21554184,-15.61772633,1,-0.722386599,1,-15.22902966,1,3.414192914962769,1,8.790765762329102,1,-2.868419647,1,-1.148898244,0,0.1485162377357483,0,-0.885323763,0
21.21953964,-15.74607277,1,-0.024166407,1,-15.51213455,1,3.615333080291748,1,8.794279098510742,1,-2.952003717,1,-1.140415549,0,0.1524633020162582,0,-0.922577322,0
21.22353935,-15.56554127,1,0.4730713367462158,1,-15.89634418,1,3.811842918395996,1,8.799239158630371,1,-3.049319267,1,-1.131305575,0,0.1564045250415802,0,-0.959989429,0
21.22754097,-15.14359188,1,0.6369195580482483,1,-16.33678627,1,3.961818457,1,8.802996635437012,1,-3.162574053,1,-1.121680498,0,0.1603040248155594,0,-0.997595251,0
21.23153877,-14.36386395,1,0.879676342,1,-16.86389732,1,4.119568347930908,1,8.807126998901367,1,-3.259706974,1,-1.111620069,0,0.1642024517059326,0,-1.035379291,0
21.23553848,-13.53667545,1,1.906505465507507,1,-17.4348793,1,4.302688598632813,1,8.810782432556152,1,-3.341123104,1,-1.101061225,0,0.1681912541389465,0,-1.073313355,0
21.2395401,-14.00595379,1,2.770847559,1,-18.19827461,1,4.530807971954346,1,8.815584182739258,1,-3.42487216,1,-1.089862108,0,0.1722930520772934,0,-1.111401796,0
21.2435379,-15.42677879,1,2.835158824920654,1,-19.06738281,1,4.781657218933105,1,8.821969985961914,1,-3.51173687,1,-1.077879667,0,0.1765382587909698,0,-1.149649143,0
21.24753761,-17.43530083,1,1.845358014,1,-19.90767097,1,5.013309001922607,1,8.827549934387207,1,-3.611929178,1,-1.065101027,0,0.1809343695640564,0,-1.188069105,0
21.25153923,-19.01291275,1,0.2846805155277252,1,-20.39788055,1,5.125725746154785,1,8.830799102783203,1,-3.735636234,1,-1.051828027,0,0.1854361742734909,0,-1.226699591,0
21.25553703,-19.49965858,1,-1.633182645,1,-20.62268829,1,5.058653831481934,1,8.829743385314941,1,-3.87375021,1,-1.038676977,0,0.1899957358837128,0,-1.265570641,0
21.25953674,-19.35555458,1,-3.045398712,1,-20.80952454,1,4.817890167236328,1,8.825935363769531,1,-4.039855003,1,-1.026360512,0,0.1945190578699112,0,-1.304718494,0
21.26353836,-19.1294651,1,-3.437305212,1,-20.96142769,1,4.449797153,1,8.819148063659668,1,-4.218768597,1,-1.015531421,0,0.1988769769668579,0,-1.344203115,0
21.26753616,-19.10476685,1,-3.233170033,1,-21.06772804,1,4.055014133453369,1,8.811967849731445,1,-4.422636032,1,-1.006482124,0,0.2029644846916199,0,-1.384060144,0
21.27153587,-19.2317276,1,-2.586476088,1,-21.27004051,1,3.677901268005371,1,8.806746482849121,1,-4.632770538,1,-0.999220371,0,0.2066589742898941,0,-1.424345851,0
21.27553749,-19.99068069,1,-2.325977564,1,-21.54406738,1,3.322020292282104,1,8.798790932,1,-4.829118252,1,-0.993649244,0,0.2099063694477081,0,-1.465068221,0
21.27953529,-21.64632034,1,-2.903376102,1,-21.90130043,1,2.981212615966797,1,8.793575286865234,1,-4.99565506,1,-1.148412824,0,0.055510025,0,-1.573265314,0
21.283535,-23.72088051,1,-3.542810917,1,-22.47375107,1,2.642712831497192,1,8.787751197814941,1,-5.163469315,1,-1.139332533,0,0.051577635,0,-1.613743067,0
21.28753662,-25.95533752,1,-4.628590107,1,-23.06923294,1,2.316950798034668,1,8.780581474304199,1,-5.315062523,1,-1.131428599,0,0.047398429,0,-1.654491663,0
21.29154015,-28.56390762,1,-5.695768356,1,-23.76189041,1,1.998100996017456,1,8.776344299316406,1,-5.452614307,1,-1.124652028,0,0.042984102,0,-1.69548893,0
21.29553795,-31.60854721,1,-6.034023285,1,-24.43721962,1,1.711447834968567,1,8.686170578,1,-5.585994244,1,-1.118916512,0,0.038291872,0,-1.736635566,0
21.29953957,-35.18630981,1,-5.9616189,1,-24.49176216,1,1.520106196403503,1,8.509308815002441,1,-5.709132671,1,-1.11393702,0,0.033074062,0,-1.777447462,0
21.30353737,-38.9593277,1,-5.582583427,1,-23.99315262,1,1.435980200767517,1,8.354193687438965,1,-5.801391125,1,-1.109287024,0,0.02738875,0,-1.817908168,0
21.30753899,-42.52082443,1,-5.059119225,1,-23.04833412,1,1.466347575187683,1,8.119367599487305,1,-5.857756615,1,-1.104476452,0,0.021286279,0,-1.857856393,0
21.3115387,-46.07695007,1,-3.636308193,1,-21.54525185,1,1.576747775,1,7.755972385406494,1,-5.842460632,1,-1.099120736,0,0.014746546,0,-1.896803379,0
21.3155365,-50.30353165,1,-1.437888265,1,-19.3852253,1,1.794736028,1,7.326255798339844,1,-5.763791561,1,-1.092839003,0,0.007887982,0,-1.93424809,0
21.31953621,-54.66505814,1,1.897225737571716,1,-16.56165504,1,2.147393703460693,1,6.826531887054443,1,-5.671672821,1,-1.085152626,0,0.000727266,0,-1.969949365,0
21.32353783,-56.65151978,1,2.858412742614746,1,-12.70445347,1,2.653743982315063,1,6.284816741943359,1,-5.439691067,1,-1.075464725,0,-0.006542312,0,-2.003553629,0
21.32753563,-57.55908585,1,0.2040964961051941,1,-8.485821724,1,3.033680438995361,1,5.711552143096924,1,-5.119058132,1,-1.063716292,0,-0.013526227,0,-2.034776211,0
21.33153534,-56.21390152,1,-2.857968092,1,-4.148247242,1,3.064198494,1,4.949873924255371,1,-4.689913273,1,-1.050945044,0,-0.0201545,0,-2.063014269,0
21.33553696,-54.06882858,1,-3.312544584,1,0.3747904002666473,1,2.843802928924561,1,4.084553718566895,1,-4.225788593,1,-1.038528562,0,-0.026489824,0,-2.087612867,0
21.33953476,-51.01185608,1,2.899774789810181,1,2.822356462478638,1,2.716336250305176,1,3.118326425552368,1,-3.855974197,1,-1.02685833,0,-0.032928038,0,-2.108294487,0
21.34353447,-49.72790527,1,14.34343338012695,1,3.857369899749756,1,2.934613227844238,1,2.086037158966064,1,-3.710211754,1,-1.015046239,0,-0.040379081,0,-2.125054836,0
21.34753609,-52.16708374,1,20.28958892822266,1,5.270329952,1,3.227688550949097,1,1.497200012207031,1,-3.65245223,1,-1.002032518,0,-0.049090728,0,-2.138873816,0
21.35153389,-50.47629929,1,17.95994567871094,1,7.082297801971436,1,3.338992357254028,1,0.9809673428535461,1,-3.505637646,1,-0.988172591,0,-0.058424536,0,-2.150854111,0
21.3555336,-48.3217659,1,10.58889198303223,1,9.705525398254395,1,2.985193729400635,1,0.5344213843345642,1,-3.200824499,1,-0.974761307,0,-0.067946821,0,-2.160871267,0
21.35953522,-46.12714767,1,3.652648687362671,1,10.67402554,1,2.12766695,1,0.05663453,1,-2.749670506,1,-0.96385777,0,-0.077108458,0,-2.168601513,0
21.36353302,-45.69410706,1,3.628038883209229,1,10.36203479766846,1,1.041344523429871,1,-0.343352854,1,-2.23459363,1,-0.957118809,0,-0.085612446,0,-2.173859119,0
21.36753273,-46.74187469,1,8.695574760437012,1,9.736224174499512,1,0.1907880306243896,1,-0.550196528,1,-1.641793966,1,-0.954506934,0,-0.093027897,0,-2.176871538,0
21.37153626,-46.86595917,1,13.18631839752197,1,7.800748825073242,1,-0.258559614,1,-0.581693888,1,-0.915480912,1,-0.954627454,0,-0.09855897,0,-2.177984953,0
21.37553215,-45.44913101,1,13.67146015167236,1,6.686814785003662,1,-0.454426408,1,-0.489380598,1,-0.080118619,1,-0.956151128,0,-0.101427846,0,-2.177348137,0
21.37953186,-41.67836761,1,11.40957736968994,1,6.275261402130127,1,-0.612850726,1,-0.444179088,1,0.7571396231651306,1,-0.95850426,0,-0.101364754,0,-2.175047636,0
21.38353348,-37.09804916,1,9.589490891,1,5.909897804260254,1,-0.806783557,1,-0.484341651,1,1.477769017219543,1,-0.961744905,0,-0.098724797,0,-2.17094779,0
21.38752937,-32.67796707,1,8.967489242553711,1,5.775241851806641,1,-0.988539815,1,-0.586720228,1,2.065590620040894,1,-0.965905488,0,-0.094092213,0,-2.165106535,0
21.3915329,-28.25275993,1,6.634522438049316,1,5.163298606872559,1,-1.224176884,1,-0.656674087,1,2.533454895019531,1,-0.970969856,0,-0.087910086,0,-2.157783747,0
21.39553452,-22.98910713,1,4.075029850006104,1,3.875029563903809,1,-1.53908217,1,-0.744569361,1,2.852365970611572,1,-0.977190971,0,-0.080533572,0,-2.149399042,0
21.39953232,38.08861923217773,1,-2.280452013,1,-22.33265495,1,-1.761440158,1,-1.819052935,1,3.522112369537354,1,-0.984808207,0,-0.072509483,0,-2.138571739,0
21.40353012,-37.233078,1,25.52870559692383,1,19.29898071289063,1,0.1473333239555359,1,-3.625833273,1,4.905084133148193,1,-0.989383101,0,-0.06544552,0,-2.119777918,0
21.40753174,-16.51594353,1,-45.36533737,1,32.40696334838867,1,-4.248803616,1,-3.366723537,1,4.940742015838623,1,-0.997687638,0,-0.055614285,0,-2.097214222,0
21.41152954,43.70187759399414,1,-34.15052414,1,2.591182231903076,1,-5.20604372,1,-6.005358219,1,5.736349582672119,1,-1.018758178,0,-0.048520532,0,-2.070929289,0
21.41553497,33.27967071533203,1,-32.51358795,1,3.796424627304077,1,-5.940234184,1,-8.875187874,1,6.811951160430908,1,-1.04284966,0,-0.042122334,0,-2.030705214,0
21.41953659,50.15353012084961,1,-43.97146606,1,-51.04054642,1,-4.997951508,1,-8.865233421,1,8.314215660095215,1,-1.066844463,0,-0.03384351,0,-1.985201836,0
21.42353439,44.43038558959961,1,-60.30072021,1,-60.90699768,1,-6.39937067,1,-8.895150185,1,8.440859794616699,1,-1.089885712,0,-0.02067424,0,-1.9378196,0
21.4275341,-35.67388535,1,-32.04169083,1,-40.57903671,1,-8.622001648,1,-8.937013626,1,7.620789527893066,1,-1.121952653,0,-0.008473647,0,-1.891748667,0
21.43153572,-54.93087006,1,-11.35794258,1,-10.05928516,1,-8.62831974,1,-8.94192791,1,8.614974021911621,1,-1.156520605,0,0.006133893,0,-1.845668316,0
21.43553352,-67.90381622,1,-0.018247921,1,-14.27285957,1,-8.623718262,1,-8.937957764,1,7.876720428466797,1,-1.190347433,0,0.023344429,0,-1.799654603,0
21.43953323,-125.2028122,1,5.924328804016113,1,-38.23756027,1,-8.606337547,1,-8.921497345,1,4.830551147460938,1,-1.223555923,0,0.034439396,0,-1.757166624,0
21.44353485,-185.6935425,1,41.37776565551758,1,-44.66492462,1,-8.414690971,1,-8.581945419,1,3.755326986312866,1,-1.256353498,0,0.038799305,0,-1.718275785,0
21.44753265,-199.7071381,1,98.70475769042969,1,-38.92299271,1,-4.544725895,1,-1.338436484,1,2.962545156478882,1,-1.281966329,0,0.045711011,0,-1.694727778,0
21.45153236,-60.88778305,1,90.92950439453125,1,3.297554255,1,-1.3660779,1,0.1801811903715134,1,2.016896486282349,1,-1.293815613,0,0.05537539,0,-1.692237854,0
21.45553398,16.60582352,1,30.09008026123047,1,5.145877838134766,1,0.5639176368713379,1,-1.348179102,1,0.3678297698497772,1,-1.294476748,0,0.059307884,0,-1.687818646,0
21.45953178,11.49516582489014,1,-11.89188671,1,-16.29180145,1,0.7384358048439026,1,-1.005472183,1,-0.360565245,1,-1.291585684,0,0.057584483,0,-1.683849335,0
21.46353149,-9.28194809,1,-1.470244884,1,-14.99866772,1,0.8048961758613586,1,-1.33021903,1,0.245011494,1,-1.288116813,0,0.056019638,0,-1.679255724,0
21.46753311,-14.27107143,1,-19.06627274,1,-2.448240519,1,0.3416912853717804,1,-0.849450588,1,0.8674352169036865,1,-1.285495877,0,0.056946263,0,-1.674422741,0
21.47153091,-5.405821323,1,-25.39250565,1,2.798223495483398,1,-0.127088279,1,-0.652974606,1,0.9835177659988403,1,-1.284847736,0,0.059807066,0,-1.670519829,0
21.47553062,-0.745568573,1,-9.819256783,1,-11.94401836,1,-0.413547963,1,-0.603443086,1,1.198737263679504,1,-1.285822272,0,0.063172862,0,-1.666938424,0
21.47953224,-10.13242912,1,4.300097465515137,1,-10.5802145,1,-0.373942167,1,-0.458855271,1,1.272907376289368,1,-1.287199974,0,0.067459561,0,-1.66350162,0
21.48353005,3.727033376693726,1,-8.003703117,1,-13.95482445,1,-0.203857005,1,-0.812043309,1,1.049849987030029,1,-1.288027406,0,0.071201459,0,-1.659699321,0
21.48752976,3.761157751083374,1,-17.1039505,1,-15.55609512,1,-0.489089668,1,-1.105360389,1,1.152239799499512,1,-1.289039016,0,0.074249193,0,-1.654902458,0
21.49153137,-3.537099838,1,-6.472340107,1,-8.785934448,1,-0.229118481,1,-1.671816349,1,1.460085511207581,1,-1.290186048,0,0.077854492,0,-1.648140311,0
21.49552918,-11.23929787,1,-1.033726096,1,-4.405200481,1,-0.610335708,1,-0.965772271,1,1.371215224266052,1,-1.291961193,0,0.082067341,0,-1.642310977,0
21.49952889,-8.546103477,1,-0.637422144,1,-6.278648853,1,-0.665678978,1,-0.836380482,1,1.239241838,1,-1.293983579,0,0.086055562,0,-1.637396455,0
21.5035305,-6.973382473,1,-2.04063797,1,-5.968766689,1,-0.619359851,1,-0.649491131,1,1.132189154624939,1,-1.296179652,0,0.089851834,0,-1.633236051,0
21.50752831,-9.470154762,1,-3.753154039,1,-6.034212589,1,-0.590395808,1,-0.607981861,1,1.016505479812622,1,-1.298305631,0,0.093270592,0,-1.629649162,0
21.51152802,-4.19304657,1,5.973613739013672,1,-10.37674809,1,-0.476241916,1,-0.547545254,1,0.9520322680473328,1,-1.300193787,0,0.096468247,0,-1.626386285,0
21.51552773,-5.311253071,1,10.82236480712891,1,-12.32069683,1,-0.265348911,1,-0.575868547,1,0.8017195463180542,1,-1.301248312,0,0.099250585,0,-1.623199582,0
21.51952744,-8.833724976,1,3.768328428268433,1,-9.384362221,1,0.1542689204216003,1,-0.705041647,1,0.5263736844062805,1,-1.301356316,0,0.1011154279112816,0,-1.620263457,0
21.52352524,-8.89043808,1,2.087575197219849,1,-8.600730896,1,0.1202150657773018,1,-0.67543149,1,0.4412390291690826,1,-1.300530195,0,0.1022895947098732,0,-1.617008805,0
21.52752686,-7.109242916,1,-5.67264986,1,-6.651926994,1,0.1411547809839249,1,-0.619045079,1,0.4221014082431793,1,-1.299553871,0,0.1032100692391396,0,-1.613983512,0
21.53152466,-6.588124275,1,-4.246720791,1,-6.888958454,1,0.043749094,1,-0.598706424,1,0.5685086250305176,1,-1.403110623,0,0.1152694746851921,0,-1.587980151,0
21.53553009,-6.675314903,1,-5.417931557,1,-6.513236046,1,-0.050847419,1,-0.496848583,1,0.6230232119560242,1,-1.402770281,0,0.1172651350498199,0,-1.585398555,0
21.53953362,-6.407564163,1,-6.884748459,1,-6.89092207,1,-0.154701114,1,-0.465221167,1,0.6606242656707764,1,-1.40287292,0,0.1194707304239273,0,-1.583081245,0
21.54353142,-5.668056965,1,-6.220072746,1,-6.987951279,1,-0.313855559,1,-0.43462342,1,0.700501025,1,-1.403579831,0,0.1218564733862877,0,-1.580797434,0
21.54753113,-5.752848148,1,-1.832642794,1,-7.921890736,1,-0.322687358,1,-0.388888687,1,0.7282389402389526,1,-1.404609323,0,0.1244036480784416,0,-1.578694105,0
21.55153275,-4.673346996,1,-0.913617611,1,-9.799951553,1,-0.31046471,1,-0.43385455,1,0.6991683840751648,1,-1.405580997,0,0.1269869357347488,0,-1.576613665,0
21.55553246,-4.312371254,1,-0.742996037,1,-10.94210148,1,-0.379540563,1,-0.596950769,1,0.6549636125564575,1,-1.406684875,0,0.1293020695447922,0,-1.574105382,0
21.55953026,-4.77280283,1,-1.231853485,1,-11.32699585,1,-0.345628947,1,-0.7293275,1,0.6748930215835571,1,-1.407721639,0,0.1314730942249298,0,-1.571036816,0
21.56353188,-4.581794262,1,-3.752188206,1,-10.73329639,1,-0.324068069,1,-0.885460138,1,0.7124790549278259,1,-1.408581495,0,0.1336843520402908,0,-1.567352176,0
21.56752968,-4.470328331,1,-4.676422119,1,-11.49109173,1,-0.33744669,1,-1.058210254,1,0.7860709428787231,1,-1.409282088,0,0.1359976828098297,0,-1.563009858,0
21.5715313,-4.25864315,1,-3.45742631,1,-11.83041382,1,-0.458761215,1,-1.188577771,1,0.8389400243759155,1,-1.410210729,0,0.1385166049003601,0,-1.557973742,0
21.57553101,-3.457500935,1,-3.061844826,1,-12.89727879,1,-0.347038388,1,-1.360954523,1,0.833736777,1,-1.411049128,0,0.1410045623779297,0,-1.552370667,0
21.57952881,-3.209361792,1,-2.664585352,1,-14.0019455,1,-0.336980671,1,-1.6022048,1,0.8240569233894348,1,-1.411498189,0,0.1433300375938416,0,-1.545939445,0
21.58352852,-3.941510201,1,-1.735879183,1,-14.94214344,1,-0.394050568,1,-1.876369476,1,0.7970185875892639,1,-1.411853194,0,0.145431712,0,-1.538477063,0
21.58753014,-3.169249296,1,1.460603237,1,-16.06798553,1,-0.333684415,1,-2.228195429,1,0.7398205995559692,1,-1.412103057,0,0.1471747756004333,0,-1.529802918,0
21.59152794,-3.965806007,1,0.7585898637771606,1,-17.38409042,1,-0.300393075,1,-2.58853364,1,0.7288562059402466,1,-1.41183126,0,0.14855288,0,-1.519729018,0
21.59552765,-1.525303841,1,0.526857853,1,-17.66635132,1,-0.305981427,1,-3.029626608,1,0.6806520819664001,1,-1.411343098,0,0.1495551764965057,0,-1.508059144,0
21.59952927,-1.811923027,1,-0.447901249,1,-18.86299515,1,-0.213939533,1,-3.416759253,1,0.6956138610839844,1,-1.410379529,0,0.1501804441213608,0,-1.494737506,0
21.60352707,0.2988490164279938,1,-2.67804122,1,-18.1721344,1,-0.243309736,1,-3.820432663,1,0.7688197493553162,1,-1.409051299,0,0.1507688611745834,0,-1.479822159,0
21.60752678,2.063806295394897,1,-3.653687,1,-17.82117844,1,-0.252809972,1,-4.328186989,1,0.8264489769935608,1,-1.407529354,0,0.1512622833251953,0,-1.46304667,0
21.6115284,0.2382387518882751,1,-3.124801397,1,-18.07500648,1,-0.200849161,1,-4.801749229,1,0.9782620668411255,1,-1.405593038,0,0.151832104,0,-1.44423008,0
21.6155262,1.205474376678467,1,-2.612061977,1,-17.58084488,1,-0.147599772,1,-5.291096687,1,1.145172715187073,1,-1.403122425,0,0.1526884138584137,0,-1.42336607,0
21.61952591,1.834965586662292,1,-2.988506556,1,-18.07560158,1,-0.063259326,1,-5.779131413,1,1.243978977203369,1,-1.400046468,0,0.153686062,0,-1.400456071,0
21.62352753,-0.787243247,1,-4.077419281,1,-18.03454971,1,0.011509285,1,-6.214984894,1,1.371507167816162,1,-1.396318793,0,0.1547001749277115,0,-1.375613213,0
21.62752533,-0.780932665,1,-2.749121428,1,-16.77831078,1,0.04514049,1,-6.543951511,1,1.488673329353333,1,-1.392114878,0,0.1558568179607391,0,-1.349126577,0
21.63152504,1.125811696052551,1,-2.840238094,1,-15.30241585,1,0.098622628,1,-6.963325024,1,1.594213843345642,1,-1.38747263,0,0.1570645719766617,0,-1.32111907,0
21.63552666,0.2356834262609482,1,-2.740940571,1,-15.20672989,1,0.1834934800863266,1,-7.379607677,1,1.678270697593689,1,-1.38226068,0,0.1582066267728806,0,-1.291332126,0
21.63952446,-1.843798995,1,-2.834299326,1,-14.08154011,1,0.2594404518604279,1,-7.651029587,1,1.768126726150513,1,-1.376412511,0,0.1592293083667755,0,-1.260094166,0
21.64352226,-2.313316107,1,-3.615871191,1,-13.59906483,1,0.3108066916465759,1,-7.91232872,1,1.876784920692444,1,-1.370099545,0,0.160275325,0,-1.227714539,0
21.64752388,-2.533384562,1,-2.265554428,1,-13.33267117,1,0.366646796,1,-8.152791023,1,1.930117607116699,1,-1.36341393,0,0.1612501591444016,0,-1.194275141,0
21.65152168,-6.68474102,1,-1.662181616,1,-12.92669296,1,0.425261527,1,-8.30883503,1,1.967598676681519,1,-1.35629642,0,0.1619599312543869,0,-1.159982562,0
21.65552712,-8.0952034,1,-0.370091021,1,-12.65836906,1,0.4807644486427307,1,-8.437234879,1,2.034567832946777,1,-1.34884429,0,0.1625509858131409,0,-1.125059605,0
21.65952873,-7.877773285,1,0.097308561,1,-12.05792618,1,0.5799970030784607,1,-8.57311821,1,2.011787891387939,1,-1.341005445,0,0.1628431081771851,0,-1.089632869,0
21.66352654,-8.570057869,1,1.067657828330994,1,-11.80473804,1,0.7978878617286682,1,-8.695674896,1,1.927098393440247,1,-1.332477689,0,0.1625015288591385,0,-1.053730965,0
21.66752625,-12.08274174,1,2.393975734710693,1,-11.23125076,1,1.152928233146667,1,-8.6842556,1,1.844378948,1,-1.322789788,0,0.1614407002925873,0,-1.017680287,0
21.67152786,-10.66679287,1,1.753246784210205,1,-9.855111122,1,1.599103212356567,1,-8.557378769,1,1.841993689537048,1,-1.311600685,0,0.1599155068397522,0,-0.982014716,0
21.67552567,-9.93289566,1,1.546416401863098,1,-9.166503906,1,2.068136454,1,-8.473981857,1,1.939572334289551,1,-1.298673272,0,0.1582618653774261,0,-0.946730256,0
21.67952538,-15.90713978,1,2.788767337799072,1,-7.032855988,1,2.605851411819458,1,-8.192531586,1,2.074890375137329,1,-1.284021854,0,0.1567542850971222,0,-0.91203475,0
21.68352699,-22.15440559,1,0.2210052162408829,1,-5.654706478,1,3.013913154602051,1,-8.003056526,1,2.510169506072998,1,-1.267350674,0,0.1561058014631271,0,-0.877892375,0
21.6875248,-24.88320351,1,-3.418073893,1,-3.367828369,1,3.027957201004028,1,-7.579323769,1,2.756102561950684,1,-1.249962807,0,0.1566082090139389,0,-0.844561636,0
21.69152451,-28.28100204,1,-6.650492191,1,-0.987515986,1,2.626040697097778,1,-7.129234314,1,2.983115673065186,1,-1.233559251,0,0.157940686,0,-0.812559307,0
21.69552612,-35.60774231,1,-5.848424435,1,0.086049832,1,2.199681758880615,1,-6.374741554,1,3.049906015396118,1,-1.219203234,0,0.160158247,0,-0.782611609,0
21.69952393,-34.376091,1,-4.477468491,1,1.530788540840149,1,1.837255001068115,1,-5.420764923,1,3.263398408889771,1,-1.206783414,0,0.1637070178985596,0,-0.75574255,0
21.70352364,-28.13672638,1,-2.620595455,1,1.668763875961304,1,1.444185256958008,1,-4.538738728,1,3.292361736297607,1,-1.196329951,0,0.1687629520893097,0,-0.732118726,0
21.70752525,-22.10460281,1,-0.946140707,1,1.492259264,1,1.169994831085205,1,-3.900597095,1,3.441315889358521,1,-1.187568665,0,0.1750554740428925,0,-0.711222231,0
21.71152306,-24.12116814,1,-3.060770035,1,-1.421274662,1,1.008693814277649,1,-3.400757313,1,3.455342769622803,1,-1.179841638,0,0.1823309510946274,0,-0.692186356,0
21.71552086,-23.93057251,1,-5.064908504,1,-2.806430578,1,0.7379041314125061,1,-2.997473001,1,3.572311401367188,1,-1.173021674,0,0.1903742104768753,0,-0.674727678,0
21.71952248,-22.94242477,1,-4.35084486,1,-1.030807257,1,0.3139240145683289,1,-2.894133806,1,3.692620992660522,1,-1.167727709,0,0.1992468535900116,0,-0.657940686,0
21.72352028,-35.2849884,1,-2.477052689,1,-6.343910217,1,0.013440166,1,-2.465240955,1,3.444534063339233,1,-1.163803577,0,0.2081748694181442,0,-0.641932249,0
21.72751999,-34.68874741,1,-2.313346148,1,-7.379197121,1,-0.073295087,1,-1.690965772,1,3.040390491485596,1,-1.161230564,0,0.2167554646730423,0,-0.628852129,0
21.73152161,-14.78322697,1,-2.445277929,1,-5.209336758,1,0.045962654,1,-1.501162648,1,2.713587760925293,1,-1.159019709,0,0.2248244732618332,0,-0.618342996,0
21.73551941,-6.520358086,1,-2.591943026,1,-3.280810595,1,0.2123348116874695,1,-1.888886333,1,2.493324041366577,1,-1.156122804,0,0.231622115,0,-0.607778311,0
21.73951912,-9.639127731,1,-3.217671871,1,-3.914587975,1,0.3133464455604553,1,-2.258383512,1,2.410092592,1,-1.152265549,0,0.2372360676527023,0,-0.595857143,0
21.74352264,-12.98740959,1,-4.400946617,1,-4.989635944,1,0.4090819656848907,1,-2.479035616,1,2.233449459075928,1,-1.147785306,0,0.2418234199285507,0,-0.583002329,0
21.74751854,-12.62962341,1,-4.18362236,1,-5.388718605,1,0.5602248311042786,1,-2.636522055,1,2.066031455993652,1,-1.142671347,0,0.2454348504543304,0,-0.569759071,0
21.75152016,-11.87909317,1,-4.452428341,1,-5.650963306,1,0.7711768746376038,1,-2.820656061,1,1.909853100776672,1,-1.136665583,0,0.2480919063091278,0,-0.556104481,0
21.75552177,-12.10584164,1,-5.831318855,1,-6.203420639,1,0.93577987,1,-2.94204855,1,1.785144329071045,1,-1.129777551,0,0.249876544,0,-0.542088091,0
21.75951958,-12.31844044,1,-7.432031631,1,-6.847229004,1,1.017601609230042,1,-2.983874559,1,1.690235972,1,-1.12233448,0,0.2510435581207275,0,-0.527940273,0
21.76351929,-12.32919979,1,-8.462944984,1,-7.634262562,1,1.020696878433228,1,-2.96020174,1,1.619187712669373,1,-1.114756584,0,0.2517930567264557,0,-0.513908148,0
21.76752091,-11.94067669,1,-9.017706871,1,-8.415366173,1,0.9917200207710266,1,-2.91242075,1,1.582485795021057,1,-1.107280016,0,0.2523102760314941,0,-0.500105917,0
21.77151871,-11.74082851,1,-9.072900772,1,-9.409778595,1,0.9453239440917969,1,-2.860319138,1,1.581724524497986,1,-1.100005627,0,0.2527512311935425,0,-0.486519009,0
21.77552414,-11.70986176,1,-8.944443703,1,-10.37213612,1,0.8997413516044617,1,-2.786342859,1,1.630803823471069,1,-1.092965841,0,0.2532970011234283,0,-0.473107129,0
21.77952576,-11.94135571,1,-8.650383949,1,-11.37811661,1,0.8685410618782043,1,-2.693611383,1,1.710743785,1,-1.108300328,0,0.2830957472324371,0,-0.490540892,0
21.78352356,-12.06452942,1,-8.406181335,1,-12.18293571,1,0.8560503125190735,1,-2.578022718,1,1.812341332435608,1,-1.101180673,0,0.2846473157405853,0,-0.477430642,0
21.78752136,-12.07189941,1,-8.275213242,1,-13.07996655,1,0.8591768741607666,1,-2.445346117,1,1.940932035446167,1,-1.094125867,0,0.2867408990859985,0,-0.464549571,0
21.79152298,-11.92156029,1,-8.240861893,1,-13.66087914,1,0.8730095028877258,1,-2.295877457,1,2.084699392318726,1,-1.087077856,0,0.289488673,0,-0.451907337,0
21.79552078,-11.45598698,1,-8.430275917,1,-14.0977087,1,0.8754697442054749,1,-2.188498974,1,2.27734375,1,-1.079972267,0,0.2929927110671997,0,-0.439375699,0
21.79952049,-11.70574093,1,-8.576109886,1,-14.4802618,1,0.8613468408584595,1,-2.070047617,1,2.487842321395874,1,-1.072832108,0,0.2973349094390869,0,-0.426806182,0
21.80352211,-11.54337311,1,-9.010955811,1,-14.87878323,1,0.8056808710098267,1,-1.948424101,1,2.711339950561523,1,-1.065743327,0,0.3025708794593811,0,-0.414170802,0
21.80751991,-11.08645535,1,-9.185782433,1,-14.7578001,1,0.7334389090538025,1,-1.878799319,1,2.960876226425171,1,-1.058803558,0,0.3087409138679504,0,-0.401355624,0
21.81151962,-10.48284721,1,-9.727711678,1,-14.80363655,1,0.601457417,1,-1.752572656,1,3.218173265457153,1,-1.052161932,0,0.3159333169460297,0,-0.388366401,0
21.81552124,-10.05368805,1,-10.26078606,1,-14.54490471,1,0.4842047095298767,1,-1.677971244,1,3.498630285263062,1,-1.045794249,0,0.3241373896598816,0,-0.375053167,0
21.81951904,-9.182309151,1,-10.48206043,1,-14.87945366,1,0.3637092411518097,1,-1.68761003,1,3.827419996261597,1,-1.039553881,0,0.3333590924739838,0,-0.361098468,0
21.82351875,-8.947811127,1,-11.49253273,1,-14.58412743,1,0.1490260511636734,1,-1.604435802,1,4.137216091156006,1,-1.033715725,0,0.3437450528144836,0,-0.346522242,0
21.82752037,-8.275872231,1,-11.64510632,1,-14.42157078,1,-0.045931339,1,-1.613893747,1,4.494524478912354,1,-1.028253913,0,0.3552545309066772,0,-0.331221938,0
21.83151817,-8.03630352,1,-12.07030201,1,-14.36180401,1,-0.278770149,1,-1.656406403,1,4.837238311767578,1,-1.023130298,0,0.3678176999092102,0,-0.31488961,0
21.83551788,-8.18489933,1,-12.50205326,1,-14.35192871,1,-0.516247153,1,-1.694643497,1,5.177105427,1,-1.018354297,0,0.3814057111740112,0,-0.297497511,0
21.8395195,-8.251556396,1,-13.00608635,1,-14.83431625,1,-0.761300266,1,-1.7212255,1,5.505454540252686,1,-1.013915658,0,0.3959592580795288,0,-0.279048234,0
21.8435173,-8.628552437,1,-12.97437477,1,-15.67766762,1,-0.972937107,1,-1.760379195,1,5.802367687225342,1,-1.009750009,0,0.4114632606506348,0,-0.25958249,0
21.84751701,-9.320589066,1,-12.97244358,1,-17.03607178,1,-1.124433517,1,-1.789473414,1,6.061493873596191,1,-1.005635738,0,0.4277408123016357,0,-0.239132181,0
21.85151863,-10.34305954,1,-13.33943272,1,-18.97382927,1,-1.229375362,1,-1.786623836,1,6.258928298950195,1,-1.001363158,0,0.4446934461593628,0,-0.217851028,0
21.85551643,-11.49652195,1,-13.65206814,1,-20.91513062,1,-1.285717607,1,-1.75578475,1,6.368214130401611,1,-0.99682194,0,0.4621076583862305,0,-0.19598715,0
21.85951614,-13.20881748,1,-14.24294567,1,-22.25779915,1,-1.351339102,1,-1.674460411,1,6.343224048614502,1,-0.992085814,0,0.4797088503837585,0,-0.173943624,0
21.86351776,-14.89754391,1,-15.01756382,1,-22.71376419,1,-1.474844456,1,-1.489685416,1,6.166138648986816,1,-0.987586319,0,0.4971535503864288,0,-0.152364895,0
21.86751556,-15.83319283,1,-15.9929781,1,-22.67638206,1,-1.73306191,1,-1.211352587,1,5.867059707641602,1,-0.984093845,0,0.5142338871955872,0,-0.131982356,0
21.87151337,-16.42058563,1,-17.64822197,1,-21.58259583,1,-2.081599474,1,-0.824423373,1,5.510882377624512,1,-0.982473493,0,0.5309110879898071,0,-0.113481201,0
21.87551498,-17.11902618,1,-18.49830246,1,-20.29029465,1,-2.477389336,1,-0.355219841,1,5.111695766448975,1,-0.98335433,0,0.5472655892372131,0,-0.097437263,0
21.87951279,-16.93429565,1,-18.87800026,1,-19.17149925,1,-2.863349676,1,0.1445447355508804,1,4.705566406,1,-0.987107337,0,0.5633953809738159,0,-0.084265262,0
21.8835125,-16.1664257,1,-19.12606239,1,-18.78170013,1,-3.196688652,1,0.6535073518753052,1,4.274856090545654,1,-0.993772507,0,0.5792959332466125,0,-0.074147433,0
21.88751411,-13.50708389,1,-18.37661171,1,-18.57534027,1,-3.477693319,1,1.086127877235413,1,3.862298727035522,1,-1.003221631,0,0.5948703289031982,0,-0.067095071,0
21.89151192,-10.92187977,1,-16.88188934,1,-18.36789703,1,-3.722280264,1,1.422878027,1,3.434265613555908,1,-1.01520741,0,0.6099013090133667,0,-0.062828146,0
21.89551735,-8.105488777,1,-16.19202805,1,-17.10869217,1,-3.952112436,1,1.660868644714355,1,3.007980823516846,1,-1.029531121,0,0.6241241097450256,0,-0.061062388,0
21.89952087,-5.480389595,1,-16.3773613,1,-15.3991785,1,-4.216965675,1,1.823087334632874,1,2.571897029876709,1,-1.046106815,0,0.6372789740562439,0,-0.061492648,0
21.90351677,-2.659715891,1,-17.32963181,1,-13.5405798,1,-4.560227871,1,1.916051983833313,1,2.173963547,1,-1.065029025,0,0.649221659,0,-0.063801497,0
21.90751839,-0.103588499,1,-17.74511147,1,-11.44791794,1,-4.953588963,1,1.962254762649536,1,1.814198375,1,-1.086403489,0,0.6599209308624268,0,-0.067640372,0
21.91152,1.257150053977966,1,-16.90040779,1,-9.991930008,1,-5.315424442,1,1.966091156005859,1,1.498674988746643,1,-1.110087514,0,0.6693902015686035,0,-0.072706752,0
21.91551781,1.444459438323975,1,-15.14969921,1,-8.860853195,1,-5.608316898,1,2.005831718444824,1,1.189397096633911,1,-1.135795593,0,0.6776646375656128,0,-0.078865327,0
21.91951752,1.443254113197327,1,-12.63394642,1,-8.162134171,1,-5.754623413,1,2.061057567596436,1,0.8903917670249939,1,-1.163206697,0,0.6847918629646301,0,-0.086232252,0
21.92351914,1.001369595527649,1,-9.848950386,1,-7.836381435,1,-5.734264851,1,2.170855522155762,1,0.5672180652618408,1,-1.191742182,0,0.6907163262367249,0,-0.094912156,0
21.92751694,0.2243840545415878,1,-8.557585716,1,-7.169054508,1,-5.548632622,1,2.374448537826538,1,0.2461533546447754,1,-1.220910788,0,0.6954487562179565,0,-0.105136007,0
21.93151665,0.6373743414878845,1,-6.038322926,1,-7.230073929,1,-5.208461285,1,2.613555192947388,1,-0.100336246,1,-1.250284553,0,0.6990053653717041,0,-0.117330641,0
21.93551827,1.188135862350464,1,-4.282721043,1,-6.646063328,1,-4.734286308,1,2.853366136550903,1,-0.433063477,1,-1.279253602,0,0.7012691497802734,0,-0.131374151,0
21.93951607,1.192796707,1,-3.109442711,1,-6.222049713,1,-4.181648731,1,3.147927284240723,1,-0.749692678,1,-1.307387233,0,0.7022712826728821,0,-0.147307828,0
21.94351578,1.248071432113647,1,-2.626651764,1,-5.837908268,1,-3.584870815,1,3.467237234115601,1,-1.061223507,1,-1.334551692,0,0.7020232677459717,0,-0.16530472,0
21.9475174,1.217098474502563,1,-2.501574993,1,-5.440629482,1,-2.973877192,1,3.794999837875366,1,-1.345254064,1,-1.360516787,0,0.7005355954170227,0,-0.185230821,0
21.9515152,0.9035342931747437,1,-3.145646095,1,-4.860815048,1,-2.397157431,1,4.126601219177246,1,-1.593116045,1,-1.385281324,0,0.6978753805160522,0,-0.207039326,0
21.95551491,0.5391746759414673,1,-4.201262951,1,-4.340966702,1,-1.872695327,1,4.459983348846436,1,-1.810015202,1,-1.408922195,0,0.6941165924072266,0,-0.230625987,0
21.95951653,0.2260710000991821,1,-5.48067379,1,-3.80633688,1,-1.438390017,1,4.794979572296143,1,-1.972873211,1,-1.431632757,0,0.6893907785415649,0,-0.25587818,0
21.96351433,-0.164414689,1,-6.539590836,1,-3.415704489,1,-1.102279663,1,5.115562438964844,1,-2.092548609,1,-1.45366025,0,0.6838488578796387,0,-0.282634854,0
21.96751404,-0.643528223,1,-7.403056145,1,-3.083664179,1,-0.852778792,1,5.425272941589355,1,-2.200531721,1,-1.475263834,0,0.6775414943695068,0,-0.310783535,0
21.97151375,-1.184971333,1,-8.324977875,1,-2.869554043,1,-0.683271348,1,5.726208686828613,1,-2.27890873,1,-1.49668014,0,0.6705037355422974,0,-0.340196788,0
21.97551346,-1.809623599,1,-9.158143044,1,-2.818750381,1,-0.572454572,1,6.018520832061768,1,-2.338358402,1,-1.518096328,0,0.6627694368362427,0,-0.370777249,0
21.97951317,-2.697785139,1,-9.819002151,1,-3.016480207,1,-0.504964769,1,6.314496517181396,1,-2.379777193,1,-1.539619684,0,0.6543779373168945,0,-0.402440995,0
21.98351479,-3.872634888,1,-10.17904282,1,-3.269121885,1,-0.465880245,1,6.610805511474609,1,-2.441988945,1,-1.561346292,0,0.6452609300613403,0,-0.435148716,0
21.98751259,-4.717084885,1,-10.23507309,1,-3.433195591,1,-0.450651914,1,6.899979114532471,1,-2.51385355,1,-1.583302259,0,0.6353087425231934,0,-0.468832552,0
21.99151039,-5.69837904,1,-10.16340733,1,-3.836400986,1,-0.444543332,1,7.168806076049805,1,-2.595751047,1,-1.605424047,0,0.6244338154792786,0,-0.503347337,0
21.99551201,-6.915364742,1,-10.04852772,1,-4.198144436,1,-0.437887937,1,7.447211265563965,1,-2.696976662,1,-1.6276263,0,0.6125307083129883,0,-0.538595796,0
21.99950981,-8.084477425,1,-9.962797165,1,-4.534857273,1,-0.430414677,1,7.707553863525391,1,-2.806344032,1,-1.649806857,0,0.5994948148727417,0,-0.574477553,0
22.00351143,-9.155693054,1,-10.00163937,1,-4.780912876,1,-0.402869195,1,7.956232548,1,-2.918360949,1,-1.671780825,0,0.5852748155593872,0,-0.610856295,0
22.00751305,-9.97776413,1,-10.0770216,1,-4.833899975,1,-0.374593735,1,8.167666435241699,1,-3.013706207,1,-1.693373799,0,0.5698944330215454,0,-0.647549033,0
22.01151085,-10.47074413,1,-10.17943954,1,-4.811366558,1,-0.343577594,1,8.350838661193848,1,-3.073035717,1,-1.714412093,0,0.5534374117851257,0,-0.684339166,0
22.01551437,-10.89552307,1,-10.20109081,1,-4.744351387,1,-0.315512329,1,8.498043060302734,1,-3.122659206,1,-1.73476696,0,0.5360231399536133,0,-0.721059024,0
22.01951599,-11.1747036,1,-10.04554749,1,-4.747745514,1,-0.257456124,1,8.608897209,1,-3.143924952,1,-1.754264116,0,0.5177578926086426,0,-0.757545531,0
22.02351379,-11.40087605,1,-10.02851295,1,-4.721272469,1,-0.193287924,1,8.694940567016602,1,-3.159717083,1,-1.772751212,0,0.4987528920173645,0,-0.793676615,0
22.0275135,-11.4796133,1,-9.911464691,1,-4.847529888,1,-0.113585338,1,8.717941284179688,1,-3.170589209,1,-1.790073156,0,0.4790754616260529,0,-0.829255223,0
22.03151512,-11.89018059,1,-9.723735809,1,-5.060519695,1,-0.029937766,1,8.714447021484375,1,-3.16601491,1,-1.773840785,0,0.4606947898864746,0,-0.796495438,0
22.03551292,-12.3742218,1,-9.519776344,1,-5.300669193,1,0.070340179,1,8.689847946166992,1,-3.148161411,1,-1.788977265,0,0.4410637021064758,0,-0.831390619,0
22.03951263,-12.91820526,1,-9.272444725,1,-5.578436852,1,0.1985975950956345,1,8.667156219482422,1,-3.10999155,1,-1.802726984,0,0.421119213,0,-0.865561068,0
22.04351425,-13.49687195,1,-8.801398277,1,-6.029026508,1,0.3727967441082001,1,8.638965606689453,1,-3.082986355,1,-1.814988136,0,0.4009181261062622,0,-0.899075627,0
22.04751205,-14.12372112,1,-8.059152603,1,-6.619330406,1,0.5652961730957031,1,8.618506432,1,-3.069069386,1,-1.825644493,0,0.3804697692394257,0,-0.931966722,0
22.05151177,-14.5373621,1,-7.463510036,1,-7.071011066,1,0.7940583825111389,1,8.592632293701172,1,-3.058036804,1,-1.834623337,0,0.3597974181175232,0,-0.964274645,0
22.05551338,-14.95786667,1,-6.907659531,1,-7.506277561,1,1.057869791984558,1,8.590154647827148,1,-3.028899431,1,-1.841840267,0,0.3389756679534912,0,-0.996123135,0
22.05951119,-15.58820629,1,-6.301279545,1,-7.844055653,1,1.366642832756042,1,8.599391937255859,1,-3.010595798,1,-1.847158909,0,0.3180580735206604,0,-1.027626395,0
22.0635109,-16.37173843,1,-5.691066265,1,-8.044734955,1,1.701302528381348,1,8.635048866271973,1,-2.995066166,1,-1.850504279,0,0.2970447540283203,0,-1.058940887,0
22.06751251,-16.63622475,1,-5.342596054,1,-7.974154949,1,2.040418863296509,1,8.681181907653809,1,-2.979125738,1,-1.851851344,0,0.2759682238101959,0,-1.090194225,0
22.07151032,-16.51491547,1,-5.420697689,1,-7.912792683,1,2.370829105377197,1,8.724987030029297,1,-2.945871115,1,-1.851225853,0,0.2549343109130859,0,-1.121447802,0
22.07551003,-16.12207222,1,-5.774972916,1,-7.826761723,1,2.660218954086304,1,8.738893508911133,1,-2.915328503,1,-1.848719358,0,0.2340376675128937,0,-1.152730107,0
22.07951164,-15.57784271,1,-6.361628532,1,-8.034975052,1,2.893604278564453,1,8.721251487731934,1,-2.909838438,1,-1.844519615,0,0.213311106,0,-1.183957696,0
22.08350945,-15.25781822,1,-7.421153069,1,-8.288660049,1,3.043312072753906,1,8.673055648803711,1,-2.90140605,1,-1.838890433,0,0.1927941590547562,0,-1.215001822,0
22.08750916,-15.30856514,1,-8.621106148,1,-8.617936134,1,3.120250940322876,1,8.595119476318359,1,-2.921489477,1,-1.832132816,0,0.1725215017795563,0,-1.245810628,0
22.09150887,-15.8506012,1,-9.188709259,1,-9.218115807,1,3.112132787704468,1,8.489784240722656,1,-2.97360158,1,-1.824578047,0,0.1524273902177811,0,-1.27626586,0
22.09550858,-16.42273331,1,-9.528190613,1,-9.957232475,1,3.023681641,1,8.355532646179199,1,-3.088502645,1,-1.816542983,0,0.1323560476303101,0,-1.306223512,0
22.09951019,-17.17936707,1,-9.46984005,1,-10.571558,1,2.898825883865356,1,8.232849121,1,-3.243561268,1,-1.808287859,0,0.1121296733617783,0,-1.335629225,0
22.10351181,-17.87119484,1,-8.956687927,1,-11.32041931,1,2.791163206100464,1,8.121795654296875,1,-3.414557219,1,-1.7998631,0,0.091611393,0,-1.364512205,0
22.10750961,-18.51002884,1,-8.415787697,1,-12.07848549,1,2.747510194778442,1,8.047912598,1,-3.606626749,1,-1.791108966,0,0.070724785,0,-1.392989159,0
22.11150551,-19.05045509,1,-7.618346214,1,-12.89617634,1,2.772909164428711,1,8.005514144897461,1,-3.818978071,1,-1.781790733,0,0.049358796,0,-1.421227455,0
22.11550903,-19.42825508,1,-6.398654461,1,-13.53560543,1,2.834649562835693,1,7.994655609130859,1,-4.051048279,1,-1.771671295,0,0.027401062,0,-1.449357629,0
22.11950684,-19.430933,1,-4.404651642,1,-14.09251976,1,2.936508417129517,1,7.980739593505859,1,-4.317750454,1,-1.760596275,0,0.004781562,0,-1.477469087,0
22.12350655,-19.40726089,1,-2.673974752,1,-14.77069473,1,3.115249633789063,1,7.956376075744629,1,-4.583457947,1,-1.748322487,0,-0.018556766,0,-1.505552292,0
22.12750816,-19.73320961,1,-3.023742437,1,-15.0481863,1,3.344570159912109,1,7.973517894744873,1,-4.818394184,1,-1.734547138,0,-0.042512137,0,-1.533757806,0
22.13150597,-20.03953171,1,-3.565281391,1,-15.22772408,1,3.550408840179443,1,7.988775253295898,1,-5.014635086,1,-1.719187021,0,-0.066898018,0,-1.562283754,0
22.1355114,-20.09894943,1,-4.592115879,1,-15.39062977,1,3.661835670471191,1,7.970386981964111,1,-5.184399605,1,-1.702446699,0,-0.091565177,0,-1.591139436,0
22.13951302,-19.94804192,1,-5.655765533,1,-15.47146606,1,3.656524658203125,1,7.928501605987549,1,-5.306369305,1,-1.684750676,0,-0.116302066,0,-1.620289803,0
22.14351082,-19.91682434,1,-6.778141022,1,-15.48190212,1,3.551478147506714,1,7.829469680786133,1,-5.399610996,1,-1.66655004,0,-0.140911311,0,-1.649638414,0
22.14751053,-19.88980675,1,-7.510286808,1,-15.59157753,1,3.396288871765137,1,7.697324752807617,1,-5.46354723,1,-1.648168206,0,-0.165256858,0,-1.679052591,0
22.15151215,-19.84861565,1,-7.783441544,1,-15.67576981,1,3.197905302047729,1,7.516286849975586,1,-5.484313011,1,-1.629801273,0,-0.189174563,0,-1.708398819,0
22.15550995,-20.20068741,1,-7.390193939,1,-15.89458561,1,2.995503187179565,1,7.285268783569336,1,-5.495283127,1,-1.611616611,0,-0.212575451,0,-1.737460375,0
22.15950966,-20.93243027,1,-6.985372543,1,-15.92370224,1,2.817904949188232,1,7.034627914428711,1,-5.470980167,1,-1.59362781,0,-0.235414073,0,-1.766086936,0
22.16351128,-21.74956322,1,-6.713856697,1,-15.95248032,1,2.667337894439697,1,6.773052692,1,-5.45056963,1,-1.575796366,0,-0.257636666,0,-1.794251084,0
22.16750908,-22.4757061,1,-5.993868351,1,-16.05712891,1,2.536590814590454,1,6.473911762237549,1,-5.430869102,1,-1.558070302,0,-0.279291987,0,-1.821830988,0
22.17150879,-23.29870605,1,-5.625452518,1,-16.01124573,1,2.435084581375122,1,6.156134605407715,1,-5.421378136,1,-1.540452838,0,-0.300451577,0,-1.848675013,0
22.17551041,-24.48381805,1,-6.017237186,1,-15.98713875,1,2.352614402770996,1,5.847993850708008,1,-5.384136677,1,-1.522912621,0,-0.321102321,0,-1.874735355,0
22.17950821,-25.92852211,1,-6.867831707,1,-16.15990257,1,2.268124103546143,1,5.570219517,1,-5.340000629,1,-1.505420804,0,-0.341232121,0,-1.900127411,0
22.18350792,-27.50020409,1,-7.570858955,1,-16.21174049,1,2.170832633972168,1,5.308130741119385,1,-5.307524204,1,-1.488020182,0,-0.360856593,0,-1.924906254,0
22.18750954,-29.19184685,1,-7.369325638,1,-16.23195267,1,2.060493230819702,1,5.044168472290039,1,-5.309111118,1,-1.470790625,0,-0.38010031,0,-1.949116111,0
22.19150734,-30.67966843,1,-5.749480724,1,-16.57915688,1,1.988261580467224,1,4.746472358703613,1,-5.329218864,1,-1.453760386,0,-0.399120867,0,-1.972661376,0
22.19550705,-32.15098953,1,-2.346623898,1,-16.91078186,1,2.023874521255493,1,4.41157341,1,-5.383192062,1,-1.436755776,0,-0.418087602,0,-1.995388269,0
22.19950867,-34.47276688,1,0.5898308753967285,1,-16.67576599,1,2.252141237258911,1,4.129758834838867,1,-5.438648701,1,-1.419157386,0,-0.437090218,0,-2.017323494,0
22.20350647,-37.68357086,1,1.114095211029053,1,-15.45701694,1,2.585508823394775,1,3.999668836593628,1,-5.489067078,1,-1.400143147,0,-0.456065595,0,-2.038970232,0
22.20750618,-39.99285507,1,-0.858490586,1,-13.46818733,1,2.835054636001587,1,3.922325849533081,1,-5.468178749,1,-1.379449844,0,-0.474797994,0,-2.060802937,0
22.2115078,-40.37054825,1,-4.4545331,1,-10.68669033,1,2.812966585159302,1,3.866174221038818,1,-5.337076187,1,-1.357776046,0,-0.492860705,0,-2.082949162,0
22.2155056,-39.50489807,1,-7.267812252,1,-7.573379517,1,2.549430609,1,3.742768287658691,1,-5.114012718,1,-1.336321115,0,-0.509878993,0,-2.105193853,0
22.21950531,-37.03076553,1,-6.824342728,1,-4.650148392,1,2.178550004959106,1,3.513616085,1,-4.851499081,1,-1.316074967,0,-0.525695264,0,-2.126991034,0
22.22350693,-34.58075714,1,-2.295090199,1,-2.410439253,1,1.900915503501892,1,3.140128851,1,-4.591453075,1,-1.297462821,0,-0.540455878,0,-2.147658587,0
22.22750473,-34.05212402,1,3.177523612976074,1,0.059590328,1,1.846772432327271,1,2.769690990447998,1,-4.312011242,1,-1.280101299,0,-0.55429256,0,-2.166746855,0
22.23150444,-34.43491745,1,7.471242904663086,1,2.131296157836914,1,2.034190416,1,2.469029903411865,1,-3.982498407,1,-1.263036728,0,-0.567072868,0,-2.184326649,0
22.23550415,-34.63327026,1,10.07036018371582,1,3.798475980758667,1,2.406494141,1,2.212831497192383,1,-3.608918905,1,-1.245410562,0,-0.578599393,0,-2.200524092,0
22.23950195,-34.78489304,1,10.35199737548828,1,4.851235389709473,1,2.823954343795776,1,2.023191213607788,1,-3.224256516,1,-1.226701975,0,-0.588720381,0,-2.21548748,0
22.24350357,-34.46884155,1,8.028547286987305,1,5.439321041107178,1,3.088490009307861,1,1.803957104682922,1,-2.871293545,1,-1.207144022,0,-0.59751153,0,-2.229218006,0
22.24750328,-33.12387085,1,4.437510013580322,1,5.184361457824707,1,3.040644169,1,1.607253313064575,1,-2.554447651,1,-1.187706232,0,-0.605110824,0,-2.241752863,0
22.25150108,-32.23474884,1,2.062638998031616,1,5.435888767242432,1,2.587831974029541,1,1.357433915138245,1,-2.386685848,1,-1.169940233,0,-0.611927569,0,-2.252994537,0
22.25550652,-30.50523758,1,1.028262376785278,1,5.397385120391846,1,1.941626310348511,1,1.050601959228516,1,-2.272103786,1,-1.155079722,0,-0.618559241,0,-2.262954235,0
22.25951004,-29.29429817,1,1.675682187080383,1,5.561938762664795,1,1.245412468910217,1,0.6984429359436035,1,-2.150254726,1,-1.143860936,0,-0.625213742,0,-2.27132082,0
22.26350784,-28.3612957,1,0.9415655732154846,1,5.509539604187012,1,0.6224967837333679,1,0.3400821685791016,1,-1.996428013,1,-1.136222839,0,-0.631895363,0,-2.277970076,0
22.26750755,-26.6368866,1,0.1772116124629974,1,5.802605152130127,1,0.000382257,1,-0.054340333,1,-1.776709676,1,-1.13224113,0,-0.638497591,0,-2.28260088,0
22.27150917,-25.37190056,1,-0.331809968,1,6.127876758575439,1,-0.536404073,1,-0.482103407,1,-1.557791471,1,-1.131946087,0,-0.644987404,0,-2.284919977,0
22.27550697,-24.52871895,1,-0.090370014,1,6.157800674438477,1,-0.923490882,1,-0.879937768,1,-1.354409218,1,-1.134910822,0,-0.651412725,0,-2.284903526,0
22.27950668,-24.78622627,1,0.3460185825824738,1,6.454876899719238,1,-1.117309809,1,-1.214408875,1,-1.176366329,1,-1.169958591,0,-0.535424709,0,-2.212426186,0
22.2835083,-24.1060276,1,1.207427859306335,1,5.216995716094971,1,-1.170524478,1,-1.45258677,1,-1.0245049,1,-1.17654562,0,-0.541504741,0,-2.208712578,0
22.2875061,-24.17771721,1,0.4725439846515656,1,4.900837898254395,1,-1.087212563,1,-1.588758588,1,-0.937609434,1,-1.183603644,0,-0.547452927,0,-2.203840494,0
22.29150581,-23.08277321,1,-1.353194952,1,4.280488491,1,-0.986138523,1,-1.681259036,1,-0.896742344,1,-1.190626621,0,-0.553289592,0,-2.198314667,0
22.29550743,-21.74295425,1,-3.76142168,1,4.27520752,1,-0.977004707,1,-1.759910107,1,-0.899463892,1,-1.197674632,0,-0.559146821,0,-2.19234705,0
22.29950523,-20.23260689,1,-5.727679729,1,4.754610061645508,1,-1.087702513,1,-1.874347568,1,-0.95051688,1,-1.205210924,0,-0.565212965,0,-2.185926199,0
22.30350494,-17.44439316,1,-7.215694904,1,4.312015056610107,1,-1.273153424,1,-2.053378344,1,-1.006305218,1,-1.213721395,0,-0.571647346,0,-2.178870678,0
22.30750656,41.93265533447266,1,-5.855682373,1,-18.70504951,1,-1.647635579,1,-2.968234539,1,-1.351588726,1,-1.22427845,0,-0.579047441,0,-2.169994593,0
22.31150436,-13.57938004,1,8.236088752746582,1,4.298511505126953,1,-1.112610459,1,-3.823442221,1,-1.879453182,1,-1.236889601,0,-0.590533137,0,-2.157018423,0
22.31550407,-11.66191483,1,-14.70342922,1,9.470431327819824,1,-2.281334639,1,-3.386357546,1,-1.758623481,1,-1.25172925,0,-0.601872623,0,-2.142751694,0
22.31950569,21.76839256286621,1,-7.566951275,1,-2.055903196,1,-2.146137953,1,-4.251224041,1,-1.673024058,1,-1.268895745,0,-0.612918377,0,-2.12860918,0
22.32350349,23.25683594,1,2.633324146270752,1,-10.68742657,1,-2.204238176,1,-6.080940247,1,-1.340737581,1,-1.290474176,0,-0.624582827,0,-2.105970383,0
22.3275032,32.49583817,1,4.380689621,1,-25.36202431,1,-2.281333208,1,-7.13506031,1,-1.093799829,1,-1.317458391,0,-0.636414647,0,-2.076149225,0
22.33150291,52.31025314331055,1,24.38010979,1,-39.3346405,1,-0.870471358,1,-8.72947216,1,-0.425603062,1,-1.346824408,0,-0.646928489,0,-2.0382967,0
22.33550072,46.93859481811523,1,29.42788696289063,1,-48.25926971,1,0.3073915541172028,1,-8.707465172,1,0.1527105420827866,1,-1.373633504,0,-0.654794574,0,-1.995589256,0
22.33950234,8.430873870849609,1,25.94949913024902,1,-36.85464478,1,1.745737314224243,1,-8.684185028,1,1.224670052528381,1,-1.396261454,0,-0.658461273,0,-1.951774716,0
22.34350205,-15.06837654,1,10.16751384735107,1,-25.9352951,1,2.034880638122559,1,-8.688059807,1,2.515213489532471,1,-1.415517449,0,-0.656979918,0,-1.90697372,0
22.34749985,-33.42226791,1,7.812095165252686,1,-23.3731823,1,1.312635303,1,-8.707076073,1,3.628795146942139,1,-1.436721921,0,-0.649593651,0,-1.861336112,0
22.35149956,-36.41467285,1,21.53406906,1,-24.33217239,1,1.960689544677734,1,-8.696651459,1,4.119767189025879,1,-1.457994461,0,-0.638365388,0,-1.81572628,0
22.35550118,-76.16906738,1,13.23642444610596,1,-25.19468117,1,2.623706817626953,1,-8.680304527,1,3.642185688018799,1,-1.475026965,0,-0.626519084,0,-1.770879388,0
22.35949898,-72.33499146,1,-0.865569711,1,-15.88246346,1,2.407436132,1,-8.683028221,1,3.299562215805054,1,-1.490819335,0,-0.615722954,0,-1.726835728,0
22.36349869,-67.78276825,1,-16.22358513,1,-10.98631382,1,2.174574613571167,1,-7.559121132,1,2.946314096450806,1,-1.505102515,0,-0.605680287,0,-1.68582952,0
22.36750031,-63.09266663,1,-33.2027092,1,-7.943109035,1,1.523156046867371,1,-6.020978451,1,2.668900012969971,1,-1.516747236,0,-0.596052229,0,-1.652001023,0
22.37149811,-54.80123138,1,-41.80525589,1,-7.752658367,1,0.5189933776855469,1,-4.39314127,1,2.449830532073975,1,-1.526890159,0,-0.58679378,0,-1.626359344,0
22.37550354,-31.61769676,1,-34.25730896,1,-7.558443069,1,-0.06404788,1,-3.403402328,1,2.072038650512695,1,-1.536447406,0,-0.578401089,0,-1.607564092,0
22.37950516,-19.49880981,1,-23.63726616,1,-6.660933018,1,-0.757767439,1,-3.04186821,1,1.677527904510498,1,-1.546527863,0,-0.571223021,0,-1.592118979,0
22.38350296,-13.51198483,1,-14.57295132,1,-4.315606117,1,-1.063324571,1,-2.790927172,1,1.425471067428589,1,-1.557768345,0,-0.565363407,0,-1.578116179,0
22.38750267,-18.27582169,1,-10.00237274,1,-3.098786592,1,-1.400040507,1,-2.323608398,1,1.489764571,1,-1.569242835,0,-0.559627175,0,-1.565842748,0
22.39150429,-15.02698708,1,-1.527439356,1,-3.603420973,1,-1.459275961,1,-1.670329332,1,1.567530274391174,1,-1.579958797,0,-0.553468227,0,-1.55650878,0
22.39550209,-13.63294601,1,-1.425176263,1,-5.796566486,1,-1.412737012,1,-1.226666927,1,1.610345005989075,1,-1.589137316,0,-0.547027469,0,-1.549843311,0
22.3995018,-13.26582909,1,-5.227600098,1,-8.242972374,1,-1.460866332,1,-0.847547412,1,1.508131742477417,1,-1.597299814,0,-0.540648639,0,-1.54523313,0
22.40350342,-12.19351387,1,-10.61201477,1,-9.529195786,1,-1.502402902,1,-0.682476103,1,1.369661211967468,1,-1.604909539,0,-0.534817696,0,-1.541860819,0
22.40750122,-10.02288151,1,-8.325307846,1,-13.55478859,1,-1.486574292,1,-0.648549974,1,1.310651540756226,1,-1.612379432,0,-0.529343843,0,-1.539023757,0
22.41150093,-4.62357378,1,-2.637020588,1,-14.02528,1,-1.420570254,1,-0.631472051,1,1.329782962799072,1,-1.619569182,0,-0.524008632,0,-1.536415696,0
22.41550255,-0.791666508,1,-0.081833251,1,-15.18401432,1,-1.31848073,1,-0.801368177,1,1.359133362770081,1,-1.62646091,0,-0.518458247,0,-1.533487916,0
22.41950035,-2.420047998,1,-2.428387165,1,-13.08241272,1,-1.19596827,1,-0.94660002,1,1.298164963722229,1,-1.633321047,0,-0.512913465,0,-1.529784203,0
22.42350006,-7.191523075,1,-1.544691563,1,-10.02040768,1,-1.095494747,1,-0.979888856,1,1.121734142303467,1,-1.639886618,0,-0.507808566,0,-1.525719762,0
22.42750168,-6.757566452,1,0.7637062668800354,1,-8.505005836,1,-0.984548748,1,-0.978066146,1,0.9501045942306519,1,-1.646074295,0,-0.503417432,0,-1.521588326,0
22.43149948,-5.882852077,1,2.674215316772461,1,-10.02219486,1,-0.837588549,1,-0.937363446,1,0.8207807540893555,1,-1.651647329,0,-0.499599189,0,-1.517539978,0
22.43549919,-3.520324945,1,2.642609357833862,1,-9.651259422,1,-0.67540133,1,-0.955321491,1,0.7296708822250366,1,-1.656586528,0,-0.496210635,0,-1.513550401,0
22.43950272,-7.940048695,1,-0.133815467,1,-8.001818657,1,-0.547965705,1,-0.896519005,1,0.7063679099082947,1,-1.660897017,0,-0.493038327,0,-1.509609103,0
22.44349861,-9.105727196,1,-4.349318027,1,-5.656852245,1,-0.549651623,1,-0.724360168,1,0.7060708999633789,1,-1.664596558,0,-0.489934534,0,-1.506278753,0
22.44749641,-7.047117233,1,-6.892224789,1,-6.638748646,1,-0.610293746,1,-0.69939518,1,0.7088518738746643,1,-1.668270826,0,-0.486816972,0,-1.503387451,0
22.45149994,-3.689433813,1,-5.446041584,1,-8.813471794,1,-0.722428024,1,-0.715815783,1,0.6811599731445313,1,-1.672279954,0,-0.48377943,0,-1.500545621,0
22.45549583,-3.211012602,1,0.2783079147338867,1,-10.74821472,1,-0.692537546,1,-0.799710572,1,0.6142576932907104,1,-1.676573753,0,-0.480858237,0,-1.497451544,0
22.45949554,-4.685185909,1,4.517004013061523,1,-10.68044472,1,-0.570116222,1,-0.818266094,1,0.4954985082149506,1,-1.680677652,0,-0.478293061,0,-1.494069576,0
22.46349907,-6.109110832,1,3.122549533843994,1,-9.516618729,1,-0.412914634,1,-0.785836399,1,0.3912107348442078,1,-1.684180617,0,-0.476182222,0,-1.490692616,0
22.46749687,-6.450040817,1,-2.784797192,1,-7.740453243,1,-0.376296639,1,-0.746722579,1,0.3470312654972076,1,-1.687197924,0,-0.474391013,0,-1.487466931,0
22.47149658,-6.168936253,1,-5.471384525,1,-6.842473984,1,-0.447259933,1,-0.723764598,1,0.3370740413665771,1,-1.690247178,0,-0.472690135,0,-1.48436892,0
22.4754982,-5.949708462,1,-3.892090559,1,-7.250196934,1,-0.525267899,1,-0.711965561,1,0.3431765139102936,1,-1.693578601,0,-0.47098586,0,-1.48134625,0
22.479496,-5.706648827,1,-1.942908049,1,-8.067810059,1,-0.537414074,1,-0.690590262,1,0.3298743367195129,1,-1.697056413,0,-0.469296068,0,-1.478429556,0
22.48349571,-5.397672653,1,-2.048076391,1,-8.752941132,1,-0.538004756,1,-0.694586873,1,0.2849126756191254,1,-1.700509548,0,-0.467716217,0,-1.475532651,0
22.48749733,-5.198465347,1,-1.292288661,1,-9.152514458,1,-0.510360181,1,-0.718243599,1,0.2529273629188538,1,-1.703951716,0,-0.466275394,0,-1.472550392,0
22.49149513,-4.960932732,1,-0.340813339,1,-9.379567146,1,-0.464704573,1,-0.737444401,1,0.2074680477380753,1,-1.707285404,0,-0.464975536,0,-1.469464898,0
22.49549484,-5.345089436,1,-0.548522174,1,-9.18794632,1,-0.415228426,1,-0.735977769,1,0.1475814133882523,1,-1.710450292,0,-0.463867813,0,-1.466314316,0
22.49950218,-4.906337261,1,-1.024713755,1,-8.84500885,1,-0.375247031,1,-0.72592324,1,0.099166967,1,-1.713443995,0,-0.462968528,0,-1.463156819,0
22.50350571,-4.655874252,1,-1.468932986,1,-8.827425957,1,-0.352863699,1,-0.718253553,1,0.061248906,1,-1.716305256,0,-0.462237835,0,-1.460011005,0
22.50750542,-4.49149847,1,-1.45701921,1,-8.916083336,1,-0.340903401,1,-0.727156639,1,0.028959842,1,-1.719108462,0,-0.46162948,0,-1.4568398,0
22.51150703,-5.129179955,1,-1.598414063,1,-8.911644936,1,-0.334439397,1,-0.707363963,1,-0.005135077,1,-1.721862555,0,-0.461158127,0,-1.453674912,0
22.51550484,-4.891755104,1,-1.420507431,1,-8.678067207,1,-0.331158102,1,-0.694654107,1,-0.037185386,1,-1.724588752,0,-0.46081996,0,-1.450576901,0
22.51950455,-4.881111622,1,-2.012837887,1,-8.605849266,1,-0.348106235,1,-0.678456545,1,-0.060591452,1,-1.727298617,0,-0.460584849,0,-1.447511315,0
22.52350617,-5.250523567,1,-2.145317793,1,-8.211711884,1,-0.347777903,1,-0.668455184,1,-0.073556185,1,-1.730032325,0,-0.460429281,0,-1.444503188,0
22.52750206,-5.501392365,1,-2.012235165,1,-8.297635078,1,-0.377353162,1,-0.655924082,1,-0.085280344,1,-0.363246828,0,-0.435552239,0,2.757834196090698,0
22.53150177,-5.442123413,1,-1.382098675,1,-8.331016541,1,-0.353730559,1,-0.652292788,1,-0.090046726,1,-0.289064646,0,-0.491142154,0,2.823220968,0
22.53550339,-5.603482246,1,-1.210926294,1,-8.291670799,1,-0.340186417,1,-0.654988647,1,-0.109554715,1,-0.290653765,0,-0.493764371,0,2.823636770248413,0
22.53950119,-5.467554092,1,-1.078446865,1,-8.684631348,1,-0.312577814,1,-0.659710169,1,-0.131975964,1,-0.292128593,0,-0.496417701,0,2.823947906494141,0
22.5435009,-5.068397045,1,-0.921648681,1,-8.625671387,1,-0.24138175,1,-0.698719978,1,-0.133357078,1,-0.293385327,0,-0.499162018,0,2.824277163,0
22.54750252,-5.454694748,1,-1.245357275,1,-8.956315041,1,-0.197825909,1,-0.73490417,1,-0.130627021,1,-0.294449568,0,-0.502063692,0,2.824650764465332,0
22.55150032,-5.390542507,1,-0.124109715,1,-9.086221695,1,-0.037044995,1,-0.784811497,1,-0.11807885,1,-0.295176804,1,-0.505115628,1,2.825116872787476,1
22.55550003,-5.416964531,1,-1.06543088,1,-9.249129295,1,0.054427136,1,-0.836654544,1,-0.108173244,1,-0.295377314,1,-0.508346319,1,2.825700283050537,1
22.55950165,-5.13228035,1,-1.454189658,1,-8.861963272,1,0.082148835,1,-0.888811707,1,-0.092157111,1,-0.295458794,1,-0.511772513,1,2.826423883,1
22.56349945,-5.263423443,1,-1.89738214,1,-9.074980736,1,0.1329050809144974,1,-0.93349129,1,-0.078973107,1,-0.295433313,1,-0.515366197,1,2.827259063720703,1
22.56749916,-4.633645535,1,-2.326836348,1,-8.808218002,1,0.1085766032338142,1,-0.973626077,1,-0.063701093,1,-0.295413792,1,-0.519102335,1,2.828227758407593,1
22.57150078,-4.916893482,1,-2.098367691,1,-8.718960762,1,0.12016961,1,-1.020068049,1,-0.044084333,1,-0.295527935,1,-0.522976279,1,2.829348564147949,1
22.57549858,-5.408046246,1,-2.176786184,1,-8.638842583,1,0.1242496520280838,1,-1.052755237,1,-0.037901178,1,-0.295639277,1,-0.52699101,1,2.830560207366943,1
22.57949829,-5.207573891,1,-1.77715826,1,-8.515893936,1,0.1413854956626892,1,-1.08563602,1,-0.024485318,1,-0.295769453,1,-0.531117558,1,2.831858873,1
22.58349991,-5.544526577,1,-1.177976608,1,-8.595058441,1,0.2019251435995102,1,-1.120010495,1,-0.01972772,1,-0.295800239,1,-0.53536123,1,2.833263635635376,1
22.58749771,-5.388611794,1,-1.197486043,1,-8.577879906,1,0.2459298819303513,1,-1.138194919,1,-0.013005231,1,-0.295642138,1,-0.539693356,1,2.834725379943848,1
22.59149551,-5.468619347,1,-1.824020386,1,-8.442690849,1,0.2605125308036804,1,-1.161271811,1,-0.011837162,1,-0.295402557,1,-0.54411906,1,2.836238384246826,1
22.59549713,-5.3586483,1,-1.804748893,1,-8.06883812,1,0.2656376659870148,1,-1.169872165,1,0.001425498,1,-0.295158744,1,-0.548591018,1,2.837788581848145,1
22.59949493,-5.636249542,1,-1.750744581,1,-7.980418205,1,0.2882563173770905,1,-1.174195766,1,0.007352944,1,-0.294901222,1,-0.553079128,1,2.839407920837402,1
22.60349464,-5.471027374,1,-1.853858232,1,-7.707303524,1,0.3100067377090454,1,-1.177441835,1,0.023529982,1,-0.294589221,1,-0.557556629,1,2.841084003448486,1
22.60749817,-6.103960037,1,-2.41307044,1,-7.801527023,1,0.3262742757797241,1,-1.185093999,1,0.051142275,1,-0.294260561,1,-0.562031507,1,2.842864513397217,1
22.61149406,-5.690040588,1,-2.530358315,1,-7.291457176,1,0.3148394823074341,1,-1.173059464,1,0.089820139,1,-0.294008791,1,-0.56646347,1,2.844795227050781,1
22.61549377,-5.664192677,1,-2.422468185,1,-7.255316734,1,0.3122832179069519,1,-1.180516601,1,0.1236645504832268,1,-0.293900549,1,-0.570844471,1,2.846895933151245,1
22.61950302,-6.07952404,1,-2.42347765,1,-7.235124111,1,0.3313632607460022,1,-1.164949298,1,0.1495732814073563,1,-0.293825448,1,-0.575164676,1,2.849145650863647,1
22.62350655,-5.751715183,1,-2.635204315,1,-7.099043846,1,0.3331569135189056,1,-1.159699559,1,0.1784922331571579,1,-0.293776631,1,-0.579422593,1,2.851507186889648,1
22.62750626,-5.787006378,1,-3.103961468,1,-7.18644762,1,0.3371569514274597,1,-1.148849726,1,0.1968818157911301,1,-0.293778628,1,-0.583627582,1,2.853965997695923,1
22.63150787,-5.801588535,1,-3.432034969,1,-7.297929287,1,0.2976543009281158,1,-1.136384368,1,0.2219332009553909,1,-0.293914139,1,-0.5877527,1,2.856518030166626,1
22.63550568,-5.603878975,1,-2.962120056,1,-7.247329712,1,0.2727980017662048,1,-1.131173968,1,0.2503789961338043,1,-0.294269204,1,-0.59181881,1,2.859183073043823,1
22.63950539,-5.915982246,1,-2.523835659,1,-7.179854393,1,0.2706768214702606,1,-1.129508615,1,0.269877017,1,-0.294748366,1,-0.595845222,1,2.861966133117676,1
22.643507,-6.226311684,1,-2.54246664,1,-7.101737976,1,0.275254875,1,-1.11776638,1,0.2860575616359711,1,-0.295262367,1,-0.599819303,1,2.864831686019897,1
22.64750481,-6.181581974,1,-2.756372929,1,-6.911223412,1,0.2616405189037323,1,-1.09693265,1,0.3030156791210175,1,-0.29584229,1,-0.603717089,1,2.867761611938477,1
22.65150452,-5.972752571,1,-2.868304729,1,-6.830204487,1,0.2384360730648041,1,-1.088562131,1,0.3222594857215881,1,-0.296554029,1,-0.607539654,1,2.870770692825317,1
22.65550423,-6.066723824,1,-2.769664764,1,-6.893979549,1,0.2200792729854584,1,-1.082887173,1,0.3362065255641937,1,-0.297396362,1,-0.6113078,1,2.873849630355835,1
22.65950203,-6.275941372,1,-2.654010534,1,-6.838889599,1,0.2065607160329819,1,-1.068143845,1,0.3530528545379639,1,-0.298356831,1,-0.615008652,1,2.877012014389038,1
22.66350365,-6.000319004,1,-2.764857054,1,-6.584010124,1,0.1884957849979401,1,-1.052644253,1,0.3650552332401276,1,-0.299427003,1,-0.618639231,1,2.880226850509644,1
22.66750336,-6.240604877,1,-2.879634142,1,-6.508881092,1,0.166998029,1,-1.039172888,1,0.3771401345729828,1,-0.300609857,1,-0.622196317,1,2.883476495742798,1
22.67150116,-6.407573223,1,-2.994845629,1,-6.311730862,1,0.1393149495124817,1,-1.0025177,1,0.3918789327144623,1,-0.301919371,1,-0.625647247,1,2.886783599853516,1
22.67550087,-6.308390617,1,-3.098712206,1,-6.156105995,1,0.1065628603100777,1,-0.974134088,1,0.4035666882991791,1,-0.303381056,1,-0.628945231,1,2.890114545822144,1
22.67950249,-6.356597424,1,-2.922290087,1,-6.052750111,1,0.075096808,1,-0.93800199,1,0.4183106422424316,1,-0.304990321,1,-0.632105231,1,2.893466472625732,1
22.68350029,-6.444767475,1,-2.553226471,1,-6.01089859,1,0.053639051,1,-0.905310988,1,0.4296501874923706,1,-0.306747377,1,-0.635110736,1,2.896862983703613,1
22.6875,-6.686206818,1,-2.355096579,1,-6.039561272,1,0.041286603,1,-0.870114088,1,0.4477611780166626,1,-0.308585584,1,-0.637971997,1,2.900278329849243,1
22.69150162,-6.925065517,1,-2.432793856,1,-5.926348209,1,0.024794852,1,-0.830067456,1,0.4585515856742859,1,-0.310492516,1,-0.640657306,1,2.903709173202515,1
22.69549942,-6.757759571,1,-2.60838604,1,-5.641522408,1,0.001627496,1,-0.795974553,1,0.4674112796783447,1,-0.312499374,1,-0.643179715,1,2.907153606414795,1
22.69949913,-6.71990633,1,-2.689982891,1,-5.585878372,1,-0.023496505,1,-0.759231329,1,0.4799422919750214,1,-0.314617217,1,-0.645556509,1,2.910606145858765,1
22.70350075,-6.665455341,1,-2.566973686,1,-5.65551281,1,-0.038775433,1,-0.714819908,1,0.4902375340461731,1,-0.316826642,1,-0.647756338,1,2.914051294326782,1
22.70749855,-6.598583221,1,-2.293278456,1,-5.717106819,1,-0.054685973,1,-0.671560824,1,0.5013191699981689,1,-0.319092333,1,-0.649768114,1,2.917504787445068,1
22.71149826,-6.672017097,1,-2.063691616,1,-5.728760719,1,-0.057080086,1,-0.644127846,1,0.5021111369132996,1,-0.321393907,1,-0.65162456,1,2.920941114425659,1
22.71549988,-6.971779346,1,-1.811358094,1,-5.784109116,1,-0.067891784,1,-0.607191443,1,0.502166212,1,-0.323722601,1,-0.653355956,1,2.924339294433594,1
22.71949768,-6.989388466,1,-1.529618502,1,-5.790264606,1,-0.080635212,1,-0.570206463,1,0.4908158183097839,1,-0.32605648,1,-0.654944777,1,2.927665233612061,1
22.72349739,-6.8328228,1,-1.323731542,1,-5.880167961,1,-0.082870051,1,-0.540896714,1,0.4868542551994324,1,-0.328362048,1,-0.656412899,1,2.930901527404785,1
22.72749901,-6.762660027,1,-1.145195723,1,-5.903986931,1,-0.073926426,1,-0.512552559,1,0.4747203290462494,1,-0.33061254,1,-0.657783747,1,2.934051513671875,1
22.73149681,-6.681776524,1,-1.038415313,1,-5.99407959,1,-0.067921683,1,-0.494120002,1,0.4586442708969116,1,-0.332762361,1,-0.659085274,1,2.937102317810059,1
22.73549652,-6.817611694,1,-1.096065044,1,-6.11405468,1,-0.052465811,1,-0.478153914,1,0.4415638446807861,1,-0.334817052,1,-0.660327435,1,2.940061092376709,1
22.73950577,-6.993452549,1,-1.184675455,1,-6.202542305,1,-0.044130031,1,-0.455842882,1,0.4282971024513245,1,-0.336773396,1,-0.661518574,1,2.942929029464722,1
22.74350929,-6.745068073,1,-1.400877595,1,-6.316612244,1,-0.042344444,1,-0.445681721,1,0.4199070036411285,1,-0.338669598,1,-0.662660003,1,2.945707798,1
22.747509,-6.759205341,1,-1.495233655,1,-6.557284355,1,-0.040424675,1,-0.435089558,1,0.4103004336357117,1,-0.340525597,1,-0.663767576,1,2.948443651199341,1
22.75151062,-6.818545341,1,-1.666487455,1,-6.666544437,1,-0.043916591,1,-0.423987955,1,0.4046919643878937,1,-0.342347115,1,-0.664842367,1,2.951132774353027,1
22.75550842,-6.650425911,1,-1.760265231,1,-6.591234207,1,-0.043220896,1,-0.41579169,1,0.401295394,1,-0.344155908,1,-0.665884078,1,2.95377779,1
22.75950623,-6.681330681,1,-1.576743007,1,-6.426598072,1,-0.035497207,1,-0.415572345,1,0.4063812494277954,1,-0.345955372,1,-0.666909277,1,2.956429481506348,1
22.76350784,-6.594172955,1,-1.49271071,1,-6.399157524,1,-0.019173605,1,-0.411945939,1,0.399481475,1,-0.347700804,1,-0.667902827,1,2.959067344665527,1
22.76750565,-6.877960205,1,-1.467475891,1,-6.444044113,1,-0.00078617,1,-0.395647198,1,0.4005099236965179,1,-0.349367023,1,-0.668875813,1,2.961697101593018,1
22.77150536,-6.811141968,1,-1.336422324,1,-6.363080978,1,0.005962414,1,-0.384257972,1,0.3974253833293915,1,-0.350963265,1,-0.669798255,1,2.964279413223267,1
22.77550697,-6.639555454,1,-1.305385947,1,-6.299323559,1,0.008427363,1,-0.371593326,1,0.3890331089496613,1,-0.352510512,1,-0.670671523,1,2.966819524765015,1
22.77950478,-6.715418816,1,-1.417836666,1,-6.265766144,1,-0.004881535,1,-0.358312935,1,0.3830063939094543,1,0.08892718,1,-0.916457415,1,2.970271348953247,1
22.78350449,-6.767562389,1,-1.43382442,1,-6.202157021,1,-0.024810573,1,-0.352594435,1,0.3725531101226807,1,0.087058939,1,-0.918007374,1,2.972542762756348,1
22.7875061,-6.897834301,1,-1.524865627,1,-6.172662258,1,-0.044670202,1,-0.339222878,1,0.37313351,1,0.0851335,1,-0.919514418,1,2.974793672561646,1
22.79150581,-7.064538479,1,-1.840391517,1,-6.285810471,1,-0.065482579,1,-0.331271827,1,0.3733384311199188,1,0.083119482,1,-0.920982242,1,2.977059841156006,1
22.79550552,-6.832562447,1,-2.070837736,1,-6.486546993,1,-0.092288151,1,-0.328817219,1,0.3755656480789185,1,0.080992825,1,-0.922418296,1,2.979338407516479,1
22.79950714,-6.544128895,1,-2.260958195,1,-6.812304497,1,-0.107184038,1,-0.333010733,1,0.3819566965103149,1,0.078743987,1,-0.923850238,1,2.981662989,1
22.80350494,-6.545811653,1,-2.327919006,1,-7.11606884,1,-0.13117446,1,-0.350848079,1,0.3959090113639832,1,0.07637842,1,-0.925328135,1,2.984038352966309,1
22.80750275,-6.531642437,1,-2.322156429,1,-7.214076519,1,-0.150612622,1,-0.372946352,1,0.4093154966831207,1,0.073824249,1,-0.926891685,1,2.986525058746338,1
22.81150436,-6.579078674,1,-2.276922941,1,-7.452438831,1,-0.161563337,1,-0.409879446,1,0.430360734,1,0.071131989,1,-0.928573847,1,2.989107370376587,1
22.81550217,-6.576238632,1,-2.328753471,1,-7.768335819,1,-0.176731884,1,-0.446323127,1,0.4438981115818024,1,0.06827835,1,-0.930395484,1,2.991822004318237,1
22.81950188,-6.428352833,1,-2.311540604,1,-7.956214905,1,-0.178218678,1,-0.497007579,1,0.4580681324005127,1,0.065315366,1,-0.932390809,1,2.994626760482788,1
22.82350349,-6.217829227,1,-2.2512815,1,-8.281697273,1,-0.185562983,1,-0.557481408,1,0.4749836921691895,1,0.062234662,1,-0.934608936,1,2.997550487518311,1
22.8275013,-6.200046062,1,-2.169142008,1,-8.611955643,1,-0.193811297,1,-0.627875388,1,0.4927537739276886,1,0.059039485,1,-0.937088072,1,3.000580787658691,1
22.83150101,-6.268367767,1,-2.052736759,1,-8.896327019,1,-0.203147382,1,-0.706933796,1,0.5013871192932129,1,0.055747859,1,-0.93986696,1,3.003672361373901,1
22.83550263,-6.161478519,1,-1.615165234,1,-9.053098679,1,-0.211197868,1,-0.79575634,1,0.5071589350700378,1,0.05235666,1,-0.942977071,1,3.006832599639893,1
22.83950043,-6.016262054,1,-1.393340588,1,-9.27312088,1,-0.207648963,1,-0.901859701,1,0.520142138,1,0.048905466,1,-0.946472406,1,3.010049343109131,1
22.84350014,-6.013456821,1,-1.291360021,1,-9.424518585,1,-0.205250472,1,-1.009126186,1,0.5112456083297729,1,0.045473367,1,-0.95038259,1,3.013261556625366,1
22.84750176,-5.885289669,1,-1.202277422,1,-9.564373016,1,-0.203875378,1,-1.133212686,1,0.5075671076774597,1,0.04206026,1,-0.954743743,1,3.016447067260742,1
22.85149956,-5.793360233,1,-1.110644341,1,-9.65096283,1,-0.206029907,1,-1.258146644,1,0.5069740414619446,1,0.03863138,1,-0.959591627,1,3.019639253616333,1
22.85549927,-5.726428986,1,-1.147736669,1,-9.814103127,1,-0.202957883,1,-1.385989785,1,0.5128533840179443,1,0.035184864,1,-0.964948356,1,3.02285099,1
22.85950661,-5.774302006,1,-1.211972356,1,-9.895441055,1,-0.191177711,1,-1.528256893,1,0.5100554227828979,1,0.031715024,1,-0.970836937,1,3.026105642318726,1
22.86351204,-5.793200016,1,-1.337624669,1,-9.938663483,1,-0.18204844,1,-1.668212295,1,0.5208578705787659,1,0.028212162,1,-0.977284431,1,3.029434919,1
22.86750984,-5.745563984,1,-1.639123797,1,-9.854881287,1,-0.181096345,1,-1.810952902,1,0.5377979278564453,1,0.024613297,1,-0.984301567,1,3.032890558242798,1
22.87151146,-5.753461361,1,-1.579344988,1,-9.924525261,1,-0.177532643,1,-1.96041894,1,0.5579360723495483,1,0.020837592,1,-0.991902173,1,3.036550760269165,1
22.87550926,-5.382284641,1,-1.671614885,1,-9.947834969,1,-0.163499996,1,-2.132277012,1,0.5767486691474915,1,0.016884001,1,-1.000121474,1,3.040452241897583,1
22.87950897,-5.347301483,1,-1.591749787,1,-10.09224796,1,-0.150776759,1,-2.293610334,1,0.6129337549209595,1,0.012711836,1,-1.009008646,1,3.044644832611084,1
22.88351059,-5.086889744,1,-1.535692692,1,-10.29205608,1,-0.116352163,1,-2.490422964,1,0.639976978,1,0.008317751,1,-1.018593311,1,3.049191951751709,1
22.88750839,-5.134817123,1,-1.87370193,1,-10.74571609,1,-0.084922239,1,-2.697544813,1,0.6739403605461121,1,0.003720073,1,-1.028978944,1,3.054109573364258,1
22.8915081,-5.182801723,1,-2.374920845,1,-11.10882664,1,-0.065821178,1,-2.925848961,1,0.7038426995277405,1,-0.001173729,1,-1.040228128,1,3.059468984603882,1
22.89550972,-5.090621948,1,-3.003592491,1,-11.65390491,1,-0.070973806,1,-3.177440405,1,0.7546669244766235,1,-0.006558657,1,-1.05241704,1,3.065382242202759,1
22.89950752,-4.630400181,1,-3.552831173,1,-11.83604622,1,-0.092947051,1,-3.451767683,1,0.815596342,1,-0.012673061,1,-1.065629125,1,3.072023153305054,1
22.90350723,-4.624509811,1,-4.485301018,1,-12.08144855,1,-0.134681746,1,-3.729263067,1,0.8953677415847778,1,-0.019830447,1,-1.079940438,1,3.079670667648315,1
22.90750885,-4.804382324,1,-5.736258984,1,-12.08272362,1,-0.209274307,1,-4.030439377,1,1.010220408439636,1,-0.02846903,1,-1.095353246,1,3.088649272918701,1
22.91150665,-5.186419964,1,-6.622358322,1,-12.20584774,1,-0.294998854,1,-4.330676079,1,1.141584038734436,1,-0.039117139,1,-1.111910105,1,3.099443674087524,1
22.91550636,-5.657320976,1,-7.124593735,1,-12.5804615,1,-0.376324117,1,-4.617420197,1,1.293263673782349,1,-0.052224234,1,-1.129570603,1,3.112511396408081,1
22.91950798,-6.258327484,1,-7.103983879,1,-13.04596043,1,-0.445375979,1,-4.911763668,1,1.453474164009094,1,-0.068238921,1,-1.148269773,1,3.128329992294312,1
22.92350578,-6.298456192,1,-7.098592758,1,-13.22250366,1,-0.478861004,1,-5.219853878,1,1.618904471,1,-0.08768931,1,-1.167994499,1,-3.135652781,1
22.92750549,-6.365560532,1,-7.557822227,1,-13.7742157,1,-0.509153664,1,-5.526145935,1,1.807349681854248,1,-0.111259885,1,-1.188691616,1,-3.11228323,1
22.93150711,-7.917520046,1,-7.790008068,1,-14.34299278,1,-0.542345226,1,-5.800318241,1,2.029907464981079,1,-0.140246391,1,-1.210224032,1,-3.083449125,1
22.93550491,-10.88091946,1,-7.670817852,1,-15.13675213,1,-0.553738117,1,-5.999197006,1,2.186568499,1,-0.175514176,1,-1.232234955,1,-3.048249245,1
22.93950462,-12.97563362,1,-9.206004143,1,-14.46396637,1,-0.612679064,1,-6.118564129,1,2.400915861129761,1,-0.21822688,1,-1.254219294,1,-3.005605698,1
22.94350624,-12.89936161,1,-10.91190052,1,-15.56237411,1,-0.774895608,1,-6.175038815,1,2.608083486557007,1,-0.270689905,1,-1.275674939,1,-2.953462124,1
22.94750404,-9.206930161,1,-8.522846222,1,-14.31752205,1,-0.803584397,1,-6.340018749,1,2.777096987,1,-0.333830774,0,-1.296210289,0,-2.891054392,0
22.95150375,-14.32508659,1,-9.747138977,1,-17.13573265,1,-0.893973649,1,-6.469250202,1,2.995451211929321,1,-0.411988258,0,-1.315973639,0,-2.813654661,0
22.95550537,-18.26079941,1,-7.194214344,1,-16.94128036,1,-0.727864027,1,-6.375490189,1,3.061895132064819,1,-0.503762126,0,-1.333686352,0,-2.72238493,0
22.95950317,-17.56353569,1,-8.511639595,1,-15.92464638,1,-0.578887284,1,-6.373123169,1,3.185843229293823,1,-0.609339416,0,-1.348726034,0,-2.616667509,0
22.96350288,-21.82435989,1,-10.17874622,1,-16.60754967,1,-0.53850919,1,-6.352208614,1,3.333283901,1,-0.730244279,0,-1.360648632,0,-2.495147467,0
22.9675045,-27.03702354,1,-10.75935555,1,-15.92497826,1,-0.482283771,1,-6.119225025,1,3.429438829421997,1,-0.863242149,0,-1.368466973,0,-2.361390829,0
22.9715023,-27.25400162,1,-13.44881248,1,-15.70053482,1,-0.542157531,1,-5.845683098,1,3.683807849884033,1,-1.000751138,0,-1.371354103,0,-2.223060369,0
22.97550011,-26.78099251,1,-15.74283028,1,-13.97661018,1,-0.925455451,1,-5.740560532,1,4.098193645477295,1,-1.140512466,0,-1.368833303,0,-2.083386421,0
22.97950745,-29.86735153,1,-16.74866295,1,-14.69441223,1,-1.544640541,1,-5.441912651,1,4.405004501342773,1,-1.274707198,0,-1.36080122,0,-1.951331258,0
22.98351288,-33.34278107,1,-17.23563004,1,-13.8404808,1,-2.130735159,1,-4.928632259,1,4.551795482635498,1,-1.393384457,0,-1.348291278,0,-1.837378621,0
22.98751259,-27.81109619,1,-14.7372551,1,-12.03725147,1,-2.640571594,1,-4.351867199,1,4.753031730651855,1,-1.491569757,0,-1.332159758,0,-1.746357441,0
22.99151421,-24.78481293,1,-11.77328587,1,-11.16197968,1,-2.954891682,1,-3.896528482,1,4.662270069122314,1,-1.57081461,0,-1.31388998,0,-1.676166892,0
22.99551201,-20.36429787,1,-9.132797241,1,-9.902643204,1,-3.211456537,1,-3.29767561,1,4.514213085174561,1,-1.633890152,0,-1.295100689,0,-1.623642683,0
22.99951172,-14.74417973,1,-7.207467556,1,-12.25079441,1,-3.225301981,1,-2.86433363,1,4.264960765838623,1,-1.683211803,0,-1.276494741,0,-1.585695982,0
23.00351334,-10.14466667,1,-8.553825378,1,-13.43859291,1,-3.234119177,1,-2.706819534,1,3.983468770980835,1,-1.724026322,0,-1.258694887,0,-1.556438565,0
23.00751114,-29.06438446,1,-0.762153089,1,-15.69924068,1,-2.88295722,1,-2.496177435,1,3.683467149734497,1,-1.759761453,0,-1.241632462,0,-1.531804562,0
23.01151085,-49.95365524,1,-1.322324157,1,-20.76608086,1,-2.317046404,1,-1.543072939,1,2.924330711364746,1,-1.78581202,0,-1.227175951,0,-1.515257835,0
23.01551247,-32.79825211,1,-5.267736435,1,-20.55302048,1,-1.999624729,1,-0.513862252,1,2.714543819,1,-1.798219204,0,-1.215306997,0,-1.511132717,0
23.01951027,-9.434191704,1,-7.523365498,1,-15.43450737,1,-1.841433644,1,-0.176118121,1,2.389327288,1,-1.802816153,0,-1.205090642,0,-1.514457464,0
23.02350998,-0.030278752,1,-10.05930519,1,-10.58109283,1,-1.56858027,1,-0.40612185,1,2.090783596038818,1,-1.807083845,0,-1.196139574,0,-1.517172813,0
23.0275116,-2.584113598,1,-11.7985363,1,-10.34024239,1,-1.5769099,1,-0.583146095,1,1.926954865455627,1,-1.813481688,0,-1.187877893,0,-1.516945601,0
23.0315094,-4.890244961,1,-12.94695473,1,-10.73859406,1,-1.853016019,1,-0.546654224,1,1.782511353492737,1,-1.834874749,0,-1.180783868,0,-1.499194622,0
23.03550911,-5.49190855,1,-13.42425537,1,-10.67712593,1,-2.158029318,1,-0.433652729,1,1.599787950515747,1,-1.843183994,0,-1.17371726,0,-1.498900414,0
23.03951073,-6.221426487,1,-13.12997818,1,-10.28991699,1,-2.39947176,1,-0.27109912,1,1.360710144042969,1,-1.851722479,0,-1.167617559,0,-1.499533415,0
23.04350853,-5.829471588,1,-12.56249046,1,-9.544194221,1,-2.594254732,1,-0.032930292,1,1.081572413444519,1,-1.859933138,0,-1.162748218,0,-1.501480341,0
23.04750824,-3.612971783,1,-10.96829796,1,-9.169474602,1,-2.705165386,1,0.2255751490592957,1,0.7640812993049622,1,-1.867279768,0,-1.159322381,0,-1.50506258,0
23.05150795,-1.250368237,1,-9.233809471,1,-8.464404106,1,-2.718286037,1,0.4942640960216522,1,0.4133777916431427,1,-1.873430252,0,-1.157488823,0,-1.510220885,0
23.05550766,0.668495238,1,-8.023586273,1,-8.23918438,1,-2.651625872,1,0.7536011934280396,1,0.063250244,1,-1.878096581,0,-1.157334328,0,-1.516868114,0
23.05950546,1.824722290039063,1,-7.450847149,1,-8.261375427,1,-2.546105146,1,1.005653858184814,1,-0.295305878,1,-1.881153703,0,-1.158842802,0,-1.524883628,0
23.06350708,2.365571975708008,1,-7.454837322,1,-8.075677872,1,-2.419876575,1,1.224725484848022,1,-0.644759476,1,-1.882654428,0,-1.162004948,0,-1.534084558,0
23.06750488,2.937216281890869,1,-7.581586361,1,-7.49467802,1,-2.302847624,1,1.415071606636047,1,-0.963141799,1,-1.882697225,0,-1.166698694,0,-1.544314146,0
23.07150459,4.059533119,1,-7.868734837,1,-6.835828781,1,-2.221190929,1,1.584556698799133,1,-1.270073652,1,-1.88147974,0,-1.172786713,0,-1.555445671,0
23.07550621,5.803443908691406,1,-8.020967484,1,-6.017643929,1,-2.200582027,1,1.721652150154114,1,-1.537079811,1,-1.879256606,0,-1.180154681,0,-1.567415237,0
23.07950401,7.166615009307861,1,-7.986256599,1,-5.302103043,1,-2.234769106,1,1.838266372680664,1,-1.774610758,1,-1.876357436,0,-1.188624382,0,-1.580119133,0
23.08350372,7.761568546295166,1,-7.975603104,1,-5.022372723,1,-2.295923233,1,1.951649188995361,1,-2.000198364,1,-1.872881651,0,-1.198117971,0,-1.593603492,0
23.08750534,7.717695236206055,1,-7.807927132,1,-4.848122597,1,-2.360445499,1,2.075684309005737,1,-2.192701817,1,-1.868648887,0,-1.208516479,0,-1.608113647,0
23.09150314,7.464202404022217,1,-7.391216278,1,-4.74612093,1,-2.412995338,1,2.222770690917969,1,-2.355920553,1,-1.863255858,0,-1.219740033,0,-1.624056697,0
23.09550285,7.617447376251221,1,-6.824263573,1,-4.578255177,1,-2.448143005,1,2.372524499893188,1,-2.499340296,1,-1.856166244,0,-1.231677771,0,-1.64192605,0
23.09951019,7.635077476501465,1,-6.142506123,1,-4.46921587,1,-2.44082284,1,2.538321256637573,1,-2.600043535,1,-1.846815705,0,-1.244205952,0,-1.662188649,0
23.10351372,7.683373928070068,1,-5.300813198,1,-4.383038044,1,-2.390977621,1,2.700401782989502,1,-2.690197468,1,-1.834547758,0,-1.257208824,0,-1.685308337,0
23.10751343,7.603127956390381,1,-4.45202446,1,-4.372280121,1,-2.288228273,1,2.866306781768799,1,-2.759929895,1,-1.818634152,0,-1.270575643,0,-1.711842656,0
23.11151695,7.371768474578857,1,-3.711801529,1,-4.488014221,1,-2.134439707,1,3.020017147064209,1,-2.821892262,1,-1.798334718,0,-1.284196019,0,-1.742296219,0
23.11551476,6.886319160461426,1,-3.064796686,1,-4.633164883,1,-1.93714869,1,3.185879707336426,1,-2.86418128,1,-1.772709131,0,-1.297951698,0,-1.777442575,0
23.11951447,6.268760681152344,1,-2.604071856,1,-4.731038094,1,-1.714197755,1,3.356018543243408,1,-2.900113821,1,-1.740665436,0,-1.311704874,0,-1.818228483,0
23.12351608,5.618660449981689,1,-2.361094952,1,-4.781630993,1,-1.480859876,1,3.530085087,1,-2.931721449,1,-1.701015472,0,-1.32530725,0,-1.865779996,0
23.12751389,4.886824607849121,1,-2.509730101,1,-4.875760555,1,-1.251903772,1,3.717975378036499,1,-2.950312138,1,-1.652393818,0,-1.338544726,0,-1.92143774,0
23.1315136,4.030898094177246,1,-2.780703068,1,-4.954581738,1,-1.041984797,1,3.920697927474976,1,-2.96801877,1,-1.59327805,0,-1.351160645,0,-1.986795783,0
23.13551521,3.081690549850464,1,-3.073375463,1,-5.105463028,1,-0.8555547,1,4.138043880462646,1,-2.976323843,1,-1.522138476,0,-1.362841487,0,-2.063469887,0
23.13951302,2.131330251693726,1,-3.363703012,1,-5.267846584,1,-0.706812859,1,4.368129730224609,1,-2.98841691,1,-1.437540889,0,-1.373179793,0,-2.153017044,0
23.14351273,1.186989784240723,1,-3.628936529,1,-5.447118282,1,-0.588244319,1,4.605706691741943,1,-2.996994972,1,-1.33883965,0,-1.381703973,0,-2.256217718,0
23.14751434,0.3287108838558197,1,-3.848888636,1,-5.445389748,1,-0.50188607,1,4.857920169830322,1,-3.013942242,1,-1.226343036,0,-1.387857914,0,-2.372887611,0
23.15151215,-0.390914947,1,-3.975968122,1,-5.42413187,1,-0.439042985,1,5.097751617431641,1,-3.035256147,1,-1.102261901,0,-1.391095519,0,-2.500933409,0
23.15551186,-0.842325091,1,-4.205799103,1,-5.31713438,1,-0.404520154,1,5.336994171142578,1,-3.045280457,1,-0.970950484,0,-1.390944481,0,-2.636096001,0
23.15951347,-1.164457679,1,-4.383687019,1,-5.254359722,1,-0.390669107,1,5.544533729553223,1,-3.039135933,1,-0.838438511,0,-1.387054682,0,-2.772436142,0
23.16351128,-1.477846622,1,-4.480339527,1,-5.199841976,1,-0.385472298,1,5.737178325653076,1,-3.026700974,1,-0.711026549,0,-1.379383564,0,-2.90369916,0
23.16750908,-1.729277849,1,-4.549687862,1,-5.107096195,1,-0.381722152,1,5.910235882,1,-2.993749142,1,-0.593664229,0,-1.368146062,0,-3.024933577,0
23.1715107,-2.082014322,1,-4.582083702,1,-4.997843266,1,-0.375335932,1,6.056964874267578,1,-2.947737694,1,-0.489338577,0,-1.353744745,0,-3.133134604,0
23.1755085,-2.355634928,1,-4.432468891,1,-4.930006981,1,-0.361385882,1,6.174621582,1,-2.896970987,1,-0.398965329,0,-1.336659789,0,3.055833101272583,0
23.17950821,-2.6997931,1,-4.288416386,1,-4.883468151,1,-0.339660704,1,6.260828971862793,1,-2.829375982,1,-0.321950853,0,-1.317401648,0,2.975027799606323,0
23.18350983,-3.008446217,1,-4.220051765,1,-4.899867058,1,-0.309872061,1,6.332908630371094,1,-2.755025625,1,-0.256977469,0,-1.296432734,0,2.906376361846924,0
23.18750763,-3.255858421,1,-4.147109032,1,-4.958684921,1,-0.265943527,1,6.386741161346436,1,-2.677852154,1,-0.202334732,0,-1.274121881,0,2.848224401473999,0
23.19150734,-3.579092979,1,-4.137141705,1,-5.100410461,1,-0.20471102,1,6.425174236297607,1,-2.586980581,1,-0.156360596,0,-1.250774026,0,2.798993349075317,0
23.19550896,-4.088708878,1,-4.035595417,1,-5.362986565,1,-0.12919946,1,6.458993434906006,1,-2.496911526,1,-0.117607631,0,-1.226632118,0,2.757300377,0
23.19950676,-4.7891469,1,-3.927077055,1,-5.594798565,1,-0.029404262,1,6.493983268737793,1,-2.421781063,1,-0.084633663,0,-1.201844931,0,2.721777677536011,0
23.20350647,-5.670014381,1,-4.00901413,1,-5.951538086,1,0.073361464,1,6.540468215942383,1,-2.343251944,1,-0.056302652,0,-1.176506042,0,2.691339015960693,0
23.20750809,-6.467674732,1,-4.219611168,1,-6.353525639,1,0.1780050843954086,1,6.618866443634033,1,-2.277163744,1,-0.031725928,0,-1.150620818,0,2.665124654769897,0
23.21150589,-7.400429726,1,-4.220532417,1,-6.794484138,1,0.2953735589981079,1,6.706624507904053,1,-2.245247841,1,-0.010042209,0,-1.12416935,0,2.642276048660278,0
23.2155056,-8.17534256,1,-4.260257244,1,-7.227890968,1,0.4058136641979218,1,6.804325580596924,1,-2.260983467,1,0.009537956,0,-1.097152948,0,2.621990203857422,0
23.21951294,-8.727635384,1,-4.257573128,1,-7.570978642,1,0.5121445655822754,1,6.901330947875977,1,-2.309114218,1,0.027640415,0,-1.069579482,0,2.603593587875366,0
23.22351646,-9.057933807,1,-4.460392475,1,-7.810050488,1,0.6165544986724854,1,6.999208450317383,1,-2.38022542,1,0.044668596,0,-1.041449666,0,2.586623430252075,0
23.22751617,-9.029285431,1,-4.668693066,1,-8.029842377,1,0.7038576602935791,1,7.087502479553223,1,-2.4702034,1,0.060878683,0,-1.012803078,0,2.570766687393188,0
23.23151779,-8.898851395,1,-4.950578213,1,-8.15540123,1,0.781791091,1,7.138400077819824,1,-2.583823442,1,0.076449499,0,-0.98371923,0,2.555761337280273,0
23.23551559,-8.814698219,1,-5.361631393,1,-8.205779076,1,0.8581089973449707,1,7.170629024505615,1,-2.697563887,1,0.091552906,0,-0.954304576,0,2.541423797607422,0
23.23951531,-8.688014984,1,-5.617965698,1,-8.353967667,1,0.9263587,1,7.168472290039063,1,-2.819833517,1,0.1062796637415886,0,-0.924661458,0,2.527617931365967,0
23.24351883,-8.589411736,1,-5.657048225,1,-8.561125755,1,0.9949049949645996,1,7.118793011,1,-2.949151039,1,0.1207026317715645,0,-0.894963026,0,2.514225006103516,0
23.24751473,-8.733593941,1,-5.576400757,1,-8.90205574,1,1.055929542,1,7.039750576019287,1,-3.088691473,1,0.1349311172962189,0,-0.865333319,0,2.501090288162231,0
23.25151634,-9.074491501,1,-5.487990379,1,-9.215305328,1,1.125196814537048,1,6.943822860717773,1,-3.23613596,1,0.1490396410226822,0,-0.835859954,0,2.488121271133423,0
23.25551796,-9.591048241,1,-5.373906136,1,-9.579792976,1,1.201166749000549,1,6.834765434265137,1,-3.384845734,1,0.1631319373846054,0,-0.806577086,0,2.475217580795288,0
23.25951576,-10.28844452,1,-5.409846306,1,-10.01001453,1,1.274577498435974,1,6.712231159210205,1,-3.538208008,1,0.1772728860378265,0,-0.777526379,0,2.462322950363159,0
23.26351547,-11.15619755,1,-5.542943478,1,-10.30545807,1,1.338354468345642,1,6.590578556060791,1,-3.694303989,1,0.1914472579956055,0,-0.74871695,0,2.449390649795532,0
23.26751709,-12.0340004,1,-5.862287998,1,-10.4430275,1,1.387337207794189,1,6.452773094177246,1,-3.84849,1,0.2056094855070114,0,-0.720166802,0,2.436396122,0
23.27151489,-12.92650127,1,-6.550409794,1,-10.85257149,1,1.420433163642883,1,6.315735816955566,1,-3.996316433,1,0.2197045385837555,0,-0.691890001,0,2.423329591751099,0
23.2755127,-13.82264328,1,-7.192805767,1,-11.51112556,1,1.424916148,1,6.16785717,1,-4.133547306,1,0.2336503714323044,0,-0.663906991,0,2.410179138183594,0
23.27951431,-15.04681206,1,-7.623894691,1,-12.46053028,1,1.418273448944092,1,6.022029399871826,1,-4.288258076,1,0.2575326561927795,0,-0.640365422,0,2.393006801605225,0
23.28351212,-16.36665916,1,-7.845924854,1,-13.42888737,1,1.395099163,1,5.878298282623291,1,-4.442037582,1,0.2708636820316315,0,-0.61283803,0,2.379862308502197,0
23.28751373,-17.79117966,1,-8.027720451,1,-14.34695244,1,1.374266028404236,1,5.748743057250977,1,-4.600986481,1,0.2839277982711792,0,-0.585533261,0,2.366502523422241,0
23.29151344,-19.51659393,1,-8.544569016,1,-15.10916424,1,1.355607390403748,1,5.645888328552246,1,-4.758018494,1,0.2967358827590942,0,-0.558349848,0,2.352923393249512,0
23.29551125,-21.63611412,1,-8.952332497,1,-15.55375576,1,1.330161929130554,1,5.565920352935791,1,-4.920408249,1,0.3092540502548218,0,-0.531172812,0,2.339146614074707,0
23.29951096,-23.71511841,1,-9.034052849,1,-15.72025681,1,1.281765580177307,1,5.487920761108398,1,-5.078872681,1,0.3214057683944702,0,-0.503933787,0,2.325156211853027,0
23.30351257,-25.55776405,1,-8.110675812,1,-15.58144665,1,1.251861095428467,1,5.381010055541992,1,-5.229530334,1,0.3331602215766907,0,-0.476713896,0,2.310947418212891,0
23.30751038,-27.05996704,1,-6.399370193,1,-15.30596828,1,1.28410542,1,5.238430976867676,1,-5.343817234,1,0.3446414172649384,0,-0.449641109,0,2.296551942825317,0
23.31151009,-28.62578773,1,-3.37836647,1,-14.62156296,1,1.431980967521667,1,5.058379650115967,1,-5.432395458,1,0.3561776876449585,0,-0.422883779,0,2.282012939453125,0
23.3155117,-30.25954437,1,-0.11854019,1,-13.4006691,1,1.718495726585388,1,4.864830493927002,1,-5.466921329,1,0.3682512938976288,0,-0.396608949,0,2.267426013946533,0
23.31950951,-31.14839172,1,1.909136056900024,1,-11.45608425,1,2.158480644226074,1,4.683179378509521,1,-5.423919201,1,0.3813511729240417,0,-0.370865613,0,2.253085613250732,0
23.32350922,-31.5327549,1,1.215531111,1,-9.086461067,1,2.589969635009766,1,4.473790168762207,1,-5.31156683,1,0.3957138061523438,0,-0.345763296,0,2.239270210266113,0
23.32751083,-31.41375542,1,-1.587673545,1,-6.429330826,1,2.815801858901978,1,4.180575370788574,1,-5.099544525,1,0.4108851850032806,0,-0.321647584,0,2.226167440414429,0
23.33150864,-30.99488449,1,-5.266262054,1,-3.730587721,1,2.719246149,1,3.782333374023438,1,-4.792815685,1,0.4257512092590332,0,-0.299022377,0,2.213973284,0
23.33550835,-30.86028862,1,-7.387483597,1,-1.28271997,1,2.380262375,1,3.293854951858521,1,-4.396468639,1,0.4391935467720032,0,-0.278452039,0,2.202751398086548,0
23.33951569,-30.20488548,1,-6.668003082,1,0.4999773502349854,1,1.946705102920532,1,2.764706134796143,1,-3.966603041,1,0.4505656659603119,0,-0.260295033,0,2.192502975463867,0
23.3435173,-29.35541725,1,-2.933617353,1,1.297231197357178,1,1.604157567024231,1,2.207281589508057,1,-3.574586868,1,0.4599929451942444,1,-0.244738773,1,2.183037757873535,1
23.34751701,-29.19228172,1,1.629031062,1,1.818313241004944,1,1.446431279182434,1,1.688899993896484,1,-3.21379137,1,0.4681529104709625,1,-0.231703281,1,2.174119234085083,1
23.35151863,-29.68398857,1,5.224283695220947,1,2.145999908447266,1,1.459130287,1,1.254706025123596,1,-2.892296314,1,0.4758048951625824,1,-0.22092852,1,2.165701150894165,1
23.35551643,-30.20022774,1,7.315165519714355,1,2.603205204,1,1.606351494789124,1,0.8926021456718445,1,-2.585392714,1,0.4836224913597107,1,-0.21207574,1,2.157763957977295,1
23.35951614,-30.36218643,1,7.439251899719238,1,3.182702779769897,1,1.773063778877258,1,0.5926984548568726,1,-2.280465364,1,0.4919136464595795,1,-0.20489727,1,2.150382280349731,1
23.36351776,-30.14805222,1,6.069613456726074,1,3.517406702041626,1,1.855595946311951,1,0.33580628,1,-1.950645685,1,0.5005490183830261,1,-0.199237823,1,2.143682479858398,1
23.36751556,-30.22303391,1,4.047781467437744,1,3.585079193115234,1,1.784252166748047,1,0.1192976385354996,1,-1.615476251,1,0.5090280771255493,1,-0.194988027,1,2.137759447097778,1
23.37151527,-31.15780067,1,3.069645166397095,1,3.392835140228271,1,1.572219729423523,1,-0.050174035,1,-1.289850712,1,0.5167338848114014,1,-0.192027703,1,2.132670402526855,1
23.37551689,-32.81855011,1,3.036466121673584,1,3.368879795074463,1,1.311057806015015,1,-0.171517387,1,-0.998822391,1,0.5233146548271179,1,-0.190168783,1,2.128387689590454,1
23.37951469,-33.6300621,1,2.858605385,1,3.557280778884888,1,1.031674385070801,1,-0.23664926,1,-0.755948484,1,0.5286755561828613,1,-0.189132601,1,2.124882221221924,1
23.3835144,-32.73971558,1,1.982009887695313,1,3.997362613677979,1,0.6869800090789795,1,-0.318316847,1,-0.518580258,1,0.5326608419418335,1,-0.188799456,1,2.122089624404907,1
23.38751602,-30.7369709,1,0.5716789364814758,1,4.723244190216064,1,0.2731858789920807,1,-0.463506252,1,-0.308474123,1,0.5350041389465332,1,-0.189287081,1,2.119836568832397,1
23.39151382,-28.03367805,1,-0.4340927,1,5.065921783447266,1,-0.174210653,1,-0.71203655,1,-0.104149282,1,0.5355726480484009,1,-0.190877795,1,2.117902517318726,1
23.39551354,-24.97781372,1,-0.981596708,1,5.067514419555664,1,-0.588052094,1,-1.050759554,1,0.077371731,1,0.5343940258026123,1,-0.193871707,1,2.116038322,1
23.39951706,-22.37444115,1,-0.866222322,1,4.731963634490967,1,-0.92979008,1,-1.438074589,1,0.2183920592069626,1,0.5317267179489136,1,-0.198460817,1,2.113995075,1
23.40351105,-4.153729916,1,-1.798420906,1,-9.390336037,1,-0.937415779,1,-1.834425926,1,0.3927158713340759,1,0.5282004475593567,1,-0.204739362,1,2.111620187759399,1
23.40751076,21.79842185974121,1,6.099379539489746,1,-9.931484222,1,0.5916762948036194,1,-2.503900766,1,0.327266514,1,0.5282012224197388,1,-0.212936699,1,2.108702182769775,1
23.41151428,0.3437982797622681,1,-0.831835985,1,-12.24873829,1,-0.19093138,1,-3.058075428,1,0.4702069759368896,1,0.5303284525871277,1,-0.223444983,1,2.104150056838989,1
23.41551018,-12.2413969,1,-13.6142149,1,-13.94330788,1,-0.343844295,1,-2.491692066,1,-0.125842914,1,0.5302284359931946,1,-0.23379226,1,2.098987579345703,1
23.41950989,19.50214767456055,1,-15.46701527,1,-12.3782692,1,-0.058938701,1,-1.357982993,1,-0.638017476,1,0.5306380391120911,1,-0.239321515,1,2.093524217605591,1
23.42351341,27.38623428344727,1,-20.79223824,1,-19.57693672,1,-0.693273365,1,-1.760249496,1,-0.075939894,1,0.5305325984954834,1,-0.24356398,1,2.089069366455078,1
23.42751122,16.60005378723145,1,-26.23590088,1,-12.74314117,1,-1.494253755,1,-2.287231922,1,0.2361413091421127,1,0.5269670486450195,1,-0.251121193,1,2.085095643997192,1
23.43151093,23.67427253723145,1,-18.88271141,1,-7.64775753,1,-1.807058215,1,-2.461496592,1,0.6519825458526611,1,0.5212283730506897,1,-0.259931087,1,2.081864595413208,1
23.43551254,23.102911,1,-12.0657711,1,-6.358755589,1,-2.422017574,1,-3.566854,1,1.006867170333862,1,0.5136050581932068,1,-0.272012711,1,2.078749656677246,1
23.43951035,19.50643920898438,1,-6.170643806,1,-2.426744938,1,-2.895922899,1,-4.579581261,1,1.298732399940491,1,0.5040000081062317,1,-0.288497806,1,2.074657440185547,1
23.44351006,16.06799697875977,1,-2.396410942,1,-5.353564739,1,-2.778162003,1,-5.654411316,1,1.650095224380493,1,0.4938569664955139,1,-0.309280038,1,2.069825887680054,1
23.44751167,6.004204273223877,1,2.118575096130371,1,-10.13835716,1,-2.166508436,1,-6.516913414,1,1.770834445953369,1,0.4858392179012299,1,-0.334174037,1,2.064135789871216,1
23.45150948,-11.10828972,1,3.176707506,1,-10.06788635,1,-1.793467999,1,-6.731738091,1,1.563592672348022,1,0.4801006615161896,1,-0.360918194,1,2.057216644287109,1
23.45550728,-18.80439568,1,6.577408790588379,1,-14.67117691,1,-1.318177104,1,-6.467718601,1,1.355383276939392,1,0.4766398072242737,1,-0.387051821,1,2.049792289733887,1
23.4595089,-20.41785812,1,7.841458320617676,1,-17.95192719,1,-1.028704405,1,-6.330877781,1,1.278229832649231,1,0.4747902452945709,1,-0.412166595,1,2.042074918746948,1
23.46351242,-22.59530067,1,8.750947952270508,1,-20.14990807,1,-0.571661115,1,-5.937936306,1,1.297457814216614,1,0.4746914207935333,1,-0.436379939,1,2.034825086593628,1
23.46751213,-25.17594147,1,8.064375877380371,1,-19.7423954,1,-0.224835128,1,-5.450590611,1,1.502819776535034,1,0.475652665,1,-0.45924148,1,2.028652191162109,1
23.47151375,-26.31368446,1,4.453884124755859,1,-20.31986237,1,-0.004146928,1,-4.844281197,1,1.832812070846558,1,0.4770674109458923,1,-0.480543107,1,2.024717092514038,1
23.47551155,-27.51472473,1,2.253962755203247,1,-18.66483307,1,0.2411585301160812,1,-4.177899837,1,2.213475465774536,1,0.4781481623649597,1,-0.500353217,1,2.023492574691772,1
23.47951126,-25.74169731,1,-2.974202156,1,-15.84100628,1,0.4112011194229126,1,-3.491786242,1,2.274890422821045,1,0.4789880216121674,1,-0.518172562,1,2.024629831314087,1
23.48351288,-22.50949287,1,-10.95586777,1,-12.4190464,1,0.2710705995559692,1,-2.913645506,1,2.204807043075562,1,0.4792126715183258,1,-0.533677399,1,2.027057886123657,1
23.48751068,-18.01882172,1,-15.81137562,1,-9.159168243,1,0.016827455,1,-2.594157219,1,1.924744129180908,1,0.4784188866615295,1,-0.547186315,1,2.029744386672974,1
23.49151039,-15.76714897,1,-20.06093597,1,-6.313203812,1,-0.418797165,1,-2.34456563,1,1.634854555130005,1,0.4765452146530151,1,-0.559281111,1,2.031854152679443,1
23.49551201,-11.4822073,1,-19.96156693,1,-5.235377789,1,-0.809239268,1,-2.242081881,1,1.347078680992126,1,0.4734053313732147,1,-0.570109725,1,2.033167600631714,1
23.49950981,-8.403636932,1,-16.09421158,1,-4.899087906,1,-1.178852439,1,-2.233871698,1,1.157125592,1,0.4691868126392365,1,-0.580341101,1,2.033581256866455,1
23.50350761,-6.586403847,1,-9.168390274,1,-6.791835785,1,-1.442825198,1,-2.217073917,1,1.109327316,1,0.4639115929603577,1,-0.590326071,1,2.033604383468628,1
23.50750923,-6.919264793,1,-5.576731682,1,-7.4685359,1,-1.59058702,1,-2.050046444,1,1.168567895889282,1,0.4576184153556824,1,-0.599985063,1,2.033953428268433,1
23.51150703,-10.25395679,1,-1.40141654,1,-9.450097084,1,-1.651203036,1,-1.81628716,1,1.233687162399292,1,0.4504899382591248,1,-0.609112322,1,2.035035848617554,1
23.51550674,-12.06612587,1,1.213544964790344,1,-9.95800972,1,-1.581903458,1,-1.493569374,1,1.280424475669861,1,0.4427925646305084,1,-0.617245734,1,2.037095069885254,1
23.51950836,-10.68131638,1,1.336329460144043,1,-9.6352911,1,-1.492723227,1,-1.200470567,1,1.285983920097351,1,0.4349689483642578,1,-0.624279261,1,2.040005683898926,1
23.52350617,-9.969384193,1,-0.491686255,1,-8.947053909,1,-1.459976315,1,-1.004207253,1,1.233503222465515,1,0.427038312,1,-0.630384564,1,2.043418407440186,1
23.52750588,-9.422418594,1,-1.660689712,1,-8.770785332,1,-1.385872602,1,-0.860294521,1,1.114874482154846,1,0.419355184,1,-0.635730505,1,2.046850442886353,1
23.53150749,-8.410102844,1,-3.417850494,1,-8.390026093,1,-1.362980962,1,-0.754639387,1,0.9608333110809326,1,0.4191433787345886,1,-0.642247438,1,2.045916080474854,1
23.5355053,-9.242218018,1,-3.825787783,1,-9.560051918,1,-1.340597749,1,-0.62425071,1,0.8081866502761841,1,0.412162721,1,-0.64622587,1,2.048537015914917,1
23.53950501,-7.462375164,1,-1.300978541,1,-9.234442711,1,-1.251045465,1,-0.508656323,1,0.7660304307937622,1,0.4054681658744812,1,-0.649523616,1,2.051032066345215,1
23.54350662,-6.719287395,1,0.2435034066438675,1,-10.70799541,1,-1.158045292,1,-0.465254128,1,0.709582508,1,0.3991433680057526,1,-0.652481914,1,2.053508043289185,1
23.54750443,-6.357005596,1,0.9889274835586548,1,-10.06313133,1,-1.053190827,1,-0.396164984,1,0.6611719727516174,1,0.3932789862155914,1,-0.655112505,1,2.055861473083496,1
23.55150414,-6.76615715,1,0.5466848611831665,1,-10.29105473,1,-0.918620408,1,-0.366055101,1,0.5801601409912109,1,0.3880152702331543,1,-0.657480717,1,2.058036327362061,1
23.55550575,-6.159146309,1,-0.1334299,1,-9.609283447,1,-0.809624732,1,-0.343110293,1,0.5119543075561523,1,0.3834059834480286,1,-0.659592986,1,2.059925556182861,1
23.55950356,-6.028915405,1,-0.910175681,1,-9.332670212,1,-0.727042198,1,-0.347507387,1,0.4315203130245209,1,0.3793734908103943,1,-0.661579609,1,2.061496257781982,1
23.56350136,-5.601149082,1,-1.5137012,1,-9.007302284,1,-0.646600485,1,-0.345715404,1,0.3842565715312958,1,0.3758464455604553,1,-0.663468122,1,2.062762737,1
23.56750298,-5.680724621,1,-1.734905601,1,-9.086326599,1,-0.584291935,1,-0.336796582,1,0.335404098,1,0.3727256655693054,1,-0.665280879,1,2.063819169998169,1
23.57150078,-6.083314419,1,-1.478788137,1,-8.978816986,1,-0.520748675,1,-0.306883186,1,0.2982648015022278,1,0.3699580430984497,1,-0.666950226,1,2.064728975296021,1
23.57550049,-5.758738041,1,-1.122136235,1,-8.70219326,1,-0.450775355,1,-0.284351468,1,0.2723601460456848,1,0.3675164580345154,1,-0.668463767,1,2.065544843673706,1
23.57950211,-5.734798431,1,-0.727195144,1,-8.676158905,1,-0.387704164,1,-0.273411095,1,0.2455250173807144,1,0.365378737,1,-0.669876695,1,2.066270589828491,1
23.58350563,-6.037425518,1,-0.439124912,1,-8.892802238,1,-0.30346027,1,-0.244405046,1,0.2051275074481964,1,0.3636213541030884,1,-0.671161711,1,2.066872835159302,1
23.58750534,-5.865424156,1,-0.305733055,1,-8.893699646,1,-0.228608117,1,-0.211745471,1,0.1682708710432053,1,0.3622724413871765,1,-0.672271967,1,2.067334890365601,1
23.59150887,-5.043367386,1,-0.856700718,1,-8.808542252,1,-0.15708445,1,-0.221528828,1,0.144397035,1,0.361263096,1,-0.67331934,1,2.067701578140259,1
23.59550476,-5.034986973,1,-1.621823907,1,-8.843792915,1,-0.114193343,1,-0.231944323,1,0.1232079714536667,1,0.3605776131153107,1,-0.674362957,1,2.067926406860352,1
23.59950447,-4.862489223,1,-2.256582737,1,-8.721637726,1,-0.094036527,1,-0.24649179,1,0.111553781,1,0.3600887656211853,1,-0.675414443,1,2.068058967590332,1
23.603508,-4.729759693,1,-2.683450937,1,-8.653665543,1,-0.079011269,1,-0.266047001,1,0.1091358289122581,1,0.3597102761268616,1,-0.676522017,1,2.068121910095215,1
23.6075058,-4.619536877,1,-2.971975565,1,-8.690942764,1,-0.076842591,1,-0.283404201,1,0.1111670210957527,1,0.359382689,1,-0.677696228,1,2.068158626556396,1
23.61150169,-4.572395802,1,-2.987748146,1,-8.580861092,1,-0.079289846,1,-0.295442939,1,0.1190092340111732,1,0.3590526580810547,1,-0.678939581,1,2.068183898925781,1
23.61550522,-4.613848209,1,-2.83130765,1,-8.540328026,1,-0.077606283,1,-0.308038652,1,0.1264629065990448,1,0.3587135672569275,1,-0.68024385,1,2.068230628967285,1
23.61950302,-4.927057266,1,-2.619020224,1,-8.482338905,1,-0.082114942,1,-0.30521825,1,0.1263566911220551,1,0.358356774,1,-0.681567788,1,2.068284034729004,1
23.62350273,-5.080839157,1,-2.182939768,1,-8.423126221,1,-0.070818901,1,-0.298116475,1,0.1194859892129898,1,0.3580222129821777,1,-0.682871461,1,2.068327903747559,1
23.62750435,-5.122760773,1,-1.659470081,1,-8.497559547,1,-0.045163497,1,-0.28793779,1,0.097588144,1,0.3577881157398224,1,-0.684114933,1,2.068322420120239,1
23.63150215,-5.154908657,1,-1.412286997,1,-8.500688553,1,-0.014271617,1,-0.280767232,1,0.07262712,1,0.3577250838279724,1,-0.685304999,1,2.068217277526855,1
23.63550186,-5.093457222,1,-1.438580394,1,-8.478636742,1,0.016659133,1,-0.27873525,1,0.047960386,1,0.3578616976737976,1,-0.686440349,1,2.068011761,1
23.63950348,-5.073148727,1,-1.74848032,1,-8.417432785,1,0.040947512,1,-0.269411922,1,0.030641519,1,0.3581801652908325,1,-0.687512994,1,2.067701101303101,1
23.64350128,-5.020068169,1,-2.043059349,1,-8.225642204,1,0.058848735,1,-0.262388796,1,0.011397867,1,0.358627975,1,-0.688539028,1,2.067321062088013,1
23.64750099,-5.011061192,1,-2.163678646,1,-8.140210152,1,0.067724325,1,-0.254870147,1,0.000684683,1,0.3591640591621399,1,-0.689509571,1,2.066880226135254,1
23.65150261,-5.109135628,1,-2.136912107,1,-8.110050201,1,0.078195505,1,-0.236643299,1,-0.013585571,1,0.3597669899463654,1,-0.690425038,1,2.066391706466675,1
23.65550041,-5.10756731,1,-2.232564449,1,-8.086993217,1,0.083279945,1,-0.229772344,1,-0.014381124,1,0.3604012727737427,1,-0.691279292,1,2.065892696380615,1
23.65950012,-5.154170036,1,-2.346722603,1,-7.995460033,1,0.086356737,1,-0.209202275,1,-0.022446841,1,0.3610652387142181,1,-0.692077279,1,2.065390825271606,1
23.66350174,-5.193845272,1,-2.496379375,1,-7.918516636,1,0.084661134,1,-0.194030553,1,-0.029238282,1,0.3617255985736847,1,-0.692795873,1,2.064894437789917,1
23.66749954,-5.085630894,1,-2.614780188,1,-7.847595692,1,0.081608087,1,-0.17378822,1,-0.025774352,1,0.3623553514480591,1,-0.693446875,1,2.064419031143188,1
23.67149925,-4.950944424,1,-2.673122644,1,-7.847244263,1,0.071111351,1,-0.161038548,1,-0.022347841,1,0.3629360198974609,1,-0.694040656,1,2.063985109329224,1
23.67550087,-4.81889534,1,-2.746758461,1,-7.925524712,1,0.060809355,1,-0.142730996,1,-0.017992424,1,0.3634519279003143,1,-0.694584727,1,2.063600301742554,1
23.67949867,-4.789526463,1,-2.779255629,1,-8.023935318,1,0.050730441,1,-0.129258692,1,-0.007418479,1,0.3638830780982971,1,-0.695080876,1,2.063279867172241,1
23.68349838,-4.888210773,1,-2.686162949,1,-8.043926239,1,0.0400455,1,-0.121905461,1,-0.002191572,1,0.3642255663871765,1,-0.695547283,1,2.063018083572388,1
23.6875,-4.94365406,1,-2.706911087,1,-7.980996132,1,0.035910308,1,-0.109244697,1,0.000968898,1,0.3645073175430298,1,-0.695972741,1,2.062795400619507,1
23.6914959,-4.867013454,1,-2.725964785,1,-8.005799294,1,0.018406346,1,-0.097955294,1,0.004780643,1,0.3647181391716003,1,-0.696354389,1,2.062619209289551,1
23.69549561,-4.789502144,1,-2.884883881,1,-7.99169445,1,0.00669052,1,-0.085999615,1,0.014141176,1,0.3648532032966614,1,-0.696707129,1,2.062492609024048,1
23.69949722,-4.68739748,1,-3.14205575,1,-7.946576595,1,-0.016115835,1,-0.075462289,1,0.028772086,1,0.3648557662963867,1,-0.697034717,1,2.062439441680908,1
23.70350075,-4.634900093,1,-3.454043388,1,-7.910705566,1,-0.048211146,1,-0.067646593,1,0.042440675,1,0.3647145628929138,1,-0.697347343,1,2.062470436096191,1
23.70750046,-4.605101109,1,-3.460409164,1,-7.879120827,1,-0.071951143,1,-0.058978882,1,0.057830565,1,0.3644018769264221,1,-0.697655022,1,2.062594413757324,1
23.71150208,-4.636043549,1,-3.39124155,1,-8.018685341,1,-0.097723112,1,-0.051606074,1,0.070831664,1,0.3639266192913055,1,-0.69795537,1,2.062811851501465,1
23.71549988,-4.750141621,1,-3.262554884,1,-7.997431278,1,-0.119905554,1,-0.043011911,1,0.089176498,1,0.3633104264736176,1,-0.698249638,1,2.063110828399658,1
23.71949959,-4.805012226,1,-3.080175638,1,-8.019343376,1,-0.136636958,1,-0.041680276,1,0.091032907,1,0.3625630736351013,1,-0.698526442,1,2.063474655151367,1
23.7234993,-4.860504627,1,-2.921325207,1,-7.994492054,1,-0.14884977,1,-0.033118885,1,0.093446799,1,0.3617441356182098,1,-0.698797882,1,2.063857316970825,1
23.7274971,-4.956387043,1,-2.705088377,1,-7.993847847,1,-0.163920477,1,-0.025606101,1,0.090054132,1,0.3608569502830505,1,-0.699039578,1,2.064254283905029,1
23.73149681,-4.924313068,1,-2.449544907,1,-8.031870842,1,-0.160768047,1,-0.01776593,1,0.083891235,1,0.359960139,1,-0.699243844,1,2.064647197723389,1
23.73549843,-4.937278271,1,-2.179515362,1,-8.071246147,1,-0.149586976,1,-0.018167116,1,0.078118958,1,0.3590984344482422,1,-0.699422657,1,2.065009117126465,1
23.73949623,-5.049278259,1,-1.940953255,1,-8.134117126,1,-0.133977413,1,-0.009155764,1,0.064336941,1,0.3583181500434875,1,-0.69957912,1,2.065334082,1
23.74349594,-4.938175678,1,-1.841735363,1,-8.141891479,1,-0.113499589,1,-0.010561547,1,0.054244418,1,0.3576468229293823,1,-0.699696302,1,2.065609455108643,1
23.74749756,-5.074578285,1,-1.847637296,1,-8.131545067,1,-0.093352109,1,-0.00757964,1,0.034224961,1,0.3571051955223083,1,-0.699797809,1,2.065806865692139,1
23.75149536,-5.014172554,1,-1.875987649,1,-8.118373871,1,-0.06875807,1,-0.012122834,1,0.023769246,1,0.3566981554031372,1,-0.699868917,1,2.065937995910645,1
23.75549507,-5.05821085,1,-1.997510791,1,-8.047380447,1,-0.05111308,1,-0.005884849,1,0.008532289,1,0.3564237952232361,1,-0.699931979,1,2.065995216369629,1
23.75949669,-5.050289631,1,-2.208804369,1,-8.020637512,1,-0.032852314,1,-0.004210691,1,5.010701715946198e-05,1,0.3562555611133575,1,-0.699954033,1,2.065997838973999,1
23.76349449,-4.991680145,1,-2.302701473,1,-7.964569569,1,-0.025917396,1,0.00235422,1,-0.010188923,1,0.3561465442180634,1,-0.699955285,1,2.065972566604614,1
23.7674942,-4.92719841,1,-2.368428469,1,-8.050590515,1,-0.022944024,1,-0.000416093,1,-0.009022702,1,0.3560829758644104,1,-0.699937701,1,2.065932512283325,1
23.77149582,-4.941011906,1,-2.39301753,1,-8.053334236,1,-0.014975598,1,0.010368939,1,-0.007052143,1,0.3560406267642975,1,-0.699905634,1,2.065897703170776,1
23.77549362,-4.871803761,1,-2.413099051,1,-8.098579407,1,-0.010695824,1,0.012353434,1,-0.007997731,1,0.3559960722923279,1,-0.699853659,1,2.065879821777344,1
23.77949333,-4.939392567,1,-2.464820862,1,-8.06336689,1,-0.011193873,1,0.01609044,1,-0.006131461,1,0.243275449,1,-0.621813595,1,2.064127683639526,1
23.78349495,-4.926685333,1,-2.514895201,1,-8.070305824,1,-0.011695029,1,0.018946022,1,-0.001876418,1,0.2432328313589096,1,-0.621747494,1,2.064128398895264,1
23.78749275,-4.941353798,1,-2.574019909,1,-8.082909584,1,-0.013393169,1,0.017182373,1,0.004602276,1,0.2431739270687103,1,-0.621681631,1,2.064151287078857,1
23.79149246,-4.93370533,1,-2.607309341,1,-8.038697243,1,-0.018732021,1,0.022787327,1,0.008394513,1,0.243074819,1,-0.621610999,1,2.064210891723633,1
23.79549217,-4.848275185,1,-2.805086374,1,-8.015633583,1,-0.033855356,1,0.024793461,1,0.018533265,1,0.2429157346487045,1,-0.621526599,1,2.064306259155273,1
23.79948998,-4.817008972,1,-2.972030878,1,-7.928333759,1,-0.049396239,1,0.027784958,1,0.029831184,1,0.2426730543375015,1,-0.621449828,1,2.064452171325684,1
23.80348969,-4.850409031,1,-3.169913292,1,-7.920413971,1,-0.069819994,1,0.040029924,1,0.038673952,1,0.2423199713230133,1,-0.621349096,1,2.064650297164917,1
23.8074913,-4.859724522,1,-3.217509031,1,-7.829610825,1,-0.096674971,1,0.048550453,1,0.056756984,1,0.2418237030506134,1,-0.621238887,1,2.064925432,1
23.81148911,-4.76479435,1,-3.133925676,1,-7.873729229,1,-0.121987671,1,0.051241264,1,0.077087916,1,0.2411578893661499,1,-0.62110883,1,2.065316200256348,1
23.81548882,-4.768876076,1,-3.123368502,1,-7.961301804,1,-0.142723143,1,0.056924257,1,0.096459299,1,0.2403566539287567,1,-0.620983124,1,2.065789937973022,1
23.81949043,-4.615402699,1,-3.030100822,1,-7.993278503,1,-0.162809849,1,0.056775942,1,0.1113542765378952,1,0.2394170612096786,1,-0.620855689,1,2.066351890563965,1
23.82349587,-4.665520668,1,-2.940618277,1,-8.091931343,1,-0.179130003,1,0.052633289,1,0.1228631064295769,1,0.2383660823106766,1,-0.620753825,1,2.066968441009521,1
23.82749558,-4.634351254,1,-2.900516272,1,-8.067728043,1,-0.201469272,1,0.056655377,1,0.1353192031383514,1,0.2372124344110489,1,-0.620665431,1,2.067643404006958,1
23.83149719,-4.61931181,1,-2.877564192,1,-8.205289841,1,-0.207665354,1,0.044510674,1,0.1403748840093613,1,0.2359705865383148,1,-0.620608151,1,2.068367719650269,1
23.835495,-4.593064785,1,-2.696441889,1,-8.260306358,1,-0.216425836,1,0.034096748,1,0.1445020139217377,1,0.2346906661987305,1,-0.620590389,1,2.069095611572266,1
23.83949471,-4.623921394,1,-2.488428831,1,-8.344556808,1,-0.215040088,1,0.024773434,1,0.1465677171945572,1,0.2333981692790985,1,-0.620601356,1,2.069838285446167,1
23.84349632,-4.698364735,1,-2.285734892,1,-8.486214638,1,-0.204345435,1,0.017157454,1,0.1482579857110977,1,0.2321224212646484,1,-0.620654285,1,2.070575475692749,1
23.84749413,-4.849312782,1,-2.077732325,1,-8.483763695,1,-0.193090141,1,0.009201931,1,0.14544639,1,0.2309108972549438,1,-0.620738387,1,2.071299076080322,1
23.85149384,-4.776014805,1,-1.897538662,1,-8.496659279,1,-0.173077151,1,0.002451871,1,0.134824201,1,0.2297777980566025,1,-0.62084341,1,2.071981668,1
23.85549545,-4.843966484,1,-1.882510185,1,-8.474171638,1,-0.159508169,1,-0.010870026,1,0.1298077553510666,1,0.2287558168172836,1,-0.620982885,1,2.072606325149536,1
23.85949326,-4.831530094,1,-1.866190195,1,-8.459615707,1,-0.141034588,1,-0.016288109,1,0.1142449304461479,1,0.2278264909982681,1,-0.621138752,1,2.073173522949219,1
23.86349297,-4.861247063,1,-1.945160627,1,-8.426840782,1,-0.12466643,1,-0.023375219,1,0.1103489026427269,1,0.2270040065050125,1,-0.621323109,1,2.073685646057129,1
23.86749458,-4.816623688,1,-2.058107376,1,-8.372881889,1,-0.112358056,1,-0.036854997,1,0.1012909561395645,1,0.2262655049562454,1,-0.621531248,1,2.074149847,1
23.87149239,-4.746747494,1,-2.276151896,1,-8.417585373,1,-0.100009136,1,-0.038835842,1,0.096043028,1,0.2255888134241104,1,-0.621767759,1,2.074587345123291,1
23.87549019,-4.697646618,1,-2.435945749,1,-8.400458336,1,-0.09804935,1,-0.048239041,1,0.094650842,1,0.2249577641487122,1,-0.622023523,1,2.074997901916504,1
23.87949181,-4.639890194,1,-2.594695091,1,-8.408366203,1,-0.096178375,1,-0.056405116,1,0.094531134,1,0.224328801,1,-0.622305393,1,2.075402021408081,1
23.88348961,-4.674650669,1,-2.627578497,1,-8.420707703,1,-0.10087359,1,-0.058529798,1,0.098889247,1,0.2236958742141724,1,-0.622625768,1,2.075803279876709,1
23.88748932,-4.737065315,1,-2.609987497,1,-8.33874321,1,-0.105101302,1,-0.065141931,1,0.1003551110625267,1,0.2230362892150879,1,-0.622965753,1,2.076219081878662,1
23.89149094,-4.967504501,1,-2.445070982,1,-8.342264175,1,-0.101937406,1,-0.071293831,1,0.10258361,1,0.2223651558160782,1,-0.623329103,1,2.076642513275146,1
23.89548874,-4.759688377,1,-2.475498676,1,-8.275917053,1,-0.107794955,1,-0.074622124,1,0.1032698303461075,1,0.221690372,1,-0.623707354,1,2.077066898345947,1
23.89948845,-4.864138126,1,-2.495700598,1,-8.334253311,1,-0.102565028,1,-0.078517392,1,0.1034597307443619,1,0.2210353761911392,1,-0.624092638,1,2.077480792999268,1
23.90349007,-4.884790421,1,-2.506123066,1,-8.29776001,1,-0.1104571,1,-0.07873518,1,0.1088406667113304,1,0.2203604876995087,1,-0.624495983,1,2.077901601791382,1
23.90748787,-4.898737431,1,-2.617197037,1,-8.235344887,1,-0.116246782,1,-0.080776021,1,0.1064765006303787,1,0.2196603715419769,1,-0.624900043,1,2.078336954116821,1
23.91148758,-4.881725788,1,-2.62245369,1,-8.186017036,1,-0.120713107,1,-0.076024584,1,0.1146556288003922,1,0.2189308851957321,1,-0.625302613,1,2.078782558441162,1
23.9154892,-4.889208317,1,-2.612881422,1,-8.184661865,1,-0.131722942,1,-0.074501157,1,0.1230986937880516,1,0.2181355804204941,1,-0.625699997,1,2.079271078109741,1
23.919487,-4.963857174,1,-2.580402613,1,-8.131171227,1,-0.141164482,1,-0.070382275,1,0.1267535984516144,1,0.2172803729772568,1,-0.626096725,1,2.079791069030762,1
23.92348671,-4.994320393,1,-2.589002371,1,-8.069034576,1,-0.152659073,1,-0.064793475,1,0.1379969120025635,1,0.2163638472557068,1,-0.626473188,1,2.080356836,1
23.92748833,-5.02933979,1,-2.531970263,1,-8.023513794,1,-0.157389432,1,-0.052952874,1,0.1424793899059296,1,0.215386227,1,-0.626822829,1,2.080956697463989,1
23.93148613,-5.070480824,1,-2.500513077,1,-8.060354233,1,-0.172114253,1,-0.042607799,1,0.1464941054582596,1,0.2143442779779434,1,-0.627141118,1,2.081595659255981,1
23.93548584,-5.026785851,1,-2.390988111,1,-8.058545113,1,-0.174116969,1,-0.035816982,1,0.1493977904319763,1,0.2132441103458405,1,-0.627426744,1,2.082268476486206,1
23.93948746,-5.086548805,1,-2.211598158,1,-8.090411186,1,-0.185785949,1,-0.030517433,1,0.1486178785562515,1,0.2121119946241379,1,-0.62768203,1,2.082955598831177,1
23.94349098,-5.033883572,1,-1.965609789,1,-8.142492294,1,-0.18134892,1,-0.023845037,1,0.1490821689367294,1,0.2109663933515549,1,-0.627913177,1,2.083653688430786,1
23.94748879,-5.109017372,1,-1.90818274,1,-8.152083397,1,-0.178867131,1,-0.015553601,1,0.1470676958560944,1,0.2098277360200882,1,-0.628115594,1,2.084353923797607,1
23.9514904,-5.194369316,1,-1.731992245,1,-8.136209488,1,-0.167903051,1,-0.012172857,1,0.1402131170034409,1,0.2087366133928299,1,-0.628294468,1,2.085039377212524,1
23.95548821,-5.138316631,1,-1.72382021,1,-8.166386604,1,-0.163012639,1,-0.006513121,1,0.1330648064613342,1,0.2076958268880844,1,-0.628446162,1,2.085686922073364,1
23.95948982,-5.099832535,1,-1.567178249,1,-8.224584579,1,-0.145119309,1,-0.001056148,1,0.126694068,1,0.2067201286554337,1,-0.62856108,1,2.086313247680664,1
23.96348953,-4.997413635,1,-1.442383766,1,-8.261130333,1,-0.127765715,1,-0.004622967,1,0.1174392476677895,1,0.2058260887861252,1,-0.628677845,1,2.086900234222412,1
23.96748734,-4.887224197,1,-1.388973355,1,-8.279233932,1,-0.102202356,1,-0.010049731,1,0.1018791869282722,1,0.2050534337759018,1,-0.628789008,1,2.087425708770752,1
23.97148705,-4.910776138,1,-1.267557263,1,-8.238037109,1,-0.081656955,1,-0.01212733,1,0.088987447,1,0.2044259607791901,1,-0.628904045,1,2.087877035140991,1
23.97548866,-5.142859459,1,-1.282352209,1,-8.583781242,1,-0.050561715,1,-0.01940247,1,0.070618011,1,0.2039570361375809,1,-0.629035056,1,2.088229894638062,1
23.97948647,-4.769602299,1,-1.15688622,1,-8.508243561,1,-0.023618447,1,-0.03069311,1,0.05865746,1,0.2036351263523102,1,-0.629175127,1,2.088521718978882,1
23.98348618,-4.894305706,1,-1.412508249,1,-8.550023079,1,0.001403879,1,-0.038638271,1,0.04219012,1,0.203479141,1,-0.62935394,1,2.088724136352539,1
23.9874897,-4.943381786,1,-1.816923141,1,-8.495532036,1,0.023486966,1,-0.05301071,1,0.030366516,1,0.2034553289413452,1,-0.62956512,1,2.088852405548096,1
23.9914856,-4.873588085,1,-2.217915297,1,-8.480838776,1,0.02641595,1,-0.059156276,1,0.026850333,1,0.2035023421049118,1,-0.629811704,1,2.088937044143677,1
23.99548531,-4.863875866,1,-2.485126495,1,-8.347882271,1,0.021834102,1,-0.065374151,1,0.035658997,1,0.2035536766052246,1,-0.630084217,1,2.089016199111938,1
