Time,inertial-6253.76535:estCompensatedAccelX,inertial-6253.76535:estCompensatedAccelX:valid,inertial-6253.76535:estCompensatedAccelY,inertial-6253.76535:estCompensatedAccelY:valid,inertial-6253.76535:estCompensatedAccelZ,inertial-6253.76535:estCompensatedAccelZ:valid,inertial-6253.76535:estAngularRateX,inertial-6253.76535:estAngularRateX:valid,inertial-6253.76535:estAngularRateY,inertial-6253.76535:estAngularRateY:valid,inertial-6253.76535:estAngularRateZ,inertial-6253.76535:estAngularRateZ:valid,inertial-6253.76535:estRoll,inertial-6253.76535:estRoll:valid,inertial-6253.76535:estPitch,inertial-6253.76535:estPitch:valid,inertial-6253.76535:estYaw,inertial-6253.76535:estYaw:valid
2.495928049,-5.05650568,1,-0.570315361,1,-8.223161697,1,-0.603538752,1,-0.224983826,1,0.661308646,1,0.144940987,1,-0.558366716,1,0.368250132,1
2.499925852,-5.217655182,1,-0.439648807,1,-8.754219055,1,-0.599070966,1,-0.234810814,1,0.603807449,1,0.141078293,1,-0.559643805,1,0.371062517,1
2.503925323,-5.40292263,1,-0.585481584,1,-8.651537895,1,-0.60590142,1,-0.204236358,1,0.57038337,1,0.1372675,1,-0.560842454,1,0.373650908,1
2.507926702,-6.033546448,1,-0.858591974,1,-8.136100769,1,-0.622960091,1,-0.172345683,1,0.552723289,1,0.133489937,1,-0.561900854,1,0.376157105,1
2.511924505,-6.469618797,1,-0.940022409,1,-8.232197762,1,-0.641246378,1,-0.153719842,1,0.509255409,1,0.129692361,1,-0.56283921,1,0.378558338,1
2.515924215,-6.388917923,1,-1.192707062,1,-7.849220753,1,-0.665480912,1,-0.117686138,1,0.457842678,1,0.125923961,1,-0.563628495,1,0.380734116,1
2.519926071,-5.515417099,1,-1.259974003,1,-8.017767906,1,-0.678267062,1,-0.097934075,1,0.443125337,1,0.122148097,1,-0.564274788,1,0.382773578,1
2.523923635,-5.141170502,1,-0.578138232,1,-8.161207199,1,-0.721641719,1,-0.072801523,1,0.422747344,1,0.118291833,1,-0.564831316,1,0.384744406,1
2.527923107,-5.686688423,1,-0.075491354,1,-8.519482613,1,-0.68748045,1,-0.062383004,1,0.413300902,1,0.114406236,1,-0.565281153,1,0.386710823,1
2.531924963,-5.294825554,1,-0.340242237,1,-8.263258934,1,-0.679191649,1,-0.071221799,1,0.371878088,1,0.110726714,1,-0.565753043,1,0.388508558,1
2.535922766,-5.314546585,1,-0.494504839,1,-8.356365204,1,-0.684936285,1,-0.060967296,1,0.366720527,1,0.107076228,1,-0.566171169,1,0.390211582,1
2.539922237,-5.698495865,1,-0.846262395,1,-8.440091133,1,-0.688301563,1,-0.061929137,1,0.344212115,1,0.103442296,1,-0.566555262,1,0.391878664,1
2.543929815,-4.921804428,1,-1.361179233,1,-8.322606087,1,-0.681895673,1,-0.078200743,1,0.334843397,1,0.099891588,1,-0.566995859,1,0.393408895,1
2.54793334,-5.820604801,1,-0.455860406,1,-8.415549278,1,-0.709891438,1,-0.06115289,1,0.347909182,1,0.096243657,1,-0.56740135,1,0.395009279,1
2.551933289,-4.924248695,1,-0.246219873,1,-8.669725418,1,-0.689008057,1,-0.082379147,1,0.323925376,1,0.092609748,1,-0.567814171,1,0.39656949,1
2.555934668,-5.703837395,1,-0.007974299,1,-8.774087906,1,-0.674209535,1,-0.110950306,1,0.302099705,1,0.089127205,1,-0.568332314,1,0.398006827,1
2.55993247,-5.346404552,1,-0.273819596,1,-8.594646454,1,-0.685580194,1,-0.12463665,1,0.240054578,1,0.08576446,1,-0.568885446,1,0.399231315,1
2.563931942,-5.750553608,1,-0.614325166,1,-8.78507328,1,-0.647331476,1,-0.144649506,1,0.226516783,1,0.082525387,1,-0.569486201,1,0.400282443,1
2.567933321,-5.521138191,1,-0.175569788,1,-8.647878647,1,-0.66294843,1,-0.157596767,1,0.201589867,1,0.079405993,1,-0.570160806,1,0.401257098,1
2.571930885,-5.824091911,1,0.245756164,1,-8.615986824,1,-0.632809699,1,-0.167467669,1,0.186123967,1,0.076325744,1,-0.570860386,1,0.40211159,1
2.575930595,-5.645386696,1,-0.35724166,1,-8.64616394,1,-0.577553213,1,-0.184433967,1,0.17976734,1,0.073456906,1,-0.571626008,1,0.402921975,1
2.579932213,-5.517961025,1,-0.326906532,1,-8.478796959,1,-0.576463521,1,-0.198998943,1,0.186627626,1,0.070739418,1,-0.572448671,1,0.403713375,1
2.583929777,-5.823766232,1,-0.323964924,1,-8.932035446,1,-0.532698631,1,-0.222574726,1,0.193200886,1,0.068058029,1,-0.573320746,1,0.404560179,1
2.587929964,-5.573297977,1,-0.604438961,1,-8.860034943,1,-0.474972397,1,-0.247677803,1,0.198681697,1,0.065548599,1,-0.574313283,1,0.40541929,1
2.591931343,-5.662287235,1,-0.632183611,1,-9.15144825,1,-0.427534848,1,-0.285453498,1,0.196868494,1,0.063283041,1,-0.575433493,1,0.406275392,1
2.595929384,-5.370913982,1,-0.456839085,1,-9.390757561,1,-0.377002597,1,-0.326772064,1,0.188119948,1,0.061221968,1,-0.576689601,1,0.407103717,1
2.599928856,-5.440198421,1,-0.49880302,1,-9.110176086,1,-0.359372824,1,-0.378351748,1,0.189135909,1,0.059301246,1,-0.578162074,1,0.407915682,1
2.603930473,-5.621965885,1,-0.489828438,1,-9.628497124,1,-0.343737096,1,-0.443055332,1,0.194572389,1,0.057482481,1,-0.579837322,1,0.40870586,1
2.607928038,-6.405926704,1,-0.136440724,1,-9.592625618,1,-0.34019202,1,-0.504744232,1,0.212052912,1,0.055679221,1,-0.581788063,1,0.409527898,1
2.611927509,-5.77363205,1,0.01120552,1,-10.0775156,1,-0.285790592,1,-0.576106191,1,0.173821062,1,0.054019619,1,-0.583961189,1,0.410313994,1
2.615929365,-5.544248581,1,-0.849694848,1,-10.21883869,1,-0.291180223,1,-0.678255498,1,0.15563947,1,0.052526616,1,-0.586508572,1,0.410943031,1
2.619926929,-5.431535721,1,-0.543054521,1,-10.34402561,1,-0.330174387,1,-0.779095948,1,0.129096195,1,0.050982304,1,-0.589441299,1,0.411439687,1
2.62392664,-5.358201504,1,-0.052787747,1,-10.77464867,1,-0.297479779,1,-0.872054815,1,0.116045408,1,0.049505237,1,-0.592756271,1,0.411829621,1
2.627928495,-5.642862797,1,-0.786061823,1,-11.5252285,1,-0.292585641,1,-1.022938251,1,0.114952579,1,0.048167218,1,-0.596559286,1,0.412173361,1
2.631926537,-5.015717506,1,-0.794212818,1,-11.05607319,1,-0.309747517,1,-1.144362926,1,0.083658248,1,0.046798427,1,-0.60093534,1,0.412408173,1
2.635926008,-5.076019764,1,-1.044789195,1,-11.95467186,1,-0.283279866,1,-1.268443346,1,0.106107928,1,0.045540355,1,-0.605766237,1,0.412585258,1
2.639927864,-5.170043468,1,-0.481376827,1,-12.46977043,1,-0.256040961,1,-1.441046715,1,0.094650984,1,0.04429407,1,-0.611187041,1,0.412800848,1
2.643925428,-4.804114819,1,-0.544588208,1,-13.0088129,1,-0.168889984,1,-1.595823765,1,0.096686997,1,0.043416992,1,-0.617259145,1,0.412939936,1
2.647925138,-4.469120026,1,-0.680952489,1,-13.61889935,1,-0.143260017,1,-1.787294745,1,0.080470026,1,0.042713683,1,-0.624036551,1,0.413038671,1
2.651926756,-6.057679653,1,-0.324472755,1,-15.16427422,1,-0.058305718,1,-2.066020966,1,0.090904973,1,0.042336855,1,-0.631733179,1,0.413016468,1
2.655924559,-4.074179649,1,-0.654381096,1,-14.74485397,1,-0.12785615,1,-2.331281662,1,0.064903922,1,0.041972298,1,-0.64055115,1,0.412967622,1
2.659924269,-5.157642365,1,-0.508210242,1,-16.53275108,1,-0.064043991,1,-2.625000238,1,0.076440029,1,0.041737683,1,-0.650435328,1,0.412785321,1
2.663931847,-3.68315506,1,-1.000472784,1,-16.28382683,1,-0.108157225,1,-2.95469451,1,0.086208902,1,0.041482929,1,-0.661613762,1,0.412658304,1
2.667935371,-3.526951313,1,-0.91985178,1,-17.25547791,1,-0.090038426,1,-3.262508392,1,0.048556738,1,0.041265048,1,-0.674036741,1,0.412319481,1
2.67193532,-4.301020622,1,-0.855329096,1,-17.25470734,1,-0.036020577,1,-3.600583553,1,0.12433365,1,0.041248068,1,-0.687751174,1,0.412022084,1
2.675937176,-2.690994263,1,-1.962366223,1,-16.53963852,1,-0.081307992,1,-3.927825451,1,0.132854149,1,0.041095544,1,-0.702832758,1,0.41188556,1
2.679935455,-3.350836515,1,-2.169897795,1,-16.95668411,1,-0.093540542,1,-4.245409012,1,0.14780432,1,0.040814579,1,-0.719155073,1,0.412091702,1
2.683935165,-3.095154762,1,-2.052710295,1,-16.58394241,1,-0.085339293,1,-4.547292709,1,0.224463865,1,0.040434267,1,-0.736759007,1,0.412125617,1
2.687936783,-1.919043541,1,-2.21274972,1,-15.97236061,1,-0.036880862,1,-4.810761929,1,0.29583317,1,0.039914399,1,-0.755512476,1,0.412530333,1
2.691934347,-2.579604626,1,-2.706633329,1,-16.26755524,1,0.044273507,1,-5.057623386,1,0.351603448,1,0.03946051,1,-0.775278509,1,0.413220525,1
2.695934057,-1.741803646,1,-4.208911419,1,-15.12305927,1,0.044395261,1,-5.344013691,1,0.492484063,1,0.038806733,1,-0.796140134,1,0.414419711,1
2.699935436,-0.994524181,1,-4.507423401,1,-14.90108776,1,0.036300268,1,-5.625387669,1,0.663186908,1,0.037461471,1,-0.818125486,1,0.416522086,1
2.703933239,-0.434119254,1,-3.960514784,1,-13.79672241,1,0.036676664,1,-5.924250126,1,0.906569541,1,0.035073396,1,-0.841355503,1,0.419936895,1
2.707932711,-0.659086823,1,-3.257055998,1,-13.85245514,1,0.061509546,1,-6.195568562,1,1.140522003,1,0.031502441,1,-0.865701139,1,0.424944341,1
2.711934566,-1.295574903,1,-2.627871513,1,-12.96879005,1,0.032468107,1,-6.405450344,1,1.320119619,1,0.026624111,1,-0.891053498,1,0.431547582,1
2.715932131,-1.009640098,1,-2.212180614,1,-12.52104664,1,-0.034924563,1,-6.634451866,1,1.38468051,1,0.020525783,1,-0.917232275,1,0.439330935,1
2.719931841,-2.53570056,1,-2.374042988,1,-11.97367477,1,-0.120745033,1,-6.821606159,1,1.421457171,1,0.013294623,1,-0.944247723,1,0.447942227,1
2.723933697,-4.53330183,1,-1.207375288,1,-11.49456024,1,-0.155453235,1,-6.932943344,1,1.448117733,1,0.004893644,1,-0.971853912,1,0.457499295,1
2.727931499,-5.897665977,1,-0.397270381,1,-11.35035419,1,-0.163998649,1,-7.015123367,1,1.434251785,1,-0.004417464,1,-0.999694586,1,0.467940927,1
2.731930971,-3.057513952,1,-0.923013687,1,-9.654691696,1,-0.226068795,1,-7.174551964,1,1.451225758,1,-0.014918135,1,-1.028042912,1,0.479355186,1
2.735932589,-2.131972075,1,-0.175421193,1,-8.968623161,1,-0.217771813,1,-7.276028156,1,1.454069495,1,-0.026864054,1,-1.056835771,1,0.492127925,1
2.739930391,-4.881332874,1,0.981210887,1,-9.213916779,1,-0.192890018,1,-7.289258003,1,1.457921028,1,-0.040150784,1,-1.085787773,1,0.506316543,1
2.743930101,-9.00425148,1,1.1115762,1,-9.150959015,1,-0.177176073,1,-7.232989311,1,1.38956368,1,-0.054825764,1,-1.114535809,1,0.521958709,1
2.747931719,-11.58258247,1,1.301100373,1,-8.021660805,1,-0.104536697,1,-7.048710346,1,1.315407634,1,-0.070613757,1,-1.142771602,1,0.538767755,1
2.751929283,-9.782752991,1,2.307052374,1,-7.943636417,1,0.022942778,1,-6.928122997,1,1.261774898,1,-0.087453865,1,-1.170168757,1,0.556975305,1
2.755928993,-7.002999783,1,2.33889699,1,-8.167416573,1,0.150067315,1,-6.973014355,1,1.234378338,1,-0.105874576,1,-1.197317004,1,0.57725364,1
2.759930849,-8.808847427,1,2.895159245,1,-7.636066437,1,0.246946901,1,-6.945020676,1,1.184741378,1,-0.126472354,1,-1.224443913,1,0.600115299,1
2.763928652,-10.69569969,1,2.59754324,1,-6.55328846,1,0.339270175,1,-6.852451324,1,1.035218477,1,-0.149009258,1,-1.251155496,1,0.62520808,1
2.767928123,-11.22110558,1,1.634693027,1,-5.611958027,1,0.428977311,1,-6.718904018,1,0.902210236,1,-0.173359171,1,-1.277354717,1,0.652339458,1
2.771929502,-11.17394161,1,1.785548687,1,-5.054940701,1,0.549189031,1,-6.556466579,1,0.87432152,1,-0.200559318,1,-1.302808285,1,0.682676613,1
2.775927544,-11.77002811,1,2.514919519,1,-5.03890419,1,0.697098196,1,-6.379889965,1,0.817003012,1,-0.232016101,1,-1.327365041,1,0.717766166,1
2.779927254,-15.80964279,1,2.146075487,1,-5.619739532,1,0.84101218,1,-6.113177776,1,0.672925591,1,-0.267450213,1,-1.350850105,1,0.757318556,1
2.78393507,-19.15841293,1,0.76817733,1,-6.33360672,1,0.953084111,1,-5.731138229,1,0.579852939,1,-0.30681628,1,-1.372904301,1,0.801238179,1
2.787938833,-19.07028389,1,-0.468965381,1,-5.537118435,1,1.059031248,1,-5.298287392,1,0.551567554,1,-0.351436526,1,-1.393042803,1,0.850742161,1
2.791938543,-17.10188484,1,-2.752425432,1,-4.432434559,1,1.1138556,1,-4.986635685,1,0.579903543,1,-0.404006898,1,-1.411345601,1,0.908510387,1
2.795940161,-16.57618141,1,-4.148286819,1,-3.841635942,1,1.028667808,1,-4.664116859,1,0.667676926,1,-0.467927516,1,-1.427796125,1,0.977534115,1
2.799937725,-17.16225624,1,-4.269684315,1,-4.063440323,1,0.86095643,1,-4.338234425,1,0.668083429,1,-0.545484543,1,-1.442256927,1,1.059632659,1
2.803937197,-15.53489399,1,-5.675722599,1,-3.128213406,1,0.711513519,1,-4.01181078,1,0.776758611,1,-0.636940181,1,-1.454545617,1,1.154935241,1
2.807939053,-12.72922325,1,-5.580697536,1,-2.011976957,1,0.441011548,1,-3.805647135,1,0.936638415,1,-0.747494102,1,-1.46437192,1,1.268536091,1
2.811937094,-13.15731239,1,-4.515561581,1,-1.112975121,1,0.103737913,1,-3.627781391,1,0.967245102,1,-0.877084851,1,-1.471839547,1,1.399878621,1
2.815936804,-14.20993614,1,-3.58615756,1,0.133880854,1,-0.065766856,1,-3.315118313,1,1.004449725,1,-1.017318487,1,-1.476806045,1,1.540806413,1
2.81993866,-14.80210495,1,-0.874485314,1,0.289194673,1,-0.187354147,1,-2.996230125,1,1.052089453,1,-1.158781171,1,-1.479045272,1,1.682365179,1
2.823936224,-14.3598814,1,2.50606513,1,-2.742558241,1,-0.090034515,1,-2.43320632,1,1.10059762,1,-1.286368012,1,-1.478735447,1,1.809878588,1
2.827935696,-15.9096508,1,3.48487854,1,-6.949429512,1,0.147486538,1,-1.757429242,1,1.136523366,1,-1.384985685,1,-1.476335287,1,1.90904212,1
2.831937551,-16.06991196,1,0.953964353,1,-8.277659416,1,0.212424055,1,-1.133305073,1,1.144550681,1,-1.449698925,1,-1.472693324,1,1.974859118,1
2.835935116,-23.78346252,1,1.59574759,1,-6.645775318,1,0.100505531,1,-0.725004077,1,1.056874275,1,-1.490839124,1,-1.46862638,1,2.01681304,1
2.839934826,-27.31887817,1,-0.914713144,1,-10.84327126,1,0.259869814,1,-0.116170079,1,0.913192153,1,-1.508764029,1,-1.464877605,1,2.035489082,1
2.843936205,-19.41235542,1,-5.535234451,1,-11.39690399,1,0.233435884,1,0.227959394,1,0.982228041,1,-1.506878018,1,-1.461113811,1,2.03472805,1
2.847934008,-8.025271416,1,-6.062865257,1,-10.14294815,1,-0.085254841,1,0.178914368,1,1.097111344,1,-1.500954628,1,-1.456889391,1,2.029081583,1
2.851933956,-7.711740971,1,-6.141221523,1,-9.598579407,1,-0.387268215,1,-0.08536689,1,1.173744202,1,-1.50302887,1,-1.452353477,1,2.030202627,1
2.855935812,-7.544147968,1,-6.63145256,1,-9.574158669,1,-0.647942603,1,-0.285488665,1,1.365423322,1,-1.513759136,1,-1.447364926,1,2.038909435,1
2.859933615,-7.368131638,1,-5.545911312,1,-9.92284584,1,-0.869883716,1,-0.546341717,1,1.508556485,1,-1.532001853,1,-1.441672444,1,2.054236412,1
2.863933325,-8.069802284,1,-5.22896719,1,-10.28508949,1,-1.103567481,1,-0.830111146,1,1.584429026,1,-1.557825208,1,-1.435553193,1,2.076304674,1
2.867935181,-9.012363434,1,-6.813659191,1,-10.79223442,1,-1.315808415,1,-1.109379768,1,1.675028801,1,-1.590479732,1,-1.429047108,1,2.104373217,1
2.871933222,-9.322760582,1,-8.021636009,1,-11.31818485,1,-1.523390293,1,-1.376044989,1,1.797672868,1,-1.628327966,1,-1.421917319,1,2.136920929,1
2.875932693,-9.016038895,1,-10.49192333,1,-13.73010731,1,-1.792437434,1,-1.702009916,1,1.950347424,1,-1.67051959,1,-1.413981915,1,2.17282629,1
2.879934311,-10.74567223,1,-10.88151073,1,-13.14428139,1,-2.104166269,1,-2.014271259,1,2.063263655,1,-1.7180686,1,-1.405088186,1,2.213127851,1
2.883931875,-10.3201561,1,-11.61695576,1,-15.12281704,1,-2.337083817,1,-2.265654802,1,2.211447001,1,-1.767317891,1,-1.39519453,1,2.254084349,1
2.887931347,-10.90670681,1,-11.03802109,1,-15.7955265,1,-2.562226057,1,-2.50718689,1,2.229629517,1,-1.817555547,1,-1.384390235,1,2.295223951,1
2.891932964,-11.6031332,1,-11.7313633,1,-19.02277946,1,-2.74879837,1,-2.698202372,1,2.311597824,1,-1.867090106,1,-1.372865796,1,2.33484602,1
2.895930529,-12.82651711,1,-11.44152451,1,-20.81048393,1,-2.904061556,1,-2.894209862,1,2.324873209,1,-1.915588498,1,-1.360502362,1,2.372834921,1
2.899930477,-14.67830372,1,-11.60055161,1,-22.55665016,1,-3.062472582,1,-2.990267277,1,2.296666384,1,-1.962337971,1,-1.347638249,1,2.408450127,1
2.903938055,-15.9534502,1,-11.53648853,1,-23.76611328,1,-3.144849539,1,-3.057895899,1,2.22183466,1,-2.006629229,1,-1.334478259,1,2.441178083,1
2.907941818,-17.14430428,1,-12.07448101,1,-24.17142296,1,-3.216967344,1,-3.037458658,1,2.099463701,1,-2.048199892,1,-1.321323276,1,2.470896721,1
2.911941528,-17.80758667,1,-12.85901737,1,-24.06536674,1,-3.323881626,1,-2.927354574,1,1.952092409,1,-2.086669207,1,-1.308492899,1,2.497157812,1
2.915943384,-16.92953682,1,-13.97633934,1,-23.78948784,1,-3.500961781,1,-2.744526863,1,1.794025898,1,-2.121967793,1,-1.296265721,1,2.519635916,1
2.919941187,-15.23153114,1,-13.93558121,1,-23.5368309,1,-3.696373463,1,-2.522221327,1,1.659742117,1,-2.154371023,1,-1.284769177,1,2.538364649,1
2.923940659,-13.64562511,1,-13.14621639,1,-23.24664497,1,-3.836365938,1,-2.302219391,1,1.538557291,1,-2.184065342,1,-1.274050117,1,2.553611755,1
2.927942514,-12.98368359,1,-11.51947021,1,-23.05941582,1,-3.83595109,1,-2.068428993,1,1.445066929,1,-2.210968494,1,-1.264092565,1,2.565672636,1
2.931940079,-12.91976547,1,-9.13845253,1,-22.84474182,1,-3.68678093,1,-1.816082835,1,1.349830747,1,-2.234394789,1,-1.254904032,1,2.574815512,1
2.935939789,-12.18748379,1,-7.058154583,1,-22.67544174,1,-3.407990932,1,-1.552261829,1,1.266617298,1,-2.254637241,1,-1.246622443,1,2.581156969,1
2.939941883,-11.48872471,1,-4.838982582,1,-22.80272865,1,-2.990864992,1,-1.289809346,1,1.185709953,1,-2.271153927,1,-1.239207149,1,2.585052013,1
2.943939924,-9.245319366,1,-3.393817425,1,-22.48277283,1,-2.480848074,1,-1.073970079,1,1.117156506,1,-2.283829689,1,-1.232646942,1,2.586851835,1
2.947939634,-8.065347672,1,-2.835312605,1,-21.88142014,1,-1.901347041,1,-0.856024146,1,1.064187646,1,-2.292733431,1,-1.22683537,1,2.587000847,1
2.951941013,-6.538864613,1,-3.198220968,1,-21.22289085,1,-1.354392648,1,-0.659457803,1,1.025183439,1,-2.297862291,1,-1.221707106,1,2.585545063,1
2.955938816,-4.80765295,1,-3.661942244,1,-20.35803604,1,-0.873534739,1,-0.485880494,1,1.007861376,1,-2.299589872,1,-1.217142701,1,2.582667112,1
2.959938526,-3.624200821,1,-4.520132065,1,-19.48585701,1,-0.48049143,1,-0.309925228,1,1.010111213,1,-2.298235893,1,-1.213076353,1,2.578346014,1
2.963940144,-2.939893007,1,-5.031603813,1,-18.6124897,1,-0.161973879,1,-0.129940078,1,1.017134309,1,-2.29410243,1,-1.209454417,1,2.572573662,1
2.967937469,-2.225180864,1,-5.075919628,1,-17.58119583,1,0.113610573,1,0.051563513,1,1.015229702,1,-2.287427425,1,-1.206278563,1,2.56535387,1
2.971936941,-1.579357266,1,-5.333303928,1,-17.32948494,1,0.313662767,1,0.228203669,1,0.991036177,1,-2.2786057,1,-1.203609467,1,2.556843281,1
2.975938559,-0.789014637,1,-5.123468399,1,-16.68698311,1,0.448491722,1,0.394779146,1,0.942600727,1,-2.268110752,1,-1.201453686,1,2.547244072,1
2.979936361,-0.212903693,1,-4.294974327,1,-16.02861977,1,0.538889825,1,0.590626061,1,0.847199082,1,-2.256299496,1,-1.199945092,1,2.53669858,1
2.983935833,0.412927449,1,-3.278647661,1,-15.17632389,1,0.639362872,1,0.810871482,1,0.715948284,1,-2.243272781,1,-1.199256539,1,2.525250673,1
2.987937212,0.535472214,1,-2.451101303,1,-14.36568356,1,0.737649679,1,1.067875504,1,0.555817127,1,-2.228894472,1,-1.199568868,1,2.512785435,1
2.991935253,0.897218883,1,-1.743294716,1,-13.52862644,1,0.841076851,1,1.356134057,1,0.375772119,1,-2.212904453,1,-1.20100677,1,2.49901557,1
2.995934963,1.525650024,1,-1.022621512,1,-12.8954792,1,0.958461821,1,1.669051528,1,0.170805797,1,-2.195017338,1,-1.203710556,1,2.483693838,1
2.999936581,2.096331596,1,-0.129938796,1,-12.3976202,1,1.102336645,1,1.974660277,1,-0.044498771,1,-2.174915791,1,-1.207714438,1,2.466587305,1
3.003934145,2.426760197,1,0.666595638,1,-12.08378983,1,1.255661011,1,2.274670839,1,-0.261539429,1,-2.152422905,1,-1.21296823,1,2.447577953,1
3.007933617,2.838318586,1,1.455338836,1,-11.83487129,1,1.42344594,1,2.558431149,1,-0.489979804,1,-2.127244473,1,-1.219440937,1,2.426442862,1
3.011935472,3.163875341,1,2.429057121,1,-11.57423592,1,1.599756837,1,2.833363771,1,-0.726507604,1,-2.099165201,1,-1.227088571,1,2.403003693,1
3.015933275,2.894415855,1,3.347575903,1,-11.30228996,1,1.782188654,1,3.121652603,1,-0.981099367,1,-2.067724705,1,-1.235902667,1,2.376846313,1
3.019932747,2.601742506,1,4.199109554,1,-11.02964687,1,1.967058182,1,3.412919283,1,-1.241850257,1,-2.032344818,1,-1.245877624,1,2.347372055,1
3.023940802,2.161342382,1,4.873411655,1,-10.74370575,1,2.150834084,1,3.70800519,1,-1.497718096,1,-1.992239594,1,-1.256919265,1,2.313806534,1
3.027945042,1.772719026,1,5.363861084,1,-10.59911919,1,2.326801062,1,3.984154701,1,-1.738339424,1,-1.946581364,1,-1.268866301,1,2.275300503,1
3.03194499,1.313773751,1,5.847753048,1,-10.47753334,1,2.496101856,1,4.255614758,1,-1.957795143,1,-1.894373775,1,-1.281466722,1,2.230806828,1
3.035946608,0.956251502,1,6.03183794,1,-10.56784534,1,2.640230656,1,4.495331287,1,-2.159761906,1,-1.834661484,1,-1.294430971,1,2.179319382,1
3.039944172,0.494792908,1,5.992637634,1,-10.63708687,1,2.741689682,1,4.715969086,1,-2.31293726,1,-1.766398191,1,-1.307353735,1,2.119666815,1
3.043943882,0.277327746,1,5.926948547,1,-10.89183712,1,2.809125185,1,4.907123089,1,-2.440728664,1,-1.688656807,1,-1.319770932,1,2.050760984,1
3.047945738,-0.521335721,1,6.139072895,1,-11.14323139,1,2.855756998,1,5.081964493,1,-2.545443058,1,-1.600676537,1,-1.331202388,1,1.971766591,1
3.051943541,-1.834301114,1,6.179451466,1,-11.32312012,1,2.868760824,1,5.269857407,1,-2.632000208,1,-1.50177002,1,-1.341161251,1,1.881856441,1
3.055943012,-3.061257124,1,6.20549345,1,-11.51978397,1,2.847672701,1,5.483128548,1,-2.702323198,1,-1.39157939,1,-1.349102259,1,1.780547619,1
3.059944391,-4.028428078,1,6.08891201,1,-11.8036375,1,2.805659294,1,5.704798222,1,-2.761637926,1,-1.270947218,1,-1.354423046,1,1.668554068,1
3.063941956,-4.879796982,1,6.120650768,1,-12.21520138,1,2.739024162,1,5.918261528,1,-2.798413277,1,-1.142350674,1,-1.356540799,1,1.548278451,1
3.067941666,-5.749195099,1,5.98649168,1,-12.59831142,1,2.65532136,1,6.123066425,1,-2.815018654,1,-1.010017514,1,-1.354992628,1,1.423880339,1
3.071943521,-6.649429798,1,6.295365334,1,-12.93343353,1,2.578207493,1,6.336688519,1,-2.828835011,1,-0.878749251,1,-1.349516273,1,1.300139904,1
3.075941324,-7.123089314,1,6.587173462,1,-13.188447,1,2.506301165,1,6.539490223,1,-2.830424309,1,-0.753189087,1,-1.340097189,1,1.18173337,1
3.079940796,-7.899763584,1,6.701262951,1,-13.01081181,1,2.455892801,1,6.741782665,1,-2.824310064,1,-0.636912704,1,-1.326920033,1,1.072325468,1
3.083942413,-8.363018036,1,6.614775181,1,-12.90754986,1,2.421525002,1,6.930473804,1,-2.816396236,1,-0.532027066,1,-1.310315132,1,0.974104285,1
3.087939978,-8.827513695,1,6.175242424,1,-12.70036888,1,2.36669445,1,7.111941814,1,-2.798309565,1,-0.439218938,1,-1.290705919,1,0.887761414,1
3.091939688,-8.069033623,1,5.760790348,1,-12.66016865,1,2.30201602,1,7.232803345,1,-2.79759717,1,-0.358229339,1,-1.268559217,1,0.812966883,1
3.095941067,-7.915224552,1,5.297978878,1,-12.66845512,1,2.21772933,1,7.319867611,1,-2.77009201,1,-0.288271904,1,-1.244482756,1,0.748903215,1
3.099938869,-7.4276371,1,5.273413658,1,-12.63370514,1,2.116836071,1,7.37769413,1,-2.746590376,1,-0.228120327,1,-1.218855858,1,0.694301069,1
3.103938341,-7.341900349,1,5.437841892,1,-12.59039593,1,2.049353838,1,7.382571697,1,-2.717792749,1,-0.176273778,1,-1.192141652,1,0.647706151,1
3.107940197,-7.424227715,1,5.768941879,1,-12.57964134,1,2.014306307,1,7.387932777,1,-2.686724663,1,-0.131417915,1,-1.164602637,1,0.607943833,1
3.111937761,-7.690534115,1,6.117602348,1,-12.6357851,1,2.02632308,1,7.400073528,1,-2.662376404,1,-0.092159227,1,-1.136400461,1,0.573794305,1
3.115937233,-8.138309479,1,6.265172005,1,-12.6210928,1,2.061938763,1,7.428580761,1,-2.641144991,1,-0.057408668,1,-1.107622623,1,0.544297755,1
3.119939089,-8.358649254,1,6.1110816,1,-12.72789574,1,2.12122345,1,7.475101948,1,-2.607298374,1,-0.026369965,1,-1.078288078,1,0.518775821,1
3.123936653,-8.291409492,1,6.229081631,1,-13.00833035,1,2.196022749,1,7.535676956,1,-2.552559614,1,0.001480885,1,-1.048408508,1,0.496783823,1
3.127936363,-8.328379631,1,6.592431068,1,-13.14203835,1,2.295815706,1,7.603098869,1,-2.480288267,1,0.026623847,1,-1.017995954,1,0.477956951,1
3.131937981,-8.754414558,1,6.930914879,1,-12.95471764,1,2.438845634,1,7.717088699,1,-2.397358894,1,0.04953824,1,-0.987020373,1,0.461998165,1
3.135935783,-9.086700439,1,6.668085098,1,-12.57584286,1,2.619089603,1,7.854924202,1,-2.292496681,1,0.070617832,1,-0.955373883,1,0.448712915,1
3.139935493,-10.04500103,1,5.610648155,1,-11.53061295,1,2.797078371,1,8.024803162,1,-2.177946568,1,0.090163134,1,-0.922996283,1,0.437941313,1
3.143943071,-11.30651569,1,3.486944675,1,-10.28681564,1,2.899209976,1,8.227230072,1,-2.055659771,1,0.10824085,1,-0.889812648,1,0.42949003,1
3.147946835,-11.7919445,1,1.629951835,1,-9.720908165,1,2.896833897,1,8.3745718,1,-1.904018641,1,0.124652006,1,-0.855891585,1,0.423246175,1
3.151946545,-11.96782684,1,0.396596611,1,-9.394081116,1,2.860689878,1,8.459266663,1,-1.73824811,1,0.139269248,1,-0.821530581,1,0.419088781,1
3.155947924,-12.38711357,1,-0.019651266,1,-8.865608215,1,2.780706882,1,8.528214455,1,-1.601505041,1,0.152281597,1,-0.786940873,1,0.416708797,1
3.159945488,-12.42578316,1,0.019253245,1,-8.302431107,1,2.675871611,1,8.539924622,1,-1.514986753,1,0.163941383,1,-0.752240777,1,0.41565156,1
3.16394496,-12.72861385,1,-0.143290654,1,-7.850988388,1,2.563261747,1,8.501209259,1,-1.475336313,1,0.174555644,1,-0.717634082,1,0.415454715,1
3.167946577,-13.12435722,1,0.27193749,1,-7.595164299,1,2.473227024,1,8.418936729,1,-1.499167681,1,0.184447616,1,-0.683262885,1,0.415718257,1
3.171944141,-13.77163029,1,0.466960639,1,-7.493584156,1,2.413202524,1,8.291736603,1,-1.569480538,1,0.194007725,1,-0.649272203,1,0.416051984,1
3.175943851,-14.99695396,1,0.397136152,1,-7.619624138,1,2.36849761,1,8.126178741,1,-1.67126894,1,0.203467235,1,-0.615805924,1,0.416221499,1
3.179945469,-16.59646797,1,0.0721929,1,-7.751312733,1,2.328171492,1,7.957849026,1,-1.800896049,1,0.212957084,1,-0.58285898,1,0.415962279,1
3.183943272,-18.40503693,1,-0.443888962,1,-7.796417236,1,2.2943151,1,7.784102917,1,-1.962832212,1,0.222548559,1,-0.550492644,1,0.415320575,1
3.187942743,-20.37556839,1,-0.790930986,1,-7.797722816,1,2.238548517,1,7.616344929,1,-2.138148308,1,0.232241511,1,-0.518639088,1,0.414109349,1
3.191944122,-22.17913818,1,-1.332489848,1,-7.553756714,1,2.157337666,1,7.439584255,1,-2.328885794,1,0.241923317,1,-0.487260848,1,0.412270904,1
3.195941925,-24.12246513,1,-1.776004195,1,-7.005378723,1,2.063875437,1,7.262982845,1,-2.51507616,1,0.251500309,1,-0.456382573,1,0.4097839,1
3.199941397,-25.85654449,1,-2.31382513,1,-6.303307056,1,1.955731392,1,7.079343319,1,-2.671855688,1,0.260837942,1,-0.426001906,1,0.40672332,1
3.203943253,-27.60053253,1,-2.244880199,1,-5.392716408,1,1.843266964,1,6.872942924,1,-2.819829226,1,0.269874513,1,-0.396192491,1,0.403141439,1
3.207941055,-28.9439888,1,-1.7753824,1,-4.313484192,1,1.72868228,1,6.636097908,1,-2.946679831,1,0.278531551,1,-0.367057443,1,0.399062753,1
3.211940527,-30.39248085,1,-1.501589656,1,-3.25137043,1,1.622917295,1,6.355277061,1,-3.04621172,1,0.286803365,1,-0.33874777,1,0.394509375,1
3.215942383,-31.35387421,1,-1.697042584,1,-2.262978315,1,1.569153666,1,6.049918175,1,-3.09082222,1,0.294746637,1,-0.311426818,1,0.389575571,1
3.219940186,-32.87052536,1,-1.553755641,1,-1.478124857,1,1.545829058,1,5.681214333,1,-3.065871239,1,0.302471578,1,-0.285380363,1,0.38448596,1
3.223939657,-35.00564194,1,-1.570875764,1,-0.306442589,1,1.52622354,1,5.293823719,1,-3.027250767,1,0.31000638,1,-0.260766774,1,0.379265785,1
3.227941036,-36.85798645,1,-0.490026981,1,0.318080753,1,1.593487501,1,4.891287327,1,-2.946930647,1,0.317539871,1,-0.237698823,1,0.374032676,1
3.231938839,-39.51293945,1,-0.194506213,1,1.638624787,1,1.648186326,1,4.481386185,1,-2.861068249,1,0.32522428,1,-0.216239423,1,0.368783116,1
3.235938549,-41.90589142,1,0.000603409,1,2.780849457,1,1.761591792,1,4.08901453,1,-2.735016346,1,0.333101571,1,-0.196399197,1,0.363623202,1
3.239940166,-43.86700439,1,-0.006355805,1,3.939286709,1,1.826414347,1,3.672982931,1,-2.587677479,1,0.34122175,1,-0.178224027,1,0.358626485,1
3.243937731,-45.69885254,1,0.108373448,1,5.212587833,1,1.873423457,1,3.224735737,1,-2.422900438,1,0.349451363,1,-0.161848277,1,0.35379523,1
3.247937441,-46.96927261,1,0.173944682,1,6.776666164,1,1.881099463,1,2.746450901,1,-2.244357824,1,0.357698917,1,-0.147399783,1,0.349105239,1
3.251939058,-47.61933136,1,-0.563347459,1,8.457985878,1,1.820933461,1,2.258306265,1,-2.001191378,1,0.36573872,1,-0.135026187,1,0.344665289,1
3.255936623,-46.69244385,1,-1.118507504,1,10.01955605,1,1.695565104,1,1.710835695,1,-1.727135301,1,0.373335212,1,-0.124913305,1,0.340534985,1
3.259936333,-44.98185349,1,-1.561132669,1,11.44594097,1,1.509922743,1,1.148901701,1,-1.404120326,1,0.380209804,1,-0.117305264,1,0.336772203,1
3.263944149,-43.35416794,1,-1.150073886,1,12.25200081,1,1.299066544,1,0.572416127,1,-1.074563742,1,0.386218727,1,-0.112252206,1,0.333450377,1
3.267948389,-41.5433197,1,-0.269381523,1,12.83908176,1,1.100984216,1,0.006528589,1,-0.773891985,1,0.391340315,1,-0.109791338,1,0.330439836,1
3.271948576,-39.58503723,1,1.058924794,1,13.06837273,1,0.919701874,1,-0.516907334,1,-0.509954274,1,0.395680994,1,-0.109761514,1,0.327668548,1
3.275950193,-37.76063538,1,1.969989777,1,13.03045559,1,0.776696324,1,-0.993315697,1,-0.289757878,1,0.399363697,1,-0.111951597,1,0.325018048,1
3.279947758,-36.09521866,1,2.365856409,1,12.69889927,1,0.664671481,1,-1.39522934,1,-0.107782409,1,0.402537376,1,-0.116062604,1,0.322408885,1
3.283947229,-34.14744949,1,2.151933193,1,12.08764553,1,0.571295917,1,-1.731660724,1,0.053671915,1,0.40530467,1,-0.121778868,1,0.319832385,1
3.287948847,-32.11064148,1,1.747903347,1,11.16786194,1,0.501986563,1,-2.006334066,1,0.184947282,1,0.407757938,1,-0.128843993,1,0.317303956,1
3.291946411,-30.19158363,1,1.57263124,1,10.15329075,1,0.448369086,1,-2.220973969,1,0.273558706,1,0.409998,1,-0.136982247,1,0.314772338,1
3.295945883,-28.082201,1,1.617777348,1,9.093084335,1,0.403058112,1,-2.391743422,1,0.307249874,1,0.41208297,1,-0.145921037,1,0.312129557,1
3.299947739,6.7318964,1,-20.32496452,1,-17.15303421,1,-1.565706968,1,-3.45245862,1,0.20640187,1,0.411376059,1,-0.156561375,1,0.308711171,1
3.303945541,-39.3486557,1,-25.66765594,1,10.45042038,1,-4.801537991,1,-5.138654709,1,-0.121978618,1,0.399707675,1,-0.17253606,1,0.301465571,1
3.307945013,-16.40196037,1,-12.60698318,1,12.80074692,1,-6.214797497,1,-6.53022337,1,0.277844131,1,0.378447056,1,-0.194210321,1,0.292944193,1
3.311946392,7.066668034,1,23.31996346,1,4.448428631,1,-5.298193932,1,-6.827400684,1,0.173673019,1,0.357447743,1,-0.22002086,1,0.283956885,1
3.315944195,-26.12898254,1,18.08747101,1,-10.43327141,1,-5.280452728,1,-6.928804874,1,-0.312667489,1,0.338383377,1,-0.245495588,1,0.273989022,1
3.319943666,-35.60956573,1,17.26738358,1,-27.08115959,1,-4.226784229,1,-7.236066818,1,-0.391486079,1,0.322045505,1,-0.271901697,1,0.262991995,1
3.323945284,-27.17755699,1,25.04546738,1,-42.72887039,1,-2.883197069,1,-6.875870228,1,-0.421537697,1,0.311340362,1,-0.298328161,1,0.252428442,1
3.327942848,-44.05671692,1,16.97636223,1,-49.73460388,1,-2.29833436,1,-6.65023756,1,0.156199515,1,0.303572714,1,-0.323837399,1,0.242886364,1
3.331942558,-45.27827072,1,21.30737495,1,-45.01244736,1,-1.457669497,1,-6.315001011,1,1.23171854,1,0.297754407,1,-0.349471748,1,0.237503454,1
3.335944414,-42.04110336,1,23.50156593,1,-37.88996887,1,-0.602660894,1,-5.808286667,1,2.526937962,1,0.293638587,1,-0.374861181,1,0.237616822,1
3.339942217,-29.61273003,1,16.41247749,1,-27.65251923,1,-0.059917025,1,-5.282917023,1,3.708982468,1,0.290113866,1,-0.399620444,1,0.24366504,1
3.343941927,-17.0993576,1,10.41486549,1,-19.48353004,1,0.361038357,1,-5.106376648,1,4.617879391,1,0.286395311,1,-0.424286038,1,0.254820436,1
3.347943306,-6.288350582,1,2.270283937,1,-9.616167068,1,0.559148133,1,-4.920563221,1,5.05919838,1,0.282145619,1,-0.449047089,1,0.26917392,1
3.351941109,2.412251234,1,-4.988022327,1,-2.744976044,1,0.437229604,1,-4.792724609,1,5.181975365,1,0.277068019,1,-0.473311543,1,0.285249114,1
3.355940819,3.095536709,1,-9.6882267,1,1.635555029,1,0.106722154,1,-4.748877048,1,5.032281876,1,0.27051267,1,-0.497243494,1,0.301772594,1
3.359942436,-1.937906623,1,-11.10272217,1,4.059904575,1,-0.255493581,1,-4.716536999,1,4.641314983,1,0.262536079,1,-0.520614624,1,0.317429423,1
3.363940001,-14.08850861,1,-16.70251656,1,2.131897211,1,-0.782176554,1,-4.513915062,1,4.100071907,1,0.253279507,1,-0.543027997,1,0.331610411,1
3.367939472,-33.22921371,1,-16.78422356,1,-5.458846569,1,-1.420970321,1,-3.741245508,1,3.396900415,1,0.242462054,1,-0.562904298,1,0.343940914,1
3.37194109,-52.92266464,1,-12.80691242,1,-16.56488228,1,-1.959688187,1,-1.94313705,1,2.560685158,1,0.22995773,1,-0.576950669,1,0.354460895,1
3.375939131,-36.18429565,1,2.565907478,1,-7.670451641,1,-1.586085916,1,-1.10919106,1,2.306946754,1,0.217457965,1,-0.58454293,1,0.364050895,1
3.379938602,-3.216812611,1,10.4795208,1,-6.399939537,1,-1.609936357,1,-1.101794481,1,2.245467901,1,0.20587419,1,-0.590786755,1,0.373642713,1
3.383945942,-9.473667145,1,6.753723145,1,-11.27603817,1,-1.707110405,1,-0.569827139,1,2.178562641,1,0.193780616,1,-0.595983088,1,0.38326776,1
3.387949705,-13.36013222,1,0.107086763,1,-10.51116848,1,-1.54860723,1,-0.324002147,1,1.998699784,1,0.181848407,1,-0.599082768,1,0.392874658,1
3.391949654,-7.689585209,1,-1.303287506,1,-7.565228462,1,-1.530130029,1,-0.456729352,1,1.571785569,1,0.171108738,1,-0.601935625,1,0.401084721,1
3.395951271,-14.92598915,1,4.038958073,1,-11.5929842,1,-1.417901158,1,-0.238727361,1,1.401297569,1,0.161351383,1,-0.60430032,1,0.407781035,1
3.399949074,-4.791084766,1,5.770831108,1,-10.30652142,1,-1.264238,1,-0.31910634,1,1.312954187,1,0.1523581,1,-0.606188536,1,0.414166898,1
3.403948545,-7.56492424,1,2.808010101,1,-10.81072044,1,-1.124205351,1,-0.314359993,1,1.173959732,1,0.144321084,1,-0.608207345,1,0.419900119,1
3.40795064,-6.482403755,1,-0.731770933,1,-9.115637779,1,-1.071483493,1,-0.241111055,1,1.049151301,1,0.136980832,1,-0.609930634,1,0.425057083,1
3.411948442,-8.257129669,1,-3.046458006,1,-8.850147247,1,-1.093895197,1,-0.180419952,1,0.983132124,1,0.129967958,1,-0.611317575,1,0.429800928,1
3.415947914,-7.516285419,1,-2.595966101,1,-9.443145752,1,-1.088981271,1,-0.190605298,1,0.889991105,1,0.123004608,1,-0.612493396,1,0.434264868,1
3.419949532,-7.503276825,1,1.120243311,1,-10.05437565,1,-1.006927371,1,-0.235944003,1,0.790967047,1,0.116497524,1,-0.613751829,1,0.438226998,1
3.423947334,-7.107632637,1,2.22755909,1,-10.04598141,1,-0.870926559,1,-0.303347617,1,0.689094841,1,0.110748425,1,-0.615147352,1,0.441669732,1
3.427947283,-7.765783787,1,1.826324463,1,-9.293955803,1,-0.739767909,1,-0.376026422,1,0.608745098,1,0.10579481,1,-0.61679399,1,0.444653094,1
3.4319489,-7.216964245,1,1.093989015,1,-9.215008736,1,-0.640171766,1,-0.424732953,1,0.546467125,1,0.10155236,1,-0.618586183,1,0.4471398,1
3.435946465,-6.349951744,1,0.638756752,1,-9.182275772,1,-0.584115684,1,-0.472400337,1,0.501915514,1,0.097736821,1,-0.62059474,1,0.449487716,1
3.439945936,-5.225168228,1,-2.990824938,1,-9.602898598,1,-0.58249712,1,-0.530176759,1,0.478607118,1,0.09418647,1,-0.622763872,1,0.451649755,1
3.443947554,-6.552510262,1,-4.700983524,1,-9.004053116,1,-0.606405914,1,-0.586643517,1,0.456702322,1,0.090602301,1,-0.625174403,1,0.453689635,1
3.44794488,-7.431363106,1,-2.153637171,1,-9.237957001,1,-0.630722404,1,-0.628705561,1,0.465377271,1,0.086958647,1,-0.627742529,1,0.455690622,1
3.451944351,-7.473814487,1,0.926164567,1,-9.41917038,1,-0.58383584,1,-0.685170472,1,0.439515591,1,0.083340742,1,-0.630503714,1,0.457675725,1
3.455945969,-6.837989807,1,1.304625869,1,-9.911775589,1,-0.50114727,1,-0.752781987,1,0.36634782,1,0.080150642,1,-0.633503556,1,0.459390908,1
3.459943771,-6.052103043,1,1.012382627,1,-10.51486683,1,-0.456988513,1,-0.835311651,1,0.276827544,1,0.077490307,1,-0.636778116,1,0.460672289,1
3.463943481,-5.891843319,1,1.857632637,1,-11.05466366,1,-0.372287065,1,-0.910559893,1,0.204611465,1,0.075293504,1,-0.640312314,1,0.461514354,1
3.46794486,-6.288986206,1,0.091618828,1,-11.77419376,1,-0.282636046,1,-1.042150021,1,0.156991109,1,0.073686957,1,-0.644244075,1,0.462044805,1
3.471942902,-6.273991108,1,-2.821204901,1,-12.49723339,1,-0.324995339,1,-1.187619448,1,0.146362171,1,0.072307147,1,-0.648709118,1,0.462388098,1
3.475942373,-5.89760685,1,-1.603738427,1,-13.48681068,1,-0.308059484,1,-1.420988679,1,0.166137591,1,0.07081838,1,-0.653971314,1,0.462698996,1
3.479943991,-5.069152355,1,-1.868904591,1,-14.46467113,1,-0.355918795,1,-1.682054162,1,0.20711413,1,0.069285311,1,-0.660223246,1,0.463114291,1
3.483941555,-6.05235815,1,1.140829921,1,-16.40634727,1,-0.225518987,1,-1.9764992,1,0.180151686,1,0.067806982,1,-0.667545974,1,0.463447422,1
3.487941027,-4.628737926,1,-0.667401373,1,-16.21025276,1,-0.198787689,1,-2.302322149,1,0.155997589,1,0.066899016,1,-0.676129997,1,0.463607848,1
3.491942883,-4.740530491,1,-1.546768308,1,-16.69369698,1,-0.155223966,1,-2.65525198,1,0.099110946,1,0.066339381,1,-0.6860376,1,0.463406652,1
3.495940685,-4.975807667,1,-2.231503725,1,-17.08356667,1,-0.178922281,1,-3.053638697,1,0.086981654,1,0.065990813,1,-0.697460711,1,0.462908238,1
3.499940157,-7.062860489,1,-1.505669713,1,-19.63804626,1,-0.148026124,1,-3.465495348,1,0.099777542,1,0.065738209,1,-0.71045959,1,0.462227881,1
3.503941536,-2.484140396,1,-1.708645701,1,-18.58449936,1,-0.177590132,1,-3.98592329,1,0.159713447,1,0.065510884,1,-0.725361884,1,0.461627096,1
3.507945299,-3.679975271,1,-2.43000865,1,-20.46624947,1,-0.107139349,1,-4.459257126,1,0.201661855,1,0.065274678,1,-0.742254019,1,0.46108073,1
3.511944771,-1.293100953,1,-2.624535084,1,-19.90992737,1,-0.031796586,1,-4.968818665,1,0.248093098,1,0.065306157,1,-0.761140287,1,0.460629255,1
3.51594615,-2.059798479,1,-3.684827566,1,-21.2274456,1,0.038641963,1,-5.470943928,1,0.314054281,1,0.065597996,1,-0.782029629,1,0.460264266,1
3.519943953,-1.072392941,1,-4.554986,1,-20.54944038,1,0.087654084,1,-6.000276566,1,0.464050323,1,0.065786399,1,-0.805061519,1,0.460331619,1
3.523943663,1.044793129,1,-5.66690731,1,-20.20988655,1,0.130773962,1,-6.486158848,1,0.599438012,1,0.065719552,1,-0.830110669,1,0.461003363,1
3.527945518,2.718529701,1,-5.705113411,1,-20.13022232,1,0.123433135,1,-7.039178848,1,0.867983818,1,0.06498713,1,-0.857281864,1,0.462705851,1
3.531943083,1.847071409,1,-5.897136688,1,-19.95993423,1,0.054177079,1,-7.616950512,1,1.204781771,1,0.062677108,1,-0.886784911,1,0.466196388,1
3.535942793,1.484965086,1,-5.160247803,1,-18.85566139,1,-0.106058754,1,-8.265612602,1,1.549099088,1,0.058084644,1,-0.918800175,1,0.471962124,1
3.53994441,1.99423933,1,-3.411587477,1,-16.70845604,1,-0.375710845,1,-8.734793663,1,1.863363743,1,0.050345294,1,-0.953311741,1,0.480358005,1
3.543941975,0.383176863,1,-3.120375156,1,-15.81875324,1,-0.67097193,1,-8.741370201,1,2.048354864,1,0.039090604,1,-0.988580942,1,0.491501361,1
3.547941446,-2.158591986,1,0.273984581,1,-13.66947842,1,-0.984959185,1,-8.749527931,1,2.226336956,1,0.024038063,1,-1.023815274,1,0.505361795,1
3.551942825,-3.992076874,1,3.311932325,1,-12.4902401,1,-1.151401997,1,-8.752739906,1,2.301810741,1,0.005017127,1,-1.058949947,1,0.522346377,1
3.555940866,-5.739683151,1,5.933931828,1,-10.84543705,1,-1.154996037,1,-8.753940582,1,2.312791348,1,-0.017149601,1,-1.093906999,1,0.542241871,1
3.559940577,-6.198838711,1,5.934285164,1,-10.13007164,1,-1.034672976,1,-8.752511024,1,2.462864637,1,-0.043008018,1,-1.128617644,1,0.566139996,1
3.563942194,-4.284282207,1,8.500205994,1,-9.190695763,1,-0.759871364,1,-8.746904373,1,2.473088741,1,-0.073000155,1,-1.162985802,1,0.595049739,1
3.567939758,-8.228300095,1,11.43093681,1,-11.34391594,1,-0.268176258,1,-8.734258652,1,2.313318014,1,-0.105981179,1,-1.196951628,1,0.628422856,1
3.57193923,-16.95481491,1,14.09804344,1,-12.11803246,1,0.395976394,1,-8.719561577,1,1.988168836,1,-0.140144274,1,-1.230540037,1,0.665144145,1
3.575940847,-21.27682495,1,11.93110943,1,-12.82107258,1,1.031375647,1,-8.704523087,1,1.653116465,1,-0.174962938,1,-1.26381886,1,0.704925537,1
3.57993865,-27.09636307,1,7.527352333,1,-13.37476635,1,1.562220812,1,-8.691095352,1,1.307404518,1,-0.211708114,1,-1.296822548,1,0.748683095,1
3.583938122,-36.22279739,1,0.234924987,1,-11.69666576,1,2.000102043,1,-8.681239128,1,1.151185155,1,-0.252490997,1,-1.329542756,1,0.798288584,1
3.587939739,-40.3015976,1,-2.017441988,1,-13.93801594,1,2.354626894,1,-8.673544884,1,1.2186445,1,-0.305307597,1,-1.361615658,1,0.861529589,1
3.591937542,-38.57725906,1,-4.078371048,1,-12.49026394,1,2.528656006,1,-8.609289169,1,1.311945319,1,-0.378963947,1,-1.392577291,1,0.946505964,1
3.595937014,-36.58774948,1,-9.493323326,1,-10.57522678,1,2.631037712,1,-7.855470181,1,1.549665093,1,-0.483359277,1,-1.420201302,1,1.062867761,1
3.599938869,-42.06702042,1,-10.87041092,1,-8.315948486,1,2.49498558,1,-6.759264946,1,1.552790761,1,-0.619746149,1,-1.441990376,1,1.210947394,1
3.603936434,-40.92438889,1,-9.0262146,1,-4.466849327,1,2.170034409,1,-5.500160694,1,1.719860077,1,-0.781310797,1,-1.456500888,1,1.383166075,1
3.607936144,-31.52130318,1,-7.836063862,1,-0.477766365,1,1.682946444,1,-4.209540367,1,1.778751135,1,-0.947158039,1,-1.4638592,1,1.557852149,1
3.611937761,-15.95853519,1,-11.67927933,1,1.866815448,1,1.069212198,1,-2.81276226,1,1.992375135,1,-1.091112971,1,-1.464815021,1,1.708173037,1
3.615935326,-1.259097576,1,-18.91913605,1,-1.305521607,1,0.127012283,1,-1.950774074,1,2.290374994,1,-1.199487209,1,-1.46087122,1,1.819786072,1
3.619935036,-9.870558739,1,-8.529535294,1,0.694825709,1,-1.285439849,1,-1.913783789,1,2.438428402,1,-1.290740132,1,-1.454376221,1,1.909147978,1
3.623936415,-51.13280487,1,-2.634009838,1,-10.32373714,1,-1.644603252,1,-1.298354268,1,2.042766571,1,-1.370102644,1,-1.447403193,1,1.982868195,1
3.627940178,-35.41691589,1,-4.406745911,1,-14.69419289,1,-1.637968421,1,-0.376676828,1,2.288434267,1,-1.412628889,1,-1.439351797,1,2.019286871,1
3.631939888,-6.090286255,1,-2.573468685,1,-12.54333782,1,-1.811808705,1,-0.641701877,1,2.198114872,1,-1.441677213,1,-1.430692792,1,2.041572094,1
3.635941267,-3.445329666,1,3.04716897,1,-7.961136818,1,-1.737609625,1,-1.440972567,1,2.080243826,1,-1.483964324,1,-1.422682762,1,2.077066183,1
3.639938831,-9.418726921,1,2.287585735,1,-7.202662468,1,-1.401177764,1,-1.843101501,1,2.213286877,1,-1.537087321,1,-1.414545894,1,2.124417305,1
3.643938541,-9.41967392,1,0.667592883,1,-7.393454075,1,-1.061741352,1,-2.123692751,1,2.333770275,1,-1.591477513,1,-1.405464411,1,2.174624443,1
3.647940159,-12.11481762,1,1.529050112,1,-8.745145798,1,-0.780395508,1,-2.381121397,1,2.259082556,1,-1.644983411,1,-1.395806074,1,2.225207806,1
3.651937723,-18.18225861,1,-1.268252015,1,-10.01879597,1,-0.577729166,1,-2.464752913,1,2.182987928,1,-1.696197152,1,-1.386027336,1,2.274494171,1
3.655937195,-20.57667732,1,-5.002159119,1,-11.07743168,1,-0.46723631,1,-2.450130701,1,2.211767673,1,-1.742186785,1,-1.37589097,1,2.319232941,1
3.659938812,-19.56925964,1,-8.435222626,1,-12.09609509,1,-0.517964661,1,-2.37569356,1,2.268257856,1,-1.782433271,1,-1.365260839,1,2.358336687,1
3.663936615,-17.61048317,1,-11.05878544,1,-13.18600273,1,-0.748384655,1,-2.35994482,1,2.327083349,1,-1.818160534,1,-1.354161382,1,2.392320156,1
3.667936087,-16.15215683,1,-12.94902802,1,-14.51638794,1,-1.066315293,1,-2.398572445,1,2.42079711,1,-1.851352692,1,-1.342530847,1,2.422655821,1
3.671937466,-15.1007719,1,-13.45659637,1,-15.91295719,1,-1.419422626,1,-2.502800941,1,2.535062313,1,-1.883427143,1,-1.33020401,1,2.450522423,1
3.675935268,-14.74030113,1,-13.21286678,1,-17.22025681,1,-1.747456431,1,-2.65350008,1,2.643957376,1,-1.915182829,1,-1.317065716,1,2.476727009,1
3.67993474,-15.10037804,1,-12.3379755,1,-18.37819481,1,-2.006892443,1,-2.818759918,1,2.736602545,1,-1.946998477,1,-1.303218365,1,2.501550674,1
3.683936596,-15.49061584,1,-11.43351269,1,-19.1756649,1,-2.201473475,1,-2.972260952,1,2.779421329,1,-1.978452802,1,-1.28858602,1,2.525455475,1
3.68793416,-15.31647778,1,-10.94491196,1,-18.58380318,1,-2.356695175,1,-3.074954271,1,2.781956911,1,-2.009319067,1,-1.273453116,1,2.548163652,1
3.691933632,-16.58007622,1,-12.25087261,1,-21.68767929,1,-2.489140034,1,-3.260910749,1,2.821904421,1,-2.039666414,1,-1.257806778,1,2.569804192,1
3.695935488,-17.54430962,1,-11.17491817,1,-20.82430077,1,-2.622071981,1,-3.231755018,1,2.78745079,1,-2.068843126,1,-1.24180758,1,2.589760542,1
3.699933529,-18.25006676,1,-11.27981567,1,-22.49020386,1,-2.773317099,1,-3.244317293,1,2.676065207,1,-2.096745491,1,-1.225958109,1,2.607888699,1
3.703933239,-16.60594749,1,-10.65424156,1,-23.70082474,1,-2.788495779,1,-3.248053312,1,2.598722935,1,-2.123209715,1,-1.210214257,1,2.624243021,1
3.707934618,-18.93115807,1,-10.30087757,1,-23.84676933,1,-2.823374271,1,-3.167144537,1,2.516649008,1,-2.148480177,1,-1.194677472,1,2.63929081,1
3.711932421,-18.65373421,1,-9.875777245,1,-24.68125725,1,-2.827423811,1,-3.009294748,1,2.409849644,1,-2.171657562,1,-1.179633737,1,2.652081728,1
3.715932131,-17.63116074,1,-10.15647125,1,-25.30405807,1,-2.806105852,1,-2.871157169,1,2.337573051,1,-2.19288969,1,-1.165112615,1,2.66287756,1
3.719933748,-16.06653214,1,-10.03500843,1,-26.15747452,1,-2.741448164,1,-2.755492687,1,2.279198408,1,-2.212251186,1,-1.151034951,1,2.671893835,1
3.723931074,-14.92237282,1,-9.774014473,1,-27.01806831,1,-2.659100056,1,-2.668181181,1,2.240193129,1,-2.230010509,1,-1.137274027,1,2.679533958,1
3.727930784,-14.02466297,1,-8.758304596,1,-27.9284668,1,-2.542208195,1,-2.600680828,1,2.200794458,1,-2.246296406,1,-1.123780251,1,2.686032057,1
3.73193264,-13.73954201,1,-7.958396912,1,-28.29002762,1,-2.393307447,1,-2.528278828,1,2.151940823,1,-2.261232138,1,-1.110550404,1,2.691646576,1
3.735930681,-13.46922779,1,-7.711269379,1,-28.26236916,1,-2.221601963,1,-2.423439264,1,2.091671228,1,-2.274722576,1,-1.097684741,1,2.696414948,1
3.739930391,-13.68180943,1,-8.794193268,1,-27.88645744,1,-2.108398199,1,-2.279914379,1,2.024083138,1,-2.28685379,1,-1.085282445,1,2.700336933,1
3.743932009,-12.14757156,1,-10.44552898,1,-27.15524673,1,-2.081133366,1,-2.094917774,1,1.957600355,1,-2.297628641,1,-1.073517203,1,2.703094482,1
3.747935534,-11.08293247,1,-12.80274677,1,-25.87125206,1,-2.190058708,1,-1.882943034,1,1.929724813,1,-2.307476521,1,-1.062432885,1,2.704616547,1
3.751935244,-10.77405548,1,-14.25346756,1,-24.59031296,1,-2.399532557,1,-1.637643337,1,1.9050107,1,-2.316658497,1,-1.05202353,1,2.704667807,1
3.755936861,-10.37019444,1,-15.09053612,1,-23.28577423,1,-2.666236639,1,-1.356933475,1,1.887497902,1,-2.325402021,1,-1.042391419,1,2.703065395,1
3.759934425,-9.480699539,1,-14.98128414,1,-21.70257378,1,-2.951203108,1,-1.048153758,1,1.877708912,1,-2.333759785,1,-1.033618927,1,2.699728727,1
3.763933897,-8.730132103,1,-14.05964756,1,-20.68486977,1,-3.187355042,1,-0.714473009,1,1.857789874,1,-2.341654778,1,-1.025794983,1,2.694607973,1
3.767935753,-7.504463196,1,-12.13576794,1,-19.53454208,1,-3.320222139,1,-0.406330168,1,1.816614866,1,-2.348900318,1,-1.01897347,1,2.6878016,1
3.771933556,-6.054896355,1,-9.427375793,1,-18.87706947,1,-3.306806803,1,-0.094336607,1,1.739331961,1,-2.355252504,1,-1.013213992,1,2.679635286,1
3.775933027,-3.440749407,1,-7.289240837,1,-18.04571152,1,-3.155586481,1,0.197574049,1,1.660602927,1,-2.360307693,1,-1.008551598,1,2.670302868,1
3.779934645,-1.889470816,1,-4.525505066,1,-17.11387825,1,-2.851304293,1,0.449243993,1,1.56989181,1,-2.363653421,1,-1.004910946,1,2.660007954,1
3.783932447,-0.616463244,1,-2.485904455,1,-16.42666435,1,-2.400433302,1,0.692104757,1,1.463741899,1,-2.364884377,1,-1.002293944,1,2.648957014,1
3.787931919,1.462480068,1,-0.593743861,1,-15.38840103,1,-1.81930685,1,0.87957257,1,1.371966839,1,-2.363547087,1,-1.000583291,1,2.637322903,1
3.791933775,0.4932383,1,0.686287701,1,-14.67431736,1,-1.15741992,1,1.118731499,1,1.247584939,1,-2.359390736,1,-0.999713659,1,2.625298977,1
3.795931339,1.167095304,1,1.34637928,1,-13.40971756,1,-0.490936905,1,1.409667253,1,1.113890409,1,-2.351937294,1,-0.999933541,1,2.612515211,1
3.799931049,1.231466174,1,1.168009877,1,-12.53912926,1,0.172671616,1,1.75242424,1,0.975156367,1,-2.340979338,1,-1.0013659,1,2.598755598,1
3.803932905,0.868547857,1,0.503722847,1,-11.54589653,1,0.758064091,1,2.146200895,1,0.833656073,1,-2.326376677,1,-1.004123449,1,2.583666563,1
3.807930708,0.276453763,1,-0.331810445,1,-10.574543,1,1.255594254,1,2.597091913,1,0.685804307,1,-2.308082581,1,-1.008334756,1,2.566816568,1
3.811930418,0.148302674,1,-1.376739025,1,-9.522220612,1,1.645531774,1,3.102018595,1,0.535499692,1,-2.286067009,1,-1.014066339,1,2.547714472,1
3.815931797,0.180149868,1,-2.206944227,1,-8.462003708,1,1.924497604,1,3.635434866,1,0.372583091,1,-2.260357141,1,-1.021373153,1,2.52592206,1
3.8199296,0.829001427,1,-2.909504175,1,-7.516163349,1,2.09274292,1,4.161951542,1,0.208592191,1,-2.230999708,1,-1.030222774,1,2.501018524,1
3.82392931,1.885622859,1,-2.804632664,1,-6.55878067,1,2.180938721,1,4.656072617,1,0.036529645,1,-2.198158979,1,-1.040410399,1,2.472790241,1
3.827931166,3.122706652,1,-1.903060675,1,-5.701199532,1,2.243719816,1,5.100110054,1,-0.155452251,1,-2.161865234,1,-1.051770687,1,2.441089869,1
3.831929445,4.213337898,1,-0.326817572,1,-5.001971722,1,2.315954447,1,5.484534264,1,-0.393505543,1,-2.122123718,1,-1.064142466,1,2.405955791,1
3.835929155,4.952349663,1,1.347537756,1,-4.366271496,1,2.388688564,1,5.8010602,1,-0.654862225,1,-2.078987122,1,-1.077362776,1,2.367494583,1
3.839930534,5.712179661,1,2.889347553,1,-4.033962727,1,2.517627001,1,6.053302288,1,-0.922653258,1,-2.032275915,1,-1.09121871,1,2.325735569,1
3.843928576,5.800655365,1,4.158284664,1,-3.737560511,1,2.682537079,1,6.237238407,1,-1.200417399,1,-1.981796622,1,-1.105464697,1,2.280728102,1
3.847928047,5.768526554,1,4.989391804,1,-3.729104757,1,2.871634007,1,6.393451691,1,-1.455891728,1,-1.927179098,1,-1.119856834,1,2.232232571,1
3.851929665,5.569592476,1,5.447617531,1,-3.889146805,1,3.064474821,1,6.513578415,1,-1.697045445,1,-1.868135095,1,-1.134130359,1,2.180010796,1
3.855927229,4.880711079,1,5.549062729,1,-4.168478012,1,3.21106863,1,6.614649773,1,-1.924529672,1,-1.804399371,1,-1.148022413,1,2.123716354,1
3.859926701,3.830667019,1,5.286845684,1,-4.729074955,1,3.32901454,1,6.714994907,1,-2.129852533,1,-1.735800147,1,-1.161266088,1,2.063027143,1
3.863928556,2.442672968,1,4.847122192,1,-5.376027584,1,3.385283709,1,6.821236134,1,-2.310377836,1,-1.662074566,1,-1.173538089,1,1.997485042,1
3.867932081,0.674665272,1,4.272441387,1,-6.141599655,1,3.410000324,1,6.94297123,1,-2.476065397,1,-1.583104253,1,-1.184533358,1,1.926764965,1
3.871931553,-0.974619031,1,3.671987057,1,-6.800038338,1,3.37328434,1,7.078035355,1,-2.628633261,1,-1.498881221,1,-1.193915725,1,1.850658536,1
3.875933409,-1.919326067,1,2.967409372,1,-7.431568146,1,3.282692432,1,7.225492954,1,-2.77101922,1,-1.409757018,1,-1.201308727,1,1.769253016,1
3.879931211,-2.783260584,1,2.578813076,1,-8.149705887,1,3.143490553,1,7.364822865,1,-2.928856373,1,-1.316464067,1,-1.206433415,1,1.683093429,1
3.883930683,-3.67541337,1,2.487421036,1,-8.715023041,1,2.976444006,1,7.496759415,1,-3.104080915,1,-1.220043659,1,-1.209093094,1,1.593063474,1
3.887932062,-4.29737711,1,2.543283939,1,-9.198707581,1,2.777063131,1,7.643482208,1,-3.294648647,1,-1.121617198,1,-1.209079623,1,1.500123858,1
3.891929865,-4.450287819,1,2.837542295,1,-9.78544426,1,2.594727755,1,7.772344589,1,-3.486284733,1,-1.022506595,1,-1.206254482,1,1.405589461,1
3.895929575,-4.205603123,1,3.587286234,1,-10.27838707,1,2.457562923,1,7.858538628,1,-3.661624432,1,-0.924315333,1,-1.200474739,1,1.311189532,1
3.899931192,-4.039866924,1,4.651013851,1,-10.51836872,1,2.402047157,1,7.916790962,1,-3.813921213,1,-0.828590393,1,-1.191772938,1,1.218751907,1
3.903928757,-4.131374836,1,5.813874722,1,-10.57364559,1,2.441676617,1,7.980338097,1,-3.921072483,1,-0.736454606,1,-1.180125117,1,1.129777908,1
3.907928467,-4.754861355,1,6.455528259,1,-10.48223591,1,2.583643913,1,8.051893234,1,-4.007365704,1,-0.6486395,1,-1.165565372,1,1.045413852,1
3.911930323,-5.108799458,1,5.993366241,1,-10.35739613,1,2.740290165,1,8.129032135,1,-4.05178833,1,-0.565776348,1,-1.148163438,1,0.966552854,1
3.915928125,-4.954933167,1,5.052053928,1,-10.21674156,1,2.8502388,1,8.178062439,1,-4.061000824,1,-0.488639653,1,-1.128139496,1,0.893931448,1
3.919927835,-4.672014236,1,4.209554195,1,-10.12658024,1,2.906569958,1,8.201101303,1,-4.034892559,1,-0.417811692,1,-1.10576725,1,0.827961206,1
3.923929453,-4.285842419,1,3.672371387,1,-10.16095066,1,2.94279933,1,8.208952904,1,-3.967078686,1,-0.353522837,1,-1.081365943,1,0.768767715,1
3.927927017,-4.308078289,1,3.725973129,1,-10.23873329,1,2.970381975,1,8.206537247,1,-3.871447325,1,-0.295591652,1,-1.055250287,1,0.716163397,1
3.931926727,-4.80045557,1,4.210413933,1,-10.28414917,1,3.03716588,1,8.235778809,1,-3.736385822,1,-0.243402719,1,-1.027596712,1,0.669762969,1
3.935928345,-5.318044186,1,5.159249306,1,-10.27287388,1,3.151463032,1,8.291845322,1,-3.58889699,1,-0.196542725,1,-0.99853313,1,0.629106998,1
3.939925909,-6.384209633,1,5.9954319,1,-9.404186249,1,3.329731703,1,8.400845528,1,-3.406781197,1,-0.154136896,1,-0.968124151,1,0.593720734,1
3.943925619,-7.860409737,1,5.578103065,1,-8.176300049,1,3.57506752,1,8.561532974,1,-3.183719397,1,-0.11554046,1,-0.936302185,1,0.563301325,1
3.947926998,-8.499946594,1,5.171839237,1,-7.827864647,1,3.853705645,1,8.71924305,1,-2.873331547,1,-0.080396898,1,-0.903086901,1,0.537795365,1
3.951924801,-9.14027977,1,5.012662888,1,-7.448981762,1,4.213017941,1,8.804907799,1,-2.512872219,1,-0.048332438,1,-0.868762255,1,0.517216384,1
3.955924273,-10.28167534,1,3.762303591,1,-6.886418819,1,4.568396568,1,8.810052872,1,-2.156682491,1,-0.018739281,1,-0.833866954,1,0.501273274,1
3.959926128,-10.80998898,1,2.205749273,1,-6.561702251,1,4.753499508,1,8.812116623,1,-1.83943522,1,0.008651796,1,-0.798662901,1,0.489343911,1
3.963923693,-10.50392628,1,-0.534274042,1,-6.033459187,1,4.71625948,1,8.808620453,1,-1.551825881,1,0.033616092,1,-0.763286769,1,0.480855554,1
3.967923164,-10.5510273,1,-2.882814646,1,-6.051518917,1,4.544295788,1,8.804204941,1,-1.291375637,1,0.055957519,1,-0.727840424,1,0.47530821,1
3.97192502,-10.40924358,1,-4.269097328,1,-6.280515194,1,4.228773594,1,8.795885086,1,-1.091034174,1,0.075628281,1,-0.692402899,1,0.472108275,1
3.975922585,-10.51847458,1,-4.180594921,1,-6.625507832,1,3.823056459,1,8.787275314,1,-0.977778733,1,0.092659511,1,-0.657014132,1,0.470643818,1
3.979922295,-10.92797947,1,-3.05988431,1,-6.800159454,1,3.444670439,1,8.780827522,1,-0.955589712,1,0.107412301,1,-0.621672928,1,0.470244408,1
3.98392415,-11.34144592,1,-1.006982923,1,-7.123218536,1,3.200047255,1,8.708548546,1,-1.019437671,1,0.12059921,1,-0.586412191,1,0.470351338,1
3.987927914,-11.79437256,1,0.579819977,1,-7.418939114,1,3.105841637,1,8.565788269,1,-1.163508773,1,0.133138448,1,-0.551606178,1,0.470421433,1
3.991927624,-12.44819641,1,0.822157502,1,-7.58976841,1,3.120536566,1,8.453406334,1,-1.368054628,1,0.145734653,1,-0.517205536,1,0.470118046,1
3.995929241,-13.24014473,1,0.020536948,1,-7.917789459,1,3.168902874,1,8.370550156,1,-1.610580444,1,0.158742756,1,-0.483053714,1,0.469234943,1
3.999927044,-14.03276634,1,-0.85904038,1,-8.363903046,1,3.157265186,1,8.284184456,1,-1.918187618,1,0.17215097,1,-0.449035466,1,0.467595309,1
4.003927231,-14.82983685,1,-1.550020576,1,-8.810459137,1,3.07497263,1,8.192564964,1,-2.259186506,1,0.185712039,1,-0.415104061,1,0.465010077,1
4.007928371,-16.11001587,1,-1.217573404,1,-9.333857536,1,3.010764599,1,8.090928078,1,-2.619017601,1,0.199272603,1,-0.381274432,1,0.461383641,1
4.011926174,-17.65072441,1,-0.423279285,1,-9.695333481,1,3.005119562,1,7.997662067,1,-2.993014574,1,0.212962419,1,-0.347480834,1,0.456682026,1
4.015925884,-19.31313705,1,0.314253271,1,-9.963846207,1,3.059463024,1,7.89550066,1,-3.364043474,1,0.226966932,1,-0.313679695,1,0.45089215,1
4.019927502,-21.05492592,1,0.344444305,1,-10.14915371,1,3.129915953,1,7.772811413,1,-3.701737642,1,0.241315618,1,-0.279909253,1,0.44410485,1
4.023925304,-22.95038223,1,-0.163077742,1,-10.51601791,1,3.209859133,1,7.617028713,1,-3.997555733,1,0.255991012,1,-0.246271908,1,0.436487496,1
4.027925014,-25.09651566,1,-1.080080271,1,-10.93327904,1,3.258564234,1,7.419946194,1,-4.235639572,1,0.270817339,1,-0.212934896,1,0.428195953,1
4.031926632,-27.53229332,1,-1.996311307,1,-11.45909977,1,3.252879381,1,7.166704178,1,-4.397007942,1,0.285556078,1,-0.180125892,1,0.419429064,1
4.035924435,-30.58142281,1,-2.460282326,1,-11.66259861,1,3.204770565,1,6.876988888,1,-4.501153946,1,0.299970478,1,-0.148091331,1,0.41036427,1
4.039923668,-34.34447479,1,-2.118574858,1,-11.76812744,1,3.135278463,1,6.580933094,1,-4.563579082,1,0.313870192,1,-0.11694634,1,0.401129007,1
4.043925285,-36.73606873,1,-2.113966942,1,-11.39379978,1,3.076490879,1,6.215447426,1,-4.575908184,1,0.327247798,1,-0.0868783,1,0.391790867,1
4.047923088,-40.59245682,1,-2.361713648,1,-10.45438671,1,2.997139692,1,5.851708889,1,-4.522575855,1,0.340072513,1,-0.058092065,1,0.382465571,1
4.051922798,-42.6783371,1,-1.38987577,1,-8.881011963,1,2.893734694,1,5.370658875,1,-4.44364357,1,0.352287948,1,-0.030893743,1,0.373210311,1
4.055924416,-44.51194763,1,-0.021603035,1,-8.029601097,1,2.759000301,1,4.773666382,1,-4.289452553,1,0.363787889,1,-0.005686451,1,0.363940835,1
4.059922218,-47.93800735,1,4.478897095,1,-5.053843975,1,2.733262777,1,4.157112122,1,-4.128406048,1,0.374649078,1,0.017012799,1,0.354704976,1
4.063921452,-48.99771881,1,3.234097481,1,-4.236925125,1,2.549074411,1,3.406142712,1,-3.894426823,1,0.384926081,1,0.037002739,1,0.345356882,1
4.067923546,-52.2361908,1,6.690173626,1,-1.912675738,1,2.501605749,1,2.663384676,1,-3.60875082,1,0.394650191,1,0.053926978,1,0.336082488,1
4.071921349,-54.40574646,1,4.722899437,1,0.059975781,1,2.341700554,1,1.964497924,1,-3.22576189,1,0.403796166,1,0.067769617,1,0.327027917,1
4.075920582,-54.68431091,1,4.20224905,1,2.491712332,1,2.035240889,1,1.271677256,1,-2.748197556,1,0.411977381,1,0.078456216,1,0.318578243,1
4.079922199,-54.26271057,1,3.354115486,1,5.358150959,1,1.642046332,1,0.67233336,1,-2.189926147,1,0.41870892,1,0.085969366,1,0.311041772,1
4.083920002,-54.46486664,1,4.051326752,1,6.913504124,1,1.144314647,1,0.105862297,1,-1.548600435,1,0.423727036,1,0.090424135,1,0.304849684,1
4.087919712,-53.22872925,1,5.060703278,1,8.951856613,1,0.737457156,1,-0.323501855,1,-0.916138768,1,0.427031606,1,0.092039339,1,0.300132722,1
4.091921806,-51.40514374,1,6.840660572,1,9.96558857,1,0.455894262,1,-0.665697157,1,-0.271139175,1,0.429112911,1,0.09120661,1,0.297140002,1
4.095919609,-50.00518036,1,8.297458649,1,10.52399063,1,0.319876939,1,-0.931554615,1,0.30601564,1,0.430500954,1,0.088237509,1,0.295873076,1
4.099919319,-48.62854385,1,9.74232769,1,10.67210197,1,0.328308493,1,-1.092271328,1,0.823027313,1,0.431805968,1,0.08359462,1,0.296246529,1
4.103920937,-47.09209824,1,10.0352087,1,10.65642643,1,0.361595094,1,-1.236588359,1,1.233252883,1,0.433339059,1,0.077633657,1,0.298049271,1
4.107924461,-44.862957,1,8.017759323,1,10.34751034,1,0.34936288,1,-1.37669754,1,1.595168233,1,0.434986979,1,0.070520058,1,0.301013827,1
4.111924171,-41.65746689,1,5.302648544,1,9.895507813,1,0.188304827,1,-1.617960453,1,1.874686956,1,0.436355233,1,0.062174831,1,0.304822028,1
4.115925789,-38.17408371,1,3.429467678,1,9.534603119,1,-0.072978154,1,-1.917158604,1,2.067429781,1,0.43684727,1,0.052433822,1,0.309011072,1
4.119923592,-34.39957809,1,2.862834454,1,8.30801487,1,-0.356959134,1,-2.279624701,1,2.138880014,1,0.436197907,1,0.041283794,1,0.313134074,1
4.123923302,17.41051292,1,-24.13999557,1,-25.58974648,1,-3.571534634,1,-4.221266747,1,2.124113798,1,0.429853559,1,0.026510185,1,0.315935075,1
4.127924919,-61.20061874,1,-13.16851616,1,22.74937439,1,-6.060173512,1,-6.418183327,1,1.802649617,1,0.408634931,1,0.004032612,1,0.313321561,1
4.131922722,21.05381584,1,9.91570282,1,7.048308849,1,-4.419499397,1,-6.511823654,1,2.449857235,1,0.387651086,1,-0.024021871,1,0.311889827,1
4.135921955,-3.637985945,1,1.008290052,1,-21.02707863,1,-5.708623409,1,-6.826275826,1,1.1739223,1,0.367552757,1,-0.050911259,1,0.308433831,1
4.139923573,-23.6223011,1,-7.123214722,1,-38.75792313,1,-4.88960743,1,-8.065911293,1,1.432772636,1,0.345844537,1,-0.080601126,1,0.302884519,1
4.143921375,-6.455935478,1,-3.711960554,1,-67.07090759,1,-4.059617519,1,-8.774410248,1,1.296424985,1,0.329651713,1,-0.114433795,1,0.297085762,1
4.147921085,-36.28705978,1,-15.04995537,1,-66.3911972,1,-4.38706255,1,-8.817913055,1,1.815514207,1,0.313029826,1,-0.149662822,1,0.291347235,1
4.151922703,-61.34490585,1,-1.8680861,1,-56.86206818,1,-4.366558552,1,-8.822676659,1,2.873064518,1,0.295855165,1,-0.186159596,1,0.289802909,1
4.155920506,-71.65184021,1,19.31954765,1,-37.68457031,1,-3.350269079,1,-8.626573563,1,3.952075481,1,0.279596984,1,-0.223662049,1,0.292997241,1
4.159919739,-52.69626617,1,29.76565552,1,-30.1996727,1,-2.373428106,1,-8.181123734,1,4.48227787,1,0.266350865,1,-0.26053676,1,0.300681472,1
4.163921833,-23.41714096,1,30.01803017,1,-15.12635994,1,-1.195843935,1,-7.713991642,1,4.447426796,1,0.25655359,1,-0.295814693,1,0.310141563,1
4.167919159,-2.516649723,1,22.48581886,1,-7.895856857,1,-0.05924968,1,-7.814468861,1,4.506759644,1,0.25104934,1,-0.330219328,1,0.320183665,1
4.171918869,4.242494583,1,19.01787758,1,3.097726822,1,0.450008094,1,-7.802011013,1,4.521197796,1,0.248418242,1,-0.365134895,1,0.330634773,1
4.175920486,-5.86216116,1,7.83502388,1,9.671998978,1,0.611660719,1,-7.159267902,1,4.344101906,1,0.246730626,1,-0.398682743,1,0.341189146,1
4.179918289,-27.08368492,1,-9.348824501,1,4.822658062,1,0.234368771,1,-6.112393379,1,4.010686874,1,0.244215235,1,-0.428485841,1,0.352454871,1
4.183917999,-56.95638275,1,-23.01071167,1,-9.346078873,1,-0.59749043,1,-4.361554623,1,3.039604425,1,0.23939994,1,-0.452475607,1,0.362145901,1
4.187919617,-70.41444397,1,-15.99157143,1,-10.90675926,1,-0.939942598,1,-2.433374882,1,1.828894019,1,0.232854441,1,-0.467619121,1,0.368940204,1
4.191916943,-27.79694939,1,5.527593136,1,-3.011284113,1,-0.71969372,1,-2.059530497,1,1.773658037,1,0.227076516,1,-0.477743924,1,0.374462396,1
4.195916653,1.64866364,1,8.952125549,1,-11.85208797,1,-0.926553667,1,-1.584596038,1,2.019807816,1,0.221018434,1,-0.486710727,1,0.380881965,1
4.199918747,-14.80836678,1,-2.170080185,1,-15.7993412,1,-1.016426325,1,-0.933842838,1,2.26176548,1,0.21296671,1,-0.493361384,1,0.389316022,1
4.203916073,-8.197581291,1,-15.24451828,1,-7.836932659,1,-1.077984691,1,-1.228722215,1,1.855142236,1,0.204934239,1,-0.499128431,1,0.397597969,1
4.20791626,-9.187450409,1,-10.00458145,1,-9.016801834,1,-1.34011054,1,-1.412187457,1,1.699011922,1,0.196962565,1,-0.505918026,1,0.404089421,1
4.2119174,-7.686452866,1,5.2633214,1,-13.28308487,1,-1.329385877,1,-1.190363288,1,1.889017224,1,0.188165233,1,-0.51232785,1,0.411094606,1
4.215915203,-6.867285728,1,6.765894413,1,-9.77838707,1,-1.159124732,1,-1.105591655,1,1.645085692,1,0.179644674,1,-0.518222809,1,0.418190747,1
4.219914913,-13.18205547,1,3.006494522,1,-9.060126305,1,-0.925485969,1,-0.955920994,1,1.346853971,1,0.172567651,1,-0.523254931,1,0.424128443,1
4.223917007,-10.1154604,1,-1.626570225,1,-9.337688446,1,-0.89774543,1,-0.867525578,1,1.2900213,1,0.166314781,1,-0.527782679,1,0.429348946,1
4.227920532,-6.103630543,1,-1.04056108,1,-8.842496872,1,-0.902402759,1,-0.852856338,1,1.168239713,1,0.160162002,1,-0.53190726,1,0.434418857,1
4.231920242,-10.60034847,1,3.956429482,1,-7.986690521,1,-0.800572813,1,-0.801345587,1,0.988044918,1,0.154566154,1,-0.535871148,1,0.438712507,1
4.23592186,-10.31024361,1,3.814383984,1,-7.103106022,1,-0.681981981,1,-0.728845477,1,0.902307332,1,0.14964132,1,-0.539485335,1,0.442532182,1
4.239919186,-8.973866463,1,-2.397511005,1,-7.997133255,1,-0.622753978,1,-0.699669361,1,0.786825776,1,0.145282254,1,-0.542780936,1,0.445931047,1
4.243918896,-5.798131466,1,-1.141160846,1,-10.08855629,1,-0.581759334,1,-0.715834916,1,0.749039292,1,0.141299441,1,-0.546001077,1,0.448983639,1
4.247921467,-6.200661182,1,-0.450609326,1,-11.13618755,1,-0.544422925,1,-0.800943971,1,0.745311975,1,0.137456924,1,-0.549427152,1,0.451983422,1
4.251919746,-7.808634281,1,-4.406499386,1,-9.953960419,1,-0.47609064,1,-0.888659239,1,0.715460122,1,0.133925572,1,-0.553153813,1,0.454836637,1
4.25591898,-7.90077877,1,-5.990019321,1,-10.08422184,1,-0.486210436,1,-1.026653647,1,0.776998878,1,0.130530998,1,-0.557326436,1,0.457689404,1
4.259921074,-7.216139317,1,-4.302904606,1,-9.613584518,1,-0.603063762,1,-1.130251288,1,0.808330655,1,0.126628414,1,-0.562044024,1,0.460807979,1
4.2639184,-6.544623852,1,-0.79368794,1,-11.01293659,1,-0.419968694,1,-1.18095839,1,0.761180937,1,0.123011537,1,-0.566989958,1,0.463811487,1
4.26791811,-6.449427128,1,-1.065502882,1,-12.53606129,1,-0.515913486,1,-1.322818041,1,0.680250645,1,0.119712137,1,-0.572294652,1,0.466518313,1
4.271919727,-7.137199879,1,0.78730166,1,-13.82161522,1,-0.41907233,1,-1.497369885,1,0.603292048,1,0.116606385,1,-0.578202367,1,0.468744427,1
4.27591753,-6.822786331,1,-0.600380301,1,-14.739748,1,-0.484738797,1,-1.716104984,1,0.542982757,1,0.113728195,1,-0.58482945,1,0.470624387,1
4.27991724,-6.300854683,1,-3.244497538,1,-15.98820782,1,-0.484782398,1,-2.006503105,1,0.478650063,1,0.11109928,1,-0.592449725,1,0.472038865,1
4.283919334,-5.418511391,1,-1.824497819,1,-18.24497604,1,-0.5364182,1,-2.341832399,1,0.417651802,1,0.108429343,1,-0.601283908,1,0.473046035,1
4.28791666,-3.294012785,1,-1.658975005,1,-18.97844505,1,-0.602771401,1,-2.761793613,1,0.356255323,1,0.105867989,1,-0.611578345,1,0.473598868,1
4.29191637,-6.313943386,1,-1.042794347,1,-20.40545464,1,-0.618492484,1,-3.26025629,1,0.296697617,1,0.103371978,1,-0.623665631,1,0.473657161,1
4.295918465,-4.959350109,1,-0.619578838,1,-20.48561096,1,-0.535578191,1,-3.802348375,1,0.269166231,1,0.101364113,1,-0.637819469,1,0.473243445,1
4.299916267,-2.745968342,1,-4.028539658,1,-22.23618889,1,-0.589172363,1,-4.334673882,1,0.251226366,1,0.099533781,1,-0.6541152,1,0.47246635,1
4.303915977,-2.814889193,1,-4.206963062,1,-22.2494278,1,-0.552937329,1,-4.950634956,1,0.350140244,1,0.097787105,1,-0.672695279,1,0.471641541,1
4.307917118,-0.386166632,1,-5.594065189,1,-22.52731705,1,-0.507312119,1,-5.521353245,1,0.417961329,1,0.096026652,1,-0.693720996,1,0.471012473,1
4.311915398,0.233900458,1,-6.367089272,1,-23.67445374,1,-0.425960094,1,-6.099832535,1,0.585671067,1,0.094388418,1,-0.717019022,1,0.470692754,1
4.315914631,2.353857756,1,-7.140051842,1,-23.33615112,1,-0.41342634,1,-6.794151306,1,0.819554687,1,0.0923452,1,-0.742906213,1,0.471238554,1
4.319916248,3.359855175,1,-7.065370083,1,-23.04605675,1,-0.419881582,1,-7.447305679,1,0.995140672,1,0.089701951,1,-0.771651506,1,0.472644955,1
4.323914051,1.528402686,1,-6.907763004,1,-23.70781898,1,-0.322555512,1,-8.03490448,1,1.292085886,1,0.086363278,1,-0.802890897,1,0.475225657,1
4.327913761,4.397223473,1,-6.444871426,1,-22.49129105,1,-0.27063331,1,-8.643271446,1,1.565954685,1,0.082122557,1,-0.836628199,1,0.479462326,1
4.331915379,7.222349644,1,-7.153619766,1,-21.69318962,1,-0.317078918,1,-8.732983589,1,1.776830077,1,0.076467387,1,-0.871888638,1,0.485429138,1
4.335913181,5.682295799,1,-7.991987705,1,-23.55492401,1,-0.522738516,1,-8.739347458,1,2.031357527,1,0.068570524,1,-0.907291532,1,0.493420184,1
4.339912891,1.401908398,1,-5.114838123,1,-22.98020554,1,-0.627662897,1,-8.741439819,1,2.192051411,1,0.057904027,1,-0.942722201,1,0.503858566,1
4.343914509,2.40984726,1,-3.041667938,1,-20.79751396,1,-0.53770721,1,-8.740702629,1,2.390209436,1,0.045022123,1,-0.978112459,1,0.516694486,1
4.34791851,2.977388144,1,-1.432057738,1,-21.51567268,1,-0.470519096,1,-8.739051819,1,2.437605143,1,0.030014304,1,-1.01341629,1,0.532160044,1
4.351917744,-1.842475176,1,-0.015152572,1,-21.92261887,1,-0.191658601,1,-8.733068466,1,2.493149757,1,0.013559427,1,-1.048567414,1,0.54983604,1
4.355919361,-6.75110817,1,2.477405548,1,-20.42951775,1,0.155988008,1,-8.727028847,1,2.380322933,1,-0.003974028,1,-1.083536148,1,0.569738865,1
4.359917164,-12.71327305,1,5.497148514,1,-18.68223,1,0.635495842,1,-8.717260361,1,2.250677347,1,-0.021516025,1,-1.118301749,1,0.591136754,1
4.363916397,-20.1129055,1,3.445519209,1,-16.37099838,1,1.128517985,1,-8.704885483,1,2.1469872,1,-0.03919445,1,-1.152861834,1,0.614553273,1
4.367918015,-27.75328827,1,3.826029301,1,-16.62356186,1,1.617905617,1,-8.693340302,1,1.926490903,1,-0.056896292,1,-1.187225819,1,0.639770567,1
4.371915817,-38.37571716,1,0.5473454,1,-14.84285545,1,2.121051788,1,-8.682099342,1,1.835323572,1,-0.074750818,1,-1.221412897,1,0.666879356,1
4.375915527,-47.7230835,1,-2.626028299,1,-13.01012039,1,2.705061674,1,-8.672133446,1,2.039964437,1,-0.096070558,1,-1.255335808,1,0.699649453,1
4.379917145,-53.17960739,1,-6.295989037,1,-7.562458038,1,2.902458906,1,-8.667985916,1,2.132013321,1,-0.124202102,1,-1.288887143,1,0.740907371,1
4.383914948,-55.93222427,1,-11.64294529,1,-5.391494751,1,2.837309599,1,-7.233465195,1,2.240827322,1,-0.161520034,1,-1.319411993,1,0.791579783,1
4.387914658,-60.6605835,1,-11.83027649,1,-3.420193195,1,2.381361961,1,-5.281731129,1,2.129855394,1,-0.20401071,1,-1.342448711,1,0.846093416,1
4.391916752,-40.79178238,1,-8.793875694,1,1.135723591,1,1.762870193,1,-3.573692322,1,2.254358292,1,-0.25156799,1,-1.35761404,1,0.903350592,1
4.395913601,-16.94462204,1,-13.06812668,1,4.66361475,1,1.120818734,1,-2.187903881,1,2.408991098,1,-0.302750826,1,-1.36615634,1,0.961599112,1
4.399912834,1.941200852,1,-21.64952469,1,1.249702811,1,0.053384267,1,-1.315438509,1,2.902532578,1,-0.359568626,1,-1.369094968,1,1.022208214,1
4.403914928,-3.274293184,1,-12.09437943,1,3.047363758,1,-1.523227572,1,-1.630575299,1,3.262115717,1,-0.427946299,1,-1.369675636,1,1.088948131,1
4.407912731,-50.41341782,1,-6.729390144,1,-10.25660324,1,-2.192117453,1,-1.201563478,1,2.979744673,1,-0.504097402,1,-1.369497657,1,1.158704877,1
4.411911964,-40.43114471,1,-8.478928566,1,-12.69262695,1,-2.438977242,1,-0.22683014,1,3.006259918,1,-0.570128262,1,-1.365610957,1,1.216724396,1
4.415914059,-10.38918686,1,-5.459300995,1,-10.26113987,1,-2.721878767,1,-0.432399392,1,2.890452147,1,-0.629343808,1,-1.359780908,1,1.26667738,1
4.419911861,-2.367116928,1,-1.344851732,1,-5.726635456,1,-2.78359127,1,-1.258085012,1,2.82220149,1,-0.691411674,1,-1.35547173,1,1.318880796,1
4.423911572,-5.584659576,1,-2.968465328,1,-5.107294559,1,-2.566206694,1,-1.788720965,1,2.961100578,1,-0.760032475,1,-1.352395177,1,1.378094554,1
4.427913189,-7.28980732,1,1.064042687,1,-6.035627842,1,-2.30153203,1,-2.123421192,1,2.90391016,1,-0.832056701,1,-1.349529862,1,1.442033052,1
4.431910992,-8.92136097,1,2.420388222,1,-8.671491623,1,-1.861259103,1,-2.494201422,1,2.681295872,1,-0.903187573,1,-1.346905231,1,1.50647068,1
4.435910225,-16.42715836,1,-0.333247066,1,-10.60461235,1,-1.316293001,1,-2.686153173,1,2.496872902,1,-0.972959042,1,-1.344756961,1,1.571525693,1
4.439911842,-20.35002899,1,-3.710231781,1,-12.43079567,1,-0.900381625,1,-2.685728788,1,2.41643858,1,-1.039405346,1,-1.342226028,1,1.635222197,1
4.443909645,-20.16288185,1,-5.534697533,1,-13.93574524,1,-0.632533669,1,-2.627389669,1,2.321659327,1,-1.101618767,1,-1.33899343,1,1.696000099,1
4.447909832,-19.26095009,1,-6.921162128,1,-15.11395073,1,-0.472691327,1,-2.576608181,1,2.207849026,1,-1.159618139,1,-1.335233569,1,1.753370166,1
4.451911449,-18.75849724,1,-7.952393532,1,-16.27223015,1,-0.396354586,1,-2.563651085,1,2.130611658,1,-1.214082122,1,-1.331046224,1,1.807640314,1
4.455909252,-18.46777153,1,-8.660446167,1,-17.38681984,1,-0.389292806,1,-2.572057486,1,2.097833633,1,-1.266091228,1,-1.326384783,1,1.859610081,1
4.459908485,-18.43635941,1,-9.116375923,1,-18.19734764,1,-0.438311338,1,-2.62385869,1,2.070946932,1,-1.31643784,1,-1.321235895,1,1.909834862,1
4.46391058,-18.95586205,1,-10.62075996,1,-19.00936127,1,-0.515516698,1,-2.662266016,1,2.118645668,1,-1.365614891,1,-1.315495014,1,1.958658814,1
4.467913628,-18.54357719,1,-11.53529549,1,-19.84152603,1,-0.66345787,1,-2.735617399,1,2.176876307,1,-1.413896918,1,-1.308984041,1,2.006166935,1
4.471913338,-18.54218102,1,-13.05221081,1,-20.39706802,1,-0.893097281,1,-2.846115828,1,2.298857212,1,-1.462059975,1,-1.301606178,1,2.05286026,1
4.475915432,-16.10301018,1,-13.92326546,1,-20.69439697,1,-1.184560537,1,-3.013578415,1,2.391281605,1,-1.510404348,1,-1.293255091,1,2.098739624,1
4.479912758,-17.91288757,1,-16.69682312,1,-22.458004,1,-1.565244555,1,-3.112555504,1,2.619445324,1,-1.55953908,1,-1.283775568,1,2.144261122,1
4.483912468,-17.29289055,1,-10.43585014,1,-23.14754868,1,-1.80667448,1,-3.260779858,1,2.587102175,1,-1.607951641,1,-1.273069263,1,2.187845707,1
4.487914562,-17.06796455,1,-13.12231827,1,-22.91420555,1,-2.059470415,1,-3.370847225,1,2.646018267,1,-1.656073928,1,-1.261816978,1,2.230022669,1
4.491912842,-17.53717232,1,-11.44777012,1,-23.37542915,1,-2.151441574,1,-3.517786741,1,2.679244995,1,-1.703039646,1,-1.249707699,1,2.270576477,1
4.495913029,-18.19596481,1,-10.64640713,1,-23.49408722,1,-2.251820326,1,-3.493975163,1,2.670933247,1,-1.747848392,1,-1.236980915,1,2.308591604,1
4.499914646,-18.14852715,1,-10.09566593,1,-23.81465721,1,-2.299822569,1,-3.442569017,1,2.653154373,1,-1.789480925,1,-1.223813415,1,2.343083858,1
4.503912449,-17.71206093,1,-9.686224937,1,-24.33965492,1,-2.280084372,1,-3.362709284,1,2.612827539,1,-1.827774644,1,-1.210364819,1,2.37412262,1
4.507912159,-17.21736908,1,-9.323203087,1,-24.90054321,1,-2.204908371,1,-3.278668642,1,2.567697763,1,-1.862725019,1,-1.196790457,1,2.401937246,1
4.511913776,-16.85359955,1,-9.45827198,1,-25.19888115,1,-2.095074892,1,-3.178409338,1,2.542795658,1,-1.894362211,1,-1.183141947,1,2.426743507,1
4.515912056,-15.6590147,1,-9.802286148,1,-25.64377975,1,-1.991542339,1,-3.081843138,1,2.551885605,1,-1.922771096,1,-1.169390678,1,2.448675156,1
4.519911766,-14.82490444,1,-9.726392746,1,-25.57395935,1,-1.888097525,1,-2.991381884,1,2.581467628,1,-1.948308706,1,-1.155465484,1,2.468050003,1
4.52391386,-14.06680679,1,-9.787261963,1,-25.43955994,1,-1.79100287,1,-2.895452499,1,2.642610788,1,-1.971091747,1,-1.141332626,1,2.484963179,1
4.52791214,-12.42855453,1,-10.13326454,1,-25.41353416,1,-1.678316116,1,-2.835546494,1,2.715234995,1,-1.99136138,1,-1.126945138,1,2.499675274,1
4.53191185,-11.73652363,1,-10.40430832,1,-25.39335442,1,-1.565458536,1,-2.792560577,1,2.821335316,1,-2.009454012,1,-1.112186074,1,2.512563944,1
4.535913467,-10.83730984,1,-11.1407795,1,-25.52203751,1,-1.483994365,1,-2.751966476,1,2.915943861,1,-2.025572062,1,-1.097048759,1,2.523803949,1
4.539911747,-9.196276665,1,-12.19045448,1,-26.29644775,1,-1.464670539,1,-2.739600897,1,3.029907227,1,-2.040109873,1,-1.081510901,1,2.533572912,1
4.543911457,-8.559871674,1,-13.21396351,1,-26.92658043,1,-1.500073314,1,-2.707726479,1,3.124027014,1,-2.053505659,1,-1.065563679,1,2.542071819,1
4.547913074,-8.316559792,1,-13.84851265,1,-26.99575615,1,-1.589815736,1,-2.610662222,1,3.166749477,1,-2.065848351,1,-1.049444079,1,2.549186945,1
4.551911354,-8.827121735,1,-14.42023945,1,-26.81833076,1,-1.784144163,1,-2.451761961,1,3.122920275,1,-2.077482224,1,-1.033507466,1,2.554867744,1
4.555911064,-8.250079155,1,-15.1978178,1,-25.91155243,1,-2.078543425,1,-2.189822435,1,3.016934156,1,-2.088601589,1,-1.018247128,1,2.558860302,1
4.559913158,-9.441407204,1,-15.51611233,1,-25.33628845,1,-2.376273632,1,-1.803688645,1,2.845236778,1,-2.099272966,1,-1.004023194,1,2.5609622,1
4.563910484,-9.123645782,1,-14.58306122,1,-24.4697113,1,-2.662582874,1,-1.311585784,1,2.624202013,1,-2.109062672,1,-0.991415203,1,2.560583353,1
4.567910194,-8.426562309,1,-13.05741501,1,-22.97746849,1,-2.843471527,1,-0.749278963,1,2.359525204,1,-2.117699385,1,-0.980738282,1,2.557693958,1
4.571912289,-6.446937084,1,-11.3028717,1,-21.47309303,1,-2.875854492,1,-0.16580978,1,2.069196701,1,-2.124617577,1,-0.972231627,1,2.552198172,1
4.575910568,-3.852796316,1,-9.583733559,1,-20.34703636,1,-2.779345036,1,0.394334227,1,1.797594905,1,-2.129413128,1,-0.965909004,1,2.544278145,1
4.579910278,0.281633526,1,-7.641881943,1,-19.12203407,1,-2.55188036,1,0.853455007,1,1.541008472,1,-2.131947041,1,-0.961607754,1,2.534328222,1
4.583911896,4.17311573,1,-5.388183594,1,-17.62882614,1,-2.176859379,1,1.243539214,1,1.304163337,1,-2.132016897,1,-0.959028602,1,2.522826672,1
4.587909698,7.618145466,1,-3.258592129,1,-16.2390976,1,-1.673048854,1,1.534270048,1,1.085375428,1,-2.12940383,1,-0.957936466,1,2.510193586,1
4.591916084,10.48881626,1,-1.667382002,1,-14.43119717,1,-1.111569762,1,1.784207106,1,0.884172738,1,-2.124010086,1,-0.958099425,1,2.496776581,1
4.595918179,12.03496552,1,-1.105947614,1,-12.48474121,1,-0.520680547,1,2.006694078,1,0.680944979,1,-2.115731716,1,-0.959387779,1,2.482670069,1
4.599916935,12.22514057,1,-1.002218962,1,-10.43723679,1,0.05315046,1,2.273565531,1,0.468800485,1,-2.104513884,1,-0.961794496,1,2.467838526,1
4.603916645,12.32448101,1,-1.531872153,1,-9.109012604,1,0.563759923,1,2.588053226,1,0.250504851,1,-2.09011364,1,-0.965432525,1,2.451838017,1
4.607918739,11.94023609,1,-2.222097397,1,-7.864861488,1,0.976063967,1,2.962912321,1,-0.012551155,1,-2.072620392,1,-0.970435023,1,2.434360266,1
4.611917019,11.34700966,1,-3.113909006,1,-6.786726952,1,1.292325497,1,3.424393415,1,-0.301485091,1,-2.051930666,1,-0.977008641,1,2.414869308,1
4.615916729,10.5991993,1,-3.257412672,1,-5.964212894,1,1.515336752,1,3.914584875,1,-0.631227553,1,-2.027997971,1,-0.985292852,1,2.392852068,1
4.619918346,9.144288063,1,-3.235520601,1,-5.320187569,1,1.671395302,1,4.465579033,1,-1.002375245,1,-2.000671864,1,-0.995423555,1,2.367802143,1
4.623916149,8.221055031,1,-2.46074295,1,-4.974419594,1,1.795782447,1,5.008933544,1,-1.415881276,1,-1.969662189,1,-1.007475257,1,2.339221478,1
4.627915859,7.548326969,1,-1.538271308,1,-5.01105547,1,1.904810309,1,5.527327538,1,-1.834290028,1,-1.934650064,1,-1.021362543,1,2.306713581,1
4.631917477,7.437500954,1,-0.27151528,1,-4.733043194,1,2.041822672,1,6.009897232,1,-2.246967316,1,-1.895229697,1,-1.036839008,1,2.269887924,1
4.635915279,7.752253532,1,1.128596306,1,-4.945858479,1,2.195928335,1,6.428791046,1,-2.664438248,1,-1.850810766,1,-1.053623319,1,2.228320122,1
4.639914989,7.322045326,1,2.532670259,1,-4.788580894,1,2.404299974,1,6.793232918,1,-3.054102898,1,-1.800865173,1,-1.071378946,1,2.181668997,1
4.643916607,6.57913208,1,3.482931614,1,-4.78626442,1,2.626938105,1,7.11435461,1,-3.409603357,1,-1.744604468,1,-1.089649558,1,2.129310131,1
4.647914886,5.677156925,1,3.813224554,1,-4.95730114,1,2.866033077,1,7.394413948,1,-3.748495817,1,-1.681298852,1,-1.107947469,1,2.070571661,1
4.651914597,4.34952879,1,3.574034452,1,-5.019265652,1,3.083002329,1,7.638716698,1,-4.045957565,1,-1.610301614,1,-1.125761867,1,2.004826546,1
4.655916691,2.499536753,1,2.806882143,1,-5.253854752,1,3.225845814,1,7.867323875,1,-4.332541943,1,-1.531177044,1,-1.142528892,1,1.93147409,1
4.65991497,0.96435684,1,1.340965152,1,-5.66578722,1,3.23258853,1,8.064656258,1,-4.581702232,1,-1.443884969,1,-1.157661796,1,1.850038528,1
4.66391468,0.221190631,1,-0.562953293,1,-6.27727747,1,3.089302778,1,8.203630447,1,-4.797626019,1,-1.349161267,1,-1.17051065,1,1.760728478,1
4.667916298,-0.397065699,1,-2.234782934,1,-7.00461483,1,2.807455063,1,8.28677845,1,-4.978560925,1,-1.248564959,1,-1.180495977,1,1.664545298,1
4.671914101,-1.170188665,1,-2.943392277,1,-7.855771542,1,2.431661606,1,8.320144653,1,-5.136521816,1,-1.143957496,1,-1.187195539,1,1.562932849,1
4.675914288,-2.137939453,1,-2.971387386,1,-8.605948448,1,2.053435087,1,8.324601173,1,-5.256504536,1,-1.037543774,1,-1.190266371,1,1.457926393,1
4.679915905,-3.236814499,1,-2.33936882,1,-9.257368088,1,1.721587062,1,8.331586838,1,-5.337225437,1,-0.931296945,1,-1.189277768,1,1.350707293,1
4.683913708,-4.353488445,1,-1.239846706,1,-9.873161316,1,1.496768951,1,8.354740143,1,-5.376948833,1,-0.827384114,1,-1.184500337,1,1.245559931,1
4.687913418,-5.484311104,1,0.06742534,1,-10.36762619,1,1.37617135,1,8.401874542,1,-5.407596588,1,-0.727230787,1,-1.175735116,1,1.143445492,1
4.691915035,-6.371358395,1,1.232365251,1,-10.88433361,1,1.369411707,1,8.470899582,1,-5.407398224,1,-0.632126808,1,-1.163080335,1,1.046082616,1
4.695913315,-7.2281003,1,1.934738755,1,-11.18925953,1,1.476325035,1,8.572522163,1,-5.382172108,1,-0.542977631,1,-1.146661282,1,0.954843521,1
4.699913025,-8.405767441,1,2.003042221,1,-11.35385799,1,1.651483297,1,8.708333015,1,-5.330246449,1,-0.460357189,1,-1.126651764,1,0.870669603,1
4.703915119,-9.269554138,1,1.25589335,1,-11.55795574,1,1.818779469,1,8.771436691,1,-5.252474785,1,-0.384684384,1,-1.103393912,1,0.794158459,1
4.707912922,-9.895698547,1,-0.199183658,1,-11.42210484,1,1.936475873,1,8.773182869,1,-5.136715412,1,-0.316518366,1,-1.077570081,1,0.725794554,1
4.711918354,-10.31028843,1,-1.542119741,1,-10.46616077,1,1.967802763,1,8.772632599,1,-4.968178749,1,-0.255928487,1,-1.049604177,1,0.665455997,1
4.715920448,-10.23942947,1,-3.476263046,1,-9.628802299,1,1.930040479,1,8.770730019,1,-4.735146523,1,-0.202843577,1,-1.019845366,1,0.612798154,1
4.719919205,-9.70366478,1,-3.48005414,1,-9.113558769,1,1.93094039,1,8.768321037,1,-4.394965172,1,-0.156993508,1,-0.988599241,1,0.567590356,1
4.723918915,-9.467405319,1,-0.673537135,1,-8.741353989,1,2.06521678,1,8.768803596,1,-3.996579885,1,-0.117611699,1,-0.956148803,1,0.529555619,1
4.727920532,-8.986664772,1,3.178253412,1,-8.648389816,1,2.374130011,1,8.773787498,1,-3.606582403,1,-0.083265014,1,-0.922765791,1,0.497956008,1
4.731918335,-9.544994354,1,3.616247654,1,-6.908971786,1,2.892520189,1,8.782333374,1,-3.147981167,1,-0.052514583,1,-0.888654232,1,0.472205907,1
4.735918045,-10.48716259,1,1.800784826,1,-5.477314472,1,3.592610836,1,8.791874886,1,-2.57164216,1,-0.024355764,1,-0.853979051,1,0.45231536,1
4.739919662,-12.14152145,1,1.184101582,1,-4.487239361,1,4.364300251,1,8.805199623,1,-1.972752213,1,0.002084018,1,-0.818892241,1,0.438178033,1
4.743917465,-13.76705074,1,-0.402850181,1,-3.564098358,1,4.966042042,1,8.81392765,1,-1.441617966,1,0.027321363,1,-0.783561349,1,0.429119647,1
4.747917175,-15.05377197,1,-4.456979752,1,-2.844991207,1,5.332508564,1,8.819615364,1,-0.944023252,1,0.051230408,1,-0.748137712,1,0.424444169,1
4.751919746,-16.07947731,1,-8.675457954,1,-2.93179822,1,5.394421577,1,8.818208694,1,-0.538373172,1,0.073431596,1,-0.712750852,1,0.423457086,1
4.755918026,-15.79152012,1,-10.91876507,1,-3.23679924,1,5.187052727,1,8.811452866,1,-0.26867348,1,0.093521722,1,-0.677485466,1,0.425240338,1
4.759917736,-16.01705933,1,-10.65919018,1,-3.051924944,1,4.812311172,1,8.802612305,1,-0.157032952,1,0.111363329,1,-0.64235872,1,0.428781033,1
4.763919353,-15.64439297,1,-4.95551157,1,-4.468732357,1,4.431850433,1,8.796151161,1,-0.295420289,1,0.12742047,1,-0.6073125,1,0.432913065,1
4.767917156,-15.16146755,1,-3.569333553,1,-4.720338345,1,4.158575535,1,8.793208122,1,-0.589538455,1,0.142561078,1,-0.572219074,1,0.436523139,1
4.771917343,-14.93080139,1,-1.298480153,1,-5.622014999,1,4.060479164,1,8.792742729,1,-0.929074645,1,0.157554075,1,-0.536995471,1,0.439218998,1
4.775918961,-15.35302544,1,1.42681241,1,-5.862863064,1,4.057849884,1,8.794849396,1,-1.384568572,1,0.173044458,1,-0.501544595,1,0.440653861,1
4.779916763,-15.68447876,1,1.898932815,1,-5.589624882,1,4.130989552,1,8.800697327,1,-1.910055161,1,0.189481542,1,-0.465745836,1,0.440521121,1
4.783916473,-16.30862999,1,1.629190445,1,-5.722855091,1,4.167438984,1,8.511732101,1,-2.479840279,1,0.206942737,1,-0.430015564,1,0.438561618,1
4.787918568,-16.71151352,1,0.644067943,1,-6.21323061,1,4.120834827,1,8.183159828,1,-3.075690985,1,0.225144312,1,-0.395017326,1,0.434535623,1
4.79191637,-17.6278038,1,0.40258199,1,-7.360568047,1,3.968240499,1,7.823273659,1,-3.69477725,1,0.24361448,1,-0.360741198,1,0.428369641,1
4.79591608,-19.00377274,1,0.598063171,1,-8.537218094,1,3.761845589,1,7.458848476,1,-4.327011108,1,0.26190114,1,-0.327132672,1,0.419985682,1
4.799918175,-21.07882309,1,1.492782116,1,-9.812727928,1,3.571027994,1,7.114239216,1,-4.920281887,1,0.279772252,1,-0.294102848,1,0.40944773,1
4.803915977,-23.25044823,1,2.105252028,1,-11.16567516,1,3.46785903,1,6.776630402,1,-5.446591377,1,0.297238767,1,-0.261548132,1,0.396976531,1
4.807915688,-25.70884323,1,2.677022934,1,-12.46010017,1,3.471003771,1,6.412247658,1,-5.870797157,1,0.314518392,1,-0.229573607,1,0.382904351,1
4.811917305,-28.98314285,1,3.170762777,1,-13.11424732,1,3.5520401,1,6.067669868,1,-6.208815098,1,0.331817269,1,-0.198243618,1,0.367561281,1
4.815915585,-33.26839828,1,2.962368965,1,-13.5289669,1,3.651524067,1,5.755652428,1,-6.476058006,1,0.349206358,1,-0.167465463,1,0.351246029,1
4.819915295,-37.76961899,1,1.491320968,1,-13.77832317,1,3.659457207,1,5.469438076,1,-6.655176163,1,0.366424859,1,-0.137231171,1,0.33429122,1
4.823917389,-43.19430923,1,-0.968697727,1,-13.68259811,1,3.515446901,1,5.259343147,1,-6.771796227,1,0.382925749,1,-0.107439145,1,0.316982359,1
4.827915192,-46.94080734,1,-3.931919336,1,-12.67651939,1,3.204952478,1,5.037098885,1,-6.721949577,1,0.398018181,1,-0.078100808,1,0.29976964,1
4.831921101,-50.90460205,1,-5.247240543,1,-10.06705475,1,2.827208757,1,4.824508667,1,-6.512615204,1,0.411119819,1,-0.049620718,1,0.283151925,1
4.835922718,-54.43307495,1,-8.510509491,1,-8.282355309,1,2.140898943,1,4.476554871,1,-6.258748055,1,0.421765596,1,-0.022204341,1,0.267362058,1
4.839920998,-56.74510574,1,-6.371820927,1,-7.666595936,1,1.641462326,1,4.075597286,1,-5.80330658,1,0.429477066,1,0.003370772,1,0.252467573,1
4.843920708,-58.58010101,1,-3.271164179,1,-4.674317837,1,1.188697696,1,3.47897172,1,-5.312950611,1,0.434860289,1,0.02642118,1,0.238602549,1
4.847922802,-60.62904739,1,1.652155638,1,-2.760218143,1,0.979437351,1,2.856451511,1,-4.759214401,1,0.438677251,1,0.04646489,1,0.225707859,1
4.851921082,-62.66798401,1,7.475172997,1,-0.680633605,1,0.984663785,1,2.139240742,1,-4.289237022,1,0.441869169,1,0.063196488,1,0.213590384,1
4.855920792,-65.90167236,1,11.46016407,1,1.405606627,1,1.142574549,1,1.463310838,1,-3.828480244,1,0.445312232,1,0.076642051,1,0.201968968,1
4.859922409,-67.55271149,1,9.779033661,1,3.877537012,1,1.270622373,1,0.947123885,1,-3.294326305,1,0.44929558,1,0.087154828,1,0.191165209,1
4.863920212,-65.86194611,1,7.211844921,1,6.246087551,1,1.136249781,1,0.401687771,1,-2.72132659,1,0.453294784,1,0.094836868,1,0.181453437,1
4.867919922,-62.93168259,1,5.287227154,1,9.085811615,1,0.796331286,1,-0.107017599,1,-2.089473486,1,0.456376374,1,0.099594995,1,0.173015058,1
4.871921539,-58.49671173,1,5.205294132,1,11.09623623,1,0.348991066,1,-0.646164715,1,-1.404227614,1,0.457971692,1,0.101343751,1,0.166034237,1
4.875919819,-54.01937103,1,7.258070469,1,12.54635811,1,-0.034048334,1,-1.185035348,1,-0.694833875,1,0.458025455,1,0.099911727,1,0.160636291,1
4.879919529,-50.44168472,1,10.24271107,1,13.33590031,1,-0.230563596,1,-1.732915401,1,-0.045510426,1,0.457055628,1,0.095315009,1,0.156727418,1
4.883921623,-46.99211502,1,11.69464684,1,13.48914051,1,-0.219172165,1,-2.251255989,1,0.551530778,1,0.455867052,1,0.087684594,1,0.154120639,1
4.887919426,-43.35353088,1,11.35654259,1,12.68798828,1,-0.071298681,1,-2.64520669,1,1.085368991,1,0.455145061,1,0.077418409,1,0.15276812,1
4.891919136,-39.30625916,1,9.782343864,1,11.67729282,1,0.098364756,1,-2.959492922,1,1.500871301,1,0.455189466,1,0.065045744,1,0.152497932,1
4.89592123,-35.94360352,1,8.135800362,1,10.72633457,1,0.203215539,1,-3.218547106,1,1.796460152,1,0.455840051,1,0.051014993,1,0.153010562,1
4.899919033,-31.85904312,1,6.821456909,1,10.33823967,1,0.207051426,1,-3.438615322,1,1.962861776,1,0.456722528,1,0.035730597,1,0.153928742,1
4.903918743,-2.474744797,1,-12.32635689,1,-22.83905792,1,-1.00989759,1,-4.254190445,1,2.221177578,1,0.45616591,1,0.018764716,1,0.1547378,1
4.907920361,-26.22562981,1,-12.51583004,1,11.25832367,1,-4.196096897,1,-6.360211849,1,1.91378212,1,0.444830596,1,-0.004193699,1,0.152790904,1
4.911918163,-12.95730782,1,-6.95146513,1,15.35546494,1,-3.40929842,1,-7.066614628,1,2.930892467,1,0.429559946,1,-0.033161961,1,0.150319666,1
4.915918827,27.79541779,1,-14.96728516,1,-8.71031189,1,-4.911282063,1,-6.59649086,1,2.161740541,1,0.414003104,1,-0.062269807,1,0.148467988,1
4.919920444,-23.30682182,1,-26.99022293,1,-25.64779091,1,-5.842809677,1,-7.909896851,1,2.729426146,1,0.391721845,1,-0.092302002,1,0.146001205,1
4.923918247,-15.30830956,1,-19.94142342,1,-54.35549545,1,-4.869994164,1,-8.836220741,1,3.219809771,1,0.370803297,1,-0.128311515,1,0.144580543,1
4.927917957,-51.13523865,1,-40.77131653,1,-68.42970276,1,-6.008982658,1,-8.859474182,1,3.348095179,1,0.349285781,1,-0.166033804,1,0.144335404,1
4.931920528,-92.04721832,1,-34.37295914,1,-75.03728485,1,-5.975784779,1,-8.866822243,1,4.780552387,1,0.325220287,1,-0.204410315,1,0.147089183,1
4.935918808,-101.9597168,1,13.02048588,1,-51.59655762,1,-5.665946484,1,-8.172745705,1,6.079435349,1,0.29899615,1,-0.24434717,1,0.157875165,1
4.939918518,-52.50933838,1,39.87392044,1,-21.71087265,1,-4.425486565,1,-7.136265755,1,5.352791786,1,0.274274409,1,-0.279710859,1,0.171840236,1
4.943920135,4.220135212,1,52.61435699,1,-20.44715118,1,-1.945793867,1,-7.822239876,1,5.038027763,1,0.258538723,1,-0.313489318,1,0.184626445,1
4.947917938,23.54628181,1,31.2398262,1,3.314071417,1,-1.002232909,1,-8.336781502,1,5.287899971,1,0.248709679,1,-0.350455523,1,0.197011381,1
4.951923847,13.45819187,1,8.067650795,1,9.921156883,1,-0.59632504,1,-7.706892014,1,5.015960217,1,0.24105522,1,-0.386711538,1,0.210321069,1
4.955925941,-27.64013672,1,-10.20501423,1,5.001805305,1,-1.154569507,1,-6.581149578,1,4.0613904,1,0.232961282,1,-0.419026107,1,0.222350001,1
4.959924221,-82.74407196,1,-33.929039,1,-10.61197853,1,-1.815367341,1,-4.01128149,1,2.25015521,1,0.223419681,1,-0.442816854,1,0.230788201,1
4.963923931,-77.30523682,1,-5.812493324,1,-5.42993927,1,-1.799249291,1,-2.870699406,1,1.304715633,1,0.214445099,1,-0.456934988,1,0.23475036,1
4.967925549,-1.243809819,1,30.79029465,1,-2.701732159,1,-1.390004635,1,-2.732178688,1,1.282837391,1,0.206790209,1,-0.469223648,1,0.237731248,1
4.971923351,-11.47607803,1,32.63990402,1,-17.35308647,1,-0.874204278,1,-1.528914928,1,1.623490095,1,0.200159281,1,-0.478912294,1,0.242079601,1
4.975923538,-17.22069931,1,4.465114594,1,-8.125303268,1,-0.466141701,1,-1.091357827,1,1.722147703,1,0.194482863,1,-0.48498714,1,0.248667359,1
4.979925632,-7.416446686,1,-19.79253578,1,-7.2035079,1,-0.575112045,1,-1.433054566,1,0.998899221,1,0.190242633,1,-0.491057187,1,0.253646076,1
4.983923912,-10.49811745,1,-13.06718254,1,-16.26009178,1,-0.817026854,1,-1.277542114,1,1.058695078,1,0.186032191,1,-0.497087002,1,0.256750137,1
4.987923622,-0.720170021,1,1.775139451,1,-11.31046677,1,-0.988740265,1,-1.338140249,1,1.411821604,1,0.180080295,1,-0.50318706,1,0.261346817,1
4.991924763,-10.93219852,1,3.347703695,1,-12.37547874,1,-0.769809663,1,-1.170612454,1,1.248168707,1,0.174096748,1,-0.509026408,1,0.26641643,1
4.995923042,-9.533276558,1,-1.453588009,1,-9.732604027,1,-0.651424706,1,-1.17207849,1,1.098117828,1,0.169170663,1,-0.514511645,1,0.270706356,1
4.999922752,-7.251844883,1,-3.094057322,1,-9.828091621,1,-0.569212377,1,-1.11946404,1,1.164234161,1,0.164583817,1,-0.519690692,1,0.274991155,1
5.00392437,-10.2258625,1,-1.206190109,1,-9.04442215,1,-0.390932083,1,-1.112705588,1,1.033538342,1,0.160575703,1,-0.524846792,1,0.279187202,1
5.007922173,-10.25027943,1,4.016904831,1,-7.667341232,1,-0.17129761,1,-1.118552446,1,0.972587526,1,0.157605231,1,-0.529873431,1,0.282915175,1
5.011921883,-8.513871193,1,0.926209629,1,-8.725618362,1,0.030049579,1,-1.097296834,1,0.882824898,1,0.155505136,1,-0.534850001,1,0.286428332,1
5.015924454,-6.844505787,1,-0.973481953,1,-9.835567474,1,0.234589368,1,-1.128097057,1,0.813030958,1,0.154441729,1,-0.539738119,1,0.289505064,1
5.019922256,-7.953444004,1,-1.469352126,1,-10.84028816,1,0.392088205,1,-1.218452811,1,0.820408583,1,0.154248193,1,-0.544843733,1,0.292410493,1
5.023921967,-8.77828598,1,-7.509649754,1,-11.14415073,1,0.397073627,1,-1.45651567,1,0.880237818,1,0.154394478,1,-0.55063343,1,0.295395851,1
5.027924061,-9.043224335,1,-7.748282433,1,-10.06766129,1,0.219099939,1,-1.599831343,1,0.906447828,1,0.153950706,1,-0.557283998,1,0.298465133,1
5.031921864,-7.029282093,1,-2.439757109,1,-13.50667381,1,0.221747428,1,-1.771486878,1,0.904465795,1,0.153223723,1,-0.564463258,1,0.301474631,1
5.035921574,-5.006711483,1,-0.092067182,1,-15.34878922,1,0.167601913,1,-2.046024561,1,0.857495725,1,0.152440757,1,-0.572558701,1,0.304264009,1
5.039923191,-8.086637497,1,0.767830431,1,-16.82547569,1,0.235543102,1,-2.34197402,1,0.812292635,1,0.15201664,1,-0.581708729,1,0.306587577,1
5.043921471,-9.13863945,1,1.566286445,1,-17.94536209,1,0.316851526,1,-2.66920042,1,0.750748575,1,0.152007654,1,-0.592070818,1,0.308490992,1
5.047921658,-6.642794609,1,0.21767889,1,-17.63778305,1,0.332467765,1,-3.087590933,1,0.68125242,1,0.15255551,1,-0.603889763,1,0.309830457,1
5.051923275,-6.170555115,1,-1.441970468,1,-20.02750969,1,0.372586399,1,-3.524248838,1,0.574500799,1,0.153672233,1,-0.617327452,1,0.310364038,1
5.055921078,-5.519517899,1,-1.121827245,1,-23.06879997,1,0.473755866,1,-4.059608936,1,0.529487729,1,0.155424684,1,-0.632635117,1,0.310181916,1
5.059920788,-3.652210712,1,-3.015222073,1,-24.56001472,1,0.510196626,1,-4.735394955,1,0.580815852,1,0.157857031,1,-0.650300503,1,0.309492648,1
5.063922882,-0.83335793,1,-5.749986172,1,-26.55716324,1,0.427906752,1,-5.404853821,1,0.529151678,1,0.160543233,1,-0.670690596,1,0.308198899,1
5.067920208,-2.359438419,1,-5.37330389,1,-27.32212639,1,0.374033481,1,-6.130469322,1,0.705725014,1,0.163195997,1,-0.693845212,1,0.306511641,1
5.071926117,1.30720222,1,-7.384721279,1,-27.22258568,1,0.35048151,1,-6.87954855,1,0.761829197,1,0.165743589,1,-0.7199682,1,0.30475089,1
5.075928688,4.876852989,1,-8.076574326,1,-27.36253357,1,0.405459821,1,-7.645241737,1,0.984952748,1,0.168615893,1,-0.749247074,1,0.302801043,1
5.079926968,6.834006786,1,-8.880583763,1,-28.32343674,1,0.379537225,1,-8.440857887,1,1.245506167,1,0.171131849,1,-0.78162688,1,0.301380515,1
5.083926678,6.735273361,1,-8.354549408,1,-27.92181206,1,0.36210373,1,-8.717130661,1,1.499455094,1,0.173135906,1,-0.816644251,1,0.300626338,1
5.087928295,6.590395927,1,-7.202096462,1,-25.90301895,1,0.368012428,1,-8.718715668,1,1.745874047,1,0.174152508,1,-0.852113724,1,0.301172078,1
5.091927052,7.358780384,1,-4.302805901,1,-23.92968369,1,0.40024972,1,-8.719901085,1,1.997374892,1,0.174089924,1,-0.887767315,1,0.303299725,1
5.095926762,3.336070061,1,-4.326693535,1,-21.8632431,1,0.382286668,1,-8.720265388,1,2.13266921,1,0.172995627,1,-0.923544347,1,0.306675494,1
5.099927902,0.792355716,1,-3.007017374,1,-17.81951141,1,0.470812112,1,-8.719481468,1,2.283055782,1,0.170878366,1,-0.959429502,1,0.311410934,1
5.103926182,2.282822371,1,2.92700243,1,-13.92715263,1,0.712078214,1,-8.714754105,1,2.398032904,1,0.168251485,1,-0.995374441,1,0.317353487,1
5.107925892,-2.075452328,1,7.444541931,1,-14.28217316,1,1.237016439,1,-8.703674316,1,2.401681662,1,0.166075081,1,-1.031330824,1,0.324384987,1
5.111927986,-17.7926693,1,11.65917873,1,-16.84533501,1,2.207470179,1,-8.682017326,1,2.17222333,1,0.16704762,1,-1.067155004,1,0.331154227,1
5.115925312,-39.23351288,1,17.07083702,1,-16.43778801,1,3.540692568,1,-8.650687218,1,1.550173163,1,0.175698683,1,-1.102582216,1,0.334225416,1
5.119925022,-53.6143837,1,6.862666607,1,-13.7636795,1,4.929028988,1,-8.621167183,1,1.382505655,1,0.194393411,1,-1.137577295,1,0.332496762,1
5.123927116,-59.14769745,1,-2.750700712,1,-10.80047989,1,5.473348141,1,-8.61140728,1,1.619009495,1,0.217910275,1,-1.172544122,1,0.329648376,1
5.127925396,-67.89332581,1,-10.56158066,1,-12.08618259,1,5.685184956,1,-8.607160568,1,1.557924151,1,0.244620174,1,-1.207520723,1,0.325097203,1
5.131925106,-74.94364929,1,-13.70671368,1,-14.22191525,1,5.463162422,1,-8.600728035,1,1.801523209,1,0.273352742,1,-1.242519855,1,0.318229854,1
5.135926723,-66.33804321,1,-8.10756588,1,-8.207190514,1,4.982330322,1,-6.92716074,1,1.772379637,1,0.300274789,1,-1.274553418,1,0.311870635,1
5.139925003,-51.42196274,1,-5.808674335,1,-4.686593056,1,4.526937962,1,-5.108050346,1,1.66420567,1,0.322250605,1,-1.299521685,1,0.308855355,1
5.143924713,-23.31384087,1,-15.70807552,1,4.086682796,1,3.870027781,1,-3.385761499,1,1.716623902,1,0.33583039,1,-1.317553759,1,0.312122077,1
5.147926331,7.882344246,1,-21.62816048,1,1.745173573,1,2.101730108,1,-2.683782339,1,2.274603844,1,0.333179981,1,-1.33136344,1,0.32754612,1
5.151924133,-7.74298954,1,-14.8433857,1,3.862273693,1,0.226333931,1,-3.452593327,1,2.9009552,1,0.313449562,1,-1.34597671,1,0.352366626,1
5.155923843,-63.19197845,1,-13.72719193,1,-13.06564903,1,-0.901442647,1,-2.702698946,1,3.046079636,1,0.276977897,1,-1.361825705,1,0.3881194,1
5.159925938,-42.71508026,1,-15.10410118,1,-13.67707253,1,-1.627856374,1,-1.559692144,1,3.377430201,1,0.221672699,1,-1.372907877,1,0.439442635,1
5.16392374,-12.48867321,1,-2.905472755,1,-13.51466465,1,-2.1844666,1,-2.124161005,1,3.42986536,1,0.151402026,1,-1.382412672,1,0.503159881,1
5.167923927,-6.274168491,1,5.195655346,1,-10.93502235,1,-2.101477861,1,-3.165786266,1,3.504970074,1,0.075235046,1,-1.39444387,1,0.571762204,1
5.171925545,-6.588018894,1,4.549901009,1,-8.607506752,1,-1.5845263,1,-4.229610443,1,3.819048166,1,-0.015963046,1,-1.409711957,1,0.656627178,1
5.175923824,-20.61136436,1,5.474646091,1,-10.2950716,1,-0.899312019,1,-4.46455574,1,3.886989355,1,-0.129497662,1,-1.426130772,1,0.766396403,1
5.179923534,-24.61222458,1,8.909677505,1,-10.43547916,1,-0.088462949,1,-4.434311867,1,3.693343163,1,-0.263337642,1,-1.440547824,1,0.899583697,1
5.183925152,-28.59852409,1,4.261508465,1,-12.34844398,1,0.72461915,1,-4.293971062,1,3.525360346,1,-0.417482376,1,-1.452269197,1,1.056212425,1
5.187922955,-32.62569809,1,-1.549798012,1,-14.02240944,1,1.33315599,1,-3.988873243,1,3.479878426,1,-0.589564085,1,-1.460087299,1,1.233663321,1
5.191928864,-32.05734634,1,-7.239051819,1,-15.99763489,1,1.568669796,1,-3.6235466,1,3.441819906,1,-0.769504011,1,-1.463233948,1,1.420594931,1
5.195930958,-28.14886475,1,-11.21345234,1,-17.32786751,1,1.52170682,1,-3.346840382,1,3.429601669,1,-0.943037987,1,-1.461972117,1,1.601408005,1
5.199929237,-25.39771652,1,-14.44760513,1,-18.52060699,1,1.311726809,1,-3.242297411,1,3.458851814,1,-1.102101564,1,-1.457075596,1,1.767184258,1
5.203928947,-24.42927742,1,-15.52581978,1,-19.41950798,1,1.011357665,1,-3.231739283,1,3.548347473,1,-1.244300485,1,-1.449145198,1,1.915062189,1
5.207931042,-24.02696228,1,-16.0262928,1,-20.16770554,1,0.68292588,1,-3.27128315,1,3.636339664,1,-1.368829131,1,-1.438642979,1,2.044008493,1
5.211929321,-24.15507126,1,-16.7386837,1,-20.65721893,1,0.366579771,1,-3.335186958,1,3.711068153,1,-1.476133347,1,-1.426043987,1,2.154444456,1
5.215928555,-24.83768845,1,-17.38254356,1,-21.13151741,1,0.044933632,1,-3.3952775,1,3.741663456,1,-1.567934632,1,-1.411794901,1,2.248140097,1
5.219930172,-24.64589882,1,-18.53403473,1,-21.60277748,1,-0.314706445,1,-3.466787815,1,3.760482788,1,-1.646642208,1,-1.396274924,1,2.327412128,1
5.223928452,-23.01368523,1,-19.47157288,1,-22.033638,1,-0.684110582,1,-3.58403039,1,3.748924732,1,-1.715351701,1,-1.37978363,1,2.395241737,1
5.227927685,-23.69916153,1,-19.52831459,1,-22.8745842,1,-1.131086111,1,-3.706451178,1,3.714303732,1,-1.777099609,1,-1.362523556,1,2.45454216,1
5.231929302,-21.56383514,1,-21.81457901,1,-23.04796219,1,-1.577054381,1,-3.890501738,1,3.695390463,1,-1.833873034,1,-1.344590545,1,2.507142544,1
5.235927582,-21.00912094,1,-21.27009201,1,-23.20161438,1,-2.012369633,1,-4.063260555,1,3.69301486,1,-1.887072325,1,-1.325878382,1,2.554456949,1
5.239927292,-19.67185402,1,-20.67941284,1,-25.33674431,1,-2.371850967,1,-4.28924799,1,3.638910532,1,-1.937217712,1,-1.306464911,1,2.597234249,1
5.243928909,-19.56334496,1,-20.17939568,1,-24.9079361,1,-2.624924421,1,-4.473744869,1,3.641708374,1,-1.985174537,1,-1.286304116,1,2.636618614,1
5.247926712,-20.65082359,1,-17.7324276,1,-25.31732559,1,-2.794697046,1,-4.584702015,1,3.564869642,1,-2.030117035,1,-1.265546679,1,2.672211647,1
5.251926422,-20.95764542,1,-15.56587696,1,-25.80106544,1,-2.803699493,1,-4.645708084,1,3.449465752,1,-2.071633816,1,-1.244566441,1,2.704074144,1
5.255928516,-20.98048401,1,-13.37784004,1,-25.90103149,1,-2.700159073,1,-4.617720604,1,3.319613218,1,-2.109431505,1,-1.223604918,1,2.732429028,1
5.259926319,-20.46003532,1,-11.70609665,1,-26.53056526,1,-2.474446535,1,-4.60377264,1,3.190684557,1,-2.143372297,1,-1.202822685,1,2.75758028,1
5.263926506,-19.73723984,1,-10.52012634,1,-27.18870354,1,-2.167121649,1,-4.566744328,1,3.067028284,1,-2.173601627,1,-1.182238817,1,2.780090332,1
5.267928123,-19.3307209,1,-10.03777313,1,-27.58571815,1,-1.823207855,1,-4.545133114,1,2.974681377,1,-2.20034647,1,-1.161844492,1,2.800450563,1
5.271925926,-18.95487785,1,-10.20803452,1,-28.09714127,1,-1.462703824,1,-4.545488834,1,2.919803619,1,-2.22381258,1,-1.141529322,1,2.818948507,1
5.275925636,-18.62381172,1,-11.05905533,1,-28.56886482,1,-1.157411575,1,-4.532967567,1,2.904137135,1,-2.244212627,1,-1.121174812,1,2.835720062,1
5.279927254,-18.12420654,1,-12.8275032,1,-29.07027054,1,-0.968826711,1,-4.515389442,1,2.921618462,1,-2.261968136,1,-1.100741863,1,2.850810051,1
5.283925533,-17.12125778,1,-14.64111614,1,-29.24662018,1,-0.886307955,1,-4.485106945,1,2.983566284,1,-2.277477026,1,-1.080132365,1,2.864150286,1
5.287925243,-15.4529438,1,-16.19192886,1,-29.938694,1,-0.916815877,1,-4.506021976,1,3.080350399,1,-2.291380405,1,-1.059209466,1,2.87592268,1
5.291926861,-14.62842941,1,-16.82918167,1,-31.00777054,1,-1.000882983,1,-4.51743412,1,3.165994883,1,-2.304210186,1,-1.037880778,1,2.886308193,1
5.29592514,-13.23695374,1,-16.71125984,1,-31.79272842,1,-1.15816164,1,-4.507125378,1,3.2206738,1,-2.316318035,1,-1.016260266,1,2.895441055,1
5.29992485,-12.94666862,1,-15.70641899,1,-32.80810928,1,-1.331660509,1,-4.410867214,1,3.196174622,1,-2.32803297,1,-0.994683146,1,2.903420925,1
5.303926945,-12.61202908,1,-14.51002312,1,-33.54447556,1,-1.47689116,1,-4.201869011,1,3.096197605,1,-2.339359999,1,-0.973565221,1,2.91026473,1
5.307924271,-11.61438847,1,-12.16932297,1,-33.53056335,1,-1.565232754,1,-3.815822363,1,2.915847778,1,-2.349854469,1,-0.953735352,1,2.915609598,1
5.31193018,-10.58977032,1,-11.46896839,1,-33.39289474,1,-1.628063321,1,-3.335513353,1,2.652170658,1,-2.35944128,1,-0.935728073,1,2.919546604,1
5.315932751,-9.982802391,1,-11.33566475,1,-32.55209732,1,-1.674012065,1,-2.724751949,1,2.346882582,1,-2.367910385,1,-0.920053244,1,2.921885014,1
5.31993103,-9.053179741,1,-11.14656353,1,-31.17377663,1,-1.741581559,1,-2.045656919,1,2.044858694,1,-2.375201225,1,-0.907071531,1,2.92245841,1
5.32393074,-7.7860322,1,-11.11713409,1,-29.67448616,1,-1.801765919,1,-1.316040277,1,1.772334218,1,-2.381217003,1,-0.896944821,1,2.921100855,1
5.327932358,-4.899178028,1,-11.46395874,1,-27.99744987,1,-1.862303615,1,-0.556990743,1,1.52049613,1,-2.385827541,1,-0.889708281,1,2.917614222,1
5.331930161,-0.921375632,1,-11.6009264,1,-25.86077309,1,-1.9312464,1,0.179901376,1,1.326578498,1,-2.388954639,1,-0.885265887,1,2.911857843,1
5.335929871,3.769500732,1,-11.01862144,1,-23.66941452,1,-1.989851713,1,0.872902036,1,1.177954078,1,-2.390601158,1,-0.883402169,1,2.90382266,1
5.339931488,8.644810677,1,-9.515266418,1,-21.09490967,1,-2.002035379,1,1.507860184,1,1.050695181,1,-2.390673876,1,-0.883845925,1,2.89356637,1
5.343929768,13.07754326,1,-7.54518652,1,-18.75847435,1,-1.876738191,1,2.073465586,1,0.939614475,1,-2.388912678,1,-0.886378884,1,2.881218672,1
5.347929478,16.14408493,1,-5.252243519,1,-17.52561188,1,-1.575315237,1,2.582282782,1,0.852947354,1,-2.384785414,1,-0.890713751,1,2.86696291,1
5.351931572,16.84769821,1,-2.756528378,1,-15.91898823,1,-1.152616501,1,3.143975735,1,0.76624012,1,-2.377552509,1,-0.896764755,1,2.850647688,1
5.355928898,18.13610458,1,-1.337034464,1,-13.88279629,1,-0.647713065,1,3.796476603,1,0.650359869,1,-2.366395473,1,-0.904752314,1,2.831803799,1
5.359928608,19.62438393,1,-0.588876188,1,-11.25372601,1,-0.135665581,1,4.489106178,1,0.456803054,1,-2.350884914,1,-0.914901614,1,2.810196161,1
5.363930702,19.12683296,1,-0.413250685,1,-8.852042198,1,0.357969552,1,5.317296505,1,0.185766608,1,-2.330740213,1,-0.927598834,1,2.785449266,1
5.367928982,17.32166481,1,-0.368232936,1,-6.993126869,1,0.838173032,1,6.25717926,1,-0.171521038,1,-2.305286407,1,-0.943281412,1,2.756803989,1
5.371928692,15.85291481,1,0.029703159,1,-6.190161228,1,1.239167452,1,7.25121212,1,-0.57904917,1,-2.273857117,1,-0.962217987,1,2.723327875,1
5.375930309,15.2227993,1,0.185893476,1,-5.888037205,1,1.562110543,1,8.132152557,1,-1.035148859,1,-2.236161709,1,-0.984194458,1,2.684532166,1
5.379928589,15.54204559,1,0.089614302,1,-5.552929878,1,1.798774362,1,8.749045372,1,-1.502211571,1,-2.192185163,1,-1.008615971,1,2.64018631,1
5.383928299,15.75221825,1,0.833570182,1,-5.537118912,1,1.969374061,1,8.755691528,1,-1.974519849,1,-2.143728018,1,-1.034060359,1,2.592233419,1
5.387929916,14.85496235,1,1.314596176,1,-5.372242451,1,2.054471731,1,8.76085186,1,-2.45450902,1,-2.091855288,1,-1.059858203,1,2.541630983,1
5.391928196,13.01208687,1,1.467784762,1,-5.436843395,1,2.10523057,1,8.763490677,1,-2.892722607,1,-2.036064625,1,-1.085888267,1,2.48760128,1
5.395927906,10.51654911,1,1.856185198,1,-6.2549963,1,2.177417994,1,8.767119408,1,-3.279828072,1,-1.975401878,1,-1.111887574,1,2.429111242,1
5.39993,7.181827068,1,1.832207799,1,-7.392745972,1,2.23704958,1,8.770608902,1,-3.600192785,1,-1.908663273,1,-1.137458801,1,2.364927292,1
5.403927326,3.323954105,1,2.0729146,1,-8.549996376,1,2.309550047,1,8.771408081,1,-3.841105461,1,-1.834580779,1,-1.162095904,1,2.293726921,1
5.407927513,-0.860204279,1,1.927912354,1,-9.757989883,1,2.417096138,1,8.776497841,1,-4.000160217,1,-1.751775026,1,-1.18518126,1,2.214170933,1
5.411929607,-4.802138805,1,1.690911174,1,-10.85826302,1,2.578606129,1,8.779705048,1,-4.090275764,1,-1.658943176,1,-1.205960512,1,2.12513423,1
5.415927887,-7.746963978,1,1.288228869,1,-11.66455936,1,2.766314507,1,8.784648895,1,-4.128682613,1,-1.555404425,1,-1.223705173,1,2.026086807,1
5.419927597,-10.48136234,1,0.176533654,1,-12.50347805,1,2.880994558,1,8.786549568,1,-4.151638508,1,-1.441606998,1,-1.237701654,1,1.917387128,1
5.423929214,-12.00446224,1,-1.782437801,1,-13.16977978,1,2.915140152,1,8.787251472,1,-4.130440712,1,-1.31935823,1,-1.247349858,1,1.800550342,1
5.427927017,-13.06776237,1,-4.0930686,1,-13.63450336,1,2.82353735,1,8.785768509,1,-4.049143791,1,-1.192062974,1,-1.252025843,1,1.678540468,1
5.431932926,-14.05810833,1,-5.895166874,1,-14.13934517,1,2.627597332,1,8.781177521,1,-3.913173914,1,-1.064186692,1,-1.250879407,1,1.553676605,1
5.43593502,-14.74776649,1,-7.113756657,1,-14.23528481,1,2.343714952,1,8.772960663,1,-3.725414991,1,-0.941147923,1,-1.244863033,1,1.434448838,1
5.4399333,-15.01624775,1,-7.564921379,1,-13.98751259,1,2.07145977,1,8.766423225,1,-3.495877743,1,-0.82681936,1,-1.233781576,1,1.322884917,1
5.44393301,-14.74587727,1,-7.215319157,1,-13.62000275,1,1.859974265,1,8.759782791,1,-3.204359055,1,-0.723971605,1,-1.218114376,1,1.221946955,1
5.447935104,-14.38832569,1,-6.36702013,1,-12.80837536,1,1.745493531,1,8.757110596,1,-2.885648727,1,-0.633746386,1,-1.198484063,1,1.133141875,1
5.451932907,-14.28847313,1,-5.062300205,1,-11.69414806,1,1.76120913,1,8.754142761,1,-2.545158148,1,-0.555860519,1,-1.175549984,1,1.056683421,1
5.455932617,-13.98518085,1,-4.129038334,1,-10.4223547,1,1.886137247,1,8.754824638,1,-2.189023972,1,-0.489182353,1,-1.149919629,1,0.991963506,1
5.459934235,-13.94090748,1,-4.00164938,1,-8.871294975,1,2.069979429,1,8.755843163,1,-1.840447783,1,-0.432188749,1,-1.122127295,1,0.937847733,1
5.463932514,-13.40599632,1,-4.334132671,1,-7.185862064,1,2.294550419,1,8.759699821,1,-1.479042292,1,-0.383485556,1,-1.092597485,1,0.893147528,1
5.467932224,-13.40453529,1,-3.86238265,1,-5.415875912,1,2.624100924,1,8.76401329,1,-1.104798079,1,-0.341581881,1,-1.061659098,1,0.856723964,1
5.471933842,-13.19316101,1,-3.01487112,1,-4.001365185,1,3.021719933,1,8.770263672,1,-0.777014792,1,-0.304928958,1,-1.029599428,1,0.827406526,1
5.475932121,-12.6876812,1,-2.537417889,1,-3.031792402,1,3.47391367,1,8.778341293,1,-0.510322094,1,-0.271989971,1,-0.996681154,1,0.803903162,1
5.479931831,-12.04160404,1,-2.465222597,1,-2.31563282,1,3.908308983,1,8.785876274,1,-0.338985384,1,-0.241485298,1,-0.963131905,1,0.784975529,1
5.483933926,-11.72104168,1,-2.809466124,1,-1.576078773,1,4.25265789,1,8.792666435,1,-0.279493719,1,-0.212522045,1,-0.92915082,1,0.769430935,1
5.487931252,-11.59349442,1,-3.333737612,1,-1.04690969,1,4.478259563,1,8.797266006,1,-0.327549636,1,-0.18456912,1,-0.894895136,1,0.756201744,1
5.491930962,-12.23901653,1,-3.563840866,1,-0.737622797,1,4.594126701,1,8.801208496,1,-0.4853113,1,-0.1573039,1,-0.860480607,1,0.744377196,1
5.495933056,-13.5184412,1,-3.7516644,1,-0.519765556,1,4.636505604,1,8.803500175,1,-0.740238428,1,-0.130438343,1,-0.825984478,1,0.73315388,1
5.499931335,-14.41711044,1,-4.046318531,1,0.068920724,1,4.629223347,1,8.805293083,1,-1.070611238,1,-0.103844255,1,-0.791428447,1,0.722018123,1
5.503931046,-13.93284035,1,-1.336926103,1,-0.245868251,1,4.624866962,1,8.807904243,1,-1.521544695,1,-0.077229366,1,-0.756810546,1,0.710409164,1
5.50793314,-13.49862862,1,0.329083472,1,-0.505762041,1,4.591195107,1,8.810720444,1,-2.11600852,1,-0.050146241,1,-0.722103,1,0.697578669,1
5.511930943,-12.82707214,1,0.7098279,1,-1.036306381,1,4.557425499,1,8.812161446,1,-2.713973045,1,-0.022553507,1,-0.687228441,1,0.683215976,1
5.515930653,-12.22630119,1,2.744592905,1,-1.827328444,1,4.519936085,1,8.746981621,1,-3.324218988,1,0.005381638,1,-0.652142525,1,0.667434871,1
5.51993227,-12.16061497,1,4.192875385,1,-2.300406933,1,4.573040009,1,8.435317993,1,-3.915856123,1,0.033714652,1,-0.617492437,1,0.650274634,1
5.523931026,-12.80904102,1,5.297790051,1,-3.379313469,1,4.704728603,1,8.138307571,1,-4.459170818,1,0.062633917,1,-0.583583117,1,0.63191247,1
5.527930737,-14.33174419,1,5.774860382,1,-4.606061459,1,4.858489037,1,7.876374722,1,-4.987568378,1,0.092170045,1,-0.550204992,1,0.61251241,1
5.531932831,-15.79211044,1,5.406619549,1,-5.740093708,1,4.964873314,1,7.635967731,1,-5.469079018,1,0.12217167,1,-0.517124712,1,0.592192292,1
5.535930157,-17.00427246,1,4.591625214,1,-7.451457977,1,4.995129108,1,7.413445473,1,-5.893839836,1,0.152190849,1,-0.484200627,1,0.571205556,1
5.539930344,-18.33377647,1,3.250944376,1,-9.532907486,1,4.919239998,1,7.201851845,1,-6.247908592,1,0.181692854,1,-0.451344132,1,0.549799979,1
5.543931961,-20.11734772,1,2.234541655,1,-12.26566696,1,4.757548332,1,7.017787457,1,-6.540030479,1,0.210166395,1,-0.418461323,1,0.528223038,1
5.547930241,-22.96277237,1,1.560506582,1,-14.85651016,1,4.526226521,1,6.884575367,1,-6.750546455,1,0.23714596,1,-0.385464132,1,0.506737351,1
5.551930428,-26.66867638,1,1.267604947,1,-16.97516632,1,4.248934269,1,6.836276054,1,-6.888626099,1,0.262316167,1,-0.352152437,1,0.48564136,1
5.555938244,-31.21706963,1,0.197229728,1,-18.59624863,1,3.946904898,1,6.901880741,1,-6.909986973,1,0.285388291,1,-0.318255752,1,0.465346634,1
5.559942245,-35.99062729,1,-0.809349656,1,-19.78868103,1,3.614467859,1,7.07740736,1,-6.835537434,1,0.306173265,1,-0.28351301,1,0.446316004,1
5.563942909,-39.66207123,1,-1.658882022,1,-20.30847359,1,3.231295347,1,7.268401146,1,-6.675803185,1,0.324448109,1,-0.247857198,1,0.428909451,1
5.567944527,-42.29867172,1,-1.819387913,1,-20.09524727,1,2.798485994,1,7.419160366,1,-6.423546314,1,0.340071976,1,-0.211522505,1,0.413303584,1
5.571942329,-43.62318039,1,-1.058535933,1,-19.01741982,1,2.360813379,1,7.450315952,1,-6.110815048,1,0.353009343,1,-0.174969256,1,0.399575174,1
5.575942039,-44.91278076,1,0.788738847,1,-17.81214523,1,1.941197395,1,7.348397732,1,-5.708440304,1,0.363494277,1,-0.138978928,1,0.38764888,1
5.579944134,-46.525177,1,2.994309187,1,-15.63511944,1,1.698845387,1,7.102554798,1,-5.275547504,1,0.372004509,1,-0.104058728,1,0.37747106,1
5.58394146,-46.08558273,1,3.774600744,1,-13.34663105,1,1.493490458,1,6.552306652,1,-4.75116539,1,0.379150718,1,-0.071176983,1,0.368814588,1
5.58794117,-50.42936325,1,4.673885345,1,-12.46709824,1,1.398399115,1,5.887963295,1,-4.253798008,1,0.385341942,1,-0.041358318,1,0.361372411,1
5.591943264,-53.8159256,1,4.539880276,1,-10.6572752,1,1.323013306,1,5.089784622,1,-3.736016035,1,0.390956163,1,-0.014962805,1,0.354894459,1
5.59594202,-58.27345276,1,3.173097372,1,-9.261706352,1,1.243196368,1,4.337965965,1,-3.225595713,1,0.396108449,1,0.0077716,1,0.349278331,1
5.59994173,-65.28444672,1,5.095458031,1,-7.291179657,1,1.16208899,1,3.587223053,1,-2.820751667,1,0.400836825,1,0.027043998,1,0.344256788,1
5.603943348,-70.1205368,1,4.639950752,1,0.894639611,1,1.339621186,1,3.033176899,1,-2.323640823,1,0.405446053,1,0.043133702,1,0.339948177,1
5.607941151,-68.49878693,1,0.335968941,1,-0.384127796,1,1.337633371,1,2.493784904,1,-1.836167693,1,0.410665154,1,0.056669537,1,0.336690545,1
5.611940861,-68.74456024,1,0.497884631,1,3.087599754,1,1.124870181,1,1.829173923,1,-1.379742146,1,0.415440202,1,0.067136325,1,0.334294915,1
5.615942478,-64.79175568,1,0.045824137,1,7.96932888,1,0.900136411,1,1.108751297,1,-0.944921196,1,0.419403136,1,0.074413046,1,0.332402468,1
5.619940281,-63.86666489,1,1.124667883,1,11.28618908,1,0.695376277,1,0.374931902,1,-0.442188293,1,0.422455668,1,0.078253783,1,0.331093967,1
5.623939991,-61.6487236,1,2.993568182,1,14.22486877,1,0.584359109,1,-0.431612521,1,0.014836385,1,0.424914479,1,0.078517549,1,0.330259264,1
5.627942085,-58.3656311,1,5.197132111,1,15.06257439,1,0.63592869,1,-1.239752054,1,0.49300462,1,0.427288532,1,0.075043499,1,0.329797089,1
5.631939888,-55.96098709,1,7.836875916,1,14.14606667,1,0.860494554,1,-1.973602891,1,0.932801843,1,0.430213749,1,0.067981519,1,0.329722971,1
5.635940552,-55.51750183,1,10.56174088,1,12.9131012,1,1.20392704,1,-2.567604542,1,1.311041951,1,0.434349567,1,0.057809319,1,0.329982519,1
5.639942169,-55.50199509,1,9.530539513,1,11.18931484,1,1.475158691,1,-2.983568907,1,1.653414726,1,0.439804256,1,0.045205355,1,0.330642462,1
5.643939972,-53.34238434,1,5.303414822,1,9.190008163,1,1.445654511,1,-3.313806534,1,1.98767972,1,0.445769072,1,0.030693023,1,0.331810951,1
5.647939682,-48.62660217,1,1.830419421,1,7.507797718,1,1.116613388,1,-3.618153811,1,2.33535862,1,0.450992584,1,0.014460181,1,0.333585739,1
5.651941299,-43.45974731,1,1.922726393,1,6.264320374,1,0.66539222,1,-3.97917819,1,2.642981768,1,0.45457381,1,-0.003560484,1,0.335900575,1
5.655939102,-40.36804962,1,3.629687309,1,5.999494076,1,0.284506917,1,-4.307220459,1,2.932683229,1,0.4563905,1,-0.023363091,1,0.338626564,1
5.659938812,-36.30662918,1,5.304727077,1,6.141771793,1,0.041649368,1,-4.589768887,1,3.159561634,1,0.456916988,1,-0.04471153,1,0.341741085,1
5.66394043,-30.73616982,1,4.91741991,1,6.569973469,1,-0.11430186,1,-4.855216503,1,3.304347992,1,0.456589282,1,-0.067385532,1,0.345024109,1
5.667938709,-11.34290504,1,-10.39393806,1,-18.62343025,1,-1.203229308,1,-5.481090546,1,3.468064547,1,0.454590321,1,-0.091558099,1,0.348171532,1
5.671938419,19.93762589,1,3.613775492,1,-1.360031009,1,-4.275280952,1,-6.800471783,1,2.917721272,1,0.441618085,1,-0.120214283,1,0.349064291,1
5.675946712,-16.79975319,1,-12.34647274,1,-5.131150723,1,-3.259899616,1,-6.494946957,1,3.163994312,1,0.426811308,1,-0.149350628,1,0.34870097,1
5.679950714,48.59882355,1,-27.04337883,1,-23.89870644,1,-3.710838079,1,-5.998098373,1,3.001674652,1,0.411530584,1,-0.17550005,1,0.344289899,1
5.683950901,24.3269825,1,-40.11348343,1,-37.66235733,1,-5.842349529,1,-8.487202644,1,2.973309278,1,0.392055333,1,-0.206175297,1,0.343821824,1
5.687952995,-4.59686327,1,-36.76914215,1,-61.93915939,1,-6.198698521,1,-8.864639282,1,3.472537994,1,0.36895144,1,-0.243708208,1,0.343253642,1
5.691951275,-77.37403107,1,-49.67520905,1,-71.0658493,1,-7.223351479,1,-8.889091492,1,3.948703527,1,0.341227055,1,-0.281859577,1,0.344017178,1
5.695950985,-147.7066498,1,-31.68026161,1,-63.50233841,1,-8.388220787,1,-8.928999901,1,6.612006187,1,0.307551563,1,-0.322373599,1,0.353177905,1
5.699952602,-129.7330933,1,30.81293678,1,-35.96511841,1,-6.736619473,1,-8.049960136,1,6.673828125,1,0.270381123,1,-0.363643229,1,0.370854229,1
5.703950405,-30.75256538,1,59.8056488,1,-35.42947388,1,-3.492547035,1,-7.721220016,1,5.010764599,1,0.24461484,1,-0.399305761,1,0.3864429,1
5.707950115,20.92066956,1,56.27346802,1,-22.93476486,1,-2.36275959,1,-8.383610725,1,4.704868317,1,0.228037298,1,-0.435002297,1,0.398747802,1
5.711951733,34.80389404,1,25.9889183,1,2.432582855,1,-1.171406865,1,-7.795271397,1,4.205393314,1,0.216359481,1,-0.471417725,1,0.410107821,1
5.715949535,-42.18813324,1,2.445916414,1,-5.477831841,1,-1.648455739,1,-4.595255375,1,3.16125226,1,0.206053972,1,-0.499084622,1,0.420516908,1
5.719949245,-109.8529434,1,-2.920240402,1,6.290364742,1,-0.936879158,1,-2.642214298,1,2.343611717,1,0.196097463,1,-0.514520705,1,0.429584801,1
5.72395134,-17.15146446,1,3.970407248,1,10.82152367,1,-0.508048713,1,-3.07819128,1,1.14190805,1,0.19104211,1,-0.527279198,1,0.435272455,1
5.727949142,-24.95230484,1,38.53638077,1,-9.471067429,1,-0.022198388,1,-2.027037859,1,1.098644972,1,0.188149571,1,-0.538420439,1,0.437650263,1
5.731949806,-6.94249773,1,24.58377838,1,-8.540435791,1,0.380145282,1,-1.11330843,1,1.40821135,1,0.186878949,1,-0.54521209,1,0.442067921,1
5.735951424,-13.55832672,1,-14.52854443,1,-6.282722473,1,0.178785145,1,-0.802501678,1,1.139789581,1,0.185273826,1,-0.550017118,1,0.447381705,1
5.739949226,-10.40604591,1,-28.11852264,1,-13.2479372,1,-0.163611457,1,-0.831818938,1,0.901030004,1,0.183370247,1,-0.55365926,1,0.451233685,1
5.743948936,-5.944125652,1,-16.30430603,1,-12.6714983,1,-0.648581386,1,-0.864950716,1,1.47081542,1,0.179316834,1,-0.558063745,1,0.455760866,1
5.747950554,-2.290213823,1,-4.727706432,1,-12.09369755,1,-0.871246099,1,-0.942456245,1,1.609075069,1,0.172602206,1,-0.562599361,1,0.462478936,1
5.751948357,-7.443686008,1,-5.644453049,1,-12.30167198,1,-0.909860253,1,-1.036015391,1,1.567988157,1,0.165592819,1,-0.567570388,1,0.468981385,1
5.755948067,-8.357914925,1,-5.817699432,1,-9.386467934,1,-0.87504375,1,-1.058133245,1,1.655007601,1,0.158314452,1,-0.572799146,1,0.475799352,1
5.759949684,-9.702534676,1,-2.846349001,1,-8.130228996,1,-0.808227241,1,-1.027518272,1,1.506916761,1,0.151272714,1,-0.577884734,1,0.482528865,1
5.763947964,-8.612613678,1,5.334450722,1,-10.53450012,1,-0.622988462,1,-1.064180851,1,1.390034914,1,0.145084143,1,-0.582838893,1,0.488611996,1
5.767947674,-8.096293449,1,4.384380341,1,-10.40662384,1,-0.455344826,1,-1.193162799,1,1.257439613,1,0.139810741,1,-0.58807373,1,0.494165927,1
5.771950245,-7.621373653,1,1.403158903,1,-11.02162933,1,-0.105165079,1,-1.294101477,1,1.127373815,1,0.13604027,1,-0.593638122,1,0.498988569,1
5.775947571,-7.744071007,1,-0.460357189,1,-12.31890392,1,0.073967308,1,-1.464158893,1,1.086291075,1,0.133523047,1,-0.599661529,1,0.503416657,1
5.779947758,-8.304485321,1,-4.191138744,1,-12.58107948,1,0.115265392,1,-1.722109795,1,1.025101781,1,0.131601512,1,-0.606549382,1,0.507498741,1
5.783949375,-7.986261368,1,-4.462938309,1,-15.3304615,1,0.043157071,1,-1.930001497,1,0.935514987,1,0.129979312,1,-0.614293218,1,0.51108408,1
5.787947655,-6.519962311,1,0.588093579,1,-20.34266663,1,-0.128061578,1,-2.325602293,1,0.836895227,1,0.127933234,1,-0.623132348,1,0.51407975,1
5.791947842,-4.469116211,1,2.960208893,1,-22.36468697,1,-0.023484893,1,-2.797999859,1,0.691904783,1,0.126345679,1,-0.633657575,1,0.516214371,1
5.795955658,-5.841157913,1,3.133779287,1,-22.77197266,1,0.141734168,1,-3.388629913,1,0.576420367,1,0.125895426,1,-0.646248758,1,0.517439127,1
5.79995966,-5.730762005,1,0.718172252,1,-24.06990623,1,0.299351215,1,-4.101518631,1,0.476525217,1,0.126714617,1,-0.661363482,1,0.517676473,1
5.80395937,-6.456175804,1,-1.797643423,1,-27.43182564,1,0.352947056,1,-4.808837414,1,0.39768061,1,0.128402427,1,-0.679295301,1,0.51693207,1
5.807960987,-1.299648762,1,-2.54208374,1,-27.24134254,1,0.38215974,1,-5.640799046,1,0.484370053,1,0.130770683,1,-0.700129151,1,0.515701413,1
5.811959267,-0.145930454,1,-7.162563801,1,-32.91247559,1,0.230771199,1,-6.395534039,1,0.418294281,1,0.13316074,1,-0.724280357,1,0.513831258,1
5.815958977,1.271060348,1,-7.430438042,1,-33.34838867,1,0.146036848,1,-7.334915638,1,0.63744539,1,0.135357961,1,-0.751710355,1,0.511716545,1
5.819960594,5.012598038,1,-8.601449013,1,-34.49905014,1,0.166117847,1,-8.310783386,1,0.808249354,1,0.137317955,1,-0.783095598,1,0.509758115,1
5.823958874,6.861752033,1,-10.43994713,1,-32.78539276,1,0.232754946,1,-8.717276573,1,1.182657838,1,0.13895005,1,-0.817753017,1,0.508549869,1
5.827958584,9.900373459,1,-11.96446609,1,-31.5102253,1,0.185854331,1,-8.721102715,1,1.60046649,1,0.139079541,1,-0.853066385,1,0.509562969,1
5.831960678,8.210451126,1,-11.91228676,1,-25.91228485,1,-0.14983359,1,-8.730363846,1,2.000318289,1,0.136503935,1,-0.888623059,1,0.513144314,1
5.835958481,6.791757584,1,-8.775281906,1,-18.61818314,1,-0.812943041,1,-8.747235298,1,2.472801208,1,0.129111364,1,-0.924455047,1,0.520006239,1
5.839958191,-2.368294477,1,-1.470424891,1,-15.81281757,1,-1.147527456,1,-8.755775452,1,2.812323093,1,0.116428554,1,-0.960503161,1,0.530685782,1
5.843959808,-7.855509758,1,8.479375839,1,-10.67764473,1,-0.853460014,1,-8.750494003,1,3.052156448,1,0.100425087,1,-0.996587992,1,0.544877231,1
5.847958088,-4.079339981,1,17.08862495,1,-12.04189491,1,-0.157951578,1,-8.736273766,1,3.047954082,1,0.083812274,1,-1.032548308,1,0.56205219,1
5.851957798,-10.49245739,1,19.81627846,1,-13.82843685,1,0.72156328,1,-8.714956284,1,2.515837431,1,0.070018902,1,-1.068206191,1,0.579046845,1
5.855959892,-34.765522,1,13.78674316,1,-11.78102398,1,2.335933924,1,-8.68019104,1,2.289607286,1,0.062221758,1,-1.103551745,1,0.594644904,1
5.859958649,-65.80728912,1,6.689638138,1,-13.58481216,1,3.702151299,1,-8.65040493,1,2.144860744,1,0.060931556,1,-1.13866961,1,0.609440327,1
5.863958359,-76.69671631,1,-3.997591019,1,-13.37072182,1,4.657156467,1,-8.633616447,1,2.311290264,1,0.062216483,1,-1.173720121,1,0.626438498,1
5.867960453,-91.18675995,1,-15.00694847,1,-14.80643654,1,5.053874016,1,-8.625958443,1,2.563875914,1,0.062355675,1,-1.208787918,1,0.647438765,1
5.871959209,-97.00739288,1,-15.8023119,1,-15.56802654,1,5.115417004,1,-8.624363899,1,2.413800716,1,0.061054278,1,-1.243832231,1,0.670397997,1
5.87595892,-87.12393951,1,-10.32236195,1,-7.500127316,1,4.477442741,1,-8.185393333,1,2.383812666,1,0.055965487,1,-1.278421402,1,0.695759475,1
5.879960537,-49.95027924,1,-15.10159016,1,-0.729210436,1,3.666017056,1,-5.618335724,1,2.076209545,1,0.046474218,1,-1.30630374,1,0.722726822,1
5.88395834,-5.477724552,1,-30.8263073,1,3.407773256,1,1.434114695,1,-3.74951601,1,1.904546618,1,0.028652299,1,-1.32495749,1,0.752189696,1
5.88795805,-4.956754684,1,-23.63583946,1,13.53854179,1,-1.056533933,1,-4.677654743,1,2.910470724,1,-0.008570964,1,-1.341361403,1,0.790855587,1
5.891959667,-66.73319244,1,-15.37021351,1,-13.60724545,1,-2.213504791,1,-3.503155708,1,2.839530945,1,-0.069712065,1,-1.357895374,1,0.846761525,1
5.895957947,-48.64160156,1,-21.11499023,1,-12.99014378,1,-3.358571053,1,-2.0591259,1,3.270316601,1,-0.142814517,1,-1.367237926,1,0.910237134,1
5.899957657,-18.08036613,1,-6.473187923,1,-15.05099487,1,-4.048447132,1,-2.871435881,1,3.423217297,1,-0.232255533,1,-1.374088049,1,0.986191094,1
5.903959751,-10.21552372,1,4.874635696,1,-16.43210411,1,-3.947135925,1,-4.237780094,1,3.495408535,1,-0.336823463,1,-1.383813143,1,1.076197863,1
5.907957554,-13.48176289,1,7.364372253,1,-14.22697353,1,-3.093708038,1,-5.702305794,1,3.915228844,1,-0.468630284,1,-1.39638555,1,1.195735931,1
5.911956787,-24.46513557,1,9.116490364,1,-14.38325024,1,-1.929775,1,-6.37379694,1,4.013072491,1,-0.634094119,1,-1.408817649,1,1.353310108,1
5.91596508,-32.70685959,1,9.682614326,1,-14.18846703,1,-0.683593452,1,-6.44530344,1,3.841209173,1,-0.821203947,1,-1.417596698,1,1.53748095,1
5.919968605,-39.54158783,1,4.836393356,1,-15.23576641,1,0.4716582,1,-6.151362896,1,3.790486574,1,-1.013695717,1,-1.420873046,1,1.731803894,1
5.923968792,-42.4275589,1,-1.478937507,1,-17.29026604,1,1.323806047,1,-5.64140749,1,3.856514215,1,-1.193540215,1,-1.417852402,1,1.917456865,1
5.927970886,-42.65159225,1,-8.318205833,1,-19.56295395,1,1.74948895,1,-5.113070488,1,3.920731544,1,-1.346169829,1,-1.409338832,1,2.078326464,1
5.931968689,-40.01751709,1,-14.90845013,1,-22.0291481,1,1.782594323,1,-4.600907326,1,3.984636545,1,-1.470126152,1,-1.40063107,1,2.20245409,1
5.935968399,-36.41183853,1,-19.18975067,1,-23.7869339,1,1.520845413,1,-4.256595135,1,4.105427265,1,-1.566470265,0,-1.385406137,0,2.307081223,0
5.939970016,-31.87830162,1,-20.59811974,1,-24.88939476,1,1.198364496,1,-4.184388638,1,4.297049999,1,-1.643625736,0,-1.368014216,0,2.39128685,0
5.943967819,-31.13093567,1,-22.08955002,1,-25.31882858,1,0.80034709,1,-4.230162621,1,4.468893051,1,-1.708756685,0,-1.348793149,0,2.46199894,0
5.947967529,-30.49453163,1,-22.56724739,1,-25.86264229,1,0.407912552,1,-4.29410696,1,4.565567017,1,-1.764759898,0,-1.32813108,0,2.522019625,0
5.951969147,-29.93255615,1,-22.2849884,1,-26.14915466,1,0.059790857,1,-4.403106213,1,4.570918083,1,-1.814035058,0,-1.30649817,0,2.573872805,0
5.955967426,-30.66239166,1,-21.57434082,1,-26.72715378,1,-0.257813185,1,-4.524732113,1,4.466006756,1,-1.858645916,0,-1.28433764,0,2.619814873,0
5.959967136,-30.69439125,1,-21.14271927,1,-27.41271591,1,-0.530663252,1,-4.642686844,1,4.284566879,1,-1.899817228,0,-1.262104034,0,2.661216259,0
5.963969707,-30.67144203,1,-22.1440506,1,-28.04024124,1,-0.832159579,1,-4.785616398,1,4.067742825,1,-1.938861847,0,-1.239949465,0,2.699486971,0
5.96796751,-30.00727654,1,-24.43634987,1,-28.98776627,1,-1.148756862,1,-4.911628723,1,3.890981913,1,-1.976435423,0,-1.21790874,0,2.735175848,0
5.971967697,-28.84322548,1,-26.16423607,1,-30.01953888,1,-1.508050442,1,-5.087759018,1,3.783274412,1,-2.013020039,0,-1.195699811,0,2.768647909,0
5.975969315,-27.75951004,1,-25.41489601,1,-30.69218063,1,-1.840626478,1,-5.285040855,1,3.706970692,1,-2.049067259,0,-1.173074007,0,2.800313234,0
5.979967594,-26.84300613,1,-22.19275665,1,-30.33313179,1,-2.037089348,1,-5.453187466,1,3.600902796,1,-2.084379435,0,-1.149980187,0,2.830295086,0
5.983967304,-28.99052238,1,-20.48926926,1,-31.95496559,1,-2.121468067,1,-5.567632198,1,3.505439043,1,-2.118515968,0,-1.126517534,0,2.858632803,0
5.987968922,-28.39030838,1,-17.62755775,1,-31.84480095,1,-2.033585072,1,-5.526735783,1,3.375451326,1,-2.150041342,0,-1.103048921,0,2.884474993,0
5.991966724,-24.37426758,1,-14.20528793,1,-33.37854767,1,-1.805842519,1,-5.628932953,1,3.171298265,1,-2.179050684,0,-1.079738736,0,2.908487558,0
5.995966434,-25.68779564,1,-14.10550022,1,-33.34261703,1,-1.492035389,1,-5.562973976,1,3.0617342,1,-2.205624342,0,-1.056540608,0,2.93124485,0
5.999968052,-25.13204193,1,-13.64138889,1,-34.2591095,1,-1.193195581,1,-5.495803833,1,2.959815741,1,-2.228932381,0,-1.033605099,0,2.951984644,0
6.003965855,-24.37147713,1,-13.96455002,1,-35.08975601,1,-0.892525613,1,-5.440661907,1,2.913357496,1,-2.24929142,0,-1.010857344,0,2.970970154,0
6.007965565,-23.07427025,1,-15.04924774,1,-35.71132278,1,-0.647079647,1,-5.39081192,1,2.916800737,1,-2.26688695,0,-0.988106847,0,2.988256216,0
6.011967659,-22.49742126,1,-16.43980598,1,-35.93187714,1,-0.501133442,1,-5.314662933,1,2.972125292,1,-2.282051802,0,-0.965279937,0,3.003833294,0
6.015965462,-21.95313835,1,-18.43330765,1,-36.17451096,1,-0.47414279,1,-5.215464592,1,3.056732655,1,-2.295175552,0,-0.942349494,0,3.017572641,0
6.019965649,-20.75287628,1,-20.47783852,1,-36.25782776,1,-0.580669284,1,-5.089515209,1,3.17084074,1,-2.306722641,0,-0.919331491,0,3.029375076,0
6.023967266,-18.45906258,1,-22.00521469,1,-37.10558701,1,-0.839063942,1,-4.953390121,1,3.287399769,1,-2.317312479,0,-0.89624989,0,3.039254665,0
6.027965546,-16.1519165,1,-21.09490395,1,-37.95649338,1,-1.174257159,1,-4.837879181,1,3.359913588,1,-2.327722549,0,-0.873162031,0,3.047509193,0
6.031965256,-13.30433178,1,-19.35593605,1,-38.6429863,1,-1.464404941,1,-4.724241257,1,3.37769556,1,-2.338298559,0,-0.850199878,0,3.054438353,0
6.035973072,-12.00641346,1,-17.11775589,1,-39.30360794,1,-1.628630638,1,-4.598753929,1,3.360687256,1,-2.348892927,0,-0.827498496,0,3.060325623,0
6.039977074,-10.33682632,1,-14.71270084,1,-39.84255981,1,-1.714254856,1,-4.325185776,1,3.276153326,1,-2.35909915,0,-0.80548799,0,3.065130234,0
6.043976784,-8.808636665,1,-13.64697838,1,-39.45384979,1,-1.739046454,1,-3.92236042,1,3.11810708,1,-2.368528843,0,-0.78472805,0,3.068671703,0
6.047978401,-8.303217888,1,-13.28348255,1,-38.64387131,1,-1.734827399,1,-3.325800896,1,2.874977112,1,-2.376945019,0,-0.765930414,0,3.070761442,0
6.051976204,-7.350785255,1,-13.1871748,1,-36.95342255,1,-1.780871511,1,-2.537845612,1,2.614676952,1,-2.384114981,0,-0.749820948,0,3.070979834,0
6.055975914,-6.014827728,1,-13.26713467,1,-34.37220764,1,-1.867004514,1,-1.566413999,1,2.317832232,1,-2.389993906,0,-0.73705864,0,3.068902254,0
6.059977531,-3.245783806,1,-13.79724216,1,-31.53455925,1,-1.992432475,1,-0.45312959,1,2.044492006,1,-2.394443989,0,-0.728140116,0,3.064041853,0
6.063976288,2.330899954,1,-15.06986237,1,-28.7355442,1,-2.169567823,1,0.712109864,1,1.790560007,1,-2.397442579,0,-0.723335981,0,3.056043863,0
6.067975998,10.34296036,1,-15.33630276,1,-26.0544281,1,-2.375573635,1,1.727079749,1,1.615096331,1,-2.399177551,0,-0.722365916,0,3.044933558,0
6.071978092,18.504179,1,-14.2671833,1,-22.88756943,1,-2.558822155,1,2.595555305,1,1.504886508,1,-2.399833202,0,-0.724558234,0,3.030990362,0
6.075975895,26.37778854,1,-11.85016727,1,-20.18211174,1,-2.582823753,1,3.255969524,1,1.441846013,1,-2.399267197,0,-0.729260385,0,3.014548302,0
6.079975605,33.73195267,1,-8.624145508,1,-18.71962929,1,-2.370802164,1,3.721690178,1,1.416353583,1,-2.39692235,0,-0.735680819,0,2.996156454,0
6.083977222,35.85198975,1,-4.756579399,1,-16.13752747,1,-2.04396987,1,4.263067722,1,1.37116909,1,-2.392214537,0,-0.743580043,0,2.975994349,0
6.087975025,37.92506409,1,-1.319161654,1,-12.132864,1,-1.483433604,1,4.962039471,1,1.262640953,1,-2.384043694,0,-0.753399372,0,2.953518152,0
6.091974735,38.87218094,1,1.684247017,1,-8.104951859,1,-0.722129405,1,5.733400345,1,0.978533208,1,-2.371332169,0,-0.765662074,0,2.928653955,0
6.09597683,38.0005455,1,3.717520237,1,-7.016072273,1,0.19467023,1,6.615641594,1,0.557082593,1,-2.3533144,0,-0.781088352,0,2.901227236,0
6.099975109,32.96656418,1,5.161371231,1,-6.284348488,1,1.183372259,1,7.516748905,1,-0.016964151,1,-2.329310179,0,-0.799986064,0,2.871343136,0
6.103974819,26.46359253,1,4.612451077,1,-5.850852013,1,2.077505112,1,8.439956665,1,-0.654684842,1,-2.298934937,0,-0.822578609,0,2.83851862,0
6.107976913,22.49126053,1,2.086765289,1,-5.261139393,1,2.717474222,1,8.766687393,1,-1.284623027,1,-2.263008595,0,-0.8481673,0,2.803049803,0
6.111974239,20.87436295,1,-0.672407389,1,-3.990120173,1,3.143002033,1,8.778782845,1,-1.949714422,1,-2.223923922,0,-0.875090718,0,2.767079353,0
6.115973949,18.92194366,1,-2.153381824,1,-4.767846584,1,3.262622595,1,8.787024498,1,-2.589822292,1,-2.1827631,0,-0.903225303,0,2.730665684,0
6.119976044,16.59204674,1,-1.5124892,1,-5.492375374,1,3.298039436,1,8.789203644,1,-3.121453047,1,-2.139778614,0,-0.932301044,0,2.693085194,0
6.123973846,13.42451286,1,-0.993020058,1,-6.968111515,1,3.288321733,1,8.791890144,1,-3.592917204,1,-2.094553947,0,-0.962079406,0,2.653614759,0
6.127973557,8.550049782,1,-1.500281096,1,-8.564056396,1,3.289633989,1,8.793912888,1,-3.931534767,1,-2.046347857,0,-0.992178082,0,2.611344576,0
6.131975174,3.09653163,1,-1.861135006,1,-10.54049778,1,3.282936573,1,8.795172691,1,-4.160180092,1,-1.994208097,0,-1.02205348,0,2.565211535,0
6.135973454,-0.616209507,1,-1.919915438,1,-12.30724907,1,3.31046772,1,8.797080994,1,-4.324997902,1,-1.937154055,0,-1.051271915,0,2.514253139,0
6.139973164,-5.16112566,1,-1.894261479,1,-13.39441967,1,3.371706963,1,8.798200607,1,-4.433503151,1,-1.874154806,0,-1.079406381,0,2.457511187,0
6.143974781,-8.813638687,1,-1.920235991,1,-14.60169792,1,3.46219039,1,8.800926208,1,-4.483857632,1,-1.804119587,0,-1.105968833,0,2.394033194,0
6.147973061,-10.62035084,1,-3.095413208,1,-15.9799509,1,3.535670519,1,8.801987648,1,-4.514475346,1,-1.726210356,0,-1.13045001,0,2.322985649,0
6.151972771,-12.66326427,1,-5.455468178,1,-16.54880905,1,3.516287565,1,8.802678108,1,-4.479496002,1,-1.640046716,0,-1.152287245,0,2.243781328,0
6.155980587,-14.58358765,1,-7.532916069,1,-17.64683723,1,3.360204458,1,8.79734993,1,-4.413733959,1,-1.545993328,0,-1.170872569,0,2.156311035,0
6.159984589,-15.6491375,1,-9.663973808,1,-18.02533722,1,3.063105106,1,8.791135788,1,-4.309390545,1,-1.445171595,0,-1.185643792,0,2.061146975,0
6.163985252,-16.56883049,1,-10.82594872,1,-18.1027317,1,2.647923231,1,8.782258987,1,-4.195920467,1,-1.339492321,0,-1.196157217,0,1.959686637,0
6.16798687,-17.20354462,1,-10.99769497,1,-17.70088768,1,2.211980104,1,8.773134232,1,-4.040095329,1,-1.231392145,0,-1.202091455,0,1.854108453,0
6.171984673,-17.06754494,1,-10.36272717,1,-16.91474533,1,1.859767199,1,8.765273094,1,-3.838256598,1,-1.123571992,0,-1.20320785,0,1.747266412,0
6.175984859,-17.35464859,1,-9.45414257,1,-16.05963898,1,1.635941625,1,8.759448051,1,-3.597871304,1,-1.018739939,0,-1.199464202,0,1.642311454,0
6.179986,-18.049757,1,-8.532208443,1,-14.92897987,1,1.561529994,1,8.755883217,1,-3.364777803,1,-0.918115497,0,-1.188749552,0,1.534027934,0
6.18398428,-18.61341095,1,-8.388624191,1,-13.71873379,1,1.586092234,1,8.754865646,1,-3.134925842,1,-0.825817645,0,-1.176163435,0,1.441105604,0
6.187983513,-18.53884315,1,-9.160697937,1,-12.3061533,1,1.649026752,1,8.754302979,1,-2.888646841,1,-0.741282105,0,-1.159853101,0,1.356257915,0
6.191985607,-18.10758591,1,-9.374267578,1,-10.76816368,1,1.764038801,1,8.755713463,1,-2.65749836,1,-0.664955378,0,-1.14029038,0,1.280112386,0
6.19598341,-17.36652374,1,-9.244544983,1,-9.113202095,1,1.939064741,1,8.756762505,1,-2.45186305,1,-0.596440136,0,-1.118009686,0,1.212504387,0
6.19998312,-17.0572319,1,-8.04022789,1,-7.954463959,1,2.200025797,1,8.761947632,1,-2.305702686,1,-0.534753203,0,-1.093510151,0,1.152747393,0
6.203984737,-16.4680233,1,-6.639099121,1,-7.371523857,1,2.510546684,1,8.767882347,1,-2.236628056,1,-0.478614599,0,-1.067250609,0,1.09978199,0
6.20798254,-15.70005226,1,-5.31433773,1,-6.961898327,1,2.865081072,1,8.774815559,1,-2.243020773,1,-0.426755756,0,-1.039609075,0,1.052477121,0
6.21198225,-15.36055279,1,-3.666155338,1,-6.180207253,1,3.290565014,1,8.784592628,1,-2.290553093,1,-0.378070891,0,-1.010840058,0,1.009900689,0
6.215984344,-14.84340954,1,-2.498701096,1,-5.379588127,1,3.828442574,1,8.79693985,1,-2.374166489,1,-0.331501544,0,-0.98110193,0,0.971357763,0
6.21998167,-14.42693615,1,-1.766533732,1,-4.528446674,1,4.386959553,1,8.808321953,1,-2.488628149,1,-0.286163986,0,-0.950510859,0,0.936247408,0
6.22398138,-13.5555687,1,-2.214662075,1,-3.98241806,1,4.865187168,1,8.818553925,1,-2.618596315,1,-0.241827995,0,-0.919139862,0,0.904168189,0
6.227983475,-12.45141983,1,-3.071023703,1,-3.868768215,1,5.217203617,1,8.827203751,1,-2.762042522,1,-0.198553309,0,-0.887046814,0,0.874782205,0
6.231981754,-11.58377075,1,-4.388802528,1,-4.180261135,1,5.432867527,1,8.832720757,1,-2.93078661,1,-0.156520396,0,-0.854291558,0,0.847703934,0
6.235981464,-11.41997051,1,-5.722987652,1,-5.162198067,1,5.518709183,1,8.835561752,1,-3.131953478,1,-0.115924582,0,-0.820925236,0,0.822591662,0
6.239983082,-12.07086563,1,-6.159387112,1,-6.848793983,1,5.504185677,1,8.837115288,1,-3.377348661,1,-0.076883659,0,-0.786993027,0,0.799041927,0
6.243980885,-13.73554707,1,-5.348375797,1,-7.8139925,1,5.405508995,1,8.836675644,1,-3.70749259,1,-0.039373707,0,-0.752524674,0,0.776506424,0
6.247980595,-13.89228535,1,1.857014537,1,-11.59544086,1,5.353663445,1,8.838533401,1,-4.185800076,1,-0.002978046,0,-0.717513025,0,0.754299223,0
6.251982212,-15.49339104,1,2.374629736,1,-12.05067825,1,5.359832287,1,8.842080116,1,-4.72421217,1,0.032964047,0,-0.681885898,0,0.731671691,0
6.255980492,-16.8041172,1,4.478514194,1,-14.2876215,1,5.610453606,1,8.850793839,1,-5.171570778,1,0.068916276,0,-0.645539165,0,0.708872199,0
6.259980202,-19.58695984,1,6.429903507,1,-15.52729988,1,5.948287487,1,8.858230591,1,-5.624452114,1,0.105366372,0,-0.608376563,0,0.686123967,0
6.263982296,-21.39684677,1,6.174803734,1,-16.40730858,1,6.217783451,1,8.867277145,1,-6.037426472,1,0.14231959,0,-0.570310593,0,0.663522243,0
6.267979622,-22.59286118,1,4.001723289,1,-17.65526962,1,6.275020599,1,8.871172905,1,-6.374659538,1,0.178936243,0,-0.531317711,0,0.641408682,0
6.271979332,-23.95530319,1,0.822256267,1,-18.99097252,1,6.109730721,1,8.868977547,1,-6.587781906,1,0.214166895,0,-0.491451621,0,0.620162547,0
6.275987625,-24.3562336,1,-2.662109613,1,-20.39929008,1,5.683442116,1,8.806528091,1,-6.614728451,1,0.246839836,0,-0.45093298,0,0.600319743,0
6.279991627,-30.42507362,1,-4.057894707,1,-22.91506004,1,5.135583401,1,8.744606972,1,-6.573984623,1,0.276044905,0,-0.410215497,0,0.582261562,0
6.28399229,-34.13460922,1,-3.813726902,1,-24.14117813,1,4.483817577,1,8.640999794,1,-6.439060688,1,0.301534772,0,-0.369479775,0,0.56596297,0
6.287993908,-39.31859207,1,-2.181714535,1,-25.17400932,1,3.926451683,1,8.571743965,1,-6.242185593,1,0.323254883,0,-0.328910917,0,0.551538169,0
6.291991711,-43.75163651,1,0.279523402,1,-25.55458069,1,3.496808052,1,8.526426315,1,-6.009439945,1,0.341880947,0,-0.28859067,0,0.538951218,0
6.295991421,-48.47381592,1,3.276230097,1,-25.06639099,1,3.222491264,1,8.420783997,1,-5.791040897,1,0.358185291,0,-0.248624459,0,0.528045893,0
6.299993515,-52.31822968,1,5.595302105,1,-22.73552704,1,3.102267027,1,8.283908844,1,-5.532789707,1,0.372948945,0,-0.209280148,0,0.51858604,0
6.303991795,-55.32684326,1,5.638343334,1,-20.72564888,1,3.059195995,1,7.88856411,1,-5.173604012,1,0.386816263,0,-0.171302781,0,0.510487318,0
6.307991505,-58.97676468,1,5.66572237,1,-18.76874924,1,3.012293816,1,7.503926277,1,-4.752552986,1,0.39990291,0,-0.135025829,0,0.504007578,0
6.311993122,-63.53570938,1,6.000378609,1,-16.22121239,1,2.881752491,1,6.827058792,1,-4.293765545,1,0.412393034,0,-0.101591967,0,0.49861002,0
6.315990925,-70.14123535,1,3.279352665,1,-12.2004137,1,2.627518892,1,6.174257755,1,-3.822135925,1,0.423858464,0,-0.071128763,0,0.494313776,0
6.319990635,-73.94210815,1,5.748170853,1,-9.610111237,1,2.423862696,1,5.374321461,1,-3.291656971,1,0.434197068,0,-0.044194899,0,0.490974844,0
6.323992729,-78.2155838,1,8.280485153,1,-3.935148716,1,2.25583005,1,4.33151865,1,-2.724939585,1,0.443642974,0,-0.02147544,0,0.488351911,0
6.327990055,-81.30648804,1,5.367823601,1,4.966012955,1,2.194054842,1,3.371819258,1,-2.01651144,1,0.45235464,0,-0.003627748,0,0.486348569,0
6.331990242,-80.63178253,1,8.540760994,1,2.930437326,1,2.056389332,1,2.447289467,1,-1.472440004,1,0.461363137,0,0.010076365,0,0.485431135,0
6.335991859,-81.12918854,1,7.965974331,1,10.57674599,1,1.835940599,1,1.622610092,1,-0.876894832,1,0.469088256,0,0.019378021,0,0.484842002,0
6.339990139,-76.93621826,1,10.12954044,1,12.67321301,1,1.366812587,1,0.723699391,1,-0.495902598,1,0.475549549,0,0.024811845,0,0.484659284,0
6.343989849,-73.80564117,1,9.894535065,1,15.00889874,1,0.887951612,1,-0.179681793,1,-0.214052185,1,0.480013609,0,0.026415516,0,0.483874351,0
6.347991467,-67.75254059,1,11.15106201,1,16.06329918,1,0.476092488,1,-1.022105932,1,0.080464251,1,0.482669115,0,0.024396138,0,0.482536197,0
6.351989746,-60.65023804,1,12.92677975,1,15.12072849,1,0.075826153,1,-1.874056339,1,0.310919642,1,0.483721226,0,0.01889695,0,0.480569392,0
6.355989456,-56.41941833,1,15.98778152,1,13.67651081,1,-0.117117204,1,-2.679000378,1,0.440259457,1,0.483551532,0,0.010079025,0,0.477657676,0
6.359991074,-56.84655762,1,15.65240288,1,11.65798664,1,-0.181767017,1,-3.267105818,1,0.567605734,1,0.48290652,0,-0.00143265,0,0.473882765,0
6.363988876,-55.51357269,1,10.97944832,1,9.578207016,1,-0.364718974,1,-3.701773643,1,0.719568551,1,0.481914759,0,-0.014993886,0,0.469681621,0
6.367988586,-49.8686142,1,7.72286272,1,8.375328064,1,-0.672755539,1,-4.124190331,1,0.854589701,1,0.479968101,0,-0.030315541,0,0.46525228,0
6.371990681,-43.57509613,1,6.857697487,1,7.516125679,1,-1.089562893,1,-4.572515011,1,0.936786354,1,0.476620793,0,-0.04740525,0,0.460435927,0
6.375988007,-37.87227631,1,7.364839077,1,7.929864883,1,-1.445273757,1,-5.006932735,1,1.030750155,1,0.471824855,0,-0.066271894,0,0.455161154,0
6.379988194,-32.37129974,1,8.912107468,1,8.451729774,1,-1.626652241,1,-5.393466949,1,1.087202787,1,0.466065764,0,-0.086769916,0,0.449522674,0
6.383989811,0.441588253,1,-5.199687004,1,-28.56972504,1,-2.285248995,1,-6.304196835,1,1.69423902,1,0.459269047,0,-0.109484643,0,0.44381687,0
6.387987614,-20.43173218,1,12.90212631,1,15.97734451,1,-2.336099386,1,-7.932902336,1,2.117083073,1,0.449908793,0,-0.13898918,0,0.438162327,0
6.391987324,-7.224532604,1,-37.1567955,1,17.27597237,1,-2.895033121,1,-7.609808922,1,3.264065504,1,0.440528154,0,-0.172331274,0,0.433925807,0
6.39599514,47.8362236,1,-42.68192291,1,-27.11073112,1,-5.45565033,1,-8.076782227,1,3.447952271,1,0.424623102,0,-0.205456391,0,0.433633953,0
6.399999142,-11.3117609,1,-48.50977325,1,-40.15739822,1,-6.977191448,1,-8.891150475,1,5.084975719,1,0.397965193,0,-0.243932009,0,0.435015589,0
6.403999329,-48.12285233,1,-68.83396912,1,-89.90818024,1,-7.750914574,1,-8.909442902,1,5.441583633,1,0.36832428,0,-0.285028309,0,0.442079246,0
6.408000946,-142.263855,1,-69.47429657,1,-83.88088226,1,-8.623858452,1,-8.940378189,1,7.937579155,1,0.330884278,0,-0.32741046,0,0.454709768,0
6.411998749,-170.0809021,1,-2.620216846,1,-50.88793182,1,-8.628477097,1,-8.945788383,1,8.618217468,1,0.288608134,0,-0.37177512,0,0.477353692,0
6.415997982,-54.90431976,1,63.22699356,1,-31.58223915,1,-5.884541035,1,-8.610440254,1,5.920991898,1,0.249822915,0,-0.413760036,0,0.49905017,0
6.419999599,-7.36874342,1,82.96179199,1,-33.98532867,1,-3.771024704,1,-8.81785965,1,3.9375,1,0.226459384,0,-0.452373534,0,0.510382116,0
6.423997402,22.09067917,1,58.70575714,1,-0.932660878,1,-1.691714764,1,-8.774027824,1,3.973406553,1,0.21120581,0,-0.4900814,0,0.518783271,0
6.427997112,-12.29590321,1,20.26315689,1,-2.074811459,1,-1.14309454,1,-6.388713837,1,4.140488148,1,0.20080173,0,-0.524207711,0,0.529829025,0
6.431999207,-111.5979462,1,11.62753963,1,-12.52527618,1,-0.89223206,1,-2.551450491,1,3.550194502,1,0.190482736,0,-0.542244971,0,0.521680415,0
6.435996532,-36.40058517,1,-11.10555935,1,17.64195824,1,0.077118963,1,-3.173080683,1,1.767021179,1,0.183641702,0,-0.555022538,0,0.532239616,0
6.439996243,-22.15959549,1,8.052516937,1,0.259807587,1,-0.672915399,1,-2.830497265,1,0.763708174,1,0.180693388,0,-0.568105638,0,0.534534395,0
6.443998337,-15.262043,1,47.71895218,1,-14.13754845,1,0.358650565,1,-1.676484108,1,1.312649846,1,0.178725585,0,-0.577475607,0,0.537325442,0
6.447996616,-9.292106628,1,7.866222858,1,-4.675632954,1,0.50610286,1,-1.298727155,1,1.384540796,1,0.17748259,0,-0.584471166,0,0.542816281,0
6.451996326,-15.70647717,1,-30.55861664,1,-11.85564518,1,0.321996152,1,-1.12383008,1,0.621026158,1,0.177263394,0,-0.589510262,0,0.546521842,0
6.455997944,-5.218796253,1,-23.73913956,1,-12.43185139,1,-0.302413046,1,-1.180216432,1,1.20102644,1,0.175691038,0,-0.594980955,0,0.549455166,0
6.459996223,0.047926191,1,-6.386515141,1,-13.39228153,1,-0.688979447,1,-1.141358972,1,1.597763538,1,0.170148551,0,-0.600374222,0,0.555479825,0
6.463995457,-7.269845009,1,-2.071319342,1,-13.85247707,1,-0.67299217,1,-1.246758819,1,1.554934382,1,0.163692087,0,-0.606118262,0,0.561967909,0
6.467997074,-7.81272316,1,-8.830211639,1,-11.1255703,1,-0.576089442,1,-1.350047231,1,1.625739813,1,0.157443911,0,-0.612305105,0,0.568666995,0
6.471995354,-7.151201725,1,-12.96457481,1,-8.194013596,1,-0.610776842,1,-1.310315967,1,1.592878222,1,0.151163667,0,-0.618565202,0,0.575440526,0
6.475994587,-10.2081995,1,-1.75292933,1,-6.665753365,1,-0.73210299,1,-1.28320694,1,1.704360485,1,0.144262061,0,-0.624694228,0,0.582527339,0
6.479996204,-7.578005791,1,2.412253857,1,-8.281365395,1,-0.380818009,1,-1.227741361,1,1.634829164,1,0.137706712,0,-0.630565941,0,0.589899778,0
6.483994007,-6.523903847,1,0.091733791,1,-10.5067234,1,-0.309484392,1,-1.309789658,1,1.446879148,1,0.132454962,0,-0.636392117,0,0.596639097,0
6.48799324,-8.688821793,1,4.363986492,1,-11.11347008,1,-0.130872592,1,-1.440239072,1,1.320665717,1,0.127938792,0,-0.642565608,0,0.60256201,0
6.491995335,-9.077964783,1,-3.204785585,1,-13.70156193,1,-0.27709201,1,-1.723403573,1,1.181756496,1,0.124226063,0,-0.649394929,0,0.60780561,0
6.495992661,-10.09689045,1,-1.572298527,1,-15.07302761,1,-0.543312192,1,-2.125231504,1,1.017397881,1,0.119672276,0,-0.657576084,0,0.612145483,0
6.499992371,-6.4769907,1,2.199402332,1,-18.1899395,1,-0.482524753,1,-2.463058472,1,0.945216775,1,0.115544759,0,-0.667148054,0,0.615683079,0
6.503994465,-3.887743711,1,6.359639645,1,-21.68040085,1,-0.27084893,1,-2.908528328,1,0.737541854,1,0.112294368,0,-0.678150952,0,0.618418336,0
6.507992268,-5.430318356,1,6.08839035,1,-23.03489876,1,-0.103077158,1,-3.458315849,1,0.539505363,1,0.110619761,0,-0.691091716,0,0.619855165,0
6.511991978,-8.150121689,1,2.584830523,1,-23.12618637,1,0.021564158,1,-4.047853947,1,0.40123415,1,0.110298894,0,-0.706213713,0,0.620115757,0
6.515999794,-7.974126816,1,0.746442616,1,-23.88899803,1,0.051328119,1,-4.687571526,1,0.373976976,1,0.110884435,0,-0.723688662,0,0.619539261,0
6.520003796,-3.012142658,1,-3.337661266,1,-26.08338165,1,-0.130812868,1,-5.413277149,1,0.354110301,1,0.111441031,0,-0.743994832,0,0.618490636,0
6.524003983,-2.275913,1,-4.90682888,1,-28.23568726,1,-0.217319056,1,-6.132378578,1,0.423508734,1,0.111675091,0,-0.767064154,0,0.617039204,0
6.5280056,2.615331411,1,-6.54490757,1,-30.14593697,1,-0.139422402,1,-6.901790619,1,0.516338468,1,0.111942194,0,-0.793160677,0,0.615613818,0
6.532003403,2.870047569,1,-8.814352989,1,-31.38883591,1,-0.031548798,1,-7.824329853,1,0.707718313,1,0.112575322,0,-0.822632074,0,0.614300728,0
6.536003113,6.319535732,1,-10.97178841,1,-31.10162735,1,-0.011137313,1,-8.699561119,1,0.996030033,1,0.112897173,0,-0.855976701,0,0.613771558,0
6.540004253,6.545374393,1,-11.17930412,1,-31.11924744,1,0.082298353,1,-8.722334862,1,1.346402049,1,0.112127692,0,-0.891143858,0,0.614872873,0
6.544002056,8.873138428,1,-8.943225861,1,-29.23425865,1,0.082557365,1,-8.724534035,1,1.827775121,1,0.109407537,0,-0.926518738,0,0.618808508,0
6.548001766,9.308673859,1,-6.138807297,1,-25.16726685,1,-0.020929892,1,-8.729768753,1,2.243972063,1,0.10333395,0,-0.962104797,0,0.626465678,0
6.552003384,2.969000101,1,-4.636734962,1,-21.95295143,1,-0.318818957,1,-8.737756729,1,2.59796524,1,0.093511045,0,-0.997816086,0,0.637509942,0
6.556001186,-2.647510052,1,2.05054903,1,-15.60741425,1,-0.455119163,1,-8.74077034,1,2.815421581,1,0.079092778,0,-1.033591628,0,0.652496159,0
6.560000896,-1.06004715,1,8.48081398,1,-14.93051147,1,-0.124132462,1,-8.733586311,1,2.727805853,1,0.062835582,0,-1.069241047,0,0.66977191,0
6.564002991,-10.31618214,1,16.35530663,1,-14.9585886,1,0.753614426,1,-8.713895798,1,2.430526257,1,0.047674093,0,-1.104663253,0,0.688129544,0
6.568000317,-28.1277771,1,14.37504101,1,-15.99177265,1,2.139689207,1,-8.683590889,1,2.216697454,1,0.037526332,0,-1.139814258,0,0.70572865,0
6.572000027,-41.89442062,1,9.891523361,1,-12.22125435,1,3.443309546,1,-8.65489006,1,2.110051394,1,0.031451397,0,-1.174770594,0,0.724572062,0
6.576002121,-67.37129974,1,1.818981171,1,-9.894626617,1,4.262973785,1,-8.638252258,1,2.086314917,1,0.028806215,0,-1.209587693,0,0.744141519,0
6.579999924,-61.93564606,1,-8.596525192,1,-12.60678673,1,4.969174385,1,-8.626255035,1,2.32208395,1,0.025678908,0,-1.244338155,0,0.767193079,0
6.583999634,-79.85730743,1,-14.95835209,1,-8.856243134,1,5.365077496,1,-8.622471809,1,3.078659058,1,0.014729471,0,-1.279050827,0,0.800278664,0
6.588001251,-92.36323547,1,-9.389198303,1,-7.226127625,1,5.265961647,1,-8.623653412,1,2.971265554,1,-0.006354295,0,-1.313596487,0,0.844494224,0
6.592000008,-79.15312958,1,-4.321429253,1,-2.924915552,1,5.345443726,1,-8.620889664,1,2.840729952,1,-0.036486961,0,-1.347831249,0,0.897484124,0
6.595999718,-52.55053329,1,-11.23079967,1,4.601604462,1,5.02169466,1,-6.896393299,1,2.557481766,1,-0.075058214,0,-1.379045725,0,0.958176374,0
6.600001335,-8.595466614,1,-19.28438568,1,8.919350624,1,3.177692413,1,-4.702720165,1,2.011938572,1,-0.121118955,0,-1.400760293,0,1.022219896,0
6.603999138,-39.99027634,1,-14.39953136,1,13.95384407,1,1.606652975,1,-5.109818459,1,2.885565281,1,-0.19297725,0,-1.418861508,0,1.104369044,0
6.607998848,-76.02539063,1,-20.61858559,1,-9.641327858,1,0.453488499,1,-2.515741587,1,2.679471493,1,-0.287093341,0,-1.43115449,0,1.203845501,0
6.612000942,-45.05291748,1,-27.62004471,1,-12.13153934,1,-1.249712586,1,-0.909963369,1,2.934005976,1,-0.378464341,0,-1.433357,0,1.294497013,0
6.615998268,-18.47238731,1,-13.62888908,1,-12.4380331,1,-2.559251785,1,-1.478852034,1,3.107457161,1,-0.479377121,0,-1.432435989,0,1.388554096,0
6.619997978,-10.37618923,1,-7.323667049,1,-13.34875965,1,-3.104407072,1,-2.779954672,1,3.54554677,1,-0.603277802,0,-1.432835937,0,1.502009869,0
6.624000549,-12.12283039,1,-4.241340637,1,-13.27190971,1,-3.091260195,1,-4.225387573,1,4.223407269,1,-0.767513871,0,-1.433878779,0,1.655180454,0
6.627998829,-14.47496319,1,2.12395668,1,-14.2361002,1,-2.631072998,1,-5.354637623,1,4.422471523,1,-0.967048347,0,-1.433048487,0,1.844943404,0
6.631998539,-20.14585876,1,7.252830029,1,-14.19297886,1,-1.851939797,1,-6.161355019,1,4.361290932,1,-1.180223703,0,-1.428579569,0,2.051096916,0
6.63599968,-29.62531662,1,5.758149147,1,-13.09759808,1,-0.846464932,1,-6.508039951,1,4.365632057,1,-1.384405136,0,-1.419082999,0,2.251991272,0
6.640003204,-38.05224609,1,3.238564491,1,-13.71567917,1,0.18591468,1,-6.335596085,1,4.411457062,1,-1.556697488,0,-1.404116035,0,2.425173998,0
6.644003391,-41.63988113,1,-1.203843474,1,-15.43009377,1,0.952402353,1,-5.839877129,1,4.371922016,1,-1.686316729,0,-1.385255456,0,2.559215784,0
6.648005009,-41.28911972,1,-8.972007751,1,-17.22164345,1,1.358085394,1,-5.239052773,1,4.370136261,1,-1.777790546,0,-1.364453316,0,2.657257557,0
6.652003288,-37.87654114,1,-13.76129246,1,-19.54685402,1,1.465777516,1,-4.750526905,1,4.431503296,1,-1.840916753,0,-1.342630148,0,2.727764845,0
6.656002998,-34.92940521,1,-17.99685669,1,-21.22160339,1,1.326366186,1,-4.39012146,1,4.554769993,1,-1.885694861,0,-1.32016623,0,2.779643059,0
6.660005093,-31.55572128,1,-20.11213684,1,-22.65880775,1,1.03947866,1,-4.183195114,1,4.669349194,1,-1.918840885,0,-1.297153354,0,2.818887949,0
6.664002419,-29.26180077,1,-20.33333397,1,-23.47173882,1,0.705018997,1,-4.100338936,1,4.718693256,1,-1.945438147,0,-1.273718476,0,2.850242615,0
6.668002129,-28.03966522,1,-19.58470726,1,-23.78011131,1,0.38767001,1,-4.082038879,1,4.693195343,1,-1.968507409,0,-1.25009644,0,2.876728535,0
6.672004223,-27.63682365,1,-18.59481812,1,-23.79309082,1,0.127573878,1,-4.101982117,1,4.590437412,1,-1.989629984,0,-1.226541042,0,2.900157452,0
6.676002502,-27.73180389,1,-18.5098381,1,-23.62498283,1,-0.094341524,1,-4.120757103,1,4.434751034,1,-2.009628773,0,-1.203271151,0,2.921559095,0
6.680002213,-27.67705536,1,-18.39119148,1,-24.08527946,1,-0.316520303,1,-4.153356075,1,4.260766506,1,-2.040664196,0,-1.187051535,0,2.925525188,0
6.68400383,-27.80347824,1,-17.6602459,1,-24.51667786,1,-0.483283967,1,-4.196323872,1,4.029448032,1,-2.059480429,0,-1.164636731,0,2.944165945,0
6.68800211,-27.93203926,1,-18.03520584,1,-25.01018333,1,-0.643885493,1,-4.239499092,1,3.813451767,1,-2.078277111,0,-1.142782211,0,2.962249041,0
6.692001343,-27.88059425,1,-18.01991463,1,-25.43378448,1,-0.80004555,1,-4.255554676,1,3.60454464,1,-2.097043276,0,-1.121492028,0,2.979784966,0
6.696003437,-27.23463631,1,-17.97464943,1,-25.76399422,1,-0.906383634,1,-4.272196293,1,3.399791718,1,-2.115665197,0,-1.100751638,0,2.996730328,0
6.70000124,-26.39311409,1,-17.60630035,1,-26.12014008,1,-0.977003992,1,-4.31669426,1,3.219801188,1,-2.134104013,0,-1.080457449,0,3.013260841,0
6.70400095,-25.48873901,1,-16.84741402,1,-26.67982483,1,-1.037237048,1,-4.373364449,1,3.054167747,1,-2.15242815,0,-1.060494304,0,3.029561996,0
6.708003044,-23.13448524,1,-16.87361908,1,-27.01864815,1,-1.120211601,1,-4.494450569,1,2.90735817,1,-2.170878887,0,-1.040727019,0,3.045786619,0
6.71200037,-23.3599472,1,-15.88033104,1,-27.89678955,1,-1.173274875,1,-4.63979435,1,2.783146381,1,-2.189601898,0,-1.020932436,0,3.062295437,0
6.71600008,-22.23591614,1,-15.75287533,1,-28.21115303,1,-1.210591555,1,-4.777629852,1,2.676205397,1,-2.208448172,0,-1.001065016,0,3.078917027,0
6.720002174,-21.04517365,1,-16.15254784,1,-28.54336548,1,-1.261716127,1,-4.939308167,1,2.663633108,1,-2.227181911,0,-0.980840266,0,3.095413208,0
6.723999977,-20.30941582,1,-16.04989433,1,-28.78449059,1,-1.347106934,1,-5.173521996,1,2.608789682,1,-2.246133327,0,-0.960068762,0,3.112069607,0
6.727999687,-20.89068604,1,-16.22536278,1,-29.08016586,1,-1.448276162,1,-5.32088089,1,2.601834536,1,-2.265227318,0,-0.938703001,0,3.128689766,0
6.732001305,-20.77183342,1,-16.06256866,1,-29.44342422,1,-1.547283053,1,-5.420153618,1,2.581096888,1,-2.284133434,0,-0.916899681,0,-3.138367414,0
6.735999107,-20.88568115,1,-15.77889061,1,-29.73119545,1,-1.644530654,1,-5.466179371,1,2.571154594,1,-2.302687168,0,-0.894753575,0,-3.122918367,0
6.739998817,-21.26573944,1,-15.07182312,1,-30.00502396,1,-1.730228901,1,-5.449998856,1,2.550424337,1,-2.320664167,0,-0.872432411,0,-3.108404636,0
6.744000435,-21.71832085,1,-14.43888187,1,-30.54097748,1,-1.780846119,1,-5.367498875,1,2.504804373,1,-2.337900639,0,-0.850189865,0,-3.094956875,0
6.747998714,-21.99246216,1,-13.65970325,1,-31.31639862,1,-1.792922974,1,-5.226043701,1,2.442348719,1,-2.354206562,0,-0.828275919,0,-3.082665682,0
6.751997948,-21.27735138,1,-12.91006374,1,-32.54004288,1,-1.772066116,1,-5.052567959,1,2.357664347,1,-2.369478703,0,-0.806895912,0,-3.071510553,0
6.755999565,-20.63118744,1,-11.33166885,1,-33.90757751,1,-1.711013317,1,-4.858759403,1,2.248372078,1,-2.383695364,0,-0.786204457,0,-3.061382532,0
6.760003567,-19.7706089,1,-10.27992821,1,-35.28996658,1,-1.598244548,1,-4.600252151,1,2.126430273,1,-2.396734953,0,-0.766397595,0,-3.052226305,0
6.764003277,-18.4462719,1,-9.503910065,1,-36.63158798,1,-1.473829269,1,-4.284858704,1,1.983411908,1,-2.408463478,0,-0.747718096,0,-3.044109106,0
6.768004894,-16.88346291,1,-9.230615616,1,-37.4185791,1,-1.353963971,1,-3.900375605,1,1.823778033,1,-2.418872595,0,-0.730397224,0,-3.037038326,0
6.772002697,-15.06784534,1,-10.04827309,1,-37.27056503,1,-1.250914097,1,-3.409361601,1,1.672629952,1,-2.427930832,0,-0.714769721,0,-3.031210899,0
6.776002407,-12.79512024,1,-11.48819923,1,-36.1633606,1,-1.24621582,1,-2.812704086,1,1.535580754,1,-2.43569684,0,-0.701137841,0,-3.026913404,0
6.780004501,-10.69942665,1,-13.16001129,1,-34.66450119,1,-1.369817019,1,-2.131400585,1,1.424662828,1,-2.442470312,0,-0.689748645,0,-3.024450302,0
6.784003258,-8.911330223,1,-14.43715,1,-31.93144798,1,-1.591173053,1,-1.310597539,1,1.330651879,1,-2.448536873,0,-0.68090564,0,-3.024175167,0
6.788002491,-5.905173779,1,-15.13309479,1,-29.23835754,1,-1.896087289,1,-0.379991025,1,1.239476562,1,-2.454071999,0,-0.674991071,0,-3.026471615,0
6.792004108,-0.882269621,1,-15.19634438,1,-27.21254158,1,-2.230918407,1,0.642288983,1,1.162932754,1,-2.459086657,0,-0.672347367,0,-3.03164506,0
6.796002388,5.42868185,1,-14.17316723,1,-24.69903946,1,-2.542914629,1,1.65886271,1,1.109208584,1,-2.463539839,0,-0.673081517,0,-3.039856672,0
6.800001621,11.79524708,1,-12.30923843,1,-22.02927971,1,-2.791639328,1,2.611020803,1,1.085494637,1,-2.467211008,0,-0.67701757,0,-3.051087856,0
6.804003716,17.35199165,1,-9.953485489,1,-19.58759689,1,-2.881094933,1,3.51225543,1,1.096463919,1,-2.469651461,0,-0.683892727,0,-3.065309048,0
6.808001518,24.38119316,1,-6.437294483,1,-17.09517288,1,-2.736101389,1,4.288049698,1,1.107934833,1,-2.470102787,0,-0.693404138,0,-3.082399845,0
6.812001705,30.18569374,1,-3.597257376,1,-15.53006935,1,-2.353809595,1,4.907657623,1,1.115239263,1,-2.467737675,0,-0.705022573,0,-3.101912737,0
6.816003799,30.29584122,1,-1.166077495,1,-11.51566124,1,-1.861644506,1,5.65871954,1,1.122226834,1,-2.461794853,0,-0.71865505,0,-3.123974323,0
6.820001602,32.38446426,1,1.949188948,1,-8.154486656,1,-1.276682019,1,6.500854015,1,0.996738553,1,-2.45146966,0,-0.734787941,0,3.134201765,0
6.824001312,34.40024567,1,2.89788723,1,-5.89414072,1,-0.599689245,1,7.299774647,1,0.763969719,1,-2.436441898,0,-0.753671467,0,3.106402874,0
6.828003407,31.86587143,1,4.725603104,1,-4.638664246,1,0.24157083,1,8.056292534,1,0.378114492,1,-2.416208506,0,-0.775336802,0,3.076094389,0
6.832001209,24.73286819,1,6.075623989,1,-4.439557076,1,1.087080121,1,8.725934029,1,-0.138385102,1,-2.390350819,0,-0.799964905,0,3.043381691,0
6.836000919,19.43409348,1,4.759886742,1,-4.139668465,1,1.791765571,1,8.743929863,1,-0.708545327,1,-2.36022377,0,-0.826324344,0,3.009910583,0
6.840002537,16.69999695,1,2.133871794,1,-2.800267935,1,2.268417597,1,8.757193565,1,-1.245054483,1,-2.327158451,0,-0.853573561,0,2.976466656,0
6.844000816,16.23055649,1,0.494620502,1,-2.502832174,1,2.558253288,1,8.766997337,1,-1.768240094,1,-2.29164958,0,-0.881618261,0,2.942651033,0
6.848000526,15.13314342,1,0.622468591,1,-3.387989283,1,2.756526232,1,8.772564888,1,-2.286174536,1,-2.254118919,0,-0.910487294,0,2.908185482,0
6.852002144,11.05468559,1,0.929688156,1,-4.839369774,1,2.889675617,1,8.778941154,1,-2.765591145,1,-2.214340687,0,-0.940082073,0,2.872568846,0
6.856000423,5.341048717,1,-0.932934701,1,-6.919309616,1,2.919366121,1,8.782553673,1,-3.114052057,1,-2.172059059,0,-0.9701491,0,2.835068941,0
6.860000134,2.74093008,1,-2.427572727,1,-8.183018684,1,2.856496811,1,8.781190872,1,-3.35205555,1,-2.126860619,0,-1.000212908,0,2.79468298,0
6.864002228,-0.451034367,1,-2.895275354,1,-10.41688728,1,2.812798023,1,8.781641006,1,-3.482608557,1,-2.077939034,0,-1.029822946,0,2.750438929,0
6.867999554,-4.383620262,1,-2.448847532,1,-12.71816254,1,2.862534046,1,8.783569336,1,-3.542584419,1,-2.024197578,0,-1.05854249,0,2.701386929,0
6.871999264,-7.358147144,1,-2.9329741,1,-13.57652569,1,2.963303328,1,8.784072876,1,-3.515826464,1,-1.964387178,0,-1.085885763,0,2.646555901,0
6.876001358,-10.60368252,1,-4.86295557,1,-14.42381954,1,3.064068556,1,8.785656929,1,-3.432671785,1,-1.897508502,0,-1.111287355,0,2.585018396,0
6.880004883,-13.44713306,1,-7.277820587,1,-15.39304733,1,3.078275204,1,8.786330223,1,-3.321250439,1,-1.823108077,0,-1.134272456,0,2.516153336,0
6.88400507,-15.60085583,1,-9.831093788,1,-16.16942787,1,2.957465649,1,8.782858849,1,-3.2162714,1,-1.741408229,0,-1.154445052,0,2.439718008,0
6.888006687,-17.17504692,1,-12.00690842,1,-16.88645744,1,2.722444534,1,8.778236389,1,-3.111099958,1,-1.653060436,0,-1.171435356,0,2.355880976,0
6.89200449,-17.8786602,1,-12.92611408,1,-17.21437263,1,2.423724413,1,8.771344185,1,-3.022861004,1,-1.559069991,0,-1.184934735,0,2.265306234,0
6.8960042,-18.07850838,1,-12.54707527,1,-17.53598404,1,2.099986315,1,8.764591217,1,-2.967610836,1,-1.460757256,0,-1.194755673,0,2.169164181,0
6.900005817,-17.07569122,1,-10.99808407,1,-17.31443596,1,1.804338932,1,8.756743431,1,-2.931221485,1,-1.359708309,0,-1.200806379,0,2.069036722,0
6.90400362,-18.12051201,1,-9.272844315,1,-16.894804,1,1.665069103,1,8.754648209,1,-2.902102709,1,-1.257460475,0,-1.202997446,0,1.966804624,0
6.90800333,-17.52271461,1,-6.703658581,1,-15.87942123,1,1.706581831,1,8.755923271,1,-2.860829592,1,-1.15537405,0,-1.20130074,0,1.86455822,0
6.912004948,-18.02536392,1,-5.014618397,1,-14.89704895,1,1.997888446,1,8.760485649,1,-2.750823498,1,-1.054918528,0,-1.195612311,0,1.76461184,0
6.916003227,-18.26069832,1,-3.261946917,1,-13.26866055,1,2.490471601,1,8.769783974,1,-2.545200348,1,-0.957609296,0,-1.185810924,0,1.669444561,0
6.920002937,-18.0383606,1,-2.076235056,1,-10.99399757,1,3.190077305,1,8.782500267,1,-2.291329622,1,-0.864768922,0,-1.171950579,0,1.581250906,0
6.924005032,-17.37537003,1,-2.104037523,1,-8.573496819,1,3.996213675,1,8.798285484,1,-1.99260509,1,-0.777272761,0,-1.154256344,0,1.501605511,0
6.928002834,-15.65940189,1,-4.099187851,1,-6.378818035,1,4.764880657,1,8.812039375,1,-1.690541625,1,-0.695739865,0,-1.133103967,0,1.431326509,0
6.932003021,-13.63628483,1,-6.410469532,1,-4.65704298,1,5.30235815,1,8.819982529,1,-1.427059174,1,-0.615344465,0,-1.102175951,0,1.341649294,0
6.936004639,-12.44759941,1,-8.97482872,1,-3.324007273,1,5.557744026,1,8.82520771,1,-1.25872016,1,-0.547923803,0,-1.075620651,0,1.290160418,0
6.940002441,-11.50714207,1,-10.7412138,1,-2.552877426,1,5.525650501,1,8.824497223,1,-1.157477021,1,-0.486945808,0,-1.04731679,0,1.245782375,0
6.944002151,-10.83716965,1,-10.82817459,1,-2.362605333,1,5.307650089,1,8.820212364,1,-1.13602519,1,-0.432155699,0,-1.017713189,0,1.207251906,0
6.948003769,-10.29625797,1,-9.152639389,1,-2.005864859,1,5.080375195,1,8.815916061,1,-1.180742025,1,-0.382855058,0,-0.987161636,0,1.173392057,0
6.952002048,-10.32307911,1,-6.150815487,1,-1.859703779,1,5.04441309,1,8.815325737,1,-1.283019423,1,-0.337763697,0,-0.955892622,0,1.143218398,0
6.956001282,-11.21284866,1,-2.756590366,1,-1.965093851,1,5.245819569,1,8.820518494,1,-1.481348276,1,-0.29504776,0,-0.924084961,0,1.115751624,0
6.960002899,-12.14602852,1,-0.411237121,1,-2.503401995,1,5.586581707,1,8.829800606,1,-1.802707434,1,-0.253092676,0,-0.891871333,0,1.089993715,0
6.964001179,-13.07063198,1,0.652276456,1,-3.031978846,1,5.92945385,1,8.839540482,1,-2.25483036,1,-0.21087876,0,-0.859336078,0,1.065026641,0
6.968000412,-13.70592022,1,1.372511148,1,-3.443938017,1,6.21530056,1,8.849336624,1,-2.819956541,1,-0.167926833,0,-0.826495171,0,1.04005897,0
6.972002506,-13.67465401,1,4.659274101,1,-6.414135933,1,6.421205044,1,8.856128693,1,-3.521897793,1,-0.124040537,0,-0.793298841,0,1.014421821,0
6.976000309,-14.29718208,1,2.372856617,1,-6.835824966,1,6.46216774,1,8.862689972,1,-4.257377625,1,-0.079475597,0,-0.759621203,0,0.987643063,0
6.979999542,-14.68105984,1,1.793668628,1,-8.753188133,1,6.440647125,1,8.837461472,1,-4.906643867,1,-0.035000741,0,-0.725293636,0,0.960059047,0
6.984002113,-15.83810234,1,2.362869024,1,-9.917503357,1,6.419594765,1,8.597240448,1,-5.539656162,1,0.0089908,0,-0.690688133,0,0.931943476,0
6.988000393,-17.42768669,1,3.165331602,1,-10.97615337,1,6.369046211,1,8.372900009,1,-6.130312443,1,0.052386731,0,-0.656049669,0,0.90341413,0
6.991999626,-18.62427902,1,2.880090714,1,-12.50520611,1,6.244056225,1,8.161522865,1,-6.691833019,1,0.094815046,0,-0.621181369,0,0.874582052,0
6.996001244,-20.10734367,1,2.354272366,1,-13.93426609,1,6.017036438,1,7.97973156,1,-7.196938038,1,0.135833427,0,-0.585906208,0,0.84556365,0
7.000004768,-21.19424438,1,1.773563981,1,-16.04316902,1,5.689562798,1,7.778412819,1,-7.6177845,1,0.174864724,0,-0.550171018,0,0.816609204,0
7.004004955,-22.72471237,1,1.194291234,1,-18.45923615,1,5.270943165,1,7.607635021,1,-7.939375877,1,0.21131283,0,-0.513989747,0,0.787995338,0
7.00800705,-25.60343361,1,1.048381329,1,-20.89743996,1,4.835479736,1,7.468533039,1,-8.139208794,1,0.244793028,0,-0.477355063,0,0.760097623,0
7.012004852,-30.35877037,1,1.495333076,1,-22.7743454,1,4.452680588,1,7.420384884,1,-8.200482368,1,0.275181532,0,-0.440202594,0,0.733374715,0
7.016004562,-35.98875046,1,2.261479139,1,-24.12913704,1,4.140551567,1,7.455142975,1,-8.135910988,1,0.302604675,0,-0.402397513,0,0.708319187,0
7.02000618,-41.4275589,1,2.527259827,1,-24.76388168,1,3.878985643,1,7.571247101,1,-7.959013462,1,0.327231765,0,-0.363852262,0,0.685333669,0
7.024003983,-46.49620819,1,2.434146404,1,-24.33394241,1,3.63867116,1,7.732594013,1,-7.657038212,1,0.34919697,0,-0.324589729,0,0.664798915,0
7.028003693,-49.86072159,1,2.751831293,1,-23.49372864,1,3.412097931,1,7.830003262,1,-7.233412266,1,0.368709326,0,-0.284960687,0,0.646988451,0
7.032005787,-52.90196609,1,4.060216904,1,-21.3919754,1,3.168340206,1,7.798212528,1,-6.776689053,1,0.385839939,0,-0.245547116,0,0.631914973,0
7.036004066,-54.58178711,1,4.744253159,1,-18.9615345,1,2.881810904,1,7.653336048,1,-6.18303299,1,0.400725812,0,-0.20702377,0,0.619499207,0
7.040003777,-56.56776428,1,4.211028576,1,-16.35540199,1,2.597560167,1,7.35042572,1,-5.495134354,1,0.413516283,0,-0.170168385,0,0.609752417,0
7.044005394,-59.88851166,1,5.461321831,1,-15.05523109,1,2.327581882,1,6.795344353,1,-4.76985836,1,0.424461931,0,-0.135922849,0,0.602452755,0
7.048003674,-63.33834457,1,6.582397461,1,-13.37431049,1,2.162271976,1,6.137282848,1,-4.014727116,1,0.434060484,0,-0.105025098,0,0.597202718,0
7.052003384,-71.68795776,1,8.010299683,1,-12.84566498,1,2.032939672,1,5.425214767,1,-3.331567526,1,0.442684919,0,-0.078150801,0,0.593633652,0
7.056005001,-74.11244965,1,13.65120411,1,-9.478610992,1,2.157956123,1,4.670814037,1,-2.746717215,1,0.451104641,0,-0.054534584,0,0.591528952,0
7.060002804,-75.9360733,1,14.3765955,1,-4.156571388,1,2.448050737,1,3.99350214,1,-2.158637524,1,0.460382164,0,-0.034663655,0,0.590312779,0
7.064002514,-71.84211731,1,4.597017288,1,-2.140847683,1,2.057316065,1,2.999709845,1,-1.507951975,1,0.469650239,0,-0.0187466,0,0.590010166,0
7.068004131,-77.51371002,1,10.13397598,1,-1.854566932,1,1.962245226,1,2.327252626,1,-1.075795293,1,0.478690416,0,-0.006644187,0,0.59047389,0
7.072002888,-73.27579498,1,3.681681156,1,11.53381348,1,1.455339789,1,1.508934021,1,-0.526844382,1,0.485300064,0,0.001626015,0,0.591106951,0
7.076002121,-68.96387482,1,7.923277855,1,13.95022297,1,0.716452062,1,0.484764397,1,-0.096215755,1,0.489610612,0,0.005718739,0,0.591975808,0
7.080004215,-65.97052765,1,9.205429077,1,15.36100674,1,0.137794495,1,-0.522246242,1,0.241466373,1,0.491273761,0,0.005536034,0,0.592199743,0
7.084002495,-62.13010788,1,13.05505466,1,16.07292175,1,-0.051727787,1,-1.3900249,1,0.545793772,1,0.491361022,0,0.001370848,0,0.591778815,0
7.088001728,-59.11827469,1,16.24600029,1,14.46019554,1,-0.00366675,1,-2.122716188,1,0.768949866,1,0.491149575,0,-0.006111228,0,0.590800345,0
7.092003822,-59.29217148,1,16.68359184,1,12.68228722,1,0.193693057,1,-2.731877089,1,0.908160388,1,0.491565764,0,-0.016279828,0,0.589153826,0
7.096001625,-59.13429642,1,12.33314037,1,10.47748184,1,0.263551712,1,-3.224193096,1,1.04349792,1,0.492613643,0,-0.028627608,0,0.586982369,0
7.100001335,-55.54639816,1,6.580159187,1,8.829904556,1,-0.003078485,1,-3.713304043,1,1.131534696,1,0.49325633,0,-0.042919099,0,0.584266007,0
7.104002953,-50.06282806,1,4.369255066,1,7.204533577,1,-0.52655834,1,-4.246854305,1,1.163113713,1,0.492461771,0,-0.0591175,0,0.580796778,0
7.108000755,-45.48644638,1,5.402587891,1,6.693562508,1,-1.091851234,1,-4.76436615,1,1.142772317,1,0.48950991,0,-0.077191249,0,0.576353252,0
7.112000465,-41.22718811,1,6.752118111,1,7.142776489,1,-1.507134914,1,-5.225998878,1,1.164324045,1,0.484704852,0,-0.097017936,0,0.571038842,0
7.116002083,-35.72990799,1,7.832574368,1,7.539178371,1,-1.691229939,1,-5.631324291,1,1.203045249,1,0.478910416,0,-0.118474953,0,0.565140426,0
7.120006084,6.861876011,1,-4.041014671,1,-37.34182358,1,-2.12801075,1,-6.770368099,1,2.00296402,1,0.472235382,0,-0.142665356,0,0.559187472,0
7.124005795,-20.17114258,1,16.93598175,1,12.69089413,1,-1.002723932,1,-7.564821243,1,2.323306561,1,0.466664612,0,-0.172885373,0,0.553811908,0
7.128007889,-1.694708467,1,-45.51912689,1,1.094983339,1,-2.278436184,1,-6.736495972,1,2.93684268,1,0.46136269,0,-0.203472555,0,0.549590886,0
7.132005215,52.87147141,1,-60.70991898,1,-36.93574142,1,-4.285877228,1,-7.905835629,1,4.007301331,1,0.448705912,0,-0.234687939,0,0.550026655,0
7.136004925,28.26962852,1,-78.80688477,1,-61.11553955,1,-6.425022602,1,-8.883545876,1,5.807633877,1,0.42562145,0,-0.274098843,0,0.552925885,0
7.140007019,-33.09117126,1,-108.3451004,1,-98.31095123,1,-8.507399559,1,-8.929439545,1,6.465669632,1,0.393702567,0,-0.316720158,0,0.562035561,0
7.144005299,-144.4435425,1,-72.89458466,1,-74.70053864,1,-8.627874374,1,-8.944272041,1,8.456817627,1,0.354173303,0,-0.360811532,0,0.577465177,0
7.148004532,-173.7238159,1,18.03146172,1,-10.5017395,1,-8.628176689,1,-8.945673943,1,8.617454529,1,0.311289012,0,-0.405831903,0,0.59982419,0
7.152006149,-47.70740128,1,69.8766098,1,-44.130867,1,-6.383293152,1,-8.880013466,1,5.405400276,1,0.272016436,0,-0.448489249,0,0.619572461,0
7.156004429,-42.94090652,1,92.80239868,1,-41.15921783,1,-4.494927883,1,-8.827684402,1,3.141532183,1,0.247031927,0,-0.48692748,0,0.627169549,0
7.160004139,3.222908974,1,84.07887268,1,-7.612321377,1,-1.743314981,1,-8.395974159,1,3.674973249,1,0.231961578,0,-0.523519874,0,0.632392585,0
7.164005756,-17.60044098,1,52.30657196,1,-3.150082111,1,0.067990005,1,-5.624336243,1,4.395802021,1,0.223519906,0,-0.555392683,0,0.643573105,0
7.168004036,-99.41122437,1,-4.852747917,1,-5.485217571,1,0.251555622,1,-2.662955046,1,3.41691494,1,0.216324314,0,-0.57411164,0,0.658335328,0
7.172003269,-25.64330864,1,-47.39025879,1,21.14640045,1,0.104818694,1,-3.313779354,1,0.605440617,1,0.214203387,0,-0.58734715,0,0.66470021,0
7.17600584,-29.91345596,1,18.06207085,1,-0.493698388,1,-0.420928895,1,-2.663858414,1,0.452393264,1,0.213622659,0,-0.599867046,0,0.663114667,0
7.180003166,-11.97986126,1,57.90648651,1,-11.50803566,1,0.556728721,1,-1.495461345,1,1.390714884,1,0.214879394,0,-0.605031133,0,0.641728461,0
7.184002876,-19.47932434,1,-5.836073399,1,-7.491455555,1,0.679607689,1,-1.052020192,1,1.012795687,1,0.214671433,0,-0.611141086,0,0.646643341,0
7.188004971,-8.656536102,1,-38.25959396,1,-8.786087036,1,0.343221784,1,-1.164047003,1,0.478485763,1,0.215774179,0,-0.615766287,0,0.64855963,0
7.192002773,-1.811689138,1,-23.40676689,1,-14.44866276,1,-0.482571572,1,-1.091332316,1,1.351789355,1,0.213680238,0,-0.621070087,0,0.651678503,0
7.196002483,-0.227272376,1,-4.11358881,1,-16.109272,1,-0.7298702,1,-1.193611026,1,1.616253972,1,0.207371891,0,-0.626727879,0,0.658015788,0
7.200004101,-9.465153694,1,5.613926411,1,-14.69010448,1,-0.549207926,1,-1.452706695,1,1.509901643,1,0.201140374,0,-0.633184254,0,0.664156973,0
7.20400238,-8.85065937,1,-6.848074436,1,-10.83315754,1,-0.362020046,1,-1.562375665,1,1.471219778,1,0.195920855,0,-0.640292704,0,0.669978976,0
7.20800209,-7.892142773,1,-11.95820141,1,-8.508975983,1,-0.390352547,1,-1.603792667,1,1.442040086,1,0.191133156,0,-0.647625029,0,0.675507247,0
7.212003708,-6.975731373,1,-2.495854616,1,-9.970795631,1,-0.457505941,1,-1.620289207,1,1.617164612,1,0.185694143,0,-0.655131459,0,0.681568682,0
7.216001987,-4.530742645,1,1.671745658,1,-11.66322422,1,-0.138843074,1,-1.660711527,1,1.472822547,1,0.180624992,0,-0.662671447,0,0.68783474,0
7.220001698,-6.703084946,1,2.222329855,1,-13.21028328,1,0.048224661,1,-1.88056922,1,1.321785808,1,0.177212968,0,-0.670590699,0,0.693172514,0
7.224003792,-8.975141525,1,0.629659355,1,-13.183918,1,0.144928947,1,-2.067865849,1,1.209263921,1,0.174676239,0,-0.679273367,0,0.697812617,0
